# This file is brought to you by Roblox Corporation
# Generated by Roblox Studio

mtllib 2.mtl

g Handle1

v 552.226 199.25 -531.739 
v 552.222 199.222 -531.742 
v 552.237 199.24 -531.84 
v 552.241 199.267 -531.839 
v 552.178 199.174 -531.634 
v 552.175 199.145 -531.637 
v 552.058 199.014 -531.468 
v 552.056 198.98 -531.472 
v 552.14 199.087 -531.558 
v 552.142 199.117 -531.556 
v 551.903 198.931 -531.357 
v 551.903 198.898 -531.362 
v 551.995 198.964 -531.409 
v 551.996 198.999 -531.404 
v 551.705 198.921 -531.292 
v 551.705 198.89 -531.298 
v 551.811 198.904 -531.315 
v 551.811 198.935 -531.31 
v 551.644 199.386 -532.542 
v 551.677 199.4 -532.543 
v 551.674 199.383 -532.533 
v 551.644 199.368 -532.533 
v 551.975 199.47 -532.429 
v 551.977 199.457 -532.422 
v 551.898 199.434 -532.466 
v 551.898 199.448 -532.472 
v 552.051 199.437 -532.351 
v 552.051 199.426 -532.351 
v 552.009 199.444 -532.391 
v 552.008 199.456 -532.396 
v 552.168 199.277 -532.213 
v 552.166 199.256 -532.212 
v 552.132 199.33 -532.283 
v 552.132 199.345 -532.285 
v 552.199 199.195 -532.158 
v 552.214 199.2 -532.128 
v 552.214 199.166 -532.128 
v 552.195 199.159 -532.154 
v 552.226 199.213 -532.035 
v 552.252 199.257 -531.944 
v 552.249 199.231 -531.948 
v 552.222 199.185 -532.035 
v 552.095 199.387 -532.315 
v 552.095 199.374 -532.314 
v 552.228 199.208 -532.06 
v 552.229 199.175 -532.063 
v 552.191 199.224 -531.751 
v 552.205 199.242 -531.845 
v 552.146 199.146 -531.651 
v 552.034 198.98 -531.495 
v 552.113 199.088 -531.576 
v 551.888 198.898 -531.391 
v 551.975 198.953 -531.435 
v 551.7 198.89 -531.33 
v 551.801 198.904 -531.347 
v 551.662 199.398 -532.503 
v 551.638 199.383 -532.504 
v 551.949 199.5 -532.366 
v 551.876 199.46 -532.42 
v 552.036 199.437 -532.32 
v 551.986 199.473 -532.347 
v 552.143 199.258 -532.195 
v 552.114 199.332 -532.266 
v 552.174 199.161 -532.148 
v 552.217 199.234 -531.949 
v 552.19 199.184 -532.033 
v 552.078 199.38 -532.291 
v 552.203 199.411 -531.74 
v 552.21 199.433 -531.84 
v 552.205 199.242 -531.845 
v 552.191 199.224 -531.751 
v 552.158 199.411 -531.638 
v 552.146 199.146 -531.651 
v 552.04 199.371 -531.465 
v 552.125 199.411 -531.563 
v 552.113 199.088 -531.576 
v 552.034 198.98 -531.495 
v 551.886 199.343 -531.357 
v 551.978 199.343 -531.4 
v 551.975 198.953 -531.435 
v 551.888 198.898 -531.391 
v 551.697 199.326 -531.29 
v 551.793 199.343 -531.31 
v 551.801 198.904 -531.347 
v 551.7 198.89 -531.33 
v 551.662 199.398 -532.503 
v 551.662 199.556 -532.499 
v 551.638 199.555 -532.5 
v 551.638 199.383 -532.504 
v 551.949 199.5 -532.366 
v 551.944 199.528 -532.362 
v 551.874 199.513 -532.409 
v 551.876 199.46 -532.42 
v 552.036 199.495 -532.32 
v 551.983 199.514 -532.344 
v 551.986 199.473 -532.347 
v 552.036 199.437 -532.32 
v 552.143 199.413 -532.195 
v 552.104 199.432 -532.275 
v 552.114 199.332 -532.266 
v 552.143 199.258 -532.195 
v 552.181 199.161 -532.121 
v 552.19 199.412 -532.117 
v 552.187 199.412 -532.134 
v 552.174 199.161 -532.148 
v 552.217 199.234 -531.949 
v 552.217 199.413 -531.926 
v 552.203 199.413 -532.029 
v 552.19 199.184 -532.033 
v 552.073 199.461 -532.296 
v 552.078 199.38 -532.291 
v 552.194 199.412 -532.091 
v 552.186 199.177 -532.09 
v 551.758 199.417 -532.52 
v 551.841 199.432 -532.505 
v 551.838 199.418 -532.499 
v 551.756 199.4 -532.516 
v 551.823 199.431 -532.458 
v 551.742 199.414 -532.481 
v 551.823 199.502 -532.444 
v 551.742 199.529 -532.472 
v 551.742 199.414 -532.481 
v 551.823 199.431 -532.458 
v 552.196 199.418 -531.618 
v 552.194 199.315 -531.621 
v 552.249 199.386 -531.725 
v 552.251 199.454 -531.725 
v 552.263 199.396 -531.833 
v 552.265 199.461 -531.833 
v 552.242 199.431 -532.029 
v 552.266 199.452 -531.925 
v 552.27 199.381 -531.925 
v 552.245 199.364 -532.032 
v 552.235 199.427 -532.067 
v 552.24 199.366 -532.07 
v 552.235 199.431 -532.148 
v 552.23 199.367 -532.128 
v 552.217 199.368 -532.148 
v 552.223 199.431 -532.183 
v 552.17 199.384 -532.216 
v 552.17 199.452 -532.219 
v 552.127 199.419 -532.293 
v 552.129 199.484 -532.304 
v 552.102 199.509 -532.335 
v 552.094 199.453 -532.32 
v 552.052 199.493 -532.352 
v 552.064 199.538 -532.372 
v 552.003 199.513 -532.417 
v 552.009 199.553 -532.438 
v 551.902 199.558 -532.506 
v 551.968 199.563 -532.488 
v 551.966 199.529 -532.465 
v 551.897 199.515 -532.5 
v 551.788 199.556 -532.571 
v 551.86 199.556 -532.563 
v 551.854 199.501 -532.537 
v 551.771 199.498 -532.543 
v 551.661 199.542 -532.644 
v 551.728 199.542 -532.629 
v 551.695 199.48 -532.598 
v 551.648 199.477 -532.589 
v 551.705 199.23 -531.257 
v 551.704 199.084 -531.273 
v 551.81 199.088 -531.292 
v 551.812 199.234 -531.276 
v 551.908 199.257 -531.322 
v 551.905 199.106 -531.341 
v 552.001 199.133 -531.389 
v 552.004 199.298 -531.378 
v 552.068 199.337 -531.443 
v 552.065 199.182 -531.457 
v 552.153 199.263 -531.543 
v 552.155 199.391 -531.538 
v 552.255 199.485 -531.834 
v 552.24 199.486 -531.727 
v 552.187 199.464 -531.618 
v 552.147 199.448 -531.537 
v 552.063 199.415 -531.44 
v 552.001 199.386 -531.363 
v 551.908 199.361 -531.301 
v 551.816 199.344 -531.245 
v 551.707 199.339 -531.227 
v 551.657 199.677 -532.706 
v 551.715 199.675 -532.693 
v 551.915 199.613 -532.536 
v 551.962 199.619 -532.535 
v 552.016 199.592 -532.479 
v 552.089 199.555 -532.405 
v 552.145 199.509 -532.319 
v 552.178 199.479 -532.231 
v 552.221 199.458 -532.179 
v 552.23 199.459 -532.142 
v 552.23 199.462 -532.029 
v 552.267 199.479 -531.925 
v 552.122 199.53 -532.358 
v 552.232 199.457 -532.067 
v 551.785 199.643 -532.602 
v 551.891 199.631 -532.596 
v 552.234 199.521 -531.838 
v 552.216 199.529 -531.732 
v 552.231 199.508 -531.728 
v 552.248 199.502 -531.835 
v 552.169 199.525 -531.625 
v 552.18 199.497 -531.618 
v 552.142 199.489 -531.536 
v 552.134 199.523 -531.546 
v 552.052 199.515 -531.451 
v 552.059 199.469 -531.435 
v 551.999 199.45 -531.36 
v 551.992 199.504 -531.381 
v 551.902 199.492 -531.31 
v 551.909 199.434 -531.286 
v 551.819 199.42 -531.22 
v 551.813 199.479 -531.244 
v 551.706 199.477 -531.233 
v 551.708 199.414 -531.203 
v 551.669 199.765 -532.674 
v 551.733 199.752 -532.656 
v 551.707 199.769 -532.721 
v 551.654 199.773 -532.734 
v 551.925 199.651 -532.557 
v 551.911 199.66 -532.526 
v 551.948 199.667 -532.543 
v 551.957 199.658 -532.568 
v 552.021 199.619 -532.508 
v 552.009 199.634 -532.49 
v 552.092 199.589 -532.417 
v 552.106 199.568 -532.428 
v 552.156 199.526 -532.329 
v 552.148 199.55 -532.322 
v 552.177 199.522 -532.235 
v 552.184 199.498 -532.239 
v 552.22 199.478 -532.175 
v 552.213 199.499 -532.177 
v 552.218 199.5 -532.14 
v 552.226 199.479 -532.138 
v 552.221 199.484 -532.029 
v 552.211 199.508 -532.03 
v 552.259 199.517 -531.926 
v 552.267 199.498 -531.925 
v 552.127 199.569 -532.366 
v 552.136 199.545 -532.374 
v 552.223 199.501 -532.069 
v 552.23 199.478 -532.068 
v 551.823 199.712 -532.585 
v 551.888 199.698 -532.587 
v 551.913 199.682 -532.61 
v 551.783 199.702 -532.613 
v 552.144 199.617 -531.852 
v 552.126 199.623 -531.752 
v 552.181 199.567 -531.74 
v 552.197 199.56 -531.842 
v 552.081 199.632 -531.661 
v 552.131 199.578 -531.639 
v 552.048 199.638 -531.593 
v 551.978 199.644 -531.526 
v 552.017 199.598 -531.495 
v 552.095 199.587 -531.563 
v 551.927 199.645 -531.477 
v 551.851 199.638 -531.439 
v 551.876 199.601 -531.386 
v 551.961 199.603 -531.445 
v 551.775 199.638 -531.401 
v 551.689 199.638 -531.386 
v 551.696 199.605 -531.345 
v 551.792 199.603 -531.345 
v 551.684 199.827 -532.618 
v 551.676 199.87 -532.601 
v 551.726 199.869 -532.604 
v 551.732 199.835 -532.63 
v 551.907 199.703 -532.53 
v 551.884 199.744 -532.508 
v 551.938 199.73 -532.491 
v 551.951 199.718 -532.516 
v 552.006 199.686 -532.478 
v 551.982 199.702 -532.439 
v 552.04 199.664 -532.37 
v 552.08 199.631 -532.403 
v 552.139 199.595 -532.31 
v 552.104 199.65 -532.282 
v 552.135 199.624 -532.206 
v 552.171 199.566 -532.228 
v 552.168 199.603 -532.148 
v 552.171 199.602 -532.116 
v 552.211 199.539 -532.143 
v 552.208 199.538 -532.18 
v 552.165 199.603 -532.022 
v 552.171 199.619 -531.936 
v 552.224 199.556 -531.928 
v 552.198 199.544 -532.031 
v 552.078 199.663 -532.323 
v 552.117 199.613 -532.352 
v 552.175 199.6 -532.059 
v 552.215 199.54 -532.071 
v 551.821 199.781 -532.573 
v 551.794 199.814 -532.555 
v 551.858 199.8 -532.563 
v 551.887 199.754 -532.576 
v 551.96 199.699 -531.917 
v 551.919 199.696 -531.94 
v 551.906 199.685 -531.898 
v 551.948 199.692 -531.864 
v 551.868 199.672 -531.857 
v 551.901 199.681 -531.811 
v 551.867 199.673 -531.772 
v 551.84 199.663 -531.826 
v 551.804 199.665 -531.791 
v 551.823 199.678 -531.727 
v 551.792 199.673 -531.694 
v 551.777 199.665 -531.765 
v 551.738 199.661 -531.75 
v 551.744 199.663 -531.676 
v 551.697 199.659 -531.655 
v 551.699 199.665 -531.734 
v 551.648 199.673 -531.729 
v 551.644 199.662 -531.649 
v 551.653 199.848 -532.493 
v 551.661 199.829 -532.412 
v 551.703 199.845 -532.42 
v 551.7 199.868 -532.497 
v 551.791 199.774 -532.364 
v 551.831 199.767 -532.331 
v 551.852 199.765 -532.381 
v 551.807 199.777 -532.422 
v 551.85 199.751 -532.291 
v 551.875 199.729 -532.238 
v 551.904 199.704 -532.272 
v 551.874 199.739 -532.334 
v 551.94 199.705 -532.208 
v 551.909 199.722 -532.186 
v 551.937 199.707 -532.144 
v 551.968 199.696 -532.154 
v 551.946 199.702 -532.096 
v 551.948 199.703 -532.08 
v 551.987 199.693 -532.084 
v 551.985 199.692 -532.1 
v 551.95 199.705 -532.022 
v 551.93 199.703 -531.977 
v 551.97 199.701 -531.963 
v 551.986 199.699 -532.02 
v 551.893 199.728 -532.21 
v 551.924 199.707 -532.238 
v 551.949 199.703 -532.057 
v 551.989 199.695 -532.06 
v 551.736 199.817 -532.405 
v 551.775 199.805 -532.383 
v 551.784 199.817 -532.448 
v 551.741 199.823 -532.477 
v 552.182 199.085 -532.139 
v 552.179 199.109 -532.15 
v 552.199 199.108 -532.153 
v 552.209 199.084 -532.139 
v 552.191 199.155 -532.041 
v 552.187 199.125 -532.063 
v 552.216 199.123 -532.066 
v 552.223 199.155 -532.043 
v 551.681 199.654 -531.427 
v 551.758 199.655 -531.44 
v 551.826 199.656 -531.475 
v 551.894 199.665 -531.51 
v 552.002 199.679 -531.626 
v 551.94 199.672 -531.559 
v 552.071 199.668 -531.768 
v 552.032 199.674 -531.687 
v 552.084 199.657 -531.864 
v 552.097 199.655 -531.944 
v 552.115 199.643 -532.013 
v 552.117 199.64 -532.048 
v 552.109 199.642 -532.117 
v 552.112 199.641 -532.089 
v 552.082 199.66 -532.187 
v 552.051 199.683 -532.259 
v 552.026 199.697 -532.297 
v 551.997 199.693 -532.341 
v 551.956 199.734 -532.417 
v 551.862 199.785 -532.502 
v 551.926 199.765 -532.473 
v 551.768 199.848 -532.534 
v 551.829 199.848 -532.545 
v 551.667 199.91 -532.581 
v 551.721 199.91 -532.577 
v 551.991 199.479 -531.796 
v 551.995 199.479 -531.858 
v 551.963 199.475 -531.734 
v 551.89 199.471 -531.627 
v 551.943 199.471 -531.687 
v 551.795 199.454 -531.554 
v 551.852 199.47 -531.582 
v 551.672 199.456 -531.515 
v 551.738 199.439 -531.527 
v 551.657 199.479 -532.267 
v 551.636 199.479 -532.267 
v 551.842 199.483 -532.199 
v 551.793 199.48 -532.221 
v 551.891 199.478 -532.164 
v 551.863 199.481 -532.184 
v 551.954 199.471 -532.077 
v 551.93 199.472 -532.126 
v 551.982 199.471 -532.029 
v 551.981 199.471 -532.039 
v 551.999 199.471 -531.911 
v 551.991 199.471 -531.974 
v 551.912 199.475 -532.143 
v 551.985 199.471 -532.013 
v 551.757 199.478 -532.236 
v 551.707 199.479 -532.252 
v 551.619 199.471 -531.887 
v 551.619 199.469 -531.506 
v 551.619 199.479 -532.268 
v 551.782 199.471 -531.956 
v 551.984 199.471 -532.02 
v 552.212 199.127 -532.13 
v 552.197 199.135 -532.15 
v 552.176 199.137 -532.146 
v 552.179 199.109 -532.15 
v 552.182 199.085 -532.139 
v 552.181 199.126 -532.126 
v 552.176 199.137 -532.146 
v 552.223 199.151 -532.064 
v 552.222 199.172 -532.037 
v 552.187 199.153 -532.077 
v 552.187 199.125 -532.063 
v 552.191 199.155 -532.041 
v 552.19 199.171 -532.035 
v 552.19 199.171 -532.035 
v 551.692 199.784 -532.219 
v 551.664 199.776 -532.193 
v 551.726 199.764 -532.196 
v 551.752 199.76 -532.208 
v 551.776 199.776 -532.219 
v 551.798 199.772 -532.202 
v 551.81 199.758 -532.171 
v 551.825 199.74 -532.13 
v 551.847 199.738 -532.126 
v 551.857 199.709 -532.037 
v 551.828 199.704 -532.023 
v 551.844 199.707 -532.029 
v 551.807 199.714 -532.031 
v 551.768 199.716 -532.041 
v 551.791 199.721 -532.037 
v 551.723 199.71 -532.022 
v 551.751 199.709 -532.028 
v 551.656 199.725 -532.01 
v 551.687 199.744 -532.03 
v 551.661 199.786 -532.167 
v 551.69 199.802 -532.191 
v 551.725 199.771 -532.164 
v 551.751 199.74 -532.119 
v 551.768 199.742 -532.129 
v 551.79 199.746 -532.121 
v 551.806 199.736 -532.103 
v 551.827 199.722 -532.078 
v 551.842 199.725 -532.081 
v 551.855 199.724 -532.084 
v 551.862 199.739 -532.121 
v 551.619 199.313 -531.277 
v 551.619 198.904 -531.316 
v 551.619 198.904 -531.316 
v 551.619 198.904 -531.283 
v 551.619 198.934 -531.278 
v 551.619 199.226 -531.241 
v 551.619 199.081 -531.258 
v 551.619 199.334 -531.212 
v 551.619 199.471 -531.223 
v 551.619 199.409 -531.188 
v 551.619 199.639 -531.373 
v 551.619 199.606 -531.331 
v 551.619 199.673 -531.642 
v 551.619 199.655 -531.416 
v 551.619 199.685 -531.724 
v 551.619 199.774 -532.016 
v 551.619 199.819 -532.193 
v 551.619 199.832 -532.17 
v 551.619 199.855 -532.431 
v 551.619 199.9 -532.509 
v 551.619 199.96 -532.602 
v 551.619 199.89 -532.658 
v 551.619 199.923 -532.632 
v 551.619 199.777 -532.716 
v 551.619 199.778 -532.779 
v 551.619 199.529 -532.689 
v 551.619 199.675 -532.751 
v 551.619 199.467 -532.623 
v 551.619 199.374 -532.548 
v 551.619 199.355 -532.534 
v 551.619 199.37 -532.504 
v 551.619 199.554 -532.501 
v 551.619 199.37 -532.504 
v 551.66 199.865 -532.692 
v 551.713 199.862 -532.673 
v 551.619 199.906 -532.722 
v 551.619 199.521 -531.259 
v 551.7 199.528 -531.277 
v 551.8 199.535 -531.282 
v 551.886 199.536 -531.334 
v 551.972 199.546 -531.403 
v 552.042 199.547 -531.467 
v 552.121 199.55 -531.551 
v 552.202 199.548 -531.737 
v 552.155 199.549 -531.63 
v 552.219 199.542 -531.84 
v 552.21 199.528 -532.029 
v 552.245 199.537 -531.927 
v 552.224 199.522 -532.07 
v 552.216 199.519 -532.179 
v 552.22 199.521 -532.142 
v 552.173 199.546 -532.231 
v 552.142 199.574 -532.316 
v 552.087 199.613 -532.41 
v 552.12 199.593 -532.359 
v 551.994 199.683 -532.517 
v 551.915 199.704 -532.555 
v 551.953 199.736 -532.565 
v 551.895 199.733 -532.585 
v 551.822 199.749 -532.583 
v 552.192 199.412 -532.103 
v 552.184 199.169 -532.107 
v 552.184 199.134 -532.104 
v 552.185 199.093 -532.108 
v 552.185 199.093 -532.108 
v 552.214 199.09 -532.113 
v 552.218 199.133 -532.105 
v 552.22 199.204 -532.105 
v 552.221 199.171 -532.105 
v 552.234 199.366 -532.104 
v 552.235 199.429 -532.105 
v 552.227 199.459 -532.1 
v 552.221 199.479 -532.096 
v 552.213 199.501 -532.098 
v 552.215 199.522 -532.1 
v 552.205 199.539 -532.101 
v 552.169 199.6 -532.083 
v 552.114 199.64 -532.066 
v 551.988 199.694 -532.071 
v 551.949 199.703 -532.067 
v 551.856 199.711 -532.058 
v 551.843 199.71 -532.053 
v 551.828 199.704 -532.047 
v 551.806 199.709 -532.053 
v 551.791 199.713 -532.057 
v 551.768 199.707 -532.063 
v 551.751 199.702 -532.052 
v 551.724 199.709 -532.067 
v 551.688 199.732 -532.074 
v 551.658 199.724 -532.056 
v 551.619 199.759 -532.044 
v 552.182 199.085 -532.139 
v 551.002 199.24 -531.84 
v 551.016 199.222 -531.742 
v 551.013 199.25 -531.739 
v 550.998 199.267 -531.839 
v 551.063 199.145 -531.637 
v 551.061 199.174 -531.634 
v 551.181 199.014 -531.468 
v 551.096 199.117 -531.556 
v 551.098 199.087 -531.558 
v 551.182 198.98 -531.472 
v 551.244 198.964 -531.409 
v 551.336 198.898 -531.362 
v 551.335 198.931 -531.357 
v 551.243 198.999 -531.404 
v 551.427 198.904 -531.315 
v 551.534 198.89 -531.298 
v 551.534 198.921 -531.292 
v 551.428 198.935 -531.31 
v 551.594 199.386 -532.542 
v 551.595 199.368 -532.533 
v 551.565 199.383 -532.533 
v 551.561 199.4 -532.543 
v 551.341 199.434 -532.466 
v 551.261 199.457 -532.422 
v 551.263 199.47 -532.429 
v 551.341 199.448 -532.472 
v 551.23 199.444 -532.391 
v 551.188 199.426 -532.351 
v 551.188 199.437 -532.351 
v 551.231 199.456 -532.396 
v 551.107 199.33 -532.283 
v 551.073 199.256 -532.212 
v 551.071 199.277 -532.213 
v 551.107 199.345 -532.285 
v 551.04 199.195 -532.158 
v 551.044 199.159 -532.154 
v 551.025 199.166 -532.128 
v 551.025 199.2 -532.128 
v 551.013 199.213 -532.035 
v 551.016 199.185 -532.035 
v 550.989 199.231 -531.948 
v 550.987 199.257 -531.944 
v 551.144 199.374 -532.314 
v 551.144 199.387 -532.315 
v 551.011 199.208 -532.06 
v 551.01 199.175 -532.063 
v 551.034 199.242 -531.845 
v 551.048 199.224 -531.751 
v 551.092 199.146 -531.651 
v 551.126 199.088 -531.576 
v 551.205 198.98 -531.495 
v 551.263 198.953 -531.435 
v 551.351 198.898 -531.391 
v 551.438 198.904 -531.347 
v 551.538 198.89 -531.33 
v 551.6 199.383 -532.504 
v 551.577 199.398 -532.503 
v 551.363 199.46 -532.42 
v 551.29 199.5 -532.366 
v 551.253 199.473 -532.347 
v 551.203 199.437 -532.32 
v 551.125 199.332 -532.266 
v 551.095 199.258 -532.195 
v 551.065 199.161 -532.148 
v 551.049 199.184 -532.033 
v 551.022 199.234 -531.949 
v 551.161 199.38 -532.291 
v 551.034 199.242 -531.845 
v 551.028 199.433 -531.84 
v 551.036 199.411 -531.74 
v 551.048 199.224 -531.751 
v 551.08 199.411 -531.638 
v 551.092 199.146 -531.651 
v 551.126 199.088 -531.576 
v 551.114 199.411 -531.563 
v 551.198 199.371 -531.465 
v 551.205 198.98 -531.495 
v 551.263 198.953 -531.435 
v 551.26 199.343 -531.4 
v 551.353 199.343 -531.357 
v 551.351 198.898 -531.391 
v 551.438 198.904 -531.347 
v 551.446 199.343 -531.31 
v 551.542 199.326 -531.29 
v 551.538 198.89 -531.33 
v 551.577 199.398 -532.503 
v 551.6 199.383 -532.504 
v 551.6 199.555 -532.5 
v 551.577 199.556 -532.499 
v 551.29 199.5 -532.366 
v 551.363 199.46 -532.42 
v 551.365 199.513 -532.409 
v 551.295 199.528 -532.362 
v 551.253 199.473 -532.347 
v 551.256 199.514 -532.344 
v 551.203 199.495 -532.32 
v 551.203 199.437 -532.32 
v 551.125 199.332 -532.266 
v 551.135 199.432 -532.275 
v 551.095 199.413 -532.195 
v 551.095 199.258 -532.195 
v 551.058 199.161 -532.121 
v 551.065 199.161 -532.148 
v 551.052 199.412 -532.134 
v 551.049 199.412 -532.117 
v 551.022 199.234 -531.949 
v 551.049 199.184 -532.033 
v 551.035 199.413 -532.029 
v 551.022 199.413 -531.926 
v 551.166 199.461 -532.296 
v 551.161 199.38 -532.291 
v 551.052 199.177 -532.09 
v 551.045 199.412 -532.091 
v 551.48 199.417 -532.52 
v 551.483 199.4 -532.516 
v 551.401 199.418 -532.499 
v 551.398 199.432 -532.505 
v 551.416 199.431 -532.458 
v 551.496 199.414 -532.481 
v 551.416 199.502 -532.444 
v 551.416 199.431 -532.458 
v 551.496 199.414 -532.481 
v 551.496 199.529 -532.472 
v 550.99 199.386 -531.725 
v 551.045 199.315 -531.621 
v 551.042 199.418 -531.618 
v 550.988 199.454 -531.725 
v 550.975 199.396 -531.833 
v 550.974 199.461 -531.833 
v 550.997 199.431 -532.029 
v 550.994 199.364 -532.032 
v 550.968 199.381 -531.925 
v 550.973 199.452 -531.925 
v 551.004 199.427 -532.067 
v 550.998 199.366 -532.07 
v 551.022 199.368 -532.148 
v 551.009 199.367 -532.128 
v 551.003 199.431 -532.148 
v 551.016 199.431 -532.183 
v 551.069 199.384 -532.216 
v 551.069 199.452 -532.219 
v 551.112 199.419 -532.293 
v 551.11 199.484 -532.304 
v 551.187 199.493 -532.352 
v 551.145 199.453 -532.32 
v 551.136 199.509 -532.335 
v 551.175 199.538 -532.372 
v 551.236 199.513 -532.417 
v 551.23 199.553 -532.438 
v 551.337 199.558 -532.506 
v 551.341 199.515 -532.5 
v 551.273 199.529 -532.465 
v 551.271 199.563 -532.488 
v 551.451 199.556 -532.571 
v 551.468 199.498 -532.543 
v 551.385 199.501 -532.537 
v 551.379 199.556 -532.563 
v 551.578 199.542 -532.644 
v 551.591 199.477 -532.589 
v 551.544 199.48 -532.598 
v 551.511 199.542 -532.629 
v 551.429 199.088 -531.292 
v 551.534 199.084 -531.273 
v 551.533 199.23 -531.257 
v 551.427 199.234 -531.276 
v 551.238 199.133 -531.389 
v 551.333 199.106 -531.341 
v 551.331 199.257 -531.322 
v 551.235 199.298 -531.378 
v 551.086 199.263 -531.543 
v 551.174 199.182 -531.457 
v 551.171 199.337 -531.443 
v 551.083 199.391 -531.538 
v 550.999 199.486 -531.727 
v 550.984 199.485 -531.834 
v 551.052 199.464 -531.618 
v 551.176 199.415 -531.44 
v 551.091 199.448 -531.537 
v 551.33 199.361 -531.301 
v 551.238 199.386 -531.363 
v 551.532 199.339 -531.227 
v 551.423 199.344 -531.245 
v 551.523 199.675 -532.693 
v 551.582 199.677 -532.706 
v 551.277 199.619 -532.535 
v 551.323 199.613 -532.536 
v 551.15 199.555 -532.405 
v 551.223 199.592 -532.479 
v 551.061 199.479 -532.231 
v 551.094 199.509 -532.319 
v 551.009 199.459 -532.142 
v 551.018 199.458 -532.179 
v 550.972 199.479 -531.925 
v 551.009 199.462 -532.029 
v 551.116 199.53 -532.358 
v 551.007 199.457 -532.067 
v 551.347 199.631 -532.596 
v 551.454 199.643 -532.602 
v 551.007 199.508 -531.728 
v 551.023 199.529 -531.732 
v 551.005 199.521 -531.838 
v 550.991 199.502 -531.835 
v 551.059 199.497 -531.618 
v 551.07 199.525 -531.625 
v 551.097 199.489 -531.536 
v 551.179 199.469 -531.435 
v 551.187 199.515 -531.451 
v 551.105 199.523 -531.546 
v 551.24 199.45 -531.36 
v 551.33 199.434 -531.286 
v 551.337 199.492 -531.31 
v 551.247 199.504 -531.381 
v 551.42 199.42 -531.22 
v 551.53 199.414 -531.203 
v 551.533 199.477 -531.233 
v 551.426 199.479 -531.244 
v 551.532 199.769 -532.721 
v 551.506 199.752 -532.656 
v 551.569 199.765 -532.674 
v 551.585 199.773 -532.734 
v 551.314 199.651 -532.557 
v 551.282 199.658 -532.568 
v 551.291 199.667 -532.543 
v 551.328 199.66 -532.526 
v 551.218 199.619 -532.508 
v 551.133 199.568 -532.428 
v 551.147 199.589 -532.417 
v 551.23 199.634 -532.49 
v 551.083 199.526 -532.329 
v 551.055 199.498 -532.239 
v 551.062 199.522 -532.235 
v 551.091 199.55 -532.322 
v 551.019 199.478 -532.175 
v 551.013 199.479 -532.138 
v 551.021 199.5 -532.14 
v 551.026 199.499 -532.177 
v 551.018 199.484 -532.029 
v 550.972 199.498 -531.925 
v 550.979 199.517 -531.926 
v 551.028 199.508 -532.03 
v 551.102 199.545 -532.374 
v 551.112 199.569 -532.366 
v 551.016 199.501 -532.069 
v 551.009 199.478 -532.068 
v 551.325 199.682 -532.61 
v 551.351 199.698 -532.587 
v 551.416 199.712 -532.585 
v 551.456 199.702 -532.613 
v 551.058 199.567 -531.74 
v 551.113 199.623 -531.752 
v 551.095 199.617 -531.852 
v 551.042 199.56 -531.842 
v 551.107 199.578 -531.639 
v 551.157 199.632 -531.661 
v 551.221 199.598 -531.495 
v 551.261 199.644 -531.526 
v 551.191 199.638 -531.593 
v 551.144 199.587 -531.563 
v 551.363 199.601 -531.386 
v 551.388 199.638 -531.439 
v 551.312 199.645 -531.477 
v 551.278 199.603 -531.445 
v 551.543 199.605 -531.345 
v 551.55 199.638 -531.386 
v 551.464 199.638 -531.401 
v 551.447 199.603 -531.345 
v 551.555 199.827 -532.618 
v 551.507 199.835 -532.63 
v 551.512 199.869 -532.604 
v 551.563 199.87 -532.601 
v 551.331 199.703 -532.53 
v 551.288 199.718 -532.516 
v 551.3 199.73 -532.491 
v 551.354 199.744 -532.508 
v 551.232 199.686 -532.478 
v 551.158 199.631 -532.403 
v 551.199 199.664 -532.37 
v 551.257 199.702 -532.439 
v 551.1 199.595 -532.31 
v 551.068 199.566 -532.228 
v 551.103 199.624 -532.206 
v 551.135 199.65 -532.282 
v 551.028 199.539 -532.143 
v 551.068 199.602 -532.116 
v 551.07 199.603 -532.148 
v 551.031 199.538 -532.18 
v 551.015 199.556 -531.928 
v 551.067 199.619 -531.936 
v 551.074 199.603 -532.022 
v 551.041 199.544 -532.031 
v 551.122 199.613 -532.352 
v 551.16 199.663 -532.323 
v 551.064 199.6 -532.059 
v 551.024 199.54 -532.071 
v 551.418 199.781 -532.573 
v 551.352 199.754 -532.576 
v 551.381 199.8 -532.563 
v 551.444 199.814 -532.555 
v 551.279 199.699 -531.917 
v 551.291 199.692 -531.864 
v 551.333 199.685 -531.898 
v 551.32 199.696 -531.94 
v 551.337 199.681 -531.811 
v 551.37 199.672 -531.857 
v 551.372 199.673 -531.772 
v 551.415 199.678 -531.727 
v 551.435 199.665 -531.791 
v 551.398 199.663 -531.826 
v 551.447 199.673 -531.694 
v 551.494 199.663 -531.676 
v 551.501 199.661 -531.75 
v 551.461 199.665 -531.765 
v 551.542 199.659 -531.655 
v 551.595 199.662 -531.649 
v 551.59 199.673 -531.729 
v 551.54 199.665 -531.734 
v 551.585 199.848 -532.493 
v 551.539 199.868 -532.497 
v 551.536 199.845 -532.42 
v 551.578 199.829 -532.412 
v 551.387 199.765 -532.381 
v 551.408 199.767 -532.331 
v 551.448 199.774 -532.364 
v 551.432 199.777 -532.422 
v 551.334 199.704 -532.272 
v 551.364 199.729 -532.238 
v 551.389 199.751 -532.291 
v 551.365 199.739 -532.334 
v 551.299 199.705 -532.208 
v 551.271 199.696 -532.154 
v 551.302 199.707 -532.144 
v 551.33 199.722 -532.186 
v 551.252 199.693 -532.084 
v 551.291 199.703 -532.08 
v 551.293 199.702 -532.096 
v 551.254 199.692 -532.1 
v 551.269 199.701 -531.963 
v 551.309 199.703 -531.977 
v 551.289 199.705 -532.022 
v 551.253 199.699 -532.02 
v 551.315 199.707 -532.238 
v 551.345 199.728 -532.21 
v 551.289 199.703 -532.057 
v 551.249 199.695 -532.06 
v 551.454 199.817 -532.448 
v 551.464 199.805 -532.383 
v 551.503 199.817 -532.405 
v 551.498 199.823 -532.477 
v 551.04 199.108 -532.153 
v 551.06 199.109 -532.15 
v 551.057 199.085 -532.139 
v 551.03 199.084 -532.139 
v 551.023 199.123 -532.066 
v 551.052 199.125 -532.063 
v 551.048 199.155 -532.041 
v 551.016 199.155 -532.043 
v 551.557 199.654 -531.427 
v 551.481 199.655 -531.44 
v 551.413 199.656 -531.475 
v 551.345 199.665 -531.51 
v 551.237 199.679 -531.626 
v 551.299 199.672 -531.559 
v 551.167 199.668 -531.768 
v 551.207 199.674 -531.687 
v 551.155 199.657 -531.864 
v 551.141 199.655 -531.944 
v 551.124 199.643 -532.013 
v 551.122 199.64 -532.048 
v 551.13 199.642 -532.117 
v 551.127 199.641 -532.089 
v 551.157 199.66 -532.187 
v 551.188 199.683 -532.259 
v 551.213 199.697 -532.297 
v 551.242 199.693 -532.341 
v 551.283 199.734 -532.417 
v 551.377 199.785 -532.502 
v 551.313 199.765 -532.473 
v 551.471 199.848 -532.534 
v 551.409 199.848 -532.545 
v 551.571 199.91 -532.581 
v 551.518 199.91 -532.577 
v 551.243 199.479 -531.858 
v 551.248 199.479 -531.796 
v 551.276 199.475 -531.734 
v 551.296 199.471 -531.687 
v 551.348 199.471 -531.627 
v 551.386 199.47 -531.582 
v 551.444 199.454 -531.554 
v 551.501 199.439 -531.527 
v 551.566 199.456 -531.515 
v 551.603 199.479 -532.267 
v 551.582 199.479 -532.267 
v 551.446 199.48 -532.221 
v 551.396 199.483 -532.199 
v 551.376 199.481 -532.184 
v 551.348 199.478 -532.164 
v 551.309 199.472 -532.126 
v 551.285 199.471 -532.077 
v 551.258 199.471 -532.039 
v 551.256 199.471 -532.029 
v 551.248 199.471 -531.974 
v 551.24 199.471 -531.911 
v 551.327 199.475 -532.143 
v 551.254 199.471 -532.013 
v 551.532 199.479 -532.252 
v 551.482 199.478 -532.236 
v 551.255 199.471 -532.02 
v 551.456 199.471 -531.956 
v 551.027 199.127 -532.13 
v 551.042 199.135 -532.15 
v 551.062 199.137 -532.146 
v 551.057 199.126 -532.126 
v 551.057 199.085 -532.139 
v 551.06 199.109 -532.15 
v 551.062 199.137 -532.146 
v 551.016 199.151 -532.064 
v 551.016 199.172 -532.037 
v 551.052 199.153 -532.077 
v 551.048 199.171 -532.035 
v 551.048 199.155 -532.041 
v 551.052 199.125 -532.063 
v 551.048 199.171 -532.035 
v 551.547 199.784 -532.219 
v 551.574 199.776 -532.193 
v 551.512 199.764 -532.196 
v 551.487 199.76 -532.208 
v 551.463 199.776 -532.219 
v 551.441 199.772 -532.202 
v 551.429 199.758 -532.171 
v 551.413 199.74 -532.13 
v 551.392 199.738 -532.126 
v 551.382 199.709 -532.037 
v 551.41 199.704 -532.023 
v 551.395 199.707 -532.029 
v 551.432 199.714 -532.031 
v 551.471 199.716 -532.041 
v 551.448 199.721 -532.037 
v 551.515 199.71 -532.022 
v 551.488 199.709 -532.028 
v 551.583 199.725 -532.01 
v 551.552 199.744 -532.03 
v 551.549 199.802 -532.191 
v 551.578 199.786 -532.167 
v 551.487 199.74 -532.119 
v 551.514 199.771 -532.164 
v 551.448 199.746 -532.121 
v 551.471 199.742 -532.129 
v 551.412 199.722 -532.078 
v 551.433 199.736 -532.103 
v 551.397 199.725 -532.081 
v 551.384 199.724 -532.084 
v 551.377 199.739 -532.121 
v 551.526 199.862 -532.673 
v 551.579 199.865 -532.692 
v 551.539 199.528 -531.277 
v 551.439 199.535 -531.282 
v 551.353 199.536 -531.334 
v 551.267 199.546 -531.403 
v 551.197 199.547 -531.467 
v 551.118 199.55 -531.551 
v 551.083 199.549 -531.63 
v 551.037 199.548 -531.737 
v 551.019 199.542 -531.84 
v 550.994 199.537 -531.927 
v 551.028 199.528 -532.029 
v 551.014 199.522 -532.07 
v 551.019 199.521 -532.142 
v 551.023 199.519 -532.179 
v 551.066 199.546 -532.231 
v 551.097 199.574 -532.316 
v 551.119 199.593 -532.359 
v 551.151 199.613 -532.41 
v 551.245 199.683 -532.517 
v 551.286 199.736 -532.565 
v 551.324 199.704 -532.555 
v 551.344 199.733 -532.585 
v 551.417 199.749 -532.583 
v 551.047 199.412 -532.103 
v 551.055 199.169 -532.107 
v 551.054 199.134 -532.104 
v 551.054 199.093 -532.108 
v 551.025 199.09 -532.113 
v 551.054 199.093 -532.108 
v 551.021 199.133 -532.105 
v 551.018 199.204 -532.105 
v 551.018 199.171 -532.105 
v 551.004 199.366 -532.104 
v 551.004 199.429 -532.105 
v 551.012 199.459 -532.1 
v 551.018 199.479 -532.096 
v 551.026 199.501 -532.098 
v 551.024 199.522 -532.1 
v 551.033 199.539 -532.101 
v 551.07 199.6 -532.083 
v 551.125 199.64 -532.066 
v 551.251 199.694 -532.071 
v 551.29 199.703 -532.067 
v 551.383 199.711 -532.058 
v 551.396 199.71 -532.053 
v 551.411 199.704 -532.047 
v 551.432 199.709 -532.053 
v 551.448 199.713 -532.057 
v 551.471 199.707 -532.063 
v 551.488 199.702 -532.052 
v 551.515 199.709 -532.067 
v 551.55 199.732 -532.074 
v 551.581 199.724 -532.056 
v 551.057 199.085 -532.139 

vn 0.96063 -0.15748 0.228346 
vn 0.740157 -0.669291 -0.0551181 
vn 0.653543 -0.755906 0.0472441 
vn 0.984252 -0.15748 0.11811 
vn 0.929134 -0.11811 0.346457 
vn 0.76378 -0.629921 -0.133858 
vn 0.748031 -0.0944882 0.653543 
vn 0.700787 -0.692913 0.149606 
vn 0.811024 -0.582677 0.0551181 
vn 0.858268 -0.102362 0.503937 
vn 0.480315 -0.11811 0.866142 
vn 0.425197 -0.795276 0.433071 
vn 0.645669 -0.543307 0.535433 
vn 0.622047 -0.110236 0.779528 
vn 0.165354 -0.141732 0.976378 
vn 0.0866142 -0.80315 0.582677 
vn 0.244094 -0.732283 0.637795 
vn 0.314961 -0.133858 0.937008 
vn 0.299213 -0.440945 -0.84252 
vn 0.220472 -0.535433 -0.818898 
vn 0.314961 -0.913386 -0.267717 
vn 0.496063 -0.834646 -0.244094 
vn 0.598425 -0.322835 -0.732283 
vn 0.275591 -0.905512 -0.322835 
vn 0.409449 -0.889764 -0.212598 
vn 0.543307 -0.346457 -0.76378 
vn 0.653543 -0.023622 -0.755906 
vn 0.0629921 -0.692913 -0.716535 
vn 0.0551181 -0.88189 -0.464567 
vn 0.677165 -0.181102 -0.708661 
vn 0.84252 -0.0629921 -0.527559 
vn 0.23622 -0.496063 -0.834646 
vn 0.259843 -0.566929 -0.779528 
vn 0.755906 -0.0472441 -0.653543 
vn 0.834646 -0.0944882 -0.551181 
vn 0.937008 -0.0314961 -0.354331 
vn 0.913386 -0.0472441 -0.409449 
vn 0.377953 -0.259843 -0.889764 
vn 0.992126 -0.110236 -0.0787402 
vn 0.992126 -0.11811 -0.0551181 
vn 0.724409 -0.677165 0.0866142 
vn 0.755906 -0.385827 0.527559 
vn 0.598425 -0.0551181 -0.795276 
vn -0.0472441 -0.574803 -0.818898 
vn 1 -0.0472441 -0.015748 
vn 0.992126 -0.102362 0.0314961 
vn -0.653543 -0.598425 -0.464567 
vn -0.748031 -0.653543 -0.11811 
vn -0.496063 -0.566929 -0.661417 
vn -0.212598 -0.629921 -0.748031 
vn -0.314961 -0.535433 -0.779528 
vn -0.149606 -0.732283 -0.661417 
vn -0.0787402 -0.724409 -0.685039 
vn -0.125984 -0.724409 -0.677165 
vn -0.204724 -0.700787 -0.685039 
vn 0.0629921 -0.472441 0.88189 
vn 0.244094 -0.456693 0.858268 
vn -0.480315 -0.448819 0.755906 
vn -0.275591 -0.582677 0.76378 
vn -0.724409 -0.440945 0.535433 
vn -0.629921 -0.472441 0.614173 
vn -0.929134 -0.370079 0 
vn -0.866142 -0.496063 -0.023622 
vn -0.897638 -0.259843 -0.362205 
vn -0.724409 -0.629921 0.275591 
vn -0.779528 -0.267717 0.559055 
vn -0.811024 -0.448819 0.362205 
vn -0.811024 -0.519685 -0.267717 
vn -0.740157 -0.669291 -0.0393701 
vn -0.748031 -0.653543 -0.11811 
vn -0.653543 -0.598425 -0.464567 
vn -0.740157 -0.582677 -0.330709 
vn -0.496063 -0.566929 -0.661417 
vn -0.535433 -0.503937 -0.677165 
vn -0.645669 -0.590551 -0.488189 
vn -0.314961 -0.535433 -0.779528 
vn -0.212598 -0.629921 -0.748031 
vn -0.362205 -0.503937 -0.787402 
vn -0.488189 -0.409449 -0.771654 
vn -0.0787402 -0.724409 -0.685039 
vn -0.149606 -0.732283 -0.661417 
vn -0.0944882 -0.456693 -0.88189 
vn -0.251969 -0.511811 -0.818898 
vn -0.204724 -0.700787 -0.685039 
vn -0.125984 -0.724409 -0.677165 
vn 0.0629921 -0.472441 0.88189 
vn -0.188976 -0.826772 0.535433 
vn 0.015748 -0.834646 0.551181 
vn 0.244094 -0.456693 0.858268 
vn -0.480315 -0.448819 0.755906 
vn -0.283465 -0.889764 0.362205 
vn -0.19685 -0.826772 0.535433 
vn -0.275591 -0.582677 0.76378 
vn -0.614173 -0.700787 0.362205 
vn -0.472441 -0.787402 0.401575 
vn -0.629921 -0.472441 0.614173 
vn -0.724409 -0.440945 0.535433 
vn -0.700787 -0.622047 0.338583 
vn -0.748031 -0.519685 0.417323 
vn -0.866142 -0.496063 -0.023622 
vn -0.929134 -0.370079 0 
vn -0.976378 0 0.212598 
vn -0.787402 -0.606299 0.11811 
vn -0.755906 -0.574803 0.299213 
vn -0.897638 -0.259843 -0.362205 
vn -0.724409 -0.629921 0.275591 
vn -0.818898 -0.566929 0.0708661 
vn -0.779528 -0.606299 0.125984 
vn -0.779528 -0.267717 0.559055 
vn -0.748031 -0.590551 0.314961 
vn -0.811024 -0.448819 0.362205 
vn -0.787402 -0.606299 0.11811 
vn -0.992126 0.0314961 0.102362 
vn 0.322835 -0.346457 -0.88189 
vn 0.370079 -0.409449 -0.834646 
vn 0.314961 -0.88189 -0.354331 
vn 0.275591 -0.889764 -0.354331 
vn -0.102362 -0.685039 0.716535 
vn -0.102362 -0.598425 0.795276 
vn -0.322835 -0.732283 0.598425 
vn -0.393701 -0.779528 0.488189 
vn -0.102362 -0.598425 0.795276 
vn -0.102362 -0.685039 0.716535 
vn 0.88189 0.0629921 0.464567 
vn 0.913386 -0.0944882 0.401575 
vn 0.952756 -0.102362 0.275591 
vn 0.937008 0.15748 0.307087 
vn 0.992126 -0.0866142 0.0944882 
vn 0.984252 0.173228 0.0866142 
vn 0.96063 0.181102 -0.19685 
vn 0.992126 0.0314961 -0.133858 
vn 1 -0.0472441 -0.0629921 
vn 0.984252 -0.0314961 -0.181102 
vn 0.992126 0.0708661 -0.0944882 
vn 0.992126 0 -0.141732 
vn 0.984252 0 -0.181102 
vn 0.937008 -0.102362 -0.338583 
vn 0.826772 -0.173228 -0.535433 
vn 0.80315 -0.0708661 -0.590551 
vn 0.811024 -0.0866142 -0.582677 
vn 0.724409 -0.204724 -0.653543 
vn 0.748031 -0.0629921 -0.661417 
vn 0.614173 -0.433071 -0.653543 
vn 0.314961 -0.582677 -0.748031 
vn 0.559055 -0.141732 -0.818898 
vn 0.590551 -0.259843 -0.76378 
vn 0.330709 -0.724409 -0.606299 
vn 0.685039 -0.338583 -0.645669 
vn 0.496063 -0.614173 -0.614173 
vn 0.551181 -0.393701 -0.740157 
vn 0.393701 -0.566929 -0.724409 
vn 0.551181 -0.401575 -0.732283 
vn 0.582677 -0.244094 -0.771654 
vn 0.393701 -0.393701 -0.834646 
vn 0.417323 -0.448819 -0.787402 
vn 0.409449 -0.401575 -0.818898 
vn 0.393701 -0.433071 -0.811024 
vn 0.456693 -0.480315 -0.748031 
vn 0.480315 -0.433071 -0.76378 
vn 0.220472 -0.574803 -0.787402 
vn 0.354331 -0.582677 -0.732283 
vn 0.181102 -0.188976 0.968504 
vn 0.173228 -0.11811 0.976378 
vn 0.322835 -0.102362 0.937008 
vn 0.330709 -0.188976 0.929134 
vn 0.503937 -0.149606 0.850394 
vn 0.472441 -0.102362 0.874016 
vn 0.622047 -0.0944882 0.779528 
vn 0.653543 -0.0944882 0.755906 
vn 0.740157 -0.0314961 0.669291 
vn 0.748031 -0.0787402 0.661417 
vn 0.834646 -0.0866142 0.543307 
vn 0.818898 0.023622 0.566929 
vn 0.92126 0.370079 0.125984 
vn 0.889764 0.338583 0.291339 
vn 0.866142 0.181102 0.464567 
vn 0.818898 0.0944882 0.566929 
vn 0.76378 0.00787402 0.645669 
vn 0.685039 -0.0629921 0.724409 
vn 0.566929 -0.173228 0.811024 
vn 0.346457 -0.275591 0.897638 
vn 0.173228 -0.283465 0.944882 
vn 0.503937 -0.291339 -0.811024 
vn 0.503937 -0.267717 -0.818898 
vn 0.480315 -0.551181 -0.685039 
vn 0.212598 -0.606299 -0.76378 
vn 0.314961 -0.700787 -0.645669 
vn 0.0944882 -0.88189 -0.456693 
vn 0.488189 -0.677165 -0.543307 
vn 0.716535 -0.425197 -0.551181 
vn 0.858268 0.110236 -0.503937 
vn 0.976378 0.204724 -0.0787402 
vn 0.937008 0.322835 -0.133858 
vn 0.992126 0.015748 -0.149606 
vn 0.19685 -0.80315 -0.559055 
vn 0.984252 0.149606 -0.0629921 
vn 0.425197 -0.251969 -0.866142 
vn 0.425197 -0.440945 -0.795276 
vn 0.795276 0.590551 0.141732 
vn 0.76378 0.606299 0.220472 
vn 0.834646 0.488189 0.251969 
vn 0.858268 0.488189 0.149606 
vn 0.795276 0.480315 0.370079 
vn 0.850394 0.307087 0.425197 
vn 0.80315 0.220472 0.551181 
vn 0.76378 0.401575 0.503937 
vn 0.653543 0.433071 0.622047 
vn 0.740157 0.173228 0.645669 
vn 0.677165 0.173228 0.716535 
vn 0.582677 0.464567 0.669291 
vn 0.496063 0.472441 0.732283 
vn 0.582677 0.11811 0.80315 
vn 0.354331 0.0551181 0.937008 
vn 0.283465 0.480315 0.826772 
vn 0.0708661 0.527559 0.84252 
vn 0.149606 0.0787402 0.984252 
vn 0.425197 0.669291 -0.614173 
vn 0.700787 0.425197 -0.574803 
vn 0.480315 0.622047 -0.622047 
vn 0.488189 0.724409 -0.488189 
vn 0.614173 0.228346 -0.755906 
vn 0.377953 0.409449 -0.834646 
vn 0.212598 0.370079 -0.905512 
vn 0.251969 0.338583 -0.905512 
vn 0.708661 0.0551181 -0.700787 
vn 0.748031 0.354331 -0.559055 
vn 0.76378 0.503937 -0.409449 
vn 0.692913 -0.251969 -0.677165 
vn 0.858268 -0.220472 -0.456693 
vn 0.913386 0.330709 -0.244094 
vn 0.897638 0.23622 -0.362205 
vn 0.897638 -0.0944882 -0.433071 
vn 0.92126 0.188976 -0.346457 
vn 0.944882 0.0866142 -0.322835 
vn 0.992126 0.133858 -0.015748 
vn 0.96063 0.283465 -0.023622 
vn 0.929134 0.354331 -0.11811 
vn 0.976378 0.204724 -0.0472441 
vn 0.866142 0.480315 -0.11811 
vn 0.976378 0.188976 -0.125984 
vn 0.858268 0.401575 -0.314961 
vn 0.771654 -0.299213 -0.559055 
vn 0.992126 0.133858 -0.0314961 
vn 0.968504 0.23622 -0.0551181 
vn 0.283465 0.433071 -0.858268 
vn 0.559055 0.527559 -0.637795 
vn 0.685039 0.346457 -0.645669 
vn 0.566929 0.00787402 -0.826772 
vn 0.622047 0.771654 0.110236 
vn 0.653543 0.740157 0.15748 
vn 0.661417 0.732283 0.15748 
vn 0.677165 0.724409 0.125984 
vn 0.614173 0.755906 0.228346 
vn 0.677165 0.685039 0.259843 
vn 0.543307 0.771654 0.330709 
vn 0.417323 0.80315 0.417323 
vn 0.535433 0.661417 0.519685 
vn 0.629921 0.669291 0.401575 
vn 0.307087 0.834646 0.456693 
vn 0.165354 0.88189 0.440945 
vn 0.338583 0.724409 0.606299 
vn 0.472441 0.661417 0.582677 
vn 0.133858 0.88189 0.440945 
vn 0.0944882 0.866142 0.488189 
vn 0.0866142 0.740157 0.669291 
vn 0.173228 0.76378 0.629921 
vn 0.220472 0.913386 -0.330709 
vn 0.393701 0.464567 -0.795276 
vn 0.393701 0.566929 -0.724409 
vn 0.456693 0.88189 -0.133858 
vn 0.385827 0.905512 -0.181102 
vn 0.724409 0.551181 -0.425197 
vn 0.503937 0.748031 -0.425197 
vn 0.23622 0.968504 -0.0551181 
vn 0.653543 0.740157 -0.15748 
vn 0.622047 0.787402 -0.0472441 
vn 0.496063 0.850394 -0.173228 
vn 0.716535 0.629921 -0.314961 
vn 0.88189 0.409449 -0.244094 
vn 0.669291 0.740157 -0.0866142 
vn 0.692913 0.716535 -0.0787402 
vn 0.874016 0.393701 -0.291339 
vn 0.716535 0.692913 -0.0866142 
vn 0.724409 0.685039 0.023622 
vn 0.874016 0.488189 -0.00787402 
vn 0.850394 0.440945 -0.275591 
vn 0.724409 0.685039 -0.0472441 
vn 0.629921 0.771654 0.023622 
vn 0.732283 0.685039 -0.0314961 
vn 0.834646 0.551181 0.015748 
vn 0.559055 0.80315 -0.212598 
vn 0.818898 0.488189 -0.314961 
vn 0.740157 0.677165 0.00787402 
vn 0.850394 0.519685 -0.023622 
vn 0.322835 0.425197 -0.84252 
vn 0.346457 0.614173 -0.708661 
vn 0.582677 0.559055 -0.590551 
vn 0.645669 0.566929 -0.519685 
vn 0.0708661 0.992126 0.110236 
vn -0.0944882 0.984252 0.173228 
vn -0.149606 0.976378 0.165354 
vn -0.00787402 0.992126 0.110236 
vn -0.149606 0.976378 0.149606 
vn -0.141732 0.984252 0.0629921 
vn -0.0866142 0.992126 -0.0472441 
vn -0.0472441 1 0.0629921 
vn 0.0314961 1 0 
vn -0.0866142 0.992126 -0.0551181 
vn -0.141732 0.992126 0.0314961 
vn -0.0708661 1 0.015748 
vn 0.00787402 1 0.0629921 
vn -0.110236 0.992126 0.0551181 
vn 0.015748 1 0.0629921 
vn 0.125984 0.984252 0.102362 
vn 0.283465 0.944882 0.149606 
vn 0.267717 0.96063 0.0708661 
vn 0.212598 0.88189 0.417323 
vn 0.0944882 0.968504 0.212598 
vn 0.181102 0.952756 0.251969 
vn 0.125984 0.88189 0.456693 
vn 0.496063 0.850394 0.15748 
vn 0.346457 0.937008 0.0708661 
vn 0.283465 0.937008 0.188976 
vn 0.472441 0.84252 0.259843 
vn 0.559055 0.818898 0.102362 
vn 0.456693 0.889764 -0.0393701 
vn 0.370079 0.929134 0.00787402 
vn 0.472441 0.850394 0.228346 
vn 0.307087 0.952756 -0.023622 
vn 0.393701 0.92126 0 
vn 0.377953 0.92126 0.015748 
vn 0.299213 0.952756 0.023622 
vn 0.283465 0.96063 0.00787402 
vn 0.19685 0.984252 -0.00787402 
vn 0.307087 0.944882 -0.0944882 
vn 0.307087 0.952756 -0.0472441 
vn -0.0472441 1 -0.0472441 
vn -0.00787402 0.992126 0.110236 
vn 0.165354 0.984252 0.0787402 
vn 0.283465 0.96063 -0.0314961 
vn 0.299213 0.944882 -0.0944882 
vn 0.251969 0.96063 -0.149606 
vn 0.125984 0.992126 -0.023622 
vn 0.299213 0.952756 -0.0944882 
vn 0.370079 0.905512 0.204724 
vn 0.503937 0.826772 0.251969 
vn 0.362205 0.874016 0.322835 
vn 0.322835 0.897638 0.307087 
vn -0.598425 -0.748031 -0.283465 
vn -0.748031 -0.15748 -0.645669 
vn 0.362205 -0.125984 -0.92126 
vn 0.527559 -0.755906 -0.385827 
vn -0.582677 -0.370079 0.724409 
vn -0.653543 -0.503937 0.566929 
vn 0.606299 -0.622047 0.496063 
vn 0.708661 -0.354331 0.614173 
vn 0.0472441 0.976378 0.19685 
vn 0.0551181 0.976378 0.204724 
vn 0.0314961 0.976378 0.220472 
vn 0.0629921 0.968504 0.244094 
vn 0.267717 0.952756 0.165354 
vn 0.125984 0.968504 0.220472 
vn 0.393701 0.913386 0.0629921 
vn 0.314961 0.944882 0.0944882 
vn 0.417323 0.905512 0.00787402 
vn 0.401575 0.913386 0.023622 
vn 0.488189 0.866142 -0.0708661 
vn 0.503937 0.866142 -0.0472441 
vn 0.472441 0.88189 0.00787402 
vn 0.480315 0.874016 0 
vn 0.456693 0.889764 0.0629921 
vn 0.417323 0.905512 0.0629921 
vn 0.299213 0.952756 -0.0866142 
vn 0.370079 0.929134 -0.0314961 
vn 0.590551 0.80315 0.0787402 
vn 0.669291 0.732283 0.102362 
vn 0.559055 0.795276 -0.244094 
vn 0.433071 0.897638 0.0708661 
vn 0.370079 0.874016 -0.322835 
vn 0.511811 0.850394 -0.11811 
vn 0.385827 0.897638 -0.204724 
vn -0.110236 -0.992126 -0.0787402 
vn -0.0944882 -0.992126 0.0708661 
vn -0.0944882 -0.992126 -0.11811 
vn -0.11811 -0.984252 -0.141732 
vn -0.110236 -0.984252 -0.110236 
vn 0.102362 -0.937008 -0.330709 
vn -0.0472441 -0.96063 -0.259843 
vn -0.259843 -0.944882 -0.212598 
vn -0.110236 -0.96063 -0.267717 
vn 0 -0.984252 -0.15748 
vn -0.015748 -0.984252 -0.165354 
vn 0.0551181 -0.992126 -0.125984 
vn 0.0944882 -0.992126 -0.0708661 
vn -0.0393701 -0.992126 -0.125984 
vn -0.00787402 -0.992126 -0.141732 
vn -0.102362 -0.992126 0.0551181 
vn -0.133858 -0.992126 -0.0314961 
vn -0.125984 -0.992126 0.023622 
vn -0.133858 -0.992126 0.0551181 
vn -0.125984 -0.992126 0.0866142 
vn -0.125984 -0.992126 0.015748 
vn -0.0866142 -0.992126 -0.102362 
vn -0.125984 -0.992126 0.023622 
vn 0.0551181 -1 -0.0629921 
vn 0.00787402 -0.992126 -0.0944882 
vn 0 -1 -0.0314961 
vn 0 -0.96063 -0.267717 
vn 0 -0.984252 -0.173228 
vn 0 -1 0 
vn -0.125984 -0.992126 0.023622 
vn 0.92126 -0.00787402 -0.385827 
vn 0.385827 0 -0.92126 
vn -0.874016 -0.0787402 -0.488189 
vn -0.748031 -0.15748 -0.645669 
vn -0.598425 -0.748031 -0.283465 
vn -0.984252 -0.0551181 0.15748 
vn -0.874016 -0.0787402 -0.488189 
vn 0.976378 -0.19685 0.00787402 
vn 0.637795 -0.204724 0.740157 
vn -0.992126 0.015748 0.0866142 
vn -0.653543 -0.503937 0.566929 
vn -0.582677 -0.370079 0.724409 
vn -0.614173 -0.19685 0.76378 
vn -0.614173 -0.19685 0.76378 
vn 0.149606 0.992126 0.015748 
vn 0.0708661 0.984252 -0.15748 
vn 0.377953 0.929134 -0.0393701 
vn -0.023622 0.984252 0.19685 
vn -0.228346 0.968504 0.0866142 
vn 0.23622 0.952756 0.204724 
vn 0.393701 0.889764 0.23622 
vn 0.204724 0.952756 0.220472 
vn 0.0314961 0.992126 0.0866142 
vn 0 0.992126 0.110236 
vn 0.204724 0.976378 -0.015748 
vn -0.125984 0.984252 0.133858 
vn 0.377953 0.92126 -0.0472441 
vn -0.291339 0.952756 -0.110236 
vn 0.0472441 1 -0.0472441 
vn 0.401575 0.913386 0.0708661 
vn -0.141732 0.992126 -0.023622 
vn 0.220472 0.968504 0.133858 
vn 0.0866142 1 0.00787402 
vn 0.322835 0.92126 0.204724 
vn 0.0314961 0.992126 -0.133858 
vn 0.480315 0.84252 0.251969 
vn 0.133858 0.889764 0.440945 
vn -0.125984 0.929134 0.338583 
vn -0.0551181 0.929134 0.370079 
vn 0.133858 0.913386 0.393701 
vn 0 0.905512 0.433071 
vn 0.0314961 0.929134 0.377953 
vn 0.15748 0.913386 0.377953 
vn 0.102362 0.984252 0.133858 
vn 0 -0.370079 -0.929134 
vn 0 -0.685039 -0.732283 
vn 0 -0.685039 -0.732283 
vn 0 -0.724409 0.692913 
vn 0 -0.149606 0.992126 
vn 0 -0.188976 0.984252 
vn 0 -0.125984 0.992126 
vn 0 -0.283465 0.96063 
vn 0 0.527559 0.850394 
vn 0 0.0866142 1 
vn 0 0.866142 0.496063 
vn 0 0.716535 0.692913 
vn 0 1 0.0472441 
vn 0 0.976378 0.228346 
vn 0 0.984252 0.181102 
vn 0 0.992126 -0.0944882 
vn 0 0.992126 -0.125984 
vn 0 1 0 
vn 0 0.976378 0.228346 
vn 0 0.80315 0.598425 
vn 0 0.976378 -0.19685 
vn 0 0.968504 -0.244094 
vn 0 0.622047 -0.779528 
vn 0 0.866142 -0.503937 
vn 0 0.527559 -0.850394 
vn 0 -0.551181 -0.834646 
vn 0 -0.314961 -0.952756 
vn 0 -0.708661 -0.708661 
vn 0 -0.527559 -0.850394 
vn 0 -0.984252 -0.188976 
vn 0 -0.637795 0.771654 
vn 0 -0.811024 0.582677 
vn 0 -0.637795 0.771654 
vn 0.700787 0.535433 -0.472441 
vn 0.409449 0.826772 -0.385827 
vn 0 0.80315 -0.598425 
vn 0 0.629921 0.779528 
vn 0.0551181 0.653543 0.755906 
vn 0.212598 0.637795 0.740157 
vn 0.433071 0.590551 0.685039 
vn 0.511811 0.574803 0.637795 
vn 0.590551 0.543307 0.598425 
vn 0.700787 0.535433 0.472441 
vn 0.708661 0.677165 0.188976 
vn 0.740157 0.590551 0.314961 
vn 0.716535 0.685039 0.125984 
vn 0.937008 0.354331 -0.0314961 
vn 0.76378 0.645669 -0.0866142 
vn 0.984252 0.19685 -0.015748 
vn 0.937008 0.102362 -0.330709 
vn 0.984252 0.181102 0 
vn 0.889764 0.19685 -0.409449 
vn 0.92126 0.267717 -0.299213 
vn 0.795276 0.362205 -0.488189 
vn 0.866142 0.314961 -0.377953 
vn 0.76378 0.259843 -0.590551 
vn 0.598425 0.314961 -0.732283 
vn 0.141732 0.779528 -0.614173 
vn 0.566929 0.267717 -0.779528 
vn 0.377953 0.19685 -0.905512 
vn -0.787402 -0.606299 0.11811 
vn -0.984252 0.023622 0.15748 
vn -0.992126 -0.015748 0.11811 
vn -0.622047 -0.685039 0.377953 
vn -0.622047 -0.685039 0.377953 
vn 0.669291 -0.716535 0.212598 
vn 0.984252 -0.0944882 -0.125984 
vn 0.976378 -0.0314961 -0.212598 
vn 0.976378 -0.0472441 -0.212598 
vn 0.984252 -0.0314961 -0.173228 
vn 0.992126 0.0866142 -0.00787402 
vn 0.968504 0.251969 -0.0472441 
vn 0.944882 0.307087 -0.0944882 
vn 0.992126 0.11811 -0.0944882 
vn 0.976378 0.204724 -0.102362 
vn 0.866142 0.496063 -0.0629921 
vn 0.708661 0.700787 -0.0551181 
vn 0.480315 0.874016 -0.0472441 
vn 0.299213 0.952756 -0.0944882 
vn 0.149606 0.984252 -0.00787402 
vn 0.0866142 0.96063 0.275591 
vn -0.102362 0.944882 0.307087 
vn 0.015748 0.976378 0.19685 
vn 0.220472 0.968504 0.11811 
vn -0.0393701 1 0.0393701 
vn -0.188976 0.968504 0.165354 
vn -0.110236 0.992126 0.015748 
vn 0.322835 0.913386 0.251969 
vn 0.212598 0.944882 0.244094 
vn 0.188976 0.968504 0.141732 
vn 0 0.992126 0.110236 
vn -0.598425 -0.748031 -0.283465 
vn -0.653543 -0.755906 0.0472441 
vn -0.740157 -0.669291 -0.0551181 
vn -0.96063 -0.15748 0.228346 
vn -0.984252 -0.15748 0.11811 
vn -0.76378 -0.629921 -0.133858 
vn -0.929134 -0.11811 0.346457 
vn -0.748031 -0.0944882 0.653543 
vn -0.858268 -0.102362 0.503937 
vn -0.811024 -0.582677 0.0551181 
vn -0.700787 -0.692913 0.149606 
vn -0.645669 -0.543307 0.535433 
vn -0.425197 -0.795276 0.433071 
vn -0.480315 -0.11811 0.866142 
vn -0.622047 -0.110236 0.779528 
vn -0.244094 -0.732283 0.637795 
vn -0.0866142 -0.80315 0.582677 
vn -0.165354 -0.141732 0.976378 
vn -0.314961 -0.133858 0.937008 
vn -0.299213 -0.440945 -0.84252 
vn -0.496063 -0.834646 -0.244094 
vn -0.314961 -0.913386 -0.267717 
vn -0.220472 -0.535433 -0.818898 
vn -0.409449 -0.889764 -0.212598 
vn -0.275591 -0.905512 -0.322835 
vn -0.598425 -0.322835 -0.732283 
vn -0.543307 -0.346457 -0.76378 
vn -0.0551181 -0.88189 -0.464567 
vn -0.0708661 -0.692913 -0.716535 
vn -0.653543 -0.023622 -0.755906 
vn -0.677165 -0.181102 -0.708661 
vn -0.259843 -0.566929 -0.779528 
vn -0.23622 -0.496063 -0.834646 
vn -0.84252 -0.0629921 -0.527559 
vn -0.755906 -0.0472441 -0.653543 
vn -0.834646 -0.0944882 -0.551181 
vn -0.377953 -0.259843 -0.889764 
vn -0.913386 -0.0472441 -0.409449 
vn -0.937008 -0.0314961 -0.354331 
vn -0.992126 -0.110236 -0.0787402 
vn -0.755906 -0.385827 0.527559 
vn -0.724409 -0.677165 0.0866142 
vn -0.992126 -0.11811 -0.0551181 
vn 0.0472441 -0.574803 -0.818898 
vn -0.598425 -0.0551181 -0.795276 
vn -1 -0.0472441 -0.015748 
vn -0.992126 -0.102362 0.0314961 
vn 0.748031 -0.653543 -0.11811 
vn 0.653543 -0.598425 -0.464567 
vn 0.496063 -0.566929 -0.661417 
vn 0.314961 -0.535433 -0.779528 
vn 0.212598 -0.629921 -0.748031 
vn 0.0787402 -0.724409 -0.685039 
vn 0.149606 -0.732283 -0.661417 
vn 0.204724 -0.700787 -0.685039 
vn 0.125984 -0.724409 -0.677165 
vn -0.244094 -0.456693 0.858268 
vn -0.0629921 -0.472441 0.88189 
vn 0.275591 -0.582677 0.76378 
vn 0.480315 -0.448819 0.755906 
vn 0.629921 -0.472441 0.614173 
vn 0.724409 -0.440945 0.535433 
vn 0.866142 -0.496063 -0.023622 
vn 0.929134 -0.370079 0 
vn 0.897638 -0.259843 -0.362205 
vn 0.779528 -0.267717 0.559055 
vn 0.724409 -0.629921 0.275591 
vn 0.818898 -0.448819 0.362205 
vn 0.748031 -0.653543 -0.11811 
vn 0.740157 -0.669291 -0.0393701 
vn 0.811024 -0.519685 -0.267717 
vn 0.653543 -0.598425 -0.464567 
vn 0.740157 -0.582677 -0.330709 
vn 0.496063 -0.566929 -0.661417 
vn 0.314961 -0.535433 -0.779528 
vn 0.645669 -0.590551 -0.488189 
vn 0.535433 -0.503937 -0.677165 
vn 0.212598 -0.629921 -0.748031 
vn 0.0787402 -0.724409 -0.685039 
vn 0.488189 -0.409449 -0.771654 
vn 0.362205 -0.503937 -0.787402 
vn 0.149606 -0.732283 -0.661417 
vn 0.204724 -0.700787 -0.685039 
vn 0.251969 -0.511811 -0.818898 
vn 0.0944882 -0.456693 -0.88189 
vn 0.125984 -0.724409 -0.677165 
vn -0.0629921 -0.472441 0.88189 
vn -0.244094 -0.456693 0.858268 
vn -0.015748 -0.834646 0.551181 
vn 0.188976 -0.826772 0.535433 
vn 0.480315 -0.448819 0.755906 
vn 0.275591 -0.582677 0.76378 
vn 0.188976 -0.826772 0.535433 
vn 0.283465 -0.889764 0.362205 
vn 0.629921 -0.472441 0.614173 
vn 0.472441 -0.787402 0.401575 
vn 0.614173 -0.700787 0.362205 
vn 0.724409 -0.440945 0.535433 
vn 0.866142 -0.496063 -0.023622 
vn 0.748031 -0.519685 0.417323 
vn 0.700787 -0.622047 0.338583 
vn 0.929134 -0.370079 0 
vn 0.976378 0 0.212598 
vn 0.897638 -0.259843 -0.362205 
vn 0.755906 -0.574803 0.299213 
vn 0.787402 -0.606299 0.11811 
vn 0.724409 -0.629921 0.275591 
vn 0.779528 -0.267717 0.559055 
vn 0.779528 -0.606299 0.125984 
vn 0.818898 -0.566929 0.0708661 
vn 0.748031 -0.590551 0.314961 
vn 0.818898 -0.448819 0.362205 
vn 0.992126 0.0314961 0.102362 
vn 0.787402 -0.606299 0.11811 
vn -0.322835 -0.346457 -0.88189 
vn -0.275591 -0.889764 -0.354331 
vn -0.314961 -0.88189 -0.354331 
vn -0.370079 -0.409449 -0.834646 
vn 0.102362 -0.685039 0.716535 
vn 0.102362 -0.598425 0.795276 
vn 0.322835 -0.732283 0.598425 
vn 0.102362 -0.685039 0.716535 
vn 0.102362 -0.598425 0.795276 
vn 0.393701 -0.779528 0.488189 
vn -0.952756 -0.102362 0.275591 
vn -0.913386 -0.0944882 0.401575 
vn -0.88189 0.0629921 0.464567 
vn -0.937008 0.15748 0.307087 
vn -0.992126 -0.0866142 0.0944882 
vn -0.984252 0.173228 0.0866142 
vn -0.96063 0.181102 -0.19685 
vn -0.984252 -0.0314961 -0.181102 
vn -1 -0.0472441 -0.0629921 
vn -0.992126 0.0314961 -0.133858 
vn -0.992126 0.0708661 -0.0944882 
vn -0.992126 0 -0.141732 
vn -0.826772 -0.173228 -0.535433 
vn -0.937008 -0.102362 -0.338583 
vn -0.984252 0 -0.181102 
vn -0.80315 -0.0708661 -0.590551 
vn -0.811024 -0.0866142 -0.582677 
vn -0.732283 -0.204724 -0.653543 
vn -0.748031 -0.0629921 -0.661417 
vn -0.622047 -0.433071 -0.653543 
vn -0.590551 -0.259843 -0.76378 
vn -0.559055 -0.141732 -0.818898 
vn -0.314961 -0.582677 -0.748031 
vn -0.330709 -0.724409 -0.606299 
vn -0.685039 -0.338583 -0.645669 
vn -0.496063 -0.614173 -0.614173 
vn -0.551181 -0.393701 -0.740157 
vn -0.582677 -0.244094 -0.771654 
vn -0.551181 -0.401575 -0.732283 
vn -0.393701 -0.566929 -0.724409 
vn -0.393701 -0.393701 -0.826772 
vn -0.393701 -0.433071 -0.811024 
vn -0.409449 -0.401575 -0.818898 
vn -0.417323 -0.448819 -0.787402 
vn -0.456693 -0.480315 -0.748031 
vn -0.354331 -0.582677 -0.732283 
vn -0.220472 -0.574803 -0.787402 
vn -0.480315 -0.433071 -0.755906 
vn -0.322835 -0.102362 0.937008 
vn -0.173228 -0.11811 0.976378 
vn -0.181102 -0.188976 0.968504 
vn -0.330709 -0.188976 0.929134 
vn -0.622047 -0.0944882 0.771654 
vn -0.472441 -0.102362 0.874016 
vn -0.503937 -0.149606 0.850394 
vn -0.653543 -0.0944882 0.755906 
vn -0.834646 -0.0866142 0.543307 
vn -0.748031 -0.0787402 0.661417 
vn -0.740157 -0.0314961 0.669291 
vn -0.818898 0.023622 0.566929 
vn -0.889764 0.338583 0.291339 
vn -0.92126 0.370079 0.125984 
vn -0.866142 0.181102 0.464567 
vn -0.76378 0.00787402 0.645669 
vn -0.818898 0.0944882 0.566929 
vn -0.566929 -0.173228 0.811024 
vn -0.685039 -0.0629921 0.724409 
vn -0.173228 -0.283465 0.944882 
vn -0.346457 -0.275591 0.897638 
vn -0.503937 -0.267717 -0.818898 
vn -0.503937 -0.291339 -0.811024 
vn -0.212598 -0.606299 -0.76378 
vn -0.480315 -0.551181 -0.685039 
vn -0.0944882 -0.88189 -0.456693 
vn -0.314961 -0.700787 -0.645669 
vn -0.716535 -0.425197 -0.551181 
vn -0.488189 -0.685039 -0.543307 
vn -0.976378 0.204724 -0.0787402 
vn -0.858268 0.110236 -0.503937 
vn -0.992126 0.015748 -0.149606 
vn -0.937008 0.322835 -0.133858 
vn -0.19685 -0.80315 -0.559055 
vn -0.984252 0.149606 -0.0629921 
vn -0.425197 -0.440945 -0.795276 
vn -0.425197 -0.251969 -0.866142 
vn -0.834646 0.480315 0.251969 
vn -0.76378 0.606299 0.220472 
vn -0.795276 0.590551 0.141732 
vn -0.858268 0.488189 0.149606 
vn -0.850394 0.307087 0.425197 
vn -0.795276 0.472441 0.370079 
vn -0.80315 0.220472 0.551181 
vn -0.740157 0.173228 0.645669 
vn -0.653543 0.433071 0.622047 
vn -0.76378 0.401575 0.503937 
vn -0.677165 0.173228 0.716535 
vn -0.582677 0.11811 0.80315 
vn -0.496063 0.472441 0.732283 
vn -0.582677 0.464567 0.669291 
vn -0.354331 0.0551181 0.937008 
vn -0.149606 0.0787402 0.984252 
vn -0.0708661 0.527559 0.84252 
vn -0.291339 0.480315 0.826772 
vn -0.480315 0.622047 -0.622047 
vn -0.700787 0.425197 -0.574803 
vn -0.425197 0.669291 -0.614173 
vn -0.488189 0.724409 -0.488189 
vn -0.614173 0.228346 -0.755906 
vn -0.251969 0.338583 -0.905512 
vn -0.212598 0.370079 -0.905512 
vn -0.377953 0.409449 -0.834646 
vn -0.708661 0.0551181 -0.700787 
vn -0.692913 -0.251969 -0.677165 
vn -0.76378 0.503937 -0.409449 
vn -0.748031 0.354331 -0.559055 
vn -0.858268 -0.220472 -0.456693 
vn -0.897638 -0.0944882 -0.433071 
vn -0.897638 0.23622 -0.362205 
vn -0.913386 0.330709 -0.244094 
vn -0.92126 0.188976 -0.346457 
vn -0.96063 0.283465 -0.023622 
vn -0.992126 0.133858 -0.015748 
vn -0.944882 0.0866142 -0.322835 
vn -0.929134 0.354331 -0.11811 
vn -0.976378 0.188976 -0.125984 
vn -0.866142 0.480315 -0.11811 
vn -0.976378 0.204724 -0.0472441 
vn -0.771654 -0.299213 -0.559055 
vn -0.858268 0.401575 -0.314961 
vn -0.992126 0.133858 -0.0314961 
vn -0.968504 0.23622 -0.0551181 
vn -0.685039 0.346457 -0.645669 
vn -0.559055 0.527559 -0.637795 
vn -0.283465 0.433071 -0.858268 
vn -0.566929 0.00787402 -0.826772 
vn -0.661417 0.732283 0.15748 
vn -0.653543 0.740157 0.15748 
vn -0.622047 0.771654 0.110236 
vn -0.677165 0.724409 0.125984 
vn -0.677165 0.685039 0.259843 
vn -0.614173 0.755906 0.228346 
vn -0.535433 0.661417 0.519685 
vn -0.417323 0.80315 0.417323 
vn -0.543307 0.771654 0.330709 
vn -0.629921 0.669291 0.401575 
vn -0.338583 0.724409 0.606299 
vn -0.173228 0.88189 0.440945 
vn -0.307087 0.834646 0.456693 
vn -0.472441 0.661417 0.582677 
vn -0.0944882 0.740157 0.669291 
vn -0.0944882 0.866142 0.488189 
vn -0.133858 0.88189 0.440945 
vn -0.173228 0.76378 0.629921 
vn -0.220472 0.913386 -0.330709 
vn -0.456693 0.88189 -0.133858 
vn -0.393701 0.566929 -0.724409 
vn -0.393701 0.464567 -0.795276 
vn -0.385827 0.905512 -0.181102 
vn -0.23622 0.968504 -0.0551181 
vn -0.503937 0.748031 -0.425197 
vn -0.724409 0.551181 -0.425197 
vn -0.653543 0.740157 -0.15748 
vn -0.716535 0.629921 -0.314961 
vn -0.496063 0.850394 -0.173228 
vn -0.622047 0.787402 -0.0472441 
vn -0.88189 0.409449 -0.244094 
vn -0.874016 0.393701 -0.291339 
vn -0.692913 0.716535 -0.0787402 
vn -0.669291 0.740157 -0.0866142 
vn -0.874016 0.488189 -0.00787402 
vn -0.724409 0.685039 0.023622 
vn -0.716535 0.692913 -0.0866142 
vn -0.850394 0.440945 -0.275591 
vn -0.732283 0.685039 -0.0314961 
vn -0.629921 0.771654 0.023622 
vn -0.724409 0.685039 -0.0472441 
vn -0.834646 0.551181 0.015748 
vn -0.818898 0.488189 -0.314961 
vn -0.559055 0.80315 -0.212598 
vn -0.740157 0.677165 0.00787402 
vn -0.850394 0.519685 -0.023622 
vn -0.322835 0.425197 -0.84252 
vn -0.645669 0.566929 -0.519685 
vn -0.582677 0.559055 -0.590551 
vn -0.346457 0.614173 -0.708661 
vn -0.0708661 0.992126 0.110236 
vn 0.00787402 0.992126 0.110236 
vn 0.149606 0.976378 0.165354 
vn 0.0944882 0.984252 0.173228 
vn 0.141732 0.984252 0.0629921 
vn 0.149606 0.976378 0.149606 
vn 0.0866142 0.992126 -0.0472441 
vn 0.0866142 0.992126 -0.0551181 
vn -0.0314961 1 0 
vn 0.0472441 1 0.0629921 
vn 0.141732 0.992126 0.0314961 
vn 0.110236 0.992126 0.0551181 
vn -0.00787402 1 0.0629921 
vn 0.0708661 1 0.015748 
vn -0.015748 1 0.0629921 
vn -0.267717 0.96063 0.0708661 
vn -0.283465 0.944882 0.149606 
vn -0.125984 0.984252 0.102362 
vn -0.212598 0.88189 0.417323 
vn -0.125984 0.88189 0.456693 
vn -0.181102 0.952756 0.251969 
vn -0.0944882 0.968504 0.212598 
vn -0.291339 0.937008 0.188976 
vn -0.346457 0.937008 0.0708661 
vn -0.496063 0.850394 0.15748 
vn -0.472441 0.84252 0.259843 
vn -0.370079 0.929134 0.00787402 
vn -0.456693 0.889764 -0.0393701 
vn -0.559055 0.818898 0.102362 
vn -0.472441 0.850394 0.228346 
vn -0.307087 0.952756 -0.023622 
vn -0.299213 0.952756 0.023622 
vn -0.377953 0.92126 0.015748 
vn -0.393701 0.92126 0 
vn -0.307087 0.944882 -0.0944882 
vn -0.19685 0.984252 -0.00787402 
vn -0.283465 0.96063 0.00787402 
vn -0.307087 0.952756 -0.0472441 
vn -0.165354 0.984252 0.0787402 
vn 0.00787402 0.992126 0.110236 
vn 0.0472441 1 -0.0472441 
vn -0.283465 0.96063 -0.0314961 
vn -0.251969 0.96063 -0.149606 
vn -0.299213 0.944882 -0.0944882 
vn -0.125984 0.992126 -0.023622 
vn -0.299213 0.952756 -0.0944882 
vn -0.362205 0.874016 0.322835 
vn -0.503937 0.826772 0.251969 
vn -0.370079 0.905512 0.204724 
vn -0.322835 0.897638 0.307087 
vn -0.362205 -0.125984 -0.92126 
vn 0.748031 -0.15748 -0.645669 
vn 0.598425 -0.748031 -0.283465 
vn -0.527559 -0.755906 -0.385827 
vn -0.606299 -0.622047 0.496063 
vn 0.653543 -0.503937 0.566929 
vn 0.582677 -0.370079 0.724409 
vn -0.708661 -0.354331 0.614173 
vn -0.0472441 0.976378 0.19685 
vn -0.0551181 0.976378 0.204724 
vn -0.0393701 0.976378 0.220472 
vn -0.0551181 0.968504 0.244094 
vn -0.267717 0.952756 0.165354 
vn -0.125984 0.968504 0.220472 
vn -0.393701 0.913386 0.0629921 
vn -0.314961 0.944882 0.0944882 
vn -0.417323 0.905512 0.00787402 
vn -0.409449 0.913386 0.023622 
vn -0.488189 0.866142 -0.0708661 
vn -0.503937 0.866142 -0.0472441 
vn -0.472441 0.88189 0.00787402 
vn -0.480315 0.874016 0 
vn -0.456693 0.889764 0.0629921 
vn -0.417323 0.905512 0.0629921 
vn -0.299213 0.952756 -0.0866142 
vn -0.370079 0.929134 -0.0314961 
vn -0.590551 0.80315 0.0787402 
vn -0.669291 0.732283 0.102362 
vn -0.559055 0.795276 -0.244094 
vn -0.433071 0.897638 0.0708661 
vn -0.370079 0.874016 -0.322835 
vn -0.511811 0.850394 -0.11811 
vn -0.385827 0.897638 -0.204724 
vn -0.582677 -0.80315 0.102362 
vn 0.110236 -0.992126 -0.0629921 
vn 0.0944882 -0.992126 -0.11811 
vn 0.110236 -0.992126 -0.110236 
vn 0.11811 -0.984252 -0.141732 
vn 0.0472441 -0.96063 -0.259843 
vn -0.102362 -0.937008 -0.330709 
vn 0.110236 -0.96063 -0.267717 
vn 0.259843 -0.944882 -0.212598 
vn 0.015748 -0.984252 -0.165354 
vn 0 -0.984252 -0.15748 
vn -0.0944882 -0.992126 -0.0708661 
vn -0.0551181 -0.992126 -0.125984 
vn 0.00787402 -0.992126 -0.141732 
vn 0.0393701 -0.992126 -0.125984 
vn 0.133858 -0.992126 -0.0314961 
vn 0.102362 -0.992126 0.0551181 
vn 0.133858 -0.992126 0.0551181 
vn 0.125984 -0.992126 0.023622 
vn 0.133858 -0.992126 0.015748 
vn 0.11811 -0.992126 0.0708661 
vn 0.0866142 -0.992126 -0.102362 
vn 0.125984 -0.992126 0.023622 
vn -0.00787402 -0.992126 -0.0944882 
vn -0.0551181 -1 -0.0629921 
vn 0.125984 -0.992126 0.023622 
vn 0 -1 0 
vn -0.92126 -0.00787402 -0.385827 
vn -0.385827 0 -0.92126 
vn 0.874016 -0.0787402 -0.488189 
vn 0.984252 -0.0551181 0.15748 
vn 0.598425 -0.748031 -0.283465 
vn 0.748031 -0.15748 -0.645669 
vn 0.874016 -0.0787402 -0.488189 
vn -0.976378 -0.19685 0.00787402 
vn -0.637795 -0.204724 0.740157 
vn 0.992126 0.015748 0.0866142 
vn 0.614173 -0.19685 0.76378 
vn 0.582677 -0.370079 0.724409 
vn 0.653543 -0.503937 0.566929 
vn 0.614173 -0.19685 0.76378 
vn -0.149606 0.992126 0.015748 
vn -0.0708661 0.984252 -0.15748 
vn -0.377953 0.929134 -0.0393701 
vn 0.023622 0.976378 0.19685 
vn 0.228346 0.968504 0.0866142 
vn -0.23622 0.952756 0.204724 
vn -0.385827 0.889764 0.23622 
vn -0.204724 0.952756 0.220472 
vn -0.0314961 0.992126 0.0866142 
vn 0 0.992126 0.110236 
vn -0.19685 0.976378 -0.015748 
vn 0.125984 0.984252 0.133858 
vn -0.377953 0.92126 -0.0472441 
vn 0.291339 0.952756 -0.110236 
vn -0.0472441 1 -0.0472441 
vn -0.401575 0.913386 0.0708661 
vn 0.141732 0.992126 -0.023622 
vn -0.220472 0.968504 0.133858 
vn -0.0866142 1 0.00787402 
vn -0.0314961 0.992126 -0.133858 
vn -0.322835 0.92126 0.204724 
vn -0.133858 0.889764 0.440945 
vn -0.480315 0.84252 0.251969 
vn 0.0551181 0.929134 0.370079 
vn 0.125984 0.929134 0.338583 
vn 0 0.905512 0.433071 
vn -0.133858 0.913386 0.393701 
vn -0.0314961 0.929134 0.377953 
vn -0.15748 0.913386 0.377953 
vn -0.102362 0.984252 0.133858 
vn -0.409449 0.826772 -0.385827 
vn -0.700787 0.535433 -0.472441 
vn -0.0551181 0.653543 0.755906 
vn -0.212598 0.637795 0.740157 
vn -0.433071 0.590551 0.685039 
vn -0.511811 0.574803 0.637795 
vn -0.590551 0.543307 0.598425 
vn -0.700787 0.535433 0.472441 
vn -0.740157 0.590551 0.314961 
vn -0.708661 0.677165 0.188976 
vn -0.716535 0.685039 0.125984 
vn -0.76378 0.645669 -0.0866142 
vn -0.937008 0.354331 -0.0314961 
vn -0.984252 0.19685 -0.015748 
vn -0.984252 0.181102 0 
vn -0.937008 0.102362 -0.330709 
vn -0.889764 0.19685 -0.409449 
vn -0.92126 0.267717 -0.299213 
vn -0.866142 0.314961 -0.377953 
vn -0.795276 0.362205 -0.488189 
vn -0.76378 0.259843 -0.590551 
vn -0.141732 0.779528 -0.614173 
vn -0.598425 0.314961 -0.732283 
vn -0.566929 0.267717 -0.779528 
vn -0.377953 0.19685 -0.905512 
vn 0.787402 -0.606299 0.11811 
vn 0.984252 0.023622 0.15748 
vn 0.992126 -0.015748 0.11811 
vn 0.622047 -0.685039 0.377953 
vn -0.669291 -0.716535 0.212598 
vn 0.622047 -0.685039 0.377953 
vn -0.984252 -0.0944882 -0.125984 
vn -0.976378 -0.0314961 -0.212598 
vn -0.976378 -0.0472441 -0.212598 
vn -0.984252 -0.0314961 -0.173228 
vn -0.992126 0.0866142 -0.00787402 
vn -0.968504 0.251969 -0.0472441 
vn -0.944882 0.307087 -0.0944882 
vn -0.992126 0.11811 -0.0944882 
vn -0.976378 0.204724 -0.102362 
vn -0.866142 0.496063 -0.0629921 
vn -0.708661 0.700787 -0.0551181 
vn -0.480315 0.874016 -0.0472441 
vn -0.299213 0.952756 -0.0944882 
vn -0.15748 0.984252 -0.00787402 
vn -0.0866142 0.96063 0.275591 
vn 0.102362 0.944882 0.307087 
vn -0.00787402 0.976378 0.19685 
vn -0.220472 0.968504 0.11811 
vn 0.0314961 1 0.0393701 
vn 0.188976 0.968504 0.165354 
vn 0.110236 0.992126 0.015748 
vn -0.322835 0.913386 0.251969 
vn -0.212598 0.944882 0.244094 
vn -0.188976 0.968504 0.141732 
vn 0.598425 -0.748031 -0.283465 

vt 0.867086 0.130932 
vt 0.86766 0.124126 
vt 0.880709 0.136024 
vt 0.879772 0.142437 
vt 0.852385 0.107539 
vt 0.852565 0.100196 
vt 0.823701 0.06511 
vt 0.824184 0.0573958 
vt 0.840902 0.084415 
vt 0.84086 0.0918747 
vt 0.799458 0.0452392 
vt 0.800319 0.037758 
vt 0.812732 0.0511998 
vt 0.812294 0.0607685 
vt 0.77291 0.0410739 
vt 0.773735 0.0328923 
vt 0.786832 0.0365453 
vt 0.785909 0.0449331 
vt 0.986365 0.352991 
vt 0.981472 0.350207 
vt 0.983545 0.345999 
vt 0.988883 0.348671 
vt 0.946464 0.292307 
vt 0.947007 0.288442 
vt 0.956738 0.307347 
vt 0.955646 0.31008 
vt 0.93839 0.263158 
vt 0.938801 0.259885 
vt 0.943324 0.275545 
vt 0.942915 0.279049 
vt 0.925548 0.194628 
vt 0.926682 0.188882 
vt 0.930911 0.219497 
vt 0.930317 0.223336 
vt 0.923247 0.164291 
vt 0.918752 0.160769 
vt 0.921291 0.153612 
vt 0.925792 0.156297 
vt 0.908215 0.151907 
vt 0.893983 0.150229 
vt 0.895742 0.145247 
vt 0.910019 0.143963 
vt 0.933867 0.240854 
vt 0.934095 0.237062 
vt 0.911152 0.15374 
vt 0.91352 0.146968 
vt 0.869808 0.117701 
vt 0.881926 0.128774 
vt 0.855125 0.0943019 
vt 0.826417 0.0519841 
vt 0.843709 0.0786409 
vt 0.801802 0.0305313 
vt 0.814366 0.0429245 
vt 0.774439 0.0247282 
vt 0.787838 0.0287064 
vt 0.986485 0.336977 
vt 0.990335 0.339869 
vt 0.953292 0.275484 
vt 0.960238 0.295645 
vt 0.941821 0.254553 
vt 0.948252 0.267649 
vt 0.930326 0.188197 
vt 0.93352 0.218126 
vt 0.928801 0.158487 
vt 0.896117 0.138342 
vt 0.90872 0.134831 
vt 0.937014 0.235348 
vt 0.899986 0.0566289 
vt 0.905854 0.0569561 
vt 0.903351 0.0361905 
vt 0.897164 0.0369578 
vt 0.89465 0.0604056 
vt 0.88853 0.0360756 
vt 0.884326 0.0697647 
vt 0.890663 0.0642006 
vt 0.882248 0.0362472 
vt 0.872337 0.0363058 
vt 0.876134 0.0830181 
vt 0.879547 0.0745122 
vt 0.867314 0.0408958 
vt 0.860858 0.0448258 
vt 0.869926 0.0998749 
vt 0.873055 0.0912156 
vt 0.857005 0.0537597 
vt 0.852153 0.0617641 
vt 0.950027 0.112367 
vt 0.941678 0.118165 
vt 0.941835 0.120818 
vt 0.95132 0.114262 
vt 0.936556 0.0838745 
vt 0.935319 0.0859759 
vt 0.938182 0.0925145 
vt 0.940884 0.0903906 
vt 0.932894 0.0764045 
vt 0.934351 0.0818481 
vt 0.935954 0.0780152 
vt 0.934306 0.0704425 
vt 0.925926 0.0616727 
vt 0.930161 0.0665374 
vt 0.930595 0.0543283 
vt 0.925722 0.0426358 
vt 0.921043 0.0296416 
vt 0.92097 0.0578762 
vt 0.921969 0.0582212 
vt 0.922763 0.0301975 
vt 0.909998 0.0349033 
vt 0.910295 0.0550098 
vt 0.915828 0.0562562 
vt 0.915669 0.0305425 
vt 0.931493 0.071267 
vt 0.932573 0.0615719 
vt 0.919429 0.0573311 
vt 0.919107 0.0307047 
vt 0.971883 0.337421 
vt 0.962197 0.322992 
vt 0.96376 0.320435 
vt 0.973655 0.334149 
vt 0.966652 0.310786 
vt 0.976422 0.32497 
vt 0.940174 0.0982802 
vt 0.94046 0.109318 
vt 0.946405 0.104237 
vt 0.943981 0.0956781 
vt 0.846195 0.167073 
vt 0.848911 0.142108 
vt 0.861825 0.163972 
vt 0.859539 0.18052 
vt 0.874752 0.174225 
vt 0.871759 0.190488 
vt 0.895548 0.20513 
vt 0.882661 0.196771 
vt 0.886312 0.178638 
vt 0.899319 0.186868 
vt 0.900071 0.209006 
vt 0.9038 0.193328 
vt 0.908567 0.219455 
vt 0.910518 0.202469 
vt 0.913134 0.205749 
vt 0.912399 0.224417 
vt 0.920854 0.22127 
vt 0.917724 0.237747 
vt 0.928977 0.244082 
vt 0.925451 0.2611 
vt 0.928457 0.273019 
vt 0.932577 0.259823 
vt 0.935842 0.276378 
vt 0.932462 0.285921 
vt 0.940534 0.294414 
vt 0.937808 0.303615 
vt 0.947152 0.335096 
vt 0.941375 0.321214 
vt 0.943658 0.311199 
vt 0.950849 0.327443 
vt 0.957746 0.368278 
vt 0.951169 0.353095 
vt 0.956292 0.339257 
vt 0.964571 0.355373 
vt 0.970217 0.394676 
vt 0.964456 0.384051 
vt 0.972647 0.372118 
vt 0.977479 0.376204 
vt 0.767639 0.122769 
vt 0.769496 0.0847431 
vt 0.782695 0.0852606 
vt 0.781233 0.121705 
vt 0.794731 0.125517 
vt 0.796327 0.0896186 
vt 0.810382 0.095642 
vt 0.808617 0.134642 
vt 0.819983 0.143912 
vt 0.822404 0.107757 
vt 0.838152 0.127962 
vt 0.835687 0.157952 
vt 0.870676 0.197241 
vt 0.858242 0.18847 
vt 0.844703 0.178565 
vt 0.834289 0.171711 
vt 0.819033 0.162352 
vt 0.807215 0.156026 
vt 0.793795 0.150318 
vt 0.780496 0.150674 
vt 0.766508 0.152447 
vt 0.956839 0.429311 
vt 0.953071 0.419186 
vt 0.941791 0.347756 
vt 0.93685 0.340023 
vt 0.933841 0.317677 
vt 0.928391 0.292303 
vt 0.92257 0.267336 
vt 0.915639 0.244742 
vt 0.910072 0.229863 
vt 0.906003 0.225197 
vt 0.893713 0.213617 
vt 0.881164 0.203158 
vt 0.925095 0.278979 
vt 0.898269 0.216968 
vt 0.949256 0.389776 
vt 0.942943 0.367244 
vt 0.868874 0.208122 
vt 0.856544 0.200388 
vt 0.857366 0.194229 
vt 0.869891 0.201912 
vt 0.843499 0.194623 
vt 0.843839 0.18688 
vt 0.833377 0.181257 
vt 0.833475 0.190028 
vt 0.818921 0.187838 
vt 0.818206 0.175867 
vt 0.806955 0.171561 
vt 0.808319 0.185461 
vt 0.795403 0.186235 
vt 0.793616 0.169797 
vt 0.780404 0.170465 
vt 0.782173 0.185902 
vt 0.769575 0.194434 
vt 0.767501 0.1751 
vt 0.939491 0.444093 
vt 0.93993 0.426357 
vt 0.944766 0.438411 
vt 0.94602 0.450534 
vt 0.936247 0.357144 
vt 0.932643 0.359768 
vt 0.930656 0.352684 
vt 0.933587 0.349618 
vt 0.930671 0.327507 
vt 0.92729 0.331045 
vt 0.922356 0.302654 
vt 0.92541 0.297817 
vt 0.920725 0.271656 
vt 0.917316 0.275854 
vt 0.911393 0.254723 
vt 0.914052 0.249856 
vt 0.908217 0.233782 
vt 0.906813 0.23928 
vt 0.90294 0.235289 
vt 0.904221 0.22966 
vt 0.892356 0.219297 
vt 0.890799 0.225721 
vt 0.879151 0.212492 
vt 0.880095 0.20764 
vt 0.919302 0.288032 
vt 0.922725 0.283506 
vt 0.895766 0.228538 
vt 0.897059 0.222392 
vt 0.93462 0.394219 
vt 0.933499 0.378314 
vt 0.937118 0.373242 
vt 0.941344 0.402464 
vt 0.863179 0.239708 
vt 0.851709 0.231449 
vt 0.854675 0.21286 
vt 0.866439 0.221106 
vt 0.839986 0.228496 
vt 0.841732 0.210295 
vt 0.831176 0.22594 
vt 0.819948 0.228561 
vt 0.820083 0.211987 
vt 0.831933 0.208235 
vt 0.811581 0.230109 
vt 0.802181 0.235086 
vt 0.799913 0.219001 
vt 0.811464 0.21483 
vt 0.79213 0.239838 
vt 0.782868 0.248567 
vt 0.779634 0.236057 
vt 0.789011 0.224585 
vt 0.919469 0.444222 
vt 0.914131 0.446754 
vt 0.915696 0.434164 
vt 0.923194 0.432802 
vt 0.921905 0.36669 
vt 0.916672 0.374785 
vt 0.916053 0.359584 
vt 0.919985 0.35624 
vt 0.918805 0.339009 
vt 0.91255 0.34135 
vt 0.908823 0.317848 
vt 0.916437 0.310521 
vt 0.911444 0.284399 
vt 0.90362 0.294757 
vt 0.898794 0.277277 
vt 0.906507 0.26409 
vt 0.89542 0.263033 
vt 0.89235 0.259514 
vt 0.900574 0.245176 
vt 0.904113 0.248986 
vt 0.882431 0.2512 
vt 0.872972 0.243546 
vt 0.876692 0.225093 
vt 0.887995 0.235809 
vt 0.905747 0.305238 
vt 0.913384 0.295861 
vt 0.886849 0.253404 
vt 0.893311 0.237968 
vt 0.922952 0.402789 
vt 0.917705 0.408805 
vt 0.918891 0.395243 
vt 0.924473 0.384878 
vt 0.856362 0.28831 
vt 0.855564 0.298934 
vt 0.849938 0.296187 
vt 0.849943 0.283927 
vt 0.842691 0.297805 
vt 0.840826 0.286188 
vt 0.834203 0.286374 
vt 0.837352 0.298278 
vt 0.830906 0.299381 
vt 0.826297 0.286937 
vt 0.820639 0.287824 
vt 0.826138 0.300587 
vt 0.821209 0.305392 
vt 0.814573 0.293171 
vt 0.808353 0.297853 
vt 0.816062 0.31005 
vt 0.811939 0.318064 
vt 0.804102 0.305845 
vt 0.894415 0.43206 
vt 0.887064 0.420955 
vt 0.891129 0.413298 
vt 0.899492 0.424982 
vt 0.89144 0.38113 
vt 0.890348 0.368146 
vt 0.897433 0.369093 
vt 0.899476 0.384206 
vt 0.887162 0.357973 
vt 0.883416 0.344885 
vt 0.889362 0.340094 
vt 0.893749 0.356193 
vt 0.884666 0.326011 
vt 0.880038 0.331586 
vt 0.877667 0.31974 
vt 0.880801 0.313697 
vt 0.873364 0.312238 
vt 0.871893 0.310243 
vt 0.875061 0.301882 
vt 0.876555 0.303897 
vt 0.866352 0.303057 
vt 0.860256 0.301451 
vt 0.861758 0.291882 
vt 0.868581 0.295317 
vt 0.881504 0.337878 
vt 0.886805 0.332705 
vt 0.869743 0.30714 
vt 0.872785 0.298775 
vt 0.89193 0.402183 
vt 0.892282 0.390724 
vt 0.900978 0.397174 
vt 0.900815 0.409444 
vt 0.931293 0.137715 
vt 0.930423 0.14494 
vt 0.928083 0.143176 
vt 0.927673 0.135686 
vt 0.912219 0.133195 
vt 0.91666 0.130931 
vt 0.917484 0.137317 
vt 0.913335 0.140121 
vt 0.785912 0.258833 
vt 0.794009 0.250211 
vt 0.80313 0.24651 
vt 0.811925 0.241536 
vt 0.830791 0.242453 
vt 0.820053 0.242716 
vt 0.84898 0.247751 
vt 0.83845 0.244808 
vt 0.859843 0.255992 
vt 0.868804 0.261794 
vt 0.877306 0.264286 
vt 0.881017 0.267431 
vt 0.88735 0.276549 
vt 0.884825 0.272949 
vt 0.892314 0.290653 
vt 0.896978 0.306421 
vt 0.899038 0.316133 
vt 0.902227 0.326162 
vt 0.907631 0.34969 
vt 0.912404 0.384259 
vt 0.911408 0.366411 
vt 0.911016 0.41346 
vt 0.913427 0.401088 
vt 0.906894 0.448519 
vt 0.909245 0.43536 
vt 0.904058 0.0832014 
vt 0.907702 0.0827565 
vt 0.900361 0.0858236 
vt 0.893661 0.0928197 
vt 0.897556 0.0877328 
vt 0.888365 0.101855 
vt 0.890796 0.0962566 
vt 0.885077 0.114099 
vt 0.886155 0.107024 
vt 0.927591 0.11942 
vt 0.927693 0.121625 
vt 0.925898 0.0975419 
vt 0.926674 0.103014 
vt 0.924154 0.0922478 
vt 0.925025 0.0955164 
vt 0.919453 0.0854758 
vt 0.922332 0.0877122 
vt 0.91694 0.0827655 
vt 0.917509 0.0828499 
vt 0.91065 0.0819334 
vt 0.913999 0.0823089 
vt 0.923196 0.0897475 
vt 0.916072 0.0826337 
vt 0.92695 0.107373 
vt 0.927119 0.113403 
vt 0.906262 0.123327 
vt 0.884003 0.119838 
vt 0.927776 0.123327 
vt 0.911015 0.10549 
vt 0.916463 0.0826938 
vt 0.924044 0.145965 
vt 0.926761 0.150372 
vt 0.92943 0.152268 
vt 0.923079 0.0242879 
vt 0.922596 0.0213718 
vt 0.921534 0.0258161 
vt 0.922689 0.0274075 
vt 0.915321 0.142236 
vt 0.911514 0.142076 
vt 0.918497 0.027984 
vt 0.917858 0.0249977 
vt 0.916313 0.0277412 
vt 0.915845 0.0293261 
vt 0.910152 0.134268 
vt 0.867952 0.385744 
vt 0.863889 0.389861 
vt 0.868319 0.374043 
vt 0.871227 0.369367 
vt 0.874612 0.365436 
vt 0.874373 0.359258 
vt 0.871925 0.352393 
vt 0.8686 0.343405 
vt 0.869766 0.338382 
vt 0.860772 0.323696 
vt 0.857279 0.327562 
vt 0.859102 0.325335 
vt 0.856342 0.332955 
vt 0.854182 0.341215 
vt 0.855603 0.336667 
vt 0.848628 0.346934 
vt 0.851559 0.342779 
vt 0.840953 0.362315 
vt 0.845693 0.35792 
vt 0.860157 0.38681 
vt 0.864766 0.383495 
vt 0.864667 0.371598 
vt 0.861782 0.357744 
vt 0.864018 0.355595 
vt 0.865288 0.349998 
vt 0.864376 0.344088 
vt 0.863075 0.335919 
vt 0.864568 0.333327 
vt 0.865674 0.330912 
vt 0.870235 0.334785 
vt 0.867356 0.105914 
vt 0.849586 0.0699329 
vt 0.763825 0.025736 
vt 0.762936 0.0343183 
vt 0.762074 0.0427201 
vt 0.757662 0.123873 
vt 0.759182 0.0841239 
vt 0.757698 0.156122 
vt 0.761759 0.19993 
vt 0.758791 0.179232 
vt 0.776631 0.257294 
vt 0.772366 0.244885 
vt 0.801623 0.309363 
vt 0.780603 0.267157 
vt 0.809328 0.322954 
vt 0.837721 0.374623 
vt 0.859223 0.402167 
vt 0.855898 0.40105 
vt 0.886359 0.434217 
vt 0.89414 0.447348 
vt 0.903742 0.468659 
vt 0.916869 0.466949 
vt 0.910304 0.467297 
vt 0.941599 0.458775 
vt 0.949225 0.465574 
vt 0.975578 0.407038 
vt 0.960612 0.442792 
vt 0.981353 0.384815 
vt 0.990458 0.355678 
vt 0.99294 0.350575 
vt 0.993456 0.341669 
vt 0.941974 0.12304 
vt 0.952332 0.115779 
vt 0.925541 0.460211 
vt 0.92643 0.444208 
vt 0.923336 0.478998 
vt 0.764898 0.216845 
vt 0.772685 0.211348 
vt 0.784212 0.202918 
vt 0.796196 0.199971 
vt 0.80868 0.19828 
vt 0.819557 0.196806 
vt 0.832809 0.197306 
vt 0.855811 0.206269 
vt 0.842777 0.201325 
vt 0.867823 0.214307 
vt 0.889152 0.230706 
vt 0.87803 0.218411 
vt 0.894526 0.233448 
vt 0.905222 0.244131 
vt 0.901763 0.240257 
vt 0.908724 0.259878 
vt 0.914034 0.280666 
vt 0.919086 0.306954 
vt 0.916078 0.29241 
vt 0.923694 0.344613 
vt 0.926259 0.367528 
vt 0.924703 0.358275 
vt 0.927757 0.381572 
vt 0.928273 0.399871 
vt 0.920125 0.0575749 
vt 0.920136 0.0301994 
vt 0.92018 0.0263697 
vt 0.920761 0.0218214 
vt 0.924194 0.128538 
vt 0.924305 0.135917 
vt 0.920831 0.144204 
vt 0.916004 0.158761 
vt 0.918058 0.151392 
vt 0.907679 0.198655 
vt 0.90408 0.213906 
vt 0.901629 0.221303 
vt 0.899976 0.226219 
vt 0.898769 0.231868 
vt 0.897496 0.236793 
vt 0.89618 0.24163 
vt 0.88902 0.256525 
vt 0.882662 0.269869 
vt 0.873803 0.300179 
vt 0.870698 0.30853 
vt 0.862845 0.32669 
vt 0.8614 0.328714 
vt 0.85959 0.330905 
vt 0.858702 0.335853 
vt 0.857848 0.339663 
vt 0.856296 0.344942 
vt 0.853878 0.346324 
vt 0.853118 0.353276 
vt 0.850636 0.363315 
vt 0.845964 0.367038 
vt 0.841852 0.37568 
vt 0.928337 0.128722 
vt 0.880709 0.136024 
vt 0.86766 0.124126 
vt 0.867086 0.130932 
vt 0.879772 0.142437 
vt 0.852565 0.100196 
vt 0.852385 0.107539 
vt 0.823701 0.06511 
vt 0.84086 0.0918747 
vt 0.840902 0.084415 
vt 0.824184 0.0573958 
vt 0.812732 0.0511998 
vt 0.800319 0.037758 
vt 0.799458 0.0452392 
vt 0.812294 0.0607685 
vt 0.786832 0.0365453 
vt 0.773735 0.0328923 
vt 0.77291 0.0410739 
vt 0.785909 0.0449331 
vt 0.986365 0.352991 
vt 0.988883 0.348671 
vt 0.983545 0.345999 
vt 0.981472 0.350207 
vt 0.956738 0.307347 
vt 0.947007 0.288442 
vt 0.946464 0.292307 
vt 0.955646 0.31008 
vt 0.943324 0.275545 
vt 0.938801 0.259885 
vt 0.93839 0.263158 
vt 0.942915 0.279049 
vt 0.930911 0.219497 
vt 0.926682 0.188882 
vt 0.925548 0.194628 
vt 0.930317 0.223336 
vt 0.923247 0.164291 
vt 0.925792 0.156297 
vt 0.921291 0.153612 
vt 0.918752 0.160769 
vt 0.908215 0.151907 
vt 0.910019 0.143963 
vt 0.895742 0.145247 
vt 0.893983 0.150229 
vt 0.934095 0.237062 
vt 0.933867 0.240854 
vt 0.911152 0.15374 
vt 0.91352 0.146968 
vt 0.881926 0.128774 
vt 0.869808 0.117701 
vt 0.855125 0.0943019 
vt 0.843709 0.0786409 
vt 0.826417 0.0519841 
vt 0.814366 0.0429245 
vt 0.801802 0.0305313 
vt 0.787838 0.0287064 
vt 0.774439 0.0247282 
vt 0.990335 0.339869 
vt 0.986485 0.336977 
vt 0.960238 0.295645 
vt 0.953292 0.275484 
vt 0.948252 0.267649 
vt 0.941821 0.254553 
vt 0.93352 0.218126 
vt 0.930326 0.188197 
vt 0.928801 0.158487 
vt 0.90872 0.134831 
vt 0.896117 0.138342 
vt 0.937014 0.235348 
vt 0.903351 0.0361905 
vt 0.905854 0.0569561 
vt 0.899986 0.0566289 
vt 0.897164 0.0369578 
vt 0.89465 0.0604056 
vt 0.88853 0.0360756 
vt 0.882248 0.0362472 
vt 0.890663 0.0642006 
vt 0.884326 0.0697647 
vt 0.872337 0.0363058 
vt 0.867314 0.0408958 
vt 0.879547 0.0745122 
vt 0.876134 0.0830181 
vt 0.860858 0.0448258 
vt 0.857005 0.0537597 
vt 0.873055 0.0912156 
vt 0.869926 0.0998749 
vt 0.852153 0.0617641 
vt 0.950027 0.112367 
vt 0.95132 0.114262 
vt 0.941835 0.120818 
vt 0.941678 0.118165 
vt 0.936556 0.0838745 
vt 0.940884 0.0903906 
vt 0.938182 0.0925145 
vt 0.935319 0.0859759 
vt 0.935954 0.0780152 
vt 0.934351 0.0818481 
vt 0.932894 0.0764045 
vt 0.934306 0.0704425 
vt 0.930595 0.0543283 
vt 0.930161 0.0665374 
vt 0.925926 0.0616727 
vt 0.925722 0.0426358 
vt 0.921043 0.0296416 
vt 0.922763 0.0301975 
vt 0.921969 0.0582212 
vt 0.92097 0.0578762 
vt 0.909998 0.0349033 
vt 0.915669 0.0305425 
vt 0.915828 0.0562562 
vt 0.910295 0.0550098 
vt 0.931493 0.071267 
vt 0.932573 0.0615719 
vt 0.919107 0.0307047 
vt 0.919429 0.0573311 
vt 0.971883 0.337421 
vt 0.973655 0.334149 
vt 0.96376 0.320435 
vt 0.962197 0.322992 
vt 0.966652 0.310786 
vt 0.976422 0.32497 
vt 0.940174 0.0982802 
vt 0.943981 0.0956781 
vt 0.946405 0.104237 
vt 0.94046 0.109318 
vt 0.861825 0.163972 
vt 0.848911 0.142108 
vt 0.846195 0.167073 
vt 0.859539 0.18052 
vt 0.874752 0.174225 
vt 0.871759 0.190488 
vt 0.895548 0.20513 
vt 0.899319 0.186868 
vt 0.886312 0.178638 
vt 0.882661 0.196771 
vt 0.900071 0.209006 
vt 0.9038 0.193328 
vt 0.913134 0.205749 
vt 0.910518 0.202469 
vt 0.908567 0.219455 
vt 0.912399 0.224417 
vt 0.920854 0.22127 
vt 0.917724 0.237747 
vt 0.928977 0.244082 
vt 0.925451 0.2611 
vt 0.935842 0.276378 
vt 0.932577 0.259823 
vt 0.928457 0.273019 
vt 0.932462 0.285921 
vt 0.940534 0.294414 
vt 0.937808 0.303615 
vt 0.947152 0.335096 
vt 0.950849 0.327443 
vt 0.943658 0.311199 
vt 0.941375 0.321214 
vt 0.957746 0.368278 
vt 0.964571 0.355373 
vt 0.956292 0.339257 
vt 0.951169 0.353095 
vt 0.970217 0.394676 
vt 0.977479 0.376204 
vt 0.972647 0.372118 
vt 0.964456 0.384051 
vt 0.782695 0.0852606 
vt 0.769496 0.0847431 
vt 0.767639 0.122769 
vt 0.781233 0.121705 
vt 0.810382 0.095642 
vt 0.796327 0.0896186 
vt 0.794731 0.125517 
vt 0.808617 0.134642 
vt 0.838152 0.127962 
vt 0.822404 0.107757 
vt 0.819983 0.143912 
vt 0.835687 0.157952 
vt 0.858242 0.18847 
vt 0.870676 0.197241 
vt 0.844703 0.178565 
vt 0.819033 0.162352 
vt 0.834289 0.171711 
vt 0.793795 0.150318 
vt 0.807215 0.156026 
vt 0.766508 0.152447 
vt 0.780496 0.150674 
vt 0.953071 0.419186 
vt 0.956839 0.429311 
vt 0.93685 0.340023 
vt 0.941791 0.347756 
vt 0.928391 0.292303 
vt 0.933841 0.317677 
vt 0.915639 0.244742 
vt 0.92257 0.267336 
vt 0.906003 0.225197 
vt 0.910072 0.229863 
vt 0.881164 0.203158 
vt 0.893713 0.213617 
vt 0.925095 0.278979 
vt 0.898269 0.216968 
vt 0.942943 0.367244 
vt 0.949256 0.389776 
vt 0.857366 0.194229 
vt 0.856544 0.200388 
vt 0.868874 0.208122 
vt 0.869891 0.201912 
vt 0.843839 0.18688 
vt 0.843499 0.194623 
vt 0.833377 0.181257 
vt 0.818206 0.175867 
vt 0.818921 0.187838 
vt 0.833475 0.190028 
vt 0.806955 0.171561 
vt 0.793616 0.169797 
vt 0.795403 0.186235 
vt 0.808319 0.185461 
vt 0.780404 0.170465 
vt 0.767501 0.1751 
vt 0.769575 0.194434 
vt 0.782173 0.185902 
vt 0.944766 0.438411 
vt 0.93993 0.426357 
vt 0.939491 0.444093 
vt 0.94602 0.450534 
vt 0.936247 0.357144 
vt 0.933587 0.349618 
vt 0.930656 0.352684 
vt 0.932643 0.359768 
vt 0.930671 0.327507 
vt 0.92541 0.297817 
vt 0.922356 0.302654 
vt 0.92729 0.331045 
vt 0.920725 0.271656 
vt 0.914052 0.249856 
vt 0.911393 0.254723 
vt 0.917316 0.275854 
vt 0.908217 0.233782 
vt 0.904221 0.22966 
vt 0.90294 0.235289 
vt 0.906813 0.23928 
vt 0.892356 0.219297 
vt 0.880095 0.20764 
vt 0.879151 0.212492 
vt 0.890799 0.225721 
vt 0.922725 0.283506 
vt 0.919302 0.288032 
vt 0.895766 0.228538 
vt 0.897059 0.222392 
vt 0.937118 0.373242 
vt 0.933499 0.378314 
vt 0.93462 0.394219 
vt 0.941344 0.402464 
vt 0.854675 0.21286 
vt 0.851709 0.231449 
vt 0.863179 0.239708 
vt 0.866439 0.221106 
vt 0.841732 0.210295 
vt 0.839986 0.228496 
vt 0.820083 0.211987 
vt 0.819948 0.228561 
vt 0.831176 0.22594 
vt 0.831933 0.208235 
vt 0.799913 0.219001 
vt 0.802181 0.235086 
vt 0.811581 0.230109 
vt 0.811464 0.21483 
vt 0.779634 0.236057 
vt 0.782868 0.248567 
vt 0.79213 0.239838 
vt 0.789011 0.224585 
vt 0.919469 0.444222 
vt 0.923194 0.432802 
vt 0.915696 0.434164 
vt 0.914131 0.446754 
vt 0.921905 0.36669 
vt 0.919985 0.35624 
vt 0.916053 0.359584 
vt 0.916672 0.374785 
vt 0.918805 0.339009 
vt 0.916437 0.310521 
vt 0.908823 0.317848 
vt 0.91255 0.34135 
vt 0.911444 0.284399 
vt 0.906507 0.26409 
vt 0.898794 0.277277 
vt 0.90362 0.294757 
vt 0.900574 0.245176 
vt 0.89235 0.259514 
vt 0.89542 0.263033 
vt 0.904113 0.248986 
vt 0.876692 0.225093 
vt 0.872972 0.243546 
vt 0.882431 0.2512 
vt 0.887995 0.235809 
vt 0.913384 0.295861 
vt 0.905747 0.305238 
vt 0.886849 0.253404 
vt 0.893311 0.237968 
vt 0.922952 0.402789 
vt 0.924473 0.384878 
vt 0.918891 0.395243 
vt 0.917705 0.408805 
vt 0.856362 0.28831 
vt 0.849943 0.283927 
vt 0.849938 0.296187 
vt 0.855564 0.298934 
vt 0.840826 0.286188 
vt 0.842691 0.297805 
vt 0.834203 0.286374 
vt 0.826297 0.286937 
vt 0.830906 0.299381 
vt 0.837352 0.298278 
vt 0.820639 0.287824 
vt 0.814573 0.293171 
vt 0.821209 0.305392 
vt 0.826138 0.300587 
vt 0.808353 0.297853 
vt 0.804102 0.305845 
vt 0.811939 0.318064 
vt 0.816062 0.31005 
vt 0.894415 0.43206 
vt 0.899492 0.424982 
vt 0.891129 0.413298 
vt 0.887064 0.420955 
vt 0.897433 0.369093 
vt 0.890348 0.368146 
vt 0.89144 0.38113 
vt 0.899476 0.384206 
vt 0.889362 0.340094 
vt 0.883416 0.344885 
vt 0.887162 0.357973 
vt 0.893749 0.356193 
vt 0.884666 0.326011 
vt 0.880801 0.313697 
vt 0.877667 0.31974 
vt 0.880038 0.331586 
vt 0.875061 0.301882 
vt 0.871893 0.310243 
vt 0.873364 0.312238 
vt 0.876555 0.303897 
vt 0.861758 0.291882 
vt 0.860256 0.301451 
vt 0.866352 0.303057 
vt 0.868581 0.295317 
vt 0.886805 0.332705 
vt 0.881504 0.337878 
vt 0.869743 0.30714 
vt 0.872785 0.298775 
vt 0.900978 0.397174 
vt 0.892282 0.390724 
vt 0.89193 0.402183 
vt 0.900815 0.409444 
vt 0.928083 0.143176 
vt 0.930423 0.14494 
vt 0.931293 0.137715 
vt 0.927673 0.135686 
vt 0.917484 0.137317 
vt 0.91666 0.130931 
vt 0.912219 0.133195 
vt 0.913335 0.140121 
vt 0.785912 0.258833 
vt 0.794009 0.250211 
vt 0.80313 0.24651 
vt 0.811925 0.241536 
vt 0.830791 0.242453 
vt 0.820053 0.242716 
vt 0.84898 0.247751 
vt 0.83845 0.244808 
vt 0.859843 0.255992 
vt 0.868804 0.261794 
vt 0.877306 0.264286 
vt 0.881017 0.267431 
vt 0.88735 0.276549 
vt 0.884825 0.272949 
vt 0.892314 0.290653 
vt 0.896978 0.306421 
vt 0.899038 0.316133 
vt 0.902227 0.326162 
vt 0.907631 0.34969 
vt 0.912404 0.384259 
vt 0.911408 0.366411 
vt 0.911016 0.41346 
vt 0.913427 0.401088 
vt 0.906894 0.448519 
vt 0.909245 0.43536 
vt 0.907702 0.0827565 
vt 0.904058 0.0832014 
vt 0.900361 0.0858236 
vt 0.897556 0.0877328 
vt 0.893661 0.0928197 
vt 0.890796 0.0962566 
vt 0.888365 0.101855 
vt 0.886155 0.107024 
vt 0.885077 0.114099 
vt 0.927693 0.121625 
vt 0.927591 0.11942 
vt 0.926674 0.103014 
vt 0.925898 0.0975419 
vt 0.925025 0.0955164 
vt 0.924154 0.0922478 
vt 0.922332 0.0877122 
vt 0.919453 0.0854758 
vt 0.917509 0.0828499 
vt 0.91694 0.0827655 
vt 0.913999 0.0823089 
vt 0.91065 0.0819334 
vt 0.923196 0.0897475 
vt 0.916072 0.0826337 
vt 0.927119 0.113403 
vt 0.92695 0.107373 
vt 0.916463 0.0826938 
vt 0.911015 0.10549 
vt 0.924044 0.145965 
vt 0.926761 0.150372 
vt 0.92943 0.152268 
vt 0.921534 0.0258161 
vt 0.922596 0.0213718 
vt 0.923079 0.0242879 
vt 0.922689 0.0274075 
vt 0.915321 0.142236 
vt 0.911514 0.142076 
vt 0.918497 0.027984 
vt 0.915845 0.0293261 
vt 0.916313 0.0277412 
vt 0.917858 0.0249977 
vt 0.910152 0.134268 
vt 0.867952 0.385744 
vt 0.863889 0.389861 
vt 0.868319 0.374043 
vt 0.871227 0.369367 
vt 0.874612 0.365436 
vt 0.874373 0.359258 
vt 0.871925 0.352393 
vt 0.8686 0.343405 
vt 0.869766 0.338382 
vt 0.860772 0.323696 
vt 0.857279 0.327562 
vt 0.859102 0.325335 
vt 0.856342 0.332955 
vt 0.854182 0.341215 
vt 0.855603 0.336667 
vt 0.848628 0.346934 
vt 0.851559 0.342779 
vt 0.840953 0.362315 
vt 0.845693 0.35792 
vt 0.864766 0.383495 
vt 0.860157 0.38681 
vt 0.861782 0.357744 
vt 0.864667 0.371598 
vt 0.865288 0.349998 
vt 0.864018 0.355595 
vt 0.863075 0.335919 
vt 0.864376 0.344088 
vt 0.864568 0.333327 
vt 0.865674 0.330912 
vt 0.870235 0.334785 
vt 0.92643 0.444208 
vt 0.925541 0.460211 
vt 0.772685 0.211348 
vt 0.784212 0.202918 
vt 0.796196 0.199971 
vt 0.80868 0.19828 
vt 0.819557 0.196806 
vt 0.832809 0.197306 
vt 0.842777 0.201325 
vt 0.855811 0.206269 
vt 0.867823 0.214307 
vt 0.87803 0.218411 
vt 0.889152 0.230706 
vt 0.894526 0.233448 
vt 0.901763 0.240257 
vt 0.905222 0.244131 
vt 0.908724 0.259878 
vt 0.914034 0.280666 
vt 0.916078 0.29241 
vt 0.919086 0.306954 
vt 0.923694 0.344613 
vt 0.924703 0.358275 
vt 0.926259 0.367528 
vt 0.927757 0.381572 
vt 0.928273 0.399871 
vt 0.920125 0.0575749 
vt 0.920136 0.0301994 
vt 0.92018 0.0263697 
vt 0.920761 0.0218214 
vt 0.924305 0.135917 
vt 0.924194 0.128538 
vt 0.920831 0.144204 
vt 0.916004 0.158761 
vt 0.918058 0.151392 
vt 0.907679 0.198655 
vt 0.90408 0.213906 
vt 0.901629 0.221303 
vt 0.899976 0.226219 
vt 0.898769 0.231868 
vt 0.897496 0.236793 
vt 0.89618 0.24163 
vt 0.88902 0.256525 
vt 0.882662 0.269869 
vt 0.873803 0.300179 
vt 0.870698 0.30853 
vt 0.862845 0.32669 
vt 0.8614 0.328714 
vt 0.85959 0.330905 
vt 0.858702 0.335853 
vt 0.857848 0.339663 
vt 0.856296 0.344942 
vt 0.853878 0.346324 
vt 0.853118 0.353276 
vt 0.850636 0.363315 
vt 0.845964 0.367038 
vt 0.928337 0.128722 

usemtl Handle1Mtl

f 1/1/1 2/2/2 3/3/3 
f 3/3/3 4/4/4 1/1/1 
f 5/5/5 6/6/6 2/2/2 
f 2/2/2 1/1/1 5/5/5 
f 7/7/7 8/8/8 9/9/9 
f 9/9/9 10/10/10 7/7/7 
f 11/11/11 12/12/12 13/13/13 
f 13/13/13 14/14/14 11/11/11 
f 15/15/15 16/16/16 17/17/17 
f 17/17/17 18/18/18 15/15/15 
f 19/19/19 20/20/20 21/21/21 
f 21/21/21 22/22/22 19/19/19 
f 23/23/23 24/24/24 25/25/25 
f 25/25/25 26/26/26 23/23/23 
f 27/27/27 28/28/28 29/29/29 
f 29/29/29 30/30/30 27/27/27 
f 31/31/31 32/32/32 33/33/33 
f 33/33/33 34/34/34 31/31/31 
f 35/35/35 36/36/36 37/37/37 
f 37/37/37 38/38/38 35/35/35 
f 35/35/35 38/38/38 32/32/32 
f 32/32/32 31/31/31 35/35/35 
f 39/39/39 40/40/40 41/41/41 
f 41/41/41 42/42/42 39/39/39 
f 43/43/43 44/44/44 28/28/28 
f 28/28/28 27/27/27 43/43/43 
f 45/45/45 39/39/39 42/42/42 
f 42/42/42 46/46/46 45/45/45 
f 47/47/47 48/48/48 3/3/3 
f 3/3/3 2/2/2 47/47/47 
f 6/6/6 49/49/49 47/47/47 
f 47/47/47 2/2/2 6/6/6 
f 8/8/8 50/50/50 51/51/51 
f 51/51/51 9/9/9 8/8/8 
f 12/12/12 52/52/52 53/53/53 
f 53/53/53 13/13/13 12/12/12 
f 16/16/16 54/54/54 55/55/55 
f 55/55/55 17/17/17 16/16/16 
f 21/21/21 56/56/56 57/57/57 
f 57/57/57 22/22/22 21/21/21 
f 24/24/24 58/58/58 59/59/59 
f 59/59/59 25/25/25 24/24/24 
f 60/60/60 61/61/61 29/29/29 
f 29/29/29 28/28/28 60/60/60 
f 32/32/32 62/62/62 63/63/63 
f 63/63/63 33/33/33 32/32/32 
f 64/64/64 62/62/62 32/32/32 
f 32/32/32 38/38/38 64/64/64 
f 65/65/65 66/66/66 42/42/42 
f 42/42/42 41/41/41 65/65/65 
f 67/67/67 60/60/60 28/28/28 
f 28/28/28 44/44/44 67/67/67 
f 68/68/68 69/69/69 70/70/70 
f 70/70/70 71/71/71 68/68/68 
f 72/72/72 68/68/68 71/71/71 
f 71/71/71 73/73/73 72/72/72 
f 74/74/74 75/75/75 76/76/76 
f 76/76/76 77/77/77 74/74/74 
f 78/78/78 79/79/79 80/80/80 
f 80/80/80 81/81/81 78/78/78 
f 82/82/82 83/83/83 84/84/84 
f 84/84/84 85/85/85 82/82/82 
f 86/86/86 87/87/87 88/88/88 
f 88/88/88 89/89/89 86/86/86 
f 90/90/90 91/91/91 92/92/92 
f 92/92/92 93/93/93 90/90/90 
f 94/94/94 95/95/95 96/96/96 
f 96/96/96 97/97/97 94/94/94 
f 98/98/98 99/99/99 100/100/100 
f 100/100/100 101/101/101 98/98/98 
f 102/102/102 103/103/103 104/104/104 
f 104/104/104 105/105/105 102/102/102 
f 104/104/104 98/98/98 101/101/101 
f 101/101/101 105/105/105 104/104/104 
f 106/106/106 107/107/107 108/108/108 
f 108/108/108 109/109/109 106/106/106 
f 110/110/110 94/94/94 97/97/97 
f 97/97/97 111/111/111 110/110/110 
f 109/109/109 108/108/108 112/112/112 
f 112/112/112 113/113/113 109/109/109 
f 114/114/114 115/115/115 116/116/116 
f 116/116/116 117/117/117 114/114/114 
f 118/118/118 119/119/119 117/117/117 
f 117/117/117 116/116/116 118/118/118 
f 120/120/120 121/121/121 122/122/122 
f 122/122/122 123/123/123 120/120/120 
f 124/124/124 125/125/125 126/126/126 
f 126/126/126 127/127/127 124/124/124 
f 127/127/127 126/126/126 128/128/128 
f 128/128/128 129/129/129 127/127/127 
f 130/130/130 131/131/131 132/132/132 
f 132/132/132 133/133/133 130/130/130 
f 134/134/134 130/130/130 133/133/133 
f 133/133/133 135/135/135 134/134/134 
f 136/136/136 137/137/137 138/138/138 
f 138/138/138 139/139/139 136/136/136 
f 139/139/139 138/138/138 140/140/140 
f 140/140/140 141/141/141 139/139/139 
f 141/141/141 140/140/140 142/142/142 
f 142/142/142 143/143/143 141/141/141 
f 144/144/144 145/145/145 146/146/146 
f 146/146/146 147/147/147 144/144/144 
f 147/147/147 146/146/146 148/148/148 
f 148/148/148 149/149/149 147/147/147 
f 150/150/150 151/151/151 152/152/152 
f 152/152/152 153/153/153 150/150/150 
f 154/154/154 155/155/155 156/156/156 
f 156/156/156 157/157/157 154/154/154 
f 158/158/158 159/159/159 160/160/160 
f 160/160/160 161/161/161 158/158/158 
f 162/162/162 163/163/163 164/164/164 
f 164/164/164 165/165/165 162/162/162 
f 166/166/166 167/167/167 168/168/168 
f 168/168/168 169/169/169 166/166/166 
f 170/170/170 171/171/171 172/172/172 
f 172/172/172 173/173/173 170/170/170 
f 129/129/129 174/174/174 175/175/175 
f 175/175/175 127/127/127 129/129/129 
f 127/127/127 175/175/175 176/176/176 
f 176/176/176 124/124/124 127/127/127 
f 173/173/173 177/177/177 178/178/178 
f 178/178/178 170/170/170 173/173/173 
f 169/169/169 179/179/179 180/180/180 
f 180/180/180 166/166/166 169/169/169 
f 165/165/165 181/181/181 182/182/182 
f 182/182/182 162/162/162 165/165/165 
f 158/158/158 183/183/183 184/184/184 
f 184/184/184 159/159/159 158/158/158 
f 185/185/185 186/186/186 151/151/151 
f 151/151/151 150/150/150 185/185/185 
f 149/149/149 187/187/187 188/188/188 
f 188/188/188 147/147/147 149/149/149 
f 143/143/143 189/189/189 190/190/190 
f 190/190/190 141/141/141 143/143/143 
f 191/191/191 192/192/192 136/136/136 
f 136/136/136 139/139/139 191/191/191 
f 141/141/141 190/190/190 191/191/191 
f 191/191/191 139/139/139 141/141/141 
f 193/193/193 194/194/194 131/131/131 
f 131/131/131 130/130/130 193/193/193 
f 147/147/147 188/188/188 195/195/195 
f 195/195/195 144/144/144 147/147/147 
f 196/196/196 193/193/193 130/130/130 
f 130/130/130 134/134/134 196/196/196 
f 197/197/197 198/198/198 155/155/155 
f 155/155/155 154/154/154 197/197/197 
f 199/199/199 200/200/200 201/201/201 
f 201/201/201 202/202/202 199/199/199 
f 201/201/201 200/200/200 203/203/203 
f 203/203/203 204/204/204 201/201/201 
f 205/205/205 206/206/206 207/207/207 
f 207/207/207 208/208/208 205/205/205 
f 209/209/209 210/210/210 211/211/211 
f 211/211/211 212/212/212 209/209/209 
f 213/213/213 214/214/214 215/215/215 
f 215/215/215 216/216/216 213/213/213 
f 217/217/217 218/218/218 219/219/219 
f 219/219/219 220/220/220 217/217/217 
f 221/221/221 222/222/222 223/223/223 
f 223/223/223 224/224/224 221/221/221 
f 225/225/225 226/226/226 227/227/227 
f 227/227/227 228/228/228 225/225/225 
f 229/229/229 230/230/230 231/231/231 
f 231/231/231 232/232/232 229/229/229 
f 233/233/233 234/234/234 235/235/235 
f 235/235/235 236/236/236 233/233/233 
f 232/232/232 231/231/231 234/234/234 
f 234/234/234 233/233/233 232/232/232 
f 237/237/237 238/238/238 239/239/239 
f 239/239/239 240/240/240 237/237/237 
f 228/228/228 227/227/227 241/241/241 
f 241/241/241 242/242/242 228/228/228 
f 243/243/243 238/238/238 237/237/237 
f 237/237/237 244/244/244 243/243/243 
f 245/245/245 246/246/246 247/247/247 
f 247/247/247 248/248/248 245/245/245 
f 249/249/249 250/250/250 251/251/251 
f 251/251/251 252/252/252 249/249/249 
f 250/250/250 253/253/253 254/254/254 
f 254/254/254 251/251/251 250/250/250 
f 255/255/255 256/256/256 257/257/257 
f 257/257/257 258/258/258 255/255/255 
f 259/259/259 260/260/260 261/261/261 
f 261/261/261 262/262/262 259/259/259 
f 263/263/263 264/264/264 265/265/265 
f 265/265/265 266/266/266 263/263/263 
f 267/267/267 268/268/268 269/269/269 
f 269/269/269 270/270/270 267/267/267 
f 271/271/271 272/272/272 273/273/273 
f 273/273/273 274/274/274 271/271/271 
f 275/275/275 276/276/276 277/277/277 
f 277/277/277 278/278/278 275/275/275 
f 279/279/279 280/280/280 281/281/281 
f 281/281/281 282/282/282 279/279/279 
f 283/283/283 284/284/284 285/285/285 
f 285/285/285 286/286/286 283/283/283 
f 282/282/282 281/281/281 283/283/283 
f 283/283/283 286/286/286 282/282/282 
f 287/287/287 288/288/288 289/289/289 
f 289/289/289 290/290/290 287/287/287 
f 278/278/278 277/277/277 291/291/291 
f 291/291/291 292/292/292 278/278/278 
f 293/293/293 287/287/287 290/290/290 
f 290/290/290 294/294/294 293/293/293 
f 295/295/295 296/296/296 297/297/297 
f 297/297/297 298/298/298 295/295/295 
f 299/299/299 300/300/300 301/301/301 
f 301/301/301 302/302/302 299/299/299 
f 302/302/302 301/301/301 303/303/303 
f 303/303/303 304/304/304 302/302/302 
f 305/305/305 306/306/306 307/307/307 
f 307/307/307 308/308/308 305/305/305 
f 309/309/309 310/310/310 311/311/311 
f 311/311/311 312/312/312 309/309/309 
f 313/313/313 314/314/314 315/315/315 
f 315/315/315 316/316/316 313/313/313 
f 317/317/317 318/318/318 319/319/319 
f 319/319/319 320/320/320 317/317/317 
f 321/321/321 322/322/322 323/323/323 
f 323/323/323 324/324/324 321/321/321 
f 325/325/325 326/326/326 327/327/327 
f 327/327/327 328/328/328 325/325/325 
f 329/329/329 330/330/330 331/331/331 
f 331/331/331 332/332/332 329/329/329 
f 333/333/333 334/334/334 335/335/335 
f 335/335/335 336/336/336 333/333/333 
f 332/332/332 331/331/331 333/333/333 
f 333/333/333 336/336/336 332/332/332 
f 337/337/337 338/338/338 339/339/339 
f 339/339/339 340/340/340 337/337/337 
f 326/326/326 341/341/341 342/342/342 
f 342/342/342 327/327/327 326/326/326 
f 343/343/343 337/337/337 340/340/340 
f 340/340/340 344/344/344 343/343/343 
f 345/345/345 346/346/346 347/347/347 
f 347/347/347 348/348/348 345/345/345 
f 349/349/349 350/350/350 351/351/351 
f 351/351/351 352/352/352 349/349/349 
f 353/353/353 354/354/354 355/355/355 
f 355/355/355 356/356/356 353/353/353 
f 313/313/313 316/316/316 357/357/357 
f 357/357/357 358/358/358 313/313/313 
f 309/309/309 312/312/312 359/359/359 
f 359/359/359 360/360/360 309/309/309 
f 361/361/361 305/305/305 308/308/308 
f 308/308/308 362/362/362 361/361/361 
f 363/363/363 302/302/302 304/304/304 
f 304/304/304 364/364/364 363/363/363 
f 365/365/365 299/299/299 302/302/302 
f 302/302/302 363/363/363 365/365/365 
f 340/340/340 339/339/339 366/366/366 
f 366/366/366 367/367/367 340/340/340 
f 344/344/344 340/340/340 367/367/367 
f 367/367/367 368/368/368 344/344/344 
f 369/369/369 336/336/336 335/335/335 
f 335/335/335 370/370/370 369/369/369 
f 371/371/371 332/332/332 336/336/336 
f 336/336/336 369/369/369 371/371/371 
f 372/372/372 329/329/329 332/332/332 
f 332/332/332 371/371/371 372/372/372 
f 327/327/327 342/342/342 373/373/373 
f 373/373/373 374/374/374 327/327/327 
f 328/328/328 327/327/327 374/374/374 
f 374/374/374 375/375/375 328/328/328 
f 376/376/376 324/324/324 323/323/323 
f 323/323/323 377/377/377 376/376/376 
f 378/378/378 348/348/348 347/347/347 
f 347/347/347 379/379/379 378/378/378 
f 380/380/380 317/317/317 320/320/320 
f 320/320/320 381/381/381 380/380/380 
f 382/382/382 383/383/383 69/69/69 
f 69/69/69 68/68/68 382/382/382 
f 72/72/72 384/384/384 382/382/382 
f 382/382/382 68/68/68 72/72/72 
f 385/385/385 386/386/386 75/75/75 
f 75/75/75 74/74/74 385/385/385 
f 78/78/78 387/387/387 388/388/388 
f 388/388/388 79/79/79 78/78/78 
f 389/389/389 390/390/390 83/83/83 
f 83/83/83 82/82/82 389/389/389 
f 391/391/391 392/392/392 88/88/88 
f 88/88/88 87/87/87 391/391/391 
f 91/91/91 393/393/393 394/394/394 
f 394/394/394 92/92/92 91/91/91 
f 395/395/395 396/396/396 95/95/95 
f 95/95/95 94/94/94 395/395/395 
f 98/98/98 397/397/397 398/398/398 
f 398/398/398 99/99/99 98/98/98 
f 103/103/103 399/399/399 400/400/400 
f 400/400/400 104/104/104 103/103/103 
f 400/400/400 397/397/397 98/98/98 
f 98/98/98 104/104/104 400/400/400 
f 107/107/107 401/401/401 402/402/402 
f 402/402/402 108/108/108 107/107/107 
f 403/403/403 395/395/395 94/94/94 
f 94/94/94 110/110/110 403/403/403 
f 108/108/108 402/402/402 404/404/404 
f 404/404/404 112/112/112 108/108/108 
f 120/120/120 405/405/405 406/406/406 
f 406/406/406 121/121/121 120/120/120 
f 383/383/383 382/382/382 407/407/407 
f 407/407/407 401/401/401 383/383/383 
f 384/384/384 386/386/386 407/407/407 
f 407/407/407 382/382/382 384/384/384 
f 385/385/385 388/388/388 407/407/407 
f 407/407/407 386/386/386 385/385/385 
f 387/387/387 390/390/390 407/407/407 
f 407/407/407 388/388/388 387/387/387 
f 389/389/389 408/408/408 407/407/407 
f 407/407/407 390/390/390 389/389/389 
f 392/392/392 391/391/391 407/407/407 
f 407/407/407 409/409/409 392/392/392 
f 394/394/394 393/393/393 407/407/407 
f 407/407/407 405/405/405 394/394/394 
f 396/396/396 395/395/395 407/407/407 
f 407/407/407 393/393/393 396/396/396 
f 397/397/397 407/407/407 398/398/398 
f 404/404/404 407/407/407 410/410/410 
f 410/410/410 411/411/411 404/404/404 
f 397/397/397 400/400/400 410/410/410 
f 410/410/410 407/407/407 397/397/397 
f 401/401/401 407/407/407 402/402/402 
f 403/403/403 398/398/398 407/407/407 
f 407/407/407 395/395/395 403/403/403 
f 402/402/402 407/407/407 404/404/404 
f 406/406/406 405/405/405 407/407/407 
f 407/407/407 391/391/391 406/406/406 
f 412/412/412 352/352/352 351/351/351 
f 351/351/351 413/413/413 412/412/412 
f 413/413/413 351/351/351 350/350/350 
f 350/350/350 414/414/414 413/413/413 
f 415/415/415 416/416/416 417/417/417 
f 417/417/417 418/418/418 415/415/415 
f 356/356/356 355/355/355 419/419/419 
f 419/419/419 420/420/420 356/356/356 
f 421/421/421 422/422/422 423/423/423 
f 423/423/423 424/424/424 421/421/421 
f 353/353/353 356/356/356 420/420/420 
f 420/420/420 425/425/425 353/353/353 
f 426/426/426 319/319/319 318/318/318 
f 318/318/318 427/427/427 426/426/426 
f 346/346/346 345/345/345 428/428/428 
f 428/428/428 429/429/429 346/346/346 
f 322/322/322 321/321/321 430/430/430 
f 430/430/430 431/431/431 322/322/322 
f 326/326/326 325/325/325 432/432/432 
f 432/432/432 433/433/433 326/326/326 
f 341/341/341 326/326/326 433/433/433 
f 433/433/433 434/434/434 341/341/341 
f 343/343/343 435/435/435 338/338/338 
f 338/338/338 337/337/337 343/343/343 
f 436/436/436 301/301/301 300/300/300 
f 300/300/300 437/437/437 436/436/436 
f 438/438/438 303/303/303 301/301/301 
f 301/301/301 436/436/436 438/438/438 
f 439/439/439 307/307/307 306/306/306 
f 306/306/306 440/440/440 439/439/439 
f 441/441/441 311/311/311 310/310/310 
f 310/310/310 442/442/442 441/441/441 
f 443/443/443 315/315/315 314/314/314 
f 314/314/314 444/444/444 443/443/443 
f 427/427/427 445/445/445 446/446/446 
f 446/446/446 426/426/426 427/427/427 
f 447/447/447 448/448/448 429/429/429 
f 429/429/429 428/428/428 447/447/447 
f 449/449/449 450/450/450 431/431/431 
f 431/431/431 430/430/430 449/449/449 
f 451/451/451 452/452/452 433/433/433 
f 433/433/433 432/432/432 451/451/451 
f 453/453/453 434/434/434 433/433/433 
f 433/433/433 452/452/452 453/453/453 
f 454/454/454 334/334/334 333/333/333 
f 333/333/333 455/455/455 454/454/454 
f 408/408/408 389/389/389 82/82/82 
f 82/82/82 456/456/456 408/408/408 
f 457/457/457 456/456/456 82/82/82 
f 82/82/82 85/85/85 457/457/457 
f 458/458/458 54/54/54 16/16/16 
f 16/16/16 459/459/459 458/458/458 
f 15/15/15 460/460/460 459/459/459 
f 459/459/459 16/16/16 15/15/15 
f 461/461/461 462/462/462 163/163/163 
f 163/163/163 162/162/162 461/461/461 
f 463/463/463 461/461/461 162/162/162 
f 162/162/162 182/182/182 463/463/463 
f 464/464/464 465/465/465 216/216/216 
f 216/216/216 215/215/215 464/464/464 
f 466/466/466 467/467/467 265/265/265 
f 265/265/265 264/264/264 466/466/466 
f 468/468/468 469/469/469 357/357/357 
f 357/357/357 316/316/316 468/468/468 
f 470/470/470 468/468/468 316/316/316 
f 316/316/316 315/315/315 470/470/470 
f 470/470/470 315/315/315 443/443/443 
f 443/443/443 471/471/471 470/470/470 
f 472/472/472 473/473/473 445/445/445 
f 445/445/445 427/427/427 472/472/472 
f 318/318/318 474/474/474 472/472/472 
f 472/472/472 427/427/427 318/318/318 
f 474/474/474 318/318/318 317/317/317 
f 317/317/317 475/475/475 474/474/474 
f 475/475/475 317/317/317 380/380/380 
f 380/380/380 476/476/476 475/475/475 
f 477/477/477 478/478/478 268/268/268 
f 268/268/268 267/267/267 477/477/477 
f 479/479/479 217/217/217 220/220/220 
f 220/220/220 480/480/480 479/479/479 
f 481/481/481 482/482/482 183/183/183 
f 183/183/183 158/158/158 481/481/481 
f 158/158/158 161/161/161 483/483/483 
f 483/483/483 481/481/481 158/158/158 
f 484/484/484 19/19/19 22/22/22 
f 22/22/22 485/485/485 484/484/484 
f 486/486/486 485/485/485 22/22/22 
f 22/22/22 57/57/57 486/486/486 
f 487/487/487 488/488/488 89/89/89 
f 89/89/89 88/88/88 487/487/487 
f 409/409/409 487/487/487 88/88/88 
f 88/88/88 392/392/392 409/409/409 
f 390/390/390 387/387/387 78/78/78 
f 78/78/78 83/83/83 390/390/390 
f 84/84/84 83/83/83 78/78/78 
f 78/78/78 81/81/81 84/84/84 
f 55/55/55 52/52/52 12/12/12 
f 12/12/12 17/17/17 55/55/55 
f 11/11/11 18/18/18 17/17/17 
f 17/17/17 12/12/12 11/11/11 
f 165/165/165 164/164/164 167/167/167 
f 167/167/167 166/166/166 165/165/165 
f 181/181/181 165/165/165 166/166/166 
f 166/166/166 180/180/180 181/181/181 
f 214/214/214 213/213/213 212/212/212 
f 212/212/212 211/211/211 214/214/214 
f 263/263/263 266/266/266 261/261/261 
f 261/261/261 260/260/260 263/263/263 
f 313/313/313 358/358/358 359/359/359 
f 359/359/359 312/312/312 313/313/313 
f 314/314/314 313/313/313 312/312/312 
f 312/312/312 311/311/311 314/314/314 
f 314/314/314 311/311/311 441/441/441 
f 441/441/441 444/444/444 314/314/314 
f 446/446/446 447/447/447 428/428/428 
f 428/428/428 426/426/426 446/446/446 
f 345/345/345 319/319/319 426/426/426 
f 426/426/426 428/428/428 345/345/345 
f 319/319/319 345/345/345 348/348/348 
f 348/348/348 320/320/320 319/319/319 
f 320/320/320 348/348/348 378/378/378 
f 378/378/378 381/381/381 320/320/320 
f 270/270/270 269/269/269 296/296/296 
f 296/296/296 295/295/295 270/270/270 
f 218/218/218 245/245/245 248/248/248 
f 248/248/248 219/219/219 218/218/218 
f 159/159/159 184/184/184 197/197/197 
f 197/197/197 154/154/154 159/159/159 
f 159/159/159 154/154/154 157/157/157 
f 157/157/157 160/160/160 159/159/159 
f 20/20/20 114/114/114 117/117/117 
f 117/117/117 21/21/21 20/20/20 
f 119/119/119 56/56/56 21/21/21 
f 21/21/21 117/117/117 119/119/119 
f 121/121/121 87/87/87 86/86/86 
f 86/86/86 122/122/122 121/121/121 
f 391/391/391 87/87/87 121/121/121 
f 121/121/121 406/406/406 391/391/391 
f 388/388/388 385/385/385 74/74/74 
f 74/74/74 79/79/79 388/388/388 
f 79/79/79 74/74/74 77/77/77 
f 77/77/77 80/80/80 79/79/79 
f 53/53/53 50/50/50 8/8/8 
f 8/8/8 13/13/13 53/53/53 
f 14/14/14 13/13/13 8/8/8 
f 8/8/8 7/7/7 14/14/14 
f 169/169/169 168/168/168 171/171/171 
f 171/171/171 170/170/170 169/169/169 
f 179/179/179 169/169/169 170/170/170 
f 170/170/170 178/178/178 179/179/179 
f 210/210/210 209/209/209 208/208/208 
f 208/208/208 207/207/207 210/210/210 
f 256/256/256 259/259/259 262/262/262 
f 262/262/262 257/257/257 256/256/256 
f 309/309/309 360/360/360 362/362/362 
f 362/362/362 308/308/308 309/309/309 
f 310/310/310 309/309/309 308/308/308 
f 308/308/308 307/307/307 310/310/310 
f 442/442/442 310/310/310 307/307/307 
f 307/307/307 439/439/439 442/442/442 
f 429/429/429 448/448/448 449/449/449 
f 449/449/449 430/430/430 429/429/429 
f 321/321/321 346/346/346 429/429/429 
f 429/429/429 430/430/430 321/321/321 
f 346/346/346 321/321/321 324/324/324 
f 324/324/324 347/347/347 346/346/346 
f 347/347/347 324/324/324 376/376/376 
f 376/376/376 379/379/379 347/347/347 
f 298/298/298 297/297/297 272/272/272 
f 272/272/272 271/271/271 298/298/298 
f 246/246/246 222/222/222 221/221/221 
f 221/221/221 247/247/247 246/246/246 
f 155/155/155 198/198/198 185/185/185 
f 185/185/185 150/150/150 155/155/155 
f 150/150/150 153/153/153 156/156/156 
f 156/156/156 155/155/155 150/150/150 
f 115/115/115 26/26/26 25/25/25 
f 25/25/25 116/116/116 115/115/115 
f 118/118/118 116/116/116 25/25/25 
f 25/25/25 59/59/59 118/118/118 
f 120/120/120 123/123/123 93/93/93 
f 93/93/93 92/92/92 120/120/120 
f 405/405/405 120/120/120 92/92/92 
f 92/92/92 394/394/394 405/405/405 
f 217/217/217 489/489/489 490/490/490 
f 490/490/490 218/218/218 217/217/217 
f 479/479/479 491/491/491 489/489/489 
f 489/489/489 217/217/217 479/479/479 
f 492/492/492 464/464/464 215/215/215 
f 215/215/215 493/493/493 492/492/492 
f 494/494/494 493/493/493 215/215/215 
f 215/215/215 214/214/214 494/494/494 
f 494/494/494 214/214/214 211/211/211 
f 211/211/211 495/495/495 494/494/494 
f 210/210/210 496/496/496 495/495/495 
f 495/495/495 211/211/211 210/210/210 
f 496/496/496 210/210/210 207/207/207 
f 207/207/207 497/497/497 496/496/496 
f 206/206/206 498/498/498 497/497/497 
f 497/497/497 207/207/207 206/206/206 
f 499/499/499 500/500/500 203/203/203 
f 203/203/203 200/200/200 499/499/499 
f 501/501/501 499/499/499 200/200/200 
f 200/200/200 199/199/199 501/501/501 
f 238/238/238 502/502/502 503/503/503 
f 503/503/503 239/239/239 238/238/238 
f 504/504/504 502/502/502 238/238/238 
f 238/238/238 243/243/243 504/504/504 
f 234/234/234 505/505/505 506/506/506 
f 506/506/506 235/235/235 234/234/234 
f 231/231/231 507/507/507 505/505/505 
f 505/505/505 234/234/234 231/231/231 
f 230/230/230 508/508/508 507/507/507 
f 507/507/507 231/231/231 230/230/230 
f 227/227/227 509/509/509 510/510/510 
f 510/510/510 241/241/241 227/227/227 
f 226/226/226 511/511/511 509/509/509 
f 509/509/509 227/227/227 226/226/226 
f 512/512/512 513/513/513 223/223/223 
f 223/223/223 222/222/222 512/512/512 
f 246/246/246 514/514/514 512/512/512 
f 512/512/512 222/222/222 246/246/246 
f 245/245/245 515/515/515 514/514/514 
f 514/514/514 246/246/246 245/245/245 
f 218/218/218 490/490/490 515/515/515 
f 515/515/515 245/245/245 218/218/218 
f 267/267/267 270/270/270 490/490/490 
f 490/490/490 489/489/489 267/267/267 
f 477/477/477 267/267/267 489/489/489 
f 489/489/489 491/491/491 477/477/477 
f 467/467/467 492/492/492 493/493/493 
f 493/493/493 265/265/265 467/467/467 
f 266/266/266 265/265/265 493/493/493 
f 493/493/493 494/494/494 266/266/266 
f 266/266/266 494/494/494 495/495/495 
f 495/495/495 261/261/261 266/266/266 
f 496/496/496 262/262/262 261/261/261 
f 261/261/261 495/495/495 496/496/496 
f 262/262/262 496/496/496 497/497/497 
f 497/497/497 257/257/257 262/262/262 
f 258/258/258 257/257/257 497/497/497 
f 497/497/497 498/498/498 258/258/258 
f 251/251/251 254/254/254 500/500/500 
f 500/500/500 499/499/499 251/251/251 
f 252/252/252 251/251/251 499/499/499 
f 499/499/499 501/501/501 252/252/252 
f 502/502/502 290/290/290 289/289/289 
f 289/289/289 503/503/503 502/502/502 
f 294/294/294 290/290/290 502/502/502 
f 502/502/502 504/504/504 294/294/294 
f 505/505/505 286/286/286 285/285/285 
f 285/285/285 506/506/506 505/505/505 
f 507/507/507 282/282/282 286/286/286 
f 286/286/286 505/505/505 507/507/507 
f 508/508/508 279/279/279 282/282/282 
f 282/282/282 507/507/507 508/508/508 
f 509/509/509 278/278/278 292/292/292 
f 292/292/292 510/510/510 509/509/509 
f 275/275/275 278/278/278 509/509/509 
f 509/509/509 511/511/511 275/275/275 
f 512/512/512 271/271/271 274/274/274 
f 274/274/274 513/513/513 512/512/512 
f 298/298/298 271/271/271 512/512/512 
f 512/512/512 514/514/514 298/298/298 
f 515/515/515 295/295/295 298/298/298 
f 298/298/298 514/514/514 515/515/515 
f 270/270/270 295/295/295 515/515/515 
f 515/515/515 490/490/490 270/270/270 
f 398/398/398 403/403/403 110/110/110 
f 110/110/110 99/99/99 398/398/398 
f 99/99/99 110/110/110 111/111/111 
f 111/111/111 100/100/100 99/99/99 
f 63/63/63 67/67/67 44/44/44 
f 44/44/44 33/33/33 63/63/63 
f 34/34/34 33/33/33 44/44/44 
f 44/44/44 43/43/43 34/34/34 
f 143/143/143 142/142/142 145/145/145 
f 145/145/145 144/144/144 143/143/143 
f 189/189/189 143/143/143 144/144/144 
f 144/144/144 195/195/195 189/189/189 
f 230/230/230 229/229/229 242/242/242 
f 242/242/242 241/241/241 230/230/230 
f 508/508/508 230/230/230 241/241/241 
f 241/241/241 510/510/510 508/508/508 
f 279/279/279 508/508/508 510/510/510 
f 510/510/510 292/292/292 279/279/279 
f 280/280/280 279/279/279 292/292/292 
f 292/292/292 291/291/291 280/280/280 
f 329/329/329 372/372/372 373/373/373 
f 373/373/373 342/342/342 329/329/329 
f 341/341/341 330/330/330 329/329/329 
f 329/329/329 342/342/342 341/341/341 
f 330/330/330 341/341/341 434/434/434 
f 434/434/434 455/455/455 330/330/330 
f 454/454/454 455/455/455 434/434/434 
f 434/434/434 453/453/453 454/454/454 
f 437/437/437 300/300/300 338/338/338 
f 338/338/338 435/435/435 437/437/437 
f 339/339/339 338/338/338 300/300/300 
f 300/300/300 299/299/299 339/339/339 
f 366/366/366 339/339/339 299/299/299 
f 299/299/299 365/365/365 366/366/366 
f 288/288/288 249/249/249 252/252/252 
f 252/252/252 289/289/289 288/288/288 
f 289/289/289 252/252/252 501/501/501 
f 501/501/501 503/503/503 289/289/289 
f 503/503/503 501/501/501 199/199/199 
f 199/199/199 239/239/239 503/503/503 
f 239/239/239 199/199/199 202/202/202 
f 202/202/202 240/240/240 239/239/239 
f 194/194/194 174/174/174 129/129/129 
f 129/129/129 131/131/131 194/194/194 
f 131/131/131 129/129/129 128/128/128 
f 128/128/128 132/132/132 131/131/131 
f 40/40/40 4/4/4 3/3/3 
f 3/3/3 41/41/41 40/40/40 
f 65/65/65 41/41/41 3/3/3 
f 3/3/3 48/48/48 65/65/65 
f 107/107/107 106/106/106 70/70/70 
f 70/70/70 69/69/69 107/107/107 
f 401/401/401 107/107/107 69/69/69 
f 69/69/69 383/383/383 401/401/401 
f 331/331/331 330/330/330 455/455/455 
f 455/455/455 333/333/333 331/331/331 
f 112/112/112 404/404/404 411/411/411 
f 411/411/411 516/516/516 112/112/112 
f 113/113/113 112/112/112 516/516/516 
f 516/516/516 517/517/517 113/113/113 
f 518/518/518 519/519/519 422/422/422 
f 422/422/422 421/421/421 518/518/518 
f 355/355/355 354/354/354 520/520/520 
f 520/520/520 521/521/521 355/355/355 
f 522/522/522 419/419/419 355/355/355 
f 355/355/355 521/521/521 522/522/522 
f 523/523/523 45/45/45 46/46/46 
f 46/46/46 524/524/524 523/523/523 
f 134/134/134 135/135/135 525/525/525 
f 525/525/525 526/526/526 134/134/134 
f 196/196/196 134/134/134 526/526/526 
f 526/526/526 527/527/527 196/196/196 
f 243/243/243 244/244/244 528/528/528 
f 528/528/528 529/529/529 243/243/243 
f 504/504/504 243/243/243 529/529/529 
f 529/529/529 530/530/530 504/504/504 
f 294/294/294 504/504/504 530/530/530 
f 530/530/530 531/531/531 294/294/294 
f 532/532/532 293/293/293 294/294/294 
f 294/294/294 531/531/531 532/532/532 
f 344/344/344 368/368/368 533/533/533 
f 533/533/533 534/534/534 344/344/344 
f 343/343/343 344/344/344 534/534/534 
f 534/534/534 535/535/535 343/343/343 
f 536/536/536 435/435/435 343/343/343 
f 343/343/343 535/535/535 536/536/536 
f 435/435/435 536/536/536 537/537/537 
f 537/537/537 437/437/437 435/435/435 
f 437/437/437 537/537/537 538/538/538 
f 538/538/538 436/436/436 437/437/437 
f 438/438/438 436/436/436 538/538/538 
f 538/538/538 539/539/539 438/438/438 
f 439/439/439 440/440/440 540/540/540 
f 540/540/540 541/541/541 439/439/439 
f 542/542/542 442/442/442 439/439/439 
f 439/439/439 541/541/541 542/542/542 
f 441/441/441 442/442/442 542/542/542 
f 542/542/542 543/543/543 441/441/441 
f 444/444/444 441/441/441 543/543/543 
f 543/543/543 544/544/544 444/444/444 
f 545/545/545 443/443/443 444/444/444 
f 444/444/444 544/544/544 545/545/545 
f 546/546/546 471/471/471 443/443/443 
f 443/443/443 545/545/545 546/546/546 
f 546/546/546 545/545/545 445/445/445 
f 445/445/445 473/473/473 546/546/546 
f 445/445/445 545/545/545 544/544/544 
f 544/544/544 446/446/446 445/445/445 
f 544/544/544 543/543/543 447/447/447 
f 447/447/447 446/446/446 544/544/544 
f 543/543/543 542/542/542 448/448/448 
f 448/448/448 447/447/447 543/543/543 
f 448/448/448 542/542/542 541/541/541 
f 541/541/541 449/449/449 448/448/448 
f 541/541/541 540/540/540 450/450/450 
f 450/450/450 449/449/449 541/541/541 
f 539/539/539 538/538/538 452/452/452 
f 452/452/452 451/451/451 539/539/539 
f 537/537/537 453/453/453 452/452/452 
f 452/452/452 538/538/538 537/537/537 
f 536/536/536 454/454/454 453/453/453 
f 453/453/453 537/537/537 536/536/536 
f 334/334/334 454/454/454 536/536/536 
f 536/536/536 535/535/535 334/334/334 
f 334/334/334 535/535/535 534/534/534 
f 534/534/534 335/335/335 334/334/334 
f 534/534/534 533/533/533 370/370/370 
f 370/370/370 335/335/335 534/534/534 
f 284/284/284 532/532/532 531/531/531 
f 531/531/531 285/285/285 284/284/284 
f 531/531/531 530/530/530 506/506/506 
f 506/506/506 285/285/285 531/531/531 
f 530/530/530 529/529/529 235/235/235 
f 235/235/235 506/506/506 530/530/530 
f 529/529/529 528/528/528 236/236/236 
f 236/236/236 235/235/235 529/529/529 
f 192/192/192 527/527/527 526/526/526 
f 526/526/526 136/136/136 192/192/192 
f 526/526/526 525/525/525 137/137/137 
f 137/137/137 136/136/136 526/526/526 
f 36/36/36 523/523/523 524/524/524 
f 524/524/524 37/37/37 36/36/36 
f 521/521/521 352/352/352 412/412/412 
f 412/412/412 522/522/522 521/521/521 
f 520/520/520 547/547/547 352/352/352 
f 352/352/352 521/521/521 520/520/520 
f 417/417/417 416/416/416 519/519/519 
f 519/519/519 518/518/518 417/417/417 
f 103/103/103 102/102/102 517/517/517 
f 517/517/517 516/516/516 103/103/103 
f 399/399/399 103/103/103 516/516/516 
f 516/516/516 411/411/411 399/399/399 
f 399/399/399 411/411/411 410/410/410 
f 410/410/410 400/400/400 399/399/399 
f 163/163/163 462/462/462 460/460/460 
f 460/460/460 15/15/15 163/163/163 
f 163/163/163 15/15/15 18/18/18 
f 18/18/18 164/164/164 163/163/163 
f 164/164/164 18/18/18 11/11/11 
f 11/11/11 167/167/167 164/164/164 
f 167/167/167 11/11/11 14/14/14 
f 14/14/14 168/168/168 167/167/167 
f 168/168/168 14/14/14 7/7/7 
f 7/7/7 171/171/171 168/168/168 
f 171/171/171 7/7/7 10/10/10 
f 10/10/10 172/172/172 171/171/171 
f 125/125/125 5/5/5 1/1/1 
f 1/1/1 126/126/126 125/125/125 
f 126/126/126 1/1/1 4/4/4 
f 4/4/4 128/128/128 126/126/126 
f 132/132/132 128/128/128 4/4/4 
f 4/4/4 40/40/40 132/132/132 
f 133/133/133 132/132/132 40/40/40 
f 40/40/40 39/39/39 133/133/133 
f 135/135/135 133/133/133 39/39/39 
f 39/39/39 45/45/45 135/135/135 
f 525/525/525 135/135/135 45/45/45 
f 45/45/45 523/523/523 525/525/525 
f 137/137/137 525/525/525 523/523/523 
f 523/523/523 36/36/36 137/137/137 
f 138/138/138 137/137/137 36/36/36 
f 36/36/36 35/35/35 138/138/138 
f 138/138/138 35/35/35 31/31/31 
f 31/31/31 140/140/140 138/138/138 
f 140/140/140 31/31/31 34/34/34 
f 34/34/34 142/142/142 140/140/140 
f 142/142/142 34/34/34 43/43/43 
f 43/43/43 145/145/145 142/142/142 
f 145/145/145 43/43/43 27/27/27 
f 27/27/27 146/146/146 145/145/145 
f 146/146/146 27/27/27 30/30/30 
f 30/30/30 148/148/148 146/146/146 
f 152/152/152 23/23/23 26/26/26 
f 26/26/26 153/153/153 152/152/152 
f 156/156/156 153/153/153 26/26/26 
f 26/26/26 115/115/115 156/156/156 
f 157/157/157 156/156/156 115/115/115 
f 115/115/115 114/114/114 157/157/157 
f 160/160/160 157/157/157 114/114/114 
f 114/114/114 20/20/20 160/160/160 
f 161/161/161 160/160/160 20/20/20 
f 20/20/20 19/19/19 161/161/161 
f 161/161/161 19/19/19 484/484/484 
f 484/484/484 483/483/483 161/161/161 
f 272/272/272 376/376/376 377/377/377 
f 377/377/377 273/273/273 272/272/272 
f 297/297/297 379/379/379 376/376/376 
f 376/376/376 272/272/272 297/297/297 
f 296/296/296 378/378/378 379/379/379 
f 379/379/379 297/297/297 296/296/296 
f 269/269/269 381/381/381 378/378/378 
f 378/378/378 296/296/296 269/269/269 
f 268/268/268 380/380/380 381/381/381 
f 381/381/381 269/269/269 268/268/268 
f 478/478/478 476/476/476 380/380/380 
f 380/380/380 268/268/268 478/478/478 
f 469/469/469 466/466/466 264/264/264 
f 264/264/264 357/357/357 469/469/469 
f 358/358/358 357/357/357 264/264/264 
f 264/264/264 263/263/263 358/358/358 
f 359/359/359 358/358/358 263/263/263 
f 263/263/263 260/260/260 359/359/359 
f 360/360/360 359/359/359 260/260/260 
f 260/260/260 259/259/259 360/360/360 
f 362/362/362 360/360/360 259/259/259 
f 259/259/259 256/256/256 362/362/362 
f 361/361/361 362/362/362 256/256/256 
f 256/256/256 255/255/255 361/361/361 
f 363/363/363 364/364/364 253/253/253 
f 253/253/253 250/250/250 363/363/363 
f 249/249/249 365/365/365 363/363/363 
f 363/363/363 250/250/250 249/249/249 
f 366/366/366 365/365/365 249/249/249 
f 249/249/249 288/288/288 366/366/366 
f 367/367/367 366/366/366 288/288/288 
f 288/288/288 287/287/287 367/367/367 
f 368/368/368 367/367/367 287/287/287 
f 287/287/287 293/293/293 368/368/368 
f 533/533/533 368/368/368 293/293/293 
f 293/293/293 532/532/532 533/533/533 
f 370/370/370 533/533/533 532/532/532 
f 532/532/532 284/284/284 370/370/370 
f 369/369/369 370/370/370 284/284/284 
f 284/284/284 283/283/283 369/369/369 
f 281/281/281 371/371/371 369/369/369 
f 369/369/369 283/283/283 281/281/281 
f 280/280/280 372/372/372 371/371/371 
f 371/371/371 281/281/281 280/280/280 
f 372/372/372 280/280/280 291/291/291 
f 291/291/291 373/373/373 372/372/372 
f 277/277/277 374/374/374 373/373/373 
f 373/373/373 291/291/291 277/277/277 
f 276/276/276 375/375/375 374/374/374 
f 374/374/374 277/277/277 276/276/276 
f 38/38/38 413/413/413 414/414/414 
f 414/414/414 64/64/64 38/38/38 
f 418/418/418 417/417/417 102/102/102 
f 102/102/102 105/105/105 418/418/418 
f 102/102/102 417/417/417 518/518/518 
f 518/518/518 517/517/517 102/102/102 
f 517/517/517 518/518/518 421/421/421 
f 421/421/421 113/113/113 517/517/517 
f 421/421/421 424/424/424 109/109/109 
f 109/109/109 113/113/113 421/421/421 
f 425/425/425 420/420/420 42/42/42 
f 42/42/42 66/66/66 425/425/425 
f 420/420/420 419/419/419 46/46/46 
f 46/46/46 42/42/42 420/420/420 
f 524/524/524 46/46/46 419/419/419 
f 419/419/419 522/522/522 524/524/524 
f 37/37/37 524/524/524 522/522/522 
f 522/522/522 412/412/412 37/37/37 
f 37/37/37 412/412/412 413/413/413 
f 413/413/413 38/38/38 37/37/37 
f 175/175/175 201/201/201 204/204/204 
f 204/204/204 176/176/176 175/175/175 
f 202/202/202 201/201/201 175/175/175 
f 175/175/175 174/174/174 202/202/202 
f 240/240/240 202/202/202 174/174/174 
f 174/174/174 194/194/194 240/240/240 
f 237/237/237 240/240/240 194/194/194 
f 194/194/194 193/193/193 237/237/237 
f 244/244/244 237/237/237 193/193/193 
f 193/193/193 196/196/196 244/244/244 
f 244/244/244 196/196/196 527/527/527 
f 527/527/527 528/528/528 244/244/244 
f 236/236/236 528/528/528 527/527/527 
f 527/527/527 192/192/192 236/236/236 
f 233/233/233 236/236/236 192/192/192 
f 192/192/192 191/191/191 233/233/233 
f 190/190/190 232/232/232 233/233/233 
f 233/233/233 191/191/191 190/190/190 
f 189/189/189 229/229/229 232/232/232 
f 232/232/232 190/190/190 189/189/189 
f 229/229/229 189/189/189 195/195/195 
f 195/195/195 242/242/242 229/229/229 
f 188/188/188 228/228/228 242/242/242 
f 242/242/242 195/195/195 188/188/188 
f 187/187/187 225/225/225 228/228/228 
f 228/228/228 188/188/188 187/187/187 
f 221/221/221 224/224/224 186/186/186 
f 186/186/186 185/185/185 221/221/221 
f 198/198/198 247/247/247 221/221/221 
f 221/221/221 185/185/185 198/198/198 
f 248/248/248 247/247/247 198/198/198 
f 198/198/198 197/197/197 248/248/248 
f 184/184/184 219/219/219 248/248/248 
f 248/248/248 197/197/197 184/184/184 
f 183/183/183 220/220/220 219/219/219 
f 219/219/219 184/184/184 183/183/183 
f 482/482/482 480/480/480 220/220/220 
f 220/220/220 183/183/183 482/482/482 
f 465/465/465 463/463/463 182/182/182 
f 182/182/182 216/216/216 465/465/465 
f 181/181/181 213/213/213 216/216/216 
f 216/216/216 182/182/182 181/181/181 
f 213/213/213 181/181/181 180/180/180 
f 180/180/180 212/212/212 213/213/213 
f 179/179/179 209/209/209 212/212/212 
f 212/212/212 180/180/180 179/179/179 
f 209/209/209 179/179/179 178/178/178 
f 178/178/178 208/208/208 209/209/209 
f 177/177/177 205/205/205 208/208/208 
f 208/208/208 178/178/178 177/177/177 
f 386/386/386 384/384/384 72/72/72 
f 72/72/72 75/75/75 386/386/386 
f 75/75/75 72/72/72 73/73/73 
f 73/73/73 76/76/76 75/75/75 
f 51/51/51 49/49/49 6/6/6 
f 6/6/6 9/9/9 51/51/51 
f 10/10/10 9/9/9 6/6/6 
f 6/6/6 5/5/5 10/10/10 
f 172/172/172 10/10/10 5/5/5 
f 5/5/5 125/125/125 172/172/172 
f 173/173/173 172/172/172 125/125/125 
f 125/125/125 124/124/124 173/173/173 
f 177/177/177 173/173/173 124/124/124 
f 124/124/124 176/176/176 177/177/177 
f 205/205/205 177/177/177 176/176/176 
f 176/176/176 204/204/204 205/205/205 
f 206/206/206 205/205/205 204/204/204 
f 204/204/204 203/203/203 206/206/206 
f 500/500/500 498/498/498 206/206/206 
f 206/206/206 203/203/203 500/500/500 
f 254/254/254 258/258/258 498/498/498 
f 498/498/498 500/500/500 254/254/254 
f 253/253/253 255/255/255 258/258/258 
f 258/258/258 254/254/254 253/253/253 
f 361/361/361 255/255/255 253/253/253 
f 253/253/253 364/364/364 361/361/361 
f 305/305/305 361/361/361 364/364/364 
f 364/364/364 304/304/304 305/305/305 
f 306/306/306 305/305/305 304/304/304 
f 304/304/304 303/303/303 306/306/306 
f 440/440/440 306/306/306 303/303/303 
f 303/303/303 438/438/438 440/440/440 
f 440/440/440 438/438/438 539/539/539 
f 539/539/539 540/540/540 440/440/440 
f 540/540/540 539/539/539 451/451/451 
f 451/451/451 450/450/450 540/540/540 
f 450/450/450 451/451/451 432/432/432 
f 432/432/432 431/431/431 450/450/450 
f 325/325/325 322/322/322 431/431/431 
f 431/431/431 432/432/432 325/325/325 
f 322/322/322 325/325/325 328/328/328 
f 328/328/328 323/323/323 322/322/322 
f 323/323/323 328/328/328 375/375/375 
f 375/375/375 377/377/377 323/323/323 
f 273/273/273 377/377/377 375/375/375 
f 375/375/375 276/276/276 273/273/273 
f 273/273/273 276/276/276 275/275/275 
f 275/275/275 274/274/274 273/273/273 
f 274/274/274 275/275/275 511/511/511 
f 511/511/511 513/513/513 274/274/274 
f 223/223/223 513/513/513 511/511/511 
f 511/511/511 226/226/226 223/223/223 
f 223/223/223 226/226/226 225/225/225 
f 225/225/225 224/224/224 223/223/223 
f 186/186/186 224/224/224 225/225/225 
f 225/225/225 187/187/187 186/186/186 
f 151/151/151 186/186/186 187/187/187 
f 187/187/187 149/149/149 151/151/151 
f 149/149/149 148/148/148 152/152/152 
f 152/152/152 151/151/151 149/149/149 
f 148/148/148 30/30/30 23/23/23 
f 23/23/23 152/152/152 148/148/148 
f 30/30/30 29/29/29 24/24/24 
f 24/24/24 23/23/23 30/30/30 
f 61/61/61 58/58/58 24/24/24 
f 24/24/24 29/29/29 61/61/61 
f 95/95/95 91/91/91 90/90/90 
f 90/90/90 96/96/96 95/95/95 
f 396/396/396 393/393/393 91/91/91 
f 91/91/91 95/95/95 396/396/396 
f 548/548/548 549/549/549 550/550/550 
f 550/550/550 551/551/551 548/548/548 
f 549/549/549 552/552/552 553/553/553 
f 553/553/553 550/550/550 549/549/549 
f 554/554/554 555/555/555 556/556/556 
f 556/556/556 557/557/557 554/554/554 
f 558/558/558 559/559/559 560/560/560 
f 560/560/560 561/561/561 558/558/558 
f 562/562/562 563/563/563 564/564/564 
f 564/564/564 565/565/565 562/562/562 
f 566/566/566 567/567/567 568/568/568 
f 568/568/568 569/569/569 566/566/566 
f 570/570/570 571/571/571 572/572/572 
f 572/572/572 573/573/573 570/570/570 
f 574/574/574 575/575/575 576/576/576 
f 576/576/576 577/577/577 574/574/574 
f 578/578/578 579/579/579 580/580/580 
f 580/580/580 581/581/581 578/578/578 
f 582/582/582 583/583/583 584/584/584 
f 584/584/584 585/585/585 582/582/582 
f 579/579/579 583/583/583 582/582/582 
f 582/582/582 580/580/580 579/579/579 
f 586/586/586 587/587/587 588/588/588 
f 588/588/588 589/589/589 586/586/586 
f 575/575/575 590/590/590 591/591/591 
f 591/591/591 576/576/576 575/575/575 
f 592/592/592 593/593/593 587/587/587 
f 587/587/587 586/586/586 592/592/592 
f 548/548/548 594/594/594 595/595/595 
f 595/595/595 549/549/549 548/548/548 
f 552/552/552 549/549/549 595/595/595 
f 595/595/595 596/596/596 552/552/552 
f 557/557/557 556/556/556 597/597/597 
f 597/597/597 598/598/598 557/557/557 
f 559/559/559 558/558/558 599/599/599 
f 599/599/599 600/600/600 559/559/559 
f 563/563/563 562/562/562 601/601/601 
f 601/601/601 602/602/602 563/563/563 
f 568/568/568 567/567/567 603/603/603 
f 603/603/603 604/604/604 568/568/568 
f 571/571/571 570/570/570 605/605/605 
f 605/605/605 606/606/606 571/571/571 
f 574/574/574 607/607/607 608/608/608 
f 608/608/608 575/575/575 574/574/574 
f 579/579/579 578/578/578 609/609/609 
f 609/609/609 610/610/610 579/579/579 
f 579/579/579 610/610/610 611/611/611 
f 611/611/611 583/583/583 579/579/579 
f 587/587/587 612/612/612 613/613/613 
f 613/613/613 588/588/588 587/587/587 
f 575/575/575 608/608/608 614/614/614 
f 614/614/614 590/590/590 575/575/575 
f 615/615/615 616/616/616 617/617/617 
f 617/617/617 618/618/618 615/615/615 
f 618/618/618 617/617/617 619/619/619 
f 619/619/619 620/620/620 618/618/618 
f 621/621/621 622/622/622 623/623/623 
f 623/623/623 624/624/624 621/621/621 
f 625/625/625 626/626/626 627/627/627 
f 627/627/627 628/628/628 625/625/625 
f 629/629/629 630/630/630 631/631/631 
f 631/631/631 632/632/632 629/629/629 
f 633/633/633 634/634/634 635/635/635 
f 635/635/635 636/636/636 633/633/633 
f 637/637/637 638/638/638 639/639/639 
f 639/639/639 640/640/640 637/637/637 
f 641/641/641 642/642/642 643/643/643 
f 643/643/643 644/644/644 641/641/641 
f 645/645/645 646/646/646 647/647/647 
f 647/647/647 648/648/648 645/645/645 
f 649/649/649 650/650/650 651/651/651 
f 651/651/651 652/652/652 649/649/649 
f 648/648/648 647/647/647 651/651/651 
f 651/651/651 650/650/650 648/648/648 
f 653/653/653 654/654/654 655/655/655 
f 655/655/655 656/656/656 653/653/653 
f 644/644/644 643/643/643 657/657/657 
f 657/657/657 658/658/658 644/644/644 
f 654/654/654 659/659/659 660/660/660 
f 660/660/660 655/655/655 654/654/654 
f 661/661/661 662/662/662 663/663/663 
f 663/663/663 664/664/664 661/661/661 
f 665/665/665 663/663/663 662/662/662 
f 662/662/662 666/666/666 665/665/665 
f 667/667/667 668/668/668 669/669/669 
f 669/669/669 670/670/670 667/667/667 
f 671/671/671 672/672/672 673/673/673 
f 673/673/673 674/674/674 671/671/671 
f 675/675/675 671/671/671 674/674/674 
f 674/674/674 676/676/676 675/675/675 
f 677/677/677 678/678/678 679/679/679 
f 679/679/679 680/680/680 677/677/677 
f 681/681/681 682/682/682 678/678/678 
f 678/678/678 677/677/677 681/681/681 
f 683/683/683 684/684/684 685/685/685 
f 685/685/685 686/686/686 683/683/683 
f 687/687/687 683/683/683 686/686/686 
f 686/686/686 688/688/688 687/687/687 
f 689/689/689 687/687/687 688/688/688 
f 688/688/688 690/690/690 689/689/689 
f 691/691/691 692/692/692 693/693/693 
f 693/693/693 694/694/694 691/691/691 
f 695/695/695 691/691/691 694/694/694 
f 694/694/694 696/696/696 695/695/695 
f 697/697/697 698/698/698 699/699/699 
f 699/699/699 700/700/700 697/697/697 
f 701/701/701 702/702/702 703/703/703 
f 703/703/703 704/704/704 701/701/701 
f 705/705/705 706/706/706 707/707/707 
f 707/707/707 708/708/708 705/705/705 
f 709/709/709 710/710/710 711/711/711 
f 711/711/711 712/712/712 709/709/709 
f 713/713/713 714/714/714 715/715/715 
f 715/715/715 716/716/716 713/713/713 
f 717/717/717 718/718/718 719/719/719 
f 719/719/719 720/720/720 717/717/717 
f 676/676/676 674/674/674 721/721/721 
f 721/721/721 722/722/722 676/676/676 
f 674/674/674 673/673/673 723/723/723 
f 723/723/723 721/721/721 674/674/674 
f 720/720/720 719/719/719 724/724/724 
f 724/724/724 725/725/725 720/720/720 
f 716/716/716 715/715/715 726/726/726 
f 726/726/726 727/727/727 716/716/716 
f 712/712/712 711/711/711 728/728/728 
f 728/728/728 729/729/729 712/712/712 
f 705/705/705 708/708/708 730/730/730 
f 730/730/730 731/731/731 705/705/705 
f 700/700/700 732/732/732 733/733/733 
f 733/733/733 697/697/697 700/700/700 
f 696/696/696 694/694/694 734/734/734 
f 734/734/734 735/735/735 696/696/696 
f 690/690/690 688/688/688 736/736/736 
f 736/736/736 737/737/737 690/690/690 
f 685/685/685 738/738/738 739/739/739 
f 739/739/739 686/686/686 685/685/685 
f 688/688/688 686/686/686 739/739/739 
f 739/739/739 736/736/736 688/688/688 
f 680/680/680 740/740/740 741/741/741 
f 741/741/741 677/677/677 680/680/680 
f 694/694/694 693/693/693 742/742/742 
f 742/742/742 734/734/734 694/694/694 
f 677/677/677 741/741/741 743/743/743 
f 743/743/743 681/681/681 677/677/677 
f 704/704/704 744/744/744 745/745/745 
f 745/745/745 701/701/701 704/704/704 
f 746/746/746 747/747/747 748/748/748 
f 748/748/748 749/749/749 746/746/746 
f 746/746/746 750/750/750 751/751/751 
f 751/751/751 747/747/747 746/746/746 
f 752/752/752 753/753/753 754/754/754 
f 754/754/754 755/755/755 752/752/752 
f 756/756/756 757/757/757 758/758/758 
f 758/758/758 759/759/759 756/756/756 
f 760/760/760 761/761/761 762/762/762 
f 762/762/762 763/763/763 760/760/760 
f 764/764/764 765/765/765 766/766/766 
f 766/766/766 767/767/767 764/764/764 
f 768/768/768 769/769/769 770/770/770 
f 770/770/770 771/771/771 768/768/768 
f 772/772/772 773/773/773 774/774/774 
f 774/774/774 775/775/775 772/772/772 
f 776/776/776 777/777/777 778/778/778 
f 778/778/778 779/779/779 776/776/776 
f 780/780/780 781/781/781 782/782/782 
f 782/782/782 783/783/783 780/780/780 
f 777/777/777 780/780/780 783/783/783 
f 783/783/783 778/778/778 777/777/777 
f 784/784/784 785/785/785 786/786/786 
f 786/786/786 787/787/787 784/784/784 
f 773/773/773 788/788/788 789/789/789 
f 789/789/789 774/774/774 773/773/773 
f 784/784/784 787/787/787 790/790/790 
f 790/790/790 791/791/791 784/784/784 
f 792/792/792 793/793/793 794/794/794 
f 794/794/794 795/795/795 792/792/792 
f 796/796/796 797/797/797 798/798/798 
f 798/798/798 799/799/799 796/796/796 
f 800/800/800 801/801/801 797/797/797 
f 797/797/797 796/796/796 800/800/800 
f 802/802/802 803/803/803 804/804/804 
f 804/804/804 805/805/805 802/802/802 
f 806/806/806 807/807/807 808/808/808 
f 808/808/808 809/809/809 806/806/806 
f 810/810/810 811/811/811 812/812/812 
f 812/812/812 813/813/813 810/810/810 
f 814/814/814 815/815/815 816/816/816 
f 816/816/816 817/817/817 814/814/814 
f 818/818/818 819/819/819 820/820/820 
f 820/820/820 821/821/821 818/818/818 
f 822/822/822 823/823/823 824/824/824 
f 824/824/824 825/825/825 822/822/822 
f 826/826/826 827/827/827 828/828/828 
f 828/828/828 829/829/829 826/826/826 
f 830/830/830 831/831/831 832/832/832 
f 832/832/832 833/833/833 830/830/830 
f 827/827/827 833/833/833 832/832/832 
f 832/832/832 828/828/828 827/827/827 
f 834/834/834 835/835/835 836/836/836 
f 836/836/836 837/837/837 834/834/834 
f 823/823/823 838/838/838 839/839/839 
f 839/839/839 824/824/824 823/823/823 
f 837/837/837 836/836/836 840/840/840 
f 840/840/840 841/841/841 837/837/837 
f 842/842/842 843/843/843 844/844/844 
f 844/844/844 845/845/845 842/842/842 
f 846/846/846 847/847/847 848/848/848 
f 848/848/848 849/849/849 846/846/846 
f 847/847/847 850/850/850 851/851/851 
f 851/851/851 848/848/848 847/847/847 
f 852/852/852 853/853/853 854/854/854 
f 854/854/854 855/855/855 852/852/852 
f 856/856/856 857/857/857 858/858/858 
f 858/858/858 859/859/859 856/856/856 
f 860/860/860 861/861/861 862/862/862 
f 862/862/862 863/863/863 860/860/860 
f 864/864/864 865/865/865 866/866/866 
f 866/866/866 867/867/867 864/864/864 
f 868/868/868 869/869/869 870/870/870 
f 870/870/870 871/871/871 868/868/868 
f 872/872/872 873/873/873 874/874/874 
f 874/874/874 875/875/875 872/872/872 
f 876/876/876 877/877/877 878/878/878 
f 878/878/878 879/879/879 876/876/876 
f 880/880/880 881/881/881 882/882/882 
f 882/882/882 883/883/883 880/880/880 
f 877/877/877 883/883/883 882/882/882 
f 882/882/882 878/878/878 877/877/877 
f 884/884/884 885/885/885 886/886/886 
f 886/886/886 887/887/887 884/884/884 
f 888/888/888 889/889/889 873/873/873 
f 873/873/873 872/872/872 888/888/888 
f 887/887/887 886/886/886 890/890/890 
f 890/890/890 891/891/891 887/887/887 
f 892/892/892 893/893/893 894/894/894 
f 894/894/894 895/895/895 892/892/892 
f 896/896/896 897/897/897 898/898/898 
f 898/898/898 899/899/899 896/896/896 
f 900/900/900 901/901/901 902/902/902 
f 902/902/902 903/903/903 900/900/900 
f 904/904/904 861/861/861 860/860/860 
f 860/860/860 905/905/905 904/904/904 
f 906/906/906 857/857/857 856/856/856 
f 856/856/856 907/907/907 906/906/906 
f 908/908/908 909/909/909 853/853/853 
f 853/853/853 852/852/852 908/908/908 
f 910/910/910 911/911/911 850/850/850 
f 850/850/850 847/847/847 910/910/910 
f 912/912/912 910/910/910 847/847/847 
f 847/847/847 846/846/846 912/912/912 
f 913/913/913 884/884/884 887/887/887 
f 887/887/887 914/914/914 913/913/913 
f 914/914/914 887/887/887 891/891/891 
f 891/891/891 915/915/915 914/914/914 
f 916/916/916 917/917/917 880/880/880 
f 880/880/880 883/883/883 916/916/916 
f 918/918/918 916/916/916 883/883/883 
f 883/883/883 877/877/877 918/918/918 
f 919/919/919 918/918/918 877/877/877 
f 877/877/877 876/876/876 919/919/919 
f 920/920/920 888/888/888 872/872/872 
f 872/872/872 921/921/921 920/920/920 
f 921/921/921 872/872/872 875/875/875 
f 875/875/875 922/922/922 921/921/921 
f 923/923/923 924/924/924 868/868/868 
f 868/868/868 871/871/871 923/923/923 
f 925/925/925 926/926/926 892/892/892 
f 892/892/892 895/895/895 925/925/925 
f 927/927/927 928/928/928 865/865/865 
f 865/865/865 864/864/864 927/927/927 
f 616/616/616 929/929/929 930/930/930 
f 930/930/930 617/617/617 616/616/616 
f 619/619/619 617/617/617 930/930/930 
f 930/930/930 931/931/931 619/619/619 
f 622/622/622 932/932/932 933/933/933 
f 933/933/933 623/623/623 622/622/622 
f 627/627/627 626/626/626 934/934/934 
f 934/934/934 935/935/935 627/627/627 
f 630/630/630 936/936/936 937/937/937 
f 937/937/937 631/631/631 630/630/630 
f 635/635/635 938/938/938 939/939/939 
f 939/939/939 636/636/636 635/635/635 
f 640/640/640 639/639/639 940/940/940 
f 940/940/940 941/941/941 640/640/640 
f 642/642/642 942/942/942 943/943/943 
f 943/943/943 643/643/643 642/642/642 
f 647/647/647 646/646/646 944/944/944 
f 944/944/944 945/945/945 647/647/647 
f 652/652/652 651/651/651 946/946/946 
f 946/946/946 947/947/947 652/652/652 
f 647/647/647 945/945/945 946/946/946 
f 946/946/946 651/651/651 647/647/647 
f 656/656/656 655/655/655 948/948/948 
f 948/948/948 949/949/949 656/656/656 
f 643/643/643 943/943/943 950/950/950 
f 950/950/950 657/657/657 643/643/643 
f 655/655/655 660/660/660 951/951/951 
f 951/951/951 948/948/948 655/655/655 
f 667/667/667 670/670/670 952/952/952 
f 952/952/952 953/953/953 667/667/667 
f 949/949/949 407/407/407 930/930/930 
f 930/930/930 929/929/929 949/949/949 
f 407/407/407 932/932/932 931/931/931 
f 931/931/931 930/930/930 407/407/407 
f 407/407/407 934/934/934 933/933/933 
f 933/933/933 932/932/932 407/407/407 
f 407/407/407 936/936/936 935/935/935 
f 935/935/935 934/934/934 407/407/407 
f 407/407/407 408/408/408 937/937/937 
f 937/937/937 936/936/936 407/407/407 
f 407/407/407 939/939/939 938/938/938 
f 938/938/938 409/409/409 407/407/407 
f 407/407/407 941/941/941 940/940/940 
f 940/940/940 953/953/953 407/407/407 
f 407/407/407 943/943/943 942/942/942 
f 942/942/942 941/941/941 407/407/407 
f 945/945/945 944/944/944 407/407/407 
f 951/951/951 954/954/954 955/955/955 
f 955/955/955 407/407/407 951/951/951 
f 955/955/955 946/946/946 945/945/945 
f 945/945/945 407/407/407 955/955/955 
f 949/949/949 948/948/948 407/407/407 
f 407/407/407 944/944/944 950/950/950 
f 950/950/950 943/943/943 407/407/407 
f 948/948/948 951/951/951 407/407/407 
f 407/407/407 953/953/953 952/952/952 
f 952/952/952 939/939/939 407/407/407 
f 956/956/956 957/957/957 896/896/896 
f 896/896/896 899/899/899 956/956/956 
f 957/957/957 958/958/958 897/897/897 
f 897/897/897 896/896/896 957/957/957 
f 959/959/959 960/960/960 961/961/961 
f 961/961/961 962/962/962 959/959/959 
f 963/963/963 900/900/900 903/903/903 
f 903/903/903 964/964/964 963/963/963 
f 965/965/965 966/966/966 967/967/967 
f 967/967/967 968/968/968 965/965/965 
f 964/964/964 903/903/903 902/902/902 
f 902/902/902 969/969/969 964/964/964 
f 970/970/970 971/971/971 867/867/867 
f 867/867/867 866/866/866 970/970/970 
f 972/972/972 894/894/894 893/893/893 
f 893/893/893 973/973/973 972/972/972 
f 974/974/974 870/870/870 869/869/869 
f 869/869/869 975/975/975 974/974/974 
f 976/976/976 874/874/874 873/873/873 
f 873/873/873 977/977/977 976/976/976 
f 977/977/977 873/873/873 889/889/889 
f 889/889/889 978/978/978 977/977/977 
f 885/885/885 979/979/979 890/890/890 
f 890/890/890 886/886/886 885/885/885 
f 980/980/980 981/981/981 849/849/849 
f 849/849/849 848/848/848 980/980/980 
f 982/982/982 980/980/980 848/848/848 
f 848/848/848 851/851/851 982/982/982 
f 983/983/983 984/984/984 855/855/855 
f 855/855/855 854/854/854 983/983/983 
f 985/985/985 986/986/986 859/859/859 
f 859/859/859 858/858/858 985/985/985 
f 987/987/987 988/988/988 863/863/863 
f 863/863/863 862/862/862 987/987/987 
f 971/971/971 970/970/970 989/989/989 
f 989/989/989 990/990/990 971/971/971 
f 973/973/973 991/991/991 992/992/992 
f 992/992/992 972/972/972 973/973/973 
f 975/975/975 993/993/993 994/994/994 
f 994/994/994 974/974/974 975/975/975 
f 977/977/977 995/995/995 996/996/996 
f 996/996/996 976/976/976 977/977/977 
f 997/997/997 995/995/995 977/977/977 
f 977/977/977 978/978/978 997/997/997 
f 998/998/998 999/999/999 882/882/882 
f 882/882/882 881/881/881 998/998/998 
f 631/631/631 937/937/937 408/408/408 
f 408/408/408 456/456/456 631/631/631 
f 457/457/457 632/632/632 631/631/631 
f 631/631/631 456/456/456 457/457/457 
f 563/563/563 602/602/602 458/458/458 
f 458/458/458 459/459/459 563/563/563 
f 564/564/564 563/563/563 459/459/459 
f 459/459/459 460/460/460 564/564/564 
f 710/710/710 462/462/462 461/461/461 
f 461/461/461 711/711/711 710/710/710 
f 711/711/711 461/461/461 463/463/463 
f 463/463/463 728/728/728 711/711/711 
f 761/761/761 465/465/465 464/464/464 
f 464/464/464 762/762/762 761/761/761 
f 810/810/810 467/467/467 466/466/466 
f 466/466/466 811/811/811 810/810/810 
f 904/904/904 469/469/469 468/468/468 
f 468/468/468 861/861/861 904/904/904 
f 861/861/861 468/468/468 470/470/470 
f 470/470/470 862/862/862 861/861/861 
f 470/470/470 471/471/471 987/987/987 
f 987/987/987 862/862/862 470/470/470 
f 472/472/472 971/971/971 990/990/990 
f 990/990/990 473/473/473 472/472/472 
f 472/472/472 474/474/474 867/867/867 
f 867/867/867 971/971/971 472/472/472 
f 864/864/864 867/867/867 474/474/474 
f 474/474/474 475/475/475 864/864/864 
f 927/927/927 864/864/864 475/475/475 
f 475/475/475 476/476/476 927/927/927 
f 477/477/477 814/814/814 817/817/817 
f 817/817/817 478/478/478 477/477/477 
f 767/767/767 766/766/766 479/479/479 
f 479/479/479 480/480/480 767/767/767 
f 481/481/481 705/705/705 731/731/731 
f 731/731/731 482/482/482 481/481/481 
f 483/483/483 706/706/706 705/705/705 
f 705/705/705 481/481/481 483/483/483 
f 484/484/484 485/485/485 567/567/567 
f 567/567/567 566/566/566 484/484/484 
f 567/567/567 485/485/485 486/486/486 
f 486/486/486 603/603/603 567/567/567 
f 634/634/634 488/488/488 487/487/487 
f 487/487/487 635/635/635 634/634/634 
f 635/635/635 487/487/487 409/409/409 
f 409/409/409 938/938/938 635/635/635 
f 627/627/627 935/935/935 936/936/936 
f 936/936/936 630/630/630 627/627/627 
f 629/629/629 628/628/628 627/627/627 
f 627/627/627 630/630/630 629/629/629 
f 559/559/559 600/600/600 601/601/601 
f 601/601/601 562/562/562 559/559/559 
f 560/560/560 559/559/559 562/562/562 
f 562/562/562 565/565/565 560/560/560 
f 714/714/714 709/709/709 712/712/712 
f 712/712/712 715/715/715 714/714/714 
f 715/715/715 712/712/712 729/729/729 
f 729/729/729 726/726/726 715/715/715 
f 757/757/757 760/760/760 763/763/763 
f 763/763/763 758/758/758 757/757/757 
f 806/806/806 813/813/813 812/812/812 
f 812/812/812 807/807/807 806/806/806 
f 906/906/906 905/905/905 860/860/860 
f 860/860/860 857/857/857 906/906/906 
f 857/857/857 860/860/860 863/863/863 
f 863/863/863 858/858/858 857/857/857 
f 985/985/985 858/858/858 863/863/863 
f 863/863/863 988/988/988 985/985/985 
f 972/972/972 992/992/992 989/989/989 
f 989/989/989 970/970/970 972/972/972 
f 970/970/970 866/866/866 894/894/894 
f 894/894/894 972/972/972 970/970/970 
f 895/895/895 894/894/894 866/866/866 
f 866/866/866 865/865/865 895/895/895 
f 925/925/925 895/895/895 865/865/865 
f 865/865/865 928/928/928 925/925/925 
f 815/815/815 842/842/842 845/845/845 
f 845/845/845 816/816/816 815/815/815 
f 795/795/795 794/794/794 765/765/765 
f 765/765/765 764/764/764 795/795/795 
f 708/708/708 701/701/701 745/745/745 
f 745/745/745 730/730/730 708/708/708 
f 708/708/708 707/707/707 702/702/702 
f 702/702/702 701/701/701 708/708/708 
f 569/569/569 568/568/568 662/662/662 
f 662/662/662 661/661/661 569/569/569 
f 666/666/666 662/662/662 568/568/568 
f 568/568/568 604/604/604 666/666/666 
f 670/670/670 669/669/669 633/633/633 
f 633/633/633 636/636/636 670/670/670 
f 670/670/670 636/636/636 939/939/939 
f 939/939/939 952/952/952 670/670/670 
f 623/623/623 933/933/933 934/934/934 
f 934/934/934 626/626/626 623/623/623 
f 624/624/624 623/623/623 626/626/626 
f 626/626/626 625/625/625 624/624/624 
f 557/557/557 598/598/598 599/599/599 
f 599/599/599 558/558/558 557/557/557 
f 561/561/561 554/554/554 557/557/557 
f 557/557/557 558/558/558 561/561/561 
f 718/718/718 713/713/713 716/716/716 
f 716/716/716 719/719/719 718/718/718 
f 719/719/719 716/716/716 727/727/727 
f 727/727/727 724/724/724 719/719/719 
f 753/753/753 756/756/756 759/759/759 
f 759/759/759 754/754/754 753/753/753 
f 803/803/803 802/802/802 809/809/809 
f 809/809/809 808/808/808 803/803/803 
f 909/909/909 907/907/907 856/856/856 
f 856/856/856 853/853/853 909/909/909 
f 853/853/853 856/856/856 859/859/859 
f 859/859/859 854/854/854 853/853/853 
f 986/986/986 983/983/983 854/854/854 
f 854/854/854 859/859/859 986/986/986 
f 973/973/973 974/974/974 994/994/994 
f 994/994/994 991/991/991 973/973/973 
f 973/973/973 893/893/893 870/870/870 
f 870/870/870 974/974/974 973/973/973 
f 871/871/871 870/870/870 893/893/893 
f 893/893/893 892/892/892 871/871/871 
f 923/923/923 871/871/871 892/892/892 
f 892/892/892 926/926/926 923/923/923 
f 843/843/843 818/818/818 821/821/821 
f 821/821/821 844/844/844 843/843/843 
f 768/768/768 771/771/771 793/793/793 
f 793/793/793 792/792/792 768/768/768 
f 704/704/704 697/697/697 733/733/733 
f 733/733/733 744/744/744 704/704/704 
f 703/703/703 698/698/698 697/697/697 
f 697/697/697 704/704/704 703/703/703 
f 664/664/664 663/663/663 570/570/570 
f 570/570/570 573/573/573 664/664/664 
f 570/570/570 663/663/663 665/665/665 
f 665/665/665 605/605/605 570/570/570 
f 638/638/638 668/668/668 667/667/667 
f 667/667/667 639/639/639 638/638/638 
f 639/639/639 667/667/667 953/953/953 
f 953/953/953 940/940/940 639/639/639 
f 766/766/766 765/765/765 1000/1000/1000 
f 1000/1000/1000 1001/1001/1001 766/766/766 
f 479/479/479 766/766/766 1001/1001/1001 
f 1001/1001/1001 491/491/491 479/479/479 
f 762/762/762 464/464/464 492/492/492 
f 492/492/492 1002/1002/1002 762/762/762 
f 762/762/762 1002/1002/1002 1003/1003/1003 
f 1003/1003/1003 763/763/763 762/762/762 
f 758/758/758 763/763/763 1003/1003/1003 
f 1003/1003/1003 1004/1004/1004 758/758/758 
f 759/759/759 758/758/758 1004/1004/1004 
f 1004/1004/1004 1005/1005/1005 759/759/759 
f 754/754/754 759/759/759 1005/1005/1005 
f 1005/1005/1005 1006/1006/1006 754/754/754 
f 755/755/755 754/754/754 1006/1006/1006 
f 1006/1006/1006 1007/1007/1007 755/755/755 
f 751/751/751 1008/1008/1008 1009/1009/1009 
f 1009/1009/1009 747/747/747 751/751/751 
f 747/747/747 1009/1009/1009 1010/1010/1010 
f 1010/1010/1010 748/748/748 747/747/747 
f 787/787/787 786/786/786 1011/1011/1011 
f 1011/1011/1011 1012/1012/1012 787/787/787 
f 787/787/787 1012/1012/1012 1013/1013/1013 
f 1013/1013/1013 790/790/790 787/787/787 
f 783/783/783 782/782/782 1014/1014/1014 
f 1014/1014/1014 1015/1015/1015 783/783/783 
f 778/778/778 783/783/783 1015/1015/1015 
f 1015/1015/1015 1016/1016/1016 778/778/778 
f 779/779/779 778/778/778 1016/1016/1016 
f 1016/1016/1016 1017/1017/1017 779/779/779 
f 774/774/774 789/789/789 1018/1018/1018 
f 1018/1018/1018 1019/1019/1019 774/774/774 
f 775/775/775 774/774/774 1019/1019/1019 
f 1019/1019/1019 1020/1020/1020 775/775/775 
f 770/770/770 1021/1021/1021 1022/1022/1022 
f 1022/1022/1022 771/771/771 770/770/770 
f 793/793/793 771/771/771 1022/1022/1022 
f 1022/1022/1022 1023/1023/1023 793/793/793 
f 794/794/794 793/793/793 1023/1023/1023 
f 1023/1023/1023 1024/1024/1024 794/794/794 
f 765/765/765 794/794/794 1024/1024/1024 
f 1024/1024/1024 1000/1000/1000 765/765/765 
f 1000/1000/1000 815/815/815 814/814/814 
f 814/814/814 1001/1001/1001 1000/1000/1000 
f 1001/1001/1001 814/814/814 477/477/477 
f 477/477/477 491/491/491 1001/1001/1001 
f 1002/1002/1002 492/492/492 467/467/467 
f 467/467/467 810/810/810 1002/1002/1002 
f 1002/1002/1002 810/810/810 813/813/813 
f 813/813/813 1003/1003/1003 1002/1002/1002 
f 1004/1004/1004 1003/1003/1003 813/813/813 
f 813/813/813 806/806/806 1004/1004/1004 
f 1005/1005/1005 1004/1004/1004 806/806/806 
f 806/806/806 809/809/809 1005/1005/1005 
f 1006/1006/1006 1005/1005/1005 809/809/809 
f 809/809/809 802/802/802 1006/1006/1006 
f 1006/1006/1006 802/802/802 805/805/805 
f 805/805/805 1007/1007/1007 1006/1006/1006 
f 1008/1008/1008 800/800/800 796/796/796 
f 796/796/796 1009/1009/1009 1008/1008/1008 
f 1009/1009/1009 796/796/796 799/799/799 
f 799/799/799 1010/1010/1010 1009/1009/1009 
f 1012/1012/1012 1011/1011/1011 834/834/834 
f 834/834/834 837/837/837 1012/1012/1012 
f 1012/1012/1012 837/837/837 841/841/841 
f 841/841/841 1013/1013/1013 1012/1012/1012 
f 1015/1015/1015 1014/1014/1014 830/830/830 
f 830/830/830 833/833/833 1015/1015/1015 
f 1016/1016/1016 1015/1015/1015 833/833/833 
f 833/833/833 827/827/827 1016/1016/1016 
f 1017/1017/1017 1016/1016/1016 827/827/827 
f 827/827/827 826/826/826 1017/1017/1017 
f 1019/1019/1019 1018/1018/1018 838/838/838 
f 838/838/838 823/823/823 1019/1019/1019 
f 1019/1019/1019 823/823/823 822/822/822 
f 822/822/822 1020/1020/1020 1019/1019/1019 
f 1022/1022/1022 1021/1021/1021 819/819/819 
f 819/819/819 818/818/818 1022/1022/1022 
f 1022/1022/1022 818/818/818 843/843/843 
f 843/843/843 1023/1023/1023 1022/1022/1022 
f 1024/1024/1024 1023/1023/1023 843/843/843 
f 843/843/843 842/842/842 1024/1024/1024 
f 1024/1024/1024 842/842/842 815/815/815 
f 815/815/815 1000/1000/1000 1024/1024/1024 
f 657/657/657 950/950/950 944/944/944 
f 944/944/944 646/646/646 657/657/657 
f 658/658/658 657/657/657 646/646/646 
f 646/646/646 645/645/645 658/658/658 
f 590/590/590 614/614/614 609/609/609 
f 609/609/609 578/578/578 590/590/590 
f 590/590/590 578/578/578 581/581/581 
f 581/581/581 591/591/591 590/590/590 
f 692/692/692 689/689/689 690/690/690 
f 690/690/690 693/693/693 692/692/692 
f 693/693/693 690/690/690 737/737/737 
f 737/737/737 742/742/742 693/693/693 
f 788/788/788 776/776/776 779/779/779 
f 779/779/779 789/789/789 788/788/788 
f 789/789/789 779/779/779 1017/1017/1017 
f 1017/1017/1017 1018/1018/1018 789/789/789 
f 1018/1018/1018 1017/1017/1017 826/826/826 
f 826/826/826 838/838/838 1018/1018/1018 
f 838/838/838 826/826/826 829/829/829 
f 829/829/829 839/839/839 838/838/838 
f 920/920/920 919/919/919 876/876/876 
f 876/876/876 888/888/888 920/920/920 
f 889/889/889 888/888/888 876/876/876 
f 876/876/876 879/879/879 889/889/889 
f 978/978/978 889/889/889 879/879/879 
f 879/879/879 999/999/999 978/978/978 
f 998/998/998 997/997/997 978/978/978 
f 978/978/978 999/999/999 998/998/998 
f 981/981/981 979/979/979 885/885/885 
f 885/885/885 849/849/849 981/981/981 
f 884/884/884 846/846/846 849/849/849 
f 849/849/849 885/885/885 884/884/884 
f 913/913/913 912/912/912 846/846/846 
f 846/846/846 884/884/884 913/913/913 
f 799/799/799 798/798/798 835/835/835 
f 835/835/835 834/834/834 799/799/799 
f 1010/1010/1010 799/799/799 834/834/834 
f 834/834/834 1011/1011/1011 1010/1010/1010 
f 748/748/748 1010/1010/1010 1011/1011/1011 
f 1011/1011/1011 786/786/786 748/748/748 
f 749/749/749 748/748/748 786/786/786 
f 786/786/786 785/785/785 749/749/749 
f 676/676/676 722/722/722 740/740/740 
f 740/740/740 680/680/680 676/676/676 
f 680/680/680 679/679/679 675/675/675 
f 675/675/675 676/676/676 680/680/680 
f 589/589/589 588/588/588 548/548/548 
f 548/548/548 551/551/551 589/589/589 
f 548/548/548 588/588/588 613/613/613 
f 613/613/613 594/594/594 548/548/548 
f 615/615/615 653/653/653 656/656/656 
f 656/656/656 616/616/616 615/615/615 
f 616/616/616 656/656/656 949/949/949 
f 949/949/949 929/929/929 616/616/616 
f 878/878/878 882/882/882 999/999/999 
f 999/999/999 879/879/879 878/878/878 
f 660/660/660 1025/1025/1025 954/954/954 
f 954/954/954 951/951/951 660/660/660 
f 659/659/659 1026/1026/1026 1025/1025/1025 
f 1025/1025/1025 660/660/660 659/659/659 
f 1027/1027/1027 965/965/965 968/968/968 
f 968/968/968 1028/1028/1028 1027/1027/1027 
f 900/900/900 1029/1029/1029 1030/1030/1030 
f 1030/1030/1030 901/901/901 900/900/900 
f 900/900/900 963/963/963 1031/1031/1031 
f 1031/1031/1031 1029/1029/1029 900/900/900 
f 1032/1032/1032 1033/1033/1033 593/593/593 
f 593/593/593 592/592/592 1032/1032/1032 
f 1034/1034/1034 682/682/682 681/681/681 
f 681/681/681 1035/1035/1035 1034/1034/1034 
f 1035/1035/1035 681/681/681 743/743/743 
f 743/743/743 1036/1036/1036 1035/1035/1035 
f 1037/1037/1037 791/791/791 790/790/790 
f 790/790/790 1038/1038/1038 1037/1037/1037 
f 1038/1038/1038 790/790/790 1013/1013/1013 
f 1013/1013/1013 1039/1039/1039 1038/1038/1038 
f 1039/1039/1039 1013/1013/1013 841/841/841 
f 841/841/841 1040/1040/1040 1039/1039/1039 
f 1041/1041/1041 1040/1040/1040 841/841/841 
f 841/841/841 840/840/840 1041/1041/1041 
f 1042/1042/1042 915/915/915 891/891/891 
f 891/891/891 1043/1043/1043 1042/1042/1042 
f 1043/1043/1043 891/891/891 890/890/890 
f 890/890/890 1044/1044/1044 1043/1043/1043 
f 890/890/890 979/979/979 1045/1045/1045 
f 1045/1045/1045 1044/1044/1044 890/890/890 
f 979/979/979 981/981/981 1046/1046/1046 
f 1046/1046/1046 1045/1045/1045 979/979/979 
f 981/981/981 980/980/980 1047/1047/1047 
f 1047/1047/1047 1046/1046/1046 981/981/981 
f 1047/1047/1047 980/980/980 982/982/982 
f 982/982/982 1048/1048/1048 1047/1047/1047 
f 1049/1049/1049 984/984/984 983/983/983 
f 983/983/983 1050/1050/1050 1049/1049/1049 
f 1051/1051/1051 1050/1050/1050 983/983/983 
f 983/983/983 986/986/986 1051/1051/1051 
f 1051/1051/1051 986/986/986 985/985/985 
f 985/985/985 1052/1052/1052 1051/1051/1051 
f 1052/1052/1052 985/985/985 988/988/988 
f 988/988/988 1053/1053/1053 1052/1052/1052 
f 1054/1054/1054 1053/1053/1053 988/988/988 
f 988/988/988 987/987/987 1054/1054/1054 
f 546/546/546 1054/1054/1054 987/987/987 
f 987/987/987 471/471/471 546/546/546 
f 990/990/990 1054/1054/1054 546/546/546 
f 546/546/546 473/473/473 990/990/990 
f 990/990/990 989/989/989 1053/1053/1053 
f 1053/1053/1053 1054/1054/1054 990/990/990 
f 992/992/992 1052/1052/1052 1053/1053/1053 
f 1053/1053/1053 989/989/989 992/992/992 
f 991/991/991 1051/1051/1051 1052/1052/1052 
f 1052/1052/1052 992/992/992 991/991/991 
f 991/991/991 994/994/994 1050/1050/1050 
f 1050/1050/1050 1051/1051/1051 991/991/991 
f 993/993/993 1049/1049/1049 1050/1050/1050 
f 1050/1050/1050 994/994/994 993/993/993 
f 995/995/995 1047/1047/1047 1048/1048/1048 
f 1048/1048/1048 996/996/996 995/995/995 
f 1046/1046/1046 1047/1047/1047 995/995/995 
f 995/995/995 997/997/997 1046/1046/1046 
f 1045/1045/1045 1046/1046/1046 997/997/997 
f 997/997/997 998/998/998 1045/1045/1045 
f 1045/1045/1045 998/998/998 881/881/881 
f 881/881/881 1044/1044/1044 1045/1045/1045 
f 881/881/881 880/880/880 1043/1043/1043 
f 1043/1043/1043 1044/1044/1044 881/881/881 
f 917/917/917 1042/1042/1042 1043/1043/1043 
f 1043/1043/1043 880/880/880 917/917/917 
f 831/831/831 830/830/830 1040/1040/1040 
f 1040/1040/1040 1041/1041/1041 831/831/831 
f 1014/1014/1014 1039/1039/1039 1040/1040/1040 
f 1040/1040/1040 830/830/830 1014/1014/1014 
f 782/782/782 1038/1038/1038 1039/1039/1039 
f 1039/1039/1039 1014/1014/1014 782/782/782 
f 781/781/781 1037/1037/1037 1038/1038/1038 
f 1038/1038/1038 782/782/782 781/781/781 
f 738/738/738 685/685/685 1035/1035/1035 
f 1035/1035/1035 1036/1036/1036 738/738/738 
f 684/684/684 1034/1034/1034 1035/1035/1035 
f 1035/1035/1035 685/685/685 684/684/684 
f 585/585/585 584/584/584 1033/1033/1033 
f 1033/1033/1033 1032/1032/1032 585/585/585 
f 1029/1029/1029 1031/1031/1031 956/956/956 
f 956/956/956 899/899/899 1029/1029/1029 
f 1030/1030/1030 1029/1029/1029 899/899/899 
f 899/899/899 1055/1055/1055 1030/1030/1030 
f 1028/1028/1028 960/960/960 959/959/959 
f 959/959/959 1027/1027/1027 1028/1028/1028 
f 1026/1026/1026 649/649/649 652/652/652 
f 652/652/652 1025/1025/1025 1026/1026/1026 
f 1025/1025/1025 652/652/652 947/947/947 
f 947/947/947 954/954/954 1025/1025/1025 
f 947/947/947 946/946/946 955/955/955 
f 955/955/955 954/954/954 947/947/947 
f 710/710/710 564/564/564 460/460/460 
f 460/460/460 462/462/462 710/710/710 
f 565/565/565 564/564/564 710/710/710 
f 710/710/710 709/709/709 565/565/565 
f 560/560/560 565/565/565 709/709/709 
f 709/709/709 714/714/714 560/560/560 
f 561/561/561 560/560/560 714/714/714 
f 714/714/714 713/713/713 561/561/561 
f 713/713/713 718/718/718 554/554/554 
f 554/554/554 561/561/561 713/713/713 
f 718/718/718 717/717/717 555/555/555 
f 555/555/555 554/554/554 718/718/718 
f 550/550/550 553/553/553 672/672/672 
f 672/672/672 671/671/671 550/550/550 
f 551/551/551 550/550/550 671/671/671 
f 671/671/671 675/675/675 551/551/551 
f 679/679/679 589/589/589 551/551/551 
f 551/551/551 675/675/675 679/679/679 
f 678/678/678 586/586/586 589/589/589 
f 589/589/589 679/679/679 678/678/678 
f 682/682/682 592/592/592 586/586/586 
f 586/586/586 678/678/678 682/682/682 
f 1034/1034/1034 1032/1032/1032 592/592/592 
f 592/592/592 682/682/682 1034/1034/1034 
f 684/684/684 585/585/585 1032/1032/1032 
f 1032/1032/1032 1034/1034/1034 684/684/684 
f 683/683/683 582/582/582 585/585/585 
f 585/585/585 684/684/684 683/683/683 
f 580/580/580 582/582/582 683/683/683 
f 683/683/683 687/687/687 580/580/580 
f 581/581/581 580/580/580 687/687/687 
f 687/687/687 689/689/689 581/581/581 
f 591/591/591 581/581/581 689/689/689 
f 689/689/689 692/692/692 591/591/591 
f 576/576/576 591/591/591 692/692/692 
f 692/692/692 691/691/691 576/576/576 
f 577/577/577 576/576/576 691/691/691 
f 691/691/691 695/695/695 577/577/577 
f 573/573/573 572/572/572 699/699/699 
f 699/699/699 698/698/698 573/573/573 
f 703/703/703 664/664/664 573/573/573 
f 573/573/573 698/698/698 703/703/703 
f 702/702/702 661/661/661 664/664/664 
f 664/664/664 703/703/703 702/702/702 
f 707/707/707 569/569/569 661/661/661 
f 661/661/661 702/702/702 707/707/707 
f 706/706/706 566/566/566 569/569/569 
f 569/569/569 707/707/707 706/706/706 
f 484/484/484 566/566/566 706/706/706 
f 706/706/706 483/483/483 484/484/484 
f 821/821/821 820/820/820 924/924/924 
f 924/924/924 923/923/923 821/821/821 
f 844/844/844 821/821/821 923/923/923 
f 923/923/923 926/926/926 844/844/844 
f 845/845/845 844/844/844 926/926/926 
f 926/926/926 925/925/925 845/845/845 
f 816/816/816 845/845/845 925/925/925 
f 925/925/925 928/928/928 816/816/816 
f 817/817/817 816/816/816 928/928/928 
f 928/928/928 927/927/927 817/817/817 
f 478/478/478 817/817/817 927/927/927 
f 927/927/927 476/476/476 478/478/478 
f 811/811/811 466/466/466 469/469/469 
f 469/469/469 904/904/904 811/811/811 
f 811/811/811 904/904/904 905/905/905 
f 905/905/905 812/812/812 811/811/811 
f 906/906/906 807/807/807 812/812/812 
f 812/812/812 905/905/905 906/906/906 
f 807/807/807 906/906/906 907/907/907 
f 907/907/907 808/808/808 807/807/807 
f 909/909/909 803/803/803 808/808/808 
f 808/808/808 907/907/907 909/909/909 
f 803/803/803 909/909/909 908/908/908 
f 908/908/908 804/804/804 803/803/803 
f 801/801/801 911/911/911 910/910/910 
f 910/910/910 797/797/797 801/801/801 
f 798/798/798 797/797/797 910/910/910 
f 910/910/910 912/912/912 798/798/798 
f 798/798/798 912/912/912 913/913/913 
f 913/913/913 835/835/835 798/798/798 
f 835/835/835 913/913/913 914/914/914 
f 914/914/914 836/836/836 835/835/835 
f 836/836/836 914/914/914 915/915/915 
f 915/915/915 840/840/840 836/836/836 
f 1042/1042/1042 1041/1041/1041 840/840/840 
f 840/840/840 915/915/915 1042/1042/1042 
f 917/917/917 831/831/831 1041/1041/1041 
f 1041/1041/1041 1042/1042/1042 917/917/917 
f 831/831/831 917/917/917 916/916/916 
f 916/916/916 832/832/832 831/831/831 
f 828/828/828 832/832/832 916/916/916 
f 916/916/916 918/918/918 828/828/828 
f 829/829/829 828/828/828 918/918/918 
f 918/918/918 919/919/919 829/829/829 
f 839/839/839 829/829/829 919/919/919 
f 919/919/919 920/920/920 839/839/839 
f 824/824/824 839/839/839 920/920/920 
f 920/920/920 921/921/921 824/824/824 
f 825/825/825 824/824/824 921/921/921 
f 921/921/921 922/922/922 825/825/825 
f 583/583/583 611/611/611 958/958/958 
f 958/958/958 957/957/957 583/583/583 
f 649/649/649 959/959/959 962/962/962 
f 962/962/962 650/650/650 649/649/649 
f 1027/1027/1027 959/959/959 649/649/649 
f 649/649/649 1026/1026/1026 1027/1027/1027 
f 1026/1026/1026 659/659/659 965/965/965 
f 965/965/965 1027/1027/1027 1026/1026/1026 
f 654/654/654 966/966/966 965/965/965 
f 965/965/965 659/659/659 654/654/654 
f 587/587/587 964/964/964 969/969/969 
f 969/969/969 612/612/612 587/587/587 
f 593/593/593 963/963/963 964/964/964 
f 964/964/964 587/587/587 593/593/593 
f 963/963/963 593/593/593 1033/1033/1033 
f 1033/1033/1033 1031/1031/1031 963/963/963 
f 1031/1031/1031 1033/1033/1033 584/584/584 
f 584/584/584 956/956/956 1031/1031/1031 
f 584/584/584 583/583/583 957/957/957 
f 957/957/957 956/956/956 584/584/584 
f 721/721/721 723/723/723 750/750/750 
f 750/750/750 746/746/746 721/721/721 
f 721/721/721 746/746/746 749/749/749 
f 749/749/749 722/722/722 721/721/721 
f 722/722/722 749/749/749 785/785/785 
f 785/785/785 740/740/740 722/722/722 
f 740/740/740 785/785/785 784/784/784 
f 784/784/784 741/741/741 740/740/740 
f 741/741/741 784/784/784 791/791/791 
f 791/791/791 743/743/743 741/741/741 
f 1036/1036/1036 743/743/743 791/791/791 
f 791/791/791 1037/1037/1037 1036/1036/1036 
f 781/781/781 738/738/738 1036/1036/1036 
f 1036/1036/1036 1037/1037/1037 781/781/781 
f 738/738/738 781/781/781 780/780/780 
f 780/780/780 739/739/739 738/738/738 
f 736/736/736 739/739/739 780/780/780 
f 780/780/780 777/777/777 736/736/736 
f 737/737/737 736/736/736 777/777/777 
f 777/777/777 776/776/776 737/737/737 
f 742/742/742 737/737/737 776/776/776 
f 776/776/776 788/788/788 742/742/742 
f 734/734/734 742/742/742 788/788/788 
f 788/788/788 773/773/773 734/734/734 
f 735/735/735 734/734/734 773/773/773 
f 773/773/773 772/772/772 735/735/735 
f 732/732/732 769/769/769 768/768/768 
f 768/768/768 733/733/733 732/732/732 
f 744/744/744 733/733/733 768/768/768 
f 768/768/768 792/792/792 744/744/744 
f 744/744/744 792/792/792 795/795/795 
f 795/795/795 745/745/745 744/744/744 
f 730/730/730 745/745/745 795/795/795 
f 795/795/795 764/764/764 730/730/730 
f 731/731/731 730/730/730 764/764/764 
f 764/764/764 767/767/767 731/731/731 
f 482/482/482 731/731/731 767/767/767 
f 767/767/767 480/480/480 482/482/482 
f 728/728/728 463/463/463 465/465/465 
f 465/465/465 761/761/761 728/728/728 
f 729/729/729 728/728/728 761/761/761 
f 761/761/761 760/760/760 729/729/729 
f 726/726/726 729/729/729 760/760/760 
f 760/760/760 757/757/757 726/726/726 
f 727/727/727 726/726/726 757/757/757 
f 757/757/757 756/756/756 727/727/727 
f 724/724/724 727/727/727 756/756/756 
f 756/756/756 753/753/753 724/724/724 
f 725/725/725 724/724/724 753/753/753 
f 753/753/753 752/752/752 725/725/725 
f 619/619/619 931/931/931 932/932/932 
f 932/932/932 622/622/622 619/619/619 
f 620/620/620 619/619/619 622/622/622 
f 622/622/622 621/621/621 620/620/620 
f 552/552/552 596/596/596 597/597/597 
f 597/597/597 556/556/556 552/552/552 
f 552/552/552 556/556/556 555/555/555 
f 555/555/555 553/553/553 552/552/552 
f 553/553/553 555/555/555 717/717/717 
f 717/717/717 672/672/672 553/553/553 
f 672/672/672 717/717/717 720/720/720 
f 720/720/720 673/673/673 672/672/672 
f 673/673/673 720/720/720 725/725/725 
f 725/725/725 723/723/723 673/673/673 
f 723/723/723 725/725/725 752/752/752 
f 752/752/752 750/750/750 723/723/723 
f 750/750/750 752/752/752 755/755/755 
f 755/755/755 751/751/751 750/750/750 
f 1008/1008/1008 751/751/751 755/755/755 
f 755/755/755 1007/1007/1007 1008/1008/1008 
f 800/800/800 1008/1008/1008 1007/1007/1007 
f 1007/1007/1007 805/805/805 800/800/800 
f 801/801/801 800/800/800 805/805/805 
f 805/805/805 804/804/804 801/801/801 
f 801/801/801 804/804/804 908/908/908 
f 908/908/908 911/911/911 801/801/801 
f 911/911/911 908/908/908 852/852/852 
f 852/852/852 850/850/850 911/911/911 
f 850/850/850 852/852/852 855/855/855 
f 855/855/855 851/851/851 850/850/850 
f 984/984/984 982/982/982 851/851/851 
f 851/851/851 855/855/855 984/984/984 
f 1048/1048/1048 982/982/982 984/984/984 
f 984/984/984 1049/1049/1049 1048/1048/1048 
f 996/996/996 1048/1048/1048 1049/1049/1049 
f 1049/1049/1049 993/993/993 996/996/996 
f 976/976/976 996/996/996 993/993/993 
f 993/993/993 975/975/975 976/976/976 
f 874/874/874 976/976/976 975/975/975 
f 975/975/975 869/869/869 874/874/874 
f 875/875/875 874/874/874 869/869/869 
f 869/869/869 868/868/868 875/875/875 
f 922/922/922 875/875/875 868/868/868 
f 868/868/868 924/924/924 922/922/922 
f 820/820/820 825/825/825 922/922/922 
f 922/922/922 924/924/924 820/820/820 
f 822/822/822 825/825/825 820/820/820 
f 820/820/820 819/819/819 822/822/822 
f 1020/1020/1020 822/822/822 819/819/819 
f 819/819/819 1021/1021/1021 1020/1020/1020 
f 770/770/770 775/775/775 1020/1020/1020 
f 1020/1020/1020 1021/1021/1021 770/770/770 
f 772/772/772 775/775/775 770/770/770 
f 770/770/770 769/769/769 772/772/772 
f 732/732/732 735/735/735 772/772/772 
f 772/772/772 769/769/769 732/732/732 
f 700/700/700 696/696/696 735/735/735 
f 735/735/735 732/732/732 700/700/700 
f 699/699/699 695/695/695 696/696/696 
f 696/696/696 700/700/700 699/699/699 
f 572/572/572 577/577/577 695/695/695 
f 695/695/695 699/699/699 572/572/572 
f 571/571/571 574/574/574 577/577/577 
f 577/577/577 572/572/572 571/571/571 
f 607/607/607 574/574/574 571/571/571 
f 571/571/571 606/606/606 607/607/607 
f 642/642/642 641/641/641 637/637/637 
f 637/637/637 640/640/640 642/642/642 
f 942/942/942 642/642/642 640/640/640 
f 640/640/640 941/941/941 942/942/942 

g Davidplayzyt12311

v 552.277 197.665 -531.612 
v 552.419 197.587 -531.736 
v 552.449 197.658 -531.716 
v 552.442 197.787 -531.598 
v 552.168 197.399 -531.659 
v 552.135 197.654 -531.588 
v 552.039 197.402 -531.635 
v 551.821 197.871 -531.472 
v 551.827 198.103 -531.42 
v 551.619 198.121 -531.446 
v 551.619 197.892 -531.498 
v 552.177 197.879 -531.497 
v 552.299 197.895 -531.512 
v 552.306 198.101 -531.476 
v 552.19 198.1 -531.459 
v 552.263 197.886 -532.419 
v 552.413 197.949 -532.34 
v 552.424 197.766 -532.29 
v 552.295 197.671 -532.345 
v 551.619 197.61 -532.507 
v 551.619 197.813 -532.516 
v 551.805 197.803 -532.53 
v 551.821 197.598 -532.516 
v 551.955 198.051 -532.45 
v 551.97 197.809 -532.506 
v 551.8 198.042 -532.465 
v 552.454 197.658 -532.129 
v 552.424 197.766 -532.29 
v 552.527 197.806 -532.265 
v 552.527 197.691 -532.172 
v 552.312 197.23 -532.098 
v 552.345 197.218 -531.927 
v 552.362 196.925 -531.908 
v 552.314 196.951 -532.108 
v 552.215 197.231 -532.27 
v 552.228 196.943 -532.268 
v 552.266 197.188 -531.763 
v 552.278 196.909 -531.74 
v 552.132 197.179 -531.665 
v 552.136 196.907 -531.643 
v 552.278 196.909 -531.74 
v 552.266 197.188 -531.763 
v 552.015 196.907 -531.62 
v 552.012 197.179 -531.639 
v 551.619 197.668 -531.581 
v 551.797 197.656 -531.566 
v 551.829 196.916 -532.461 
v 551.619 196.917 -532.479 
v 551.619 197.195 -532.488 
v 551.82 197.195 -532.479 
v 551.619 197.42 -532.498 
v 551.818 197.416 -532.487 
v 552.527 197.697 -531.69 
v 552.527 197.785 -531.595 
v 552.428 198.208 -531.564 
v 552.442 198.055 -531.523 
v 552.527 197.985 -531.558 
v 552.527 198.134 -531.571 
v 552.408 198.34 -532.088 
v 552.527 198.325 -532.061 
v 552.527 198.244 -532.194 
v 552.411 198.261 -532.237 
v 552.527 198.115 -532.274 
v 552.527 197.985 -532.303 
v 552.414 198.102 -532.313 
v 552.527 197.806 -532.265 
v 551.619 196.908 -531.618 
v 551.747 196.907 -531.606 
v 551.751 197.18 -531.63 
v 551.619 197.18 -531.648 
v 551.619 197.432 -531.642 
v 551.766 197.419 -531.624 
v 552.241 198.27 -532.289 
v 552.12 198.253 -532.313 
v 552.151 198.369 -532.147 
v 552.268 198.357 -532.108 
v 551.997 197.602 -532.488 
v 552.314 198.281 -531.536 
v 552.443 197.895 -531.54 
v 551.817 198.349 -531.465 
v 551.619 198.344 -531.469 
v 552.441 197.571 -531.934 
v 552.474 197.621 -531.912 
v 552.449 197.658 -531.716 
v 552.419 197.587 -531.736 
v 552.527 197.697 -531.69 
v 552.527 197.638 -531.886 
v 551.619 198.038 -532.465 
v 552.154 197.632 -532.435 
v 552.132 197.851 -532.458 
v 552.345 197.451 -532.097 
v 552.254 197.445 -532.289 
v 552.242 198.081 -532.375 
v 552.114 198.068 -532.409 
v 551.619 198.195 -532.379 
v 551.619 198.337 -532.301 
v 551.793 198.348 -532.285 
v 551.788 198.211 -532.373 
v 551.969 198.233 -532.342 
v 552.033 198.38 -532.195 
v 552.045 198.098 -531.438 
v 552.038 198.352 -531.506 
v 552.026 197.859 -531.478 
v 551.958 197.64 -531.559 
v 551.878 197.404 -531.606 
v 551.866 196.907 -531.591 
v 551.864 197.18 -531.606 
v 552.39 197.445 -531.937 
v 552.401 197.58 -532.105 
v 552.32 197.429 -531.757 
v 552.32 197.429 -531.757 
v 551.848 196.722 -532.468 
v 551.619 196.723 -532.492 
v 552.357 196.744 -532.115 
v 552.258 196.736 -532.278 
v 552.41 196.726 -531.894 
v 552.329 196.718 -531.719 
v 552.159 196.717 -531.618 
v 552.036 196.717 -531.598 
v 551.737 196.717 -531.58 
v 551.884 196.716 -531.574 
v 551.619 196.717 -531.591 
v 551.988 197.214 -532.408 
v 551.992 197.417 -532.443 
v 552.003 196.933 -532.384 
v 552.019 196.731 -532.4 
v 552.295 197.671 -532.345 
v 552.129 197.425 -532.373 
v 552.254 197.445 -532.289 
v 552.191 198.313 -531.523 
v 552.31 198.354 -531.617 
v 552.227 198.376 -531.612 
v 552.425 198.316 -531.636 
v 552.527 198.256 -531.655 
v 552.215 197.231 -532.27 
v 552.113 197.224 -532.331 
v 552.228 196.943 -532.268 
v 552.127 196.939 -532.32 
v 552.151 196.734 -532.343 
v 552.258 196.736 -532.278 
v 552.527 197.881 -531.566 
v 551.869 196.512 -532.475 
v 551.619 196.512 -532.507 
v 552.039 196.512 -532.417 
v 552.295 196.512 -532.289 
v 552.181 196.512 -532.361 
v 552.409 196.512 -532.123 
v 552.295 196.512 -532.289 
v 552.467 196.512 -531.878 
v 552.388 196.512 -531.696 
v 552.187 196.512 -531.59 
v 552.388 196.512 -531.696 
v 552.061 196.512 -531.574 
v 551.74 196.512 -531.554 
v 551.904 196.512 -531.554 
v 551.619 196.512 -531.561 
v 552.123 198.404 -531.605 
v 551.959 198.49 -531.568 
v 551.772 198.488 -531.499 
v 551.619 198.488 -531.498 
v 552.527 197.881 -531.566 
v 552.527 197.995 -531.93 
v 552.527 197.985 -531.558 
v 552.527 198.134 -531.571 
v 552.527 197.995 -531.93 
v 552.527 198.256 -531.655 
v 552.527 198.345 -531.776 
v 552.527 197.995 -531.93 
v 552.527 198.352 -531.93 
v 552.527 198.325 -532.061 
v 552.527 197.995 -531.93 
v 552.527 198.244 -532.194 
v 552.527 198.115 -532.274 
v 552.527 197.995 -531.93 
v 552.527 197.985 -532.303 
v 552.527 197.806 -532.265 
v 552.527 197.691 -532.172 
v 552.527 197.638 -531.886 
v 552.527 197.995 -531.93 
v 552.527 197.697 -531.69 
v 552.527 198.256 -531.655 
v 552.527 197.995 -531.93 
v 552.527 198.345 -531.776 
v 552.527 198.352 -531.93 
v 552.527 197.995 -531.93 
v 552.527 198.325 -532.061 
v 552.527 198.244 -532.194 
v 552.527 197.995 -531.93 
v 552.527 198.115 -532.274 
v 552.527 197.691 -532.172 
v 552.527 197.995 -531.93 
v 552.527 197.638 -531.886 
v 552.527 197.985 -532.303 
v 552.527 197.985 -531.558 
v 552.527 197.995 -531.93 
v 552.527 198.134 -531.571 
v 552.527 197.697 -531.69 
v 552.527 197.995 -531.93 
v 552.527 197.785 -531.595 
v 552.527 197.785 -531.595 
v 552.527 197.995 -531.93 
v 552.527 197.881 -531.566 
v 551.619 198.509 -531.542 
v 551.619 198.493 -531.527 
v 551.749 198.493 -531.529 
v 551.753 198.509 -531.548 
v 552.421 198.359 -531.92 
v 552.299 198.381 -531.916 
v 552.315 198.39 -531.755 
v 552.423 198.364 -531.776 
v 551.619 198.452 -532.287 
v 551.778 198.458 -532.24 
v 551.793 198.348 -532.285 
v 551.619 198.337 -532.301 
v 551.962 198.482 -531.893 
v 551.948 198.509 -531.887 
v 551.963 198.509 -531.739 
v 551.98 198.491 -531.744 
v 552.527 198.345 -531.776 
v 552.527 198.352 -531.93 
v 552.425 198.316 -531.636 
v 552.527 198.256 -531.655 
v 552.31 198.354 -531.617 
v 551.886 198.509 -532.063 
v 551.901 198.476 -532.094 
v 551.761 198.462 -532.215 
v 551.758 198.511 -532.196 
v 552.527 198.325 -532.061 
v 552.408 198.34 -532.088 
v 552.268 198.357 -532.108 
v 551.924 198.493 -531.591 
v 551.922 198.509 -531.597 
v 551.753 198.509 -531.548 
v 551.619 198.509 -531.893 
v 551.619 198.509 -531.542 
v 551.758 198.511 -532.196 
v 551.619 198.511 -532.251 
v 551.948 198.509 -531.887 
v 551.963 198.509 -531.739 
v 551.886 198.509 -532.063 
v 551.922 198.509 -531.597 
v 552.25 198.407 -531.749 
v 552.227 198.376 -531.612 
v 552.217 198.398 -531.909 
v 552.151 198.369 -532.147 
v 551.936 198.473 -532.112 
v 552.033 198.38 -532.195 
v 552.143 198.414 -531.901 
v 552.004 198.48 -531.895 
v 552.024 198.488 -531.734 
v 552.169 198.427 -531.742 
v 551.959 198.49 -531.568 
v 552.123 198.404 -531.605 
v 551.619 198.455 -532.26 
v 551.619 198.511 -532.251 
v 551.962 198.482 -531.893 
v 552.004 198.48 -531.895 
v 551.936 198.473 -532.112 
v 551.901 198.476 -532.094 
v 551.98 198.491 -531.744 
v 552.024 198.488 -531.734 
v 551.924 198.493 -531.591 
v 551.959 198.49 -531.568 
v 551.749 198.493 -531.529 
v 551.772 198.488 -531.499 
v 551.619 198.493 -531.527 
v 551.619 198.488 -531.498 
v 551.619 198.452 -532.287 
v 551.619 198.455 -532.26 
v 551.761 198.462 -532.215 
v 551.778 198.458 -532.24 
v 552.467 196.512 -531.878 
v 551.619 196.512 -532.03 
v 552.409 196.512 -532.123 
v 552.039 196.512 -532.417 
v 551.619 196.512 -532.03 
v 551.869 196.512 -532.475 
v 552.388 196.512 -531.696 
v 551.619 196.512 -532.03 
v 552.467 196.512 -531.878 
v 552.187 196.512 -531.59 
v 551.619 196.512 -532.03 
v 552.388 196.512 -531.696 
v 552.061 196.512 -531.574 
v 551.619 196.512 -532.03 
v 552.187 196.512 -531.59 
v 551.869 196.512 -532.475 
v 551.619 196.512 -532.03 
v 551.619 196.512 -532.507 
v 551.619 196.512 -531.561 
v 551.619 196.512 -532.03 
v 551.74 196.512 -531.554 
v 551.74 196.512 -531.554 
v 551.619 196.512 -532.03 
v 551.904 196.512 -531.554 
v 552.181 196.512 -532.361 
v 551.619 196.512 -532.03 
v 552.039 196.512 -532.417 
v 552.409 196.512 -532.123 
v 551.619 196.512 -532.03 
v 552.295 196.512 -532.289 
v 551.904 196.512 -531.554 
v 551.619 196.512 -532.03 
v 552.061 196.512 -531.574 
v 552.295 196.512 -532.289 
v 551.619 196.512 -532.03 
v 552.181 196.512 -532.361 
v 550.962 197.665 -531.612 
v 550.797 197.787 -531.598 
v 550.79 197.658 -531.716 
v 550.819 197.587 -531.736 
v 551.07 197.399 -531.659 
v 551.2 197.402 -531.635 
v 551.104 197.654 -531.588 
v 551.418 197.871 -531.472 
v 551.619 197.892 -531.498 
v 551.619 198.121 -531.446 
v 551.412 198.103 -531.42 
v 551.049 198.1 -531.459 
v 550.933 198.101 -531.476 
v 550.94 197.895 -531.512 
v 551.062 197.879 -531.497 
v 550.944 197.671 -532.345 
v 550.815 197.766 -532.29 
v 550.826 197.949 -532.34 
v 550.976 197.886 -532.419 
v 551.434 197.803 -532.53 
v 551.619 197.813 -532.516 
v 551.619 197.61 -532.507 
v 551.418 197.598 -532.516 
v 551.485 198.509 -531.548 
v 551.49 198.493 -531.529 
v 551.269 197.809 -532.506 
v 551.284 198.051 -532.45 
v 551.439 198.042 -532.465 
v 550.712 197.806 -532.265 
v 550.785 197.658 -532.129 
v 550.712 197.691 -532.172 
v 550.94 198.381 -531.916 
v 550.818 198.359 -531.92 
v 550.815 198.364 -531.776 
v 550.924 198.39 -531.755 
v 551.619 198.337 -532.301 
v 551.446 198.348 -532.285 
v 551.461 198.458 -532.24 
v 551.619 198.452 -532.287 
v 550.927 197.23 -532.098 
v 550.925 196.951 -532.108 
v 550.877 196.925 -531.908 
v 550.894 197.218 -531.927 
v 551.024 197.231 -532.27 
v 551.011 196.943 -532.268 
v 550.961 196.909 -531.74 
v 550.973 197.188 -531.763 
v 551.103 196.907 -531.643 
v 551.107 197.179 -531.665 
v 550.973 197.188 -531.763 
v 550.961 196.909 -531.74 
v 551.227 197.179 -531.639 
v 551.224 196.907 -531.62 
v 551.276 198.509 -531.739 
v 551.291 198.509 -531.887 
v 551.276 198.482 -531.893 
v 551.258 198.491 -531.744 
v 551.442 197.656 -531.566 
v 551.619 197.668 -531.581 
v 551.41 196.916 -532.461 
v 551.419 197.195 -532.479 
v 551.619 197.195 -532.488 
v 551.619 196.917 -532.479 
v 551.421 197.416 -532.487 
v 551.619 197.42 -532.498 
v 550.712 197.697 -531.69 
v 550.712 197.785 -531.595 
v 550.811 198.208 -531.564 
v 550.712 198.134 -531.571 
v 550.712 197.985 -531.558 
v 550.797 198.055 -531.523 
v 550.712 198.352 -531.93 
v 550.712 198.345 -531.776 
v 550.83 198.34 -532.088 
v 550.827 198.261 -532.237 
v 550.712 198.244 -532.194 
v 550.712 198.325 -532.061 
v 550.712 197.985 -532.303 
v 550.712 198.115 -532.274 
v 550.825 198.102 -532.313 
v 550.712 197.806 -532.265 
v 551.488 197.18 -531.63 
v 551.492 196.907 -531.606 
v 551.619 196.908 -531.618 
v 551.619 197.18 -531.648 
v 551.472 197.419 -531.624 
v 551.619 197.432 -531.642 
v 550.971 198.357 -532.108 
v 551.088 198.369 -532.147 
v 551.119 198.253 -532.313 
v 550.998 198.27 -532.289 
v 551.241 197.602 -532.488 
v 550.925 198.281 -531.536 
v 550.796 197.895 -531.54 
v 551.619 198.344 -531.469 
v 551.422 198.349 -531.465 
v 550.764 197.621 -531.912 
v 550.798 197.571 -531.934 
v 550.819 197.587 -531.736 
v 550.79 197.658 -531.716 
v 550.712 197.697 -531.69 
v 550.712 197.638 -531.886 
v 550.712 198.256 -531.655 
v 550.814 198.316 -531.636 
v 550.929 198.354 -531.617 
v 551.619 198.038 -532.465 
v 551.084 197.632 -532.435 
v 551.107 197.851 -532.458 
v 550.894 197.451 -532.097 
v 550.985 197.445 -532.289 
v 550.996 198.081 -532.375 
v 551.125 198.068 -532.409 
v 551.478 198.462 -532.215 
v 551.337 198.476 -532.094 
v 551.353 198.509 -532.063 
v 551.481 198.511 -532.196 
v 550.83 198.34 -532.088 
v 550.712 198.325 -532.061 
v 550.971 198.357 -532.108 
v 551.45 198.211 -532.373 
v 551.446 198.348 -532.285 
v 551.619 198.337 -532.301 
v 551.619 198.195 -532.379 
v 551.205 198.38 -532.195 
v 551.27 198.233 -532.342 
v 551.317 198.509 -531.597 
v 551.315 198.493 -531.591 
v 551.201 198.352 -531.506 
v 551.194 198.098 -531.438 
v 551.213 197.859 -531.478 
v 551.281 197.64 -531.559 
v 551.361 197.404 -531.606 
v 551.375 197.18 -531.606 
v 551.373 196.907 -531.591 
v 551.485 198.509 -531.548 
v 551.481 198.511 -532.196 
v 551.291 198.509 -531.887 
v 551.276 198.509 -531.739 
v 551.353 198.509 -532.063 
v 551.317 198.509 -531.597 
v 550.849 197.445 -531.937 
v 550.838 197.58 -532.105 
v 550.919 197.429 -531.757 
v 550.919 197.429 -531.757 
v 551.619 196.723 -532.492 
v 551.391 196.722 -532.468 
v 550.981 196.736 -532.278 
v 550.882 196.744 -532.115 
v 550.829 196.726 -531.894 
v 550.91 196.718 -531.719 
v 550.91 196.718 -531.719 
v 551.08 196.717 -531.618 
v 551.203 196.717 -531.598 
v 551.355 196.716 -531.574 
v 551.502 196.717 -531.58 
v 551.619 196.717 -531.591 
v 551.251 197.214 -532.408 
v 551.246 197.417 -532.443 
v 551.236 196.933 -532.384 
v 551.22 196.731 -532.4 
v 551.012 198.376 -531.612 
v 550.989 198.407 -531.749 
v 551.022 198.398 -531.909 
v 551.088 198.369 -532.147 
v 550.944 197.671 -532.345 
v 551.11 197.425 -532.373 
v 551.048 198.313 -531.523 
v 551.012 198.376 -531.612 
v 550.929 198.354 -531.617 
v 550.814 198.316 -531.636 
v 550.712 198.256 -531.655 
v 551.125 197.224 -532.331 
v 551.112 196.939 -532.32 
v 551.088 196.734 -532.343 
v 550.712 197.881 -531.566 
v 551.619 196.512 -532.507 
v 551.37 196.512 -532.475 
v 551.2 196.512 -532.417 
v 551.058 196.512 -532.361 
v 550.944 196.512 -532.289 
v 550.829 196.512 -532.123 
v 550.771 196.512 -531.878 
v 550.851 196.512 -531.696 
v 550.851 196.512 -531.696 
v 551.052 196.512 -531.59 
v 551.178 196.512 -531.574 
v 551.334 196.512 -531.554 
v 551.499 196.512 -531.554 
v 551.619 196.512 -531.561 
v 551.205 198.38 -532.195 
v 551.303 198.473 -532.112 
v 551.235 198.48 -531.895 
v 551.096 198.414 -531.901 
v 551.07 198.427 -531.742 
v 551.215 198.488 -531.734 
v 551.116 198.404 -531.605 
v 551.28 198.49 -531.568 
v 551.116 198.404 -531.605 
v 551.28 198.49 -531.568 
v 551.467 198.488 -531.499 
v 551.619 198.488 -531.498 
v 551.276 198.482 -531.893 
v 551.337 198.476 -532.094 
v 551.303 198.473 -532.112 
v 551.235 198.48 -531.895 
v 551.215 198.488 -531.734 
v 551.258 198.491 -531.744 
v 551.315 198.493 -531.591 
v 551.467 198.488 -531.499 
v 551.49 198.493 -531.529 
v 551.619 198.493 -531.527 
v 551.619 198.488 -531.498 
v 551.619 198.452 -532.287 
v 551.461 198.458 -532.24 
v 551.478 198.462 -532.215 
v 551.619 198.455 -532.26 
v 550.771 196.512 -531.878 
v 550.829 196.512 -532.123 
v 551.619 196.512 -532.03 
v 551.2 196.512 -532.417 
v 551.37 196.512 -532.475 
v 551.619 196.512 -532.03 
v 550.851 196.512 -531.696 
v 550.771 196.512 -531.878 
v 551.619 196.512 -532.03 
v 551.052 196.512 -531.59 
v 550.851 196.512 -531.696 
v 551.619 196.512 -532.03 
v 551.178 196.512 -531.574 
v 551.052 196.512 -531.59 
v 551.619 196.512 -532.03 
v 551.37 196.512 -532.475 
v 551.619 196.512 -532.507 
v 551.619 196.512 -532.03 
v 551.619 196.512 -531.561 
v 551.499 196.512 -531.554 
v 551.619 196.512 -532.03 
v 551.499 196.512 -531.554 
v 551.334 196.512 -531.554 
v 551.619 196.512 -532.03 
v 551.058 196.512 -532.361 
v 551.2 196.512 -532.417 
v 551.619 196.512 -532.03 
v 550.829 196.512 -532.123 
v 550.944 196.512 -532.289 
v 551.619 196.512 -532.03 
v 551.334 196.512 -531.554 
v 551.178 196.512 -531.574 
v 551.619 196.512 -532.03 
v 550.944 196.512 -532.289 
v 551.058 196.512 -532.361 
v 551.619 196.512 -532.03 
v 550.712 197.881 -531.566 
v 550.712 197.985 -531.558 
v 550.712 197.995 -531.93 
v 550.712 198.134 -531.571 
v 550.712 198.256 -531.655 
v 550.712 197.995 -531.93 
v 550.712 198.345 -531.776 
v 550.712 198.352 -531.93 
v 550.712 197.995 -531.93 
v 550.712 198.325 -532.061 
v 550.712 198.244 -532.194 
v 550.712 197.995 -531.93 
v 550.712 198.115 -532.274 
v 550.712 197.985 -532.303 
v 550.712 197.995 -531.93 
v 550.712 197.806 -532.265 
v 550.712 197.691 -532.172 
v 550.712 197.638 -531.886 
v 550.712 197.697 -531.69 
v 550.712 197.995 -531.93 
v 550.712 198.256 -531.655 
v 550.712 198.345 -531.776 
v 550.712 197.995 -531.93 
v 550.712 198.352 -531.93 
v 550.712 198.325 -532.061 
v 550.712 197.995 -531.93 
v 550.712 198.244 -532.194 
v 550.712 198.115 -532.274 
v 550.712 197.995 -531.93 
v 550.712 197.691 -532.172 
v 550.712 197.638 -531.886 
v 550.712 197.995 -531.93 
v 550.712 197.985 -532.303 
v 550.712 197.985 -531.558 
v 550.712 198.134 -531.571 
v 550.712 197.995 -531.93 
v 550.712 197.697 -531.69 
v 550.712 197.785 -531.595 
v 550.712 197.995 -531.93 
v 550.712 197.785 -531.595 
v 550.712 197.881 -531.566 
v 550.712 197.995 -531.93 
v 551.619 196.544 -531.611 
v 551.619 196.343 -531.658 
v 551.783 196.343 -531.658 
v 551.847 196.544 -531.611 
v 551.619 196.197 -531.787 
v 551.734 196.197 -531.787 
v 551.619 196.143 -531.962 
v 551.709 196.143 -531.962 
v 551.619 196.197 -532.138 
v 551.726 196.197 -532.131 
v 551.619 196.343 -532.267 
v 551.754 196.343 -532.26 
v 551.619 196.544 -532.314 
v 551.788 196.544 -532.307 
v 551.788 196.544 -532.307 
v 551.847 196.544 -531.611 
v 551.783 196.343 -531.658 
v 551.754 196.343 -532.26 
v 551.734 196.197 -531.787 
v 551.726 196.197 -532.131 
v 551.709 196.143 -531.962 
v 551.392 196.544 -531.611 
v 551.456 196.343 -531.658 
v 551.505 196.197 -531.787 
v 551.53 196.143 -531.962 
v 551.513 196.197 -532.131 
v 551.485 196.343 -532.26 
v 551.451 196.544 -532.307 
v 551.392 196.544 -531.611 
v 551.451 196.544 -532.307 
v 551.485 196.343 -532.26 
v 551.456 196.343 -531.658 
v 551.505 196.197 -531.787 
v 551.513 196.197 -532.131 
v 551.53 196.143 -531.962 

vn 0.307087 -0.409449 0.858268 
vn 0.708661 -0.503937 0.496063 
vn 0.440945 -0.740157 0.511811 
vn 0.188976 -0.527559 0.826772 
vn 0.377953 -0.204724 0.905512 
vn 0.173228 -0.322835 0.929134 
vn 0.188976 -0.141732 0.968504 
vn -0.0629921 -0.291339 0.952756 
vn -0.00787402 -0.00787402 1 
vn 0 -0.0393701 1 
vn 0 -0.291339 0.952756 
vn 0.15748 -0.291339 0.944882 
vn 0.188976 -0.291339 0.937008 
vn 0.23622 0.0629921 0.968504 
vn 0.15748 0.0551181 0.984252 
vn 0.393701 0.023622 -0.92126 
vn 0.377953 -0.00787402 -0.929134 
vn 0.456693 -0.448819 -0.771654 
vn 0.629921 -0.314961 -0.708661 
vn 0 -0.0787402 -1 
vn 0 0.0944882 -0.992126 
vn 0.0393701 0.0944882 -0.992126 
vn 0.0708661 -0.102362 -0.992126 
vn 0.133858 0.370079 -0.92126 
vn 0.19685 0.0944882 -0.976378 
vn 0.0314961 0.370079 -0.929134 
vn 0.535433 -0.740157 -0.409449 
vn 0.456693 -0.448819 -0.771654 
vn 0.291339 -0.488189 -0.826772 
vn 0.291339 -0.850394 -0.433071 
vn 0.937008 -0.0708661 -0.346457 
vn 0.992126 -0.0708661 0.102362 
vn 0.976378 0.15748 0.125984 
vn 0.929134 0.110236 -0.354331 
vn 0.724409 -0.0866142 -0.685039 
vn 0.700787 0.0866142 -0.708661 
vn 0.771654 -0.0393701 0.637795 
vn 0.740157 0.15748 0.653543 
vn 0.393701 -0.00787402 0.92126 
vn 0.377953 0.125984 0.92126 
vn 0.740157 0.15748 0.653543 
vn 0.771654 -0.0393701 0.637795 
vn 0.188976 0.102362 0.976378 
vn 0.19685 0.015748 0.976378 
vn 0 -0.299213 0.952756 
vn -0.0944882 -0.291339 0.952756 
vn 0.23622 0.00787402 -0.968504 
vn 0 0.00787402 -1 
vn 0 -0.0393701 -1 
vn 0.212598 -0.0629921 -0.976378 
vn 0 -0.0708661 -1 
vn 0.141732 -0.110236 -0.984252 
vn 0.165354 -0.850394 0.503937 
vn 0.0629921 -0.559055 0.826772 
vn 0.409449 0.401575 0.818898 
vn 0.322835 0.0551181 0.944882 
vn 0.330709 0.0472441 0.944882 
vn 0.401575 0.354331 0.850394 
vn 0.220472 0.858268 -0.464567 
vn 0.259843 0.84252 -0.472441 
vn 0.299213 0.669291 -0.677165 
vn 0.267717 0.677165 -0.685039 
vn 0.299213 0.322835 -0.897638 
vn 0.314961 -0.015748 -0.952756 
vn 0.307087 0.314961 -0.897638 
vn 0.291339 -0.488189 -0.826772 
vn 0 0.11811 0.992126 
vn -0.110236 0.102362 0.984252 
vn -0.149606 0.0393701 0.992126 
vn 0 0.0393701 1 
vn 0 -0.125984 0.992126 
vn -0.133858 -0.110236 0.984252 
vn 0.188976 0.669291 -0.716535 
vn 0.149606 0.637795 -0.755906 
vn 0.141732 0.787402 -0.598425 
vn 0.149606 0.858268 -0.488189 
vn 0.267717 -0.149606 -0.952756 
vn 0.322835 0.488189 0.811024 
vn 0.212598 -0.267717 0.937008 
vn 0.0708661 0.251969 0.968504 
vn 0 0.181102 0.984252 
vn 0.874016 -0.488189 -0.015748 
vn 0.614173 -0.787402 0.015748 
vn 0.440945 -0.740157 0.511811 
vn 0.708661 -0.503937 0.496063 
vn 0.165354 -0.850394 0.503937 
vn 0.322835 -0.944882 0.0393701 
vn 0 0.362205 -0.929134 
vn 0.440945 -0.188976 -0.874016 
vn 0.307087 0.0708661 -0.944882 
vn 0.897638 -0.259843 -0.346457 
vn 0.732283 -0.244094 -0.637795 
vn 0.251969 0.322835 -0.913386 
vn 0.188976 0.346457 -0.92126 
vn 0 0.496063 -0.866142 
vn 0 0.393701 -0.92126 
vn 0.0787402 0.559055 -0.826772 
vn 0.0551181 0.527559 -0.850394 
vn 0.133858 0.582677 -0.80315 
vn 0.15748 0.669291 -0.724409 
vn 0.125984 0.0314961 0.992126 
vn 0.251969 0.464567 0.850394 
vn 0.0866142 -0.283465 0.952756 
vn 0.0551181 -0.299213 0.952756 
vn 0.015748 -0.11811 0.992126 
vn 0.0314961 0.0944882 0.992126 
vn 0.015748 0.023622 1 
vn 0.944882 -0.314961 0.023622 
vn 0.811024 -0.464567 -0.354331 
vn 0.755906 -0.314961 0.574803 
vn 0.755906 -0.314961 0.574803 
vn 0.23622 0.0708661 -0.968504 
vn 0 0.0551181 -1 
vn 0.905512 0.204724 -0.370079 
vn 0.692913 0.15748 -0.708661 
vn 0.96063 0.259843 0.110236 
vn 0.716535 0.244094 0.653543 
vn 0.330709 0.173228 0.929134 
vn 0.15748 0.133858 0.976378 
vn -0.0629921 0.125984 0.992126 
vn 0.0551181 0.11811 0.992126 
vn 0 0.133858 0.992126 
vn 0.425197 -0.0944882 -0.897638 
vn 0.354331 -0.188976 -0.913386 
vn 0.425197 0.0314961 -0.905512 
vn 0.377953 0.102362 -0.92126 
vn 0.629921 -0.314961 -0.708661 
vn 0.503937 -0.23622 -0.826772 
vn 0.732283 -0.244094 -0.637795 
vn 0.212598 0.535433 0.818898 
vn 0.338583 0.669291 0.661417 
vn 0.251969 0.740157 0.622047 
vn 0.433071 0.551181 0.716535 
vn 0.433071 0.511811 0.740157 
vn 0.724409 -0.0866142 -0.685039 
vn 0.503937 -0.102362 -0.858268 
vn 0.700787 0.0866142 -0.708661 
vn 0.472441 0.0551181 -0.88189 
vn 0.448819 0.125984 -0.88189 
vn 0.692913 0.15748 -0.708661 
vn 0.19685 -0.244094 0.952756 
vn 0.228346 0.0708661 -0.968504 
vn 0 0.0551181 -1 
vn 0.362205 0.102362 -0.929134 
vn 0.685039 0.165354 -0.708661 
vn 0.448819 0.125984 -0.88189 
vn 0.897638 0.212598 -0.385827 
vn 0.685039 0.165354 -0.708661 
vn 0.96063 0.267717 0.0944882 
vn 0.708661 0.251969 0.661417 
vn 0.314961 0.181102 0.929134 
vn 0.708661 0.251969 0.661417 
vn 0.141732 0.133858 0.984252 
vn -0.0472441 0.11811 0.992126 
vn 0.0629921 0.11811 0.992126 
vn 0 0.133858 0.992126 
vn 0.354331 0.661417 0.653543 
vn 0.346457 0.496063 0.795276 
vn 0.110236 0.314961 0.944882 
vn 0 0.732283 0.685039 
vn 1 0 0 
vn 1 0 0 
vn 1 0 0 
vn 1 0 0 
vn 1 0 0 
vn 1 0 0 
vn 1 0 0 
vn 1 0 0 
vn 1 0 0 
vn 1 0 0 
vn 1 0 0 
vn 1 0 0 
vn 1 0 0 
vn 1 0 0 
vn 1 0 0 
vn 1 0 0 
vn 1 0 0 
vn 1 0 0 
vn 1 0 0 
vn 1 0 0 
vn 1 0 0 
vn 1 0 0 
vn 1 0 0 
vn 1 0 0 
vn 1 0 0 
vn 1 0 0 
vn 1 0 0 
vn 1 0 0 
vn 1 0 0 
vn 1 0 0 
vn 1 0 0 
vn 1 0 0 
vn 1 0 0 
vn 1 0 0 
vn 1 0 0 
vn 1 0 0 
vn 1 0 0 
vn 1 0 0 
vn 1 0 0 
vn 1 0 0 
vn 1 0 0 
vn 1 0 0 
vn 0 0.724409 0.685039 
vn 0 0.724409 0.685039 
vn 0.133858 0.653543 0.740157 
vn 0.133858 0.653543 0.740157 
vn 0.149606 0.984252 -0.0866142 
vn 0.181102 0.976378 -0.110236 
vn 0.251969 0.96063 0.102362 
vn 0.251969 0.952756 0.173228 
vn 0 0.267717 -0.96063 
vn 0.244094 0.456693 -0.858268 
vn 0.244094 0.456693 -0.858268 
vn 0 0.393701 -0.92126 
vn 0.795276 0.574803 -0.188976 
vn 0.795276 0.574803 -0.188976 
vn 0.834646 0.543307 0.0866142 
vn 0.834646 0.543307 0.0866142 
vn 0.251969 0.944882 0.228346 
vn 0.11811 0.992126 -0.0787402 
vn 0.338583 0.874016 0.362205 
vn 0.354331 0.826772 0.433071 
vn 0.283465 0.92126 0.267717 
vn 0.700787 0.551181 -0.464567 
vn 0.700787 0.551181 -0.464567 
vn 0.464567 0.393701 -0.795276 
vn 0.464567 0.393701 -0.795276 
vn 0.110236 0.984252 -0.15748 
vn 0.133858 0.984252 -0.149606 
vn 0.15748 0.976378 -0.149606 
vn 0.590551 0.566929 0.574803 
vn 0.590551 0.566929 0.574803 
vn 0 1 0 
vn 0 1 0 
vn 0 1 0 
vn 0 1 0.00787402 
vn 0 1 0.00787402 
vn 0 1 0 
vn 0 1 0 
vn 0 1 0 
vn 0 1 0 
vn 0.244094 0.968504 0.0787402 
vn 0.259843 0.929134 0.251969 
vn 0.19685 0.976378 -0.133858 
vn 0.173228 0.968504 -0.165354 
vn 0.409449 0.76378 -0.488189 
vn 0.338583 0.858268 -0.393701 
vn 0.322835 0.937008 -0.15748 
vn 0.440945 0.88189 -0.173228 
vn 0.433071 0.897638 0.0551181 
vn 0.338583 0.937008 0.0629921 
vn 0.448819 0.866142 0.228346 
vn 0.354331 0.905512 0.23622 
vn 0 0.267717 -0.96063 
vn 0 0.267717 -0.96063 
vn 0.0551181 1 -0.0551181 
vn 0.0551181 1 -0.0551181 
vn 0.0393701 0.992126 -0.0944882 
vn 0.0393701 0.992126 -0.0944882 
vn 0.0629921 1 -0.023622 
vn 0.0629921 1 -0.023622 
vn 0.0472441 1 0.0551181 
vn 0.0472441 1 0.0551181 
vn 0.015748 0.992126 0.125984 
vn 0.015748 0.992126 0.125984 
vn 0 0.992126 0.149606 
vn 0 0.732283 0.685039 
vn 0 0.992126 -0.125984 
vn 0 0.992126 -0.125984 
vn 0.00787402 0.992126 -0.125984 
vn 0.00787402 0.992126 -0.125984 
vn 0 -1 0 
vn 0 -1 0 
vn 0 -1 0 
vn 0 -1 0 
vn 0 -1 0 
vn 0 -1 0 
vn 0 -1 0 
vn 0 -1 0 
vn 0 -1 0 
vn 0 -1 0 
vn 0 -1 0 
vn 0 -1 0 
vn 0 -1 0 
vn 0 -1 0 
vn 0 -1 0 
vn 0 -1 0 
vn 0 -1 0 
vn 0 -1 0 
vn 0 -1 0 
vn 0 -1 0 
vn 0 -1 0 
vn 0 -1 0 
vn 0 -1 0 
vn 0 -1 0 
vn 0 -1 0 
vn 0 -1 0 
vn 0 -1 0 
vn 0 -1 0 
vn 0 -1 0 
vn 0 -1 0 
vn 0 -1 0 
vn 0 -1 0 
vn 0 -1 0 
vn 0 -1 0 
vn 0 -1 0 
vn 0 -1 0 
vn -0.307087 -0.409449 0.858268 
vn -0.188976 -0.527559 0.826772 
vn -0.440945 -0.740157 0.511811 
vn -0.708661 -0.503937 0.496063 
vn -0.377953 -0.204724 0.905512 
vn -0.188976 -0.141732 0.968504 
vn -0.173228 -0.322835 0.929134 
vn 0.0629921 -0.291339 0.952756 
vn 0 -0.291339 0.952756 
vn 0 -0.0393701 1 
vn 0.00787402 -0.00787402 1 
vn -0.15748 0.0551181 0.984252 
vn -0.23622 0.0629921 0.968504 
vn -0.188976 -0.291339 0.937008 
vn -0.15748 -0.291339 0.944882 
vn -0.629921 -0.314961 -0.708661 
vn -0.456693 -0.448819 -0.771654 
vn -0.377953 -0.00787402 -0.929134 
vn -0.393701 0.023622 -0.92126 
vn -0.0393701 0.0944882 -0.992126 
vn 0 0.0944882 -0.992126 
vn 0 -0.0787402 -1 
vn -0.0708661 -0.102362 -0.992126 
vn -0.133858 0.653543 0.740157 
vn -0.133858 0.653543 0.740157 
vn -0.19685 0.0944882 -0.976378 
vn -0.133858 0.370079 -0.92126 
vn -0.0314961 0.370079 -0.929134 
vn -0.291339 -0.488189 -0.826772 
vn -0.535433 -0.740157 -0.409449 
vn -0.291339 -0.850394 -0.433071 
vn -0.181102 0.976378 -0.110236 
vn -0.149606 0.984252 -0.0866142 
vn -0.251969 0.952756 0.173228 
vn -0.251969 0.96063 0.102362 
vn 0 0.393701 -0.92126 
vn -0.165354 0.511811 -0.84252 
vn -0.244094 0.456693 -0.858268 
vn 0 0.267717 -0.96063 
vn -0.937008 -0.0708661 -0.346457 
vn -0.929134 0.110236 -0.354331 
vn -0.976378 0.15748 0.125984 
vn -0.992126 -0.0708661 0.102362 
vn -0.724409 -0.0866142 -0.685039 
vn -0.700787 0.0866142 -0.708661 
vn -0.740157 0.15748 0.653543 
vn -0.771654 -0.0393701 0.637795 
vn -0.377953 0.125984 0.92126 
vn -0.393701 -0.00787402 0.92126 
vn -0.771654 -0.0393701 0.637795 
vn -0.740157 0.15748 0.653543 
vn -0.19685 0.015748 0.976378 
vn -0.188976 0.102362 0.976378 
vn -0.834646 0.543307 0.0866142 
vn -0.795276 0.574803 -0.188976 
vn -0.795276 0.574803 -0.188976 
vn -0.834646 0.543307 0.0866142 
vn 0.0944882 -0.291339 0.952756 
vn 0 -0.299213 0.952756 
vn -0.23622 0.00787402 -0.968504 
vn -0.212598 -0.0629921 -0.976378 
vn 0 -0.0393701 -1 
vn 0 0.00787402 -1 
vn -0.141732 -0.110236 -0.984252 
vn 0 -0.0708661 -1 
vn -0.165354 -0.850394 0.503937 
vn -0.0629921 -0.559055 0.826772 
vn -0.409449 0.401575 0.818898 
vn -0.401575 0.354331 0.850394 
vn -0.330709 0.0472441 0.944882 
vn -0.322835 0.0551181 0.944882 
vn -0.11811 0.992126 -0.0787402 
vn -0.251969 0.944882 0.228346 
vn -0.181102 0.937008 -0.307087 
vn -0.267717 0.677165 -0.685039 
vn -0.299213 0.669291 -0.677165 
vn -0.188976 0.929134 -0.322835 
vn -0.314961 -0.015748 -0.952756 
vn -0.299213 0.322835 -0.897638 
vn -0.307087 0.314961 -0.897638 
vn -0.291339 -0.488189 -0.826772 
vn 0.149606 0.0393701 0.992126 
vn 0.110236 0.102362 0.984252 
vn 0 0.11811 0.992126 
vn 0 0.0393701 1 
vn 0.133858 -0.110236 0.984252 
vn 0 -0.125984 0.992126 
vn -0.15748 0.937008 -0.322835 
vn -0.165354 0.905512 -0.393701 
vn -0.149606 0.637795 -0.755906 
vn -0.188976 0.669291 -0.716535 
vn -0.267717 -0.149606 -0.952756 
vn -0.322835 0.488189 0.811024 
vn -0.212598 -0.267717 0.937008 
vn 0 0.181102 0.984252 
vn -0.0708661 0.251969 0.968504 
vn -0.614173 -0.787402 0.015748 
vn -0.874016 -0.488189 -0.015748 
vn -0.708661 -0.503937 0.496063 
vn -0.440945 -0.740157 0.511811 
vn -0.165354 -0.850394 0.503937 
vn -0.322835 -0.944882 0.0393701 
vn -0.409449 0.685039 0.606299 
vn -0.393701 0.732283 0.551181 
vn -0.322835 0.818898 0.480315 
vn 0 0.362205 -0.929134 
vn -0.440945 -0.188976 -0.874016 
vn -0.307087 0.0708661 -0.944882 
vn -0.897638 -0.259843 -0.346457 
vn -0.732283 -0.244094 -0.637795 
vn -0.251969 0.322835 -0.913386 
vn -0.188976 0.346457 -0.92126 
vn -0.464567 0.393701 -0.795276 
vn -0.700787 0.551181 -0.464567 
vn -0.700787 0.551181 -0.464567 
vn -0.464567 0.393701 -0.795276 
vn -0.181102 0.937008 -0.307087 
vn -0.188976 0.929134 -0.322835 
vn -0.15748 0.937008 -0.322835 
vn -0.0551181 0.527559 -0.850394 
vn -0.165354 0.511811 -0.84252 
vn 0 0.393701 -0.92126 
vn 0 0.496063 -0.866142 
vn -0.267717 0.795276 -0.543307 
vn -0.133858 0.582677 -0.80315 
vn -0.590551 0.566929 0.574803 
vn -0.590551 0.566929 0.574803 
vn -0.251969 0.464567 0.850394 
vn -0.125984 0.0314961 0.992126 
vn -0.0866142 -0.283465 0.952756 
vn -0.0551181 -0.299213 0.952756 
vn -0.015748 -0.11811 0.992126 
vn -0.015748 0.023622 1 
vn -0.0314961 0.0944882 0.992126 
vn 0 1 0 
vn 0 1 0.00787402 
vn 0 1 0 
vn 0 1 0 
vn 0 1 0 
vn 0 1 0 
vn -0.944882 -0.314961 0.023622 
vn -0.811024 -0.464567 -0.354331 
vn -0.755906 -0.314961 0.574803 
vn -0.755906 -0.314961 0.574803 
vn 0 0.0551181 -1 
vn -0.23622 0.0708661 -0.968504 
vn -0.692913 0.15748 -0.708661 
vn -0.905512 0.204724 -0.370079 
vn -0.96063 0.259843 0.110236 
vn -0.716535 0.244094 0.653543 
vn -0.716535 0.244094 0.653543 
vn -0.330709 0.173228 0.929134 
vn -0.15748 0.133858 0.976378 
vn -0.0551181 0.11811 0.992126 
vn 0.0629921 0.125984 0.992126 
vn 0 0.133858 0.992126 
vn -0.425197 -0.0944882 -0.897638 
vn -0.354331 -0.188976 -0.913386 
vn -0.425197 0.0314961 -0.905512 
vn -0.377953 0.102362 -0.92126 
vn -0.259843 0.858268 0.448819 
vn -0.244094 0.968504 0.0787402 
vn -0.19685 0.976378 -0.133858 
vn -0.165354 0.905512 -0.393701 
vn -0.629921 -0.314961 -0.708661 
vn -0.503937 -0.23622 -0.826772 
vn -0.212598 0.535433 0.818898 
vn -0.259843 0.858268 0.448819 
vn -0.322835 0.818898 0.480315 
vn -0.393701 0.732283 0.551181 
vn -0.409449 0.685039 0.606299 
vn -0.503937 -0.102362 -0.858268 
vn -0.472441 0.0551181 -0.88189 
vn -0.448819 0.125984 -0.88189 
vn -0.19685 -0.244094 0.952756 
vn 0 0.0551181 -1 
vn -0.228346 0.0708661 -0.968504 
vn -0.362205 0.102362 -0.929134 
vn -0.448819 0.125984 -0.88189 
vn -0.685039 0.165354 -0.708661 
vn -0.897638 0.212598 -0.385827 
vn -0.96063 0.267717 0.0944882 
vn -0.708661 0.251969 0.661417 
vn -0.708661 0.251969 0.661417 
vn -0.314961 0.181102 0.929134 
vn -0.141732 0.133858 0.984252 
vn -0.0629921 0.11811 0.992126 
vn 0.0472441 0.11811 0.992126 
vn 0 0.133858 0.992126 
vn -0.267717 0.795276 -0.543307 
vn -0.409449 0.76378 -0.488189 
vn -0.440945 0.88189 -0.173228 
vn -0.322835 0.937008 -0.15748 
vn -0.338583 0.937008 0.0629921 
vn -0.433071 0.897638 0.0551181 
vn -0.370079 0.811024 0.456693 
vn -0.275591 0.858268 0.425197 
vn -0.370079 0.811024 0.456693 
vn -0.275591 0.858268 0.425197 
vn -0.0787402 0.771654 0.629921 
vn 0 0.732283 0.685039 
vn -0.0551181 1 -0.0551181 
vn -0.0393701 0.992126 -0.0944882 
vn -0.0393701 0.992126 -0.0944882 
vn -0.0551181 1 -0.0551181 
vn -0.0629921 1 -0.023622 
vn -0.0629921 1 -0.023622 
vn -0.0472441 1 0.0551181 
vn -0.0787402 0.771654 0.629921 
vn -0.015748 0.992126 0.125984 
vn 0 0.992126 0.149606 
vn 0 0.732283 0.685039 
vn 0 0.992126 -0.125984 
vn -0.00787402 0.992126 -0.125984 
vn -0.00787402 0.992126 -0.125984 
vn 0 0.992126 -0.125984 
vn 0 -1 0 
vn 0 -1 0 
vn 0 -1 0 
vn 0 -1 0 
vn 0 -1 0 
vn 0 -1 0 
vn 0 -1 0 
vn 0 -1 0 
vn 0 -1 0 
vn 0 -1 0 
vn 0 -1 0 
vn 0 -1 0 
vn 0 -1 0 
vn 0 -1 0 
vn 0 -1 0 
vn 0 -1 0 
vn 0 -1 0 
vn 0 -1 0 
vn 0 -1 0 
vn 0 -1 0 
vn 0 -1 0 
vn 0 -1 0 
vn 0 -1 0 
vn 0 -1 0 
vn 0 -1 0 
vn 0 -1 0 
vn 0 -1 0 
vn 0 -1 0 
vn 0 -1 0 
vn 0 -1 0 
vn 0 -1 0 
vn 0 -1 0 
vn 0 -1 0 
vn 0 -1 0 
vn 0 -1 0 
vn 0 -1 0 
vn -1 0 0 
vn -1 0 0 
vn -1 0 0 
vn -1 0 0 
vn -1 0 0 
vn -1 0 0 
vn -1 0 0 
vn -1 0 0 
vn -1 0 0 
vn -1 0 0 
vn -1 0 0 
vn -1 0 0 
vn -1 0 0 
vn -1 0 0 
vn -1 0 0 
vn -1 0 0 
vn -1 0 0 
vn -1 0 0 
vn -1 0 0 
vn -1 0 0 
vn -1 0 0 
vn -1 0 0 
vn -1 0 0 
vn -1 0 0 
vn -1 0 0 
vn -1 0 0 
vn -1 0 0 
vn -1 0 0 
vn -1 0 0 
vn -1 0 0 
vn -1 0 0 
vn -1 0 0 
vn -1 0 0 
vn -1 0 0 
vn -1 0 0 
vn -1 0 0 
vn -1 0 0 
vn -1 0 0 
vn -1 0 0 
vn -1 0 0 
vn -1 0 0 
vn -1 0 0 
vn 0 -0.228346 0.976378 
vn 0 -0.456693 0.889764 
vn 0 -0.417323 0.905512 
vn 0 -0.228346 0.976378 
vn 0 -0.84252 0.543307 
vn 0 -0.818898 0.566929 
vn 0 -1 0 
vn 0 -1 0 
vn 0 -0.834646 -0.551181 
vn 0.0393701 -0.834646 -0.551181 
vn 0 -0.456693 -0.889764 
vn 0.0472441 -0.448819 -0.889764 
vn 0 -0.228346 -0.976378 
vn 0.0472441 -0.228346 -0.968504 
vn 0.976378 -0.204724 -0.0551181 
vn 0.952756 -0.283465 -0.0787402 
vn 0.96063 -0.275591 -0.0629921 
vn 0.976378 -0.19685 -0.0393701 
vn 0.96063 -0.275591 -0.0393701 
vn 0.976378 -0.220472 -0.023622 
vn 0.929134 -0.362205 -0.023622 
vn 0 -0.228346 0.976378 
vn 0 -0.417323 0.905512 
vn 0 -0.818898 0.566929 
vn 0 -1 0 
vn -0.0393701 -0.834646 -0.551181 
vn -0.0472441 -0.448819 -0.889764 
vn -0.0472441 -0.228346 -0.968504 
vn -0.96063 -0.267717 -0.0551181 
vn -0.976378 -0.188976 -0.0866142 
vn -0.976378 -0.212598 -0.0629921 
vn -0.952756 -0.291339 -0.0472441 
vn -0.96063 -0.275591 -0.0393701 
vn -0.976378 -0.220472 -0.023622 
vn -0.929134 -0.362205 -0.023622 

vt 0.078126 0.276668 
vt 0.0742027 0.242569 
vt 0.0775148 0.242862 
vt 0.0843938 0.263582 
vt 0.06525 0.283329 
vt 0.077472 0.299676 
vt 0.06525 0.309456 
vt 0.0888352 0.347678 
vt 0.100076 0.347405 
vt 0.100732 0.376079 
vt 0.089478 0.376079 
vt 0.0888592 0.297148 
vt 0.089682 0.278827 
vt 0.0995093 0.279535 
vt 0.099465 0.296244 
vt 0.0894188 0.852028 
vt 0.0929692 0.865048 
vt 0.0839385 0.871366 
vt 0.0781605 0.868326 
vt 0.0755063 0.750095 
vt 0.085149 0.750094 
vt 0.0846675 0.777452 
vt 0.0750495 0.779271 
vt 0.0975173 0.805365 
vt 0.0851827 0.807908 
vt 0.0971393 0.776644 
vt 0.0799395 0.163578 
vt 0.0839385 0.129137 
vt 0.087633 0.13093 
vt 0.0839977 0.16504 
vt 0.05469 0.163578 
vt 0.05469 0.207635 
vt 0.041769 0.211383 
vt 0.041769 0.163578 
vt 0.05469 0.12838 
vt 0.041769 0.12838 
vt 0.05469 0.252063 
vt 0.041769 0.254774 
vt 0.05469 0.287283 
vt 0.041769 0.288124 
vt 0.041769 0.254766 
vt 0.05469 0.252083 
vt 0.041769 0.310352 
vt 0.05469 0.311517 
vt 0.0783645 0.376079 
vt 0.0778358 0.350787 
vt 0.041769 0.781774 
vt 0.041769 0.750095 
vt 0.05469 0.750095 
vt 0.05469 0.780302 
vt 0.06525 0.750095 
vt 0.06525 0.779744 
vt 0.082656 0.241161 
vt 0.0867517 0.252034 
vt 0.105138 0.266073 
vt 0.097617 0.265748 
vt 0.0961718 0.252062 
vt 0.103098 0.252062 
vt 0.117247 0.865307 
vt 0.117247 0.873159 
vt 0.109979 0.873159 
vt 0.109578 0.864388 
vt 0.101732 0.873159 
vt 0.0951398 0.873159 
vt 0.100124 0.863533 
vt 0.0877147 0.873159 
vt 0.041769 0.376079 
vt 0.041769 0.359137 
vt 0.05469 0.358147 
vt 0.05469 0.376079 
vt 0.06525 0.376079 
vt 0.06525 0.355375 
vt 0.109426 0.848393 
vt 0.108987 0.833711 
vt 0.117247 0.839701 
vt 0.117247 0.852803 
vt 0.0755438 0.811283 
vt 0.108228 0.27828 
vt 0.090084 0.265179 
vt 0.111675 0.348835 
vt 0.111342 0.376079 
vt 0.0755115 0.207258 
vt 0.0782858 0.211181 
vt 0.0775148 0.242872 
vt 0.074205 0.242594 
vt 0.082677 0.241153 
vt 0.0811462 0.216471 
vt 0.0969915 0.750095 
vt 0.0772335 0.841064 
vt 0.0874845 0.835852 
vt 0.06525 0.163578 
vt 0.06525 0.12838 
vt 0.0989677 0.848116 
vt 0.0983633 0.832301 
vt 0.107047 0.750095 
vt 0.117247 0.750095 
vt 0.117247 0.775971 
vt 0.107528 0.775462 
vt 0.108328 0.807755 
vt 0.117247 0.816791 
vt 0.099426 0.320044 
vt 0.111778 0.319692 
vt 0.087924 0.321799 
vt 0.0768218 0.327633 
vt 0.06525 0.334185 
vt 0.041769 0.337294 
vt 0.05469 0.336586 
vt 0.06525 0.206177 
vt 0.0754028 0.163578 
vt 0.06525 0.24798 
vt 0.06525 0.247952 
vt 0.0327533 0.783897 
vt 0.0327533 0.750095 
vt 0.0327533 0.163578 
vt 0.0327533 0.12838 
vt 0.0327533 0.214368 
vt 0.0327533 0.253722 
vt 0.0327533 0.286928 
vt 0.0327533 0.308733 
vt 0.0327533 0.360967 
vt 0.0327533 0.335533 
vt 0.0327533 0.376079 
vt 0.05469 0.813289 
vt 0.06525 0.81245 
vt 0.041769 0.815938 
vt 0.0327533 0.817264 
vt 0.0780457 0.12838 
vt 0.06525 0.841224 
vt 0.06525 0.871591 
vt 0.10986 0.294304 
vt 0.117247 0.274256 
vt 0.117247 0.290705 
vt 0.117247 0.263923 
vt 0.117247 0.252062 
vt 0.05469 0.871591 
vt 0.05469 0.841296 
vt 0.041769 0.871591 
vt 0.041769 0.843121 
vt 0.0327533 0.844902 
vt 0.0327533 0.871591 
vt 0.09129 0.252062 
vt 0.02328 0.786312 
vt 0.02328 0.750095 
vt 0.02328 0.819175 
vt 0.023265 0.871591 
vt 0.02328 0.84792 
vt 0.023265 0.163578 
vt 0.023265 0.12838 
vt 0.023265 0.217483 
vt 0.023265 0.252379 
vt 0.023265 0.285289 
vt 0.023265 0.252416 
vt 0.023265 0.306625 
vt 0.023265 0.360842 
vt 0.023265 0.33345 
vt 0.023265 0.376079 
vt 0.117247 0.304534 
vt 0.117247 0.329052 
vt 0.117247 0.355526 
vt 0.117247 0.376079 
vt 0.0912983 0.252062 
vt 0.098082 0.21006 
vt 0.0961875 0.252062 
vt 0.103122 0.252062 
vt 0.098082 0.21006 
vt 0.117247 0.252062 
vt 0.117247 0.217502 
vt 0.098082 0.21006 
vt 0.117247 0.209769 
vt 0.117247 0.13093 
vt 0.098082 0.21006 
vt 0.109965 0.13093 
vt 0.101754 0.13093 
vt 0.098082 0.21006 
vt 0.0951458 0.13093 
vt 0.0876323 0.13093 
vt 0.0839857 0.165027 
vt 0.081144 0.216468 
vt 0.098082 0.21006 
vt 0.082677 0.241153 
vt 0.117247 0.252062 
vt 0.098082 0.21006 
vt 0.117247 0.217502 
vt 0.117247 0.209769 
vt 0.098082 0.21006 
vt 0.117247 0.13093 
vt 0.109965 0.13093 
vt 0.098082 0.21006 
vt 0.101754 0.13093 
vt 0.0839857 0.165027 
vt 0.098082 0.21006 
vt 0.081144 0.216468 
vt 0.0951458 0.13093 
vt 0.0961875 0.252062 
vt 0.098082 0.21006 
vt 0.103122 0.252062 
vt 0.082677 0.241153 
vt 0.098082 0.21006 
vt 0.0867593 0.251974 
vt 0.0867593 0.251974 
vt 0.098082 0.21006 
vt 0.0912983 0.252062 
vt 0.249143 0.146825 
vt 0.249143 0.150153 
vt 0.234068 0.149171 
vt 0.233767 0.145406 
vt 0.151922 0.284281 
vt 0.158195 0.284814 
vt 0.15736 0.325076 
vt 0.151892 0.321803 
vt 0.193508 0.247629 
vt 0.185324 0.247629 
vt 0.182933 0.234959 
vt 0.193505 0.234959 
vt 0.206974 0.088591 
vt 0.210286 0.090258 
vt 0.20907 0.114119 
vt 0.206212 0.113546 
vt 0.14685 0.321467 
vt 0.14685 0.28312 
vt 0.152066 0.358577 
vt 0.14685 0.358577 
vt 0.157111 0.358577 
vt 0.218134 0.061949 
vt 0.214835 0.056005 
vt 0.232171 0.03491 
vt 0.234214 0.042487 
vt 0.14685 0.234959 
vt 0.152039 0.234959 
vt 0.157633 0.234959 
vt 0.214205 0.13706 
vt 0.215582 0.134907 
vt 0.233767 0.145406 
vt 0.249143 0.089038 
vt 0.249143 0.146825 
vt 0.234214 0.042487 
vt 0.249143 0.035752 
vt 0.210286 0.090258 
vt 0.20907 0.114119 
vt 0.218134 0.061949 
vt 0.215582 0.134907 
vt 0.161213 0.326173 
vt 0.162075 0.358577 
vt 0.162923 0.285546 
vt 0.164791 0.234959 
vt 0.177458 0.247629 
vt 0.172642 0.234959 
vt 0.168097 0.286487 
vt 0.174161 0.287857 
vt 0.173828 0.32917 
vt 0.166868 0.327545 
vt 0.176742 0.358577 
vt 0.169092 0.358577 
vt 0.249143 0.027682 
vt 0.249143 0.035752 
vt 0.176533 0.288708 
vt 0.174161 0.287857 
vt 0.177458 0.247629 
vt 0.179213 0.251647 
vt 0.175431 0.32776 
vt 0.173828 0.32917 
vt 0.178462 0.346232 
vt 0.176742 0.358577 
vt 0.187503 0.355121 
vt 0.186399 0.358577 
vt 0.193525 0.355228 
vt 0.193525 0.358577 
vt 0.193508 0.247629 
vt 0.193508 0.251647 
vt 0.186119 0.251647 
vt 0.185324 0.247629 
vt 0.245892 0.277037 
vt 0.292711 0.296779 
vt 0.245892 0.308744 
vt 0.269374 0.358493 
vt 0.292711 0.296779 
vt 0.278708 0.358493 
vt 0.245892 0.253467 
vt 0.292711 0.296779 
vt 0.245892 0.277037 
vt 0.245892 0.235061 
vt 0.292711 0.296779 
vt 0.245892 0.253467 
vt 0.268178 0.235061 
vt 0.292711 0.296779 
vt 0.245892 0.235061 
vt 0.278708 0.358493 
vt 0.292711 0.296779 
vt 0.292711 0.358493 
vt 0.292711 0.235061 
vt 0.292711 0.296779 
vt 0.285775 0.235061 
vt 0.285775 0.235061 
vt 0.292711 0.296779 
vt 0.276754 0.235061 
vt 0.2616 0.358493 
vt 0.292711 0.296779 
vt 0.269374 0.358493 
vt 0.245892 0.308744 
vt 0.292711 0.296779 
vt 0.245892 0.358493 
vt 0.276754 0.235061 
vt 0.292711 0.296779 
vt 0.268178 0.235061 
vt 0.245892 0.358493 
vt 0.292711 0.296779 
vt 0.2616 0.358493 
vt 0.078126 0.475399 
vt 0.0843938 0.488486 
vt 0.0775148 0.509206 
vt 0.0742027 0.509499 
vt 0.06525 0.468739 
vt 0.06525 0.442612 
vt 0.077472 0.452391 
vt 0.0888352 0.40439 
vt 0.089478 0.375988 
vt 0.100732 0.375988 
vt 0.100076 0.404663 
vt 0.099465 0.455824 
vt 0.0995093 0.472532 
vt 0.089682 0.47324 
vt 0.0888592 0.454919 
vt 0.0781605 0.631904 
vt 0.0839385 0.626359 
vt 0.0929692 0.635182 
vt 0.0894188 0.648202 
vt 0.0846675 0.722778 
vt 0.085149 0.750135 
vt 0.0755063 0.750135 
vt 0.0750495 0.720959 
vt 0.265917 0.145406 
vt 0.265615 0.149171 
vt 0.0851827 0.692322 
vt 0.0975173 0.694865 
vt 0.0971393 0.723586 
vt 0.087633 0.625172 
vt 0.0799395 0.58849 
vt 0.0839977 0.587027 
vt 0.228761 0.284814 
vt 0.234893 0.284281 
vt 0.23494 0.321803 
vt 0.229594 0.325076 
vt 0.193521 0.234959 
vt 0.204093 0.234959 
vt 0.201703 0.247629 
vt 0.193518 0.247629 
vt 0.05469 0.58849 
vt 0.041769 0.58849 
vt 0.041769 0.540685 
vt 0.05469 0.544432 
vt 0.05469 0.627117 
vt 0.041769 0.627117 
vt 0.041769 0.497294 
vt 0.05469 0.500005 
vt 0.041769 0.463943 
vt 0.05469 0.464785 
vt 0.05469 0.499984 
vt 0.041769 0.497302 
vt 0.05469 0.44055 
vt 0.041769 0.441715 
vt 0.290613 0.114119 
vt 0.289396 0.090258 
vt 0.29271 0.088591 
vt 0.293472 0.113546 
vt 0.0778358 0.401281 
vt 0.0783645 0.375988 
vt 0.041769 0.718456 
vt 0.05469 0.719928 
vt 0.05469 0.750135 
vt 0.041769 0.750135 
vt 0.06525 0.720486 
vt 0.06525 0.750135 
vt 0.082656 0.510907 
vt 0.0867517 0.500033 
vt 0.105138 0.485994 
vt 0.103098 0.500005 
vt 0.0961718 0.500005 
vt 0.097617 0.486319 
vt 0.240176 0.28312 
vt 0.240176 0.321467 
vt 0.117247 0.634923 
vt 0.109578 0.635842 
vt 0.109979 0.625172 
vt 0.117247 0.625172 
vt 0.0951398 0.625172 
vt 0.101732 0.625172 
vt 0.100124 0.636697 
vt 0.0877147 0.625172 
vt 0.05469 0.393921 
vt 0.041769 0.39293 
vt 0.041769 0.375988 
vt 0.05469 0.375988 
vt 0.06525 0.396693 
vt 0.06525 0.375988 
vt 0.117247 0.647427 
vt 0.117247 0.660529 
vt 0.108987 0.666519 
vt 0.109426 0.651837 
vt 0.0755438 0.688947 
vt 0.108228 0.473788 
vt 0.090084 0.486888 
vt 0.111342 0.375988 
vt 0.111675 0.403232 
vt 0.0782858 0.540887 
vt 0.0755115 0.54481 
vt 0.074205 0.509473 
vt 0.0775148 0.509196 
vt 0.082677 0.510915 
vt 0.0811462 0.535597 
vt 0.240176 0.358577 
vt 0.235176 0.358577 
vt 0.229842 0.358577 
vt 0.0969915 0.750135 
vt 0.0772335 0.659166 
vt 0.0874845 0.664378 
vt 0.06525 0.58849 
vt 0.06525 0.629047 
vt 0.0989677 0.652114 
vt 0.0983633 0.667929 
vt 0.267512 0.03491 
vt 0.284848 0.056005 
vt 0.281549 0.061949 
vt 0.265469 0.042487 
vt 0.234705 0.234959 
vt 0.240176 0.234959 
vt 0.229321 0.234959 
vt 0.107528 0.724768 
vt 0.117247 0.724259 
vt 0.117247 0.750135 
vt 0.107047 0.750135 
vt 0.117247 0.683439 
vt 0.108328 0.692475 
vt 0.284102 0.134907 
vt 0.285479 0.13706 
vt 0.111778 0.432376 
vt 0.099426 0.432024 
vt 0.087924 0.430268 
vt 0.0768218 0.424435 
vt 0.06525 0.417882 
vt 0.05469 0.415481 
vt 0.041769 0.414773 
vt 0.265917 0.145406 
vt 0.265469 0.042487 
vt 0.289396 0.090258 
vt 0.290613 0.114119 
vt 0.281549 0.061949 
vt 0.284102 0.134907 
vt 0.06525 0.54589 
vt 0.0754028 0.58849 
vt 0.06525 0.504088 
vt 0.06525 0.504115 
vt 0.0327533 0.750135 
vt 0.0327533 0.716333 
vt 0.0327533 0.627117 
vt 0.0327533 0.58849 
vt 0.0327533 0.5377 
vt 0.0327533 0.498346 
vt 0.0327533 0.498345 
vt 0.0327533 0.46514 
vt 0.0327533 0.443334 
vt 0.0327533 0.416535 
vt 0.0327533 0.3911 
vt 0.0327533 0.375988 
vt 0.05469 0.686942 
vt 0.06525 0.68778 
vt 0.041769 0.684292 
vt 0.0327533 0.682966 
vt 0.224891 0.358577 
vt 0.225751 0.326173 
vt 0.224045 0.285546 
vt 0.222181 0.234959 
vt 0.0780457 0.631904 
vt 0.06525 0.659006 
vt 0.10986 0.457764 
vt 0.117247 0.461362 
vt 0.117247 0.477812 
vt 0.117247 0.488144 
vt 0.117247 0.500005 
vt 0.05469 0.658934 
vt 0.041769 0.657109 
vt 0.0327533 0.655328 
vt 0.09129 0.500005 
vt 0.02328 0.750135 
vt 0.02328 0.713918 
vt 0.02328 0.681055 
vt 0.02328 0.65231 
vt 0.023265 0.627117 
vt 0.023265 0.58849 
vt 0.023265 0.534585 
vt 0.023265 0.499688 
vt 0.023265 0.499652 
vt 0.023265 0.466778 
vt 0.023265 0.445443 
vt 0.023265 0.418617 
vt 0.023265 0.391226 
vt 0.023265 0.375988 
vt 0.214346 0.234959 
vt 0.209568 0.247629 
vt 0.212865 0.287857 
vt 0.218881 0.286487 
vt 0.220106 0.327545 
vt 0.213766 0.32917 
vt 0.217888 0.358577 
vt 0.210284 0.358577 
vt 0.117247 0.447533 
vt 0.117247 0.423015 
vt 0.117247 0.396541 
vt 0.117247 0.375988 
vt 0.210493 0.288708 
vt 0.207813 0.251647 
vt 0.209568 0.247629 
vt 0.212865 0.287857 
vt 0.213766 0.32917 
vt 0.211595 0.32776 
vt 0.208565 0.346232 
vt 0.200627 0.358577 
vt 0.199523 0.355121 
vt 0.193502 0.355228 
vt 0.193501 0.358577 
vt 0.193518 0.247629 
vt 0.201703 0.247629 
vt 0.200907 0.251647 
vt 0.193518 0.251647 
vt 0.339476 0.277037 
vt 0.339476 0.308744 
vt 0.292656 0.296779 
vt 0.315993 0.358493 
vt 0.306659 0.358493 
vt 0.292656 0.296779 
vt 0.339476 0.253467 
vt 0.339476 0.277037 
vt 0.292656 0.296779 
vt 0.339476 0.235061 
vt 0.339476 0.253467 
vt 0.292656 0.296779 
vt 0.317189 0.235061 
vt 0.339476 0.235061 
vt 0.292656 0.296779 
vt 0.306659 0.358493 
vt 0.292656 0.358493 
vt 0.292656 0.296779 
vt 0.292656 0.235061 
vt 0.299592 0.235061 
vt 0.292656 0.296779 
vt 0.299592 0.235061 
vt 0.308614 0.235061 
vt 0.292656 0.296779 
vt 0.323768 0.358493 
vt 0.315993 0.358493 
vt 0.292656 0.296779 
vt 0.339476 0.308744 
vt 0.339476 0.358493 
vt 0.292656 0.296779 
vt 0.308614 0.235061 
vt 0.317189 0.235061 
vt 0.292656 0.296779 
vt 0.339476 0.358493 
vt 0.323768 0.358493 
vt 0.292656 0.296779 
vt 0.0912983 0.500005 
vt 0.0961875 0.500005 
vt 0.098082 0.542008 
vt 0.103122 0.500005 
vt 0.117247 0.500005 
vt 0.098082 0.542008 
vt 0.117247 0.534565 
vt 0.117247 0.542298 
vt 0.098082 0.542008 
vt 0.117247 0.625172 
vt 0.109965 0.625172 
vt 0.098082 0.542008 
vt 0.101754 0.625172 
vt 0.0951458 0.625172 
vt 0.098082 0.542008 
vt 0.0876323 0.625172 
vt 0.0839857 0.58704 
vt 0.081144 0.5356 
vt 0.082677 0.510915 
vt 0.098082 0.542008 
vt 0.117247 0.500005 
vt 0.117247 0.534565 
vt 0.098082 0.542008 
vt 0.117247 0.542298 
vt 0.117247 0.625172 
vt 0.098082 0.542008 
vt 0.109965 0.625172 
vt 0.101754 0.625172 
vt 0.098082 0.542008 
vt 0.0839857 0.58704 
vt 0.081144 0.5356 
vt 0.098082 0.542008 
vt 0.0951458 0.625172 
vt 0.0961875 0.500005 
vt 0.103122 0.500005 
vt 0.098082 0.542008 
vt 0.082677 0.510915 
vt 0.0867593 0.500093 
vt 0.098082 0.542008 
vt 0.0867593 0.500093 
vt 0.0912983 0.500005 
vt 0.098082 0.542008 
vt 0.563118 0.597402 
vt 0.563118 0.613693 
vt 0.553029 0.613633 
vt 0.548947 0.597402 
vt 0.563118 0.629801 
vt 0.556097 0.629749 
vt 0.563118 0.644921 
vt 0.557644 0.644951 
vt 0.563118 0.65999 
vt 0.556497 0.659557 
vt 0.563118 0.675984 
vt 0.554743 0.675678 
vt 0.563118 0.692445 
vt 0.552532 0.692445 
vt 0.539092 0.664269 
vt 0.539092 0.624171 
vt 0.548219 0.627178 
vt 0.548219 0.661762 
vt 0.555001 0.634772 
vt 0.555001 0.654534 
vt 0.557689 0.644947 
vt 0.578252 0.597402 
vt 0.574051 0.613723 
vt 0.570865 0.629865 
vt 0.569213 0.645014 
vt 0.570251 0.659595 
vt 0.571948 0.675716 
vt 0.574132 0.692445 
vt 0.587789 0.624171 
vt 0.587789 0.664269 
vt 0.578661 0.661762 
vt 0.578661 0.627178 
vt 0.571879 0.634772 
vt 0.571879 0.654534 
vt 0.569192 0.644947 

usemtl Handle1Mtl

f 1056/1056/1056 1057/1057/1057 1058/1058/1058 
f 1058/1058/1058 1059/1059/1059 1056/1056/1056 
f 1060/1060/1060 1056/1056/1056 1061/1061/1061 
f 1061/1061/1061 1062/1062/1062 1060/1060/1060 
f 1063/1063/1063 1064/1064/1064 1065/1065/1065 
f 1065/1065/1065 1066/1066/1066 1063/1063/1063 
f 1067/1067/1067 1068/1068/1068 1069/1069/1069 
f 1069/1069/1069 1070/1070/1070 1067/1067/1067 
f 1071/1071/1071 1072/1072/1072 1073/1073/1073 
f 1073/1073/1073 1074/1074/1074 1071/1071/1071 
f 1075/1075/1075 1076/1076/1076 1077/1077/1077 
f 1077/1077/1077 1078/1078/1078 1075/1075/1075 
f 1079/1079/1079 1080/1080/1080 1077/1077/1077 
f 1077/1077/1077 1081/1081/1081 1079/1079/1079 
f 1082/1082/1082 1083/1083/1083 1084/1084/1084 
f 1084/1084/1084 1085/1085/1085 1082/1082/1082 
f 1086/1086/1086 1087/1087/1087 1088/1088/1088 
f 1088/1088/1088 1089/1089/1089 1086/1086/1086 
f 1090/1090/1090 1086/1086/1086 1089/1089/1089 
f 1089/1089/1089 1091/1091/1091 1090/1090/1090 
f 1092/1092/1092 1093/1093/1093 1088/1088/1088 
f 1088/1088/1088 1087/1087/1087 1092/1092/1092 
f 1094/1094/1094 1095/1095/1095 1096/1096/1096 
f 1096/1096/1096 1097/1097/1097 1094/1094/1094 
f 1098/1098/1098 1095/1095/1095 1094/1094/1094 
f 1094/1094/1094 1099/1099/1099 1098/1098/1098 
f 1061/1061/1061 1056/1056/1056 1068/1068/1068 
f 1068/1068/1068 1067/1067/1067 1061/1061/1061 
f 1066/1066/1066 1100/1100/1100 1101/1101/1101 
f 1101/1101/1101 1063/1063/1063 1066/1066/1066 
f 1102/1102/1102 1103/1103/1103 1104/1104/1104 
f 1104/1104/1104 1105/1105/1105 1102/1102/1102 
f 1104/1104/1104 1106/1106/1106 1107/1107/1107 
f 1107/1107/1107 1105/1105/1105 1104/1104/1104 
f 1108/1108/1108 1109/1109/1109 1059/1059/1059 
f 1059/1059/1059 1058/1058/1058 1108/1108/1108 
f 1110/1110/1110 1111/1111/1111 1112/1112/1112 
f 1112/1112/1112 1113/1113/1113 1110/1110/1110 
f 1114/1114/1114 1115/1115/1115 1116/1116/1116 
f 1116/1116/1116 1117/1117/1117 1114/1114/1114 
f 1118/1118/1118 1119/1119/1119 1072/1072/1072 
f 1072/1072/1072 1120/1120/1120 1118/1118/1118 
f 1073/1073/1073 1072/1072/1072 1119/1119/1119 
f 1119/1119/1119 1121/1121/1121 1073/1073/1073 
f 1122/1122/1122 1123/1123/1123 1124/1124/1124 
f 1124/1124/1124 1125/1125/1125 1122/1122/1122 
f 1126/1126/1126 1127/1127/1127 1101/1101/1101 
f 1101/1101/1101 1100/1100/1100 1126/1126/1126 
f 1128/1128/1128 1129/1129/1129 1130/1130/1130 
f 1130/1130/1130 1131/1131/1131 1128/1128/1128 
f 1080/1080/1080 1132/1132/1132 1078/1078/1078 
f 1078/1078/1078 1077/1077/1077 1080/1080/1080 
f 1069/1069/1069 1111/1111/1111 1110/1110/1110 
f 1110/1110/1110 1133/1133/1133 1069/1069/1069 
f 1068/1068/1068 1056/1056/1056 1059/1059/1059 
f 1059/1059/1059 1134/1134/1134 1068/1068/1068 
f 1135/1135/1135 1136/1136/1136 1065/1065/1065 
f 1065/1065/1065 1064/1064/1064 1135/1135/1135 
f 1137/1137/1137 1138/1138/1138 1139/1139/1139 
f 1139/1139/1139 1140/1140/1140 1137/1137/1137 
f 1141/1141/1141 1139/1139/1139 1138/1138/1138 
f 1138/1138/1138 1142/1142/1142 1141/1141/1141 
f 1077/1077/1077 1076/1076/1076 1143/1143/1143 
f 1143/1143/1143 1081/1081/1081 1077/1077/1077 
f 1071/1071/1071 1074/1074/1074 1144/1144/1144 
f 1144/1144/1144 1145/1145/1145 1071/1071/1071 
f 1146/1146/1146 1086/1086/1086 1090/1090/1090 
f 1090/1090/1090 1147/1147/1147 1146/1146/1146 
f 1071/1071/1071 1148/1148/1148 1120/1120/1120 
f 1120/1120/1120 1072/1072/1072 1071/1071/1071 
f 1148/1148/1148 1071/1071/1071 1145/1145/1145 
f 1145/1145/1145 1149/1149/1149 1148/1148/1148 
f 1128/1128/1128 1131/1131/1131 1114/1114/1114 
f 1114/1114/1114 1117/1117/1117 1128/1128/1128 
f 1150/1150/1150 1151/1151/1151 1152/1152/1152 
f 1152/1152/1152 1153/1153/1153 1150/1150/1150 
f 1154/1154/1154 1153/1153/1153 1152/1152/1152 
f 1152/1152/1152 1155/1155/1155 1154/1154/1154 
f 1135/1135/1135 1064/1064/1064 1156/1156/1156 
f 1156/1156/1156 1157/1157/1157 1135/1135/1135 
f 1156/1156/1156 1064/1064/1064 1063/1063/1063 
f 1063/1063/1063 1158/1158/1158 1156/1156/1156 
f 1158/1158/1158 1063/1063/1063 1101/1101/1101 
f 1101/1101/1101 1159/1159/1159 1158/1158/1158 
f 1159/1159/1159 1101/1101/1101 1127/1127/1127 
f 1127/1127/1127 1160/1160/1160 1159/1159/1159 
f 1161/1161/1161 1162/1162/1162 1124/1124/1124 
f 1124/1124/1124 1123/1123/1123 1161/1161/1161 
f 1116/1116/1116 1118/1118/1118 1120/1120/1120 
f 1120/1120/1120 1117/1117/1117 1116/1116/1116 
f 1128/1128/1128 1117/1117/1117 1120/1120/1120 
f 1120/1120/1120 1148/1148/1148 1128/1128/1128 
f 1148/1148/1148 1149/1149/1149 1129/1129/1129 
f 1129/1129/1129 1128/1128/1128 1148/1148/1148 
f 1154/1154/1154 1079/1079/1079 1081/1081/1081 
f 1081/1081/1081 1153/1153/1153 1154/1154/1154 
f 1153/1153/1153 1081/1081/1081 1143/1143/1143 
f 1143/1143/1143 1150/1150/1150 1153/1153/1153 
f 1086/1086/1086 1146/1146/1146 1163/1163/1163 
f 1163/1163/1163 1087/1087/1087 1086/1086/1086 
f 1164/1164/1164 1082/1082/1082 1138/1138/1138 
f 1138/1138/1138 1137/1137/1137 1164/1164/1164 
f 1142/1142/1142 1138/1138/1138 1082/1082/1082 
f 1082/1082/1082 1085/1085/1085 1142/1142/1142 
f 1092/1092/1092 1087/1087/1087 1163/1163/1163 
f 1163/1163/1163 1165/1165/1165 1092/1092/1092 
f 1094/1094/1094 1097/1097/1097 1166/1166/1166 
f 1166/1166/1166 1060/1060/1060 1094/1094/1094 
f 1094/1094/1094 1060/1060/1060 1062/1062/1062 
f 1062/1062/1062 1099/1099/1099 1094/1094/1094 
f 1127/1127/1127 1124/1124/1124 1162/1162/1162 
f 1162/1162/1162 1160/1160/1160 1127/1127/1127 
f 1126/1126/1126 1125/1125/1125 1124/1124/1124 
f 1124/1124/1124 1127/1127/1127 1126/1126/1126 
f 1102/1102/1102 1167/1167/1167 1168/1168/1168 
f 1168/1168/1168 1103/1103/1103 1102/1102/1102 
f 1089/1089/1089 1169/1169/1169 1170/1170/1170 
f 1170/1170/1170 1091/1091/1091 1089/1089/1089 
f 1171/1171/1171 1169/1169/1169 1089/1089/1089 
f 1089/1089/1089 1088/1088/1088 1171/1171/1171 
f 1172/1172/1172 1171/1171/1171 1088/1088/1088 
f 1088/1088/1088 1093/1093/1093 1172/1172/1172 
f 1173/1173/1173 1172/1172/1172 1096/1096/1096 
f 1096/1096/1096 1095/1095/1095 1173/1173/1173 
f 1098/1098/1098 1174/1174/1174 1173/1173/1173 
f 1173/1173/1173 1095/1095/1095 1098/1098/1098 
f 1161/1161/1161 1123/1123/1123 1175/1175/1175 
f 1175/1175/1175 1176/1176/1176 1161/1161/1161 
f 1175/1175/1175 1123/1123/1123 1122/1122/1122 
f 1122/1122/1122 1177/1177/1177 1175/1175/1175 
f 1178/1178/1178 1105/1105/1105 1107/1107/1107 
f 1107/1107/1107 1179/1179/1179 1178/1178/1178 
f 1102/1102/1102 1105/1105/1105 1178/1178/1178 
f 1178/1178/1178 1180/1180/1180 1102/1102/1102 
f 1181/1181/1181 1167/1167/1167 1102/1102/1102 
f 1102/1102/1102 1180/1180/1180 1181/1181/1181 
f 1164/1164/1164 1182/1182/1182 1083/1083/1083 
f 1083/1083/1083 1082/1082/1082 1164/1164/1164 
f 1183/1183/1183 1144/1144/1144 1074/1074/1074 
f 1074/1074/1074 1184/1184/1184 1183/1183/1183 
f 1132/1132/1132 1179/1179/1179 1107/1107/1107 
f 1107/1107/1107 1078/1078/1078 1132/1132/1132 
f 1106/1106/1106 1075/1075/1075 1078/1078/1078 
f 1078/1078/1078 1107/1107/1107 1106/1106/1106 
f 1069/1069/1069 1133/1133/1133 1185/1185/1185 
f 1185/1185/1185 1070/1070/1070 1069/1069/1069 
f 1133/1133/1133 1186/1186/1186 1187/1187/1187 
f 1187/1187/1187 1185/1185/1185 1133/1133/1133 
f 1186/1186/1186 1133/1133/1133 1110/1110/1110 
f 1110/1110/1110 1188/1188/1188 1186/1186/1186 
f 1110/1110/1110 1113/1113/1113 1189/1189/1189 
f 1189/1189/1189 1188/1188/1188 1110/1110/1110 
f 1190/1190/1190 1191/1191/1191 1183/1183/1183 
f 1183/1183/1183 1184/1184/1184 1190/1190/1190 
f 1192/1192/1192 1193/1193/1193 1191/1191/1191 
f 1191/1191/1191 1190/1190/1190 1192/1192/1192 
f 1194/1194/1194 1193/1193/1193 1192/1192/1192 
f 1192/1192/1192 1195/1195/1195 1194/1194/1194 
f 1146/1146/1146 1147/1147/1147 1182/1182/1182 
f 1182/1182/1182 1164/1164/1164 1146/1146/1146 
f 1137/1137/1137 1163/1163/1163 1146/1146/1146 
f 1146/1146/1146 1164/1164/1164 1137/1137/1137 
f 1140/1140/1140 1165/1165/1165 1163/1163/1163 
f 1163/1163/1163 1137/1137/1137 1140/1140/1140 
f 1166/1166/1166 1057/1057/1057 1056/1056/1056 
f 1056/1056/1056 1060/1060/1060 1166/1166/1166 
f 1109/1109/1109 1196/1196/1196 1134/1134/1134 
f 1134/1134/1134 1059/1059/1059 1109/1109/1109 
f 1111/1111/1111 1069/1069/1069 1068/1068/1068 
f 1068/1068/1068 1134/1134/1134 1111/1111/1111 
f 1112/1112/1112 1111/1111/1111 1134/1134/1134 
f 1134/1134/1134 1196/1196/1196 1112/1112/1112 
f 1197/1197/1197 1198/1198/1198 1168/1168/1168 
f 1168/1168/1168 1167/1167/1167 1197/1197/1197 
f 1181/1181/1181 1199/1199/1199 1197/1197/1197 
f 1197/1197/1197 1167/1167/1167 1181/1181/1181 
f 1195/1195/1195 1200/1200/1200 1201/1201/1201 
f 1201/1201/1201 1194/1194/1194 1195/1195/1195 
f 1170/1170/1170 1169/1169/1169 1202/1202/1202 
f 1202/1202/1202 1203/1203/1203 1170/1170/1170 
f 1171/1171/1171 1204/1204/1204 1202/1202/1202 
f 1202/1202/1202 1169/1169/1169 1171/1171/1171 
f 1205/1205/1205 1204/1204/1204 1171/1171/1171 
f 1171/1171/1171 1172/1172/1172 1205/1205/1205 
f 1172/1172/1172 1173/1173/1173 1206/1206/1206 
f 1206/1206/1206 1207/1207/1207 1172/1172/1172 
f 1206/1206/1206 1173/1173/1173 1174/1174/1174 
f 1174/1174/1174 1208/1208/1208 1206/1206/1206 
f 1176/1176/1176 1175/1175/1175 1209/1209/1209 
f 1209/1209/1209 1210/1210/1210 1176/1176/1176 
f 1209/1209/1209 1175/1175/1175 1177/1177/1177 
f 1177/1177/1177 1211/1211/1211 1209/1209/1209 
f 1212/1212/1212 1213/1213/1213 1157/1157/1157 
f 1213/1213/1213 1214/1214/1214 1135/1135/1135 
f 1135/1135/1135 1157/1157/1157 1213/1213/1213 
f 1215/1215/1215 1136/1136/1136 1135/1135/1135 
f 1135/1135/1135 1214/1214/1214 1215/1215/1215 
f 1208/1208/1208 1174/1174/1174 1176/1176/1176 
f 1176/1176/1176 1210/1210/1210 1208/1208/1208 
f 1176/1176/1176 1174/1174/1174 1098/1098/1098 
f 1098/1098/1098 1161/1161/1161 1176/1176/1176 
f 1098/1098/1098 1099/1099/1099 1162/1162/1162 
f 1162/1162/1162 1161/1161/1161 1098/1098/1098 
f 1062/1062/1062 1160/1160/1160 1162/1162/1162 
f 1162/1162/1162 1099/1099/1099 1062/1062/1062 
f 1061/1061/1061 1159/1159/1159 1160/1160/1160 
f 1160/1160/1160 1062/1062/1062 1061/1061/1061 
f 1067/1067/1067 1158/1158/1158 1159/1159/1159 
f 1159/1159/1159 1061/1061/1061 1067/1067/1067 
f 1070/1070/1070 1156/1156/1156 1158/1158/1158 
f 1158/1158/1158 1067/1067/1067 1070/1070/1070 
f 1185/1185/1185 1157/1157/1157 1156/1156/1156 
f 1156/1156/1156 1070/1070/1070 1185/1185/1185 
f 1187/1187/1187 1212/1212/1212 1157/1157/1157 
f 1157/1157/1157 1185/1185/1185 1187/1187/1187 
f 1154/1154/1154 1155/1155/1155 1130/1130/1130 
f 1130/1130/1130 1129/1129/1129 1154/1154/1154 
f 1079/1079/1079 1154/1154/1154 1129/1129/1129 
f 1129/1129/1129 1149/1149/1149 1079/1079/1079 
f 1145/1145/1145 1080/1080/1080 1079/1079/1079 
f 1079/1079/1079 1149/1149/1149 1145/1145/1145 
f 1145/1145/1145 1144/1144/1144 1132/1132/1132 
f 1132/1132/1132 1080/1080/1080 1145/1145/1145 
f 1179/1179/1179 1132/1132/1132 1144/1144/1144 
f 1144/1144/1144 1183/1183/1183 1179/1179/1179 
f 1179/1179/1179 1183/1183/1183 1191/1191/1191 
f 1191/1191/1191 1178/1178/1178 1179/1179/1179 
f 1193/1193/1193 1180/1180/1180 1178/1178/1178 
f 1178/1178/1178 1191/1191/1191 1193/1193/1193 
f 1194/1194/1194 1181/1181/1181 1180/1180/1180 
f 1180/1180/1180 1193/1193/1193 1194/1194/1194 
f 1181/1181/1181 1194/1194/1194 1201/1201/1201 
f 1201/1201/1201 1199/1199/1199 1181/1181/1181 
f 1216/1216/1216 1217/1217/1217 1218/1218/1218 
f 1219/1219/1219 1220/1220/1220 1221/1221/1221 
f 1222/1222/1222 1223/1223/1223 1224/1224/1224 
f 1225/1225/1225 1226/1226/1226 1227/1227/1227 
f 1228/1228/1228 1229/1229/1229 1230/1230/1230 
f 1231/1231/1231 1217/1217/1217 1232/1232/1232 
f 1233/1233/1233 1234/1234/1234 1235/1235/1235 
f 1236/1236/1236 1237/1237/1237 1238/1238/1238 
f 1239/1239/1239 1240/1240/1240 1241/1241/1241 
f 1242/1242/1242 1243/1243/1243 1244/1244/1244 
f 1245/1245/1245 1246/1246/1246 1247/1247/1247 
f 1248/1248/1248 1217/1217/1217 1231/1231/1231 
f 1249/1249/1249 1250/1250/1250 1251/1251/1251 
f 1252/1252/1252 1253/1253/1253 1254/1254/1254 
f 1255/1255/1255 1256/1256/1256 1257/1257/1257 
f 1258/1258/1258 1259/1259/1259 1260/1260/1260 
f 1260/1260/1260 1261/1261/1261 1258/1258/1258 
f 1262/1262/1262 1263/1263/1263 1264/1264/1264 
f 1264/1264/1264 1265/1265/1265 1262/1262/1262 
f 1266/1266/1266 1267/1267/1267 1268/1268/1268 
f 1268/1268/1268 1269/1269/1269 1266/1266/1266 
f 1270/1270/1270 1271/1271/1271 1272/1272/1272 
f 1272/1272/1272 1273/1273/1273 1270/1270/1270 
f 1262/1262/1262 1265/1265/1265 1274/1274/1274 
f 1274/1274/1274 1275/1275/1275 1262/1262/1262 
f 1276/1276/1276 1277/1277/1277 1274/1274/1274 
f 1274/1274/1274 1265/1265/1265 1276/1276/1276 
f 1265/1265/1265 1264/1264/1264 1278/1278/1278 
f 1278/1278/1278 1276/1276/1276 1265/1265/1265 
f 1279/1279/1279 1280/1280/1280 1281/1281/1281 
f 1281/1281/1281 1282/1282/1282 1279/1279/1279 
f 1283/1283/1283 1284/1284/1284 1262/1262/1262 
f 1262/1262/1262 1275/1275/1275 1283/1283/1283 
f 1284/1284/1284 1285/1285/1285 1263/1263/1263 
f 1263/1263/1263 1262/1262/1262 1284/1284/1284 
f 1279/1279/1279 1271/1271/1271 1270/1270/1270 
f 1270/1270/1270 1280/1280/1280 1279/1279/1279 
f 1261/1261/1261 1260/1260/1260 1286/1286/1286 
f 1286/1286/1286 1287/1287/1287 1261/1261/1261 
f 1286/1286/1286 1273/1273/1273 1272/1272/1272 
f 1272/1272/1272 1287/1287/1287 1286/1286/1286 
f 1288/1288/1288 1289/1289/1289 1290/1290/1290 
f 1289/1289/1289 1291/1291/1291 1292/1292/1292 
f 1293/1293/1293 1289/1289/1289 1294/1294/1294 
f 1291/1291/1291 1289/1289/1289 1295/1295/1295 
f 1295/1295/1295 1289/1289/1289 1293/1293/1293 
f 1296/1296/1296 1289/1289/1289 1288/1288/1288 
f 1294/1294/1294 1289/1289/1289 1296/1296/1296 
f 1278/1278/1278 1264/1264/1264 1297/1297/1297 
f 1297/1297/1297 1298/1298/1298 1278/1278/1278 
f 1299/1299/1299 1297/1297/1297 1264/1264/1264 
f 1264/1264/1264 1263/1263/1263 1299/1299/1299 
f 1300/1300/1300 1299/1299/1299 1263/1263/1263 
f 1263/1263/1263 1285/1285/1285 1300/1300/1300 
f 1301/1301/1301 1302/1302/1302 1268/1268/1268 
f 1268/1268/1268 1267/1267/1267 1301/1301/1301 
f 1303/1303/1303 1302/1302/1302 1301/1301/1301 
f 1301/1301/1301 1304/1304/1304 1303/1303/1303 
f 1304/1304/1304 1305/1305/1305 1306/1306/1306 
f 1306/1306/1306 1303/1303/1303 1304/1304/1304 
f 1305/1305/1305 1307/1307/1307 1308/1308/1308 
f 1308/1308/1308 1306/1306/1306 1305/1305/1305 
f 1281/1281/1281 1309/1309/1309 1310/1310/1310 
f 1310/1310/1310 1282/1282/1282 1281/1281/1281 
f 1311/1311/1311 1312/1312/1312 1313/1313/1313 
f 1313/1313/1313 1314/1314/1314 1311/1311/1311 
f 1312/1312/1312 1311/1311/1311 1315/1315/1315 
f 1315/1315/1315 1316/1316/1316 1312/1312/1312 
f 1317/1317/1317 1318/1318/1318 1316/1316/1316 
f 1316/1316/1316 1315/1315/1315 1317/1317/1317 
f 1318/1318/1318 1317/1317/1317 1319/1319/1319 
f 1319/1319/1319 1320/1320/1320 1318/1318/1318 
f 1321/1321/1321 1322/1322/1322 1320/1320/1320 
f 1320/1320/1320 1319/1319/1319 1321/1321/1321 
f 1323/1323/1323 1324/1324/1324 1325/1325/1325 
f 1325/1325/1325 1326/1326/1326 1323/1323/1323 
f 1313/1313/1313 1326/1326/1326 1325/1325/1325 
f 1325/1325/1325 1314/1314/1314 1313/1313/1313 
f 1306/1306/1306 1308/1308/1308 1298/1298/1298 
f 1298/1298/1298 1297/1297/1297 1306/1306/1306 
f 1306/1306/1306 1297/1297/1297 1299/1299/1299 
f 1299/1299/1299 1303/1303/1303 1306/1306/1306 
f 1302/1302/1302 1303/1303/1303 1299/1299/1299 
f 1299/1299/1299 1300/1300/1300 1302/1302/1302 
f 1327/1327/1327 1328/1328/1328 1329/1329/1329 
f 1330/1330/1330 1331/1331/1331 1332/1332/1332 
f 1333/1333/1333 1334/1334/1334 1335/1335/1335 
f 1336/1336/1336 1337/1337/1337 1338/1338/1338 
f 1339/1339/1339 1340/1340/1340 1341/1341/1341 
f 1342/1342/1342 1343/1343/1343 1344/1344/1344 
f 1345/1345/1345 1346/1346/1346 1347/1347/1347 
f 1348/1348/1348 1349/1349/1349 1350/1350/1350 
f 1351/1351/1351 1352/1352/1352 1353/1353/1353 
f 1354/1354/1354 1355/1355/1355 1356/1356/1356 
f 1357/1357/1357 1358/1358/1358 1359/1359/1359 
f 1360/1360/1360 1361/1361/1361 1362/1362/1362 
f 1363/1363/1363 1364/1364/1364 1365/1365/1365 
f 1365/1365/1365 1366/1366/1366 1363/1363/1363 
f 1367/1367/1367 1368/1368/1368 1369/1369/1369 
f 1369/1369/1369 1363/1363/1363 1367/1367/1367 
f 1370/1370/1370 1371/1371/1371 1372/1372/1372 
f 1372/1372/1372 1373/1373/1373 1370/1370/1370 
f 1374/1374/1374 1375/1375/1375 1376/1376/1376 
f 1376/1376/1376 1377/1377/1377 1374/1374/1374 
f 1378/1378/1378 1379/1379/1379 1380/1380/1380 
f 1380/1380/1380 1381/1381/1381 1378/1378/1378 
f 1382/1382/1382 1383/1383/1383 1384/1384/1384 
f 1384/1384/1384 1385/1385/1385 1382/1382/1382 
f 1258/1258/1258 1386/1386/1386 1387/1387/1387 
f 1387/1387/1387 1259/1259/1259 1258/1258/1258 
f 1388/1388/1388 1389/1389/1389 1390/1390/1390 
f 1390/1390/1390 1382/1382/1382 1388/1388/1388 
f 1391/1391/1391 1379/1379/1379 1392/1392/1392 
f 1392/1392/1392 1393/1393/1393 1391/1391/1391 
f 1394/1394/1394 1395/1395/1395 1396/1396/1396 
f 1396/1396/1396 1397/1397/1397 1394/1394/1394 
f 1398/1398/1398 1399/1399/1399 1400/1400/1400 
f 1400/1400/1400 1401/1401/1401 1398/1398/1398 
f 1402/1402/1402 1403/1403/1403 1404/1404/1404 
f 1404/1404/1404 1405/1405/1405 1402/1402/1402 
f 1403/1403/1403 1402/1402/1402 1406/1406/1406 
f 1406/1406/1406 1407/1407/1407 1403/1403/1403 
f 1408/1408/1408 1409/1409/1409 1405/1405/1405 
f 1405/1405/1405 1404/1404/1404 1408/1408/1408 
f 1410/1410/1410 1411/1411/1411 1412/1412/1412 
f 1412/1412/1412 1413/1413/1413 1410/1410/1410 
f 1414/1414/1414 1411/1411/1411 1410/1410/1410 
f 1410/1410/1410 1415/1415/1415 1414/1414/1414 
f 1363/1363/1363 1369/1369/1369 1377/1377/1377 
f 1377/1377/1377 1376/1376/1376 1363/1363/1363 
f 1416/1416/1416 1417/1417/1417 1418/1418/1418 
f 1418/1418/1418 1419/1419/1419 1416/1416/1416 
f 1420/1420/1420 1421/1421/1421 1371/1371/1371 
f 1371/1371/1371 1370/1370/1370 1420/1420/1420 
f 1422/1422/1422 1423/1423/1423 1424/1424/1424 
f 1424/1424/1424 1425/1425/1425 1422/1422/1422 
f 1424/1424/1424 1423/1423/1423 1426/1426/1426 
f 1426/1426/1426 1427/1427/1427 1424/1424/1424 
f 1428/1428/1428 1365/1365/1365 1364/1364/1364 
f 1364/1364/1364 1429/1429/1429 1428/1428/1428 
f 1430/1430/1430 1431/1431/1431 1432/1432/1432 
f 1432/1432/1432 1433/1433/1433 1430/1430/1430 
f 1434/1434/1434 1435/1435/1435 1396/1396/1396 
f 1396/1396/1396 1395/1395/1395 1434/1434/1434 
f 1436/1436/1436 1437/1437/1437 1438/1438/1438 
f 1438/1438/1438 1439/1439/1439 1436/1436/1436 
f 1380/1380/1380 1440/1440/1440 1441/1441/1441 
f 1441/1441/1441 1442/1442/1442 1380/1380/1380 
f 1379/1379/1379 1443/1443/1443 1440/1440/1440 
f 1440/1440/1440 1380/1380/1380 1379/1379/1379 
f 1444/1444/1444 1445/1445/1445 1446/1446/1446 
f 1446/1446/1446 1447/1447/1447 1444/1444/1444 
f 1420/1420/1420 1448/1448/1448 1449/1449/1449 
f 1449/1449/1449 1421/1421/1421 1420/1420/1420 
f 1450/1450/1450 1451/1451/1451 1452/1452/1452 
f 1452/1452/1452 1453/1453/1453 1450/1450/1450 
f 1385/1385/1385 1454/1454/1454 1388/1388/1388 
f 1388/1388/1388 1382/1382/1382 1385/1385/1385 
f 1430/1430/1430 1433/1433/1433 1375/1375/1375 
f 1375/1375/1375 1455/1455/1455 1430/1430/1430 
f 1456/1456/1456 1364/1364/1364 1363/1363/1363 
f 1363/1363/1363 1376/1376/1376 1456/1456/1456 
f 1373/1373/1373 1372/1372/1372 1457/1457/1457 
f 1457/1457/1457 1458/1458/1458 1373/1373/1373 
f 1459/1459/1459 1460/1460/1460 1461/1461/1461 
f 1461/1461/1461 1462/1462/1462 1459/1459/1459 
f 1463/1463/1463 1464/1464/1464 1459/1459/1459 
f 1459/1459/1459 1462/1462/1462 1463/1463/1463 
f 1435/1435/1435 1465/1465/1465 1466/1466/1466 
f 1466/1466/1466 1396/1396/1396 1435/1435/1435 
f 1467/1467/1467 1397/1397/1397 1396/1396/1396 
f 1396/1396/1396 1466/1466/1466 1467/1467/1467 
f 1468/1468/1468 1383/1383/1383 1382/1382/1382 
f 1382/1382/1382 1390/1390/1390 1468/1468/1468 
f 1469/1469/1469 1378/1378/1378 1381/1381/1381 
f 1381/1381/1381 1470/1470/1470 1469/1469/1469 
f 1471/1471/1471 1472/1472/1472 1406/1406/1406 
f 1406/1406/1406 1402/1402/1402 1471/1471/1471 
f 1442/1442/1442 1473/1473/1473 1381/1381/1381 
f 1381/1381/1381 1380/1380/1380 1442/1442/1442 
f 1470/1470/1470 1381/1381/1381 1473/1473/1473 
f 1473/1473/1473 1474/1474/1474 1470/1470/1470 
f 1453/1453/1453 1437/1437/1437 1436/1436/1436 
f 1436/1436/1436 1450/1450/1450 1453/1453/1453 
f 1475/1475/1475 1476/1476/1476 1477/1477/1477 
f 1477/1477/1477 1478/1478/1478 1475/1475/1475 
f 1479/1479/1479 1480/1480/1480 1434/1434/1434 
f 1434/1434/1434 1395/1395/1395 1479/1479/1479 
f 1479/1479/1479 1395/1395/1395 1394/1394/1394 
f 1394/1394/1394 1481/1481/1481 1479/1479/1479 
f 1476/1476/1476 1418/1418/1418 1417/1417/1417 
f 1417/1417/1417 1477/1477/1477 1476/1476/1476 
f 1482/1482/1482 1483/1483/1483 1484/1484/1484 
f 1484/1484/1484 1485/1485/1485 1482/1482/1482 
f 1486/1486/1486 1483/1483/1483 1482/1482/1482 
f 1482/1482/1482 1487/1487/1487 1486/1486/1486 
f 1386/1386/1386 1488/1488/1488 1489/1489/1489 
f 1489/1489/1489 1387/1387/1387 1386/1386/1386 
f 1490/1490/1490 1491/1491/1491 1373/1373/1373 
f 1373/1373/1373 1458/1458/1458 1490/1490/1490 
f 1373/1373/1373 1491/1491/1491 1492/1492/1492 
f 1492/1492/1492 1370/1370/1370 1373/1373/1373 
f 1493/1493/1493 1420/1420/1420 1370/1370/1370 
f 1370/1370/1370 1492/1492/1492 1493/1493/1493 
f 1448/1448/1448 1420/1420/1420 1493/1493/1493 
f 1493/1493/1493 1494/1494/1494 1448/1448/1448 
f 1444/1444/1444 1495/1495/1495 1496/1496/1496 
f 1496/1496/1496 1445/1445/1445 1444/1444/1444 
f 1437/1437/1437 1442/1442/1442 1441/1441/1441 
f 1441/1441/1441 1438/1438/1438 1437/1437/1437 
f 1473/1473/1473 1442/1442/1442 1437/1437/1437 
f 1437/1437/1437 1453/1453/1453 1473/1473/1473 
f 1453/1453/1453 1452/1452/1452 1474/1474/1474 
f 1474/1474/1474 1473/1473/1473 1453/1453/1453 
f 1389/1389/1389 1487/1487/1487 1482/1482/1482 
f 1482/1482/1482 1390/1390/1390 1389/1389/1389 
f 1482/1482/1482 1485/1485/1485 1468/1468/1468 
f 1468/1468/1468 1390/1390/1390 1482/1482/1482 
f 1489/1489/1489 1488/1488/1488 1416/1416/1416 
f 1416/1416/1416 1419/1419/1419 1489/1489/1489 
f 1497/1497/1497 1290/1290/1290 1289/1289/1289 
f 1289/1289/1289 1292/1292/1292 1498/1498/1498 
f 1499/1499/1499 1500/1500/1500 1289/1289/1289 
f 1498/1498/1498 1501/1501/1501 1289/1289/1289 
f 1501/1501/1501 1499/1499/1499 1289/1289/1289 
f 1502/1502/1502 1497/1497/1497 1289/1289/1289 
f 1500/1500/1500 1502/1502/1502 1289/1289/1289 
f 1471/1471/1471 1402/1402/1402 1405/1405/1405 
f 1405/1405/1405 1503/1503/1503 1471/1471/1471 
f 1460/1460/1460 1459/1459/1459 1392/1392/1392 
f 1392/1392/1392 1504/1504/1504 1460/1460/1460 
f 1464/1464/1464 1393/1393/1393 1392/1392/1392 
f 1392/1392/1392 1459/1459/1459 1464/1464/1464 
f 1409/1409/1409 1505/1505/1505 1503/1503/1503 
f 1503/1503/1503 1405/1405/1405 1409/1409/1409 
f 1506/1506/1506 1412/1412/1412 1411/1411/1411 
f 1411/1411/1411 1367/1367/1367 1506/1506/1506 
f 1367/1367/1367 1411/1411/1411 1414/1414/1414 
f 1414/1414/1414 1368/1368/1368 1367/1367/1367 
f 1494/1494/1494 1495/1495/1495 1444/1444/1444 
f 1444/1444/1444 1448/1448/1448 1494/1494/1494 
f 1448/1448/1448 1444/1444/1444 1447/1447/1447 
f 1447/1447/1447 1449/1449/1449 1448/1448/1448 
f 1507/1507/1507 1508/1508/1508 1422/1422/1422 
f 1422/1422/1422 1425/1425/1425 1507/1507/1507 
f 1509/1509/1509 1510/1510/1510 1403/1403/1403 
f 1403/1403/1403 1407/1407/1407 1509/1509/1509 
f 1404/1404/1404 1403/1403/1403 1510/1510/1510 
f 1510/1510/1510 1511/1511/1511 1404/1404/1404 
f 1408/1408/1408 1404/1404/1404 1511/1511/1511 
f 1511/1511/1511 1512/1512/1512 1408/1408/1408 
f 1410/1410/1410 1413/1413/1413 1513/1513/1513 
f 1513/1513/1513 1514/1514/1514 1410/1410/1410 
f 1415/1415/1415 1410/1410/1410 1514/1514/1514 
f 1514/1514/1514 1515/1515/1515 1415/1415/1415 
f 1516/1516/1516 1517/1517/1517 1445/1445/1445 
f 1445/1445/1445 1496/1496/1496 1516/1516/1516 
f 1518/1518/1518 1446/1446/1446 1445/1445/1445 
f 1445/1445/1445 1517/1517/1517 1518/1518/1518 
f 1423/1423/1423 1519/1519/1519 1520/1520/1520 
f 1520/1520/1520 1426/1426/1426 1423/1423/1423 
f 1422/1422/1422 1521/1521/1521 1519/1519/1519 
f 1519/1519/1519 1423/1423/1423 1422/1422/1422 
f 1422/1422/1422 1508/1508/1508 1522/1522/1522 
f 1522/1522/1522 1521/1521/1521 1422/1422/1422 
f 1467/1467/1467 1523/1523/1523 1524/1524/1524 
f 1524/1524/1524 1397/1397/1397 1467/1467/1467 
f 1394/1394/1394 1397/1397/1397 1524/1524/1524 
f 1524/1524/1524 1525/1525/1525 1394/1394/1394 
f 1481/1481/1481 1394/1394/1394 1525/1525/1525 
f 1525/1525/1525 1526/1526/1526 1481/1481/1481 
f 1504/1504/1504 1392/1392/1392 1379/1379/1379 
f 1379/1379/1379 1527/1527/1527 1504/1504/1504 
f 1469/1469/1469 1528/1528/1528 1472/1472/1472 
f 1472/1472/1472 1378/1378/1378 1469/1469/1469 
f 1454/1454/1454 1385/1385/1385 1426/1426/1426 
f 1426/1426/1426 1520/1520/1520 1454/1454/1454 
f 1427/1427/1427 1426/1426/1426 1385/1385/1385 
f 1385/1385/1385 1384/1384/1384 1427/1427/1427 
f 1529/1529/1529 1455/1455/1455 1375/1375/1375 
f 1375/1375/1375 1374/1374/1374 1529/1529/1529 
f 1455/1455/1455 1529/1529/1529 1530/1530/1530 
f 1530/1530/1530 1531/1531/1531 1455/1455/1455 
f 1531/1531/1531 1532/1532/1532 1430/1430/1430 
f 1430/1430/1430 1455/1455/1455 1531/1531/1531 
f 1431/1431/1431 1430/1430/1430 1532/1532/1532 
f 1532/1532/1532 1533/1533/1533 1431/1431/1431 
f 1534/1534/1534 1406/1406/1406 1472/1472/1472 
f 1472/1472/1472 1528/1528/1528 1534/1534/1534 
f 1406/1406/1406 1534/1534/1534 1535/1535/1535 
f 1535/1535/1535 1407/1407/1407 1406/1406/1406 
f 1509/1509/1509 1407/1407/1407 1535/1535/1535 
f 1535/1535/1535 1536/1536/1536 1509/1509/1509 
f 1504/1504/1504 1527/1527/1527 1472/1472/1472 
f 1472/1472/1472 1471/1471/1471 1504/1504/1504 
f 1471/1471/1471 1503/1503/1503 1460/1460/1460 
f 1460/1460/1460 1504/1504/1504 1471/1471/1471 
f 1460/1460/1460 1503/1503/1503 1505/1505/1505 
f 1505/1505/1505 1461/1461/1461 1460/1460/1460 
f 1367/1367/1367 1363/1363/1363 1366/1366/1366 
f 1366/1366/1366 1506/1506/1506 1367/1367/1367 
f 1429/1429/1429 1364/1364/1364 1456/1456/1456 
f 1456/1456/1456 1537/1537/1537 1429/1429/1429 
f 1375/1375/1375 1433/1433/1433 1456/1456/1456 
f 1456/1456/1456 1376/1376/1376 1375/1375/1375 
f 1433/1433/1433 1432/1432/1432 1537/1537/1537 
f 1537/1537/1537 1456/1456/1456 1433/1433/1433 
f 1508/1508/1508 1507/1507/1507 1538/1538/1538 
f 1538/1538/1538 1539/1539/1539 1508/1508/1508 
f 1540/1540/1540 1522/1522/1522 1508/1508/1508 
f 1508/1508/1508 1539/1539/1539 1540/1540/1540 
f 1541/1541/1541 1542/1542/1542 1509/1509/1509 
f 1509/1509/1509 1536/1536/1536 1541/1541/1541 
f 1510/1510/1510 1509/1509/1509 1542/1542/1542 
f 1542/1542/1542 1543/1543/1543 1510/1510/1510 
f 1543/1543/1543 1544/1544/1544 1511/1511/1511 
f 1511/1511/1511 1510/1510/1510 1543/1543/1543 
f 1512/1512/1512 1511/1511/1511 1544/1544/1544 
f 1544/1544/1544 1545/1545/1545 1512/1512/1512 
f 1546/1546/1546 1547/1547/1547 1514/1514/1514 
f 1514/1514/1514 1513/1513/1513 1546/1546/1546 
f 1515/1515/1515 1514/1514/1514 1547/1547/1547 
f 1547/1547/1547 1548/1548/1548 1515/1515/1515 
f 1516/1516/1516 1549/1549/1549 1550/1550/1550 
f 1550/1550/1550 1517/1517/1517 1516/1516/1516 
f 1550/1550/1550 1551/1551/1551 1518/1518/1518 
f 1518/1518/1518 1517/1517/1517 1550/1550/1550 
f 1400/1400/1400 1399/1399/1399 1552/1552/1552 
f 1552/1552/1552 1553/1553/1553 1400/1400/1400 
f 1554/1554/1554 1553/1553/1553 1552/1552/1552 
f 1552/1552/1552 1555/1555/1555 1554/1554/1554 
f 1556/1556/1556 1557/1557/1557 1554/1554/1554 
f 1554/1554/1554 1555/1555/1555 1556/1556/1556 
f 1557/1557/1557 1556/1556/1556 1558/1558/1558 
f 1558/1558/1558 1559/1559/1559 1557/1557/1557 
f 1560/1560/1560 1490/1490/1490 1561/1561/1561 
f 1561/1561/1561 1490/1490/1490 1458/1458/1458 
f 1458/1458/1458 1562/1562/1562 1561/1561/1561 
f 1457/1457/1457 1563/1563/1563 1562/1562/1562 
f 1562/1562/1562 1458/1458/1458 1457/1457/1457 
f 1309/1309/1309 1475/1475/1475 1478/1478/1478 
f 1478/1478/1478 1310/1310/1310 1309/1309/1309 
f 1564/1564/1564 1565/1565/1565 1566/1566/1566 
f 1566/1566/1566 1567/1567/1567 1564/1564/1564 
f 1564/1564/1564 1567/1567/1567 1568/1568/1568 
f 1568/1568/1568 1569/1569/1569 1564/1564/1564 
f 1570/1570/1570 1569/1569/1569 1568/1568/1568 
f 1568/1568/1568 1559/1559/1559 1570/1570/1570 
f 1570/1570/1570 1559/1559/1559 1571/1571/1571 
f 1571/1571/1571 1572/1572/1572 1570/1570/1570 
f 1573/1573/1573 1572/1572/1572 1571/1571/1571 
f 1571/1571/1571 1574/1574/1574 1573/1573/1573 
f 1575/1575/1575 1576/1576/1576 1577/1577/1577 
f 1577/1577/1577 1578/1578/1578 1575/1575/1575 
f 1565/1565/1565 1577/1577/1577 1576/1576/1576 
f 1576/1576/1576 1566/1566/1566 1565/1565/1565 
f 1548/1548/1548 1549/1549/1549 1516/1516/1516 
f 1516/1516/1516 1515/1515/1515 1548/1548/1548 
f 1415/1415/1415 1515/1515/1515 1516/1516/1516 
f 1516/1516/1516 1496/1496/1496 1415/1415/1415 
f 1496/1496/1496 1495/1495/1495 1414/1414/1414 
f 1414/1414/1414 1415/1415/1415 1496/1496/1496 
f 1494/1494/1494 1368/1368/1368 1414/1414/1414 
f 1414/1414/1414 1495/1495/1495 1494/1494/1494 
f 1494/1494/1494 1493/1493/1493 1369/1369/1369 
f 1369/1369/1369 1368/1368/1368 1494/1494/1494 
f 1369/1369/1369 1493/1493/1493 1492/1492/1492 
f 1492/1492/1492 1377/1377/1377 1369/1369/1369 
f 1377/1377/1377 1492/1492/1492 1491/1491/1491 
f 1491/1491/1491 1374/1374/1374 1377/1377/1377 
f 1491/1491/1491 1490/1490/1490 1529/1529/1529 
f 1529/1529/1529 1374/1374/1374 1491/1491/1491 
f 1560/1560/1560 1530/1530/1530 1529/1529/1529 
f 1529/1529/1529 1490/1490/1490 1560/1560/1560 
f 1558/1558/1558 1556/1556/1556 1524/1524/1524 
f 1524/1524/1524 1523/1523/1523 1558/1558/1558 
f 1524/1524/1524 1556/1556/1556 1555/1555/1555 
f 1555/1555/1555 1525/1525/1525 1524/1524/1524 
f 1525/1525/1525 1555/1555/1555 1552/1552/1552 
f 1552/1552/1552 1526/1526/1526 1525/1525/1525 
f 1451/1451/1451 1486/1486/1486 1487/1487/1487 
f 1487/1487/1487 1452/1452/1452 1451/1451/1451 
f 1452/1452/1452 1487/1487/1487 1389/1389/1389 
f 1389/1389/1389 1474/1474/1474 1452/1452/1452 
f 1474/1474/1474 1389/1389/1389 1388/1388/1388 
f 1388/1388/1388 1470/1470/1470 1474/1474/1474 
f 1388/1388/1388 1454/1454/1454 1469/1469/1469 
f 1469/1469/1469 1470/1470/1470 1388/1388/1388 
f 1469/1469/1469 1454/1454/1454 1520/1520/1520 
f 1520/1520/1520 1528/1528/1528 1469/1469/1469 
f 1519/1519/1519 1534/1534/1534 1528/1528/1528 
f 1528/1528/1528 1520/1520/1520 1519/1519/1519 
f 1534/1534/1534 1519/1519/1519 1521/1521/1521 
f 1521/1521/1521 1535/1535/1535 1534/1534/1534 
f 1536/1536/1536 1535/1535/1535 1521/1521/1521 
f 1521/1521/1521 1522/1522/1522 1536/1536/1536 
f 1522/1522/1522 1540/1540/1540 1541/1541/1541 
f 1541/1541/1541 1536/1536/1536 1522/1522/1522 
f 1579/1579/1579 1580/1580/1580 1581/1581/1581 
f 1582/1582/1582 1583/1583/1583 1584/1584/1584 
f 1585/1585/1585 1586/1586/1586 1587/1587/1587 
f 1588/1588/1588 1589/1589/1589 1590/1590/1590 
f 1591/1591/1591 1592/1592/1592 1593/1593/1593 
f 1594/1594/1594 1595/1595/1595 1596/1596/1596 
f 1597/1597/1597 1598/1598/1598 1599/1599/1599 
f 1600/1600/1600 1601/1601/1601 1602/1602/1602 
f 1603/1603/1603 1604/1604/1604 1605/1605/1605 
f 1606/1606/1606 1607/1607/1607 1608/1608/1608 
f 1609/1609/1609 1610/1610/1610 1611/1611/1611 
f 1612/1612/1612 1613/1613/1613 1614/1614/1614 
f 1615/1615/1615 1616/1616/1616 1617/1617/1617 
f 1618/1618/1618 1619/1619/1619 1620/1620/1620 
f 1621/1621/1621 1622/1622/1622 1623/1623/1623 
f 1624/1624/1624 1625/1625/1625 1626/1626/1626 
f 1627/1627/1627 1628/1628/1628 1629/1629/1629 
f 1630/1630/1630 1631/1631/1631 1617/1617/1617 
f 1632/1632/1632 1633/1633/1633 1634/1634/1634 
f 1635/1635/1635 1636/1636/1636 1637/1637/1637 
f 1638/1638/1638 1639/1639/1639 1640/1640/1640 
f 1641/1641/1641 1642/1642/1642 1643/1643/1643 
f 1644/1644/1644 1645/1645/1645 1646/1646/1646 
f 1647/1647/1647 1630/1630/1630 1617/1617/1617 
f 1648/1648/1648 1649/1649/1649 1650/1650/1650 
f 1651/1651/1651 1652/1652/1652 1653/1653/1653 
f 1654/1654/1654 1655/1655/1655 1656/1656/1656 
f 1657/1657/1657 1658/1658/1658 1659/1659/1659 
f 1659/1659/1659 1660/1660/1660 1657/1657/1657 
f 1658/1658/1658 1661/1661/1661 1662/1662/1662 
f 1662/1662/1662 1659/1659/1659 1658/1658/1658 
f 1662/1662/1662 1661/1661/1661 1663/1663/1663 
f 1663/1663/1663 1664/1664/1664 1662/1662/1662 
f 1664/1664/1664 1663/1663/1663 1665/1665/1665 
f 1665/1665/1665 1666/1666/1666 1664/1664/1664 
f 1666/1666/1666 1665/1665/1665 1667/1667/1667 
f 1667/1667/1667 1668/1668/1668 1666/1666/1666 
f 1667/1667/1667 1669/1669/1669 1670/1670/1670 
f 1670/1670/1670 1668/1668/1668 1667/1667/1667 
f 1671/1671/1671 1672/1672/1672 1673/1673/1673 
f 1673/1673/1673 1674/1674/1674 1671/1671/1671 
f 1675/1675/1675 1676/1676/1676 1674/1674/1674 
f 1674/1674/1674 1673/1673/1673 1675/1675/1675 
f 1676/1676/1676 1675/1675/1675 1677/1677/1677 
f 1657/1657/1657 1678/1678/1678 1679/1679/1679 
f 1679/1679/1679 1658/1658/1658 1657/1657/1657 
f 1680/1680/1680 1661/1661/1661 1658/1658/1658 
f 1658/1658/1658 1679/1679/1679 1680/1680/1680 
f 1680/1680/1680 1681/1681/1681 1663/1663/1663 
f 1663/1663/1663 1661/1661/1661 1680/1680/1680 
f 1681/1681/1681 1682/1682/1682 1665/1665/1665 
f 1665/1665/1665 1663/1663/1663 1681/1681/1681 
f 1682/1682/1682 1683/1683/1683 1667/1667/1667 
f 1667/1667/1667 1665/1665/1665 1682/1682/1682 
f 1684/1684/1684 1669/1669/1669 1667/1667/1667 
f 1667/1667/1667 1683/1683/1683 1684/1684/1684 
f 1685/1685/1685 1686/1686/1686 1687/1687/1687 
f 1687/1687/1687 1688/1688/1688 1685/1685/1685 
f 1689/1689/1689 1688/1688/1688 1687/1687/1687 
f 1687/1687/1687 1690/1690/1690 1689/1689/1689 
f 1690/1690/1690 1691/1691/1691 1689/1689/1689 

g Davidplayzyt12312

v 552.363 194.559 -531.541 
v 552.358 194.648 -531.542 
v 552.276 194.647 -531.489 
v 552.28 194.558 -531.487 
v 552.175 194.648 -531.461 
v 552.178 194.558 -531.459 
v 551.864 194.558 -531.487 
v 551.965 194.559 -531.452 
v 551.964 194.648 -531.455 
v 551.865 194.647 -531.489 
v 551.782 194.558 -531.541 
v 551.783 194.647 -531.543 
v 551.714 194.646 -531.611 
v 551.712 194.558 -531.61 
v 551.659 194.646 -531.814 
v 551.656 194.558 -531.813 
v 551.714 194.655 -532.03 
v 551.712 194.558 -532.032 
v 552.488 194.558 -531.813 
v 552.489 194.558 -532.032 
v 552.478 194.655 -532.03 
v 552.481 194.646 -531.814 
v 552.426 194.646 -531.611 
v 552.433 194.558 -531.61 
v 552.258 194.837 -532.311 
v 552.244 194.963 -532.242 
v 552.336 194.935 -532.178 
v 552.344 194.798 -532.251 
v 551.723 194.728 -532.39 
v 551.705 194.758 -532.199 
v 551.803 194.818 -532.271 
v 551.788 194.748 -532.439 
v 551.966 194.87 -532.355 
v 551.873 194.852 -532.326 
v 551.887 194.968 -532.242 
v 551.973 194.98 -532.273 
v 552.49 194.558 -532.193 
v 552.454 194.558 -532.36 
v 552.444 194.629 -532.364 
v 552.471 194.657 -532.196 
v 552.378 194.558 -532.514 
v 552.28 194.558 -532.61 
v 552.274 194.651 -532.617 
v 552.368 194.637 -532.513 
v 552.173 194.558 -532.659 
v 552.072 194.558 -532.681 
v 552.07 194.669 -532.691 
v 552.169 194.662 -532.668 
v 551.864 194.558 -532.641 
v 551.866 194.658 -532.648 
v 551.965 194.667 -532.681 
v 551.965 194.558 -532.672 
v 551.768 194.558 -532.545 
v 551.773 194.651 -532.544 
v 551.701 194.647 -532.41 
v 551.69 194.558 -532.406 
v 551.654 194.558 -532.193 
v 551.674 194.663 -532.196 
v 552.068 194.769 -532.668 
v 552.067 194.779 -532.537 
v 552.167 194.765 -532.511 
v 552.162 194.756 -532.644 
v 552.272 194.743 -532.459 
v 552.261 194.735 -532.593 
v 552.354 194.722 -532.396 
v 552.421 194.693 -532.345 
v 552.349 194.709 -532.486 
v 552.454 194.558 -532.36 
v 551.859 194.762 -532.493 
v 551.875 194.749 -532.624 
v 551.788 194.736 -532.516 
v 551.96 194.776 -532.526 
v 551.968 194.765 -532.658 
v 552.441 194.747 -532.199 
v 552.159 194.863 -532.349 
v 552.152 194.978 -532.274 
v 551.816 194.945 -532.182 
v 552.436 194.855 -531.813 
v 552.461 194.725 -531.81 
v 552.453 194.742 -532.033 
v 552.418 194.893 -532.085 
v 551.694 194.855 -531.813 
v 551.748 194.9 -532.085 
v 551.728 194.742 -532.033 
v 551.676 194.725 -531.81 
v 551.743 194.854 -531.619 
v 551.728 194.726 -531.613 
v 551.804 194.856 -531.557 
v 551.794 194.728 -531.547 
v 551.878 194.857 -531.508 
v 551.872 194.728 -531.495 
v 551.967 194.729 -531.462 
v 551.968 194.859 -531.476 
v 552.168 194.729 -531.469 
v 552.265 194.728 -531.495 
v 552.256 194.857 -531.508 
v 552.162 194.859 -531.483 
v 552.328 194.857 -531.556 
v 552.343 194.728 -531.546 
v 552.387 194.854 -531.619 
v 552.408 194.726 -531.613 
v 552.441 194.747 -532.199 
v 552.065 194.986 -532.296 
v 552.066 194.872 -532.362 
v 552.28 194.509 -531.487 
v 552.363 194.51 -531.541 
v 552.178 194.509 -531.459 
v 551.965 194.51 -531.452 
v 551.864 194.509 -531.487 
v 551.782 194.509 -531.541 
v 551.712 194.509 -531.61 
v 551.656 194.509 -531.813 
v 551.768 194.509 -532.545 
v 551.864 194.509 -532.641 
v 551.965 194.509 -532.672 
v 552.072 194.509 -532.681 
v 552.173 194.509 -532.659 
v 552.28 194.509 -532.61 
v 552.378 194.509 -532.514 
v 552.433 194.509 -531.61 
v 552.488 194.509 -531.813 
v 551.654 194.509 -532.193 
v 551.712 194.509 -532.032 
v 552.489 194.509 -532.032 
v 552.49 194.509 -532.193 
v 552.454 194.509 -532.36 
v 551.69 194.509 -532.406 
v 552.054 196.099 -532.361 
v 552.14 196.098 -532.347 
v 552.147 195.845 -532.312 
v 552.07 195.845 -532.325 
v 551.97 195.844 -532.31 
v 551.895 195.843 -532.279 
v 551.879 196.096 -532.31 
v 551.956 196.098 -532.342 
v 551.813 196.09 -532.242 
v 551.834 195.837 -532.22 
v 551.751 196.083 -532.136 
v 551.779 195.829 -532.123 
v 551.739 195.817 -531.97 
v 551.706 196.069 -531.969 
v 551.782 195.805 -531.787 
v 551.753 196.053 -531.779 
v 551.834 195.802 -531.723 
v 551.811 196.048 -531.709 
v 552.227 195.798 -531.671 
v 552.304 195.803 -531.72 
v 552.31 196.049 -531.709 
v 552.23 196.042 -531.654 
v 552.412 195.819 -531.968 
v 552.424 196.069 -531.969 
v 552.376 196.053 -531.779 
v 552.368 195.807 -531.785 
v 552.371 195.831 -532.121 
v 552.378 196.083 -532.136 
v 552.232 196.096 -532.31 
v 552.31 196.09 -532.237 
v 552.306 195.838 -532.213 
v 552.23 195.845 -532.277 
v 552.423 195.267 -531.869 
v 552.39 195.27 -532.085 
v 552.355 195.538 -532.106 
v 552.401 195.56 -531.928 
v 552.244 195.289 -532.226 
v 552.236 195.522 -532.235 
v 552.3 195.53 -532.185 
v 552.322 195.28 -532.17 
v 552.152 195.519 -532.273 
v 552.154 195.293 -532.262 
v 552.069 195.295 -532.279 
v 552.072 195.515 -532.288 
v 551.895 195.291 -532.226 
v 551.908 195.522 -532.235 
v 551.981 195.519 -532.268 
v 551.975 195.294 -532.258 
v 551.827 195.283 -532.174 
v 551.846 195.529 -532.188 
v 551.79 195.538 -532.106 
v 551.764 195.273 -532.085 
v 551.715 195.267 -531.869 
v 551.743 195.56 -531.928 
v 551.763 195.278 -531.699 
v 551.787 195.579 -531.768 
v 551.84 195.586 -531.718 
v 551.82 195.283 -531.644 
v 552.248 195.286 -531.597 
v 552.319 195.283 -531.641 
v 552.305 195.586 -531.714 
v 552.24 195.592 -531.673 
v 552.358 195.579 -531.772 
v 552.376 195.278 -531.701 
v 552.145 196.042 -531.622 
v 552.15 195.798 -531.64 
v 552.158 195.595 -531.644 
v 552.161 195.289 -531.569 
v 551.89 195.286 -531.602 
v 551.976 195.289 -531.565 
v 551.984 195.595 -531.642 
v 551.904 195.592 -531.682 
v 551.965 196.042 -531.615 
v 551.88 196.042 -531.654 
v 551.898 195.797 -531.673 
v 551.981 195.798 -531.634 
v 552.133 196.347 -532.358 
v 552.042 196.348 -532.373 
v 551.941 196.346 -532.353 
v 551.861 196.344 -532.321 
v 551.792 196.338 -532.25 
v 551.679 196.316 -531.972 
v 551.728 196.331 -532.14 
v 551.728 196.296 -531.776 
v 551.788 196.29 -531.706 
v 551.95 196.282 -531.612 
v 551.861 196.283 -531.65 
v 552.14 196.282 -531.618 
v 552.229 196.283 -531.65 
v 552.308 196.29 -531.705 
v 552.423 196.316 -531.972 
v 552.374 196.296 -531.776 
v 552.374 196.331 -532.14 
v 552.229 196.344 -532.321 
v 552.307 196.338 -532.245 
v 551.781 196.578 -532.247 
v 551.853 196.581 -532.316 
v 551.932 196.581 -532.347 
v 552.032 196.582 -532.368 
v 552.12 196.582 -532.352 
v 552.214 196.581 -532.316 
v 552.287 196.578 -532.242 
v 552.351 196.575 -532.14 
v 552.399 196.569 -531.978 
v 552.351 196.56 -531.795 
v 552.289 196.558 -531.727 
v 552.214 196.555 -531.676 
v 552.127 196.555 -531.645 
v 551.853 196.555 -531.676 
v 551.941 196.556 -531.638 
v 551.776 196.558 -531.728 
v 551.712 196.56 -531.795 
v 551.664 196.569 -531.978 
v 551.712 196.575 -532.14 
v 552.233 195.677 -532.26 
v 552.15 195.675 -532.308 
v 552.071 195.673 -532.321 
v 551.976 195.674 -532.304 
v 551.902 195.676 -532.261 
v 551.84 195.677 -532.203 
v 551.785 195.678 -532.114 
v 551.741 195.684 -531.948 
v 551.785 195.688 -531.777 
v 551.837 195.69 -531.721 
v 551.901 195.691 -531.678 
v 551.983 195.692 -531.638 
v 552.234 195.691 -531.672 
v 552.154 195.693 -531.642 
v 552.305 195.691 -531.717 
v 552.363 195.689 -531.778 
v 552.406 195.684 -531.947 
v 552.363 195.679 -532.113 
v 552.303 195.678 -532.199 
v 552.436 195.031 -531.834 
v 552.386 195.035 -531.648 
v 552.326 195.039 -531.586 
v 552.252 195.04 -531.539 
v 552.161 195.042 -531.513 
v 551.971 195.042 -531.507 
v 551.882 195.04 -531.541 
v 551.809 195.038 -531.587 
v 551.748 195.035 -531.647 
v 551.698 195.031 -531.834 
v 551.749 195.059 -532.083 
v 551.815 195.085 -532.176 
v 551.887 195.106 -532.232 
v 551.972 195.112 -532.264 
v 552.067 195.118 -532.286 
v 552.155 195.111 -532.266 
v 552.248 195.102 -532.232 
v 552.336 195.078 -532.172 
v 552.413 195.054 -532.083 
v 552.036 196.554 -531.632 
v 552.047 196.28 -531.604 
v 552.056 196.04 -531.607 
v 552.07 195.797 -531.626 
v 552.071 195.692 -531.629 
v 552.072 195.596 -531.632 
v 552.069 195.29 -531.559 
v 552.067 195.043 -531.504 
v 552.065 194.86 -531.475 
v 552.068 194.728 -531.46 
v 552.07 194.647 -531.451 
v 552.072 194.558 -531.449 
v 552.072 194.509 -531.449 
v 552.308 196.29 -531.705 
v 552.289 196.558 -531.727 
v 552.31 196.049 -531.709 
v 552.304 195.803 -531.72 
v 552.305 195.691 -531.717 
v 552.305 195.586 -531.714 
v 552.319 195.283 -531.641 
v 552.326 195.039 -531.586 
v 552.328 194.857 -531.556 
v 552.343 194.728 -531.546 
v 552.358 194.648 -531.542 
v 552.363 194.559 -531.541 
v 552.363 194.51 -531.541 
v 551.776 196.558 -531.728 
v 551.788 196.29 -531.706 
v 551.811 196.048 -531.709 
v 551.834 195.802 -531.723 
v 551.837 195.69 -531.721 
v 551.84 195.586 -531.718 
v 551.82 195.283 -531.644 
v 551.809 195.038 -531.587 
v 551.804 194.856 -531.557 
v 551.794 194.728 -531.547 
v 551.783 194.647 -531.543 
v 551.782 194.558 -531.541 
v 551.782 194.509 -531.541 
v 552.287 196.578 -532.242 
v 552.214 196.581 -532.316 
v 552.195 196.645 -532.282 
v 552.26 196.643 -532.215 
v 552.032 196.582 -532.368 
v 552.032 196.646 -532.328 
v 552.111 196.646 -532.314 
v 552.12 196.582 -532.352 
v 551.872 196.645 -532.282 
v 551.943 196.646 -532.309 
v 551.932 196.581 -532.347 
v 551.853 196.581 -532.316 
v 551.746 196.64 -532.124 
v 551.807 196.643 -532.22 
v 551.781 196.578 -532.247 
v 551.712 196.575 -532.14 
v 551.664 196.569 -531.978 
v 551.704 196.635 -531.98 
v 551.712 196.56 -531.795 
v 551.749 196.629 -531.817 
v 551.776 196.558 -531.728 
v 551.853 196.555 -531.676 
v 551.874 196.625 -531.713 
v 551.806 196.627 -531.758 
v 551.951 196.625 -531.679 
v 551.941 196.556 -531.638 
v 552.036 196.554 -531.632 
v 552.036 196.624 -531.674 
v 552.116 196.625 -531.685 
v 552.127 196.555 -531.645 
v 552.214 196.555 -531.676 
v 552.193 196.625 -531.713 
v 552.259 196.627 -531.758 
v 552.289 196.558 -531.727 
v 552.351 196.56 -531.795 
v 552.314 196.629 -531.817 
v 552.359 196.635 -531.98 
v 552.399 196.569 -531.978 
v 552.351 196.575 -532.14 
v 552.317 196.64 -532.124 
v 552.155 196.706 -532.212 
v 552.118 196.741 -532.148 
v 552.152 196.74 -532.113 
v 552.204 196.705 -532.162 
v 552.074 196.741 -532.165 
v 552.092 196.707 -532.236 
v 552.032 196.707 -532.247 
v 552.032 196.742 -532.173 
v 551.947 196.741 -532.148 
v 551.984 196.741 -532.163 
v 551.964 196.707 -532.233 
v 551.91 196.706 -532.212 
v 551.88 196.739 -532.065 
v 551.913 196.74 -532.116 
v 551.862 196.705 -532.165 
v 551.816 196.703 -532.093 
v 551.785 196.7 -531.984 
v 551.859 196.736 -531.988 
v 551.821 196.696 -531.863 
v 551.884 196.734 -531.903 
v 551.95 196.733 -531.85 
v 551.914 196.733 -531.873 
v 551.864 196.695 -531.819 
v 551.915 196.694 -531.786 
v 552.034 196.732 -531.829 
v 551.99 196.732 -531.831 
v 551.972 196.693 -531.76 
v 552.035 196.693 -531.757 
v 552.151 196.694 -531.786 
v 552.115 196.733 -531.85 
v 552.075 196.732 -531.835 
v 552.094 196.694 -531.765 
v 552.242 196.696 -531.863 
v 552.179 196.734 -531.903 
v 552.15 196.733 -531.872 
v 552.201 196.695 -531.818 
v 552.277 196.7 -531.984 
v 552.204 196.736 -531.988 
v 552.247 196.703 -532.093 
v 552.182 196.739 -532.065 
v 552.105 196.761 -532.068 
v 552.123 196.76 -532.039 
v 552.084 196.761 -532.09 
v 552.057 196.762 -532.1 
v 552.032 196.762 -532.104 
v 552.003 196.762 -532.099 
v 551.98 196.761 -532.09 
v 551.959 196.761 -532.07 
v 551.939 196.76 -532.039 
v 551.926 196.759 -531.993 
v 551.941 196.757 -531.941 
v 551.959 196.756 -531.922 
v 551.981 196.756 -531.907 
v 552.006 196.756 -531.896 
v 552.033 196.756 -531.895 
v 552.058 196.756 -531.898 
v 552.083 196.756 -531.907 
v 552.104 196.756 -531.921 
v 552.122 196.757 -531.941 
v 552.137 196.759 -531.993 
v 552.031 196.78 -532 
v 552.28 194.509 -531.487 
v 552.072 194.509 -532.065 
v 552.363 194.51 -531.541 
v 552.178 194.509 -531.459 
v 552.072 194.509 -532.065 
v 552.28 194.509 -531.487 
v 551.864 194.509 -531.487 
v 552.072 194.509 -532.065 
v 551.965 194.51 -531.452 
v 551.712 194.509 -531.61 
v 552.072 194.509 -532.065 
v 551.782 194.509 -531.541 
v 551.656 194.509 -531.813 
v 552.072 194.509 -532.065 
v 551.712 194.509 -531.61 
v 551.864 194.509 -532.641 
v 552.072 194.509 -532.065 
v 551.768 194.509 -532.545 
v 551.965 194.509 -532.672 
v 552.072 194.509 -532.065 
v 551.864 194.509 -532.641 
v 552.173 194.509 -532.659 
v 552.072 194.509 -532.065 
v 552.072 194.509 -532.681 
v 552.378 194.509 -532.514 
v 552.072 194.509 -532.065 
v 552.28 194.509 -532.61 
v 552.433 194.509 -531.61 
v 552.072 194.509 -532.065 
v 552.488 194.509 -531.813 
v 551.654 194.509 -532.193 
v 552.072 194.509 -532.065 
v 551.712 194.509 -532.032 
v 552.489 194.509 -532.032 
v 552.072 194.509 -532.065 
v 552.49 194.509 -532.193 
v 552.49 194.509 -532.193 
v 552.072 194.509 -532.065 
v 552.454 194.509 -532.36 
v 551.69 194.509 -532.406 
v 552.072 194.509 -532.065 
v 551.654 194.509 -532.193 
v 551.712 194.509 -532.032 
v 552.072 194.509 -532.065 
v 551.656 194.509 -531.813 
v 552.488 194.509 -531.813 
v 552.072 194.509 -532.065 
v 552.489 194.509 -532.032 
v 552.28 194.509 -532.61 
v 552.072 194.509 -532.065 
v 552.173 194.509 -532.659 
v 552.072 194.509 -532.681 
v 552.072 194.509 -532.065 
v 551.965 194.509 -532.672 
v 552.454 194.509 -532.36 
v 552.072 194.509 -532.065 
v 552.378 194.509 -532.514 
v 551.768 194.509 -532.545 
v 552.072 194.509 -532.065 
v 551.69 194.509 -532.406 
v 551.965 194.51 -531.452 
v 552.072 194.509 -532.065 
v 552.072 194.509 -531.449 
v 552.072 194.509 -531.449 
v 552.072 194.509 -532.065 
v 552.178 194.509 -531.459 
v 552.363 194.51 -531.541 
v 552.072 194.509 -532.065 
v 552.433 194.509 -531.61 
v 551.782 194.509 -531.541 
v 552.072 194.509 -532.065 
v 551.864 194.509 -531.487 

vn 0.629921 0.023622 0.779528 
vn 0.629921 0.102362 0.771654 
vn 0.409449 0.0787402 0.905512 
vn 0.409449 0.015748 0.913386 
vn 0.181102 0.0708661 0.984252 
vn 0.181102 0.015748 0.984252 
vn -0.440945 0.00787402 0.897638 
vn -0.181102 0.00787402 0.984252 
vn -0.181102 0.0629921 0.984252 
vn -0.440945 0.0629921 0.897638 
vn -0.629921 0.00787402 0.779528 
vn -0.629921 0.0708661 0.771654 
vn -0.858268 0.0944882 0.503937 
vn -0.858268 0.015748 0.503937 
vn -0.992126 0.110236 0.015748 
vn -1 0.015748 0.00787402 
vn -0.992126 0.141732 0.00787402 
vn -1 0.0393701 0.0314961 
vn 0.992126 0.0472441 0.133858 
vn 1 0.0629921 0 
vn 0.976378 0.204724 -0.015748 
vn 0.976378 0.165354 0.125984 
vn 0.858268 0.133858 0.496063 
vn 0.866142 0.0314961 0.503937 
vn 0.503937 0.629921 -0.590551 
vn 0.496063 0.259843 -0.826772 
vn 0.677165 0.244094 -0.692913 
vn 0.622047 0.598425 -0.503937 
vn -0.740157 0.622047 -0.251969 
vn -0.897638 0.433071 -0.0944882 
vn -0.637795 0.653543 -0.401575 
vn -0.448819 0.866142 -0.212598 
vn -0.220472 0.740157 -0.637795 
vn -0.472441 0.700787 -0.543307 
vn -0.527559 0.307087 -0.795276 
vn -0.283465 0.330709 -0.897638 
vn 0.992126 0.0787402 -0.102362 
vn 0.944882 0.0708661 -0.330709 
vn 0.913386 0.251969 -0.322835 
vn 0.96063 0.23622 -0.125984 
vn 0.811024 0.0393701 -0.582677 
vn 0.574803 0 -0.818898 
vn 0.606299 0.15748 -0.779528 
vn 0.811024 0.228346 -0.535433 
vn 0.322835 -0.0314961 -0.944882 
vn 0.0708661 -0.0393701 -1 
vn 0.0708661 0.0787402 -0.992126 
vn 0.346457 0.0944882 -0.929134 
vn -0.527559 -0.015748 -0.850394 
vn -0.559055 0.125984 -0.818898 
vn -0.212598 0.0787402 -0.976378 
vn -0.19685 -0.0393701 -0.976378 
vn -0.80315 0.015748 -0.598425 
vn -0.811024 0.173228 -0.559055 
vn -0.929134 0.212598 -0.307087 
vn -0.944882 0.0551181 -0.330709 
vn -0.992126 0.0629921 0.0787402 
vn -0.976378 0.204724 0.0472441 
vn 0.0787402 0.76378 -0.645669 
vn 0.0629921 0.952756 -0.283465 
vn 0.251969 0.92126 -0.283465 
vn 0.338583 0.740157 -0.582677 
vn 0.401575 0.874016 -0.267717 
vn 0.519685 0.716535 -0.464567 
vn 0.496063 0.826772 -0.251969 
vn 0.732283 0.614173 -0.291339 
vn 0.653543 0.677165 -0.330709 
vn 0.944882 0.0708661 -0.330709 
vn -0.330709 0.905512 -0.259843 
vn -0.464567 0.716535 -0.511811 
vn -0.637795 0.677165 -0.370079 
vn -0.149606 0.944882 -0.283465 
vn -0.212598 0.748031 -0.629921 
vn 0.866142 0.425197 -0.267717 
vn 0.307087 0.685039 -0.653543 
vn 0.307087 0.291339 -0.905512 
vn -0.748031 0.267717 -0.614173 
vn 0.992126 0.110236 0.102362 
vn 0.968504 0.220472 0.11811 
vn 0.968504 0.244094 -0.0393701 
vn 0.937008 0.19685 -0.299213 
vn -1 0.0708661 0.023622 
vn -0.952756 0.165354 -0.267717 
vn -0.984252 0.173228 -0.015748 
vn -0.992126 0.149606 0.023622 
vn -0.866142 0.110236 0.488189 
vn -0.858268 0.149606 0.488189 
vn -0.629921 0.125984 0.76378 
vn -0.629921 0.11811 0.76378 
vn -0.448819 0.133858 0.88189 
vn -0.440945 0.110236 0.889764 
vn -0.173228 0.102362 0.976378 
vn -0.181102 0.141732 0.976378 
vn 0.173228 0.110236 0.976378 
vn 0.409449 0.125984 0.905512 
vn 0.409449 0.141732 0.897638 
vn 0.181102 0.141732 0.976378 
vn 0.637795 0.133858 0.76378 
vn 0.629921 0.149606 0.76378 
vn 0.866142 0.125984 0.480315 
vn 0.858268 0.188976 0.480315 
vn 0.866142 0.425197 -0.267717 
vn 0.015748 0.314961 -0.944882 
vn 0.0551181 0.732283 -0.677165 
vn 0.409449 0 0.913386 
vn 0.629921 0 0.779528 
vn 0.181102 0 0.984252 
vn -0.181102 0 0.984252 
vn -0.440945 0 0.897638 
vn -0.629921 0 0.779528 
vn -0.858268 0 0.511811 
vn -1 0 0.00787402 
vn -0.795276 0 -0.606299 
vn -0.519685 0 -0.850394 
vn -0.188976 0 -0.984252 
vn 0.0708661 0 -1 
vn 0.314961 0 -0.952756 
vn 0.566929 0 -0.826772 
vn 0.811024 0 -0.590551 
vn 0.866142 0 0.503937 
vn 0.992126 0 0.133858 
vn -0.992126 0 0.0866142 
vn -1 0 0.0472441 
vn 1 0 0.00787402 
vn 0.992126 0 -0.102362 
vn 0.944882 0 -0.330709 
vn -0.944882 0 -0.330709 
vn -0.00787402 -0.0944882 -0.992126 
vn 0.267717 -0.0787402 -0.96063 
vn 0.291339 -0.0787402 -0.952756 
vn 0 -0.0787402 -1 
vn -0.291339 -0.0944882 -0.952756 
vn -0.559055 -0.110236 -0.818898 
vn -0.551181 -0.102362 -0.826772 
vn -0.283465 -0.102362 -0.952756 
vn -0.787402 -0.102362 -0.606299 
vn -0.779528 -0.102362 -0.614173 
vn -0.913386 -0.110236 -0.393701 
vn -0.913386 -0.0944882 -0.385827 
vn -1 -0.0708661 -0.015748 
vn -0.992126 -0.11811 -0.023622 
vn -0.889764 -0.0551181 0.448819 
vn -0.889764 -0.110236 0.440945 
vn -0.692913 -0.0551181 0.724409 
vn -0.692913 -0.0944882 0.708661 
vn 0.456693 -0.023622 0.889764 
vn 0.637795 -0.015748 0.771654 
vn 0.645669 -0.0314961 0.76378 
vn 0.464567 -0.0393701 0.889764 
vn 1 -0.0472441 -0.015748 
vn 1 -0.015748 -0.015748 
vn 0.874016 -0.023622 0.480315 
vn 0.874016 -0.023622 0.480315 
vn 0.905512 -0.0629921 -0.425197 
vn 0.905512 -0.023622 -0.417323 
vn 0.535433 -0.0708661 -0.84252 
vn 0.755906 -0.0472441 -0.653543 
vn 0.740157 -0.0708661 -0.669291 
vn 0.535433 -0.0866142 -0.834646 
vn 0.992126 0.0866142 0.0472441 
vn 0.913386 0.0629921 -0.401575 
vn 0.913386 -0.00787402 -0.409449 
vn 1 0.0314961 0.015748 
vn 0.488189 0.00787402 -0.874016 
vn 0.527559 -0.0708661 -0.850394 
vn 0.724409 -0.0314961 -0.685039 
vn 0.692913 0.0393701 -0.716535 
vn 0.307087 -0.110236 -0.944882 
vn 0.291339 -0.00787402 -0.96063 
vn -0.00787402 0 -1 
vn -0.00787402 -0.125984 -0.992126 
vn -0.503937 0.015748 -0.866142 
vn -0.535433 -0.0866142 -0.84252 
vn -0.314961 -0.11811 -0.937008 
vn -0.299213 0.00787402 -0.952756 
vn -0.724409 0.0314961 -0.685039 
vn -0.740157 -0.0393701 -0.669291 
vn -0.913386 -0.00787402 -0.409449 
vn -0.913386 0.0472441 -0.401575 
vn -0.992126 0.0944882 0.015748 
vn -1 0.0393701 0.00787402 
vn -0.850394 0.173228 0.496063 
vn -0.866142 0.102362 0.496063 
vn -0.614173 0.11811 0.779528 
vn -0.598425 0.220472 0.771654 
vn 0.417323 0.220472 0.88189 
vn 0.629921 0.19685 0.748031 
vn 0.637795 0.11811 0.76378 
vn 0.440945 0.11811 0.889764 
vn 0.874016 0.0787402 0.480315 
vn 0.866142 0.149606 0.480315 
vn 0.259843 -0.0393701 0.968504 
vn 0.267717 -0.0393701 0.96063 
vn 0.23622 0.110236 0.968504 
vn 0.204724 0.228346 0.952756 
vn -0.448819 0.228346 0.858268 
vn -0.23622 0.23622 0.944882 
vn -0.267717 0.102362 0.96063 
vn -0.472441 0.102362 0.874016 
vn -0.251969 -0.0629921 0.968504 
vn -0.519685 -0.0787402 0.850394 
vn -0.519685 -0.0708661 0.850394 
vn -0.259843 -0.0629921 0.96063 
vn 0.267717 0 -0.96063 
vn -0.015748 -0.015748 -1 
vn -0.283465 -0.023622 -0.96063 
vn -0.551181 -0.0393701 -0.834646 
vn -0.787402 -0.0629921 -0.614173 
vn -1 -0.0787402 -0.023622 
vn -0.913386 -0.0787402 -0.401575 
vn -0.88189 -0.0551181 0.464567 
vn -0.677165 -0.023622 0.732283 
vn -0.244094 0.023622 0.968504 
vn -0.503937 0 0.866142 
vn 0.251969 0.0472441 0.968504 
vn 0.456693 0.0472441 0.889764 
vn 0.653543 0.0551181 0.755906 
vn 1 0.0551181 -0.015748 
vn 0.874016 0.0551181 0.480315 
vn 0.913386 0.0472441 -0.409449 
vn 0.543307 0.015748 -0.84252 
vn 0.771654 0.0314961 -0.629921 
vn -0.755906 0.244094 -0.606299 
vn -0.527559 0.267717 -0.811024 
vn -0.275591 0.275591 -0.92126 
vn -0.015748 0.283465 -0.96063 
vn 0.259843 0.291339 -0.92126 
vn 0.527559 0.299213 -0.795276 
vn 0.748031 0.291339 -0.590551 
vn 0.874016 0.299213 -0.385827 
vn 0.944882 0.314961 0 
vn 0.826772 0.330709 0.464567 
vn 0.614173 0.322835 0.724409 
vn 0.425197 0.322835 0.84252 
vn 0.228346 0.322835 0.92126 
vn -0.464567 0.299213 0.834646 
vn -0.220472 0.314961 0.92126 
vn -0.622047 0.283465 0.732283 
vn -0.84252 0.267717 0.472441 
vn -0.968504 0.244094 -0.00787402 
vn -0.889764 0.228346 -0.393701 
vn 0.551181 -0.0944882 -0.826772 
vn 0.314961 -0.110236 -0.944882 
vn -0.00787402 -0.11811 -0.992126 
vn -0.322835 -0.133858 -0.937008 
vn -0.559055 -0.125984 -0.818898 
vn -0.76378 -0.0944882 -0.637795 
vn -0.913386 -0.0629921 -0.393701 
vn -1 -0.023622 0 
vn -0.88189 0.015748 0.480315 
vn -0.653543 0 0.755906 
vn -0.496063 -0.0393701 0.866142 
vn -0.275591 -0.0393701 0.96063 
vn 0.448819 0.015748 0.889764 
vn 0.251969 -0.00787402 0.968504 
vn 0.637795 0.023622 0.771654 
vn 0.874016 0 0.488189 
vn 1 -0.0472441 0 
vn 0.905512 -0.0708661 -0.417323 
vn 0.740157 -0.0787402 -0.669291 
vn 0.992126 0.0551181 0.0787402 
vn 0.866142 0.110236 0.480315 
vn 0.629921 0.15748 0.76378 
vn 0.409449 0.181102 0.889764 
vn 0.188976 0.188976 0.96063 
vn -0.204724 0.19685 0.96063 
vn -0.448819 0.19685 0.874016 
vn -0.614173 0.173228 0.771654 
vn -0.858268 0.125984 0.496063 
vn -1 0.0551181 0.023622 
vn -0.92126 0.0314961 -0.393701 
vn -0.732283 0.0393701 -0.677165 
vn -0.496063 0.0472441 -0.866142 
vn -0.291339 0.0551181 -0.952756 
vn 0 0.0472441 -1 
vn 0.291339 0.0472441 -0.952756 
vn 0.464567 0.0393701 -0.88189 
vn 0.677165 0.0472441 -0.732283 
vn 0.92126 0.0472441 -0.385827 
vn 0.0393701 0.314961 0.944882 
vn 0.0393701 0.0472441 1 
vn 0.0393701 -0.0472441 1 
vn 0.0393701 -0.0551181 1 
vn 0.023622 -0.023622 1 
vn 0.015748 0.102362 0.992126 
vn 0.023622 0.228346 0.976378 
vn 0.0314961 0.188976 0.984252 
vn 0.0314961 0.133858 0.992126 
vn 0.0314961 0.102362 0.992126 
vn 0.0314961 0.0629921 1 
vn 0.0314961 0.015748 1 
vn 0.0314961 0 1 
vn 0.653543 0.0551181 0.755906 
vn 0.614173 0.322835 0.724409 
vn 0.645669 -0.0314961 0.76378 
vn 0.637795 -0.015748 0.771654 
vn 0.637795 0.023622 0.771654 
vn 0.637795 0.11811 0.76378 
vn 0.629921 0.19685 0.748031 
vn 0.629921 0.15748 0.76378 
vn 0.637795 0.133858 0.76378 
vn 0.629921 0.149606 0.76378 
vn 0.629921 0.102362 0.771654 
vn 0.629921 0.023622 0.779528 
vn 0.629921 0 0.779528 
vn -0.622047 0.283465 0.732283 
vn -0.677165 -0.023622 0.732283 
vn -0.692913 -0.0944882 0.708661 
vn -0.692913 -0.0551181 0.724409 
vn -0.653543 0 0.755906 
vn -0.614173 0.11811 0.779528 
vn -0.598425 0.220472 0.771654 
vn -0.614173 0.173228 0.771654 
vn -0.629921 0.125984 0.76378 
vn -0.629921 0.11811 0.76378 
vn -0.629921 0.0708661 0.771654 
vn -0.629921 0.00787402 0.779528 
vn -0.629921 0 0.779528 
vn 0.748031 0.291339 -0.590551 
vn 0.527559 0.299213 -0.795276 
vn 0.417323 0.669291 -0.614173 
vn 0.606299 0.653543 -0.456693 
vn -0.015748 0.283465 -0.96063 
vn -0.00787402 0.677165 -0.740157 
vn 0.204724 0.669291 -0.716535 
vn 0.259843 0.291339 -0.92126 
vn -0.409449 0.669291 -0.622047 
vn -0.220472 0.669291 -0.716535 
vn -0.275591 0.275591 -0.92126 
vn -0.527559 0.267717 -0.811024 
vn -0.700787 0.645669 -0.299213 
vn -0.598425 0.653543 -0.472441 
vn -0.755906 0.244094 -0.606299 
vn -0.889764 0.228346 -0.393701 
vn -0.968504 0.244094 -0.00787402 
vn -0.748031 0.661417 0.015748 
vn -0.84252 0.267717 0.472441 
vn -0.637795 0.669291 0.385827 
vn -0.622047 0.283465 0.732283 
vn -0.464567 0.299213 0.834646 
vn -0.354331 0.653543 0.669291 
vn -0.472441 0.661417 0.590551 
vn -0.173228 0.653543 0.732283 
vn -0.220472 0.314961 0.92126 
vn 0.0393701 0.314961 0.944882 
vn 0.0314961 0.653543 0.755906 
vn 0.181102 0.653543 0.740157 
vn 0.228346 0.322835 0.92126 
vn 0.425197 0.322835 0.84252 
vn 0.330709 0.653543 0.677165 
vn 0.480315 0.661417 0.582677 
vn 0.614173 0.322835 0.724409 
vn 0.826772 0.330709 0.464567 
vn 0.645669 0.669291 0.377953 
vn 0.748031 0.661417 0.015748 
vn 0.944882 0.314961 0 
vn 0.874016 0.299213 -0.385827 
vn 0.700787 0.645669 -0.291339 
vn 0.299213 0.850394 -0.425197 
vn 0.212598 0.929134 -0.291339 
vn 0.307087 0.929134 -0.220472 
vn 0.433071 0.84252 -0.314961 
vn 0.102362 0.937008 -0.346457 
vn 0.149606 0.850394 -0.496063 
vn -0.00787402 0.858268 -0.511811 
vn -0.00787402 0.937008 -0.354331 
vn -0.204724 0.929134 -0.299213 
vn -0.110236 0.929134 -0.346457 
vn -0.15748 0.850394 -0.496063 
vn -0.291339 0.850394 -0.433071 
vn -0.362205 0.92126 -0.133858 
vn -0.307087 0.929134 -0.220472 
vn -0.433071 0.84252 -0.330709 
vn -0.503937 0.834646 -0.204724 
vn -0.535433 0.84252 0.023622 
vn -0.377953 0.92126 0.023622 
vn -0.456693 0.84252 0.291339 
vn -0.322835 0.92126 0.212598 
vn -0.181102 0.913386 0.362205 
vn -0.23622 0.92126 0.314961 
vn -0.338583 0.834646 0.433071 
vn -0.259843 0.834646 0.496063 
vn 0.015748 0.913386 0.409449 
vn -0.0866142 0.913386 0.393701 
vn -0.125984 0.834646 0.535433 
vn 0.023622 0.826772 0.559055 
vn 0.23622 0.834646 0.503937 
vn 0.173228 0.913386 0.362205 
vn 0.0944882 0.913386 0.393701 
vn 0.133858 0.826772 0.543307 
vn 0.456693 0.84252 0.283465 
vn 0.322835 0.92126 0.204724 
vn 0.23622 0.92126 0.314961 
vn 0.338583 0.834646 0.425197 
vn 0.535433 0.84252 0.023622 
vn 0.377953 0.92126 0.023622 
vn 0.511811 0.834646 -0.19685 
vn 0.362205 0.92126 -0.133858 
vn 0.212598 0.968504 -0.133858 
vn 0.244094 0.968504 -0.0787402 
vn 0.141732 0.968504 -0.188976 
vn 0.0708661 0.976378 -0.220472 
vn 0 0.976378 -0.228346 
vn -0.0708661 0.968504 -0.220472 
vn -0.141732 0.968504 -0.188976 
vn -0.204724 0.968504 -0.141732 
vn -0.244094 0.968504 -0.0787402 
vn -0.251969 0.968504 0.0314961 
vn -0.212598 0.96063 0.149606 
vn -0.15748 0.96063 0.220472 
vn -0.125984 0.96063 0.251969 
vn -0.0629921 0.96063 0.275591 
vn 0.00787402 0.96063 0.283465 
vn 0.0629921 0.96063 0.275591 
vn 0.110236 0.96063 0.251969 
vn 0.165354 0.96063 0.220472 
vn 0.220472 0.968504 0.149606 
vn 0.251969 0.968504 0.0314961 
vn 0 1 0.0314961 
vn 0.00787402 -1 0 
vn 0.00787402 -1 0 
vn 0.00787402 -1 0 
vn -0.00787402 -1 0 
vn -0.00787402 -1 0 
vn -0.00787402 -1 0 
vn 0.00787402 -1 0 
vn 0.00787402 -1 0 
vn 0.00787402 -1 0 
vn 0.00787402 -1 0 
vn 0.00787402 -1 0 
vn 0.00787402 -1 0 
vn 0 -1 0 
vn 0 -1 0 
vn 0 -1 0 
vn 0 -1 0 
vn 0 -1 0 
vn 0 -1 0 
vn 0 -1 0 
vn 0 -1 0 
vn 0 -1 0 
vn 0 -1 0 
vn 0 -1 0 
vn 0 -1 0 
vn 0 -1 0 
vn 0 -1 0 
vn 0 -1 0 
vn 0 -1 0 
vn 0 -1 0 
vn 0 -1 0 
vn 0 -1 0 
vn 0 -1 0 
vn 0 -1 0 
vn 0 -1 0 
vn 0 -1 0 
vn 0 -1 0 
vn 0 -1 0 
vn 0 -1 0 
vn 0 -1 0 
vn 0 -1 0 
vn 0 -1 0 
vn 0 -1 0 
vn 0 -1 0 
vn 0 -1 0 
vn 0 -1 0 
vn 0 -1 0 
vn 0 -1 0 
vn 0 -1 0 
vn 0 -1 0 
vn 0 -1 0 
vn 0 -1 0 
vn 0 -1 0 
vn 0 -1 0 
vn 0 -1 0 
vn 0 -1 0 
vn 0 -1 0 
vn 0 -1 0 
vn 0 -1 0 
vn 0 -1 0 
vn 0 -1 0 
vn -0.00787402 -1 0 
vn -0.00787402 -1 0 
vn -0.00787402 -1 0 
vn 0.00787402 -1 0 
vn 0.00787402 -1 0 
vn 0.00787402 -1 0 
vn -0.00787402 -1 0.00787402 
vn -0.00787402 -1 0.00787402 
vn -0.00787402 -1 0.00787402 
vn -0.00787402 -1 0 
vn -0.00787402 -1 0 
vn -0.00787402 -1 0 

vt 0.464649 0.750078 
vt 0.469814 0.750078 
vt 0.469508 0.76995 
vt 0.464649 0.76995 
vt 0.469418 0.791152 
vt 0.464649 0.791152 
vt 0.464649 0.855401 
vt 0.464649 0.83414 
vt 0.469517 0.83414 
vt 0.469726 0.855401 
vt 0.464649 0.377185 
vt 0.469726 0.377185 
vt 0.469726 0.394399 
vt 0.464649 0.394399 
vt 0.469726 0.446287 
vt 0.464649 0.446287 
vt 0.469843 0.469572 
vt 0.464649 0.469572 
vt 0.464649 0.681218 
vt 0.464649 0.654301 
vt 0.469843 0.654301 
vt 0.469782 0.681214 
vt 0.469684 0.731464 
vt 0.464649 0.731463 
vt 0.484225 0.599201 
vt 0.490022 0.598231 
vt 0.490022 0.615677 
vt 0.484225 0.615793 
vt 0.474318 0.492788 
vt 0.479262 0.487771 
vt 0.484225 0.509632 
vt 0.478766 0.513051 
vt 0.484225 0.546508 
vt 0.484225 0.529743 
vt 0.490022 0.529927 
vt 0.490022 0.546469 
vt 0.464649 0.643354 
vt 0.464649 0.631858 
vt 0.469843 0.631858 
vt 0.469843 0.643398 
vt 0.464649 0.617141 
vt 0.464649 0.601302 
vt 0.469843 0.598251 
vt 0.469843 0.61591 
vt 0.464649 0.584279 
vt 0.464649 0.564506 
vt 0.469843 0.563613 
vt 0.469843 0.582017 
vt 0.464649 0.529142 
vt 0.469843 0.530423 
vt 0.469843 0.546752 
vt 0.464649 0.546231 
vt 0.464649 0.504757 
vt 0.469843 0.508031 
vt 0.469843 0.492788 
vt 0.464649 0.492788 
vt 0.464649 0.479315 
vt 0.469843 0.479315 
vt 0.474318 0.563204 
vt 0.478766 0.563536 
vt 0.478766 0.581602 
vt 0.474318 0.579447 
vt 0.478766 0.597786 
vt 0.474318 0.593609 
vt 0.478766 0.614701 
vt 0.474318 0.631858 
vt 0.474318 0.613451 
vt 0.464649 0.631859 
vt 0.478766 0.530729 
vt 0.474318 0.53267 
vt 0.474318 0.515827 
vt 0.478766 0.546933 
vt 0.474318 0.547667 
vt 0.479262 0.641618 
vt 0.484225 0.582429 
vt 0.490022 0.582158 
vt 0.490022 0.509538 
vt 0.485335 0.681196 
vt 0.473449 0.681201 
vt 0.474605 0.654301 
vt 0.488584 0.62963 
vt 0.485297 0.446287 
vt 0.489054 0.492458 
vt 0.473807 0.469572 
vt 0.473377 0.446287 
vt 0.485297 0.394399 
vt 0.473377 0.394399 
vt 0.485297 0.377185 
vt 0.473377 0.377185 
vt 0.485297 0.855401 
vt 0.473377 0.855401 
vt 0.473155 0.83414 
vt 0.485297 0.83414 
vt 0.473074 0.791152 
vt 0.473178 0.76995 
vt 0.485114 0.76995 
vt 0.485089 0.791152 
vt 0.485371 0.750079 
vt 0.47349 0.750078 
vt 0.485156 0.731471 
vt 0.47333 0.731469 
vt 0.479262 0.641617 
vt 0.490022 0.563359 
vt 0.484225 0.563507 
vt 0.463071 0.76995 
vt 0.463071 0.750078 
vt 0.463071 0.791152 
vt 0.463071 0.83414 
vt 0.463071 0.855401 
vt 0.463071 0.377185 
vt 0.463071 0.394399 
vt 0.463071 0.446287 
vt 0.463071 0.503255 
vt 0.463071 0.528625 
vt 0.463071 0.546066 
vt 0.463071 0.564708 
vt 0.463071 0.584981 
vt 0.463071 0.602502 
vt 0.463071 0.619804 
vt 0.463071 0.731464 
vt 0.463071 0.681219 
vt 0.463071 0.479315 
vt 0.463071 0.469572 
vt 0.463071 0.654301 
vt 0.463071 0.642911 
vt 0.463071 0.631858 
vt 0.463071 0.492788 
vt 0.533895 0.562437 
vt 0.533895 0.581165 
vt 0.521932 0.581831 
vt 0.521932 0.564562 
vt 0.521932 0.546567 
vt 0.521932 0.530546 
vt 0.533895 0.530022 
vt 0.533895 0.546204 
vt 0.533895 0.509645 
vt 0.521932 0.51168 
vt 0.533895 0.492458 
vt 0.521932 0.492458 
vt 0.521932 0.446287 
vt 0.533895 0.446287 
vt 0.521932 0.394399 
vt 0.533924 0.394399 
vt 0.521932 0.377185 
vt 0.533924 0.377185 
vt 0.521932 0.76995 
vt 0.521932 0.750079 
vt 0.53327 0.750079 
vt 0.533511 0.76995 
vt 0.521932 0.681367 
vt 0.533895 0.681362 
vt 0.532967 0.731357 
vt 0.521932 0.731348 
vt 0.521932 0.62963 
vt 0.533895 0.62963 
vt 0.533895 0.597334 
vt 0.533895 0.615185 
vt 0.521932 0.614931 
vt 0.521932 0.597321 
vt 0.502159 0.681251 
vt 0.502159 0.62963 
vt 0.511102 0.62963 
vt 0.511102 0.681317 
vt 0.502159 0.596415 
vt 0.511102 0.598204 
vt 0.511102 0.614695 
vt 0.502159 0.614063 
vt 0.511102 0.582237 
vt 0.502159 0.581316 
vt 0.502159 0.564082 
vt 0.511102 0.564454 
vt 0.502159 0.531443 
vt 0.511102 0.530744 
vt 0.511102 0.546744 
vt 0.502159 0.547089 
vt 0.502159 0.514573 
vt 0.511102 0.512645 
vt 0.511102 0.492458 
vt 0.502159 0.492458 
vt 0.502159 0.446287 
vt 0.511102 0.446287 
vt 0.502159 0.394399 
vt 0.511102 0.394399 
vt 0.511102 0.377185 
vt 0.502159 0.377185 
vt 0.502159 0.76995 
vt 0.502159 0.750079 
vt 0.511102 0.750079 
vt 0.511102 0.76995 
vt 0.511102 0.731359 
vt 0.502159 0.731408 
vt 0.533491 0.791152 
vt 0.521932 0.791152 
vt 0.511102 0.791152 
vt 0.502159 0.791152 
vt 0.502159 0.855401 
vt 0.502159 0.83414 
vt 0.511102 0.83414 
vt 0.511102 0.855401 
vt 0.533719 0.83414 
vt 0.533924 0.855401 
vt 0.521932 0.855401 
vt 0.521932 0.83414 
vt 0.544229 0.580871 
vt 0.544229 0.561156 
vt 0.544229 0.545711 
vt 0.544229 0.529243 
vt 0.544229 0.507578 
vt 0.544229 0.446287 
vt 0.544229 0.492458 
vt 0.544797 0.394399 
vt 0.544797 0.377185 
vt 0.544797 0.83414 
vt 0.544797 0.855401 
vt 0.544407 0.791152 
vt 0.544397 0.76995 
vt 0.544127 0.750079 
vt 0.544229 0.681356 
vt 0.543768 0.731365 
vt 0.544229 0.62963 
vt 0.544229 0.597484 
vt 0.544229 0.61532 
vt 0.556418 0.506297 
vt 0.556418 0.528788 
vt 0.556418 0.545375 
vt 0.556418 0.560095 
vt 0.556418 0.580199 
vt 0.556418 0.596782 
vt 0.556418 0.614963 
vt 0.556418 0.62963 
vt 0.556418 0.68135 
vt 0.556418 0.731361 
vt 0.556418 0.750079 
vt 0.556418 0.76995 
vt 0.556418 0.791152 
vt 0.556418 0.855401 
vt 0.556418 0.83414 
vt 0.556418 0.377185 
vt 0.556418 0.394399 
vt 0.556418 0.446287 
vt 0.556418 0.492458 
vt 0.516668 0.597655 
vt 0.516668 0.581706 
vt 0.516668 0.564473 
vt 0.516668 0.546823 
vt 0.516668 0.530719 
vt 0.516668 0.512184 
vt 0.516668 0.492458 
vt 0.516668 0.446287 
vt 0.516668 0.394399 
vt 0.516668 0.377185 
vt 0.516668 0.855401 
vt 0.516668 0.83414 
vt 0.516668 0.76995 
vt 0.516668 0.791152 
vt 0.517286 0.750079 
vt 0.516668 0.731353 
vt 0.516668 0.68134 
vt 0.516668 0.62963 
vt 0.516668 0.614808 
vt 0.49322 0.681217 
vt 0.493199 0.731448 
vt 0.493633 0.750079 
vt 0.493547 0.76995 
vt 0.493537 0.791152 
vt 0.493745 0.83414 
vt 0.493745 0.855401 
vt 0.493745 0.377185 
vt 0.493745 0.394399 
vt 0.493745 0.446287 
vt 0.49631 0.492458 
vt 0.496458 0.512178 
vt 0.496458 0.530722 
vt 0.496458 0.546798 
vt 0.496458 0.563615 
vt 0.496458 0.581654 
vt 0.496458 0.597251 
vt 0.496458 0.614882 
vt 0.495994 0.62963 
vt 0.556418 0.813678 
vt 0.544382 0.813674 
vt 0.533481 0.813669 
vt 0.521932 0.813659 
vt 0.516668 0.81366 
vt 0.511102 0.813662 
vt 0.502159 0.813671 
vt 0.493566 0.813677 
vt 0.485122 0.813682 
vt 0.47303 0.81368 
vt 0.469379 0.813679 
vt 0.464649 0.813677 
vt 0.463071 0.813678 
vt 0.544127 0.750076 
vt 0.556418 0.750076 
vt 0.533297 0.750076 
vt 0.521932 0.750076 
vt 0.517281 0.750075 
vt 0.511102 0.750075 
vt 0.502159 0.750076 
vt 0.493628 0.750077 
vt 0.485369 0.750077 
vt 0.473491 0.750077 
vt 0.469814 0.750077 
vt 0.464649 0.750077 
vt 0.463071 0.750077 
vt 0.556418 0.867863 
vt 0.544797 0.867863 
vt 0.533924 0.867864 
vt 0.521932 0.867864 
vt 0.516668 0.867863 
vt 0.511102 0.867863 
vt 0.502159 0.867863 
vt 0.493745 0.867863 
vt 0.485297 0.867863 
vt 0.473377 0.867863 
vt 0.469726 0.867863 
vt 0.464649 0.867863 
vt 0.463071 0.867863 
vt 0.346379 0.255536 
vt 0.346379 0.234822 
vt 0.35051 0.245182 
vt 0.35051 0.262406 
vt 0.369925 0.234822 
vt 0.369925 0.245182 
vt 0.365149 0.245182 
vt 0.364027 0.234822 
vt 0.389573 0.245182 
vt 0.375311 0.245182 
vt 0.37631 0.234822 
vt 0.393675 0.234822 
vt 0.389573 0.276251 
vt 0.389573 0.261708 
vt 0.393675 0.254686 
vt 0.393675 0.272182 
vt 0.393675 0.299607 
vt 0.389573 0.29871 
vt 0.393675 0.329733 
vt 0.389573 0.324371 
vt 0.393675 0.358556 
vt 0.381869 0.358556 
vt 0.379729 0.347295 
vt 0.389573 0.347295 
vt 0.375038 0.347295 
vt 0.376057 0.358556 
vt 0.369873 0.358556 
vt 0.369961 0.347295 
vt 0.365285 0.347295 
vt 0.364222 0.358556 
vt 0.358487 0.358556 
vt 0.360439 0.347295 
vt 0.35051 0.347295 
vt 0.346379 0.358556 
vt 0.346379 0.330912 
vt 0.35051 0.32499 
vt 0.35051 0.299575 
vt 0.346379 0.300557 
vt 0.346379 0.273143 
vt 0.35051 0.276869 
vt 0.356045 0.258823 
vt 0.360608 0.270732 
vt 0.360608 0.279525 
vt 0.356045 0.271844 
vt 0.367746 0.270732 
vt 0.366553 0.258823 
vt 0.370013 0.258823 
vt 0.370088 0.270732 
vt 0.379796 0.270732 
vt 0.372783 0.270732 
vt 0.373988 0.258823 
vt 0.384261 0.258823 
vt 0.379796 0.286241 
vt 0.379796 0.278894 
vt 0.384261 0.270846 
vt 0.384261 0.281613 
vt 0.384261 0.297632 
vt 0.379796 0.297234 
vt 0.384261 0.316006 
vt 0.379796 0.309707 
vt 0.374776 0.320817 
vt 0.379796 0.320817 
vt 0.384261 0.332548 
vt 0.376896 0.332548 
vt 0.37015 0.320817 
vt 0.372569 0.320817 
vt 0.373676 0.332548 
vt 0.370088 0.332548 
vt 0.36349 0.332548 
vt 0.365657 0.320817 
vt 0.367841 0.320817 
vt 0.366665 0.332548 
vt 0.356045 0.316698 
vt 0.360608 0.310052 
vt 0.360608 0.320817 
vt 0.356045 0.332548 
vt 0.356045 0.29863 
vt 0.360608 0.297775 
vt 0.356045 0.282232 
vt 0.360608 0.286653 
vt 0.364447 0.286085 
vt 0.364447 0.290306 
vt 0.364447 0.280882 
vt 0.368768 0.280882 
vt 0.370158 0.280882 
vt 0.37174 0.280882 
vt 0.37599 0.280882 
vt 0.37599 0.285752 
vt 0.37599 0.290044 
vt 0.37599 0.296626 
vt 0.37599 0.304141 
vt 0.37599 0.310926 
vt 0.372998 0.310926 
vt 0.371646 0.310926 
vt 0.370183 0.310926 
vt 0.368794 0.310926 
vt 0.367481 0.310926 
vt 0.364447 0.310926 
vt 0.364447 0.304408 
vt 0.364447 0.296987 
vt 0.370234 0.295798 
vt 0.462957 0.234535 
vt 0.474618 0.297053 
vt 0.451222 0.234535 
vt 0.468674 0.234535 
vt 0.474618 0.297053 
vt 0.462957 0.234535 
vt 0.486253 0.234535 
vt 0.474618 0.297053 
vt 0.480627 0.234535 
vt 0.498015 0.250893 
vt 0.474618 0.297053 
vt 0.498015 0.234535 
vt 0.498015 0.271527 
vt 0.474618 0.297053 
vt 0.498015 0.250893 
vt 0.486253 0.359574 
vt 0.474618 0.297053 
vt 0.498015 0.359574 
vt 0.48063 0.359574 
vt 0.474618 0.297053 
vt 0.486253 0.359574 
vt 0.468936 0.359574 
vt 0.474618 0.297053 
vt 0.474605 0.359574 
vt 0.451222 0.359574 
vt 0.474618 0.297053 
vt 0.462957 0.359574 
vt 0.451222 0.250893 
vt 0.474618 0.297053 
vt 0.451222 0.271527 
vt 0.498015 0.310056 
vt 0.474618 0.297053 
vt 0.498015 0.293769 
vt 0.451222 0.293769 
vt 0.474618 0.297053 
vt 0.451222 0.310056 
vt 0.451222 0.310056 
vt 0.474618 0.297053 
vt 0.451222 0.32704 
vt 0.498015 0.331663 
vt 0.474618 0.297053 
vt 0.498015 0.310056 
vt 0.498015 0.293769 
vt 0.474618 0.297053 
vt 0.498015 0.271527 
vt 0.451222 0.271527 
vt 0.474618 0.297053 
vt 0.451222 0.293769 
vt 0.462957 0.359574 
vt 0.474618 0.297053 
vt 0.468936 0.359574 
vt 0.474605 0.359574 
vt 0.474618 0.297053 
vt 0.48063 0.359574 
vt 0.451222 0.32704 
vt 0.474618 0.297053 
vt 0.451222 0.359574 
vt 0.498015 0.359574 
vt 0.474618 0.297053 
vt 0.498015 0.331663 
vt 0.480627 0.234535 
vt 0.474618 0.297053 
vt 0.474605 0.234535 
vt 0.474605 0.234535 
vt 0.474618 0.297053 
vt 0.468674 0.234535 
vt 0.451222 0.234535 
vt 0.474618 0.297053 
vt 0.451222 0.250893 
vt 0.498015 0.234535 
vt 0.474618 0.297053 
vt 0.486253 0.234535 

usemtl Handle1Mtl

f 1692/1692/1692 1693/1693/1693 1694/1694/1694 
f 1694/1694/1694 1695/1695/1695 1692/1692/1692 
f 1695/1695/1695 1694/1694/1694 1696/1696/1696 
f 1696/1696/1696 1697/1697/1697 1695/1695/1695 
f 1698/1698/1698 1699/1699/1699 1700/1700/1700 
f 1700/1700/1700 1701/1701/1701 1698/1698/1698 
f 1702/1702/1702 1703/1703/1703 1704/1704/1704 
f 1704/1704/1704 1705/1705/1705 1702/1702/1702 
f 1704/1704/1704 1706/1706/1706 1707/1707/1707 
f 1707/1707/1707 1705/1705/1705 1704/1704/1704 
f 1706/1706/1706 1708/1708/1708 1709/1709/1709 
f 1709/1709/1709 1707/1707/1707 1706/1706/1706 
f 1710/1710/1710 1711/1711/1711 1712/1712/1712 
f 1712/1712/1712 1713/1713/1713 1710/1710/1710 
f 1710/1710/1710 1713/1713/1713 1714/1714/1714 
f 1714/1714/1714 1715/1715/1715 1710/1710/1710 
f 1716/1716/1716 1717/1717/1717 1718/1718/1718 
f 1718/1718/1718 1719/1719/1719 1716/1716/1716 
f 1720/1720/1720 1721/1721/1721 1722/1722/1722 
f 1722/1722/1722 1723/1723/1723 1720/1720/1720 
f 1724/1724/1724 1725/1725/1725 1726/1726/1726 
f 1726/1726/1726 1727/1727/1727 1724/1724/1724 
f 1728/1728/1728 1729/1729/1729 1730/1730/1730 
f 1730/1730/1730 1731/1731/1731 1728/1728/1728 
f 1732/1732/1732 1733/1733/1733 1734/1734/1734 
f 1734/1734/1734 1735/1735/1735 1732/1732/1732 
f 1736/1736/1736 1737/1737/1737 1738/1738/1738 
f 1738/1738/1738 1739/1739/1739 1736/1736/1736 
f 1740/1740/1740 1741/1741/1741 1742/1742/1742 
f 1742/1742/1742 1743/1743/1743 1740/1740/1740 
f 1744/1744/1744 1745/1745/1745 1741/1741/1741 
f 1741/1741/1741 1740/1740/1740 1744/1744/1744 
f 1746/1746/1746 1747/1747/1747 1748/1748/1748 
f 1748/1748/1748 1749/1749/1749 1746/1746/1746 
f 1749/1749/1749 1748/1748/1748 1709/1709/1709 
f 1709/1709/1709 1708/1708/1708 1749/1749/1749 
f 1712/1712/1712 1711/1711/1711 1728/1728/1728 
f 1728/1728/1728 1731/1731/1731 1712/1712/1712 
f 1739/1739/1739 1734/1734/1734 1733/1733/1733 
f 1733/1733/1733 1736/1736/1736 1739/1739/1739 
f 1738/1738/1738 1737/1737/1737 1743/1743/1743 
f 1743/1743/1743 1742/1742/1742 1738/1738/1738 
f 1750/1750/1750 1751/1751/1751 1752/1752/1752 
f 1752/1752/1752 1753/1753/1753 1750/1750/1750 
f 1754/1754/1754 1755/1755/1755 1753/1753/1753 
f 1753/1753/1753 1752/1752/1752 1754/1754/1754 
f 1756/1756/1756 1757/1757/1757 1758/1758/1758 
f 1759/1759/1759 1732/1732/1732 1735/1735/1735 
f 1735/1735/1735 1730/1730/1730 1759/1759/1759 
f 1745/1745/1745 1744/1744/1744 1747/1747/1747 
f 1747/1747/1747 1746/1746/1746 1745/1745/1745 
f 1723/1723/1723 1760/1760/1760 1761/1761/1761 
f 1761/1761/1761 1762/1762/1762 1723/1723/1723 
f 1760/1760/1760 1763/1763/1763 1764/1764/1764 
f 1764/1764/1764 1761/1761/1761 1760/1760/1760 
f 1750/1750/1750 1764/1764/1764 1763/1763/1763 
f 1763/1763/1763 1751/1751/1751 1750/1750/1750 
f 1756/1756/1756 1758/1758/1758 1755/1755/1755 
f 1755/1755/1755 1754/1754/1754 1756/1756/1756 
f 1723/1723/1723 1762/1762/1762 1720/1720/1720 
f 1719/1719/1719 1765/1765/1765 1757/1757/1757 
f 1757/1757/1757 1756/1756/1756 1719/1719/1719 
f 1766/1766/1766 1767/1767/1767 1717/1717/1717 
f 1717/1717/1717 1716/1716/1716 1766/1766/1766 
f 1768/1768/1768 1726/1726/1726 1725/1725/1725 
f 1725/1725/1725 1722/1722/1722 1768/1768/1768 
f 1769/1769/1769 1770/1770/1770 1771/1771/1771 
f 1771/1771/1771 1772/1772/1772 1769/1769/1769 
f 1773/1773/1773 1774/1774/1774 1775/1775/1775 
f 1775/1775/1775 1776/1776/1776 1773/1773/1773 
f 1777/1777/1777 1773/1773/1773 1776/1776/1776 
f 1776/1776/1776 1778/1778/1778 1777/1777/1777 
f 1779/1779/1779 1777/1777/1777 1778/1778/1778 
f 1778/1778/1778 1780/1780/1780 1779/1779/1779 
f 1781/1781/1781 1782/1782/1782 1783/1783/1783 
f 1783/1783/1783 1784/1784/1784 1781/1781/1781 
f 1785/1785/1785 1786/1786/1786 1787/1787/1787 
f 1787/1787/1787 1788/1788/1788 1785/1785/1785 
f 1789/1789/1789 1787/1787/1787 1786/1786/1786 
f 1786/1786/1786 1790/1790/1790 1789/1789/1789 
f 1791/1791/1791 1792/1792/1792 1770/1770/1770 
f 1770/1770/1770 1769/1769/1769 1791/1791/1791 
f 1721/1721/1721 1775/1775/1775 1774/1774/1774 
f 1771/1771/1771 1793/1793/1793 1772/1772/1772 
f 1724/1724/1724 1727/1727/1727 1794/1794/1794 
f 1794/1794/1794 1795/1795/1795 1724/1724/1724 
f 1794/1794/1794 1767/1767/1767 1766/1766/1766 
f 1766/1766/1766 1795/1795/1795 1794/1794/1794 
f 1692/1692/1692 1695/1695/1695 1796/1796/1796 
f 1796/1796/1796 1797/1797/1797 1692/1692/1692 
f 1798/1798/1798 1796/1796/1796 1695/1695/1695 
f 1695/1695/1695 1697/1697/1697 1798/1798/1798 
f 1799/1799/1799 1699/1699/1699 1698/1698/1698 
f 1698/1698/1698 1800/1800/1800 1799/1799/1799 
f 1801/1801/1801 1702/1702/1702 1705/1705/1705 
f 1705/1705/1705 1802/1802/1802 1801/1801/1801 
f 1802/1802/1802 1705/1705/1705 1707/1707/1707 
f 1707/1707/1707 1803/1803/1803 1802/1802/1802 
f 1804/1804/1804 1744/1744/1744 1740/1740/1740 
f 1740/1740/1740 1805/1805/1805 1804/1804/1804 
f 1806/1806/1806 1805/1805/1805 1740/1740/1740 
f 1740/1740/1740 1743/1743/1743 1806/1806/1806 
f 1807/1807/1807 1737/1737/1737 1736/1736/1736 
f 1736/1736/1736 1808/1808/1808 1807/1807/1807 
f 1809/1809/1809 1733/1733/1733 1732/1732/1732 
f 1732/1732/1732 1810/1810/1810 1809/1809/1809 
f 1710/1710/1710 1715/1715/1715 1811/1811/1811 
f 1811/1811/1811 1812/1812/1812 1710/1710/1710 
f 1748/1748/1748 1813/1813/1813 1814/1814/1814 
f 1814/1814/1814 1709/1709/1709 1748/1748/1748 
f 1815/1815/1815 1816/1816/1816 1728/1728/1728 
f 1728/1728/1728 1711/1711/1711 1815/1815/1815 
f 1729/1729/1729 1728/1728/1728 1816/1816/1816 
f 1816/1816/1816 1817/1817/1817 1729/1729/1729 
f 1813/1813/1813 1748/1748/1748 1747/1747/1747 
f 1747/1747/1747 1818/1818/1818 1813/1813/1813 
f 1709/1709/1709 1814/1814/1814 1803/1803/1803 
f 1803/1803/1803 1707/1707/1707 1709/1709/1709 
f 1710/1710/1710 1812/1812/1812 1815/1815/1815 
f 1815/1815/1815 1711/1711/1711 1710/1710/1710 
f 1736/1736/1736 1733/1733/1733 1809/1809/1809 
f 1809/1809/1809 1808/1808/1808 1736/1736/1736 
f 1806/1806/1806 1743/1743/1743 1737/1737/1737 
f 1737/1737/1737 1807/1807/1807 1806/1806/1806 
f 1759/1759/1759 1817/1817/1817 1810/1810/1810 
f 1810/1810/1810 1732/1732/1732 1759/1759/1759 
f 1804/1804/1804 1818/1818/1818 1747/1747/1747 
f 1747/1747/1747 1744/1744/1744 1804/1804/1804 
f 1756/1756/1756 1754/1754/1754 1716/1716/1716 
f 1716/1716/1716 1719/1719/1719 1756/1756/1756 
f 1766/1766/1766 1716/1716/1716 1754/1754/1754 
f 1754/1754/1754 1752/1752/1752 1766/1766/1766 
f 1795/1795/1795 1766/1766/1766 1752/1752/1752 
f 1752/1752/1752 1751/1751/1751 1795/1795/1795 
f 1795/1795/1795 1751/1751/1751 1763/1763/1763 
f 1763/1763/1763 1724/1724/1724 1795/1795/1795 
f 1725/1725/1725 1724/1724/1724 1763/1763/1763 
f 1763/1763/1763 1760/1760/1760 1725/1725/1725 
f 1723/1723/1723 1722/1722/1722 1725/1725/1725 
f 1725/1725/1725 1760/1760/1760 1723/1723/1723 
f 1772/1772/1772 1765/1765/1765 1719/1719/1719 
f 1719/1719/1719 1718/1718/1718 1772/1772/1772 
f 1721/1721/1721 1774/1774/1774 1768/1768/1768 
f 1768/1768/1768 1722/1722/1722 1721/1721/1721 
f 1819/1819/1819 1820/1820/1820 1821/1821/1821 
f 1821/1821/1821 1822/1822/1822 1819/1819/1819 
f 1823/1823/1823 1824/1824/1824 1825/1825/1825 
f 1825/1825/1825 1826/1826/1826 1823/1823/1823 
f 1827/1827/1827 1825/1825/1825 1824/1824/1824 
f 1824/1824/1824 1828/1828/1828 1827/1827/1827 
f 1829/1829/1829 1830/1830/1830 1831/1831/1831 
f 1831/1831/1831 1832/1832/1832 1829/1829/1829 
f 1833/1833/1833 1834/1834/1834 1832/1832/1832 
f 1832/1832/1832 1831/1831/1831 1833/1833/1833 
f 1834/1834/1834 1833/1833/1833 1835/1835/1835 
f 1835/1835/1835 1836/1836/1836 1834/1834/1834 
f 1837/1837/1837 1838/1838/1838 1839/1839/1839 
f 1839/1839/1839 1840/1840/1840 1837/1837/1837 
f 1841/1841/1841 1842/1842/1842 1843/1843/1843 
f 1843/1843/1843 1844/1844/1844 1841/1841/1841 
f 1845/1845/1845 1846/1846/1846 1842/1842/1842 
f 1842/1842/1842 1841/1841/1841 1845/1845/1845 
f 1847/1847/1847 1848/1848/1848 1849/1849/1849 
f 1849/1849/1849 1850/1850/1850 1847/1847/1847 
f 1851/1851/1851 1852/1852/1852 1853/1853/1853 
f 1853/1853/1853 1854/1854/1854 1851/1851/1851 
f 1855/1855/1855 1856/1856/1856 1857/1857/1857 
f 1857/1857/1857 1858/1858/1858 1855/1855/1855 
f 1859/1859/1859 1860/1860/1860 1861/1861/1861 
f 1861/1861/1861 1862/1862/1862 1859/1859/1859 
f 1863/1863/1863 1864/1864/1864 1865/1865/1865 
f 1865/1865/1865 1866/1866/1866 1863/1863/1863 
f 1863/1863/1863 1867/1867/1867 1868/1868/1868 
f 1868/1868/1868 1864/1864/1864 1863/1863/1863 
f 1869/1869/1869 1870/1870/1870 1871/1871/1871 
f 1871/1871/1871 1872/1872/1872 1869/1869/1869 
f 1873/1873/1873 1874/1874/1874 1872/1872/1872 
f 1872/1872/1872 1871/1871/1871 1873/1873/1873 
f 1875/1875/1875 1874/1874/1874 1873/1873/1873 
f 1873/1873/1873 1876/1876/1876 1875/1875/1875 
f 1877/1877/1877 1878/1878/1878 1879/1879/1879 
f 1879/1879/1879 1880/1880/1880 1877/1877/1877 
f 1881/1881/1881 1882/1882/1882 1851/1851/1851 
f 1851/1851/1851 1854/1854/1854 1881/1881/1881 
f 1855/1855/1855 1860/1860/1860 1859/1859/1859 
f 1859/1859/1859 1856/1856/1856 1855/1855/1855 
f 1820/1820/1820 1847/1847/1847 1850/1850/1850 
f 1850/1850/1850 1821/1821/1821 1820/1820/1820 
f 1861/1861/1861 1866/1866/1866 1865/1865/1865 
f 1865/1865/1865 1862/1862/1862 1861/1861/1861 
f 1819/1819/1819 1822/1822/1822 1823/1823/1823 
f 1823/1823/1823 1826/1826/1826 1819/1819/1819 
f 1837/1837/1837 1840/1840/1840 1883/1883/1883 
f 1883/1883/1883 1884/1884/1884 1837/1837/1837 
f 1877/1877/1877 1880/1880/1880 1885/1885/1885 
f 1885/1885/1885 1886/1886/1886 1877/1877/1877 
f 1887/1887/1887 1888/1888/1888 1889/1889/1889 
f 1889/1889/1889 1890/1890/1890 1887/1887/1887 
f 1891/1891/1891 1892/1892/1892 1893/1893/1893 
f 1893/1893/1893 1894/1894/1894 1891/1891/1891 
f 1895/1895/1895 1820/1820/1820 1819/1819/1819 
f 1819/1819/1819 1896/1896/1896 1895/1895/1895 
f 1896/1896/1896 1819/1819/1819 1826/1826/1826 
f 1826/1826/1826 1897/1897/1897 1896/1896/1896 
f 1898/1898/1898 1897/1897/1897 1826/1826/1826 
f 1826/1826/1826 1825/1825/1825 1898/1898/1898 
f 1899/1899/1899 1898/1898/1898 1825/1825/1825 
f 1825/1825/1825 1827/1827/1827 1899/1899/1899 
f 1900/1900/1900 1901/1901/1901 1829/1829/1829 
f 1829/1829/1829 1832/1832/1832 1900/1900/1900 
f 1834/1834/1834 1902/1902/1902 1900/1900/1900 
f 1900/1900/1900 1832/1832/1832 1834/1834/1834 
f 1902/1902/1902 1834/1834/1834 1836/1836/1836 
f 1836/1836/1836 1903/1903/1903 1902/1902/1902 
f 1891/1891/1891 1904/1904/1904 1905/1905/1905 
f 1905/1905/1905 1892/1892/1892 1891/1891/1891 
f 1906/1906/1906 1883/1883/1883 1840/1840/1840 
f 1840/1840/1840 1907/1907/1907 1906/1906/1906 
f 1907/1907/1907 1840/1840/1840 1839/1839/1839 
f 1839/1839/1839 1908/1908/1908 1907/1907/1907 
f 1909/1909/1909 1910/1910/1910 1843/1843/1843 
f 1843/1843/1843 1842/1842/1842 1909/1909/1909 
f 1846/1846/1846 1911/1911/1911 1909/1909/1909 
f 1909/1909/1909 1842/1842/1842 1846/1846/1846 
f 1848/1848/1848 1847/1847/1847 1912/1912/1912 
f 1912/1912/1912 1913/1913/1913 1848/1848/1848 
f 1847/1847/1847 1820/1820/1820 1895/1895/1895 
f 1895/1895/1895 1912/1912/1912 1847/1847/1847 
f 1899/1899/1899 1914/1914/1914 1915/1915/1915 
f 1915/1915/1915 1898/1898/1898 1899/1899/1899 
f 1916/1916/1916 1897/1897/1897 1898/1898/1898 
f 1898/1898/1898 1915/1915/1915 1916/1916/1916 
f 1916/1916/1916 1917/1917/1917 1896/1896/1896 
f 1896/1896/1896 1897/1897/1897 1916/1916/1916 
f 1896/1896/1896 1917/1917/1917 1918/1918/1918 
f 1918/1918/1918 1895/1895/1895 1896/1896/1896 
f 1912/1912/1912 1895/1895/1895 1918/1918/1918 
f 1918/1918/1918 1919/1919/1919 1912/1912/1912 
f 1919/1919/1919 1920/1920/1920 1913/1913/1913 
f 1913/1913/1913 1912/1912/1912 1919/1919/1919 
f 1911/1911/1911 1921/1921/1921 1922/1922/1922 
f 1922/1922/1922 1909/1909/1909 1911/1911/1911 
f 1922/1922/1922 1923/1923/1923 1910/1910/1910 
f 1910/1910/1910 1909/1909/1909 1922/1922/1922 
f 1908/1908/1908 1924/1924/1924 1925/1925/1925 
f 1925/1925/1925 1907/1907/1907 1908/1908/1908 
f 1906/1906/1906 1907/1907/1907 1925/1925/1925 
f 1925/1925/1925 1926/1926/1926 1906/1906/1906 
f 1927/1927/1927 1905/1905/1905 1904/1904/1904 
f 1904/1904/1904 1928/1928/1928 1927/1927/1927 
f 1903/1903/1903 1929/1929/1929 1930/1930/1930 
f 1930/1930/1930 1902/1902/1902 1903/1903/1903 
f 1930/1930/1930 1931/1931/1931 1900/1900/1900 
f 1900/1900/1900 1902/1902/1902 1930/1930/1930 
f 1932/1932/1932 1901/1901/1901 1900/1900/1900 
f 1900/1900/1900 1931/1931/1931 1932/1932/1932 
f 1821/1821/1821 1850/1850/1850 1933/1933/1933 
f 1933/1933/1933 1934/1934/1934 1821/1821/1821 
f 1935/1935/1935 1822/1822/1822 1821/1821/1821 
f 1821/1821/1821 1934/1934/1934 1935/1935/1935 
f 1936/1936/1936 1823/1823/1823 1822/1822/1822 
f 1822/1822/1822 1935/1935/1935 1936/1936/1936 
f 1824/1824/1824 1823/1823/1823 1936/1936/1936 
f 1936/1936/1936 1937/1937/1937 1824/1824/1824 
f 1824/1824/1824 1937/1937/1937 1938/1938/1938 
f 1938/1938/1938 1828/1828/1828 1824/1824/1824 
f 1939/1939/1939 1940/1940/1940 1831/1831/1831 
f 1831/1831/1831 1830/1830/1830 1939/1939/1939 
f 1833/1833/1833 1831/1831/1831 1940/1940/1940 
f 1940/1940/1940 1941/1941/1941 1833/1833/1833 
f 1833/1833/1833 1941/1941/1941 1942/1942/1942 
f 1942/1942/1942 1835/1835/1835 1833/1833/1833 
f 1943/1943/1943 1944/1944/1944 1894/1894/1894 
f 1894/1894/1894 1893/1893/1893 1943/1943/1943 
f 1945/1945/1945 1837/1837/1837 1884/1884/1884 
f 1884/1884/1884 1946/1946/1946 1945/1945/1945 
f 1837/1837/1837 1945/1945/1945 1947/1947/1947 
f 1947/1947/1947 1838/1838/1838 1837/1837/1837 
f 1844/1844/1844 1948/1948/1948 1949/1949/1949 
f 1949/1949/1949 1841/1841/1841 1844/1844/1844 
f 1841/1841/1841 1949/1949/1949 1950/1950/1950 
f 1950/1950/1950 1845/1845/1845 1841/1841/1841 
f 1951/1951/1951 1933/1933/1933 1850/1850/1850 
f 1850/1850/1850 1849/1849/1849 1951/1951/1951 
f 1952/1952/1952 1953/1953/1953 1791/1791/1791 
f 1791/1791/1791 1769/1769/1769 1952/1952/1952 
f 1954/1954/1954 1955/1955/1955 1787/1787/1787 
f 1787/1787/1787 1789/1789/1789 1954/1954/1954 
f 1955/1955/1955 1956/1956/1956 1788/1788/1788 
f 1788/1788/1788 1787/1787/1787 1955/1955/1955 
f 1957/1957/1957 1958/1958/1958 1781/1781/1781 
f 1781/1781/1781 1784/1784/1784 1957/1957/1957 
f 1959/1959/1959 1960/1960/1960 1777/1777/1777 
f 1777/1777/1777 1779/1779/1779 1959/1959/1959 
f 1961/1961/1961 1773/1773/1773 1777/1777/1777 
f 1777/1777/1777 1960/1960/1960 1961/1961/1961 
f 1962/1962/1962 1774/1774/1774 1773/1773/1773 
f 1773/1773/1773 1961/1961/1961 1962/1962/1962 
f 1768/1768/1768 1963/1963/1963 1964/1964/1964 
f 1964/1964/1964 1726/1726/1726 1768/1768/1768 
f 1965/1965/1965 1727/1727/1727 1726/1726/1726 
f 1726/1726/1726 1964/1964/1964 1965/1965/1965 
f 1966/1966/1966 1794/1794/1794 1727/1727/1727 
f 1727/1727/1727 1965/1965/1965 1966/1966/1966 
f 1966/1966/1966 1967/1967/1967 1767/1767/1767 
f 1767/1767/1767 1794/1794/1794 1966/1966/1966 
f 1967/1967/1967 1968/1968/1968 1717/1717/1717 
f 1717/1717/1717 1767/1767/1767 1967/1967/1967 
f 1969/1969/1969 1718/1718/1718 1717/1717/1717 
f 1717/1717/1717 1968/1968/1968 1969/1969/1969 
f 1772/1772/1772 1970/1970/1970 1952/1952/1952 
f 1952/1952/1952 1769/1769/1769 1772/1772/1772 
f 1718/1718/1718 1969/1969/1969 1970/1970/1970 
f 1970/1970/1970 1772/1772/1772 1718/1718/1718 
f 1858/1858/1858 1857/1857/1857 1853/1853/1853 
f 1853/1853/1853 1852/1852/1852 1858/1858/1858 
f 1951/1951/1951 1849/1849/1849 1845/1845/1845 
f 1845/1845/1845 1950/1950/1950 1951/1951/1951 
f 1848/1848/1848 1846/1846/1846 1845/1845/1845 
f 1845/1845/1845 1849/1849/1849 1848/1848/1848 
f 1846/1846/1846 1848/1848/1848 1913/1913/1913 
f 1913/1913/1913 1911/1911/1911 1846/1846/1846 
f 1920/1920/1920 1921/1921/1921 1911/1911/1911 
f 1911/1911/1911 1913/1913/1913 1920/1920/1920 
f 1914/1914/1914 1899/1899/1899 1901/1901/1901 
f 1901/1901/1901 1932/1932/1932 1914/1914/1914 
f 1829/1829/1829 1901/1901/1901 1899/1899/1899 
f 1899/1899/1899 1827/1827/1827 1829/1829/1829 
f 1829/1829/1829 1827/1827/1827 1828/1828/1828 
f 1828/1828/1828 1830/1830/1830 1829/1829/1829 
f 1938/1938/1938 1939/1939/1939 1830/1830/1830 
f 1830/1830/1830 1828/1828/1828 1938/1938/1938 
f 1869/1869/1869 1868/1868/1868 1867/1867/1867 
f 1867/1867/1867 1870/1870/1870 1869/1869/1869 
f 1962/1962/1962 1963/1963/1963 1768/1768/1768 
f 1768/1768/1768 1774/1774/1774 1962/1962/1962 
f 1853/1853/1853 1950/1950/1950 1949/1949/1949 
f 1949/1949/1949 1854/1854/1854 1853/1853/1853 
f 1949/1949/1949 1948/1948/1948 1881/1881/1881 
f 1881/1881/1881 1854/1854/1854 1949/1949/1949 
f 1879/1879/1879 1947/1947/1947 1945/1945/1945 
f 1945/1945/1945 1880/1880/1880 1879/1879/1879 
f 1946/1946/1946 1885/1885/1885 1880/1880/1880 
f 1880/1880/1880 1945/1945/1945 1946/1946/1946 
f 1943/1943/1943 1890/1890/1890 1889/1889/1889 
f 1889/1889/1889 1944/1944/1944 1943/1943/1943 
f 1875/1875/1875 1942/1942/1942 1941/1941/1941 
f 1941/1941/1941 1874/1874/1874 1875/1875/1875 
f 1874/1874/1874 1941/1941/1941 1940/1940/1940 
f 1940/1940/1940 1872/1872/1872 1874/1874/1874 
f 1869/1869/1869 1872/1872/1872 1940/1940/1940 
f 1940/1940/1940 1939/1939/1939 1869/1869/1869 
f 1868/1868/1868 1869/1869/1869 1939/1939/1939 
f 1939/1939/1939 1938/1938/1938 1868/1868/1868 
f 1937/1937/1937 1864/1864/1864 1868/1868/1868 
f 1868/1868/1868 1938/1938/1938 1937/1937/1937 
f 1865/1865/1865 1864/1864/1864 1937/1937/1937 
f 1937/1937/1937 1936/1936/1936 1865/1865/1865 
f 1936/1936/1936 1935/1935/1935 1862/1862/1862 
f 1862/1862/1862 1865/1865/1865 1936/1936/1936 
f 1862/1862/1862 1935/1935/1935 1934/1934/1934 
f 1934/1934/1934 1859/1859/1859 1862/1862/1862 
f 1859/1859/1859 1934/1934/1934 1933/1933/1933 
f 1933/1933/1933 1856/1856/1856 1859/1859/1859 
f 1856/1856/1856 1933/1933/1933 1951/1951/1951 
f 1951/1951/1951 1857/1857/1857 1856/1856/1856 
f 1853/1853/1853 1857/1857/1857 1951/1951/1951 
f 1951/1951/1951 1950/1950/1950 1853/1853/1853 
f 1851/1851/1851 1882/1882/1882 1953/1953/1953 
f 1953/1953/1953 1952/1952/1952 1851/1851/1851 
f 1954/1954/1954 1878/1878/1878 1877/1877/1877 
f 1877/1877/1877 1955/1955/1955 1954/1954/1954 
f 1956/1956/1956 1955/1955/1955 1877/1877/1877 
f 1877/1877/1877 1886/1886/1886 1956/1956/1956 
f 1887/1887/1887 1958/1958/1958 1957/1957/1957 
f 1957/1957/1957 1888/1888/1888 1887/1887/1887 
f 1873/1873/1873 1960/1960/1960 1959/1959/1959 
f 1959/1959/1959 1876/1876/1876 1873/1873/1873 
f 1961/1961/1961 1960/1960/1960 1873/1873/1873 
f 1873/1873/1873 1871/1871/1871 1961/1961/1961 
f 1961/1961/1961 1871/1871/1871 1870/1870/1870 
f 1870/1870/1870 1962/1962/1962 1961/1961/1961 
f 1867/1867/1867 1963/1963/1963 1962/1962/1962 
f 1962/1962/1962 1870/1870/1870 1867/1867/1867 
f 1963/1963/1963 1867/1867/1867 1863/1863/1863 
f 1863/1863/1863 1964/1964/1964 1963/1963/1963 
f 1866/1866/1866 1965/1965/1965 1964/1964/1964 
f 1964/1964/1964 1863/1863/1863 1866/1866/1866 
f 1966/1966/1966 1965/1965/1965 1866/1866/1866 
f 1866/1866/1866 1861/1861/1861 1966/1966/1966 
f 1966/1966/1966 1861/1861/1861 1860/1860/1860 
f 1860/1860/1860 1967/1967/1967 1966/1966/1966 
f 1967/1967/1967 1860/1860/1860 1855/1855/1855 
f 1855/1855/1855 1968/1968/1968 1967/1967/1967 
f 1969/1969/1969 1968/1968/1968 1855/1855/1855 
f 1855/1855/1855 1858/1858/1858 1969/1969/1969 
f 1852/1852/1852 1970/1970/1970 1969/1969/1969 
f 1969/1969/1969 1858/1858/1858 1852/1852/1852 
f 1970/1970/1970 1852/1852/1852 1851/1851/1851 
f 1851/1851/1851 1952/1952/1952 1970/1970/1970 
f 1735/1735/1735 1734/1734/1734 1755/1755/1755 
f 1755/1755/1755 1758/1758/1758 1735/1735/1735 
f 1734/1734/1734 1739/1739/1739 1753/1753/1753 
f 1753/1753/1753 1755/1755/1755 1734/1734/1734 
f 1739/1739/1739 1738/1738/1738 1750/1750/1750 
f 1750/1750/1750 1753/1753/1753 1739/1739/1739 
f 1738/1738/1738 1742/1742/1742 1764/1764/1764 
f 1764/1764/1764 1750/1750/1750 1738/1738/1738 
f 1742/1742/1742 1741/1741/1741 1761/1761/1761 
f 1761/1761/1761 1764/1764/1764 1742/1742/1742 
f 1761/1761/1761 1741/1741/1741 1745/1745/1745 
f 1745/1745/1745 1762/1762/1762 1761/1761/1761 
f 1746/1746/1746 1720/1720/1720 1762/1762/1762 
f 1762/1762/1762 1745/1745/1745 1746/1746/1746 
f 1721/1721/1721 1720/1720/1720 1746/1746/1746 
f 1746/1746/1746 1749/1749/1749 1721/1721/1721 
f 1749/1749/1749 1708/1708/1708 1775/1775/1775 
f 1775/1775/1775 1721/1721/1721 1749/1749/1749 
f 1775/1775/1775 1708/1708/1708 1706/1706/1706 
f 1706/1706/1706 1776/1776/1776 1775/1775/1775 
f 1704/1704/1704 1778/1778/1778 1776/1776/1776 
f 1776/1776/1776 1706/1706/1706 1704/1704/1704 
f 1703/1703/1703 1780/1780/1780 1778/1778/1778 
f 1778/1778/1778 1704/1704/1704 1703/1703/1703 
f 1701/1701/1701 1700/1700/1700 1783/1783/1783 
f 1783/1783/1783 1782/1782/1782 1701/1701/1701 
f 1786/1786/1786 1785/1785/1785 1696/1696/1696 
f 1696/1696/1696 1694/1694/1694 1786/1786/1786 
f 1694/1694/1694 1693/1693/1693 1790/1790/1790 
f 1790/1790/1790 1786/1786/1786 1694/1694/1694 
f 1770/1770/1770 1792/1792/1792 1714/1714/1714 
f 1714/1714/1714 1713/1713/1713 1770/1770/1770 
f 1771/1771/1771 1770/1770/1770 1713/1713/1713 
f 1713/1713/1713 1712/1712/1712 1771/1771/1771 
f 1771/1771/1771 1712/1712/1712 1731/1731/1731 
f 1731/1731/1731 1793/1793/1793 1771/1771/1771 
f 1730/1730/1730 1757/1757/1757 1793/1793/1793 
f 1793/1793/1793 1731/1731/1731 1730/1730/1730 
f 1758/1758/1758 1757/1757/1757 1730/1730/1730 
f 1730/1730/1730 1735/1735/1735 1758/1758/1758 
f 1971/1971/1971 1928/1928/1928 1904/1904/1904 
f 1904/1904/1904 1972/1972/1972 1971/1971/1971 
f 1972/1972/1972 1904/1904/1904 1891/1891/1891 
f 1891/1891/1891 1973/1973/1973 1972/1972/1972 
f 1891/1891/1891 1894/1894/1894 1974/1974/1974 
f 1974/1974/1974 1973/1973/1973 1891/1891/1891 
f 1975/1975/1975 1974/1974/1974 1894/1894/1894 
f 1894/1894/1894 1944/1944/1944 1975/1975/1975 
f 1889/1889/1889 1976/1976/1976 1975/1975/1975 
f 1975/1975/1975 1944/1944/1944 1889/1889/1889 
f 1977/1977/1977 1976/1976/1976 1889/1889/1889 
f 1889/1889/1889 1888/1888/1888 1977/1977/1977 
f 1957/1957/1957 1978/1978/1978 1977/1977/1977 
f 1977/1977/1977 1888/1888/1888 1957/1957/1957 
f 1957/1957/1957 1784/1784/1784 1979/1979/1979 
f 1979/1979/1979 1978/1978/1978 1957/1957/1957 
f 1783/1783/1783 1980/1980/1980 1979/1979/1979 
f 1979/1979/1979 1784/1784/1784 1783/1783/1783 
f 1783/1783/1783 1700/1700/1700 1981/1981/1981 
f 1981/1981/1981 1980/1980/1980 1783/1783/1783 
f 1982/1982/1982 1981/1981/1981 1700/1700/1700 
f 1700/1700/1700 1699/1699/1699 1982/1982/1982 
f 1983/1983/1983 1982/1982/1982 1699/1699/1699 
f 1699/1699/1699 1799/1799/1799 1983/1983/1983 
f 1798/1798/1798 1697/1697/1697 1982/1982/1982 
f 1982/1982/1982 1983/1983/1983 1798/1798/1798 
f 1696/1696/1696 1981/1981/1981 1982/1982/1982 
f 1982/1982/1982 1697/1697/1697 1696/1696/1696 
f 1980/1980/1980 1981/1981/1981 1696/1696/1696 
f 1696/1696/1696 1785/1785/1785 1980/1980/1980 
f 1788/1788/1788 1979/1979/1979 1980/1980/1980 
f 1980/1980/1980 1785/1785/1785 1788/1788/1788 
f 1788/1788/1788 1956/1956/1956 1978/1978/1978 
f 1978/1978/1978 1979/1979/1979 1788/1788/1788 
f 1977/1977/1977 1978/1978/1978 1956/1956/1956 
f 1956/1956/1956 1886/1886/1886 1977/1977/1977 
f 1885/1885/1885 1976/1976/1976 1977/1977/1977 
f 1977/1977/1977 1886/1886/1886 1885/1885/1885 
f 1946/1946/1946 1975/1975/1975 1976/1976/1976 
f 1976/1976/1976 1885/1885/1885 1946/1946/1946 
f 1884/1884/1884 1974/1974/1974 1975/1975/1975 
f 1975/1975/1975 1946/1946/1946 1884/1884/1884 
f 1974/1974/1974 1884/1884/1884 1883/1883/1883 
f 1883/1883/1883 1973/1973/1973 1974/1974/1974 
f 1973/1973/1973 1883/1883/1883 1906/1906/1906 
f 1906/1906/1906 1972/1972/1972 1973/1973/1973 
f 1972/1972/1972 1906/1906/1906 1926/1926/1926 
f 1926/1926/1926 1971/1971/1971 1972/1972/1972 
f 1984/1984/1984 1910/1910/1910 1923/1923/1923 
f 1923/1923/1923 1985/1985/1985 1984/1984/1984 
f 1843/1843/1843 1910/1910/1910 1984/1984/1984 
f 1984/1984/1984 1986/1986/1986 1843/1843/1843 
f 1844/1844/1844 1843/1843/1843 1986/1986/1986 
f 1986/1986/1986 1987/1987/1987 1844/1844/1844 
f 1988/1988/1988 1948/1948/1948 1844/1844/1844 
f 1844/1844/1844 1987/1987/1987 1988/1988/1988 
f 1948/1948/1948 1988/1988/1988 1989/1989/1989 
f 1989/1989/1989 1881/1881/1881 1948/1948/1948 
f 1990/1990/1990 1882/1882/1882 1881/1881/1881 
f 1881/1881/1881 1989/1989/1989 1990/1990/1990 
f 1991/1991/1991 1953/1953/1953 1882/1882/1882 
f 1882/1882/1882 1990/1990/1990 1991/1991/1991 
f 1992/1992/1992 1791/1791/1791 1953/1953/1953 
f 1953/1953/1953 1991/1991/1991 1992/1992/1992 
f 1792/1792/1792 1791/1791/1791 1992/1992/1992 
f 1992/1992/1992 1993/1993/1993 1792/1792/1792 
f 1993/1993/1993 1994/1994/1994 1714/1714/1714 
f 1714/1714/1714 1792/1792/1792 1993/1993/1993 
f 1994/1994/1994 1995/1995/1995 1715/1715/1715 
f 1715/1715/1715 1714/1714/1714 1994/1994/1994 
f 1995/1995/1995 1996/1996/1996 1811/1811/1811 
f 1811/1811/1811 1715/1715/1715 1995/1995/1995 
f 1927/1927/1927 1997/1997/1997 1998/1998/1998 
f 1998/1998/1998 1905/1905/1905 1927/1927/1927 
f 1999/1999/1999 1892/1892/1892 1905/1905/1905 
f 1905/1905/1905 1998/1998/1998 1999/1999/1999 
f 2000/2000/2000 1893/1893/1893 1892/1892/1892 
f 1892/1892/1892 1999/1999/1999 2000/2000/2000 
f 2001/2001/2001 1943/1943/1943 1893/1893/1893 
f 1893/1893/1893 2000/2000/2000 2001/2001/2001 
f 1943/1943/1943 2001/2001/2001 2002/2002/2002 
f 2002/2002/2002 1890/1890/1890 1943/1943/1943 
f 2003/2003/2003 1887/1887/1887 1890/1890/1890 
f 1890/1890/1890 2002/2002/2002 2003/2003/2003 
f 2004/2004/2004 1958/1958/1958 1887/1887/1887 
f 1887/1887/1887 2003/2003/2003 2004/2004/2004 
f 2005/2005/2005 1781/1781/1781 1958/1958/1958 
f 1958/1958/1958 2004/2004/2004 2005/2005/2005 
f 1782/1782/1782 1781/1781/1781 2005/2005/2005 
f 2005/2005/2005 2006/2006/2006 1782/1782/1782 
f 1782/1782/1782 2006/2006/2006 2007/2007/2007 
f 2007/2007/2007 1701/1701/1701 1782/1782/1782 
f 2008/2008/2008 1698/1698/1698 1701/1701/1701 
f 1701/1701/1701 2007/2007/2007 2008/2008/2008 
f 2009/2009/2009 1800/1800/1800 1698/1698/1698 
f 1698/1698/1698 2008/2008/2008 2009/2009/2009 
f 2010/2010/2010 2011/2011/2011 2012/2012/2012 
f 2012/2012/2012 2013/2013/2013 2010/2010/2010 
f 2014/2014/2014 2015/2015/2015 2016/2016/2016 
f 2016/2016/2016 2017/2017/2017 2014/2014/2014 
f 2018/2018/2018 2019/2019/2019 2020/2020/2020 
f 2020/2020/2020 2021/2021/2021 2018/2018/2018 
f 2022/2022/2022 2023/2023/2023 2024/2024/2024 
f 2024/2024/2024 2025/2025/2025 2022/2022/2022 
f 2022/2022/2022 2025/2025/2025 2026/2026/2026 
f 2026/2026/2026 2027/2027/2027 2022/2022/2022 
f 2028/2028/2028 2029/2029/2029 2027/2027/2027 
f 2027/2027/2027 2026/2026/2026 2028/2028/2028 
f 2030/2030/2030 2031/2031/2031 2032/2032/2032 
f 2032/2032/2032 2033/2033/2033 2030/2030/2030 
f 2034/2034/2034 2035/2035/2035 2036/2036/2036 
f 2036/2036/2036 2037/2037/2037 2034/2034/2034 
f 2038/2038/2038 2039/2039/2039 2040/2040/2040 
f 2040/2040/2040 2041/2041/2041 2038/2038/2038 
f 2042/2042/2042 2043/2043/2043 2044/2044/2044 
f 2044/2044/2044 2045/2045/2045 2042/2042/2042 
f 2046/2046/2046 2045/2045/2045 2044/2044/2044 
f 2044/2044/2044 2047/2047/2047 2046/2046/2046 
f 2048/2048/2048 2049/2049/2049 2046/2046/2046 
f 2046/2046/2046 2047/2047/2047 2048/2048/2048 
f 2016/2016/2016 2012/2012/2012 2011/2011/2011 
f 2011/2011/2011 2017/2017/2017 2016/2016/2016 
f 2020/2020/2020 2019/2019/2019 2015/2015/2015 
f 2015/2015/2015 2014/2014/2014 2020/2020/2020 
f 2010/2010/2010 2013/2013/2013 2049/2049/2049 
f 2049/2049/2049 2048/2048/2048 2010/2010/2010 
f 2018/2018/2018 2021/2021/2021 2024/2024/2024 
f 2024/2024/2024 2023/2023/2023 2018/2018/2018 
f 2035/2035/2035 2034/2034/2034 2032/2032/2032 
f 2032/2032/2032 2031/2031/2031 2035/2035/2035 
f 2036/2036/2036 2039/2039/2039 2038/2038/2038 
f 2038/2038/2038 2037/2037/2037 2036/2036/2036 
f 2041/2041/2041 2040/2040/2040 2043/2043/2043 
f 2043/2043/2043 2042/2042/2042 2041/2041/2041 
f 2028/2028/2028 2030/2030/2030 2033/2033/2033 
f 2033/2033/2033 2029/2029/2029 2028/2028/2028 
f 2050/2050/2050 2051/2051/2051 2052/2052/2052 
f 2052/2052/2052 2053/2053/2053 2050/2050/2050 
f 2054/2054/2054 2055/2055/2055 2056/2056/2056 
f 2056/2056/2056 2057/2057/2057 2054/2054/2054 
f 2058/2058/2058 2059/2059/2059 2060/2060/2060 
f 2060/2060/2060 2061/2061/2061 2058/2058/2058 
f 2062/2062/2062 2063/2063/2063 2064/2064/2064 
f 2064/2064/2064 2065/2065/2065 2062/2062/2062 
f 2062/2062/2062 2065/2065/2065 2066/2066/2066 
f 2066/2066/2066 2067/2067/2067 2062/2062/2062 
f 2068/2068/2068 2069/2069/2069 2067/2067/2067 
f 2067/2067/2067 2066/2066/2066 2068/2068/2068 
f 2070/2070/2070 2071/2071/2071 2072/2072/2072 
f 2072/2072/2072 2073/2073/2073 2070/2070/2070 
f 2074/2074/2074 2075/2075/2075 2076/2076/2076 
f 2076/2076/2076 2077/2077/2077 2074/2074/2074 
f 2078/2078/2078 2079/2079/2079 2080/2080/2080 
f 2080/2080/2080 2081/2081/2081 2078/2078/2078 
f 2082/2082/2082 2083/2083/2083 2084/2084/2084 
f 2084/2084/2084 2085/2085/2085 2082/2082/2082 
f 2086/2086/2086 2087/2087/2087 2083/2083/2083 
f 2083/2083/2083 2082/2082/2082 2086/2086/2086 
f 2088/2088/2088 2089/2089/2089 2087/2087/2087 
f 2087/2087/2087 2086/2086/2086 2088/2088/2088 
f 2055/2055/2055 2054/2054/2054 2051/2051/2051 
f 2051/2051/2051 2050/2050/2050 2055/2055/2055 
f 2057/2057/2057 2056/2056/2056 2060/2060/2060 
f 2060/2060/2060 2059/2059/2059 2057/2057/2057 
f 2052/2052/2052 2089/2089/2089 2088/2088/2088 
f 2088/2088/2088 2053/2053/2053 2052/2052/2052 
f 2058/2058/2058 2061/2061/2061 2064/2064/2064 
f 2064/2064/2064 2063/2063/2063 2058/2058/2058 
f 2070/2070/2070 2073/2073/2073 2076/2076/2076 
f 2076/2076/2076 2075/2075/2075 2070/2070/2070 
f 2080/2080/2080 2074/2074/2074 2077/2077/2077 
f 2077/2077/2077 2081/2081/2081 2080/2080/2080 
f 2084/2084/2084 2079/2079/2079 2078/2078/2078 
f 2078/2078/2078 2085/2085/2085 2084/2084/2084 
f 2069/2069/2069 2068/2068/2068 2072/2072/2072 
f 2072/2072/2072 2071/2071/2071 2069/2069/2069 
f 2013/2013/2013 2053/2053/2053 2088/2088/2088 
f 2088/2088/2088 2049/2049/2049 2013/2013/2013 
f 2053/2053/2053 2013/2013/2013 2012/2012/2012 
f 2012/2012/2012 2050/2050/2050 2053/2053/2053 
f 2050/2050/2050 2012/2012/2012 2016/2016/2016 
f 2016/2016/2016 2055/2055/2055 2050/2050/2050 
f 2055/2055/2055 2016/2016/2016 2015/2015/2015 
f 2015/2015/2015 2056/2056/2056 2055/2055/2055 
f 2056/2056/2056 2015/2015/2015 2019/2019/2019 
f 2019/2019/2019 2060/2060/2060 2056/2056/2056 
f 2018/2018/2018 2061/2061/2061 2060/2060/2060 
f 2060/2060/2060 2019/2019/2019 2018/2018/2018 
f 2061/2061/2061 2018/2018/2018 2023/2023/2023 
f 2023/2023/2023 2064/2064/2064 2061/2061/2061 
f 2023/2023/2023 2022/2022/2022 2065/2065/2065 
f 2065/2065/2065 2064/2064/2064 2023/2023/2023 
f 2022/2022/2022 2027/2027/2027 2066/2066/2066 
f 2066/2066/2066 2065/2065/2065 2022/2022/2022 
f 2066/2066/2066 2027/2027/2027 2029/2029/2029 
f 2029/2029/2029 2068/2068/2068 2066/2066/2066 
f 2033/2033/2033 2072/2072/2072 2068/2068/2068 
f 2068/2068/2068 2029/2029/2029 2033/2033/2033 
f 2032/2032/2032 2073/2073/2073 2072/2072/2072 
f 2072/2072/2072 2033/2033/2033 2032/2032/2032 
f 2034/2034/2034 2076/2076/2076 2073/2073/2073 
f 2073/2073/2073 2032/2032/2032 2034/2034/2034 
f 2077/2077/2077 2076/2076/2076 2034/2034/2034 
f 2034/2034/2034 2037/2037/2037 2077/2077/2077 
f 2038/2038/2038 2081/2081/2081 2077/2077/2077 
f 2077/2077/2077 2037/2037/2037 2038/2038/2038 
f 2078/2078/2078 2081/2081/2081 2038/2038/2038 
f 2038/2038/2038 2041/2041/2041 2078/2078/2078 
f 2042/2042/2042 2085/2085/2085 2078/2078/2078 
f 2078/2078/2078 2041/2041/2041 2042/2042/2042 
f 2045/2045/2045 2082/2082/2082 2085/2085/2085 
f 2085/2085/2085 2042/2042/2042 2045/2045/2045 
f 2046/2046/2046 2086/2086/2086 2082/2082/2082 
f 2082/2082/2082 2045/2045/2045 2046/2046/2046 
f 2049/2049/2049 2088/2088/2088 2086/2086/2086 
f 2086/2086/2086 2046/2046/2046 2049/2049/2049 
f 2090/2090/2090 2091/2091/2091 2089/2089/2089 
f 2089/2089/2089 2052/2052/2052 2090/2090/2090 
f 2051/2051/2051 2092/2092/2092 2090/2090/2090 
f 2090/2090/2090 2052/2052/2052 2051/2051/2051 
f 2092/2092/2092 2051/2051/2051 2054/2054/2054 
f 2054/2054/2054 2093/2093/2093 2092/2092/2092 
f 2093/2093/2093 2054/2054/2054 2057/2057/2057 
f 2057/2057/2057 2094/2094/2094 2093/2093/2093 
f 2059/2059/2059 2095/2095/2095 2094/2094/2094 
f 2094/2094/2094 2057/2057/2057 2059/2059/2059 
f 2058/2058/2058 2096/2096/2096 2095/2095/2095 
f 2095/2095/2095 2059/2059/2059 2058/2058/2058 
f 2096/2096/2096 2058/2058/2058 2063/2063/2063 
f 2063/2063/2063 2097/2097/2097 2096/2096/2096 
f 2097/2097/2097 2063/2063/2063 2062/2062/2062 
f 2062/2062/2062 2098/2098/2098 2097/2097/2097 
f 2067/2067/2067 2099/2099/2099 2098/2098/2098 
f 2098/2098/2098 2062/2062/2062 2067/2067/2067 
f 2069/2069/2069 2100/2100/2100 2099/2099/2099 
f 2099/2099/2099 2067/2067/2067 2069/2069/2069 
f 2069/2069/2069 2071/2071/2071 2101/2101/2101 
f 2101/2101/2101 2100/2100/2100 2069/2069/2069 
f 2070/2070/2070 2102/2102/2102 2101/2101/2101 
f 2101/2101/2101 2071/2071/2071 2070/2070/2070 
f 2102/2102/2102 2070/2070/2070 2075/2075/2075 
f 2075/2075/2075 2103/2103/2103 2102/2102/2102 
f 2074/2074/2074 2104/2104/2104 2103/2103/2103 
f 2103/2103/2103 2075/2075/2075 2074/2074/2074 
f 2080/2080/2080 2105/2105/2105 2104/2104/2104 
f 2104/2104/2104 2074/2074/2074 2080/2080/2080 
f 2105/2105/2105 2080/2080/2080 2079/2079/2079 
f 2079/2079/2079 2106/2106/2106 2105/2105/2105 
f 2107/2107/2107 2106/2106/2106 2079/2079/2079 
f 2079/2079/2079 2084/2084/2084 2107/2107/2107 
f 2083/2083/2083 2108/2108/2108 2107/2107/2107 
f 2107/2107/2107 2084/2084/2084 2083/2083/2083 
f 2109/2109/2109 2108/2108/2108 2083/2083/2083 
f 2083/2083/2083 2087/2087/2087 2109/2109/2109 
f 2089/2089/2089 2091/2091/2091 2109/2109/2109 
f 2109/2109/2109 2087/2087/2087 2089/2089/2089 
f 2090/2090/2090 2110/2110/2110 2091/2091/2091 
f 2092/2092/2092 2110/2110/2110 2090/2090/2090 
f 2093/2093/2093 2110/2110/2110 2092/2092/2092 
f 2094/2094/2094 2110/2110/2110 2093/2093/2093 
f 2095/2095/2095 2110/2110/2110 2094/2094/2094 
f 2096/2096/2096 2110/2110/2110 2095/2095/2095 
f 2097/2097/2097 2110/2110/2110 2096/2096/2096 
f 2098/2098/2098 2110/2110/2110 2097/2097/2097 
f 2099/2099/2099 2110/2110/2110 2098/2098/2098 
f 2100/2100/2100 2110/2110/2110 2099/2099/2099 
f 2101/2101/2101 2110/2110/2110 2100/2100/2100 
f 2102/2102/2102 2110/2110/2110 2101/2101/2101 
f 2103/2103/2103 2110/2110/2110 2102/2102/2102 
f 2104/2104/2104 2110/2110/2110 2103/2103/2103 
f 2105/2105/2105 2110/2110/2110 2104/2104/2104 
f 2106/2106/2106 2110/2110/2110 2105/2105/2105 
f 2107/2107/2107 2110/2110/2110 2106/2106/2106 
f 2108/2108/2108 2110/2110/2110 2107/2107/2107 
f 2109/2109/2109 2110/2110/2110 2108/2108/2108 
f 2091/2091/2091 2110/2110/2110 2109/2109/2109 
f 2111/2111/2111 2112/2112/2112 2113/2113/2113 
f 2114/2114/2114 2115/2115/2115 2116/2116/2116 
f 2117/2117/2117 2118/2118/2118 2119/2119/2119 
f 2120/2120/2120 2121/2121/2121 2122/2122/2122 
f 2123/2123/2123 2124/2124/2124 2125/2125/2125 
f 2126/2126/2126 2127/2127/2127 2128/2128/2128 
f 2129/2129/2129 2130/2130/2130 2131/2131/2131 
f 2132/2132/2132 2133/2133/2133 2134/2134/2134 
f 2135/2135/2135 2136/2136/2136 2137/2137/2137 
f 2138/2138/2138 2139/2139/2139 2140/2140/2140 
f 2141/2141/2141 2142/2142/2142 2143/2143/2143 
f 2144/2144/2144 2145/2145/2145 2146/2146/2146 
f 2147/2147/2147 2148/2148/2148 2149/2149/2149 
f 2150/2150/2150 2151/2151/2151 2152/2152/2152 
f 2153/2153/2153 2154/2154/2154 2155/2155/2155 
f 2156/2156/2156 2157/2157/2157 2158/2158/2158 
f 2159/2159/2159 2160/2160/2160 2161/2161/2161 
f 2162/2162/2162 2163/2163/2163 2164/2164/2164 
f 2165/2165/2165 2166/2166/2166 2167/2167/2167 
f 2168/2168/2168 2169/2169/2169 2170/2170/2170 
f 2171/2171/2171 2172/2172/2172 2173/2173/2173 
f 2174/2174/2174 2175/2175/2175 2176/2176/2176 
f 2177/2177/2177 2178/2178/2178 2179/2179/2179 
f 2180/2180/2180 2181/2181/2181 2182/2182/2182 

g Davidplayzyt12313

v 552.635 198.093 -532.251 
v 552.609 197.972 -532.284 
v 552.527 197.985 -532.303 
v 552.527 198.115 -532.274 
v 552.574 197.82 -532.243 
v 552.527 197.806 -532.265 
v 552.527 197.638 -531.886 
v 552.527 197.691 -532.172 
v 552.546 197.707 -532.15 
v 552.527 197.697 -531.69 
v 552.54 197.684 -531.704 
v 552.597 197.973 -531.566 
v 552.527 197.985 -531.558 
v 552.527 197.881 -531.566 
v 552.567 197.867 -531.588 
v 552.657 198.214 -531.653 
v 552.527 198.256 -531.655 
v 552.527 198.134 -531.571 
v 552.629 198.107 -531.579 
v 552.675 198.291 -531.917 
v 552.527 198.352 -531.93 
v 552.527 198.345 -531.776 
v 552.673 198.276 -531.768 
v 552.527 198.325 -532.061 
v 552.675 198.274 -532.043 
v 552.658 198.204 -532.173 
v 552.527 198.244 -532.194 
v 552.851 197.496 -532.115 
v 552.751 197.446 -532.066 
v 552.733 197.516 -532.095 
v 552.831 197.57 -532.141 
v 552.612 197.448 -531.824 
v 552.655 197.477 -532.018 
v 552.676 197.405 -531.985 
v 552.631 197.376 -531.795 
v 552.627 197.455 -531.745 
v 552.648 197.384 -531.725 
v 553.027 197.673 -531.925 
v 553.052 197.588 -531.896 
v 553.009 197.568 -532.018 
v 552.987 197.653 -532.046 
v 552.943 197.535 -532.091 
v 552.92 197.618 -532.118 
v 552.796 197.718 -532.165 
v 552.697 197.664 -532.125 
v 552.673 197.737 -532.176 
v 552.766 197.827 -532.218 
v 552.551 197.651 -531.867 
v 552.596 197.68 -532.098 
v 552.618 197.623 -532.045 
v 552.575 197.588 -531.842 
v 552.569 197.664 -531.737 
v 552.591 197.596 -531.745 
v 552.781 197.691 -531.544 
v 552.736 197.813 -531.547 
v 552.653 197.744 -531.589 
v 552.676 197.641 -531.589 
v 552.959 197.791 -531.609 
v 552.933 197.969 -531.63 
v 552.858 197.9 -531.576 
v 552.886 197.749 -531.562 
v 553.015 197.82 -531.839 
v 552.981 198.006 -531.865 
v 552.968 197.992 -531.735 
v 552.997 197.81 -531.712 
v 552.97 197.997 -531.981 
v 553.004 197.818 -531.947 
v 552.965 197.799 -532.067 
v 552.93 197.969 -532.11 
v 552.891 197.764 -532.139 
v 552.856 197.904 -532.185 
v 552.902 197.359 -532.137 
v 552.797 197.317 -532.082 
v 552.704 197.267 -531.993 
v 552.667 197.229 -531.807 
v 552.689 197.233 -531.728 
v 552.908 197.298 -531.534 
v 552.849 197.457 -531.52 
v 552.759 197.426 -531.587 
v 552.788 197.264 -531.59 
v 553.107 197.393 -531.626 
v 553.015 197.558 -531.615 
v 552.948 197.491 -531.558 
v 553.025 197.348 -531.553 
v 553.138 197.415 -531.908 
v 553.088 197.409 -532.035 
v 553.012 197.39 -532.109 
v 552.625 197.808 -532.231 
v 552.693 197.941 -532.27 
v 552.731 197.895 -532.246 
v 552.649 197.778 -532.205 
v 552.564 197.704 -532.141 
v 552.58 197.696 -532.128 
v 552.541 197.66 -531.878 
v 552.557 197.684 -531.728 
v 552.705 197.884 -531.553 
v 552.668 197.933 -531.559 
v 552.609 197.821 -531.587 
v 552.631 197.788 -531.588 
v 552.865 198.076 -531.634 
v 552.79 198.149 -531.638 
v 552.735 198.054 -531.571 
v 552.797 197.991 -531.573 
v 552.906 198.123 -531.885 
v 552.826 198.206 -531.903 
v 552.823 198.193 -531.752 
v 552.898 198.109 -531.744 
v 552.828 198.201 -532.028 
v 552.902 198.116 -532.006 
v 552.865 198.071 -532.136 
v 552.792 198.141 -532.16 
v 552.745 198.047 -532.238 
v 552.802 197.99 -532.213 
v 552.712 196.635 -532.27 
v 552.744 196.707 -532.255 
v 552.807 196.662 -532.28 
v 552.773 196.6 -532.291 
v 552.684 196.488 -532.298 
v 552.698 196.559 -532.284 
v 552.749 196.534 -532.296 
v 552.726 196.472 -532.301 
v 552.701 196.451 -532.245 
v 552.659 196.494 -532.263 
v 552.684 196.488 -532.298 
v 552.838 196.61 -532.25 
v 552.809 196.571 -532.254 
v 552.786 196.514 -532.259 
v 552.756 196.466 -532.268 
v 552.756 196.466 -532.268 
v 552.726 196.472 -532.301 
v 552.809 196.571 -532.254 
v 552.838 196.61 -532.25 
v 552.834 196.576 -532.167 
v 552.8 196.557 -532.184 
v 552.786 196.514 -532.259 
v 552.78 196.505 -532.198 
v 552.752 196.463 -532.215 
v 552.756 196.466 -532.268 
v 552.792 196.572 -532.105 
v 552.754 196.568 -532.136 
v 552.739 196.511 -532.157 
v 552.716 196.464 -532.181 
v 552.729 196.632 -532.075 
v 552.698 196.597 -532.137 
v 552.675 196.479 -532.185 
v 552.686 196.536 -532.162 
v 552.7 196.696 -532.106 
v 552.668 196.627 -532.167 
v 552.662 196.557 -532.19 
v 552.656 196.491 -532.212 
v 552.656 196.491 -532.212 
v 552.668 196.627 -532.167 
v 552.7 196.696 -532.106 
v 552.695 196.714 -532.191 
v 552.671 196.642 -532.22 
v 552.656 196.491 -532.212 
v 552.662 196.557 -532.19 
v 552.665 196.566 -532.242 
v 552.659 196.494 -532.263 
v 553.238 196.201 -531.805 
v 553.168 196.235 -531.78 
v 553.132 196.158 -531.785 
v 553.189 196.119 -531.816 
v 553.114 196.059 -531.827 
v 553.073 196.1 -531.8 
v 553.02 196.048 -531.813 
v 552.999 196.042 -531.893 
v 553.047 196.005 -531.836 
v 553.168 196.235 -531.78 
v 553.113 196.267 -531.814 
v 553.076 196.196 -531.817 
v 553.132 196.158 -531.785 
v 553.073 196.1 -531.8 
v 553.023 196.147 -531.827 
v 552.993 196.09 -531.837 
v 553.088 196.281 -531.893 
v 553.053 196.212 -531.893 
v 553.006 196.163 -531.893 
v 552.982 196.107 -531.893 
v 553.114 196.267 -531.973 
v 553.077 196.196 -531.97 
v 553.023 196.146 -531.959 
v 552.993 196.09 -531.95 
v 553.176 196.234 -532.005 
v 553.133 196.157 -532.001 
v 553.073 196.099 -531.986 
v 553.02 196.047 -531.973 
v 553.238 196.201 -531.972 
v 553.189 196.119 -531.969 
v 553.133 196.157 -532.001 
v 553.176 196.234 -532.005 
v 553.114 196.059 -531.959 
v 553.073 196.099 -531.986 
v 553.047 196.005 -531.949 
v 553.264 196.187 -531.885 
v 553.212 196.103 -531.888 
v 553.131 196.042 -531.891 
v 553.059 195.988 -531.893 
v 553.185 196.311 -532.004 
v 553.123 196.333 -531.976 
v 553.095 196.345 -531.893 
v 553.123 196.334 -531.81 
v 553.169 196.31 -531.775 
v 553.268 196.279 -531.8 
v 553.169 196.31 -531.775 
v 553.297 196.268 -531.882 
v 553.268 196.279 -531.976 
v 553.185 196.311 -532.004 
v 553.136 196.244 -531.599 
v 553.084 196.267 -531.604 
v 553.057 196.208 -531.618 
v 553.105 196.18 -531.613 
v 553.064 196.136 -531.637 
v 553.027 196.166 -531.64 
v 552.991 196.117 -531.664 
v 553.017 196.085 -531.664 
v 552.991 196.117 -531.664 
v 553.001 196.104 -531.724 
v 553.017 196.085 -531.664 
v 553.052 196.286 -531.659 
v 553.029 196.23 -531.665 
v 553.057 196.208 -531.618 
v 553.084 196.267 -531.604 
v 553.027 196.166 -531.64 
v 553.001 196.194 -531.682 
v 552.98 196.144 -531.695 
v 552.991 196.117 -531.664 
v 553.058 196.287 -531.723 
v 553.036 196.234 -531.727 
v 553.009 196.199 -531.735 
v 552.989 196.152 -531.739 
v 553.1 196.271 -531.765 
v 553.075 196.216 -531.767 
v 553.042 196.181 -531.771 
v 553.014 196.134 -531.77 
v 553.152 196.247 -531.759 
v 553.122 196.188 -531.762 
v 553.084 196.148 -531.766 
v 553.039 196.102 -531.77 
v 553.039 196.102 -531.77 
v 553.184 196.23 -531.709 
v 553.151 196.166 -531.715 
v 553.122 196.188 -531.762 
v 553.152 196.247 -531.759 
v 553.104 196.124 -531.726 
v 553.051 196.075 -531.739 
v 553.039 196.102 -531.77 
v 553.084 196.148 -531.766 
v 553.051 196.075 -531.739 
v 553.177 196.228 -531.645 
v 553.144 196.163 -531.653 
v 553.096 196.119 -531.672 
v 553.042 196.068 -531.695 
v 553.042 196.068 -531.695 
v 553.105 196.329 -531.77 
v 553.061 196.343 -531.727 
v 553.055 196.344 -531.66 
v 553.09 196.329 -531.595 
v 553.155 196.31 -531.589 
v 553.09 196.329 -531.595 
v 553.2 196.298 -531.644 
v 553.205 196.297 -531.712 
v 553.208 196.21 -532.062 
v 553.159 196.239 -532.02 
v 553.117 196.173 -532.024 
v 553.161 196.139 -532.063 
v 553.094 196.091 -532.065 
v 553.063 196.126 -532.031 
v 553.011 196.081 -532.039 
v 553.03 196.045 -532.067 
v 553.011 196.081 -532.039 
v 552.979 196.081 -532.105 
v 553.03 196.045 -532.067 
v 553.159 196.239 -532.02 
v 553.102 196.272 -532.036 
v 553.066 196.211 -532.039 
v 553.117 196.173 -532.024 
v 553.063 196.126 -532.031 
v 553.018 196.171 -532.044 
v 552.986 196.121 -532.051 
v 553.011 196.081 -532.039 
v 553.07 196.29 -532.101 
v 553.037 196.231 -532.101 
v 552.995 196.191 -532.097 
v 552.97 196.141 -532.097 
v 553.082 196.283 -532.175 
v 553.047 196.221 -532.172 
v 553.001 196.18 -532.159 
v 552.972 196.129 -532.15 
v 553.131 196.254 -532.217 
v 553.09 196.188 -532.212 
v 553.04 196.139 -532.195 
v 552.991 196.092 -532.178 
v 552.991 196.092 -532.178 
v 553.188 196.221 -532.201 
v 553.142 196.15 -532.197 
v 553.09 196.188 -532.212 
v 553.131 196.254 -532.217 
v 553.077 196.1 -532.181 
v 553.016 196.052 -532.165 
v 552.991 196.092 -532.178 
v 553.04 196.139 -532.195 
v 553.016 196.052 -532.165 
v 553.22 196.202 -532.136 
v 553.171 196.13 -532.135 
v 553.1 196.08 -532.127 
v 553.032 196.033 -532.119 
v 553.032 196.033 -532.119 
v 553.156 196.327 -532.218 
v 553.094 196.351 -532.175 
v 553.08 196.356 -532.097 
v 553.115 196.339 -532.03 
v 553.24 196.287 -532.057 
v 553.254 196.282 -532.135 
v 553.219 196.298 -532.201 
v 553.156 196.327 -532.218 
v 552.777 196.822 -531.786 
v 552.791 196.836 -531.849 
v 552.788 196.792 -531.85 
v 552.767 196.768 -531.795 
v 552.735 196.757 -532.048 
v 552.753 196.828 -532.003 
v 552.758 196.846 -532.118 
v 552.722 196.776 -532.164 
v 552.824 196.848 -532.189 
v 552.935 196.812 -532.208 
v 552.872 196.711 -532.264 
v 552.779 196.77 -532.24 
v 553.091 196.778 -532.157 
v 553.076 196.668 -532.201 
v 553.247 196.661 -532.07 
v 553.297 196.432 -532.015 
v 553.309 196.442 -532.128 
v 553.061 196.631 -531.556 
v 553.159 196.473 -531.561 
v 553.238 196.657 -531.68 
v 552.884 196.618 -531.612 
v 552.801 196.684 -531.65 
v 552.807 196.616 -531.687 
v 552.855 196.577 -531.667 
v 553.037 196.406 -531.79 
v 552.891 196.646 -532.246 
v 553.038 196.607 -532.203 
v 553.275 196.44 -531.646 
v 553.043 196.439 -532.175 
v 553.027 196.421 -532.077 
v 553.066 196.453 -531.589 
v 553.009 196.411 -531.649 
v 552.989 196.558 -532.147 
v 553.038 196.607 -532.203 
v 553.002 196.513 -532.164 
v 552.851 196.581 -531.788 
v 552.774 196.683 -531.798 
v 552.949 196.54 -531.646 
v 552.976 196.561 -531.593 
v 552.966 196.53 -531.88 
v 552.997 196.516 -531.787 
v 552.848 196.604 -531.857 
v 552.889 196.594 -532.152 
v 552.964 196.533 -532.054 
v 552.851 196.575 -532.076 
v 553.291 196.437 -531.759 
v 553.349 196.424 -531.878 
v 553.299 196.652 -531.877 
v 553.028 196.97 -532.085 
v 553.117 196.972 -532.07 
v 553.108 196.892 -532.104 
v 552.996 196.907 -532.142 
v 553.183 196.969 -532.008 
v 553.225 196.964 -531.943 
v 553.245 196.878 -531.957 
v 553.202 196.878 -532.03 
v 553.266 196.874 -531.873 
v 553.243 196.958 -531.867 
v 553.238 196.952 -531.779 
v 553.251 196.867 -531.774 
v 553.107 196.948 -531.628 
v 553.113 196.858 -531.599 
v 553.226 196.86 -531.703 
v 553.21 196.949 -531.713 
v 552.899 196.937 -531.676 
v 552.874 196.865 -531.652 
v 552.982 196.86 -531.617 
v 552.984 196.938 -531.648 
v 552.799 196.878 -531.849 
v 552.791 196.872 -531.79 
v 552.821 196.94 -531.79 
v 552.821 196.942 -531.847 
v 552.788 196.894 -531.972 
v 552.85 196.955 -531.981 
v 552.797 196.913 -532.069 
v 552.914 196.97 -532.074 
v 552.87 196.923 -532.136 
v 553.035 196.383 -531.891 
v 553.052 196.41 -531.978 
v 553.239 196.458 -532.207 
v 553.131 196.473 -532.215 
v 552.821 196.942 -531.847 
v 552.799 196.878 -531.849 
v 552.788 196.792 -531.85 
v 552.791 196.836 -531.849 
v 552.735 196.757 -532.048 
v 552.757 196.664 -532.019 
v 552.767 196.696 -531.898 
v 552.788 196.792 -531.85 
v 552.855 196.577 -531.936 
v 552.998 196.512 -531.965 
v 552.98 196.491 -532.064 
v 553.01 196.475 -531.971 
v 552.986 196.472 -531.885 
v 553.002 196.475 -531.788 
v 552.964 196.49 -531.647 
v 552.792 196.685 -531.854 
v 552.891 196.646 -532.246 
v 553.066 196.453 -531.589 
v 553.131 196.473 -532.215 
v 552.767 196.768 -531.795 
v 553.27 196.655 -531.767 
v 553.284 196.658 -531.982 
v 552.976 196.561 -531.593 
v 552.926 196.705 -531.595 
v 552.884 196.618 -531.612 
v 552.821 196.775 -531.641 
v 552.801 196.684 -531.65 
v 553.065 197.594 -531.786 
v 553.039 197.678 -531.817 
v 553.022 197.664 -531.71 
v 553.05 197.58 -531.691 
v 553.143 197.409 -531.701 
v 553.158 197.416 -531.794 
v 552.985 197.642 -531.624 
v 552.918 197.601 -531.57 
v 552.822 197.547 -531.544 
v 552.712 197.503 -531.601 
v 552.952 197.203 -532.13 
v 553.06 197.224 -532.106 
v 553.135 197.234 -532.033 
v 553.185 197.236 -531.926 
v 553.193 197.227 -531.727 
v 553.204 197.234 -531.822 
v 553.159 197.216 -531.651 
v 553.063 197.187 -531.57 
v 552.938 197.151 -531.566 
v 552.83 197.133 -531.613 
v 552.737 197.115 -531.748 
v 552.721 197.113 -531.822 
v 552.756 197.143 -531.995 
v 552.842 197.18 -532.091 
v 552.756 197.143 -531.995 
v 552.704 197.267 -531.993 
v 552.676 197.405 -531.985 
v 552.655 197.477 -532.018 
v 552.618 197.623 -532.045 
v 552.596 197.68 -532.098 
v 552.564 197.704 -532.141 
v 552.58 197.696 -532.128 
v 552.546 197.707 -532.15 
v 552.527 197.691 -532.172 
v 552.527 198.256 -531.655 
v 552.657 198.214 -531.653 
v 552.79 198.149 -531.638 
v 552.865 198.076 -531.634 
v 552.933 197.969 -531.63 
v 552.959 197.791 -531.609 
v 552.985 197.642 -531.624 
v 553.015 197.558 -531.615 
v 553.107 197.393 -531.626 
v 553.159 197.216 -531.651 
v 552.527 197.785 -531.595 
v 552.546 197.763 -531.622 
v 552.559 197.742 -531.638 
v 552.575 197.711 -531.637 
v 552.589 197.679 -531.636 
v 552.609 197.604 -531.638 
v 552.643 197.463 -531.657 
v 552.666 197.393 -531.648 
v 552.713 197.238 -531.641 
v 552.755 197.117 -531.667 
v 552.834 196.938 -531.727 
v 552.796 196.866 -531.724 
v 552.774 196.807 -531.717 
v 552.758 196.742 -531.734 
v 552.758 196.742 -531.734 
v 552.888 197.058 -532.081 
v 552.997 197.067 -532.104 
v 552.815 197.033 -531.987 
v 552.783 197.014 -531.837 
v 552.815 197.033 -531.987 
v 552.793 197.013 -531.772 
v 552.805 197.013 -531.702 
v 552.874 197.019 -531.65 
v 552.965 197.027 -531.614 
v 553.089 197.048 -531.604 
v 553.189 197.06 -531.687 
v 553.189 197.06 -531.687 
v 553.219 197.066 -531.757 
v 553.227 197.073 -531.848 
v 553.208 197.077 -531.936 
v 553.163 197.08 -532.018 
v 553.093 197.077 -532.085 
v 552.914 196.97 -532.074 
v 553.028 196.97 -532.085 
v 552.85 196.955 -531.981 
v 552.821 196.942 -531.847 
v 552.85 196.955 -531.981 
v 552.821 196.94 -531.79 
v 552.834 196.938 -531.727 
v 552.899 196.937 -531.676 
v 552.984 196.938 -531.648 
v 553.107 196.948 -531.628 
v 553.21 196.949 -531.713 
v 553.21 196.949 -531.713 
v 553.238 196.952 -531.779 
v 553.243 196.958 -531.867 
v 553.225 196.964 -531.943 
v 553.183 196.969 -532.008 
v 553.117 196.972 -532.07 
v 553.047 196.005 -531.836 
v 553.059 195.988 -531.893 
v 553.047 196.005 -531.949 
v 553.02 196.047 -531.973 
v 553.02 196.047 -531.973 
v 553.02 196.048 -531.813 
v 553.02 196.048 -531.813 
v 552.834 196.938 -531.727 
v 552.805 197.013 -531.702 
v 552.755 197.117 -531.667 
v 552.713 197.238 -531.641 
v 552.666 197.393 -531.648 
v 552.643 197.463 -531.657 
v 552.609 197.604 -531.638 
v 552.589 197.679 -531.636 
v 552.575 197.711 -531.637 
v 552.559 197.742 -531.638 
v 552.546 197.763 -531.622 
v 552.527 197.785 -531.595 
v 552.527 197.806 -532.265 
v 552.527 197.691 -532.172 
v 552.527 197.995 -531.93 
v 552.527 197.691 -532.172 
v 552.527 197.638 -531.886 
v 552.527 197.995 -531.93 
v 552.527 197.697 -531.69 
v 552.527 197.785 -531.595 
v 552.527 197.995 -531.93 
v 552.527 197.881 -531.566 
v 552.527 197.985 -531.558 
v 552.527 197.995 -531.93 
v 552.527 198.134 -531.571 
v 552.527 198.256 -531.655 
v 552.527 197.995 -531.93 
v 552.527 198.345 -531.776 
v 552.527 198.352 -531.93 
v 552.527 197.995 -531.93 
v 552.527 198.325 -532.061 
v 552.527 198.244 -532.194 
v 552.527 198.115 -532.274 
v 552.527 197.985 -532.303 
v 552.527 197.995 -531.93 
v 552.527 197.985 -531.558 
v 552.527 197.985 -532.303 
v 552.527 197.806 -532.265 
v 552.527 197.995 -531.93 
v 552.527 198.256 -531.655 
v 552.527 198.345 -531.776 
v 552.527 197.995 -531.93 
v 552.527 198.352 -531.93 
v 552.527 198.325 -532.061 
v 552.527 197.995 -531.93 
v 552.527 197.785 -531.595 
v 552.527 197.881 -531.566 
v 552.527 197.995 -531.93 
v 552.527 198.244 -532.194 
v 552.527 198.115 -532.274 
v 552.527 197.995 -531.93 
v 552.527 197.638 -531.886 
v 552.527 197.697 -531.69 
v 552.527 197.995 -531.93 

vn 0.267717 0.362205 -0.889764 
vn 0.220472 -0.0393701 -0.976378 
vn 0.283465 -0.023622 -0.96063 
vn 0.267717 0.362205 -0.889764 
vn 0.291339 -0.456693 -0.84252 
vn 0.480315 -0.409449 -0.771654 
vn 0.299213 -0.952756 -0.023622 
vn 0.700787 -0.622047 -0.354331 
vn 0.393701 -0.787402 -0.472441 
vn -0.23622 -0.834646 0.503937 
vn -0.110236 -0.858268 0.503937 
vn 0.0314961 -0.0314961 1 
vn 0.173228 -0.0472441 0.984252 
vn 0.362205 -0.244094 0.897638 
vn 0.0866142 -0.259843 0.96063 
vn 0.259843 0.685039 0.677165 
vn 0.244094 0.685039 0.685039 
vn 0.149606 0.322835 0.937008 
vn 0.110236 0.322835 0.937008 
vn 0.433071 0.905512 -0.015748 
vn 0.385827 0.92126 -0.0472441 
vn 0.362205 0.88189 0.307087 
vn 0.401575 0.866142 0.291339 
vn 0.354331 0.874016 -0.330709 
vn 0.401575 0.866142 -0.299213 
vn 0.346457 0.669291 -0.661417 
vn 0.314961 0.677165 -0.669291 
vn -0.0393701 -0.11811 -0.992126 
vn -0.480315 -0.259843 -0.84252 
vn -0.409449 -0.354331 -0.84252 
vn 0.0393701 -0.244094 -0.968504 
vn -0.96063 -0.275591 -0.023622 
vn -0.771654 -0.370079 -0.519685 
vn -0.80315 -0.299213 -0.519685 
vn -0.968504 -0.259843 -0.00787402 
vn -0.952756 -0.228346 0.204724 
vn -0.937008 -0.23622 0.244094 
vn 0.96063 0.15748 -0.228346 
vn 0.913386 0.330709 -0.244094 
vn 0.80315 0.244094 -0.535433 
vn 0.850394 0.0629921 -0.519685 
vn 0.496063 0.0866142 -0.866142 
vn 0.543307 -0.0787402 -0.834646 
vn 0.11811 -0.275591 -0.952756 
vn -0.307087 -0.440945 -0.84252 
vn -0.0629921 -0.590551 -0.80315 
vn 0.244094 -0.314961 -0.913386 
vn -0.811024 -0.582677 -0.023622 
vn -0.456693 -0.740157 -0.496063 
vn -0.716535 -0.464567 -0.519685 
vn -0.944882 -0.330709 -0.0314961 
vn -0.889764 -0.417323 0.204724 
vn -0.944882 -0.267717 0.188976 
vn -0.102362 -0.0314961 0.992126 
vn -0.110236 0 0.992126 
vn -0.417323 -0.141732 0.897638 
vn -0.448819 -0.149606 0.88189 
vn 0.755906 0.141732 0.645669 
vn 0.685039 0.299213 0.661417 
vn 0.291339 0.165354 0.944882 
vn 0.354331 0.0866142 0.929134 
vn 0.984252 0.165354 0.023622 
vn 0.937008 0.354331 0.015748 
vn 0.897638 0.362205 0.251969 
vn 0.952756 0.173228 0.259843 
vn 0.92126 0.307087 -0.228346 
vn 0.968504 0.133858 -0.212598 
vn 0.850394 0.0551181 -0.527559 
vn 0.811024 0.181102 -0.551181 
vn 0.551181 -0.0866142 -0.826772 
vn 0.566929 -0.0393701 -0.818898 
vn -0.110236 0.023622 -0.992126 
vn -0.543307 -0.11811 -0.834646 
vn -0.826772 -0.23622 -0.511811 
vn -0.944882 -0.322835 0 
vn -0.913386 -0.330709 0.251969 
vn -0.11811 -0.125984 0.984252 
vn -0.149606 0.023622 0.992126 
vn -0.511811 -0.110236 0.850394 
vn -0.456693 -0.220472 0.866142 
vn 0.724409 0.23622 0.645669 
vn 0.669291 0.330709 0.669291 
vn 0.362205 0.204724 0.905512 
vn 0.393701 0.0787402 0.913386 
vn 0.897638 0.354331 -0.267717 
vn 0.76378 0.322835 -0.559055 
vn 0.433071 0.204724 -0.874016 
vn 0.110236 -0.527559 -0.84252 
vn 0.251969 -0.133858 -0.96063 
vn 0.307087 -0.23622 -0.92126 
vn 0.0787402 -0.574803 -0.811024 
vn 0.165354 -0.858268 -0.496063 
vn 0 -0.874016 -0.480315 
vn -0.0629921 -1 -0.00787402 
vn -0.448819 -0.826772 0.338583 
vn -0.102362 -0.00787402 0.992126 
vn -0.102362 -0.015748 0.992126 
vn -0.267717 -0.220472 0.937008 
vn -0.370079 -0.173228 0.913386 
vn 0.574803 0.472441 0.669291 
vn 0.409449 0.614173 0.677165 
vn 0.149606 0.275591 0.952756 
vn 0.244094 0.212598 0.944882 
vn 0.795276 0.606299 0.023622 
vn 0.614173 0.787402 0.015748 
vn 0.574803 0.771654 0.267717 
vn 0.755906 0.598425 0.251969 
vn 0.606299 0.748031 -0.259843 
vn 0.80315 0.551181 -0.23622 
vn 0.716535 0.377953 -0.590551 
vn 0.527559 0.559055 -0.637795 
vn 0.401575 0.259843 -0.874016 
vn 0.535433 0.110236 -0.834646 
vn -0.464567 0.299213 -0.826772 
vn -0.425197 0.409449 -0.811024 
vn 0.165354 0.0393701 -0.984252 
vn 0.228346 0.015748 -0.976378 
vn -0.566929 -0.354331 -0.740157 
vn -0.472441 0.220472 -0.850394 
vn 0.291339 -0.023622 -0.96063 
vn 0.11811 -0.590551 -0.80315 
vn -0.299213 -0.952756 -0.0944882 
vn -0.897638 -0.314961 -0.314961 
vn -0.566929 -0.354331 -0.740157 
vn 0.559055 -0.543307 -0.622047 
vn 0.787402 -0.409449 -0.464567 
vn 0.84252 -0.370079 -0.385827 
vn 0.551181 -0.779528 -0.307087 
vn 0.551181 -0.779528 -0.307087 
vn 0.11811 -0.590551 -0.80315 
vn 0.787402 -0.409449 -0.464567 
vn 0.559055 -0.543307 -0.622047 
vn 0.401575 -0.905512 -0.102362 
vn 0.685039 -0.692913 0.212598 
vn 0.84252 -0.370079 -0.385827 
vn 0.779528 -0.511811 0.354331 
vn 0.488189 -0.850394 0.204724 
vn 0.551181 -0.779528 -0.307087 
vn -0.0944882 -0.92126 0.370079 
vn 0.0551181 -0.708661 0.700787 
vn 0.19685 -0.456693 0.866142 
vn 0.023622 -0.818898 0.574803 
vn -0.645669 -0.440945 0.622047 
vn -0.590551 -0.346457 0.724409 
vn -0.582677 -0.606299 0.543307 
vn -0.535433 -0.228346 0.811024 
vn -0.929134 0.11811 0.346457 
vn -0.944882 0.0393701 0.330709 
vn -0.952756 -0.00787402 0.299213 
vn -0.889764 -0.425197 0.149606 
vn -0.889764 -0.425197 0.149606 
vn -0.944882 0.0393701 0.330709 
vn -0.929134 0.11811 0.346457 
vn -0.866142 0.440945 -0.244094 
vn -0.897638 0.299213 -0.314961 
vn -0.889764 -0.425197 0.149606 
vn -0.952756 -0.00787402 0.299213 
vn -0.92126 0.181102 -0.346457 
vn -0.897638 -0.314961 -0.314961 
vn 0.598425 -0.338583 0.724409 
vn -0.125984 -0.0551181 0.992126 
vn -0.0866142 -0.0866142 0.992126 
vn 0.496063 -0.527559 0.692913 
vn 0.401575 -0.622047 0.669291 
vn -0.11811 -0.133858 0.984252 
vn -0.574803 -0.401575 0.708661 
vn -0.850394 -0.527559 0 
vn -0.220472 -0.826772 0.519685 
vn -0.125984 -0.0551181 0.992126 
vn -0.748031 0.181102 0.645669 
vn -0.629921 0.385827 0.677165 
vn -0.0866142 -0.0866142 0.992126 
vn -0.11811 -0.133858 0.984252 
vn -0.637795 0.370079 0.669291 
vn -0.889764 -0.0393701 0.448819 
vn -0.96063 0.291339 0 
vn -0.811024 0.582677 0 
vn -0.826772 0.559055 0 
vn -1 0.0708661 0 
vn -0.708661 0.204724 -0.677165 
vn -0.622047 0.385827 -0.685039 
vn -0.637795 0.370079 -0.677165 
vn -0.889764 -0.0393701 -0.448819 
vn -0.0314961 -0.0393701 -1 
vn -0.0551181 -0.0944882 -0.992126 
vn -0.110236 -0.141732 -0.984252 
vn -0.574803 -0.401575 -0.708661 
vn 0.661417 -0.322835 -0.677165 
vn 0.527559 -0.527559 -0.669291 
vn -0.0551181 -0.0944882 -0.992126 
vn -0.0314961 -0.0393701 -1 
vn 0.409449 -0.629921 -0.661417 
vn -0.110236 -0.141732 -0.984252 
vn -0.220472 -0.826772 -0.519685 
vn 0.889764 -0.456693 0.015748 
vn 0.732283 -0.677165 0.015748 
vn 0.598425 -0.80315 0.00787402 
vn -0.0708661 -1 0.00787402 
vn -0.0393701 -0.968504 -0.244094 
vn -0.716535 -0.299213 -0.629921 
vn -0.92126 -0.385827 -0.0314961 
vn -0.779528 -0.433071 0.448819 
vn 0.165354 -0.984252 0.023622 
vn 0.598425 -0.283465 0.748031 
vn 0.165354 -0.984252 0.023622 
vn 0.944882 -0.338583 0.0314961 
vn 0.653543 -0.283465 -0.700787 
vn -0.0393701 -0.968504 -0.244094 
vn 0.267717 -0.259843 0.929134 
vn -0.551181 0.00787402 0.834646 
vn -0.543307 0.023622 0.84252 
vn 0.141732 -0.409449 0.897638 
vn 0.0472441 -0.503937 0.858268 
vn -0.566929 0 0.826772 
vn -0.834646 -0.330709 0.440945 
vn -0.440945 -0.755906 0.488189 
vn -0.834646 -0.330709 0.440945 
vn -0.755906 -0.598425 -0.259843 
vn -0.440945 -0.755906 0.488189 
vn -0.952756 0.19685 0.23622 
vn -0.874016 0.409449 0.275591 
vn -0.543307 0.023622 0.84252 
vn -0.551181 0.00787402 0.834646 
vn -0.566929 0 0.826772 
vn -0.866142 0.409449 0.267717 
vn -1 -0.0314961 0.0472441 
vn -0.834646 -0.330709 0.440945 
vn -0.874016 0.204724 -0.440945 
vn -0.755906 0.503937 -0.425197 
vn -0.748031 0.511811 -0.417323 
vn -0.905512 0.023622 -0.417323 
vn -0.346457 0.0393701 -0.937008 
vn -0.244094 0.228346 -0.944882 
vn -0.251969 0.23622 -0.937008 
vn -0.598425 -0.165354 -0.787402 
vn 0.433071 -0.228346 -0.874016 
vn 0.425197 -0.228346 -0.874016 
vn 0.377953 -0.275591 -0.88189 
vn -0.173228 -0.551181 -0.811024 
vn -0.173228 -0.551181 -0.811024 
vn 0.889764 -0.377953 -0.259843 
vn 0.779528 -0.551181 -0.299213 
vn 0.425197 -0.228346 -0.874016 
vn 0.433071 -0.228346 -0.874016 
vn 0.677165 -0.661417 -0.314961 
vn 0.0551181 -0.905512 -0.417323 
vn -0.173228 -0.551181 -0.811024 
vn 0.377953 -0.275591 -0.88189 
vn 0.0551181 -0.905512 -0.417323 
vn 0.826772 -0.385827 0.409449 
vn 0.677165 -0.622047 0.393701 
vn 0.551181 -0.755906 0.362205 
vn -0.0551181 -0.992126 0.11811 
vn -0.0551181 -0.992126 0.11811 
vn -0.433071 -0.338583 -0.834646 
vn -0.874016 -0.314961 -0.370079 
vn -0.944882 -0.204724 0.244094 
vn -0.535433 -0.141732 0.834646 
vn 0.259843 -0.204724 0.944882 
vn -0.535433 -0.141732 0.834646 
vn 0.834646 -0.338583 0.433071 
vn 0.866142 -0.440945 -0.228346 
vn 0.732283 -0.425197 0.527559 
vn 0.125984 -0.173228 0.976378 
vn 0.110236 -0.181102 0.976378 
vn 0.598425 -0.590551 0.535433 
vn 0.480315 -0.692913 0.535433 
vn 0.0551181 -0.220472 0.976378 
vn -0.448819 -0.440945 0.779528 
vn -0.149606 -0.858268 0.488189 
vn -0.448819 -0.440945 0.779528 
vn -0.866142 -0.496063 0.0866142 
vn -0.149606 -0.858268 0.488189 
vn 0.125984 -0.173228 0.976378 
vn -0.598425 0.15748 0.787402 
vn -0.488189 0.346457 0.80315 
vn 0.110236 -0.181102 0.976378 
vn 0.0551181 -0.220472 0.976378 
vn -0.503937 0.338583 0.795276 
vn -0.80315 -0.023622 0.598425 
vn -0.448819 -0.440945 0.779528 
vn -0.937008 0.314961 0.165354 
vn -0.779528 0.606299 0.165354 
vn -0.787402 0.598425 0.165354 
vn -0.976378 0.149606 0.15748 
vn -0.795276 0.283465 -0.543307 
vn -0.700787 0.464567 -0.543307 
vn -0.716535 0.456693 -0.527559 
vn -0.944882 0.0629921 -0.322835 
vn -0.188976 0.0393701 -0.984252 
vn -0.23622 0.00787402 -0.968504 
vn -0.283465 -0.0393701 -0.96063 
vn -0.692913 -0.299213 -0.653543 
vn -0.692913 -0.299213 -0.653543 
vn 0.519685 -0.299213 -0.80315 
vn 0.377953 -0.480315 -0.795276 
vn -0.23622 0.00787402 -0.968504 
vn -0.188976 0.0393701 -0.984252 
vn 0.259843 -0.582677 -0.771654 
vn -0.330709 -0.76378 -0.551181 
vn -0.692913 -0.299213 -0.653543 
vn -0.283465 -0.0393701 -0.96063 
vn -0.330709 -0.76378 -0.551181 
vn 0.866142 -0.472441 -0.165354 
vn 0.692913 -0.700787 -0.15748 
vn 0.551181 -0.818898 -0.149606 
vn -0.0944882 -0.992126 -0.0629921 
vn -0.0944882 -0.992126 -0.0629921 
vn -0.181102 -0.0314961 -0.984252 
vn -0.80315 -0.110236 -0.582677 
vn -0.96063 -0.267717 0.0787402 
vn -0.700787 -0.401575 0.590551 
vn 0.779528 -0.401575 0.488189 
vn 0.913386 -0.338583 -0.212598 
vn 0.527559 -0.165354 -0.834646 
vn -0.181102 -0.0314961 -0.984252 
vn -0.968504 0.228346 -0.0866142 
vn -0.976378 0.204724 0.00787402 
vn -1 0.023622 0.0708661 
vn -0.976378 0.0629921 -0.19685 
vn -0.96063 0.133858 0.244094 
vn -0.944882 0.299213 0.133858 
vn -0.787402 0.566929 -0.23622 
vn -0.84252 0.496063 -0.220472 
vn -0.283465 0.637795 -0.716535 
vn 0.19685 0.433071 -0.88189 
vn 0.188976 0.149606 -0.968504 
vn -0.338583 0.535433 -0.771654 
vn 0.472441 0.330709 -0.818898 
vn 0.314961 0.15748 -0.937008 
vn 0.826772 0.283465 -0.480315 
vn 0.976378 -0.110236 -0.173228 
vn 0.96063 0.015748 -0.267717 
vn 0.0944882 0.0708661 0.992126 
vn 0.283465 -0.00787402 0.96063 
vn 0.811024 0.173228 0.559055 
vn -0.472441 -0.307087 0.826772 
vn -0.76378 -0.165354 0.622047 
vn -0.826772 -0.503937 0.267717 
vn -0.606299 -0.724409 0.322835 
vn -0.732283 -0.653543 -0.173228 
vn 0.251969 -0.559055 -0.787402 
vn -0.228346 -0.23622 -0.944882 
vn 0.866142 -0.0787402 0.496063 
vn -0.708661 -0.362205 -0.606299 
vn -0.818898 -0.574803 -0.0314961 
vn -0.456693 -0.267717 0.850394 
vn -0.834646 -0.472441 0.291339 
vn -0.622047 -0.559055 -0.551181 
vn -0.228346 -0.23622 -0.944882 
vn -0.795276 -0.228346 -0.566929 
vn -0.614173 -0.787402 -0.102362 
vn -0.929134 -0.354331 -0.133858 
vn -0.76378 -0.598425 0.251969 
vn -0.503937 -0.338583 0.795276 
vn -0.771654 -0.629921 -0.00787402 
vn -0.771654 -0.629921 -0.0393701 
vn -0.645669 -0.76378 0 
vn 0.0629921 -0.929134 -0.362205 
vn -0.716535 -0.692913 -0.110236 
vn -0.338583 -0.937008 0.0787402 
vn 0.937008 -0.149606 0.314961 
vn 1 -0.0393701 0.0393701 
vn 0.984252 0.149606 0.0393701 
vn 0.0866142 0.251969 -0.96063 
vn 0.464567 0.181102 -0.866142 
vn 0.472441 0.346457 -0.811024 
vn 0.165354 0.543307 -0.826772 
vn 0.76378 0.188976 -0.622047 
vn 0.905512 0.212598 -0.362205 
vn 0.913386 0.23622 -0.330709 
vn 0.748031 0.267717 -0.606299 
vn 0.984252 0.188976 -0.015748 
vn 0.976378 0.188976 -0.0551181 
vn 0.96063 0.149606 0.244094 
vn 0.952756 0.149606 0.259843 
vn 0.299213 0.0551181 0.952756 
vn 0.259843 0.228346 0.937008 
vn 0.80315 0.149606 0.574803 
vn 0.80315 0.110236 0.582677 
vn -0.472441 -0.015748 0.88189 
vn -0.464567 0.362205 0.811024 
vn -0.212598 0.291339 0.937008 
vn -0.212598 0 0.976378 
vn -0.929134 0.370079 0 
vn -0.944882 0.338583 0.00787402 
vn -0.992126 -0.00787402 0.0944882 
vn -1 0.023622 -0.0551181 
vn -0.850394 0.527559 0.0708661 
vn -0.897638 0.354331 -0.251969 
vn -0.677165 0.716535 -0.165354 
vn -0.433071 0.362205 -0.826772 
vn -0.251969 0.76378 -0.598425 
vn -0.76378 -0.645669 -0.0629921 
vn -0.732283 -0.677165 -0.0866142 
vn 0.496063 0.141732 -0.858268 
vn -0.181102 -0.0551181 -0.984252 
vn -1 0.023622 -0.0551181 
vn -0.929134 0.370079 0 
vn -1 0.023622 0.0708661 
vn -0.976378 0.204724 0.00787402 
vn -0.96063 0.133858 0.244094 
vn -0.80315 -0.417323 0.417323 
vn -0.889764 -0.362205 0.267717 
vn -1 0.023622 0.0708661 
vn -0.598425 -0.795276 0.11811 
vn -0.732283 -0.677165 0.023622 
vn -0.905512 -0.425197 -0.0393701 
vn -0.897638 -0.433071 -0.0472441 
vn -0.92126 -0.377953 -0.0551181 
vn -0.937008 -0.354331 -0.015748 
vn -0.897638 -0.377953 0.228346 
vn -0.937008 -0.354331 0.0314961 
vn 0.251969 -0.559055 -0.787402 
vn -0.456693 -0.267717 0.850394 
vn -0.181102 -0.0551181 -0.984252 
vn -0.976378 0.0629921 -0.19685 
vn 0.952756 0.102362 0.291339 
vn 0.944882 0.149606 -0.283465 
vn -0.503937 -0.338583 0.795276 
vn -0.283465 0.0944882 0.952756 
vn -0.472441 -0.307087 0.826772 
vn -0.566929 0.204724 0.795276 
vn -0.76378 -0.165354 0.622047 
vn 0.92126 0.385827 0.0314961 
vn 0.968504 0.23622 0.0314961 
vn 0.913386 0.259843 0.307087 
vn 0.858268 0.401575 0.330709 
vn 0.889764 0.322835 0.322835 
vn 0.937008 0.362205 0.00787402 
vn 0.724409 0.204724 0.653543 
vn 0.377953 0.141732 0.913386 
vn -0.125984 0.023622 0.992126 
vn -0.488189 -0.133858 0.858268 
vn -0.0393701 -0.102362 -0.992126 
vn 0.464567 0.0393701 -0.88189 
vn 0.795276 0.15748 -0.582677 
vn 0.929134 0.204724 -0.299213 
vn 0.944882 0.15748 0.283465 
vn 0.976378 0.19685 -0.023622 
vn 0.787402 0.0708661 0.606299 
vn 0.385827 -0.102362 0.913386 
vn -0.125984 -0.275591 0.952756 
vn -0.409449 -0.362205 0.84252 
vn -0.866142 -0.456693 0.204724 
vn -0.889764 -0.464567 -0.023622 
vn -0.787402 -0.370079 -0.488189 
vn -0.496063 -0.228346 -0.84252 
vn -0.787402 -0.370079 -0.488189 
vn -0.826772 -0.23622 -0.511811 
vn -0.80315 -0.299213 -0.519685 
vn -0.771654 -0.370079 -0.519685 
vn -0.716535 -0.464567 -0.519685 
vn -0.456693 -0.740157 -0.496063 
vn 0.165354 -0.858268 -0.496063 
vn 0 -0.874016 -0.480315 
vn 0.393701 -0.787402 -0.472441 
vn 0.700787 -0.622047 -0.354331 
vn 0.244094 0.685039 0.685039 
vn 0.259843 0.685039 0.677165 
vn 0.409449 0.614173 0.677165 
vn 0.574803 0.472441 0.669291 
vn 0.685039 0.299213 0.661417 
vn 0.755906 0.141732 0.645669 
vn 0.724409 0.204724 0.653543 
vn 0.669291 0.330709 0.669291 
vn 0.724409 0.23622 0.645669 
vn 0.787402 0.0708661 0.606299 
vn 0.307087 -0.543307 0.779528 
vn 0.0314961 -0.559055 0.826772 
vn -0.338583 -0.535433 0.771654 
vn -0.574803 -0.464567 0.677165 
vn -0.748031 -0.299213 0.590551 
vn -0.795276 -0.244094 0.559055 
vn -0.795276 -0.228346 0.559055 
vn -0.787402 -0.204724 0.582677 
vn -0.76378 -0.291339 0.582677 
vn -0.724409 -0.440945 0.527559 
vn -0.858268 0 0.511811 
vn -0.818898 0.409449 0.409449 
vn -0.905512 0.275591 0.322835 
vn -0.992126 -0.015748 0.133858 
vn -0.992126 -0.015748 0.133858 
vn -0.464567 -0.275591 -0.84252 
vn 0.00787402 -0.15748 -0.984252 
vn -0.795276 -0.401575 -0.448819 
vn -0.88189 -0.472441 -0.0629921 
vn -0.795276 -0.401575 -0.448819 
vn -0.874016 -0.456693 0.141732 
vn -0.740157 -0.464567 0.480315 
vn -0.409449 -0.417323 0.811024 
vn -0.15748 -0.346457 0.92126 
vn 0.338583 -0.188976 0.92126 
vn 0.795276 0.00787402 0.598425 
vn 0.795276 0.00787402 0.598425 
vn 0.96063 0.110236 0.251969 
vn 0.984252 0.149606 -0.0551181 
vn 0.929134 0.149606 -0.338583 
vn 0.787402 0.0944882 -0.606299 
vn 0.464567 -0.023622 -0.88189 
vn -0.433071 0.362205 -0.826772 
vn 0.0866142 0.251969 -0.96063 
vn -0.897638 0.354331 -0.251969 
vn -1 0.023622 -0.0551181 
vn -0.897638 0.354331 -0.251969 
vn -0.992126 -0.00787402 0.0944882 
vn -0.858268 0 0.511811 
vn -0.472441 -0.015748 0.88189 
vn -0.212598 0 0.976378 
vn 0.299213 0.0551181 0.952756 
vn 0.80315 0.110236 0.582677 
vn 0.80315 0.110236 0.582677 
vn 0.96063 0.149606 0.244094 
vn 0.976378 0.188976 -0.0551181 
vn 0.905512 0.212598 -0.362205 
vn 0.76378 0.188976 -0.622047 
vn 0.464567 0.181102 -0.866142 
vn -0.220472 -0.826772 0.519685 
vn -0.0708661 -1 0.00787402 
vn -0.220472 -0.826772 -0.519685 
vn -0.574803 -0.401575 -0.708661 
vn -0.574803 -0.401575 -0.708661 
vn -0.574803 -0.401575 0.708661 
vn -0.574803 -0.401575 0.708661 
vn -0.858268 0 0.511811 
vn -0.740157 -0.464567 0.480315 
vn -0.724409 -0.440945 0.527559 
vn -0.76378 -0.291339 0.582677 
vn -0.787402 -0.204724 0.582677 
vn -0.795276 -0.228346 0.559055 
vn -0.795276 -0.244094 0.559055 
vn -0.748031 -0.299213 0.590551 
vn -0.574803 -0.464567 0.677165 
vn -0.338583 -0.535433 0.771654 
vn 0.0314961 -0.559055 0.826772 
vn 0.307087 -0.543307 0.779528 
vn -1 0 0 
vn -1 0 0 
vn -1 0 0 
vn -1 0 0 
vn -1 0 0 
vn -1 0 0 
vn -1 0 0 
vn -1 0 0 
vn -1 0 0 
vn -1 0 0 
vn -1 0 0 
vn -1 0 0 
vn -1 0 0 
vn -1 0 0 
vn -1 0 0 
vn -1 0 0 
vn -1 0 0 
vn -1 0 0 
vn -1 0 0 
vn -1 0 0 
vn -1 0 0 
vn -1 0 0 
vn -1 0 0 
vn -1 0 0 
vn -1 0 0 
vn -1 0 0 
vn -1 0 0 
vn -1 0 0 
vn -1 0 0 
vn -1 0 0 
vn -1 0 0 
vn -1 0 0 
vn -1 0 0 
vn -1 0 0 
vn -1 0 0 
vn -1 0 0 
vn -1 0 0 
vn -1 0 0 
vn -1 0 0 
vn -1 0 0 
vn -1 0 0 
vn -1 0 0 

vt 0.25201 0.589267 
vt 0.25201 0.559944 
vt 0.26397 0.559944 
vt 0.26397 0.589267 
vt 0.25201 0.533275 
vt 0.26397 0.533275 
vt 0.26397 0.439566 
vt 0.26397 0.500381 
vt 0.25201 0.500381 
vt 0.26397 0.40149 
vt 0.260195 0.404432 
vt 0.25201 0.810666 
vt 0.26397 0.81067 
vt 0.26397 0.845137 
vt 0.25201 0.845138 
vt 0.25201 0.747841 
vt 0.26397 0.747841 
vt 0.26397 0.781727 
vt 0.25201 0.781727 
vt 0.25201 0.685349 
vt 0.26397 0.685349 
vt 0.26397 0.719156 
vt 0.25201 0.719156 
vt 0.26397 0.653808 
vt 0.25201 0.653808 
vt 0.25201 0.619005 
vt 0.26397 0.619005 
vt 0.201648 0.559944 
vt 0.201648 0.533275 
vt 0.20601 0.533275 
vt 0.20601 0.559944 
vt 0.20601 0.426841 
vt 0.20601 0.500381 
vt 0.201648 0.500381 
vt 0.201648 0.426841 
vt 0.20601 0.406029 
vt 0.201648 0.406029 
vt 0.20601 0.653808 
vt 0.201648 0.653808 
vt 0.201648 0.619005 
vt 0.20601 0.619005 
vt 0.201648 0.589267 
vt 0.20601 0.589267 
vt 0.217151 0.559944 
vt 0.217151 0.533275 
vt 0.225464 0.533275 
vt 0.225464 0.559944 
vt 0.225464 0.426841 
vt 0.225464 0.500381 
vt 0.217151 0.500381 
vt 0.217151 0.426841 
vt 0.225464 0.406029 
vt 0.217151 0.406029 
vt 0.217151 0.810657 
vt 0.225464 0.810653 
vt 0.225464 0.845141 
vt 0.217151 0.845141 
vt 0.217151 0.747841 
vt 0.225464 0.747841 
vt 0.225464 0.781727 
vt 0.217151 0.781727 
vt 0.217151 0.685349 
vt 0.225464 0.685349 
vt 0.225464 0.719156 
vt 0.217151 0.719156 
vt 0.225464 0.653808 
vt 0.217151 0.653808 
vt 0.217151 0.619005 
vt 0.225464 0.619005 
vt 0.217151 0.589267 
vt 0.225464 0.589267 
vt 0.192081 0.559944 
vt 0.192081 0.533275 
vt 0.192081 0.500381 
vt 0.192081 0.426841 
vt 0.192081 0.406029 
vt 0.192081 0.810661 
vt 0.201648 0.810657 
vt 0.201648 0.84514 
vt 0.192081 0.845141 
vt 0.192081 0.747841 
vt 0.201648 0.747841 
vt 0.201648 0.781727 
vt 0.192081 0.781727 
vt 0.192081 0.653808 
vt 0.192081 0.619005 
vt 0.192081 0.589267 
vt 0.240922 0.533275 
vt 0.240922 0.559944 
vt 0.232538 0.559944 
vt 0.232538 0.533275 
vt 0.240922 0.500381 
vt 0.232538 0.500381 
vt 0.232538 0.426841 
vt 0.232538 0.406029 
vt 0.232538 0.810653 
vt 0.240922 0.810659 
vt 0.240922 0.84514 
vt 0.232538 0.845141 
vt 0.232538 0.747841 
vt 0.240922 0.747841 
vt 0.240922 0.781727 
vt 0.232538 0.781727 
vt 0.232538 0.685349 
vt 0.240922 0.685349 
vt 0.240922 0.719156 
vt 0.232538 0.719156 
vt 0.240922 0.653808 
vt 0.232538 0.653808 
vt 0.232538 0.619005 
vt 0.240922 0.619005 
vt 0.240922 0.589267 
vt 0.232538 0.589267 
vt 0.406909 0.073722 
vt 0.404019 0.076268 
vt 0.402277 0.071708 
vt 0.405092 0.069579 
vt 0.410916 0.066826 
vt 0.408995 0.07027 
vt 0.407269 0.066884 
vt 0.409559 0.064653 
vt 0.386815 0.094372 
vt 0.387495 0.09093 
vt 0.389321 0.091659 
vt 0.401486 0.067619 
vt 0.403456 0.066204 
vt 0.405664 0.064288 
vt 0.407967 0.062881 
vt 0.388333 0.096428 
vt 0.389683 0.094075 
vt 0.384188 0.104109 
vt 0.383893 0.106595 
vt 0.379226 0.106021 
vt 0.380697 0.103475 
vt 0.385684 0.101012 
vt 0.383165 0.100311 
vt 0.385403 0.097587 
vt 0.387641 0.09813 
vt 0.376781 0.103711 
vt 0.378543 0.101121 
vt 0.381757 0.098673 
vt 0.384175 0.096274 
vt 0.375268 0.098948 
vt 0.378294 0.096633 
vt 0.383884 0.094159 
vt 0.381115 0.095617 
vt 0.374955 0.093783 
vt 0.378563 0.092876 
vt 0.381151 0.092971 
vt 0.383963 0.092048 
vt 0.385104 0.092062 
vt 0.410797 0.079468 
vt 0.408892 0.085264 
vt 0.406363 0.080266 
vt 0.408845 0.077021 
vt 0.413899 0.071482 
vt 0.412615 0.075501 
vt 0.410744 0.073158 
vt 0.41221 0.069033 
vt 0.362818 0.040615 
vt 0.359214 0.040916 
vt 0.359128 0.035297 
vt 0.362621 0.034615 
vt 0.362013 0.028827 
vt 0.358961 0.029531 
vt 0.352836 0.151085 
vt 0.355954 0.152161 
vt 0.352883 0.154548 
vt 0.354027 0.134206 
vt 0.357436 0.133106 
vt 0.35642 0.13839 
vt 0.352979 0.139201 
vt 0.352679 0.14454 
vt 0.355947 0.143535 
vt 0.35491 0.148071 
vt 0.361218 0.133344 
vt 0.360002 0.138567 
vt 0.358446 0.143914 
vt 0.357203 0.147893 
vt 0.3646 0.13598 
vt 0.362275 0.141554 
vt 0.360442 0.145772 
vt 0.358876 0.149989 
vt 0.366987 0.13988 
vt 0.364817 0.145043 
vt 0.36236 0.149351 
vt 0.358808 0.153962 
vt 0.370937 0.038303 
vt 0.369734 0.03266 
vt 0.373001 0.031255 
vt 0.374085 0.03682 
vt 0.368728 0.027193 
vt 0.371572 0.026141 
vt 0.357155 0.156618 
vt 0.366666 0.039541 
vt 0.366045 0.033762 
vt 0.36527 0.027999 
vt 0.354674 0.156854 
vt 0.368603 0.136205 
vt 0.366785 0.132167 
vt 0.362099 0.129467 
vt 0.357474 0.12888 
vt 0.354825 0.13031 
vt 0.363203 0.045895 
vt 0.358365 0.045533 
vt 0.367073 0.044714 
vt 0.371912 0.043297 
vt 0.375726 0.041221 
vt 0.349082 0.049864 
vt 0.34661 0.051593 
vt 0.345271 0.047653 
vt 0.347714 0.046074 
vt 0.346174 0.042628 
vt 0.344017 0.044152 
vt 0.342795 0.040005 
vt 0.344561 0.038361 
vt 0.339166 0.130264 
vt 0.340894 0.132334 
vt 0.337913 0.132181 
vt 0.347977 0.12323 
vt 0.345441 0.125352 
vt 0.343184 0.123859 
vt 0.345031 0.121464 
vt 0.341535 0.126202 
vt 0.343636 0.127448 
vt 0.341377 0.129642 
vt 0.339493 0.12895 
vt 0.350606 0.125477 
vt 0.347542 0.127483 
vt 0.34526 0.129118 
vt 0.342984 0.130694 
vt 0.351765 0.128179 
vt 0.348467 0.13005 
vt 0.346083 0.13106 
vt 0.343457 0.132595 
vt 0.352069 0.13141 
vt 0.348956 0.133096 
vt 0.346305 0.133952 
vt 0.343134 0.13514 
vt 0.342017 0.134851 
vt 0.35366 0.044933 
vt 0.351667 0.041845 
vt 0.353604 0.039541 
vt 0.355703 0.042769 
vt 0.350151 0.038752 
vt 0.348172 0.034904 
vt 0.349927 0.033527 
vt 0.351955 0.036686 
vt 0.339908 0.135525 
vt 0.351438 0.047317 
vt 0.349777 0.043921 
vt 0.34822 0.040702 
vt 0.346317 0.036582 
vt 0.338253 0.134334 
vt 0.354833 0.126868 
vt 0.353197 0.123809 
vt 0.350278 0.121326 
vt 0.346615 0.119226 
vt 0.350363 0.053539 
vt 0.347176 0.055439 
vt 0.353362 0.050836 
vt 0.355912 0.048073 
vt 0.380585 0.038274 
vt 0.377578 0.036765 
vt 0.379192 0.03221 
vt 0.382143 0.033831 
vt 0.383313 0.029093 
vt 0.380746 0.02793 
vt 0.382363 0.023958 
vt 0.384739 0.024531 
vt 0.377479 0.154544 
vt 0.380137 0.153189 
vt 0.378975 0.15727 
vt 0.371054 0.139733 
vt 0.373359 0.13715 
vt 0.374779 0.14248 
vt 0.372559 0.144929 
vt 0.37463 0.149339 
vt 0.37642 0.146926 
vt 0.377587 0.151084 
vt 0.376361 0.153612 
vt 0.375694 0.136234 
vt 0.377141 0.141081 
vt 0.378225 0.14574 
vt 0.379022 0.149558 
vt 0.378761 0.136914 
vt 0.380279 0.141651 
vt 0.380391 0.145829 
vt 0.381218 0.149963 
vt 0.382538 0.138155 
vt 0.383539 0.142647 
vt 0.383444 0.146851 
vt 0.383432 0.151237 
vt 0.382942 0.152617 
vt 0.387007 0.041081 
vt 0.387895 0.036221 
vt 0.391157 0.037332 
vt 0.390178 0.042484 
vt 0.388898 0.031499 
vt 0.389877 0.02695 
vt 0.392196 0.02839 
vt 0.391732 0.032704 
vt 0.38293 0.155688 
vt 0.383847 0.039693 
vt 0.384997 0.035081 
vt 0.38607 0.030091 
vt 0.387307 0.025451 
vt 0.381242 0.157601 
vt 0.382529 0.134356 
vt 0.378242 0.132641 
vt 0.374369 0.131853 
vt 0.370815 0.132727 
vt 0.378856 0.042799 
vt 0.38267 0.044355 
vt 0.386166 0.045829 
vt 0.389363 0.047393 
vt 0.339406 0.096416 
vt 0.338062 0.100192 
vt 0.336403 0.098331 
vt 0.337191 0.094373 
vt 0.40657 0.08996 
vt 0.403438 0.093966 
vt 0.40163 0.087821 
vt 0.404345 0.08369 
vt 0.398476 0.083511 
vt 0.393838 0.078782 
vt 0.398754 0.073325 
vt 0.401581 0.078845 
vt 0.387162 0.075378 
vt 0.38981 0.068659 
vt 0.379469 0.067362 
vt 0.375098 0.052631 
vt 0.380383 0.053521 
vt 0.350772 0.073477 
vt 0.352108 0.063065 
vt 0.361083 0.070911 
vt 0.353669 0.102884 
vt 0.356113 0.097456 
vt 0.357929 0.102284 
vt 0.356751 0.105266 
vt 0.358328 0.122599 
vt 0.398753 0.069026 
vt 0.392453 0.065027 
vt 0.357711 0.058259 
vt 0.376974 0.126592 
vt 0.373245 0.125421 
vt 0.348588 0.114085 
vt 0.352297 0.117884 
vt 0.377343 0.116857 
vt 0.382022 0.117835 
vt 0.377231 0.120246 
vt 0.361969 0.107123 
vt 0.362569 0.099377 
vt 0.354326 0.110444 
vt 0.351425 0.108188 
vt 0.365035 0.115847 
vt 0.360101 0.116246 
vt 0.365323 0.106527 
vt 0.378196 0.109834 
vt 0.373111 0.116314 
vt 0.375079 0.107514 
vt 0.362742 0.05609 
vt 0.368252 0.054284 
vt 0.370148 0.067759 
vt 0.387191 0.089158 
vt 0.383214 0.088007 
vt 0.384595 0.08281 
vt 0.389802 0.084806 
vt 0.379161 0.087551 
vt 0.375608 0.087346 
vt 0.37556 0.081585 
vt 0.37938 0.081411 
vt 0.371663 0.081915 
vt 0.372052 0.087534 
vt 0.368062 0.088068 
vt 0.367213 0.082678 
vt 0.358729 0.091183 
vt 0.357204 0.085745 
vt 0.363907 0.08323 
vt 0.364817 0.088868 
vt 0.349523 0.096301 
vt 0.347214 0.092281 
vt 0.351584 0.089055 
vt 0.353285 0.09396 
vt 0.339696 0.102024 
vt 0.341206 0.098811 
vt 0.343926 0.101866 
vt 0.342251 0.10472 
vt 0.40021 0.096863 
vt 0.395763 0.097491 
vt 0.398328 0.091617 
vt 0.392203 0.092039 
vt 0.394889 0.08788 
vt 0.36316 0.125593 
vt 0.368074 0.126253 
vt 0.385235 0.054914 
vt 0.382248 0.127271 
vt 0.398713 0.10472 
vt 0.40192 0.103854 
vt 0.405988 0.102555 
vt 0.40394 0.103189 
vt 0.371866 0.092596 
vt 0.372332 0.100057 
vt 0.367043 0.099242 
vt 0.364053 0.092369 
vt 0.368895 0.108193 
vt 0.368707 0.118361 
vt 0.373007 0.119531 
vt 0.368505 0.121076 
vt 0.364409 0.119811 
vt 0.359495 0.118676 
vt 0.353746 0.113469 
vt 0.365047 0.100165 
vt 0.384032 0.109835 
vt 0.347312 0.063222 
vt 0.39007 0.056383 
vt 0.361997 0.093516 
vt 0.365289 0.069317 
vt 0.375003 0.067495 
vt 0.345457 0.071575 
vt 0.346241 0.081239 
vt 0.342547 0.077436 
vt 0.343216 0.087991 
vt 0.340066 0.083632 
vt 0.201648 0.685349 
vt 0.20601 0.685349 
vt 0.20601 0.719156 
vt 0.201648 0.719156 
vt 0.192081 0.719156 
vt 0.192081 0.685349 
vt 0.20601 0.747841 
vt 0.20601 0.781727 
vt 0.20601 0.810656 
vt 0.20601 0.845141 
vt 0.183647 0.559944 
vt 0.183647 0.589267 
vt 0.183647 0.619005 
vt 0.183647 0.653808 
vt 0.183647 0.719156 
vt 0.183647 0.685349 
vt 0.183647 0.747841 
vt 0.183647 0.781727 
vt 0.183647 0.810651 
vt 0.183647 0.845141 
vt 0.183647 0.406029 
vt 0.183647 0.426841 
vt 0.183647 0.500381 
vt 0.183647 0.533275 
vt 0.183647 0.500379 
vt 0.192081 0.500379 
vt 0.201648 0.500379 
vt 0.20601 0.500379 
vt 0.217151 0.500379 
vt 0.225464 0.500379 
vt 0.240922 0.500379 
vt 0.232538 0.500379 
vt 0.25201 0.500379 
vt 0.26397 0.500379 
vt 0.26397 0.747842 
vt 0.25201 0.747842 
vt 0.240922 0.747842 
vt 0.232538 0.747842 
vt 0.225464 0.747842 
vt 0.217151 0.747842 
vt 0.20601 0.747842 
vt 0.201648 0.747842 
vt 0.192081 0.747842 
vt 0.183647 0.747842 
vt 0.26397 0.874006 
vt 0.25201 0.874006 
vt 0.240922 0.874006 
vt 0.232538 0.874006 
vt 0.225464 0.874006 
vt 0.217151 0.874006 
vt 0.20601 0.874006 
vt 0.201648 0.874006 
vt 0.192081 0.874006 
vt 0.183647 0.874006 
vt 0.346053 0.098933 
vt 0.343061 0.095635 
vt 0.340979 0.092625 
vt 0.338248 0.090291 
vt 0.359629 0.094342 
vt 0.174995 0.533275 
vt 0.174995 0.559944 
vt 0.174995 0.500379 
vt 0.174995 0.426841 
vt 0.174995 0.500381 
vt 0.174995 0.406029 
vt 0.174995 0.874006 
vt 0.174995 0.845141 
vt 0.174995 0.810643 
vt 0.174995 0.781727 
vt 0.174995 0.747841 
vt 0.174995 0.747842 
vt 0.174995 0.719156 
vt 0.174995 0.685349 
vt 0.174995 0.653808 
vt 0.174995 0.619005 
vt 0.174995 0.589267 
vt 0.169655 0.533275 
vt 0.169655 0.559944 
vt 0.169655 0.500379 
vt 0.169655 0.426841 
vt 0.169655 0.500381 
vt 0.169655 0.406029 
vt 0.169655 0.874006 
vt 0.169655 0.845141 
vt 0.169655 0.810637 
vt 0.169655 0.781727 
vt 0.169655 0.747841 
vt 0.169655 0.747842 
vt 0.169655 0.719156 
vt 0.169655 0.685349 
vt 0.169655 0.653808 
vt 0.169655 0.619005 
vt 0.169655 0.589267 
vt 0.361662 0.023604 
vt 0.364512 0.022594 
vt 0.367413 0.02206 
vt 0.370121 0.021697 
vt 0.359932 0.1532 
vt 0.35243 0.149521 
vt 0.359057 0.024762 
vt 0.169655 0.377377 
vt 0.174995 0.377377 
vt 0.183647 0.377377 
vt 0.192081 0.377377 
vt 0.201648 0.377377 
vt 0.20601 0.377377 
vt 0.217151 0.377377 
vt 0.225464 0.377377 
vt 0.232538 0.377377 
vt 0.240922 0.377377 
vt 0.25201 0.377377 
vt 0.26397 0.377377 
vt 0.183269 0.090849 
vt 0.193371 0.090849 
vt 0.170389 0.153838 
vt 0.193371 0.090849 
vt 0.193371 0.162731 
vt 0.170389 0.153838 
vt 0.193371 0.214232 
vt 0.183103 0.214232 
vt 0.170389 0.153838 
vt 0.176783 0.214232 
vt 0.16994 0.214232 
vt 0.170389 0.153838 
vt 0.1603 0.214232 
vt 0.146888 0.214232 
vt 0.170389 0.153838 
vt 0.146888 0.176055 
vt 0.146888 0.151784 
vt 0.170389 0.153838 
vt 0.146888 0.131411 
vt 0.146888 0.090849 
vt 0.163088 0.090849 
vt 0.171638 0.090849 
vt 0.170389 0.153838 
vt 0.16994 0.214232 
vt 0.171638 0.090849 
vt 0.183269 0.090849 
vt 0.170389 0.153838 
vt 0.146888 0.214232 
vt 0.146888 0.176055 
vt 0.170389 0.153838 
vt 0.146888 0.151784 
vt 0.146888 0.131411 
vt 0.170389 0.153838 
vt 0.183103 0.214232 
vt 0.176783 0.214232 
vt 0.170389 0.153838 
vt 0.146888 0.090849 
vt 0.163088 0.090849 
vt 0.170389 0.153838 
vt 0.193371 0.162731 
vt 0.193371 0.214232 
vt 0.170389 0.153838 

usemtl Handle1Mtl

f 2183/2183/2183 2184/2184/2184 2185/2185/2185 
f 2185/2185/2185 2186/2186/2186 2183/2183/2183 
f 2187/2187/2187 2188/2188/2188 2185/2185/2185 
f 2185/2185/2185 2184/2184/2184 2187/2187/2187 
f 2189/2189/2189 2190/2190/2190 2191/2191/2191 
f 2192/2192/2192 2189/2189/2189 2193/2193/2193 
f 2194/2194/2194 2195/2195/2195 2196/2196/2196 
f 2196/2196/2196 2197/2197/2197 2194/2194/2194 
f 2198/2198/2198 2199/2199/2199 2200/2200/2200 
f 2200/2200/2200 2201/2201/2201 2198/2198/2198 
f 2202/2202/2202 2203/2203/2203 2204/2204/2204 
f 2204/2204/2204 2205/2205/2205 2202/2202/2202 
f 2206/2206/2206 2207/2207/2207 2208/2208/2208 
f 2208/2208/2208 2209/2209/2209 2206/2206/2206 
f 2210/2210/2210 2211/2211/2211 2212/2212/2212 
f 2212/2212/2212 2213/2213/2213 2210/2210/2210 
f 2214/2214/2214 2215/2215/2215 2216/2216/2216 
f 2216/2216/2216 2217/2217/2217 2214/2214/2214 
f 2218/2218/2218 2214/2214/2214 2217/2217/2217 
f 2217/2217/2217 2219/2219/2219 2218/2218/2218 
f 2220/2220/2220 2221/2221/2221 2222/2222/2222 
f 2222/2222/2222 2223/2223/2223 2220/2220/2220 
f 2224/2224/2224 2210/2210/2210 2213/2213/2213 
f 2213/2213/2213 2225/2225/2225 2224/2224/2224 
f 2226/2226/2226 2227/2227/2227 2228/2228/2228 
f 2228/2228/2228 2229/2229/2229 2226/2226/2226 
f 2230/2230/2230 2231/2231/2231 2232/2232/2232 
f 2232/2232/2232 2233/2233/2233 2230/2230/2230 
f 2234/2234/2234 2230/2230/2230 2233/2233/2233 
f 2233/2233/2233 2235/2235/2235 2234/2234/2234 
f 2236/2236/2236 2237/2237/2237 2238/2238/2238 
f 2238/2238/2238 2239/2239/2239 2236/2236/2236 
f 2240/2240/2240 2241/2241/2241 2242/2242/2242 
f 2242/2242/2242 2243/2243/2243 2240/2240/2240 
f 2244/2244/2244 2245/2245/2245 2246/2246/2246 
f 2246/2246/2246 2247/2247/2247 2244/2244/2244 
f 2248/2248/2248 2249/2249/2249 2250/2250/2250 
f 2250/2250/2250 2251/2251/2251 2248/2248/2248 
f 2252/2252/2252 2226/2226/2226 2229/2229/2229 
f 2229/2229/2229 2253/2253/2253 2252/2252/2252 
f 2211/2211/2211 2210/2210/2210 2254/2254/2254 
f 2254/2254/2254 2255/2255/2255 2211/2211/2211 
f 2217/2217/2217 2216/2216/2216 2256/2256/2256 
f 2256/2256/2256 2257/2257/2257 2217/2217/2217 
f 2258/2258/2258 2219/2219/2219 2217/2217/2217 
f 2217/2217/2217 2257/2257/2257 2258/2258/2258 
f 2259/2259/2259 2260/2260/2260 2261/2261/2261 
f 2261/2261/2261 2262/2262/2262 2259/2259/2259 
f 2263/2263/2263 2264/2264/2264 2265/2265/2265 
f 2265/2265/2265 2266/2266/2266 2263/2263/2263 
f 2222/2222/2222 2221/2221/2221 2267/2267/2267 
f 2267/2267/2267 2268/2268/2268 2222/2222/2222 
f 2254/2254/2254 2210/2210/2210 2224/2224/2224 
f 2224/2224/2224 2269/2269/2269 2254/2254/2254 
f 2270/2270/2270 2271/2271/2271 2272/2272/2272 
f 2272/2272/2272 2273/2273/2273 2270/2270/2270 
f 2189/2189/2189 2274/2274/2274 2275/2275/2275 
f 2275/2275/2275 2276/2276/2276 2189/2189/2189 
f 2189/2189/2189 2276/2276/2276 2277/2277/2277 
f 2277/2277/2277 2193/2193/2193 2189/2189/2189 
f 2278/2278/2278 2279/2279/2279 2280/2280/2280 
f 2280/2280/2280 2281/2281/2281 2278/2278/2278 
f 2282/2282/2282 2283/2283/2283 2284/2284/2284 
f 2284/2284/2284 2285/2285/2285 2282/2282/2282 
f 2286/2286/2286 2287/2287/2287 2288/2288/2288 
f 2288/2288/2288 2289/2289/2289 2286/2286/2286 
f 2290/2290/2290 2291/2291/2291 2292/2292/2292 
f 2292/2292/2292 2293/2293/2293 2290/2290/2290 
f 2271/2271/2271 2294/2294/2294 2295/2295/2295 
f 2295/2295/2295 2272/2272/2272 2271/2271/2271 
f 2296/2296/2296 2297/2297/2297 2298/2298/2298 
f 2298/2298/2298 2299/2299/2299 2296/2296/2296 
f 2300/2300/2300 2301/2301/2301 2302/2302/2302 
f 2302/2302/2302 2303/2303/2303 2300/2300/2300 
f 2304/2304/2304 2305/2305/2305 2306/2306/2306 
f 2299/2299/2299 2298/2298/2298 2307/2307/2307 
f 2307/2307/2307 2308/2308/2308 2299/2299/2299 
f 2302/2302/2302 2309/2309/2309 2310/2310/2310 
f 2310/2310/2310 2303/2303/2303 2302/2302/2302 
f 2311/2311/2311 2304/2304/2304 2312/2312/2312 
f 2313/2313/2313 2314/2314/2314 2315/2315/2315 
f 2315/2315/2315 2316/2316/2316 2313/2313/2313 
f 2317/2317/2317 2318/2318/2318 2319/2319/2319 
f 2319/2319/2319 2320/2320/2320 2317/2317/2317 
f 2319/2319/2319 2304/2304/2304 2311/2311/2311 
f 2316/2316/2316 2315/2315/2315 2321/2321/2321 
f 2321/2321/2321 2322/2322/2322 2316/2316/2316 
f 2319/2319/2319 2318/2318/2318 2323/2323/2323 
f 2323/2323/2323 2324/2324/2324 2319/2319/2319 
f 2324/2324/2324 2304/2304/2304 2319/2319/2319 
f 2322/2322/2322 2321/2321/2321 2325/2325/2325 
f 2325/2325/2325 2326/2326/2326 2322/2322/2322 
f 2327/2327/2327 2324/2324/2324 2323/2323/2323 
f 2323/2323/2323 2328/2328/2328 2327/2327/2327 
f 2327/2327/2327 2304/2304/2304 2324/2324/2324 
f 2329/2329/2329 2330/2330/2330 2326/2326/2326 
f 2326/2326/2326 2325/2325/2325 2329/2329/2329 
f 2328/2328/2328 2331/2331/2331 2332/2332/2332 
f 2332/2332/2332 2327/2327/2327 2328/2328/2328 
f 2333/2333/2333 2304/2304/2304 2327/2327/2327 
f 2334/2334/2334 2335/2335/2335 2336/2336/2336 
f 2336/2336/2336 2337/2337/2337 2334/2334/2334 
f 2338/2338/2338 2339/2339/2339 2340/2340/2340 
f 2340/2340/2340 2341/2341/2341 2338/2338/2338 
f 2305/2305/2305 2304/2304/2304 2333/2333/2333 
f 2342/2342/2342 2343/2343/2343 2344/2344/2344 
f 2344/2344/2344 2345/2345/2345 2342/2342/2342 
f 2346/2346/2346 2345/2345/2345 2344/2344/2344 
f 2344/2344/2344 2347/2347/2347 2346/2346/2346 
f 2348/2348/2348 2349/2349/2349 2350/2350/2350 
f 2351/2351/2351 2352/2352/2352 2353/2353/2353 
f 2353/2353/2353 2354/2354/2354 2351/2351/2351 
f 2355/2355/2355 2354/2354/2354 2353/2353/2353 
f 2353/2353/2353 2356/2356/2356 2355/2355/2355 
f 2357/2357/2357 2349/2349/2349 2348/2348/2348 
f 2352/2352/2352 2358/2358/2358 2359/2359/2359 
f 2359/2359/2359 2353/2353/2353 2352/2352/2352 
f 2356/2356/2356 2353/2353/2353 2359/2359/2359 
f 2359/2359/2359 2360/2360/2360 2356/2356/2356 
f 2361/2361/2361 2349/2349/2349 2357/2357/2357 
f 2362/2362/2362 2363/2363/2363 2359/2359/2359 
f 2359/2359/2359 2358/2358/2358 2362/2362/2362 
f 2359/2359/2359 2363/2363/2363 2364/2364/2364 
f 2364/2364/2364 2360/2360/2360 2359/2359/2359 
f 2365/2365/2365 2349/2349/2349 2361/2361/2361 
f 2366/2366/2366 2367/2367/2367 2363/2363/2363 
f 2363/2363/2363 2362/2362/2362 2366/2366/2366 
f 2363/2363/2363 2367/2367/2367 2368/2368/2368 
f 2368/2368/2368 2364/2364/2364 2363/2363/2363 
f 2369/2369/2369 2349/2349/2349 2365/2365/2365 
f 2370/2370/2370 2371/2371/2371 2372/2372/2372 
f 2372/2372/2372 2373/2373/2373 2370/2370/2370 
f 2372/2372/2372 2371/2371/2371 2374/2374/2374 
f 2374/2374/2374 2375/2375/2375 2372/2372/2372 
f 2376/2376/2376 2349/2349/2349 2369/2369/2369 
f 2377/2377/2377 2378/2378/2378 2371/2371/2371 
f 2371/2371/2371 2370/2370/2370 2377/2377/2377 
f 2371/2371/2371 2378/2378/2378 2379/2379/2379 
f 2379/2379/2379 2374/2374/2374 2371/2371/2371 
f 2380/2380/2380 2349/2349/2349 2376/2376/2376 
f 2377/2377/2377 2342/2342/2342 2345/2345/2345 
f 2345/2345/2345 2378/2378/2378 2377/2377/2377 
f 2379/2379/2379 2378/2378/2378 2345/2345/2345 
f 2345/2345/2345 2346/2346/2346 2379/2379/2379 
f 2349/2349/2349 2380/2380/2380 2350/2350/2350 
f 2381/2381/2381 2366/2366/2366 2362/2362/2362 
f 2362/2362/2362 2382/2382/2382 2381/2381/2381 
f 2382/2382/2382 2362/2362/2362 2358/2358/2358 
f 2358/2358/2358 2383/2383/2383 2382/2382/2382 
f 2384/2384/2384 2383/2383/2383 2358/2358/2358 
f 2358/2358/2358 2352/2352/2352 2384/2384/2384 
f 2385/2385/2385 2384/2384/2384 2352/2352/2352 
f 2352/2352/2352 2351/2351/2351 2385/2385/2385 
f 2386/2386/2386 2387/2387/2387 2343/2343/2343 
f 2343/2343/2343 2342/2342/2342 2386/2386/2386 
f 2388/2388/2388 2386/2386/2386 2342/2342/2342 
f 2342/2342/2342 2377/2377/2377 2388/2388/2388 
f 2388/2388/2388 2377/2377/2377 2370/2370/2370 
f 2370/2370/2370 2389/2389/2389 2388/2388/2388 
f 2389/2389/2389 2370/2370/2370 2373/2373/2373 
f 2373/2373/2373 2390/2390/2390 2389/2389/2389 
f 2391/2391/2391 2392/2392/2392 2393/2393/2393 
f 2393/2393/2393 2394/2394/2394 2391/2391/2391 
f 2395/2395/2395 2396/2396/2396 2397/2397/2397 
f 2397/2397/2397 2398/2398/2398 2395/2395/2395 
f 2399/2399/2399 2400/2400/2400 2401/2401/2401 
f 2402/2402/2402 2403/2403/2403 2404/2404/2404 
f 2404/2404/2404 2405/2405/2405 2402/2402/2402 
f 2406/2406/2406 2407/2407/2407 2408/2408/2408 
f 2408/2408/2408 2409/2409/2409 2406/2406/2406 
f 2408/2408/2408 2400/2400/2400 2399/2399/2399 
f 2410/2410/2410 2411/2411/2411 2403/2403/2403 
f 2403/2403/2403 2402/2402/2402 2410/2410/2410 
f 2407/2407/2407 2412/2412/2412 2413/2413/2413 
f 2413/2413/2413 2408/2408/2408 2407/2407/2407 
f 2413/2413/2413 2400/2400/2400 2408/2408/2408 
f 2414/2414/2414 2415/2415/2415 2411/2411/2411 
f 2411/2411/2411 2410/2410/2410 2414/2414/2414 
f 2413/2413/2413 2412/2412/2412 2416/2416/2416 
f 2416/2416/2416 2417/2417/2417 2413/2413/2413 
f 2417/2417/2417 2400/2400/2400 2413/2413/2413 
f 2418/2418/2418 2419/2419/2419 2415/2415/2415 
f 2415/2415/2415 2414/2414/2414 2418/2418/2418 
f 2417/2417/2417 2416/2416/2416 2420/2420/2420 
f 2420/2420/2420 2421/2421/2421 2417/2417/2417 
f 2422/2422/2422 2400/2400/2400 2417/2417/2417 
f 2423/2423/2423 2424/2424/2424 2425/2425/2425 
f 2425/2425/2425 2426/2426/2426 2423/2423/2423 
f 2427/2427/2427 2428/2428/2428 2429/2429/2429 
f 2429/2429/2429 2430/2430/2430 2427/2427/2427 
f 2431/2431/2431 2400/2400/2400 2422/2422/2422 
f 2423/2423/2423 2432/2432/2432 2433/2433/2433 
f 2433/2433/2433 2424/2424/2424 2423/2423/2423 
f 2427/2427/2427 2434/2434/2434 2435/2435/2435 
f 2435/2435/2435 2428/2428/2428 2427/2427/2427 
f 2436/2436/2436 2400/2400/2400 2431/2431/2431 
f 2432/2432/2432 2391/2391/2391 2394/2394/2394 
f 2394/2394/2394 2433/2433/2433 2432/2432/2432 
f 2434/2434/2434 2395/2395/2395 2398/2398/2398 
f 2398/2398/2398 2435/2435/2435 2434/2434/2434 
f 2400/2400/2400 2436/2436/2436 2401/2401/2401 
f 2385/2385/2385 2418/2418/2418 2414/2414/2414 
f 2414/2414/2414 2437/2437/2437 2385/2385/2385 
f 2437/2437/2437 2414/2414/2414 2410/2410/2410 
f 2410/2410/2410 2438/2438/2438 2437/2437/2437 
f 2439/2439/2439 2438/2438/2438 2410/2410/2410 
f 2410/2410/2410 2402/2402/2402 2439/2439/2439 
f 2440/2440/2440 2439/2439/2439 2402/2402/2402 
f 2402/2402/2402 2405/2405/2405 2440/2440/2440 
f 2441/2441/2441 2442/2442/2442 2392/2392/2392 
f 2392/2392/2392 2391/2391/2391 2441/2441/2441 
f 2443/2443/2443 2441/2441/2441 2391/2391/2391 
f 2391/2391/2391 2432/2432/2432 2443/2443/2443 
f 2443/2443/2443 2432/2432/2432 2423/2423/2423 
f 2423/2423/2423 2444/2444/2444 2443/2443/2443 
f 2444/2444/2444 2423/2423/2423 2426/2426/2426 
f 2426/2426/2426 2387/2387/2387 2444/2444/2444 
f 2445/2445/2445 2446/2446/2446 2447/2447/2447 
f 2447/2447/2447 2448/2448/2448 2445/2445/2445 
f 2449/2449/2449 2450/2450/2450 2451/2451/2451 
f 2451/2451/2451 2452/2452/2452 2449/2449/2449 
f 2453/2453/2453 2454/2454/2454 2455/2455/2455 
f 2456/2456/2456 2457/2457/2457 2458/2458/2458 
f 2458/2458/2458 2459/2459/2459 2456/2456/2456 
f 2460/2460/2460 2461/2461/2461 2462/2462/2462 
f 2462/2462/2462 2463/2463/2463 2460/2460/2460 
f 2462/2462/2462 2454/2454/2454 2453/2453/2453 
f 2457/2457/2457 2464/2464/2464 2465/2465/2465 
f 2465/2465/2465 2458/2458/2458 2457/2457/2457 
f 2461/2461/2461 2466/2466/2466 2467/2467/2467 
f 2467/2467/2467 2462/2462/2462 2461/2461/2461 
f 2467/2467/2467 2454/2454/2454 2462/2462/2462 
f 2468/2468/2468 2469/2469/2469 2465/2465/2465 
f 2465/2465/2465 2464/2464/2464 2468/2468/2468 
f 2467/2467/2467 2466/2466/2466 2470/2470/2470 
f 2470/2470/2470 2471/2471/2471 2467/2467/2467 
f 2471/2471/2471 2454/2454/2454 2467/2467/2467 
f 2472/2472/2472 2473/2473/2473 2469/2469/2469 
f 2469/2469/2469 2468/2468/2468 2472/2472/2472 
f 2471/2471/2471 2470/2470/2470 2474/2474/2474 
f 2474/2474/2474 2475/2475/2475 2471/2471/2471 
f 2476/2476/2476 2454/2454/2454 2471/2471/2471 
f 2477/2477/2477 2478/2478/2478 2479/2479/2479 
f 2479/2479/2479 2480/2480/2480 2477/2477/2477 
f 2481/2481/2481 2482/2482/2482 2483/2483/2483 
f 2483/2483/2483 2484/2484/2484 2481/2481/2481 
f 2485/2485/2485 2454/2454/2454 2476/2476/2476 
f 2486/2486/2486 2487/2487/2487 2478/2478/2478 
f 2478/2478/2478 2477/2477/2477 2486/2486/2486 
f 2482/2482/2482 2481/2481/2481 2488/2488/2488 
f 2488/2488/2488 2489/2489/2489 2482/2482/2482 
f 2490/2490/2490 2454/2454/2454 2485/2485/2485 
f 2486/2486/2486 2445/2445/2445 2448/2448/2448 
f 2448/2448/2448 2487/2487/2487 2486/2486/2486 
f 2488/2488/2488 2449/2449/2449 2452/2452/2452 
f 2452/2452/2452 2489/2489/2489 2488/2488/2488 
f 2455/2455/2455 2454/2454/2454 2490/2490/2490 
f 2491/2491/2491 2472/2472/2472 2468/2468/2468 
f 2468/2468/2468 2492/2492/2492 2491/2491/2491 
f 2492/2492/2492 2468/2468/2468 2464/2464/2464 
f 2464/2464/2464 2493/2493/2493 2492/2492/2492 
f 2494/2494/2494 2493/2493/2493 2464/2464/2464 
f 2464/2464/2464 2457/2457/2457 2494/2494/2494 
f 2381/2381/2381 2494/2494/2494 2457/2457/2457 
f 2457/2457/2457 2456/2456/2456 2381/2381/2381 
f 2495/2495/2495 2390/2390/2390 2446/2446/2446 
f 2446/2446/2446 2445/2445/2445 2495/2495/2495 
f 2496/2496/2496 2495/2495/2495 2445/2445/2445 
f 2445/2445/2445 2486/2486/2486 2496/2496/2496 
f 2496/2496/2496 2486/2486/2486 2477/2477/2477 
f 2477/2477/2477 2497/2497/2497 2496/2496/2496 
f 2497/2497/2497 2477/2477/2477 2480/2480/2480 
f 2480/2480/2480 2498/2498/2498 2497/2497/2497 
f 2499/2499/2499 2500/2500/2500 2501/2501/2501 
f 2501/2501/2501 2502/2502/2502 2499/2499/2499 
f 2503/2503/2503 2504/2504/2504 2505/2505/2505 
f 2505/2505/2505 2506/2506/2506 2503/2503/2503 
f 2507/2507/2507 2508/2508/2508 2509/2509/2509 
f 2509/2509/2509 2510/2510/2510 2507/2507/2507 
f 2508/2508/2508 2511/2511/2511 2512/2512/2512 
f 2512/2512/2512 2509/2509/2509 2508/2508/2508 
f 2513/2513/2513 2514/2514/2514 2515/2515/2515 
f 2516/2516/2516 2517/2517/2517 2518/2518/2518 
f 2519/2519/2519 2520/2520/2520 2521/2521/2521 
f 2521/2521/2521 2522/2522/2522 2519/2519/2519 
f 2437/2437/2437 2523/2523/2523 2385/2385/2385 
f 2524/2524/2524 2509/2509/2509 2512/2512/2512 
f 2512/2512/2512 2525/2525/2525 2524/2524/2524 
f 2441/2441/2441 2443/2443/2443 2526/2526/2526 
f 2526/2526/2526 2517/2517/2517 2441/2441/2441 
f 2527/2527/2527 2492/2492/2492 2493/2493/2493 
f 2493/2493/2493 2528/2528/2528 2527/2527/2527 
f 2440/2440/2440 2529/2529/2529 2530/2530/2530 
f 2530/2530/2530 2439/2439/2439 2440/2440/2440 
f 2531/2531/2531 2532/2532/2532 2533/2533/2533 
f 2534/2534/2534 2522/2522/2522 2521/2521/2521 
f 2521/2521/2521 2535/2535/2535 2534/2534/2534 
f 2536/2536/2536 2537/2537/2537 2519/2519/2519 
f 2519/2519/2519 2522/2522/2522 2536/2536/2536 
f 2538/2538/2538 2539/2539/2539 2534/2534/2534 
f 2534/2534/2534 2540/2540/2540 2538/2538/2538 
f 2541/2541/2541 2531/2531/2531 2542/2542/2542 
f 2542/2542/2542 2543/2543/2543 2541/2541/2541 
f 2544/2544/2544 2545/2545/2545 2546/2546/2546 
f 2444/2444/2444 2544/2544/2544 2526/2526/2526 
f 2526/2526/2526 2443/2443/2443 2444/2444/2444 
f 2384/2384/2384 2385/2385/2385 2523/2523/2523 
f 2547/2547/2547 2548/2548/2548 2549/2549/2549 
f 2549/2549/2549 2550/2550/2550 2547/2547/2547 
f 2551/2551/2551 2552/2552/2552 2553/2553/2553 
f 2553/2553/2553 2554/2554/2554 2551/2551/2551 
f 2555/2555/2555 2556/2556/2556 2557/2557/2557 
f 2557/2557/2557 2558/2558/2558 2555/2555/2555 
f 2559/2559/2559 2560/2560/2560 2561/2561/2561 
f 2561/2561/2561 2562/2562/2562 2559/2559/2559 
f 2563/2563/2563 2564/2564/2564 2565/2565/2565 
f 2565/2565/2565 2566/2566/2566 2563/2563/2563 
f 2567/2567/2567 2568/2568/2568 2569/2569/2569 
f 2569/2569/2569 2570/2570/2570 2567/2567/2567 
f 2571/2571/2571 2572/2572/2572 2573/2573/2573 
f 2574/2574/2574 2547/2547/2547 2550/2550/2550 
f 2550/2550/2550 2575/2575/2575 2574/2574/2574 
f 2495/2495/2495 2496/2496/2496 2515/2515/2515 
f 2515/2515/2515 2514/2514/2514 2495/2495/2495 
f 2383/2383/2383 2576/2576/2576 2577/2577/2577 
f 2577/2577/2577 2382/2382/2382 2383/2383/2383 
f 2497/2497/2497 2578/2578/2578 2515/2515/2515 
f 2515/2515/2515 2496/2496/2496 2497/2497/2497 
f 2579/2579/2579 2491/2491/2491 2492/2492/2492 
f 2492/2492/2492 2527/2527/2527 2579/2579/2579 
f 2389/2389/2389 2514/2514/2514 2545/2545/2545 
f 2545/2545/2545 2388/2388/2388 2389/2389/2389 
f 2386/2386/2386 2544/2544/2544 2387/2387/2387 
f 2580/2580/2580 2572/2572/2572 2571/2571/2571 
f 2571/2571/2571 2581/2581/2581 2580/2580/2580 
f 2582/2582/2582 2583/2583/2583 2504/2504/2504 
f 2504/2504/2504 2503/2503/2503 2582/2582/2582 
f 2584/2584/2584 2585/2585/2585 2586/2586/2586 
f 2586/2586/2586 2587/2587/2587 2584/2584/2584 
f 2588/2588/2588 2586/2586/2586 2585/2585/2585 
f 2585/2585/2585 2543/2543/2543 2588/2588/2588 
f 2542/2542/2542 2589/2589/2589 2588/2588/2588 
f 2588/2588/2588 2543/2543/2543 2542/2542/2542 
f 2494/2494/2494 2577/2577/2577 2528/2528/2528 
f 2528/2528/2528 2493/2493/2493 2494/2494/2494 
f 2531/2531/2531 2533/2533/2533 2590/2590/2590 
f 2590/2590/2590 2542/2542/2542 2531/2531/2531 
f 2589/2589/2589 2542/2542/2542 2590/2590/2590 
f 2590/2590/2590 2591/2591/2591 2589/2589/2589 
f 2592/2592/2592 2538/2538/2538 2589/2589/2589 
f 2589/2589/2589 2591/2591/2591 2592/2592/2592 
f 2539/2539/2539 2593/2593/2593 2594/2594/2594 
f 2594/2594/2594 2536/2536/2536 2539/2539/2539 
f 2537/2537/2537 2536/2536/2536 2594/2594/2594 
f 2540/2540/2540 2534/2534/2534 2535/2535/2535 
f 2535/2535/2535 2595/2595/2595 2540/2540/2540 
f 2534/2534/2534 2539/2539/2539 2536/2536/2536 
f 2536/2536/2536 2522/2522/2522 2534/2534/2534 
f 2588/2588/2588 2589/2589/2589 2538/2538/2538 
f 2538/2538/2538 2540/2540/2540 2588/2588/2588 
f 2540/2540/2540 2595/2595/2595 2586/2586/2586 
f 2586/2586/2586 2588/2588/2588 2540/2540/2540 
f 2592/2592/2592 2593/2593/2593 2539/2539/2539 
f 2539/2539/2539 2538/2538/2538 2592/2592/2592 
f 2514/2514/2514 2390/2390/2390 2495/2495/2495 
f 2390/2390/2390 2514/2514/2514 2389/2389/2389 
f 2386/2386/2386 2388/2388/2388 2545/2545/2545 
f 2545/2545/2545 2544/2544/2544 2386/2386/2386 
f 2387/2387/2387 2544/2544/2544 2444/2444/2444 
f 2541/2541/2541 2596/2596/2596 2532/2532/2532 
f 2532/2532/2532 2531/2531/2531 2541/2541/2541 
f 2515/2515/2515 2578/2578/2578 2513/2513/2513 
f 2512/2512/2512 2511/2511/2511 2513/2513/2513 
f 2513/2513/2513 2578/2578/2578 2512/2512/2512 
f 2494/2494/2494 2381/2381/2381 2577/2577/2577 
f 2382/2382/2382 2577/2577/2577 2381/2381/2381 
f 2384/2384/2384 2523/2523/2523 2576/2576/2576 
f 2576/2576/2576 2383/2383/2383 2384/2384/2384 
f 2438/2438/2438 2439/2439/2439 2530/2530/2530 
f 2530/2530/2530 2523/2523/2523 2438/2438/2438 
f 2438/2438/2438 2523/2523/2523 2437/2437/2437 
f 2517/2517/2517 2597/2597/2597 2442/2442/2442 
f 2442/2442/2442 2441/2441/2441 2517/2517/2517 
f 2498/2498/2498 2598/2598/2598 2578/2578/2578 
f 2578/2578/2578 2497/2497/2497 2498/2498/2498 
f 2587/2587/2587 2586/2586/2586 2595/2595/2595 
f 2595/2595/2595 2535/2535/2535 2599/2599/2599 
f 2599/2599/2599 2587/2587/2587 2595/2595/2595 
f 2518/2518/2518 2517/2517/2517 2526/2526/2526 
f 2544/2544/2544 2518/2518/2518 2526/2526/2526 
f 2544/2544/2544 2546/2546/2546 2600/2600/2600 
f 2546/2546/2546 2545/2545/2545 2514/2514/2514 
f 2513/2513/2513 2601/2601/2601 2514/2514/2514 
f 2602/2602/2602 2516/2516/2516 2603/2603/2603 
f 2603/2603/2603 2604/2604/2604 2602/2602/2602 
f 2603/2603/2603 2605/2605/2605 2606/2606/2606 
f 2606/2606/2606 2604/2604/2604 2603/2603/2603 
f 2607/2607/2607 2608/2608/2608 2609/2609/2609 
f 2609/2609/2609 2610/2610/2610 2607/2607/2607 
f 2607/2607/2607 2610/2610/2610 2611/2611/2611 
f 2611/2611/2611 2612/2612/2612 2607/2607/2607 
f 2608/2608/2608 2244/2244/2244 2247/2247/2247 
f 2247/2247/2247 2609/2609/2609 2608/2608/2608 
f 2249/2249/2249 2220/2220/2220 2223/2223/2223 
f 2223/2223/2223 2250/2250/2250 2249/2249/2249 
f 2225/2225/2225 2213/2213/2213 2226/2226/2226 
f 2226/2226/2226 2252/2252/2252 2225/2225/2225 
f 2213/2213/2213 2212/2212/2212 2227/2227/2227 
f 2227/2227/2227 2226/2226/2226 2213/2213/2213 
f 2215/2215/2215 2214/2214/2214 2233/2233/2233 
f 2233/2233/2233 2232/2232/2232 2215/2215/2215 
f 2214/2214/2214 2218/2218/2218 2235/2235/2235 
f 2235/2235/2235 2233/2233/2233 2214/2214/2214 
f 2264/2264/2264 2613/2613/2613 2614/2614/2614 
f 2614/2614/2614 2265/2265/2265 2264/2264/2264 
f 2261/2261/2261 2260/2260/2260 2615/2615/2615 
f 2615/2615/2615 2616/2616/2616 2261/2261/2261 
f 2617/2617/2617 2254/2254/2254 2269/2269/2269 
f 2269/2269/2269 2618/2618/2618 2617/2617/2617 
f 2619/2619/2619 2268/2268/2268 2267/2267/2267 
f 2267/2267/2267 2620/2620/2620 2619/2619/2619 
f 2621/2621/2621 2622/2622/2622 2612/2612/2612 
f 2612/2612/2612 2611/2611/2611 2621/2621/2621 
f 2623/2623/2623 2263/2263/2263 2266/2266/2266 
f 2266/2266/2266 2624/2624/2624 2623/2623/2623 
f 2625/2625/2625 2259/2259/2259 2262/2262/2262 
f 2262/2262/2262 2626/2626/2626 2625/2625/2625 
f 2627/2627/2627 2258/2258/2258 2257/2257/2257 
f 2257/2257/2257 2628/2628/2628 2627/2627/2627 
f 2629/2629/2629 2628/2628/2628 2257/2257/2257 
f 2257/2257/2257 2256/2256/2256 2629/2629/2629 
f 2630/2630/2630 2255/2255/2255 2254/2254/2254 
f 2254/2254/2254 2617/2617/2617 2630/2630/2630 
f 2613/2613/2613 2240/2240/2240 2243/2243/2243 
f 2243/2243/2243 2614/2614/2614 2613/2613/2613 
f 2239/2239/2239 2616/2616/2616 2615/2615/2615 
f 2615/2615/2615 2236/2236/2236 2239/2239/2239 
f 2201/2201/2201 2200/2200/2200 2195/2195/2195 
f 2195/2195/2195 2194/2194/2194 2201/2201/2201 
f 2285/2285/2285 2284/2284/2284 2279/2279/2279 
f 2279/2279/2279 2278/2278/2278 2285/2285/2285 
f 2243/2243/2243 2242/2242/2242 2237/2237/2237 
f 2237/2237/2237 2236/2236/2236 2243/2243/2243 
f 2614/2614/2614 2243/2243/2243 2236/2236/2236 
f 2236/2236/2236 2615/2615/2615 2614/2614/2614 
f 2265/2265/2265 2614/2614/2614 2615/2615/2615 
f 2615/2615/2615 2260/2260/2260 2265/2265/2265 
f 2265/2265/2265 2260/2260/2260 2259/2259/2259 
f 2259/2259/2259 2266/2266/2266 2265/2265/2265 
f 2624/2624/2624 2266/2266/2266 2259/2259/2259 
f 2259/2259/2259 2625/2625/2625 2624/2624/2624 
f 2559/2559/2559 2566/2566/2566 2565/2565/2565 
f 2565/2565/2565 2560/2560/2560 2559/2559/2559 
f 2560/2560/2560 2565/2565/2565 2603/2603/2603 
f 2603/2603/2603 2516/2516/2516 2560/2560/2560 
f 2341/2341/2341 2340/2340/2340 2301/2301/2301 
f 2301/2301/2301 2300/2300/2300 2341/2341/2341 
f 2297/2297/2297 2296/2296/2296 2337/2337/2337 
f 2337/2337/2337 2336/2336/2336 2297/2297/2297 
f 2507/2507/2507 2510/2510/2510 2506/2506/2506 
f 2506/2506/2506 2505/2505/2505 2507/2507/2507 
f 2574/2574/2574 2575/2575/2575 2573/2573/2573 
f 2573/2573/2573 2572/2572/2572 2574/2574/2574 
f 2630/2630/2630 2631/2631/2631 2632/2632/2632 
f 2632/2632/2632 2255/2255/2255 2630/2630/2630 
f 2633/2633/2633 2211/2211/2211 2255/2255/2255 
f 2255/2255/2255 2632/2632/2632 2633/2633/2633 
f 2211/2211/2211 2633/2633/2633 2634/2634/2634 
f 2634/2634/2634 2212/2212/2212 2211/2211/2211 
f 2212/2212/2212 2634/2634/2634 2635/2635/2635 
f 2635/2635/2635 2227/2227/2227 2212/2212/2212 
f 2227/2227/2227 2635/2635/2635 2636/2636/2636 
f 2636/2636/2636 2228/2228/2228 2227/2227/2227 
f 2637/2637/2637 2270/2270/2270 2273/2273/2273 
f 2273/2273/2273 2638/2638/2638 2637/2637/2637 
f 2188/2188/2188 2187/2187/2187 2639/2639/2639 
f 2639/2639/2639 2640/2640/2640 2188/2188/2188 
f 2603/2603/2603 2565/2565/2565 2564/2564/2564 
f 2564/2564/2564 2605/2605/2605 2603/2603/2603 
f 2568/2568/2568 2567/2567/2567 2500/2500/2500 
f 2500/2500/2500 2499/2499/2499 2568/2568/2568 
f 2583/2583/2583 2581/2581/2581 2571/2571/2571 
f 2571/2571/2571 2504/2504/2504 2583/2583/2583 
f 2504/2504/2504 2571/2571/2571 2573/2573/2573 
f 2573/2573/2573 2505/2505/2505 2504/2504/2504 
f 2575/2575/2575 2507/2507/2507 2505/2505/2505 
f 2505/2505/2505 2573/2573/2573 2575/2575/2575 
f 2575/2575/2575 2550/2550/2550 2508/2508/2508 
f 2508/2508/2508 2507/2507/2507 2575/2575/2575 
f 2511/2511/2511 2508/2508/2508 2550/2550/2550 
f 2550/2550/2550 2549/2549/2549 2511/2511/2511 
f 2554/2554/2554 2553/2553/2553 2601/2601/2601 
f 2601/2601/2601 2513/2513/2513 2554/2554/2554 
f 2546/2546/2546 2555/2555/2555 2558/2558/2558 
f 2558/2558/2558 2600/2600/2600 2546/2546/2546 
f 2518/2518/2518 2561/2561/2561 2560/2560/2560 
f 2560/2560/2560 2516/2516/2516 2518/2518/2518 
f 2208/2208/2208 2183/2183/2183 2186/2186/2186 
f 2186/2186/2186 2209/2209/2209 2208/2208/2208 
f 2292/2292/2292 2295/2295/2295 2294/2294/2294 
f 2294/2294/2294 2293/2293/2293 2292/2292/2292 
f 2253/2253/2253 2251/2251/2251 2250/2250/2250 
f 2250/2250/2250 2252/2252/2252 2253/2253/2253 
f 2252/2252/2252 2250/2250/2250 2223/2223/2223 
f 2223/2223/2223 2225/2225/2225 2252/2252/2252 
f 2224/2224/2224 2225/2225/2225 2223/2223/2223 
f 2223/2223/2223 2222/2222/2222 2224/2224/2224 
f 2224/2224/2224 2222/2222/2222 2268/2268/2268 
f 2268/2268/2268 2269/2269/2269 2224/2224/2224 
f 2618/2618/2618 2269/2269/2269 2268/2268/2268 
f 2268/2268/2268 2619/2619/2619 2618/2618/2618 
f 2548/2548/2548 2551/2551/2551 2554/2554/2554 
f 2554/2554/2554 2549/2549/2549 2548/2548/2548 
f 2511/2511/2511 2549/2549/2549 2554/2554/2554 
f 2554/2554/2554 2513/2513/2513 2511/2511/2511 
f 2205/2205/2205 2204/2204/2204 2641/2641/2641 
f 2641/2641/2641 2642/2642/2642 2205/2205/2205 
f 2289/2289/2289 2288/2288/2288 2643/2643/2643 
f 2643/2643/2643 2644/2644/2644 2289/2289/2289 
f 2247/2247/2247 2246/2246/2246 2645/2645/2645 
f 2645/2645/2645 2646/2646/2646 2247/2247/2247 
f 2609/2609/2609 2247/2247/2247 2646/2646/2646 
f 2646/2646/2646 2647/2647/2647 2609/2609/2609 
f 2610/2610/2610 2609/2609/2609 2647/2647/2647 
f 2647/2647/2647 2648/2648/2648 2610/2610/2610 
f 2610/2610/2610 2648/2648/2648 2649/2649/2649 
f 2649/2649/2649 2611/2611/2611 2610/2610/2610 
f 2650/2650/2650 2621/2621/2621 2611/2611/2611 
f 2611/2611/2611 2649/2649/2649 2650/2650/2650 
f 2558/2558/2558 2557/2557/2557 2562/2562/2562 
f 2562/2562/2562 2561/2561/2561 2558/2558/2558 
f 2600/2600/2600 2558/2558/2558 2561/2561/2561 
f 2561/2561/2561 2518/2518/2518 2600/2600/2600 
f 2203/2203/2203 2202/2202/2202 2207/2207/2207 
f 2207/2207/2207 2206/2206/2206 2203/2203/2203 
f 2291/2291/2291 2290/2290/2290 2287/2287/2287 
f 2287/2287/2287 2286/2286/2286 2291/2291/2291 
f 2249/2249/2249 2248/2248/2248 2245/2245/2245 
f 2245/2245/2245 2244/2244/2244 2249/2249/2249 
f 2244/2244/2244 2608/2608/2608 2220/2220/2220 
f 2220/2220/2220 2249/2249/2249 2244/2244/2244 
f 2221/2221/2221 2220/2220/2220 2608/2608/2608 
f 2608/2608/2608 2607/2607/2607 2221/2221/2221 
f 2221/2221/2221 2607/2607/2607 2612/2612/2612 
f 2612/2612/2612 2267/2267/2267 2221/2221/2221 
f 2622/2622/2622 2620/2620/2620 2267/2267/2267 
f 2267/2267/2267 2612/2612/2612 2622/2622/2622 
f 2552/2552/2552 2556/2556/2556 2555/2555/2555 
f 2555/2555/2555 2553/2553/2553 2552/2552/2552 
f 2601/2601/2601 2553/2553/2553 2555/2555/2555 
f 2555/2555/2555 2546/2546/2546 2601/2601/2601 
f 2197/2197/2197 2196/2196/2196 2651/2651/2651 
f 2651/2651/2651 2652/2652/2652 2197/2197/2197 
f 2281/2281/2281 2280/2280/2280 2653/2653/2653 
f 2653/2653/2653 2654/2654/2654 2281/2281/2281 
f 2239/2239/2239 2238/2238/2238 2655/2655/2655 
f 2655/2655/2655 2656/2656/2656 2239/2239/2239 
f 2656/2656/2656 2657/2657/2657 2616/2616/2616 
f 2616/2616/2616 2239/2239/2239 2656/2656/2656 
f 2658/2658/2658 2261/2261/2261 2616/2616/2616 
f 2616/2616/2616 2657/2657/2657 2658/2658/2658 
f 2262/2262/2262 2261/2261/2261 2658/2658/2658 
f 2658/2658/2658 2659/2659/2659 2262/2262/2262 
f 2626/2626/2626 2262/2262/2262 2659/2659/2659 
f 2659/2659/2659 2660/2660/2660 2626/2626/2626 
f 2564/2564/2564 2563/2563/2563 2661/2661/2661 
f 2661/2661/2661 2662/2662/2662 2564/2564/2564 
f 2605/2605/2605 2564/2564/2564 2662/2662/2662 
f 2662/2662/2662 2663/2663/2663 2605/2605/2605 
f 2605/2605/2605 2663/2663/2663 2664/2664/2664 
f 2664/2664/2664 2606/2606/2606 2605/2605/2605 
f 2521/2521/2521 2520/2520/2520 2665/2665/2665 
f 2665/2665/2665 2535/2535/2535 2521/2521/2521 
f 2544/2544/2544 2600/2600/2600 2518/2518/2518 
f 2514/2514/2514 2601/2601/2601 2546/2546/2546 
f 2666/2666/2666 2630/2630/2630 2617/2617/2617 
f 2617/2617/2617 2667/2667/2667 2666/2666/2666 
f 2631/2631/2631 2630/2630/2630 2666/2666/2666 
f 2666/2666/2666 2668/2668/2668 2631/2631/2631 
f 2669/2669/2669 2628/2628/2628 2629/2629/2629 
f 2629/2629/2629 2670/2670/2670 2669/2669/2669 
f 2671/2671/2671 2627/2627/2627 2628/2628/2628 
f 2628/2628/2628 2669/2669/2669 2671/2671/2671 
f 2672/2672/2672 2673/2673/2673 2626/2626/2626 
f 2626/2626/2626 2660/2660/2660 2672/2672/2672 
f 2673/2673/2673 2674/2674/2674 2625/2625/2625 
f 2625/2625/2625 2626/2626/2626 2673/2673/2673 
f 2675/2675/2675 2624/2624/2624 2625/2625/2625 
f 2625/2625/2625 2674/2674/2674 2675/2675/2675 
f 2675/2675/2675 2676/2676/2676 2623/2623/2623 
f 2623/2623/2623 2624/2624/2624 2675/2675/2675 
f 2677/2677/2677 2678/2678/2678 2621/2621/2621 
f 2621/2621/2621 2650/2650/2650 2677/2677/2677 
f 2678/2678/2678 2679/2679/2679 2622/2622/2622 
f 2622/2622/2622 2621/2621/2621 2678/2678/2678 
f 2679/2679/2679 2680/2680/2680 2620/2620/2620 
f 2620/2620/2620 2622/2622/2622 2679/2679/2679 
f 2681/2681/2681 2619/2619/2619 2620/2620/2620 
f 2620/2620/2620 2680/2680/2680 2681/2681/2681 
f 2682/2682/2682 2618/2618/2618 2619/2619/2619 
f 2619/2619/2619 2681/2681/2681 2682/2682/2682 
f 2667/2667/2667 2617/2617/2617 2618/2618/2618 
f 2618/2618/2618 2682/2682/2682 2667/2667/2667 
f 2683/2683/2683 2666/2666/2666 2667/2667/2667 
f 2667/2667/2667 2684/2684/2684 2683/2683/2683 
f 2668/2668/2668 2666/2666/2666 2683/2683/2683 
f 2683/2683/2683 2685/2685/2685 2668/2668/2668 
f 2686/2686/2686 2669/2669/2669 2670/2670/2670 
f 2670/2670/2670 2687/2687/2687 2686/2686/2686 
f 2688/2688/2688 2671/2671/2671 2669/2669/2669 
f 2669/2669/2669 2686/2686/2686 2688/2688/2688 
f 2689/2689/2689 2690/2690/2690 2673/2673/2673 
f 2673/2673/2673 2672/2672/2672 2689/2689/2689 
f 2690/2690/2690 2691/2691/2691 2674/2674/2674 
f 2674/2674/2674 2673/2673/2673 2690/2690/2690 
f 2691/2691/2691 2692/2692/2692 2675/2675/2675 
f 2675/2675/2675 2674/2674/2674 2691/2691/2691 
f 2692/2692/2692 2693/2693/2693 2676/2676/2676 
f 2676/2676/2676 2675/2675/2675 2692/2692/2692 
f 2694/2694/2694 2695/2695/2695 2678/2678/2678 
f 2678/2678/2678 2677/2677/2677 2694/2694/2694 
f 2695/2695/2695 2696/2696/2696 2679/2679/2679 
f 2679/2679/2679 2678/2678/2678 2695/2695/2695 
f 2696/2696/2696 2697/2697/2697 2680/2680/2680 
f 2680/2680/2680 2679/2679/2679 2696/2696/2696 
f 2698/2698/2698 2681/2681/2681 2680/2680/2680 
f 2680/2680/2680 2697/2697/2697 2698/2698/2698 
f 2699/2699/2699 2682/2682/2682 2681/2681/2681 
f 2681/2681/2681 2698/2698/2698 2699/2699/2699 
f 2684/2684/2684 2667/2667/2667 2682/2682/2682 
f 2682/2682/2682 2699/2699/2699 2684/2684/2684 
f 2304/2304/2304 2306/2306/2306 2312/2312/2312 
f 2512/2512/2512 2578/2578/2578 2598/2598/2598 
f 2598/2598/2598 2525/2525/2525 2512/2512/2512 
f 2533/2533/2533 2532/2532/2532 2579/2579/2579 
f 2579/2579/2579 2527/2527/2527 2533/2533/2533 
f 2533/2533/2533 2527/2527/2527 2528/2528/2528 
f 2528/2528/2528 2590/2590/2590 2533/2533/2533 
f 2591/2591/2591 2590/2590/2590 2528/2528/2528 
f 2528/2528/2528 2577/2577/2577 2591/2591/2591 
f 2576/2576/2576 2592/2592/2592 2591/2591/2591 
f 2591/2591/2591 2577/2577/2577 2576/2576/2576 
f 2523/2523/2523 2593/2593/2593 2592/2592/2592 
f 2592/2592/2592 2576/2576/2576 2523/2523/2523 
f 2593/2593/2593 2523/2523/2523 2530/2530/2530 
f 2530/2530/2530 2594/2594/2594 2593/2593/2593 
f 2529/2529/2529 2537/2537/2537 2594/2594/2594 
f 2594/2594/2594 2530/2530/2530 2529/2529/2529 
f 2516/2516/2516 2602/2602/2602 2597/2597/2597 
f 2597/2597/2597 2517/2517/2517 2516/2516/2516 
f 2406/2406/2406 2404/2404/2404 2403/2403/2403 
f 2403/2403/2403 2407/2407/2407 2406/2406/2406 
f 2407/2407/2407 2403/2403/2403 2411/2411/2411 
f 2411/2411/2411 2412/2412/2412 2407/2407/2407 
f 2416/2416/2416 2412/2412/2412 2411/2411/2411 
f 2411/2411/2411 2415/2415/2415 2416/2416/2416 
f 2420/2420/2420 2416/2416/2416 2415/2415/2415 
f 2415/2415/2415 2419/2419/2419 2420/2420/2420 
f 2425/2425/2425 2424/2424/2424 2427/2427/2427 
f 2427/2427/2427 2430/2430/2430 2425/2425/2425 
f 2434/2434/2434 2427/2427/2427 2424/2424/2424 
f 2424/2424/2424 2433/2433/2433 2434/2434/2434 
f 2395/2395/2395 2434/2434/2434 2433/2433/2433 
f 2433/2433/2433 2394/2394/2394 2395/2395/2395 
f 2395/2395/2395 2394/2394/2394 2393/2393/2393 
f 2393/2393/2393 2396/2396/2396 2395/2395/2395 
f 2379/2379/2379 2346/2346/2346 2700/2700/2700 
f 2700/2700/2700 2701/2701/2701 2379/2379/2379 
f 2702/2702/2702 2374/2374/2374 2379/2379/2379 
f 2379/2379/2379 2701/2701/2701 2702/2702/2702 
f 2374/2374/2374 2702/2702/2702 2703/2703/2703 
f 2703/2703/2703 2375/2375/2375 2374/2374/2374 
f 2365/2365/2365 2364/2364/2364 2368/2368/2368 
f 2368/2368/2368 2704/2704/2704 2365/2365/2365 
f 2361/2361/2361 2360/2360/2360 2364/2364/2364 
f 2364/2364/2364 2365/2365/2365 2361/2361/2361 
f 2356/2356/2356 2360/2360/2360 2361/2361/2361 
f 2361/2361/2361 2357/2357/2357 2356/2356/2356 
f 2355/2355/2355 2356/2356/2356 2357/2357/2357 
f 2357/2357/2357 2705/2705/2705 2355/2355/2355 
f 2346/2346/2346 2347/2347/2347 2706/2706/2706 
f 2706/2706/2706 2700/2700/2700 2346/2346/2346 
f 2461/2461/2461 2458/2458/2458 2465/2465/2465 
f 2465/2465/2465 2466/2466/2466 2461/2461/2461 
f 2470/2470/2470 2466/2466/2466 2465/2465/2465 
f 2465/2465/2465 2469/2469/2469 2470/2470/2470 
f 2474/2474/2474 2470/2470/2470 2469/2469/2469 
f 2469/2469/2469 2473/2473/2473 2474/2474/2474 
f 2479/2479/2479 2478/2478/2478 2481/2481/2481 
f 2481/2481/2481 2484/2484/2484 2479/2479/2479 
f 2488/2488/2488 2481/2481/2481 2478/2478/2478 
f 2478/2478/2478 2487/2487/2487 2488/2488/2488 
f 2488/2488/2488 2487/2487/2487 2448/2448/2448 
f 2448/2448/2448 2449/2449/2449 2488/2488/2488 
f 2449/2449/2449 2448/2448/2448 2447/2447/2447 
f 2447/2447/2447 2450/2450/2450 2449/2449/2449 
f 2460/2460/2460 2459/2459/2459 2458/2458/2458 
f 2458/2458/2458 2461/2461/2461 2460/2460/2460 
f 2326/2326/2326 2330/2330/2330 2331/2331/2331 
f 2331/2331/2331 2328/2328/2328 2326/2326/2326 
f 2339/2339/2339 2334/2334/2334 2337/2337/2337 
f 2337/2337/2337 2340/2340/2340 2339/2339/2339 
f 2340/2340/2340 2337/2337/2337 2296/2296/2296 
f 2296/2296/2296 2301/2301/2301 2340/2340/2340 
f 2301/2301/2301 2296/2296/2296 2299/2299/2299 
f 2299/2299/2299 2302/2302/2302 2301/2301/2301 
f 2302/2302/2302 2299/2299/2299 2308/2308/2308 
f 2308/2308/2308 2309/2309/2309 2302/2302/2302 
f 2317/2317/2317 2313/2313/2313 2316/2316/2316 
f 2316/2316/2316 2318/2318/2318 2317/2317/2317 
f 2323/2323/2323 2318/2318/2318 2316/2316/2316 
f 2316/2316/2316 2322/2322/2322 2323/2323/2323 
f 2328/2328/2328 2323/2323/2323 2322/2322/2322 
f 2322/2322/2322 2326/2326/2326 2328/2328/2328 
f 2321/2321/2321 2543/2543/2543 2585/2585/2585 
f 2585/2585/2585 2325/2325/2325 2321/2321/2321 
f 2585/2585/2585 2584/2584/2584 2329/2329/2329 
f 2329/2329/2329 2325/2325/2325 2585/2585/2585 
f 2335/2335/2335 2503/2503/2503 2506/2506/2506 
f 2506/2506/2506 2336/2336/2336 2335/2335/2335 
f 2510/2510/2510 2297/2297/2297 2336/2336/2336 
f 2336/2336/2336 2506/2506/2506 2510/2510/2510 
f 2298/2298/2298 2297/2297/2297 2510/2510/2510 
f 2510/2510/2510 2509/2509/2509 2298/2298/2298 
f 2298/2298/2298 2509/2509/2509 2524/2524/2524 
f 2524/2524/2524 2307/2307/2307 2298/2298/2298 
f 2314/2314/2314 2596/2596/2596 2541/2541/2541 
f 2541/2541/2541 2315/2315/2315 2314/2314/2314 
f 2315/2315/2315 2541/2541/2541 2543/2543/2543 
f 2543/2543/2543 2321/2321/2321 2315/2315/2315 
f 2294/2294/2294 2271/2271/2271 2184/2184/2184 
f 2184/2184/2184 2183/2183/2183 2294/2294/2294 
f 2271/2271/2271 2270/2270/2270 2187/2187/2187 
f 2187/2187/2187 2184/2184/2184 2271/2271/2271 
f 2639/2639/2639 2187/2187/2187 2270/2270/2270 
f 2270/2270/2270 2637/2637/2637 2639/2639/2639 
f 2189/2189/2189 2191/2191/2191 2274/2274/2274 
f 2280/2280/2280 2197/2197/2197 2652/2652/2652 
f 2652/2652/2652 2653/2653/2653 2280/2280/2280 
f 2279/2279/2279 2194/2194/2194 2197/2197/2197 
f 2197/2197/2197 2280/2280/2280 2279/2279/2279 
f 2284/2284/2284 2201/2201/2201 2194/2194/2194 
f 2194/2194/2194 2279/2279/2279 2284/2284/2284 
f 2283/2283/2283 2198/2198/2198 2201/2201/2201 
f 2201/2201/2201 2284/2284/2284 2283/2283/2283 
f 2288/2288/2288 2205/2205/2205 2642/2642/2642 
f 2642/2642/2642 2643/2643/2643 2288/2288/2288 
f 2287/2287/2287 2202/2202/2202 2205/2205/2205 
f 2205/2205/2205 2288/2288/2288 2287/2287/2287 
f 2202/2202/2202 2287/2287/2287 2290/2290/2290 
f 2290/2290/2290 2207/2207/2207 2202/2202/2202 
f 2207/2207/2207 2290/2290/2290 2293/2293/2293 
f 2293/2293/2293 2208/2208/2208 2207/2207/2207 
f 2183/2183/2183 2208/2208/2208 2293/2293/2293 
f 2293/2293/2293 2294/2294/2294 2183/2183/2183 
f 2272/2272/2272 2295/2295/2295 2253/2253/2253 
f 2253/2253/2253 2229/2229/2229 2272/2272/2272 
f 2273/2273/2273 2272/2272/2272 2229/2229/2229 
f 2229/2229/2229 2228/2228/2228 2273/2273/2273 
f 2638/2638/2638 2273/2273/2273 2228/2228/2228 
f 2228/2228/2228 2636/2636/2636 2638/2638/2638 
f 2276/2276/2276 2275/2275/2275 2231/2231/2231 
f 2231/2231/2231 2230/2230/2230 2276/2276/2276 
f 2277/2277/2277 2276/2276/2276 2230/2230/2230 
f 2230/2230/2230 2234/2234/2234 2277/2277/2277 
f 2238/2238/2238 2281/2281/2281 2654/2654/2654 
f 2654/2654/2654 2655/2655/2655 2238/2238/2238 
f 2237/2237/2237 2278/2278/2278 2281/2281/2281 
f 2281/2281/2281 2238/2238/2238 2237/2237/2237 
f 2242/2242/2242 2285/2285/2285 2278/2278/2278 
f 2278/2278/2278 2237/2237/2237 2242/2242/2242 
f 2241/2241/2241 2282/2282/2282 2285/2285/2285 
f 2285/2285/2285 2242/2242/2242 2241/2241/2241 
f 2246/2246/2246 2289/2289/2289 2644/2644/2644 
f 2644/2644/2644 2645/2645/2645 2246/2246/2246 
f 2245/2245/2245 2286/2286/2286 2289/2289/2289 
f 2289/2289/2289 2246/2246/2246 2245/2245/2245 
f 2248/2248/2248 2291/2291/2291 2286/2286/2286 
f 2286/2286/2286 2245/2245/2245 2248/2248/2248 
f 2291/2291/2291 2248/2248/2248 2251/2251/2251 
f 2251/2251/2251 2292/2292/2292 2291/2291/2291 
f 2295/2295/2295 2292/2292/2292 2251/2251/2251 
f 2251/2251/2251 2253/2253/2253 2295/2295/2295 
f 2665/2665/2665 2599/2599/2599 2535/2535/2535 
f 2663/2663/2663 2499/2499/2499 2502/2502/2502 
f 2502/2502/2502 2664/2664/2664 2663/2663/2663 
f 2662/2662/2662 2568/2568/2568 2499/2499/2499 
f 2499/2499/2499 2663/2663/2663 2662/2662/2662 
f 2568/2568/2568 2662/2662/2662 2661/2661/2661 
f 2661/2661/2661 2569/2569/2569 2568/2568/2568 
f 2671/2671/2671 2688/2688/2688 2707/2707/2707 
f 2707/2707/2707 2708/2708/2708 2671/2671/2671 
f 2627/2627/2627 2671/2671/2671 2708/2708/2708 
f 2708/2708/2708 2709/2709/2709 2627/2627/2627 
f 2258/2258/2258 2627/2627/2627 2709/2709/2709 
f 2709/2709/2709 2710/2710/2710 2258/2258/2258 
f 2711/2711/2711 2219/2219/2219 2258/2258/2258 
f 2258/2258/2258 2710/2710/2710 2711/2711/2711 
f 2712/2712/2712 2218/2218/2218 2219/2219/2219 
f 2219/2219/2219 2711/2711/2711 2712/2712/2712 
f 2235/2235/2235 2218/2218/2218 2712/2712/2712 
f 2712/2712/2712 2713/2713/2713 2235/2235/2235 
f 2234/2234/2234 2235/2235/2235 2713/2713/2713 
f 2713/2713/2713 2714/2714/2714 2234/2234/2234 
f 2277/2277/2277 2234/2234/2234 2714/2714/2714 
f 2714/2714/2714 2715/2715/2715 2277/2277/2277 
f 2193/2193/2193 2277/2277/2277 2715/2715/2715 
f 2715/2715/2715 2716/2716/2716 2193/2193/2193 
f 2717/2717/2717 2193/2193/2193 2716/2716/2716 
f 2192/2192/2192 2193/2193/2193 2717/2717/2717 
f 2717/2717/2717 2718/2718/2718 2192/2192/2192 
f 2719/2719/2719 2720/2720/2720 2721/2721/2721 
f 2722/2722/2722 2723/2723/2723 2724/2724/2724 
f 2725/2725/2725 2726/2726/2726 2727/2727/2727 
f 2728/2728/2728 2729/2729/2729 2730/2730/2730 
f 2731/2731/2731 2732/2732/2732 2733/2733/2733 
f 2734/2734/2734 2735/2735/2735 2736/2736/2736 
f 2737/2737/2737 2738/2738/2738 2724/2724/2724 
f 2739/2739/2739 2740/2740/2740 2741/2741/2741 
f 2742/2742/2742 2731/2731/2731 2733/2733/2733 
f 2743/2743/2743 2744/2744/2744 2745/2745/2745 
f 2746/2746/2746 2747/2747/2747 2748/2748/2748 
f 2749/2749/2749 2750/2750/2750 2751/2751/2751 
f 2752/2752/2752 2753/2753/2753 2754/2754/2754 
f 2755/2755/2755 2756/2756/2756 2757/2757/2757 
f 2758/2758/2758 2759/2759/2759 2760/2760/2760 

g Davidplayzyt12314

v 550.876 194.559 -531.541 
v 550.958 194.558 -531.487 
v 550.963 194.647 -531.489 
v 550.881 194.648 -531.542 
v 551.061 194.558 -531.459 
v 551.064 194.648 -531.461 
v 551.374 194.647 -531.489 
v 551.275 194.648 -531.455 
v 551.274 194.559 -531.452 
v 551.375 194.558 -531.487 
v 551.457 194.558 -531.541 
v 551.527 194.558 -531.61 
v 551.525 194.646 -531.611 
v 551.455 194.647 -531.543 
v 551.583 194.558 -531.813 
v 551.58 194.646 -531.814 
v 551.527 194.558 -532.032 
v 551.525 194.655 -532.03 
v 550.761 194.655 -532.03 
v 550.749 194.558 -532.032 
v 550.75 194.558 -531.813 
v 550.757 194.646 -531.814 
v 550.806 194.558 -531.61 
v 550.812 194.646 -531.611 
v 550.902 194.935 -532.178 
v 550.995 194.963 -532.242 
v 550.981 194.837 -532.311 
v 550.895 194.798 -532.251 
v 551.436 194.818 -532.271 
v 551.534 194.758 -532.199 
v 551.515 194.728 -532.39 
v 551.451 194.748 -532.439 
v 551.272 194.87 -532.355 
v 551.266 194.98 -532.273 
v 551.352 194.968 -532.242 
v 551.366 194.852 -532.326 
v 550.795 194.629 -532.364 
v 550.784 194.558 -532.36 
v 550.749 194.558 -532.193 
v 550.767 194.657 -532.196 
v 550.861 194.558 -532.514 
v 550.871 194.637 -532.513 
v 550.965 194.651 -532.617 
v 550.958 194.558 -532.61 
v 551.169 194.669 -532.691 
v 551.167 194.558 -532.681 
v 551.065 194.558 -532.659 
v 551.07 194.662 -532.668 
v 551.375 194.558 -532.641 
v 551.274 194.558 -532.672 
v 551.274 194.667 -532.681 
v 551.372 194.658 -532.648 
v 551.465 194.651 -532.544 
v 551.471 194.558 -532.545 
v 551.538 194.647 -532.41 
v 551.565 194.663 -532.196 
v 551.585 194.558 -532.193 
v 551.549 194.558 -532.406 
v 551.171 194.769 -532.668 
v 551.077 194.756 -532.644 
v 551.072 194.765 -532.511 
v 551.172 194.779 -532.537 
v 550.967 194.743 -532.459 
v 550.978 194.735 -532.593 
v 550.885 194.722 -532.396 
v 550.89 194.709 -532.486 
v 550.817 194.693 -532.345 
v 551.451 194.736 -532.516 
v 551.363 194.749 -532.624 
v 551.38 194.762 -532.493 
v 551.27 194.765 -532.658 
v 551.279 194.776 -532.526 
v 550.798 194.747 -532.199 
v 551.087 194.978 -532.274 
v 551.079 194.863 -532.349 
v 551.423 194.945 -532.182 
v 550.785 194.742 -532.033 
v 550.778 194.725 -531.81 
v 550.803 194.855 -531.813 
v 550.82 194.893 -532.085 
v 551.511 194.742 -532.033 
v 551.491 194.9 -532.085 
v 551.545 194.855 -531.813 
v 551.563 194.725 -531.81 
v 551.496 194.854 -531.619 
v 551.511 194.726 -531.613 
v 551.434 194.856 -531.557 
v 551.445 194.728 -531.547 
v 551.272 194.729 -531.462 
v 551.367 194.728 -531.495 
v 551.361 194.857 -531.508 
v 551.271 194.859 -531.476 
v 551.076 194.859 -531.483 
v 550.983 194.857 -531.508 
v 550.974 194.728 -531.495 
v 551.07 194.729 -531.469 
v 550.911 194.857 -531.556 
v 550.896 194.728 -531.546 
v 550.852 194.854 -531.619 
v 550.83 194.726 -531.613 
v 551.173 194.986 -532.296 
v 551.172 194.872 -532.362 
v 550.876 194.51 -531.541 
v 550.958 194.509 -531.487 
v 551.061 194.509 -531.459 
v 551.375 194.509 -531.487 
v 551.274 194.51 -531.452 
v 551.457 194.509 -531.541 
v 551.527 194.509 -531.61 
v 551.583 194.509 -531.813 
v 551.471 194.509 -532.545 
v 551.375 194.509 -532.641 
v 551.274 194.509 -532.672 
v 551.167 194.509 -532.681 
v 551.065 194.509 -532.659 
v 550.958 194.509 -532.61 
v 550.861 194.509 -532.514 
v 550.75 194.509 -531.813 
v 550.806 194.509 -531.61 
v 551.527 194.509 -532.032 
v 551.585 194.509 -532.193 
v 550.749 194.509 -532.032 
v 550.749 194.509 -532.193 
v 550.784 194.509 -532.36 
v 551.549 194.509 -532.406 
v 551.185 196.099 -532.361 
v 551.169 195.845 -532.325 
v 551.091 195.845 -532.312 
v 551.099 196.098 -532.347 
v 551.269 195.844 -532.31 
v 551.282 196.098 -532.342 
v 551.36 196.096 -532.31 
v 551.343 195.843 -532.279 
v 551.426 196.09 -532.242 
v 551.405 195.837 -532.22 
v 551.487 196.083 -532.136 
v 551.533 196.069 -531.969 
v 551.5 195.817 -531.97 
v 551.46 195.829 -532.123 
v 551.456 195.805 -531.787 
v 551.486 196.053 -531.779 
v 551.428 196.048 -531.709 
v 551.404 195.802 -531.723 
v 551.009 196.042 -531.654 
v 550.929 196.049 -531.709 
v 550.935 195.803 -531.72 
v 551.012 195.798 -531.671 
v 550.827 195.819 -531.968 
v 550.871 195.807 -531.785 
v 550.862 196.053 -531.779 
v 550.815 196.069 -531.969 
v 550.868 195.831 -532.121 
v 550.861 196.083 -532.136 
v 550.933 195.838 -532.213 
v 550.929 196.09 -532.237 
v 551.007 196.096 -532.31 
v 551.009 195.845 -532.277 
v 550.884 195.538 -532.106 
v 550.849 195.27 -532.085 
v 550.815 195.267 -531.869 
v 550.838 195.56 -531.928 
v 550.995 195.289 -532.226 
v 550.917 195.28 -532.17 
v 550.938 195.53 -532.185 
v 551.003 195.522 -532.235 
v 551.087 195.519 -532.273 
v 551.167 195.515 -532.288 
v 551.169 195.295 -532.279 
v 551.085 195.293 -532.262 
v 551.264 195.294 -532.258 
v 551.258 195.519 -532.268 
v 551.331 195.522 -532.235 
v 551.344 195.291 -532.226 
v 551.393 195.529 -532.188 
v 551.412 195.283 -532.174 
v 551.449 195.538 -532.106 
v 551.496 195.56 -531.928 
v 551.523 195.267 -531.869 
v 551.474 195.273 -532.085 
v 551.476 195.278 -531.699 
v 551.451 195.579 -531.768 
v 551.418 195.283 -531.644 
v 551.399 195.586 -531.718 
v 550.933 195.586 -531.714 
v 550.92 195.283 -531.641 
v 550.99 195.286 -531.597 
v 550.999 195.592 -531.673 
v 550.881 195.579 -531.772 
v 550.862 195.278 -531.701 
v 551.094 196.042 -531.622 
v 551.088 195.798 -531.64 
v 551.078 195.289 -531.569 
v 551.081 195.595 -531.644 
v 551.254 195.595 -531.642 
v 551.263 195.289 -531.565 
v 551.349 195.286 -531.602 
v 551.335 195.592 -531.682 
v 551.258 195.798 -531.634 
v 551.34 195.797 -531.673 
v 551.358 196.042 -531.654 
v 551.274 196.042 -531.615 
v 551.106 196.347 -532.358 
v 551.197 196.348 -532.373 
v 551.298 196.346 -532.353 
v 551.378 196.344 -532.321 
v 551.447 196.338 -532.25 
v 551.511 196.331 -532.14 
v 551.56 196.316 -531.972 
v 551.511 196.296 -531.776 
v 551.45 196.29 -531.706 
v 551.378 196.283 -531.65 
v 551.289 196.282 -531.612 
v 551.099 196.282 -531.618 
v 551.009 196.283 -531.65 
v 550.931 196.29 -531.705 
v 550.865 196.296 -531.776 
v 550.816 196.316 -531.972 
v 550.865 196.331 -532.14 
v 550.932 196.338 -532.245 
v 551.009 196.344 -532.321 
v 551.386 196.581 -532.316 
v 551.458 196.578 -532.247 
v 551.307 196.581 -532.347 
v 551.207 196.582 -532.368 
v 551.118 196.582 -532.352 
v 551.025 196.581 -532.316 
v 550.951 196.578 -532.242 
v 550.84 196.569 -531.978 
v 550.888 196.575 -532.14 
v 550.888 196.56 -531.795 
v 551.025 196.555 -531.676 
v 550.95 196.558 -531.727 
v 551.112 196.555 -531.645 
v 551.386 196.555 -531.676 
v 551.298 196.556 -531.638 
v 551.527 196.56 -531.795 
v 551.462 196.558 -531.728 
v 551.575 196.569 -531.978 
v 551.527 196.575 -532.14 
v 551.006 195.677 -532.26 
v 551.089 195.675 -532.308 
v 551.168 195.673 -532.321 
v 551.263 195.674 -532.304 
v 551.337 195.676 -532.261 
v 551.398 195.677 -532.203 
v 551.498 195.684 -531.948 
v 551.454 195.678 -532.114 
v 551.454 195.688 -531.777 
v 551.402 195.69 -531.721 
v 551.256 195.692 -531.638 
v 551.338 195.691 -531.678 
v 551.005 195.691 -531.672 
v 551.084 195.693 -531.642 
v 550.934 195.691 -531.717 
v 550.832 195.684 -531.947 
v 550.876 195.689 -531.778 
v 550.876 195.679 -532.113 
v 550.936 195.678 -532.199 
v 550.852 195.035 -531.648 
v 550.803 195.031 -531.834 
v 550.987 195.04 -531.539 
v 550.913 195.039 -531.586 
v 551.077 195.042 -531.513 
v 551.357 195.04 -531.541 
v 551.268 195.042 -531.507 
v 551.491 195.035 -531.647 
v 551.43 195.038 -531.587 
v 551.54 195.031 -531.834 
v 551.49 195.059 -532.083 
v 551.352 195.106 -532.232 
v 551.423 195.085 -532.176 
v 551.267 195.112 -532.264 
v 551.172 195.118 -532.286 
v 551.084 195.111 -532.266 
v 550.991 195.102 -532.232 
v 550.903 195.078 -532.172 
v 550.826 195.054 -532.083 
v 551.202 196.554 -531.632 
v 551.192 196.28 -531.604 
v 551.182 196.04 -531.607 
v 551.169 195.797 -531.626 
v 551.168 195.692 -531.629 
v 551.167 195.596 -531.632 
v 551.17 195.29 -531.559 
v 551.172 195.043 -531.504 
v 551.174 194.86 -531.475 
v 551.17 194.728 -531.46 
v 551.169 194.647 -531.451 
v 551.167 194.558 -531.449 
v 551.167 194.509 -531.449 
v 550.931 196.29 -531.705 
v 550.95 196.558 -531.727 
v 550.929 196.049 -531.709 
v 550.935 195.803 -531.72 
v 550.934 195.691 -531.717 
v 550.933 195.586 -531.714 
v 550.92 195.283 -531.641 
v 550.913 195.039 -531.586 
v 550.911 194.857 -531.556 
v 550.896 194.728 -531.546 
v 550.881 194.648 -531.542 
v 550.876 194.559 -531.541 
v 550.876 194.51 -531.541 
v 551.45 196.29 -531.706 
v 551.462 196.558 -531.728 
v 551.428 196.048 -531.709 
v 551.404 195.802 -531.723 
v 551.402 195.69 -531.721 
v 551.399 195.586 -531.718 
v 551.418 195.283 -531.644 
v 551.43 195.038 -531.587 
v 551.434 194.856 -531.557 
v 551.445 194.728 -531.547 
v 551.455 194.647 -531.543 
v 551.457 194.558 -531.541 
v 551.457 194.509 -531.541 
v 551.044 196.645 -532.282 
v 551.025 196.581 -532.316 
v 550.951 196.578 -532.242 
v 550.979 196.643 -532.215 
v 551.207 196.582 -532.368 
v 551.118 196.582 -532.352 
v 551.128 196.646 -532.314 
v 551.207 196.646 -532.328 
v 551.307 196.581 -532.347 
v 551.296 196.646 -532.309 
v 551.367 196.645 -532.282 
v 551.386 196.581 -532.316 
v 551.458 196.578 -532.247 
v 551.432 196.643 -532.22 
v 551.493 196.64 -532.124 
v 551.527 196.575 -532.14 
v 551.535 196.635 -531.98 
v 551.575 196.569 -531.978 
v 551.527 196.56 -531.795 
v 551.49 196.629 -531.817 
v 551.365 196.625 -531.713 
v 551.386 196.555 -531.676 
v 551.462 196.558 -531.728 
v 551.433 196.627 -531.758 
v 551.203 196.624 -531.674 
v 551.202 196.554 -531.632 
v 551.298 196.556 -531.638 
v 551.287 196.625 -531.679 
v 551.025 196.555 -531.676 
v 551.112 196.555 -531.645 
v 551.123 196.625 -531.685 
v 551.046 196.625 -531.713 
v 550.979 196.627 -531.758 
v 550.925 196.629 -531.817 
v 550.888 196.56 -531.795 
v 550.95 196.558 -531.727 
v 550.88 196.635 -531.98 
v 550.84 196.569 -531.978 
v 550.888 196.575 -532.14 
v 550.922 196.64 -532.124 
v 551.084 196.706 -532.212 
v 551.035 196.705 -532.162 
v 551.086 196.74 -532.113 
v 551.121 196.741 -532.148 
v 551.207 196.742 -532.173 
v 551.207 196.707 -532.247 
v 551.147 196.707 -532.236 
v 551.165 196.741 -532.165 
v 551.275 196.707 -532.233 
v 551.255 196.741 -532.163 
v 551.292 196.741 -532.148 
v 551.328 196.706 -532.212 
v 551.377 196.705 -532.165 
v 551.326 196.74 -532.116 
v 551.359 196.739 -532.065 
v 551.423 196.703 -532.093 
v 551.38 196.736 -531.988 
v 551.453 196.7 -531.984 
v 551.418 196.696 -531.863 
v 551.355 196.734 -531.903 
v 551.375 196.695 -531.819 
v 551.325 196.733 -531.873 
v 551.289 196.733 -531.85 
v 551.324 196.694 -531.786 
v 551.267 196.693 -531.76 
v 551.249 196.732 -531.831 
v 551.205 196.732 -531.829 
v 551.204 196.693 -531.757 
v 551.088 196.694 -531.786 
v 551.145 196.694 -531.765 
v 551.163 196.732 -531.835 
v 551.124 196.733 -531.85 
v 551.089 196.733 -531.872 
v 551.06 196.734 -531.903 
v 550.997 196.696 -531.863 
v 551.038 196.695 -531.818 
v 550.961 196.7 -531.984 
v 551.035 196.736 -531.988 
v 551.056 196.739 -532.065 
v 550.992 196.703 -532.093 
v 551.116 196.76 -532.039 
v 551.134 196.761 -532.068 
v 551.155 196.761 -532.09 
v 551.182 196.762 -532.1 
v 551.207 196.762 -532.104 
v 551.236 196.762 -532.099 
v 551.259 196.761 -532.09 
v 551.279 196.761 -532.07 
v 551.299 196.76 -532.039 
v 551.313 196.759 -531.993 
v 551.298 196.757 -531.941 
v 551.28 196.756 -531.922 
v 551.258 196.756 -531.907 
v 551.233 196.756 -531.896 
v 551.206 196.756 -531.895 
v 551.18 196.756 -531.898 
v 551.156 196.756 -531.907 
v 551.134 196.756 -531.921 
v 551.117 196.757 -531.941 
v 551.102 196.759 -531.993 
v 551.207 196.78 -532 
v 550.958 194.509 -531.487 
v 550.876 194.51 -531.541 
v 551.167 194.509 -532.065 
v 551.061 194.509 -531.459 
v 550.958 194.509 -531.487 
v 551.167 194.509 -532.065 
v 551.375 194.509 -531.487 
v 551.274 194.51 -531.452 
v 551.167 194.509 -532.065 
v 551.527 194.509 -531.61 
v 551.457 194.509 -531.541 
v 551.167 194.509 -532.065 
v 551.583 194.509 -531.813 
v 551.527 194.509 -531.61 
v 551.167 194.509 -532.065 
v 551.375 194.509 -532.641 
v 551.471 194.509 -532.545 
v 551.167 194.509 -532.065 
v 551.274 194.509 -532.672 
v 551.375 194.509 -532.641 
v 551.167 194.509 -532.065 
v 551.065 194.509 -532.659 
v 551.167 194.509 -532.681 
v 551.167 194.509 -532.065 
v 550.861 194.509 -532.514 
v 550.958 194.509 -532.61 
v 551.167 194.509 -532.065 
v 550.806 194.509 -531.61 
v 550.75 194.509 -531.813 
v 551.167 194.509 -532.065 
v 551.585 194.509 -532.193 
v 551.527 194.509 -532.032 
v 551.167 194.509 -532.065 
v 550.749 194.509 -532.032 
v 550.749 194.509 -532.193 
v 551.167 194.509 -532.065 
v 550.749 194.509 -532.193 
v 550.784 194.509 -532.36 
v 551.167 194.509 -532.065 
v 551.549 194.509 -532.406 
v 551.585 194.509 -532.193 
v 551.167 194.509 -532.065 
v 551.527 194.509 -532.032 
v 551.583 194.509 -531.813 
v 551.167 194.509 -532.065 
v 550.75 194.509 -531.813 
v 550.749 194.509 -532.032 
v 551.167 194.509 -532.065 
v 550.958 194.509 -532.61 
v 551.065 194.509 -532.659 
v 551.167 194.509 -532.065 
v 551.167 194.509 -532.681 
v 551.274 194.509 -532.672 
v 551.167 194.509 -532.065 
v 550.784 194.509 -532.36 
v 550.861 194.509 -532.514 
v 551.167 194.509 -532.065 
v 551.471 194.509 -532.545 
v 551.549 194.509 -532.406 
v 551.167 194.509 -532.065 
v 551.274 194.51 -531.452 
v 551.167 194.509 -531.449 
v 551.167 194.509 -532.065 
v 551.167 194.509 -531.449 
v 551.061 194.509 -531.459 
v 551.167 194.509 -532.065 
v 550.876 194.51 -531.541 
v 550.806 194.509 -531.61 
v 551.167 194.509 -532.065 
v 551.457 194.509 -531.541 
v 551.375 194.509 -531.487 
v 551.167 194.509 -532.065 

vn -0.629921 0.023622 0.779528 
vn -0.409449 0.015748 0.913386 
vn -0.409449 0.0787402 0.905512 
vn -0.629921 0.102362 0.771654 
vn -0.181102 0.015748 0.984252 
vn -0.181102 0.0708661 0.984252 
vn 0.440945 0.0629921 0.897638 
vn 0.181102 0.0629921 0.984252 
vn 0.181102 0.00787402 0.984252 
vn 0.440945 0.00787402 0.897638 
vn 0.629921 0.00787402 0.779528 
vn 0.858268 0.015748 0.503937 
vn 0.858268 0.0944882 0.503937 
vn 0.629921 0.0708661 0.771654 
vn 1 0.015748 0.00787402 
vn 0.992126 0.110236 0.015748 
vn 1 0.0393701 0.0314961 
vn 0.992126 0.141732 0.00787402 
vn -0.976378 0.204724 -0.015748 
vn -1 0.0629921 0 
vn -0.992126 0.0472441 0.133858 
vn -0.976378 0.165354 0.125984 
vn -0.866142 0.0314961 0.503937 
vn -0.858268 0.133858 0.496063 
vn -0.677165 0.244094 -0.692913 
vn -0.496063 0.259843 -0.826772 
vn -0.503937 0.629921 -0.590551 
vn -0.622047 0.598425 -0.503937 
vn 0.637795 0.653543 -0.401575 
vn 0.897638 0.433071 -0.0944882 
vn 0.740157 0.622047 -0.251969 
vn 0.448819 0.866142 -0.212598 
vn 0.220472 0.740157 -0.637795 
vn 0.283465 0.330709 -0.897638 
vn 0.527559 0.307087 -0.795276 
vn 0.472441 0.700787 -0.543307 
vn -0.913386 0.251969 -0.322835 
vn -0.944882 0.0708661 -0.330709 
vn -0.992126 0.0787402 -0.102362 
vn -0.96063 0.23622 -0.125984 
vn -0.811024 0.0393701 -0.582677 
vn -0.811024 0.228346 -0.535433 
vn -0.606299 0.15748 -0.779528 
vn -0.574803 0 -0.818898 
vn -0.0708661 0.0787402 -0.992126 
vn -0.0708661 -0.0393701 -1 
vn -0.322835 -0.0314961 -0.944882 
vn -0.346457 0.0944882 -0.929134 
vn 0.527559 -0.015748 -0.850394 
vn 0.19685 -0.0393701 -0.976378 
vn 0.212598 0.0787402 -0.976378 
vn 0.559055 0.125984 -0.818898 
vn 0.811024 0.173228 -0.559055 
vn 0.80315 0.015748 -0.598425 
vn 0.929134 0.212598 -0.307087 
vn 0.976378 0.204724 0.0472441 
vn 0.992126 0.0629921 0.0787402 
vn 0.944882 0.0551181 -0.330709 
vn -0.0787402 0.76378 -0.645669 
vn -0.338583 0.740157 -0.582677 
vn -0.251969 0.92126 -0.283465 
vn -0.0629921 0.952756 -0.283465 
vn -0.401575 0.874016 -0.267717 
vn -0.519685 0.716535 -0.464567 
vn -0.496063 0.826772 -0.251969 
vn -0.653543 0.677165 -0.330709 
vn -0.732283 0.614173 -0.291339 
vn 0.637795 0.677165 -0.370079 
vn 0.464567 0.716535 -0.511811 
vn 0.330709 0.905512 -0.259843 
vn 0.212598 0.748031 -0.629921 
vn 0.149606 0.944882 -0.283465 
vn -0.866142 0.425197 -0.267717 
vn -0.307087 0.291339 -0.905512 
vn -0.307087 0.685039 -0.653543 
vn 0.748031 0.267717 -0.614173 
vn -0.968504 0.244094 -0.0393701 
vn -0.968504 0.220472 0.11811 
vn -0.992126 0.110236 0.102362 
vn -0.937008 0.19685 -0.299213 
vn 0.984252 0.173228 -0.015748 
vn 0.952756 0.165354 -0.267717 
vn 1 0.0708661 0.023622 
vn 0.992126 0.149606 0.023622 
vn 0.866142 0.110236 0.488189 
vn 0.858268 0.149606 0.488189 
vn 0.629921 0.125984 0.76378 
vn 0.629921 0.11811 0.76378 
vn 0.173228 0.102362 0.976378 
vn 0.440945 0.110236 0.889764 
vn 0.448819 0.133858 0.88189 
vn 0.181102 0.141732 0.976378 
vn -0.181102 0.141732 0.976378 
vn -0.409449 0.141732 0.897638 
vn -0.409449 0.125984 0.905512 
vn -0.173228 0.110236 0.976378 
vn -0.637795 0.133858 0.76378 
vn -0.629921 0.149606 0.76378 
vn -0.866142 0.125984 0.480315 
vn -0.858268 0.188976 0.480315 
vn -0.015748 0.314961 -0.944882 
vn -0.0551181 0.732283 -0.677165 
vn -0.629921 0 0.779528 
vn -0.409449 0 0.913386 
vn -0.181102 0 0.984252 
vn 0.440945 0 0.897638 
vn 0.181102 0 0.984252 
vn 0.629921 0 0.779528 
vn 0.858268 0 0.511811 
vn 1 0 0.00787402 
vn 0.795276 0 -0.606299 
vn 0.519685 0 -0.850394 
vn 0.188976 0 -0.984252 
vn -0.0708661 0 -1 
vn -0.314961 0 -0.952756 
vn -0.566929 0 -0.826772 
vn -0.811024 0 -0.590551 
vn -0.992126 0 0.133858 
vn -0.866142 0 0.503937 
vn 1 0 0.0472441 
vn 0.992126 0 0.0866142 
vn -1 0 0.00787402 
vn -0.992126 0 -0.102362 
vn -0.944882 0 -0.330709 
vn 0.944882 0 -0.330709 
vn 0.00787402 -0.0944882 -0.992126 
vn 0 -0.0787402 -1 
vn -0.291339 -0.0787402 -0.952756 
vn -0.267717 -0.0787402 -0.96063 
vn 0.291339 -0.0944882 -0.952756 
vn 0.283465 -0.102362 -0.952756 
vn 0.551181 -0.102362 -0.826772 
vn 0.559055 -0.110236 -0.818898 
vn 0.787402 -0.102362 -0.606299 
vn 0.779528 -0.102362 -0.614173 
vn 0.913386 -0.110236 -0.393701 
vn 0.992126 -0.11811 -0.023622 
vn 1 -0.0708661 -0.015748 
vn 0.913386 -0.0944882 -0.385827 
vn 0.889764 -0.0551181 0.448819 
vn 0.889764 -0.110236 0.440945 
vn 0.692913 -0.0944882 0.708661 
vn 0.692913 -0.0551181 0.724409 
vn -0.464567 -0.0393701 0.889764 
vn -0.645669 -0.0314961 0.76378 
vn -0.637795 -0.015748 0.771654 
vn -0.456693 -0.023622 0.889764 
vn -1 -0.0472441 -0.015748 
vn -0.874016 -0.023622 0.480315 
vn -0.874016 -0.023622 0.480315 
vn -1 -0.015748 -0.015748 
vn -0.905512 -0.0629921 -0.425197 
vn -0.905512 -0.023622 -0.417323 
vn -0.740157 -0.0708661 -0.669291 
vn -0.755906 -0.0472441 -0.653543 
vn -0.535433 -0.0708661 -0.84252 
vn -0.535433 -0.0866142 -0.834646 
vn -0.913386 -0.00787402 -0.409449 
vn -0.913386 0.0629921 -0.401575 
vn -0.992126 0.0866142 0.0472441 
vn -1 0.0314961 0.015748 
vn -0.488189 0.00787402 -0.874016 
vn -0.692913 0.0393701 -0.716535 
vn -0.724409 -0.0314961 -0.685039 
vn -0.527559 -0.0708661 -0.850394 
vn -0.307087 -0.110236 -0.944882 
vn 0.00787402 -0.125984 -0.992126 
vn 0.00787402 0 -1 
vn -0.291339 -0.00787402 -0.96063 
vn 0.299213 0.00787402 -0.952756 
vn 0.314961 -0.11811 -0.937008 
vn 0.535433 -0.0866142 -0.84252 
vn 0.503937 0.015748 -0.866142 
vn 0.740157 -0.0393701 -0.669291 
vn 0.724409 0.0314961 -0.685039 
vn 0.913386 -0.00787402 -0.409449 
vn 1 0.0393701 0.00787402 
vn 0.992126 0.0944882 0.015748 
vn 0.913386 0.0472441 -0.401575 
vn 0.850394 0.173228 0.496063 
vn 0.866142 0.102362 0.496063 
vn 0.598425 0.220472 0.771654 
vn 0.614173 0.11811 0.779528 
vn -0.637795 0.11811 0.76378 
vn -0.629921 0.19685 0.748031 
vn -0.417323 0.220472 0.88189 
vn -0.440945 0.11811 0.889764 
vn -0.874016 0.0787402 0.480315 
vn -0.866142 0.149606 0.480315 
vn -0.259843 -0.0393701 0.968504 
vn -0.267717 -0.0393701 0.96063 
vn -0.204724 0.228346 0.952756 
vn -0.23622 0.110236 0.968504 
vn 0.267717 0.102362 0.96063 
vn 0.23622 0.23622 0.944882 
vn 0.448819 0.228346 0.858268 
vn 0.472441 0.102362 0.874016 
vn 0.259843 -0.0629921 0.96063 
vn 0.519685 -0.0708661 0.850394 
vn 0.519685 -0.0787402 0.850394 
vn 0.251969 -0.0629921 0.968504 
vn -0.267717 0 -0.96063 
vn 0.015748 -0.015748 -1 
vn 0.283465 -0.023622 -0.96063 
vn 0.551181 -0.0393701 -0.834646 
vn 0.787402 -0.0629921 -0.614173 
vn 0.913386 -0.0787402 -0.401575 
vn 1 -0.0787402 -0.023622 
vn 0.88189 -0.0551181 0.464567 
vn 0.677165 -0.023622 0.732283 
vn 0.503937 0 0.866142 
vn 0.244094 0.023622 0.968504 
vn -0.251969 0.0472441 0.968504 
vn -0.456693 0.0472441 0.889764 
vn -0.653543 0.0551181 0.755906 
vn -0.874016 0.0551181 0.480315 
vn -1 0.0551181 -0.015748 
vn -0.913386 0.0472441 -0.409449 
vn -0.771654 0.0314961 -0.629921 
vn -0.543307 0.015748 -0.84252 
vn 0.527559 0.267717 -0.811024 
vn 0.755906 0.244094 -0.606299 
vn 0.275591 0.275591 -0.92126 
vn 0.015748 0.283465 -0.96063 
vn -0.259843 0.291339 -0.92126 
vn -0.527559 0.299213 -0.795276 
vn -0.748031 0.291339 -0.590551 
vn -0.944882 0.314961 0 
vn -0.874016 0.299213 -0.385827 
vn -0.826772 0.330709 0.464567 
vn -0.425197 0.322835 0.84252 
vn -0.614173 0.322835 0.724409 
vn -0.228346 0.322835 0.92126 
vn 0.464567 0.299213 0.834646 
vn 0.220472 0.314961 0.92126 
vn 0.84252 0.267717 0.472441 
vn 0.622047 0.283465 0.732283 
vn 0.968504 0.244094 -0.00787402 
vn 0.889764 0.228346 -0.393701 
vn -0.551181 -0.0944882 -0.826772 
vn -0.314961 -0.110236 -0.944882 
vn 0.00787402 -0.11811 -0.992126 
vn 0.322835 -0.133858 -0.937008 
vn 0.559055 -0.125984 -0.818898 
vn 0.76378 -0.0944882 -0.637795 
vn 1 -0.023622 0 
vn 0.913386 -0.0629921 -0.393701 
vn 0.88189 0.015748 0.480315 
vn 0.653543 0 0.755906 
vn 0.275591 -0.0393701 0.96063 
vn 0.496063 -0.0393701 0.866142 
vn -0.448819 0.015748 0.889764 
vn -0.251969 -0.00787402 0.968504 
vn -0.637795 0.023622 0.771654 
vn -1 -0.0472441 0 
vn -0.874016 0 0.488189 
vn -0.905512 -0.0708661 -0.417323 
vn -0.740157 -0.0787402 -0.669291 
vn -0.866142 0.110236 0.480315 
vn -0.992126 0.0551181 0.0787402 
vn -0.409449 0.181102 0.889764 
vn -0.629921 0.15748 0.76378 
vn -0.188976 0.188976 0.96063 
vn 0.448819 0.19685 0.874016 
vn 0.204724 0.19685 0.96063 
vn 0.858268 0.125984 0.496063 
vn 0.614173 0.173228 0.771654 
vn 1 0.0551181 0.023622 
vn 0.92126 0.0314961 -0.393701 
vn 0.496063 0.0472441 -0.866142 
vn 0.732283 0.0393701 -0.677165 
vn 0.291339 0.0551181 -0.952756 
vn 0 0.0472441 -1 
vn -0.291339 0.0472441 -0.952756 
vn -0.464567 0.0393701 -0.88189 
vn -0.677165 0.0472441 -0.732283 
vn -0.92126 0.0472441 -0.385827 
vn -0.0393701 0.314961 0.944882 
vn -0.0393701 0.0472441 1 
vn -0.0393701 -0.0472441 1 
vn -0.0393701 -0.0551181 1 
vn -0.023622 -0.023622 1 
vn -0.015748 0.102362 0.992126 
vn -0.023622 0.228346 0.976378 
vn -0.0314961 0.188976 0.984252 
vn -0.0314961 0.133858 0.992126 
vn -0.0314961 0.102362 0.992126 
vn -0.0314961 0.0629921 1 
vn -0.0314961 0.015748 1 
vn -0.0314961 0 1 
vn -0.653543 0.0551181 0.755906 
vn -0.614173 0.322835 0.724409 
vn -0.645669 -0.0314961 0.76378 
vn -0.637795 -0.015748 0.771654 
vn -0.637795 0.023622 0.771654 
vn -0.637795 0.11811 0.76378 
vn -0.629921 0.19685 0.748031 
vn -0.629921 0.15748 0.76378 
vn -0.637795 0.133858 0.76378 
vn -0.629921 0.149606 0.76378 
vn -0.629921 0.102362 0.771654 
vn -0.629921 0.023622 0.779528 
vn -0.629921 0 0.779528 
vn 0.677165 -0.023622 0.732283 
vn 0.622047 0.283465 0.732283 
vn 0.692913 -0.0944882 0.708661 
vn 0.692913 -0.0551181 0.724409 
vn 0.653543 0 0.755906 
vn 0.614173 0.11811 0.779528 
vn 0.598425 0.220472 0.771654 
vn 0.614173 0.173228 0.771654 
vn 0.629921 0.125984 0.76378 
vn 0.629921 0.11811 0.76378 
vn 0.629921 0.0708661 0.771654 
vn 0.629921 0.00787402 0.779528 
vn 0.629921 0 0.779528 
vn -0.417323 0.669291 -0.614173 
vn -0.527559 0.299213 -0.795276 
vn -0.748031 0.291339 -0.590551 
vn -0.606299 0.653543 -0.456693 
vn 0.015748 0.283465 -0.96063 
vn -0.259843 0.291339 -0.92126 
vn -0.204724 0.669291 -0.716535 
vn 0.00787402 0.677165 -0.740157 
vn 0.275591 0.275591 -0.92126 
vn 0.220472 0.669291 -0.716535 
vn 0.409449 0.669291 -0.622047 
vn 0.527559 0.267717 -0.811024 
vn 0.755906 0.244094 -0.606299 
vn 0.598425 0.653543 -0.472441 
vn 0.700787 0.645669 -0.299213 
vn 0.889764 0.228346 -0.393701 
vn 0.748031 0.661417 0.015748 
vn 0.968504 0.244094 -0.00787402 
vn 0.84252 0.267717 0.472441 
vn 0.637795 0.669291 0.385827 
vn 0.354331 0.653543 0.669291 
vn 0.464567 0.299213 0.834646 
vn 0.622047 0.283465 0.732283 
vn 0.472441 0.661417 0.590551 
vn -0.0314961 0.653543 0.755906 
vn -0.0393701 0.314961 0.944882 
vn 0.220472 0.314961 0.92126 
vn 0.173228 0.653543 0.732283 
vn -0.425197 0.322835 0.84252 
vn -0.228346 0.322835 0.92126 
vn -0.181102 0.653543 0.740157 
vn -0.330709 0.653543 0.677165 
vn -0.480315 0.661417 0.582677 
vn -0.645669 0.669291 0.377953 
vn -0.826772 0.330709 0.464567 
vn -0.614173 0.322835 0.724409 
vn -0.748031 0.661417 0.015748 
vn -0.944882 0.314961 0 
vn -0.874016 0.299213 -0.385827 
vn -0.700787 0.645669 -0.291339 
vn -0.299213 0.850394 -0.425197 
vn -0.433071 0.84252 -0.314961 
vn -0.307087 0.929134 -0.220472 
vn -0.212598 0.929134 -0.291339 
vn 0.00787402 0.937008 -0.354331 
vn 0.00787402 0.858268 -0.511811 
vn -0.149606 0.850394 -0.496063 
vn -0.102362 0.937008 -0.346457 
vn 0.15748 0.850394 -0.496063 
vn 0.110236 0.929134 -0.346457 
vn 0.204724 0.929134 -0.299213 
vn 0.291339 0.850394 -0.433071 
vn 0.433071 0.84252 -0.330709 
vn 0.307087 0.929134 -0.220472 
vn 0.362205 0.92126 -0.133858 
vn 0.503937 0.834646 -0.204724 
vn 0.377953 0.92126 0.023622 
vn 0.535433 0.84252 0.023622 
vn 0.456693 0.84252 0.291339 
vn 0.322835 0.92126 0.212598 
vn 0.338583 0.834646 0.433071 
vn 0.23622 0.92126 0.314961 
vn 0.181102 0.913386 0.362205 
vn 0.259843 0.834646 0.496063 
vn 0.125984 0.834646 0.535433 
vn 0.0866142 0.913386 0.393701 
vn -0.015748 0.913386 0.409449 
vn -0.023622 0.826772 0.559055 
vn -0.23622 0.834646 0.503937 
vn -0.133858 0.826772 0.543307 
vn -0.0944882 0.913386 0.393701 
vn -0.173228 0.913386 0.362205 
vn -0.23622 0.92126 0.314961 
vn -0.322835 0.92126 0.204724 
vn -0.456693 0.84252 0.283465 
vn -0.338583 0.834646 0.425197 
vn -0.535433 0.84252 0.023622 
vn -0.377953 0.92126 0.023622 
vn -0.362205 0.92126 -0.133858 
vn -0.511811 0.834646 -0.19685 
vn -0.244094 0.968504 -0.0787402 
vn -0.212598 0.968504 -0.133858 
vn -0.141732 0.968504 -0.188976 
vn -0.0708661 0.976378 -0.220472 
vn 0 0.976378 -0.228346 
vn 0.0708661 0.968504 -0.220472 
vn 0.141732 0.968504 -0.188976 
vn 0.204724 0.968504 -0.141732 
vn 0.244094 0.968504 -0.0787402 
vn 0.251969 0.968504 0.0314961 
vn 0.212598 0.96063 0.149606 
vn 0.15748 0.96063 0.220472 
vn 0.125984 0.96063 0.251969 
vn 0.0629921 0.96063 0.275591 
vn -0.00787402 0.96063 0.283465 
vn -0.0629921 0.96063 0.275591 
vn -0.110236 0.96063 0.251969 
vn -0.165354 0.96063 0.220472 
vn -0.220472 0.968504 0.149606 
vn -0.251969 0.968504 0.0314961 
vn 0 1 0.0314961 
vn -0.00787402 -1 0 
vn -0.00787402 -1 0 
vn -0.00787402 -1 0 
vn 0.00787402 -1 0 
vn 0.00787402 -1 0 
vn 0.00787402 -1 0 
vn -0.00787402 -1 0 
vn -0.00787402 -1 0 
vn -0.00787402 -1 0 
vn -0.00787402 -1 0 
vn -0.00787402 -1 0 
vn -0.00787402 -1 0 
vn 0 -1 0 
vn 0 -1 0 
vn 0 -1 0 
vn 0 -1 0 
vn 0 -1 0 
vn 0 -1 0 
vn 0 -1 0 
vn 0 -1 0 
vn 0 -1 0 
vn 0 -1 0 
vn 0 -1 0 
vn 0 -1 0 
vn 0 -1 0 
vn 0 -1 0 
vn 0 -1 0 
vn 0 -1 0 
vn 0 -1 0 
vn 0 -1 0 
vn 0 -1 0 
vn 0 -1 0 
vn 0 -1 0 
vn 0 -1 0 
vn 0 -1 0 
vn 0 -1 0 
vn 0 -1 0 
vn 0 -1 0 
vn 0 -1 0 
vn 0 -1 0 
vn 0 -1 0 
vn 0 -1 0 
vn 0 -1 0 
vn 0 -1 0 
vn 0 -1 0 
vn 0 -1 0 
vn 0 -1 0 
vn 0 -1 0 
vn 0 -1 0 
vn 0 -1 0 
vn 0 -1 0 
vn 0 -1 0 
vn 0 -1 0 
vn 0 -1 0 
vn 0 -1 0 
vn 0 -1 0 
vn 0 -1 0 
vn 0 -1 0 
vn 0 -1 0 
vn 0 -1 0 
vn 0.00787402 -1 0 
vn 0.00787402 -1 0 
vn 0.00787402 -1 0 
vn -0.00787402 -1 0 
vn -0.00787402 -1 0 
vn -0.00787402 -1 0 
vn 0.00787402 -1 0.00787402 
vn 0.00787402 -1 0.00787402 
vn 0.00787402 -1 0.00787402 
vn 0.00787402 -1 0 
vn 0.00787402 -1 0 
vn 0.00787402 -1 0 

vt 0.611159 0.62439 
vt 0.611159 0.604518 
vt 0.616019 0.604518 
vt 0.616325 0.62439 
vt 0.611159 0.583317 
vt 0.615928 0.583317 
vt 0.616236 0.519068 
vt 0.616028 0.540328 
vt 0.611159 0.540328 
vt 0.611159 0.519068 
vt 0.611159 0.999512 
vt 0.611159 0.980069 
vt 0.616236 0.980069 
vt 0.616236 0.999512 
vt 0.611159 0.928181 
vt 0.616236 0.928181 
vt 0.611159 0.904896 
vt 0.616353 0.904896 
vt 0.616353 0.720167 
vt 0.611159 0.720167 
vt 0.611159 0.693251 
vt 0.616293 0.693254 
vt 0.611159 0.643005 
vt 0.616195 0.643005 
vt 0.636533 0.758792 
vt 0.636533 0.776238 
vt 0.630735 0.775267 
vt 0.630735 0.758675 
vt 0.630735 0.864836 
vt 0.625773 0.886697 
vt 0.620828 0.881681 
vt 0.625277 0.861417 
vt 0.630735 0.82796 
vt 0.636533 0.827999 
vt 0.636533 0.844541 
vt 0.630735 0.844725 
vt 0.616353 0.74261 
vt 0.611159 0.74261 
vt 0.611159 0.731114 
vt 0.616353 0.731071 
vt 0.611159 0.757327 
vt 0.616353 0.758558 
vt 0.616353 0.776218 
vt 0.611159 0.773167 
vt 0.616353 0.810856 
vt 0.611159 0.809962 
vt 0.611159 0.790189 
vt 0.616353 0.792452 
vt 0.611159 0.845326 
vt 0.611159 0.828238 
vt 0.616353 0.827716 
vt 0.616353 0.844045 
vt 0.616353 0.866437 
vt 0.611159 0.869712 
vt 0.616353 0.881681 
vt 0.616353 0.895153 
vt 0.611159 0.895153 
vt 0.611159 0.881681 
vt 0.620828 0.811264 
vt 0.620828 0.795022 
vt 0.625277 0.792866 
vt 0.625277 0.810932 
vt 0.625277 0.776682 
vt 0.620828 0.78086 
vt 0.625277 0.759767 
vt 0.620828 0.761017 
vt 0.620828 0.74261 
vt 0.620828 0.858641 
vt 0.620828 0.841799 
vt 0.625277 0.84374 
vt 0.620828 0.826802 
vt 0.625277 0.827535 
vt 0.625773 0.732851 
vt 0.636533 0.792311 
vt 0.630735 0.792039 
vt 0.636533 0.86493 
vt 0.621116 0.720167 
vt 0.61996 0.693267 
vt 0.631846 0.693272 
vt 0.635095 0.744838 
vt 0.620318 0.904896 
vt 0.635565 0.88201 
vt 0.631808 0.928181 
vt 0.619888 0.928181 
vt 0.631808 0.980069 
vt 0.619888 0.980069 
vt 0.631808 0.999512 
vt 0.619888 0.999512 
vt 0.619667 0.540328 
vt 0.619888 0.519068 
vt 0.631808 0.519068 
vt 0.631808 0.540328 
vt 0.6316 0.583317 
vt 0.631624 0.604518 
vt 0.619689 0.604518 
vt 0.619585 0.583317 
vt 0.631881 0.62439 
vt 0.620001 0.62439 
vt 0.631666 0.642997 
vt 0.619841 0.643 
vt 0.636533 0.81111 
vt 0.630735 0.810961 
vt 0.609582 0.62439 
vt 0.609582 0.604518 
vt 0.609582 0.583317 
vt 0.609582 0.519068 
vt 0.609582 0.540328 
vt 0.609582 0.999512 
vt 0.609582 0.980069 
vt 0.609582 0.928181 
vt 0.609582 0.871213 
vt 0.609582 0.845843 
vt 0.609582 0.828402 
vt 0.609582 0.809761 
vt 0.609582 0.789488 
vt 0.609582 0.771967 
vt 0.609582 0.754664 
vt 0.609582 0.693249 
vt 0.609582 0.643004 
vt 0.609582 0.904896 
vt 0.609582 0.895153 
vt 0.609582 0.720167 
vt 0.609582 0.731557 
vt 0.609582 0.74261 
vt 0.609582 0.881681 
vt 0.680405 0.812032 
vt 0.668444 0.809907 
vt 0.668444 0.792637 
vt 0.680405 0.793303 
vt 0.668444 0.827901 
vt 0.680405 0.828264 
vt 0.680405 0.844447 
vt 0.668444 0.843922 
vt 0.680405 0.864824 
vt 0.668444 0.862788 
vt 0.680405 0.88201 
vt 0.680405 0.928181 
vt 0.668444 0.928181 
vt 0.668444 0.88201 
vt 0.668444 0.980069 
vt 0.680434 0.980069 
vt 0.680434 0.999512 
vt 0.668444 0.999512 
vt 0.680022 0.604518 
vt 0.67978 0.62439 
vt 0.668444 0.62439 
vt 0.668444 0.604518 
vt 0.668444 0.693102 
vt 0.668444 0.643121 
vt 0.679477 0.643111 
vt 0.680405 0.693106 
vt 0.668444 0.744838 
vt 0.680405 0.744838 
vt 0.668444 0.759537 
vt 0.680405 0.759284 
vt 0.680405 0.777134 
vt 0.668444 0.777147 
vt 0.657612 0.744838 
vt 0.64867 0.744838 
vt 0.64867 0.693217 
vt 0.657612 0.693151 
vt 0.64867 0.778053 
vt 0.64867 0.760405 
vt 0.657612 0.759774 
vt 0.657612 0.776264 
vt 0.657612 0.792232 
vt 0.657612 0.810014 
vt 0.64867 0.810386 
vt 0.64867 0.793153 
vt 0.64867 0.827379 
vt 0.657612 0.827724 
vt 0.657612 0.843724 
vt 0.64867 0.843025 
vt 0.657612 0.861823 
vt 0.64867 0.859896 
vt 0.657612 0.88201 
vt 0.657612 0.928181 
vt 0.64867 0.928181 
vt 0.64867 0.88201 
vt 0.64867 0.980069 
vt 0.657612 0.980069 
vt 0.64867 0.999512 
vt 0.657612 0.999512 
vt 0.657612 0.62439 
vt 0.64867 0.62439 
vt 0.64867 0.604518 
vt 0.657612 0.604518 
vt 0.657612 0.64311 
vt 0.64867 0.64306 
vt 0.680002 0.583317 
vt 0.668444 0.583317 
vt 0.64867 0.583317 
vt 0.657612 0.583317 
vt 0.657612 0.540328 
vt 0.64867 0.540328 
vt 0.64867 0.519068 
vt 0.657612 0.519068 
vt 0.668444 0.540328 
vt 0.668444 0.519068 
vt 0.680434 0.519068 
vt 0.68023 0.540328 
vt 0.69074 0.793597 
vt 0.69074 0.813313 
vt 0.69074 0.828758 
vt 0.69074 0.845225 
vt 0.69074 0.86689 
vt 0.69074 0.88201 
vt 0.69074 0.928181 
vt 0.691307 0.980069 
vt 0.691307 0.999512 
vt 0.691307 0.519068 
vt 0.691307 0.540328 
vt 0.690917 0.583317 
vt 0.690907 0.604518 
vt 0.690637 0.62439 
vt 0.690278 0.643103 
vt 0.69074 0.693112 
vt 0.69074 0.744838 
vt 0.69074 0.759148 
vt 0.69074 0.776984 
vt 0.702928 0.84568 
vt 0.702928 0.868171 
vt 0.702928 0.829094 
vt 0.702928 0.814373 
vt 0.702928 0.794269 
vt 0.702928 0.777686 
vt 0.702928 0.759505 
vt 0.702928 0.693119 
vt 0.702928 0.744838 
vt 0.702928 0.643107 
vt 0.702928 0.604518 
vt 0.702928 0.62439 
vt 0.702928 0.583317 
vt 0.702928 0.519068 
vt 0.702928 0.540328 
vt 0.702928 0.980069 
vt 0.702928 0.999512 
vt 0.702928 0.928181 
vt 0.702928 0.88201 
vt 0.663179 0.776813 
vt 0.663179 0.792762 
vt 0.663179 0.809995 
vt 0.663179 0.827645 
vt 0.663179 0.843749 
vt 0.663179 0.862285 
vt 0.663179 0.928181 
vt 0.663179 0.88201 
vt 0.663179 0.980069 
vt 0.663179 0.999512 
vt 0.663179 0.540328 
vt 0.663179 0.519068 
vt 0.663179 0.604518 
vt 0.663179 0.583317 
vt 0.663796 0.62439 
vt 0.663179 0.693128 
vt 0.663179 0.643116 
vt 0.663179 0.744838 
vt 0.663179 0.75966 
vt 0.639709 0.643021 
vt 0.639731 0.693251 
vt 0.640058 0.604518 
vt 0.640144 0.62439 
vt 0.640048 0.583317 
vt 0.640256 0.519068 
vt 0.640256 0.540328 
vt 0.640256 0.980069 
vt 0.640256 0.999512 
vt 0.640256 0.928181 
vt 0.642821 0.88201 
vt 0.642968 0.843746 
vt 0.642968 0.862291 
vt 0.642968 0.82767 
vt 0.642968 0.810853 
vt 0.642968 0.792814 
vt 0.642968 0.777217 
vt 0.642968 0.759586 
vt 0.642504 0.744838 
vt 0.702928 0.56079 
vt 0.690893 0.560795 
vt 0.679991 0.560799 
vt 0.668444 0.56081 
vt 0.663179 0.560808 
vt 0.657612 0.560807 
vt 0.64867 0.560798 
vt 0.640076 0.560791 
vt 0.631632 0.560787 
vt 0.619541 0.560789 
vt 0.61589 0.56079 
vt 0.611159 0.560791 
vt 0.609582 0.56079 
vt 0.690637 0.624393 
vt 0.702928 0.624393 
vt 0.679807 0.624393 
vt 0.668444 0.624393 
vt 0.663792 0.624393 
vt 0.657612 0.624393 
vt 0.64867 0.624392 
vt 0.640139 0.624391 
vt 0.63188 0.624391 
vt 0.620002 0.624391 
vt 0.616325 0.624391 
vt 0.611159 0.624391 
vt 0.609582 0.624391 
vt 0.691307 0.499919 
vt 0.702928 0.499919 
vt 0.680434 0.499919 
vt 0.668444 0.499919 
vt 0.663179 0.499919 
vt 0.657612 0.499919 
vt 0.64867 0.499919 
vt 0.640256 0.499919 
vt 0.631808 0.499919 
vt 0.619888 0.499919 
vt 0.616236 0.499919 
vt 0.611159 0.499919 
vt 0.609582 0.499919 
vt 0.441496 0.245182 
vt 0.445626 0.234822 
vt 0.445626 0.255536 
vt 0.441496 0.262406 
vt 0.422081 0.234822 
vt 0.427979 0.234822 
vt 0.426856 0.245182 
vt 0.422081 0.245182 
vt 0.415696 0.234822 
vt 0.416695 0.245182 
vt 0.402433 0.245182 
vt 0.39833 0.234822 
vt 0.39833 0.254686 
vt 0.402433 0.261708 
vt 0.402433 0.276251 
vt 0.39833 0.272182 
vt 0.402433 0.29871 
vt 0.39833 0.299607 
vt 0.39833 0.329733 
vt 0.402433 0.324371 
vt 0.412277 0.347295 
vt 0.410136 0.358556 
vt 0.39833 0.358556 
vt 0.402433 0.347295 
vt 0.422045 0.347295 
vt 0.422132 0.358556 
vt 0.415949 0.358556 
vt 0.416967 0.347295 
vt 0.433519 0.358556 
vt 0.427783 0.358556 
vt 0.42672 0.347295 
vt 0.431566 0.347295 
vt 0.441496 0.347295 
vt 0.441496 0.32499 
vt 0.445626 0.330912 
vt 0.445626 0.358556 
vt 0.441496 0.299575 
vt 0.445626 0.300557 
vt 0.445626 0.273143 
vt 0.441496 0.276869 
vt 0.43596 0.258823 
vt 0.43596 0.271844 
vt 0.431399 0.279525 
vt 0.431399 0.270732 
vt 0.421917 0.270732 
vt 0.421992 0.258823 
vt 0.425452 0.258823 
vt 0.424259 0.270732 
vt 0.418017 0.258823 
vt 0.419222 0.270732 
vt 0.41221 0.270732 
vt 0.407744 0.258823 
vt 0.407744 0.270846 
vt 0.41221 0.278894 
vt 0.41221 0.286241 
vt 0.407744 0.281613 
vt 0.41221 0.297234 
vt 0.407744 0.297632 
vt 0.407744 0.316006 
vt 0.41221 0.309707 
vt 0.407744 0.332548 
vt 0.41221 0.320817 
vt 0.41723 0.320817 
vt 0.415109 0.332548 
vt 0.418329 0.332548 
vt 0.419436 0.320817 
vt 0.421856 0.320817 
vt 0.421917 0.332548 
vt 0.428515 0.332548 
vt 0.42534 0.332548 
vt 0.424164 0.320817 
vt 0.426348 0.320817 
vt 0.431399 0.320817 
vt 0.431399 0.310052 
vt 0.43596 0.316698 
vt 0.43596 0.332548 
vt 0.43596 0.29863 
vt 0.431399 0.297775 
vt 0.431399 0.286653 
vt 0.43596 0.282232 
vt 0.427559 0.290306 
vt 0.427559 0.286085 
vt 0.427559 0.280882 
vt 0.423238 0.280882 
vt 0.421847 0.280882 
vt 0.420265 0.280882 
vt 0.416016 0.280882 
vt 0.416016 0.285752 
vt 0.416016 0.290044 
vt 0.416016 0.296626 
vt 0.416016 0.304141 
vt 0.416016 0.310926 
vt 0.419007 0.310926 
vt 0.420359 0.310926 
vt 0.421823 0.310926 
vt 0.423212 0.310926 
vt 0.424524 0.310926 
vt 0.427559 0.310926 
vt 0.427559 0.304408 
vt 0.427559 0.296987 
vt 0.421771 0.295798 
vt 0.539003 0.234535 
vt 0.550738 0.234535 
vt 0.527341 0.297053 
vt 0.533286 0.234535 
vt 0.539003 0.234535 
vt 0.527341 0.297053 
vt 0.515707 0.234535 
vt 0.521333 0.234535 
vt 0.527341 0.297053 
vt 0.503945 0.250893 
vt 0.503945 0.234535 
vt 0.527341 0.297053 
vt 0.503945 0.271527 
vt 0.503945 0.250893 
vt 0.527341 0.297053 
vt 0.515707 0.359574 
vt 0.503945 0.359574 
vt 0.527341 0.297053 
vt 0.52133 0.359574 
vt 0.515707 0.359574 
vt 0.527341 0.297053 
vt 0.533024 0.359574 
vt 0.527355 0.359574 
vt 0.527341 0.297053 
vt 0.550738 0.359574 
vt 0.539003 0.359574 
vt 0.527341 0.297053 
vt 0.550738 0.250893 
vt 0.550738 0.271527 
vt 0.527341 0.297053 
vt 0.503945 0.310056 
vt 0.503945 0.293769 
vt 0.527341 0.297053 
vt 0.550738 0.293769 
vt 0.550738 0.310056 
vt 0.527341 0.297053 
vt 0.550738 0.310056 
vt 0.550738 0.32704 
vt 0.527341 0.297053 
vt 0.503945 0.331663 
vt 0.503945 0.310056 
vt 0.527341 0.297053 
vt 0.503945 0.293769 
vt 0.503945 0.271527 
vt 0.527341 0.297053 
vt 0.550738 0.271527 
vt 0.550738 0.293769 
vt 0.527341 0.297053 
vt 0.539003 0.359574 
vt 0.533024 0.359574 
vt 0.527341 0.297053 
vt 0.527355 0.359574 
vt 0.52133 0.359574 
vt 0.527341 0.297053 
vt 0.550738 0.32704 
vt 0.550738 0.359574 
vt 0.527341 0.297053 
vt 0.503945 0.359574 
vt 0.503945 0.331663 
vt 0.527341 0.297053 
vt 0.521333 0.234535 
vt 0.527355 0.234535 
vt 0.527341 0.297053 
vt 0.527355 0.234535 
vt 0.533286 0.234535 
vt 0.527341 0.297053 
vt 0.550738 0.234535 
vt 0.550738 0.250893 
vt 0.527341 0.297053 
vt 0.503945 0.234535 
vt 0.515707 0.234535 
vt 0.527341 0.297053 

usemtl Handle1Mtl

f 2761/2761/2761 2762/2762/2762 2763/2763/2763 
f 2763/2763/2763 2764/2764/2764 2761/2761/2761 
f 2762/2762/2762 2765/2765/2765 2766/2766/2766 
f 2766/2766/2766 2763/2763/2763 2762/2762/2762 
f 2767/2767/2767 2768/2768/2768 2769/2769/2769 
f 2769/2769/2769 2770/2770/2770 2767/2767/2767 
f 2771/2771/2771 2772/2772/2772 2773/2773/2773 
f 2773/2773/2773 2774/2774/2774 2771/2771/2771 
f 2775/2775/2775 2776/2776/2776 2773/2773/2773 
f 2773/2773/2773 2772/2772/2772 2775/2775/2775 
f 2776/2776/2776 2775/2775/2775 2777/2777/2777 
f 2777/2777/2777 2778/2778/2778 2776/2776/2776 
f 2779/2779/2779 2780/2780/2780 2781/2781/2781 
f 2781/2781/2781 2782/2782/2782 2779/2779/2779 
f 2781/2781/2781 2783/2783/2783 2784/2784/2784 
f 2784/2784/2784 2782/2782/2782 2781/2781/2781 
f 2785/2785/2785 2786/2786/2786 2787/2787/2787 
f 2787/2787/2787 2788/2788/2788 2785/2785/2785 
f 2789/2789/2789 2790/2790/2790 2791/2791/2791 
f 2791/2791/2791 2792/2792/2792 2789/2789/2789 
f 2793/2793/2793 2794/2794/2794 2795/2795/2795 
f 2795/2795/2795 2796/2796/2796 2793/2793/2793 
f 2797/2797/2797 2798/2798/2798 2799/2799/2799 
f 2799/2799/2799 2800/2800/2800 2797/2797/2797 
f 2801/2801/2801 2802/2802/2802 2803/2803/2803 
f 2803/2803/2803 2804/2804/2804 2801/2801/2801 
f 2805/2805/2805 2806/2806/2806 2807/2807/2807 
f 2807/2807/2807 2808/2808/2808 2805/2805/2805 
f 2809/2809/2809 2810/2810/2810 2811/2811/2811 
f 2811/2811/2811 2812/2812/2812 2809/2809/2809 
f 2812/2812/2812 2813/2813/2813 2814/2814/2814 
f 2814/2814/2814 2809/2809/2809 2812/2812/2812 
f 2815/2815/2815 2816/2816/2816 2817/2817/2817 
f 2817/2817/2817 2818/2818/2818 2815/2815/2815 
f 2777/2777/2777 2817/2817/2817 2816/2816/2816 
f 2816/2816/2816 2778/2778/2778 2777/2777/2777 
f 2779/2779/2779 2800/2800/2800 2799/2799/2799 
f 2799/2799/2799 2780/2780/2780 2779/2779/2779 
f 2804/2804/2804 2803/2803/2803 2808/2808/2808 
f 2808/2808/2808 2807/2807/2807 2804/2804/2804 
f 2805/2805/2805 2811/2811/2811 2810/2810/2810 
f 2810/2810/2810 2806/2806/2806 2805/2805/2805 
f 2819/2819/2819 2820/2820/2820 2821/2821/2821 
f 2821/2821/2821 2822/2822/2822 2819/2819/2819 
f 2823/2823/2823 2821/2821/2821 2820/2820/2820 
f 2820/2820/2820 2824/2824/2824 2823/2823/2823 
f 2825/2825/2825 2826/2826/2826 2827/2827/2827 
f 2802/2802/2802 2801/2801/2801 2798/2798/2798 
f 2798/2798/2798 2797/2797/2797 2802/2802/2802 
f 2813/2813/2813 2815/2815/2815 2818/2818/2818 
f 2818/2818/2818 2814/2814/2814 2813/2813/2813 
f 2792/2792/2792 2828/2828/2828 2829/2829/2829 
f 2829/2829/2829 2830/2830/2830 2792/2792/2792 
f 2830/2830/2830 2829/2829/2829 2831/2831/2831 
f 2831/2831/2831 2832/2832/2832 2830/2830/2830 
f 2832/2832/2832 2831/2831/2831 2819/2819/2819 
f 2819/2819/2819 2822/2822/2822 2832/2832/2832 
f 2825/2825/2825 2823/2823/2823 2824/2824/2824 
f 2824/2824/2824 2826/2826/2826 2825/2825/2825 
f 2792/2792/2792 2791/2791/2791 2828/2828/2828 
f 2827/2827/2827 2833/2833/2833 2788/2788/2788 
f 2788/2788/2788 2825/2825/2825 2827/2827/2827 
f 2786/2786/2786 2834/2834/2834 2835/2835/2835 
f 2835/2835/2835 2787/2787/2787 2786/2786/2786 
f 2796/2796/2796 2795/2795/2795 2836/2836/2836 
f 2836/2836/2836 2789/2789/2789 2796/2796/2796 
f 2837/2837/2837 2838/2838/2838 2839/2839/2839 
f 2839/2839/2839 2840/2840/2840 2837/2837/2837 
f 2841/2841/2841 2842/2842/2842 2843/2843/2843 
f 2843/2843/2843 2844/2844/2844 2841/2841/2841 
f 2844/2844/2844 2843/2843/2843 2845/2845/2845 
f 2845/2845/2845 2846/2846/2846 2844/2844/2844 
f 2846/2846/2846 2845/2845/2845 2847/2847/2847 
f 2847/2847/2847 2848/2848/2848 2846/2846/2846 
f 2849/2849/2849 2850/2850/2850 2851/2851/2851 
f 2851/2851/2851 2852/2852/2852 2849/2849/2849 
f 2853/2853/2853 2854/2854/2854 2855/2855/2855 
f 2855/2855/2855 2856/2856/2856 2853/2853/2853 
f 2855/2855/2855 2854/2854/2854 2857/2857/2857 
f 2857/2857/2857 2858/2858/2858 2855/2855/2855 
f 2859/2859/2859 2839/2839/2839 2838/2838/2838 
f 2838/2838/2838 2860/2860/2860 2859/2859/2859 
f 2790/2790/2790 2842/2842/2842 2841/2841/2841 
f 2837/2837/2837 2840/2840/2840 2833/2833/2833 
f 2861/2861/2861 2794/2794/2794 2793/2793/2793 
f 2793/2793/2793 2862/2862/2862 2861/2861/2861 
f 2835/2835/2835 2834/2834/2834 2861/2861/2861 
f 2861/2861/2861 2862/2862/2862 2835/2835/2835 
f 2761/2761/2761 2863/2863/2863 2864/2864/2864 
f 2864/2864/2864 2762/2762/2762 2761/2761/2761 
f 2865/2865/2865 2765/2765/2765 2762/2762/2762 
f 2762/2762/2762 2864/2864/2864 2865/2865/2865 
f 2866/2866/2866 2770/2770/2770 2769/2769/2769 
f 2769/2769/2769 2867/2867/2867 2866/2866/2866 
f 2772/2772/2772 2771/2771/2771 2868/2868/2868 
f 2868/2868/2868 2869/2869/2869 2772/2772/2772 
f 2870/2870/2870 2775/2775/2775 2772/2772/2772 
f 2772/2772/2772 2869/2869/2869 2870/2870/2870 
f 2809/2809/2809 2814/2814/2814 2871/2871/2871 
f 2871/2871/2871 2872/2872/2872 2809/2809/2809 
f 2873/2873/2873 2810/2810/2810 2809/2809/2809 
f 2809/2809/2809 2872/2872/2872 2873/2873/2873 
f 2807/2807/2807 2806/2806/2806 2874/2874/2874 
f 2874/2874/2874 2875/2875/2875 2807/2807/2807 
f 2801/2801/2801 2804/2804/2804 2876/2876/2876 
f 2876/2876/2876 2877/2877/2877 2801/2801/2801 
f 2781/2781/2781 2878/2878/2878 2879/2879/2879 
f 2879/2879/2879 2783/2783/2783 2781/2781/2781 
f 2880/2880/2880 2881/2881/2881 2817/2817/2817 
f 2817/2817/2817 2777/2777/2777 2880/2880/2880 
f 2882/2882/2882 2780/2780/2780 2799/2799/2799 
f 2799/2799/2799 2883/2883/2883 2882/2882/2882 
f 2798/2798/2798 2884/2884/2884 2883/2883/2883 
f 2883/2883/2883 2799/2799/2799 2798/2798/2798 
f 2885/2885/2885 2818/2818/2818 2817/2817/2817 
f 2817/2817/2817 2881/2881/2881 2885/2885/2885 
f 2775/2775/2775 2870/2870/2870 2880/2880/2880 
f 2880/2880/2880 2777/2777/2777 2775/2775/2775 
f 2781/2781/2781 2780/2780/2780 2882/2882/2882 
f 2882/2882/2882 2878/2878/2878 2781/2781/2781 
f 2807/2807/2807 2875/2875/2875 2876/2876/2876 
f 2876/2876/2876 2804/2804/2804 2807/2807/2807 
f 2874/2874/2874 2806/2806/2806 2810/2810/2810 
f 2810/2810/2810 2873/2873/2873 2874/2874/2874 
f 2877/2877/2877 2884/2884/2884 2798/2798/2798 
f 2798/2798/2798 2801/2801/2801 2877/2877/2877 
f 2871/2871/2871 2814/2814/2814 2818/2818/2818 
f 2818/2818/2818 2885/2885/2885 2871/2871/2871 
f 2825/2825/2825 2788/2788/2788 2787/2787/2787 
f 2787/2787/2787 2823/2823/2823 2825/2825/2825 
f 2823/2823/2823 2787/2787/2787 2835/2835/2835 
f 2835/2835/2835 2821/2821/2821 2823/2823/2823 
f 2821/2821/2821 2835/2835/2835 2862/2862/2862 
f 2862/2862/2862 2822/2822/2822 2821/2821/2821 
f 2793/2793/2793 2832/2832/2832 2822/2822/2822 
f 2822/2822/2822 2862/2862/2862 2793/2793/2793 
f 2832/2832/2832 2793/2793/2793 2796/2796/2796 
f 2796/2796/2796 2830/2830/2830 2832/2832/2832 
f 2792/2792/2792 2830/2830/2830 2796/2796/2796 
f 2796/2796/2796 2789/2789/2789 2792/2792/2792 
f 2788/2788/2788 2833/2833/2833 2840/2840/2840 
f 2840/2840/2840 2785/2785/2785 2788/2788/2788 
f 2836/2836/2836 2842/2842/2842 2790/2790/2790 
f 2790/2790/2790 2789/2789/2789 2836/2836/2836 
f 2886/2886/2886 2887/2887/2887 2888/2888/2888 
f 2888/2888/2888 2889/2889/2889 2886/2886/2886 
f 2890/2890/2890 2891/2891/2891 2892/2892/2892 
f 2892/2892/2892 2893/2893/2893 2890/2890/2890 
f 2893/2893/2893 2892/2892/2892 2894/2894/2894 
f 2894/2894/2894 2895/2895/2895 2893/2893/2893 
f 2896/2896/2896 2897/2897/2897 2898/2898/2898 
f 2898/2898/2898 2899/2899/2899 2896/2896/2896 
f 2900/2900/2900 2898/2898/2898 2897/2897/2897 
f 2897/2897/2897 2901/2901/2901 2900/2900/2900 
f 2901/2901/2901 2902/2902/2902 2903/2903/2903 
f 2903/2903/2903 2900/2900/2900 2901/2901/2901 
f 2904/2904/2904 2905/2905/2905 2906/2906/2906 
f 2906/2906/2906 2907/2907/2907 2904/2904/2904 
f 2908/2908/2908 2909/2909/2909 2910/2910/2910 
f 2910/2910/2910 2911/2911/2911 2908/2908/2908 
f 2912/2912/2912 2908/2908/2908 2911/2911/2911 
f 2911/2911/2911 2913/2913/2913 2912/2912/2912 
f 2914/2914/2914 2915/2915/2915 2916/2916/2916 
f 2916/2916/2916 2917/2917/2917 2914/2914/2914 
f 2918/2918/2918 2919/2919/2919 2920/2920/2920 
f 2920/2920/2920 2921/2921/2921 2918/2918/2918 
f 2922/2922/2922 2923/2923/2923 2924/2924/2924 
f 2924/2924/2924 2925/2925/2925 2922/2922/2922 
f 2926/2926/2926 2927/2927/2927 2928/2928/2928 
f 2928/2928/2928 2929/2929/2929 2926/2926/2926 
f 2930/2930/2930 2931/2931/2931 2932/2932/2932 
f 2932/2932/2932 2933/2933/2933 2930/2930/2930 
f 2934/2934/2934 2935/2935/2935 2933/2933/2933 
f 2933/2933/2933 2932/2932/2932 2934/2934/2934 
f 2936/2936/2936 2937/2937/2937 2938/2938/2938 
f 2938/2938/2938 2939/2939/2939 2936/2936/2936 
f 2940/2940/2940 2938/2938/2938 2937/2937/2937 
f 2937/2937/2937 2941/2941/2941 2940/2940/2940 
f 2942/2942/2942 2940/2940/2940 2941/2941/2941 
f 2941/2941/2941 2943/2943/2943 2942/2942/2942 
f 2944/2944/2944 2945/2945/2945 2946/2946/2946 
f 2946/2946/2946 2947/2947/2947 2944/2944/2944 
f 2948/2948/2948 2921/2921/2921 2920/2920/2920 
f 2920/2920/2920 2949/2949/2949 2948/2948/2948 
f 2926/2926/2926 2929/2929/2929 2922/2922/2922 
f 2922/2922/2922 2925/2925/2925 2926/2926/2926 
f 2889/2889/2889 2888/2888/2888 2917/2917/2917 
f 2917/2917/2917 2916/2916/2916 2889/2889/2889 
f 2931/2931/2931 2930/2930/2930 2928/2928/2928 
f 2928/2928/2928 2927/2927/2927 2931/2931/2931 
f 2890/2890/2890 2887/2887/2887 2886/2886/2886 
f 2886/2886/2886 2891/2891/2891 2890/2890/2890 
f 2950/2950/2950 2904/2904/2904 2907/2907/2907 
f 2907/2907/2907 2951/2951/2951 2950/2950/2950 
f 2946/2946/2946 2952/2952/2952 2953/2953/2953 
f 2953/2953/2953 2947/2947/2947 2946/2946/2946 
f 2954/2954/2954 2955/2955/2955 2956/2956/2956 
f 2956/2956/2956 2957/2957/2957 2954/2954/2954 
f 2958/2958/2958 2959/2959/2959 2960/2960/2960 
f 2960/2960/2960 2961/2961/2961 2958/2958/2958 
f 2886/2886/2886 2889/2889/2889 2962/2962/2962 
f 2962/2962/2962 2963/2963/2963 2886/2886/2886 
f 2963/2963/2963 2964/2964/2964 2891/2891/2891 
f 2891/2891/2891 2886/2886/2886 2963/2963/2963 
f 2891/2891/2891 2964/2964/2964 2965/2965/2965 
f 2965/2965/2965 2892/2892/2892 2891/2891/2891 
f 2892/2892/2892 2965/2965/2965 2966/2966/2966 
f 2966/2966/2966 2894/2894/2894 2892/2892/2892 
f 2896/2896/2896 2967/2967/2967 2968/2968/2968 
f 2968/2968/2968 2897/2897/2897 2896/2896/2896 
f 2901/2901/2901 2897/2897/2897 2968/2968/2968 
f 2968/2968/2968 2969/2969/2969 2901/2901/2901 
f 2969/2969/2969 2970/2970/2970 2902/2902/2902 
f 2902/2902/2902 2901/2901/2901 2969/2969/2969 
f 2971/2971/2971 2972/2972/2972 2961/2961/2961 
f 2961/2961/2961 2960/2960/2960 2971/2971/2971 
f 2904/2904/2904 2950/2950/2950 2973/2973/2973 
f 2973/2973/2973 2974/2974/2974 2904/2904/2904 
f 2905/2905/2905 2904/2904/2904 2974/2974/2974 
f 2974/2974/2974 2975/2975/2975 2905/2905/2905 
f 2910/2910/2910 2976/2976/2976 2977/2977/2977 
f 2977/2977/2977 2911/2911/2911 2910/2910/2910 
f 2977/2977/2977 2978/2978/2978 2913/2913/2913 
f 2913/2913/2913 2911/2911/2911 2977/2977/2977 
f 2979/2979/2979 2980/2980/2980 2916/2916/2916 
f 2916/2916/2916 2915/2915/2915 2979/2979/2979 
f 2962/2962/2962 2889/2889/2889 2916/2916/2916 
f 2916/2916/2916 2980/2980/2980 2962/2962/2962 
f 2966/2966/2966 2965/2965/2965 2981/2981/2981 
f 2981/2981/2981 2982/2982/2982 2966/2966/2966 
f 2965/2965/2965 2964/2964/2964 2983/2983/2983 
f 2983/2983/2983 2981/2981/2981 2965/2965/2965 
f 2983/2983/2983 2964/2964/2964 2963/2963/2963 
f 2963/2963/2963 2984/2984/2984 2983/2983/2983 
f 2985/2985/2985 2984/2984/2984 2963/2963/2963 
f 2963/2963/2963 2962/2962/2962 2985/2985/2985 
f 2980/2980/2980 2986/2986/2986 2985/2985/2985 
f 2985/2985/2985 2962/2962/2962 2980/2980/2980 
f 2979/2979/2979 2987/2987/2987 2986/2986/2986 
f 2986/2986/2986 2980/2980/2980 2979/2979/2979 
f 2978/2978/2978 2977/2977/2977 2988/2988/2988 
f 2988/2988/2988 2989/2989/2989 2978/2978/2978 
f 2976/2976/2976 2990/2990/2990 2988/2988/2988 
f 2988/2988/2988 2977/2977/2977 2976/2976/2976 
f 2975/2975/2975 2974/2974/2974 2991/2991/2991 
f 2991/2991/2991 2992/2992/2992 2975/2975/2975 
f 2993/2993/2993 2991/2991/2991 2974/2974/2974 
f 2974/2974/2974 2973/2973/2973 2993/2993/2993 
f 2972/2972/2972 2971/2971/2971 2994/2994/2994 
f 2994/2994/2994 2995/2995/2995 2972/2972/2972 
f 2970/2970/2970 2969/2969/2969 2996/2996/2996 
f 2996/2996/2996 2997/2997/2997 2970/2970/2970 
f 2968/2968/2968 2998/2998/2998 2996/2996/2996 
f 2996/2996/2996 2969/2969/2969 2968/2968/2968 
f 2999/2999/2999 2998/2998/2998 2968/2968/2968 
f 2968/2968/2968 2967/2967/2967 2999/2999/2999 
f 3000/3000/3000 2917/2917/2917 2888/2888/2888 
f 2888/2888/2888 3001/3001/3001 3000/3000/3000 
f 3002/3002/3002 3001/3001/3001 2888/2888/2888 
f 2888/2888/2888 2887/2887/2887 3002/3002/3002 
f 3003/3003/3003 3002/3002/3002 2887/2887/2887 
f 2887/2887/2887 2890/2890/2890 3003/3003/3003 
f 3003/3003/3003 2890/2890/2890 2893/2893/2893 
f 2893/2893/2893 3004/3004/3004 3003/3003/3003 
f 2893/2893/2893 2895/2895/2895 3005/3005/3005 
f 3005/3005/3005 3004/3004/3004 2893/2893/2893 
f 2898/2898/2898 3006/3006/3006 3007/3007/3007 
f 3007/3007/3007 2899/2899/2899 2898/2898/2898 
f 3006/3006/3006 2898/2898/2898 2900/2900/2900 
f 2900/2900/2900 3008/3008/3008 3006/3006/3006 
f 2900/2900/2900 2903/2903/2903 3009/3009/3009 
f 3009/3009/3009 3008/3008/3008 2900/2900/2900 
f 2958/2958/2958 3010/3010/3010 3011/3011/3011 
f 3011/3011/3011 2959/2959/2959 2958/2958/2958 
f 3012/3012/3012 3013/3013/3013 2951/2951/2951 
f 2951/2951/2951 2907/2907/2907 3012/3012/3012 
f 3014/3014/3014 3012/3012/3012 2907/2907/2907 
f 2907/2907/2907 2906/2906/2906 3014/3014/3014 
f 2909/2909/2909 2908/2908/2908 3015/3015/3015 
f 3015/3015/3015 3016/3016/3016 2909/2909/2909 
f 2912/2912/2912 3017/3017/3017 3015/3015/3015 
f 3015/3015/3015 2908/2908/2908 2912/2912/2912 
f 3018/3018/3018 2914/2914/2914 2917/2917/2917 
f 2917/2917/2917 3000/3000/3000 3018/3018/3018 
f 2859/2859/2859 3019/3019/3019 3020/3020/3020 
f 3020/3020/3020 2839/2839/2839 2859/2859/2859 
f 2857/2857/2857 2854/2854/2854 3021/3021/3021 
f 3021/3021/3021 3022/3022/3022 2857/2857/2857 
f 2853/2853/2853 3023/3023/3023 3021/3021/3021 
f 3021/3021/3021 2854/2854/2854 2853/2853/2853 
f 2851/2851/2851 3024/3024/3024 3025/3025/3025 
f 3025/3025/3025 2852/2852/2852 2851/2851/2851 
f 2847/2847/2847 2845/2845/2845 3026/3026/3026 
f 3026/3026/3026 3027/3027/3027 2847/2847/2847 
f 3028/3028/3028 3026/3026/3026 2845/2845/2845 
f 2845/2845/2845 2843/2843/2843 3028/3028/3028 
f 2843/2843/2843 2842/2842/2842 3029/3029/3029 
f 3029/3029/3029 3028/3028/3028 2843/2843/2843 
f 2836/2836/2836 2795/2795/2795 3030/3030/3030 
f 3030/3030/3030 3031/3031/3031 2836/2836/2836 
f 3032/3032/3032 3030/3030/3030 2795/2795/2795 
f 2795/2795/2795 2794/2794/2794 3032/3032/3032 
f 2794/2794/2794 2861/2861/2861 3033/3033/3033 
f 3033/3033/3033 3032/3032/3032 2794/2794/2794 
f 2834/2834/2834 3034/3034/3034 3033/3033/3033 
f 3033/3033/3033 2861/2861/2861 2834/2834/2834 
f 2786/2786/2786 3035/3035/3035 3034/3034/3034 
f 3034/3034/3034 2834/2834/2834 2786/2786/2786 
f 2786/2786/2786 2785/2785/2785 3036/3036/3036 
f 3036/3036/3036 3035/3035/3035 2786/2786/2786 
f 2840/2840/2840 2839/2839/2839 3020/3020/3020 
f 3020/3020/3020 3037/3037/3037 2840/2840/2840 
f 2840/2840/2840 3037/3037/3037 3036/3036/3036 
f 3036/3036/3036 2785/2785/2785 2840/2840/2840 
f 2923/2923/2923 2919/2919/2919 2918/2918/2918 
f 2918/2918/2918 2924/2924/2924 2923/2923/2923 
f 2912/2912/2912 2914/2914/2914 3018/3018/3018 
f 3018/3018/3018 3017/3017/3017 2912/2912/2912 
f 2915/2915/2915 2914/2914/2914 2912/2912/2912 
f 2912/2912/2912 2913/2913/2913 2915/2915/2915 
f 2913/2913/2913 2978/2978/2978 2979/2979/2979 
f 2979/2979/2979 2915/2915/2915 2913/2913/2913 
f 2978/2978/2978 2989/2989/2989 2987/2987/2987 
f 2987/2987/2987 2979/2979/2979 2978/2978/2978 
f 2967/2967/2967 2966/2966/2966 2982/2982/2982 
f 2982/2982/2982 2999/2999/2999 2967/2967/2967 
f 2896/2896/2896 2894/2894/2894 2966/2966/2966 
f 2966/2966/2966 2967/2967/2967 2896/2896/2896 
f 2895/2895/2895 2894/2894/2894 2896/2896/2896 
f 2896/2896/2896 2899/2899/2899 2895/2895/2895 
f 2895/2895/2895 2899/2899/2899 3007/3007/3007 
f 3007/3007/3007 3005/3005/3005 2895/2895/2895 
f 2935/2935/2935 2934/2934/2934 2936/2936/2936 
f 2936/2936/2936 2939/2939/2939 2935/2935/2935 
f 3029/3029/3029 2842/2842/2842 2836/2836/2836 
f 2836/2836/2836 3031/3031/3031 3029/3029/3029 
f 3015/3015/3015 3017/3017/3017 2918/2918/2918 
f 2918/2918/2918 2921/2921/2921 3015/3015/3015 
f 2948/2948/2948 3016/3016/3016 3015/3015/3015 
f 3015/3015/3015 2921/2921/2921 2948/2948/2948 
f 2944/2944/2944 2947/2947/2947 3012/3012/3012 
f 3012/3012/3012 3014/3014/3014 2944/2944/2944 
f 2947/2947/2947 2953/2953/2953 3013/3013/3013 
f 3013/3013/3013 3012/3012/3012 2947/2947/2947 
f 2954/2954/2954 2957/2957/2957 3011/3011/3011 
f 3011/3011/3011 3010/3010/3010 2954/2954/2954 
f 2943/2943/2943 2941/2941/2941 3008/3008/3008 
f 3008/3008/3008 3009/3009/3009 2943/2943/2943 
f 2941/2941/2941 2937/2937/2937 3006/3006/3006 
f 3006/3006/3006 3008/3008/3008 2941/2941/2941 
f 3006/3006/3006 2937/2937/2937 2936/2936/2936 
f 2936/2936/2936 3007/3007/3007 3006/3006/3006 
f 3007/3007/3007 2936/2936/2936 2934/2934/2934 
f 2934/2934/2934 3005/3005/3005 3007/3007/3007 
f 3005/3005/3005 2934/2934/2934 2932/2932/2932 
f 2932/2932/2932 3004/3004/3004 3005/3005/3005 
f 3004/3004/3004 2932/2932/2932 2931/2931/2931 
f 2931/2931/2931 3003/3003/3003 3004/3004/3004 
f 2927/2927/2927 3002/3002/3002 3003/3003/3003 
f 3003/3003/3003 2931/2931/2931 2927/2927/2927 
f 3001/3001/3001 3002/3002/3002 2927/2927/2927 
f 2927/2927/2927 2926/2926/2926 3001/3001/3001 
f 2926/2926/2926 2925/2925/2925 3000/3000/3000 
f 3000/3000/3000 3001/3001/3001 2926/2926/2926 
f 2925/2925/2925 2924/2924/2924 3018/3018/3018 
f 3018/3018/3018 3000/3000/3000 2925/2925/2925 
f 3018/3018/3018 2924/2924/2924 2918/2918/2918 
f 2918/2918/2918 3017/3017/3017 3018/3018/3018 
f 3019/3019/3019 2949/2949/2949 2920/2920/2920 
f 2920/2920/2920 3020/3020/3020 3019/3019/3019 
f 3022/3022/3022 3021/3021/3021 2946/2946/2946 
f 2946/2946/2946 2945/2945/2945 3022/3022/3022 
f 2946/2946/2946 3021/3021/3021 3023/3023/3023 
f 3023/3023/3023 2952/2952/2952 2946/2946/2946 
f 2956/2956/2956 2955/2955/2955 3025/3025/3025 
f 3025/3025/3025 3024/3024/3024 2956/2956/2956 
f 2940/2940/2940 2942/2942/2942 3027/3027/3027 
f 3027/3027/3027 3026/3026/3026 2940/2940/2940 
f 2940/2940/2940 3026/3026/3026 3028/3028/3028 
f 3028/3028/3028 2938/2938/2938 2940/2940/2940 
f 3029/3029/3029 2939/2939/2939 2938/2938/2938 
f 2938/2938/2938 3028/3028/3028 3029/3029/3029 
f 3029/3029/3029 3031/3031/3031 2935/2935/2935 
f 2935/2935/2935 2939/2939/2939 3029/3029/3029 
f 3031/3031/3031 3030/3030/3030 2933/2933/2933 
f 2933/2933/2933 2935/2935/2935 3031/3031/3031 
f 2930/2930/2930 2933/2933/2933 3030/3030/3030 
f 3030/3030/3030 3032/3032/3032 2930/2930/2930 
f 2930/2930/2930 3032/3032/3032 3033/3033/3033 
f 3033/3033/3033 2928/2928/2928 2930/2930/2930 
f 3033/3033/3033 3034/3034/3034 2929/2929/2929 
f 2929/2929/2929 2928/2928/2928 3033/3033/3033 
f 3035/3035/3035 2922/2922/2922 2929/2929/2929 
f 2929/2929/2929 3034/3034/3034 3035/3035/3035 
f 2922/2922/2922 3035/3035/3035 3036/3036/3036 
f 3036/3036/3036 2923/2923/2923 2922/2922/2922 
f 2919/2919/2919 2923/2923/2923 3036/3036/3036 
f 3036/3036/3036 3037/3037/3037 2919/2919/2919 
f 3020/3020/3020 2920/2920/2920 2919/2919/2919 
f 2919/2919/2919 3037/3037/3037 3020/3020/3020 
f 2802/2802/2802 2826/2826/2826 2824/2824/2824 
f 2824/2824/2824 2803/2803/2803 2802/2802/2802 
f 2820/2820/2820 2808/2808/2808 2803/2803/2803 
f 2803/2803/2803 2824/2824/2824 2820/2820/2820 
f 2808/2808/2808 2820/2820/2820 2819/2819/2819 
f 2819/2819/2819 2805/2805/2805 2808/2808/2808 
f 2831/2831/2831 2811/2811/2811 2805/2805/2805 
f 2805/2805/2805 2819/2819/2819 2831/2831/2831 
f 2829/2829/2829 2812/2812/2812 2811/2811/2811 
f 2811/2811/2811 2831/2831/2831 2829/2829/2829 
f 2813/2813/2813 2812/2812/2812 2829/2829/2829 
f 2829/2829/2829 2828/2828/2828 2813/2813/2813 
f 2828/2828/2828 2791/2791/2791 2815/2815/2815 
f 2815/2815/2815 2813/2813/2813 2828/2828/2828 
f 2815/2815/2815 2791/2791/2791 2790/2790/2790 
f 2790/2790/2790 2816/2816/2816 2815/2815/2815 
f 2790/2790/2790 2841/2841/2841 2778/2778/2778 
f 2778/2778/2778 2816/2816/2816 2790/2790/2790 
f 2776/2776/2776 2778/2778/2778 2841/2841/2841 
f 2841/2841/2841 2844/2844/2844 2776/2776/2776 
f 2773/2773/2773 2776/2776/2776 2844/2844/2844 
f 2844/2844/2844 2846/2846/2846 2773/2773/2773 
f 2846/2846/2846 2848/2848/2848 2774/2774/2774 
f 2774/2774/2774 2773/2773/2773 2846/2846/2846 
f 2850/2850/2850 2849/2849/2849 2768/2768/2768 
f 2768/2768/2768 2767/2767/2767 2850/2850/2850 
f 2766/2766/2766 2856/2856/2856 2855/2855/2855 
f 2855/2855/2855 2763/2763/2763 2766/2766/2766 
f 2858/2858/2858 2764/2764/2764 2763/2763/2763 
f 2763/2763/2763 2855/2855/2855 2858/2858/2858 
f 2784/2784/2784 2860/2860/2860 2838/2838/2838 
f 2838/2838/2838 2782/2782/2782 2784/2784/2784 
f 2837/2837/2837 2779/2779/2779 2782/2782/2782 
f 2782/2782/2782 2838/2838/2838 2837/2837/2837 
f 2833/2833/2833 2800/2800/2800 2779/2779/2779 
f 2779/2779/2779 2837/2837/2837 2833/2833/2833 
f 2833/2833/2833 2827/2827/2827 2797/2797/2797 
f 2797/2797/2797 2800/2800/2800 2833/2833/2833 
f 2797/2797/2797 2827/2827/2827 2826/2826/2826 
f 2826/2826/2826 2802/2802/2802 2797/2797/2797 
f 3038/3038/3038 3039/3039/3039 2972/2972/2972 
f 2972/2972/2972 2995/2995/2995 3038/3038/3038 
f 3040/3040/3040 2961/2961/2961 2972/2972/2972 
f 2972/2972/2972 3039/3039/3039 3040/3040/3040 
f 3041/3041/3041 2958/2958/2958 2961/2961/2961 
f 2961/2961/2961 3040/3040/3040 3041/3041/3041 
f 3042/3042/3042 3010/3010/3010 2958/2958/2958 
f 2958/2958/2958 3041/3041/3041 3042/3042/3042 
f 3010/3010/3010 3042/3042/3042 3043/3043/3043 
f 3043/3043/3043 2954/2954/2954 3010/3010/3010 
f 2954/2954/2954 3043/3043/3043 3044/3044/3044 
f 3044/3044/3044 2955/2955/2955 2954/2954/2954 
f 3025/3025/3025 2955/2955/2955 3044/3044/3044 
f 3044/3044/3044 3045/3045/3045 3025/3025/3025 
f 3046/3046/3046 2852/2852/2852 3025/3025/3025 
f 3025/3025/3025 3045/3045/3045 3046/3046/3046 
f 2852/2852/2852 3046/3046/3046 3047/3047/3047 
f 3047/3047/3047 2849/2849/2849 2852/2852/2852 
f 3048/3048/3048 2768/2768/2768 2849/2849/2849 
f 2849/2849/2849 3047/3047/3047 3048/3048/3048 
f 3049/3049/3049 2769/2769/2769 2768/2768/2768 
f 2768/2768/2768 3048/3048/3048 3049/3049/3049 
f 2867/2867/2867 2769/2769/2769 3049/3049/3049 
f 3049/3049/3049 3050/3050/3050 2867/2867/2867 
f 3049/3049/3049 2765/2765/2765 2865/2865/2865 
f 2865/2865/2865 3050/3050/3050 3049/3049/3049 
f 2766/2766/2766 2765/2765/2765 3049/3049/3049 
f 3049/3049/3049 3048/3048/3048 2766/2766/2766 
f 2766/2766/2766 3048/3048/3048 3047/3047/3047 
f 3047/3047/3047 2856/2856/2856 2766/2766/2766 
f 3047/3047/3047 3046/3046/3046 2853/2853/2853 
f 2853/2853/2853 2856/2856/2856 3047/3047/3047 
f 2853/2853/2853 3046/3046/3046 3045/3045/3045 
f 3045/3045/3045 3023/3023/3023 2853/2853/2853 
f 3044/3044/3044 2952/2952/2952 3023/3023/3023 
f 3023/3023/3023 3045/3045/3045 3044/3044/3044 
f 3044/3044/3044 3043/3043/3043 2953/2953/2953 
f 2953/2953/2953 2952/2952/2952 3044/3044/3044 
f 3043/3043/3043 3042/3042/3042 3013/3013/3013 
f 3013/3013/3013 2953/2953/2953 3043/3043/3043 
f 2951/2951/2951 3013/3013/3013 3042/3042/3042 
f 3042/3042/3042 3041/3041/3041 2951/2951/2951 
f 3041/3041/3041 3040/3040/3040 2950/2950/2950 
f 2950/2950/2950 2951/2951/2951 3041/3041/3041 
f 3040/3040/3040 3039/3039/3039 2973/2973/2973 
f 2973/2973/2973 2950/2950/2950 3040/3040/3040 
f 3039/3039/3039 3038/3038/3038 2993/2993/2993 
f 2993/2993/2993 2973/2973/2973 3039/3039/3039 
f 2990/2990/2990 2976/2976/2976 3051/3051/3051 
f 3051/3051/3051 3052/3052/3052 2990/2990/2990 
f 2910/2910/2910 3053/3053/3053 3051/3051/3051 
f 3051/3051/3051 2976/2976/2976 2910/2910/2910 
f 2909/2909/2909 3054/3054/3054 3053/3053/3053 
f 3053/3053/3053 2910/2910/2910 2909/2909/2909 
f 3054/3054/3054 2909/2909/2909 3016/3016/3016 
f 3016/3016/3016 3055/3055/3055 3054/3054/3054 
f 3056/3056/3056 3055/3055/3055 3016/3016/3016 
f 3016/3016/3016 2948/2948/2948 3056/3056/3056 
f 2948/2948/2948 2949/2949/2949 3057/3057/3057 
f 3057/3057/3057 3056/3056/3056 2948/2948/2948 
f 2949/2949/2949 3019/3019/3019 3058/3058/3058 
f 3058/3058/3058 3057/3057/3057 2949/2949/2949 
f 3019/3019/3019 2859/2859/2859 3059/3059/3059 
f 3059/3059/3059 3058/3058/3058 3019/3019/3019 
f 2860/2860/2860 3060/3060/3060 3059/3059/3059 
f 3059/3059/3059 2859/2859/2859 2860/2860/2860 
f 3060/3060/3060 2860/2860/2860 2784/2784/2784 
f 2784/2784/2784 3061/3061/3061 3060/3060/3060 
f 3061/3061/3061 2784/2784/2784 2783/2783/2783 
f 2783/2783/2783 3062/3062/3062 3061/3061/3061 
f 2879/2879/2879 3063/3063/3063 3062/3062/3062 
f 3062/3062/3062 2783/2783/2783 2879/2879/2879 
f 3064/3064/3064 3065/3065/3065 2994/2994/2994 
f 2994/2994/2994 2971/2971/2971 3064/3064/3064 
f 2971/2971/2971 2960/2960/2960 3066/3066/3066 
f 3066/3066/3066 3064/3064/3064 2971/2971/2971 
f 2960/2960/2960 2959/2959/2959 3067/3067/3067 
f 3067/3067/3067 3066/3066/3066 2960/2960/2960 
f 3067/3067/3067 2959/2959/2959 3011/3011/3011 
f 3011/3011/3011 3068/3068/3068 3067/3067/3067 
f 3069/3069/3069 3068/3068/3068 3011/3011/3011 
f 3011/3011/3011 2957/2957/2957 3069/3069/3069 
f 2957/2957/2957 2956/2956/2956 3070/3070/3070 
f 3070/3070/3070 3069/3069/3069 2957/2957/2957 
f 3071/3071/3071 3070/3070/3070 2956/2956/2956 
f 2956/2956/2956 3024/3024/3024 3071/3071/3071 
f 3024/3024/3024 2851/2851/2851 3072/3072/3072 
f 3072/3072/3072 3071/3071/3071 3024/3024/3024 
f 2850/2850/2850 3073/3073/3073 3072/3072/3072 
f 3072/3072/3072 2851/2851/2851 2850/2850/2850 
f 3074/3074/3074 3073/3073/3073 2850/2850/2850 
f 2850/2850/2850 2767/2767/2767 3074/3074/3074 
f 2767/2767/2767 2770/2770/2770 3075/3075/3075 
f 3075/3075/3075 3074/3074/3074 2767/2767/2767 
f 3076/3076/3076 3075/3075/3075 2770/2770/2770 
f 2770/2770/2770 2866/2866/2866 3076/3076/3076 
f 3077/3077/3077 3078/3078/3078 3079/3079/3079 
f 3079/3079/3079 3080/3080/3080 3077/3077/3077 
f 3081/3081/3081 3082/3082/3082 3083/3083/3083 
f 3083/3083/3083 3084/3084/3084 3081/3081/3081 
f 3085/3085/3085 3086/3086/3086 3087/3087/3087 
f 3087/3087/3087 3088/3088/3088 3085/3085/3085 
f 3089/3089/3089 3090/3090/3090 3091/3091/3091 
f 3091/3091/3091 3092/3092/3092 3089/3089/3089 
f 3093/3093/3093 3094/3094/3094 3092/3092/3092 
f 3092/3092/3092 3091/3091/3091 3093/3093/3093 
f 3095/3095/3095 3094/3094/3094 3093/3093/3093 
f 3093/3093/3093 3096/3096/3096 3095/3095/3095 
f 3097/3097/3097 3098/3098/3098 3099/3099/3099 
f 3099/3099/3099 3100/3100/3100 3097/3097/3097 
f 3101/3101/3101 3102/3102/3102 3103/3103/3103 
f 3103/3103/3103 3104/3104/3104 3101/3101/3101 
f 3105/3105/3105 3106/3106/3106 3107/3107/3107 
f 3107/3107/3107 3108/3108/3108 3105/3105/3105 
f 3109/3109/3109 3110/3110/3110 3111/3111/3111 
f 3111/3111/3111 3112/3112/3112 3109/3109/3109 
f 3111/3111/3111 3110/3110/3110 3113/3113/3113 
f 3113/3113/3113 3114/3114/3114 3111/3111/3111 
f 3115/3115/3115 3114/3114/3114 3113/3113/3113 
f 3113/3113/3113 3116/3116/3116 3115/3115/3115 
f 3078/3078/3078 3077/3077/3077 3083/3083/3083 
f 3083/3083/3083 3082/3082/3082 3078/3078/3078 
f 3085/3085/3085 3081/3081/3081 3084/3084/3084 
f 3084/3084/3084 3086/3086/3086 3085/3085/3085 
f 3079/3079/3079 3115/3115/3115 3116/3116/3116 
f 3116/3116/3116 3080/3080/3080 3079/3079/3079 
f 3090/3090/3090 3089/3089/3089 3088/3088/3088 
f 3088/3088/3088 3087/3087/3087 3090/3090/3090 
f 3103/3103/3103 3098/3098/3098 3097/3097/3097 
f 3097/3097/3097 3104/3104/3104 3103/3103/3103 
f 3107/3107/3107 3106/3106/3106 3102/3102/3102 
f 3102/3102/3102 3101/3101/3101 3107/3107/3107 
f 3108/3108/3108 3109/3109/3109 3112/3112/3112 
f 3112/3112/3112 3105/3105/3105 3108/3108/3108 
f 3100/3100/3100 3099/3099/3099 3095/3095/3095 
f 3095/3095/3095 3096/3096/3096 3100/3100/3100 
f 3117/3117/3117 3118/3118/3118 3119/3119/3119 
f 3119/3119/3119 3120/3120/3120 3117/3117/3117 
f 3121/3121/3121 3122/3122/3122 3123/3123/3123 
f 3123/3123/3123 3124/3124/3124 3121/3121/3121 
f 3125/3125/3125 3126/3126/3126 3127/3127/3127 
f 3127/3127/3127 3128/3128/3128 3125/3125/3125 
f 3129/3129/3129 3130/3130/3130 3131/3131/3131 
f 3131/3131/3131 3132/3132/3132 3129/3129/3129 
f 3133/3133/3133 3134/3134/3134 3132/3132/3132 
f 3132/3132/3132 3131/3131/3131 3133/3133/3133 
f 3135/3135/3135 3134/3134/3134 3133/3133/3133 
f 3133/3133/3133 3136/3136/3136 3135/3135/3135 
f 3137/3137/3137 3138/3138/3138 3139/3139/3139 
f 3139/3139/3139 3140/3140/3140 3137/3137/3137 
f 3141/3141/3141 3142/3142/3142 3143/3143/3143 
f 3143/3143/3143 3144/3144/3144 3141/3141/3141 
f 3145/3145/3145 3146/3146/3146 3147/3147/3147 
f 3147/3147/3147 3148/3148/3148 3145/3145/3145 
f 3149/3149/3149 3150/3150/3150 3151/3151/3151 
f 3151/3151/3151 3152/3152/3152 3149/3149/3149 
f 3153/3153/3153 3151/3151/3151 3150/3150/3150 
f 3150/3150/3150 3154/3154/3154 3153/3153/3153 
f 3154/3154/3154 3155/3155/3155 3156/3156/3156 
f 3156/3156/3156 3153/3153/3153 3154/3154/3154 
f 3123/3123/3123 3117/3117/3117 3120/3120/3120 
f 3120/3120/3120 3124/3124/3124 3123/3123/3123 
f 3126/3126/3126 3125/3125/3125 3122/3122/3122 
f 3122/3122/3122 3121/3121/3121 3126/3126/3126 
f 3156/3156/3156 3155/3155/3155 3119/3119/3119 
f 3119/3119/3119 3118/3118/3118 3156/3156/3156 
f 3127/3127/3127 3130/3130/3130 3129/3129/3129 
f 3129/3129/3129 3128/3128/3128 3127/3127/3127 
f 3142/3142/3142 3141/3141/3141 3140/3140/3140 
f 3140/3140/3140 3139/3139/3139 3142/3142/3142 
f 3144/3144/3144 3143/3143/3143 3147/3147/3147 
f 3147/3147/3147 3146/3146/3146 3144/3144/3144 
f 3145/3145/3145 3148/3148/3148 3149/3149/3149 
f 3149/3149/3149 3152/3152/3152 3145/3145/3145 
f 3138/3138/3138 3137/3137/3137 3135/3135/3135 
f 3135/3135/3135 3136/3136/3136 3138/3138/3138 
f 3080/3080/3080 3116/3116/3116 3156/3156/3156 
f 3156/3156/3156 3118/3118/3118 3080/3080/3080 
f 3117/3117/3117 3077/3077/3077 3080/3080/3080 
f 3080/3080/3080 3118/3118/3118 3117/3117/3117 
f 3117/3117/3117 3123/3123/3123 3083/3083/3083 
f 3083/3083/3083 3077/3077/3077 3117/3117/3117 
f 3123/3123/3123 3122/3122/3122 3084/3084/3084 
f 3084/3084/3084 3083/3083/3083 3123/3123/3123 
f 3122/3122/3122 3125/3125/3125 3086/3086/3086 
f 3086/3086/3086 3084/3084/3084 3122/3122/3122 
f 3087/3087/3087 3086/3086/3086 3125/3125/3125 
f 3125/3125/3125 3128/3128/3128 3087/3087/3087 
f 3129/3129/3129 3090/3090/3090 3087/3087/3087 
f 3087/3087/3087 3128/3128/3128 3129/3129/3129 
f 3132/3132/3132 3091/3091/3091 3090/3090/3090 
f 3090/3090/3090 3129/3129/3129 3132/3132/3132 
f 3134/3134/3134 3093/3093/3093 3091/3091/3091 
f 3091/3091/3091 3132/3132/3132 3134/3134/3134 
f 3135/3135/3135 3096/3096/3096 3093/3093/3093 
f 3093/3093/3093 3134/3134/3134 3135/3135/3135 
f 3135/3135/3135 3137/3137/3137 3100/3100/3100 
f 3100/3100/3100 3096/3096/3096 3135/3135/3135 
f 3097/3097/3097 3100/3100/3100 3137/3137/3137 
f 3137/3137/3137 3140/3140/3140 3097/3097/3097 
f 3140/3140/3140 3141/3141/3141 3104/3104/3104 
f 3104/3104/3104 3097/3097/3097 3140/3140/3140 
f 3104/3104/3104 3141/3141/3141 3144/3144/3144 
f 3144/3144/3144 3101/3101/3101 3104/3104/3104 
f 3144/3144/3144 3146/3146/3146 3107/3107/3107 
f 3107/3107/3107 3101/3101/3101 3144/3144/3144 
f 3107/3107/3107 3146/3146/3146 3145/3145/3145 
f 3145/3145/3145 3108/3108/3108 3107/3107/3107 
f 3145/3145/3145 3152/3152/3152 3109/3109/3109 
f 3109/3109/3109 3108/3108/3108 3145/3145/3145 
f 3110/3110/3110 3109/3109/3109 3152/3152/3152 
f 3152/3152/3152 3151/3151/3151 3110/3110/3110 
f 3151/3151/3151 3153/3153/3153 3113/3113/3113 
f 3113/3113/3113 3110/3110/3110 3151/3151/3151 
f 3116/3116/3116 3113/3113/3113 3153/3153/3153 
f 3153/3153/3153 3156/3156/3156 3116/3116/3116 
f 3155/3155/3155 3157/3157/3157 3158/3158/3158 
f 3158/3158/3158 3119/3119/3119 3155/3155/3155 
f 3120/3120/3120 3119/3119/3119 3158/3158/3158 
f 3158/3158/3158 3159/3159/3159 3120/3120/3120 
f 3160/3160/3160 3124/3124/3124 3120/3120/3120 
f 3120/3120/3120 3159/3159/3159 3160/3160/3160 
f 3161/3161/3161 3121/3121/3121 3124/3124/3124 
f 3124/3124/3124 3160/3160/3160 3161/3161/3161 
f 3161/3161/3161 3162/3162/3162 3126/3126/3126 
f 3126/3126/3126 3121/3121/3121 3161/3161/3161 
f 3162/3162/3162 3163/3163/3163 3127/3127/3127 
f 3127/3127/3127 3126/3126/3126 3162/3162/3162 
f 3164/3164/3164 3130/3130/3130 3127/3127/3127 
f 3127/3127/3127 3163/3163/3163 3164/3164/3164 
f 3165/3165/3165 3131/3131/3131 3130/3130/3130 
f 3130/3130/3130 3164/3164/3164 3165/3165/3165 
f 3165/3165/3165 3166/3166/3166 3133/3133/3133 
f 3133/3133/3133 3131/3131/3131 3165/3165/3165 
f 3136/3136/3136 3133/3133/3133 3166/3166/3166 
f 3166/3166/3166 3167/3167/3167 3136/3136/3136 
f 3168/3168/3168 3138/3138/3138 3136/3136/3136 
f 3136/3136/3136 3167/3167/3167 3168/3168/3168 
f 3168/3168/3168 3169/3169/3169 3139/3139/3139 
f 3139/3139/3139 3138/3138/3138 3168/3168/3168 
f 3169/3169/3169 3170/3170/3170 3142/3142/3142 
f 3142/3142/3142 3139/3139/3139 3169/3169/3169 
f 3143/3143/3143 3142/3142/3142 3170/3170/3170 
f 3170/3170/3170 3171/3171/3171 3143/3143/3143 
f 3147/3147/3147 3143/3143/3143 3171/3171/3171 
f 3171/3171/3171 3172/3172/3172 3147/3147/3147 
f 3172/3172/3172 3173/3173/3173 3148/3148/3148 
f 3148/3148/3148 3147/3147/3147 3172/3172/3172 
f 3148/3148/3148 3173/3173/3173 3174/3174/3174 
f 3174/3174/3174 3149/3149/3149 3148/3148/3148 
f 3150/3150/3150 3149/3149/3149 3174/3174/3174 
f 3174/3174/3174 3175/3175/3175 3150/3150/3150 
f 3150/3150/3150 3175/3175/3175 3176/3176/3176 
f 3176/3176/3176 3154/3154/3154 3150/3150/3150 
f 3176/3176/3176 3157/3157/3157 3155/3155/3155 
f 3155/3155/3155 3154/3154/3154 3176/3176/3176 
f 3158/3158/3158 3157/3157/3157 3177/3177/3177 
f 3159/3159/3159 3158/3158/3158 3177/3177/3177 
f 3160/3160/3160 3159/3159/3159 3177/3177/3177 
f 3161/3161/3161 3160/3160/3160 3177/3177/3177 
f 3162/3162/3162 3161/3161/3161 3177/3177/3177 
f 3163/3163/3163 3162/3162/3162 3177/3177/3177 
f 3164/3164/3164 3163/3163/3163 3177/3177/3177 
f 3165/3165/3165 3164/3164/3164 3177/3177/3177 
f 3166/3166/3166 3165/3165/3165 3177/3177/3177 
f 3167/3167/3167 3166/3166/3166 3177/3177/3177 
f 3168/3168/3168 3167/3167/3167 3177/3177/3177 
f 3169/3169/3169 3168/3168/3168 3177/3177/3177 
f 3170/3170/3170 3169/3169/3169 3177/3177/3177 
f 3171/3171/3171 3170/3170/3170 3177/3177/3177 
f 3172/3172/3172 3171/3171/3171 3177/3177/3177 
f 3173/3173/3173 3172/3172/3172 3177/3177/3177 
f 3174/3174/3174 3173/3173/3173 3177/3177/3177 
f 3175/3175/3175 3174/3174/3174 3177/3177/3177 
f 3176/3176/3176 3175/3175/3175 3177/3177/3177 
f 3157/3157/3157 3176/3176/3176 3177/3177/3177 
f 3178/3178/3178 3179/3179/3179 3180/3180/3180 
f 3181/3181/3181 3182/3182/3182 3183/3183/3183 
f 3184/3184/3184 3185/3185/3185 3186/3186/3186 
f 3187/3187/3187 3188/3188/3188 3189/3189/3189 
f 3190/3190/3190 3191/3191/3191 3192/3192/3192 
f 3193/3193/3193 3194/3194/3194 3195/3195/3195 
f 3196/3196/3196 3197/3197/3197 3198/3198/3198 
f 3199/3199/3199 3200/3200/3200 3201/3201/3201 
f 3202/3202/3202 3203/3203/3203 3204/3204/3204 
f 3205/3205/3205 3206/3206/3206 3207/3207/3207 
f 3208/3208/3208 3209/3209/3209 3210/3210/3210 
f 3211/3211/3211 3212/3212/3212 3213/3213/3213 
f 3214/3214/3214 3215/3215/3215 3216/3216/3216 
f 3217/3217/3217 3218/3218/3218 3219/3219/3219 
f 3220/3220/3220 3221/3221/3221 3222/3222/3222 
f 3223/3223/3223 3224/3224/3224 3225/3225/3225 
f 3226/3226/3226 3227/3227/3227 3228/3228/3228 
f 3229/3229/3229 3230/3230/3230 3231/3231/3231 
f 3232/3232/3232 3233/3233/3233 3234/3234/3234 
f 3235/3235/3235 3236/3236/3236 3237/3237/3237 
f 3238/3238/3238 3239/3239/3239 3240/3240/3240 
f 3241/3241/3241 3242/3242/3242 3243/3243/3243 
f 3244/3244/3244 3245/3245/3245 3246/3246/3246 
f 3247/3247/3247 3248/3248/3248 3249/3249/3249 

g Davidplayzyt12315

v 550.712 197.985 -532.303 
v 550.63 197.972 -532.284 
v 550.604 198.093 -532.251 
v 550.712 198.115 -532.274 
v 550.712 197.806 -532.265 
v 550.665 197.82 -532.243 
v 550.712 197.638 -531.886 
v 550.693 197.707 -532.15 
v 550.712 197.691 -532.172 
v 550.712 197.697 -531.69 
v 550.698 197.684 -531.704 
v 550.712 197.881 -531.566 
v 550.712 197.985 -531.558 
v 550.642 197.973 -531.566 
v 550.672 197.867 -531.588 
v 550.712 198.134 -531.571 
v 550.712 198.256 -531.655 
v 550.582 198.214 -531.653 
v 550.61 198.107 -531.579 
v 550.712 198.345 -531.776 
v 550.712 198.352 -531.93 
v 550.564 198.291 -531.917 
v 550.566 198.276 -531.768 
v 550.712 198.325 -532.061 
v 550.712 198.244 -532.194 
v 550.581 198.204 -532.173 
v 550.564 198.274 -532.043 
v 550.388 197.496 -532.115 
v 550.408 197.57 -532.141 
v 550.506 197.516 -532.095 
v 550.488 197.446 -532.066 
v 550.627 197.448 -531.824 
v 550.608 197.376 -531.795 
v 550.563 197.405 -531.985 
v 550.584 197.477 -532.018 
v 550.612 197.455 -531.745 
v 550.591 197.384 -531.725 
v 550.229 197.568 -532.018 
v 550.187 197.588 -531.896 
v 550.212 197.673 -531.926 
v 550.252 197.653 -532.046 
v 550.296 197.535 -532.091 
v 550.319 197.618 -532.118 
v 550.443 197.718 -532.165 
v 550.473 197.827 -532.218 
v 550.566 197.737 -532.176 
v 550.542 197.664 -532.125 
v 550.688 197.651 -531.867 
v 550.664 197.588 -531.842 
v 550.621 197.623 -532.045 
v 550.643 197.68 -532.098 
v 550.67 197.664 -531.737 
v 550.648 197.596 -531.745 
v 550.586 197.744 -531.589 
v 550.503 197.813 -531.547 
v 550.458 197.691 -531.544 
v 550.563 197.641 -531.589 
v 550.381 197.9 -531.576 
v 550.306 197.969 -531.63 
v 550.279 197.791 -531.609 
v 550.353 197.749 -531.562 
v 550.271 197.992 -531.735 
v 550.258 198.006 -531.865 
v 550.224 197.82 -531.839 
v 550.242 197.81 -531.712 
v 550.274 197.799 -532.067 
v 550.234 197.818 -531.947 
v 550.269 197.997 -531.981 
v 550.308 197.969 -532.11 
v 550.348 197.764 -532.139 
v 550.383 197.904 -532.185 
v 550.337 197.359 -532.137 
v 550.441 197.317 -532.082 
v 550.534 197.267 -531.993 
v 550.572 197.229 -531.807 
v 550.55 197.233 -531.728 
v 550.33 197.298 -531.534 
v 550.451 197.264 -531.59 
v 550.48 197.426 -531.587 
v 550.39 197.457 -531.52 
v 550.132 197.393 -531.626 
v 550.214 197.348 -531.553 
v 550.291 197.491 -531.558 
v 550.224 197.558 -531.615 
v 550.1 197.415 -531.908 
v 550.15 197.409 -532.035 
v 550.226 197.39 -532.109 
v 550.508 197.895 -532.246 
v 550.546 197.941 -532.27 
v 550.614 197.808 -532.231 
v 550.59 197.778 -532.205 
v 550.698 197.66 -531.878 
v 550.658 197.696 -532.128 
v 550.675 197.704 -532.141 
v 550.682 197.684 -531.728 
v 550.534 197.884 -531.553 
v 550.608 197.788 -531.588 
v 550.63 197.821 -531.587 
v 550.57 197.933 -531.559 
v 550.504 198.054 -531.571 
v 550.449 198.149 -531.638 
v 550.373 198.076 -531.634 
v 550.442 197.991 -531.573 
v 550.333 198.123 -531.885 
v 550.341 198.109 -531.744 
v 550.416 198.193 -531.752 
v 550.413 198.206 -531.903 
v 550.374 198.071 -532.136 
v 550.337 198.116 -532.006 
v 550.411 198.201 -532.028 
v 550.446 198.141 -532.16 
v 550.437 197.99 -532.213 
v 550.493 198.047 -532.238 
v 550.432 196.662 -532.28 
v 550.495 196.707 -532.255 
v 550.526 196.635 -532.27 
v 550.466 196.6 -532.291 
v 550.49 196.534 -532.296 
v 550.541 196.559 -532.284 
v 550.555 196.488 -532.298 
v 550.513 196.472 -532.301 
v 550.538 196.451 -532.245 
v 550.555 196.488 -532.298 
v 550.579 196.494 -532.263 
v 550.43 196.571 -532.254 
v 550.4 196.61 -532.25 
v 550.483 196.466 -532.268 
v 550.453 196.514 -532.259 
v 550.483 196.466 -532.268 
v 550.513 196.472 -532.301 
v 550.43 196.571 -532.254 
v 550.438 196.557 -532.184 
v 550.405 196.576 -532.167 
v 550.4 196.61 -532.25 
v 550.487 196.463 -532.215 
v 550.459 196.505 -532.198 
v 550.453 196.514 -532.259 
v 550.483 196.466 -532.268 
v 550.484 196.568 -532.136 
v 550.447 196.572 -532.105 
v 550.523 196.464 -532.181 
v 550.5 196.511 -532.157 
v 550.541 196.597 -532.137 
v 550.51 196.632 -532.075 
v 550.563 196.479 -532.185 
v 550.553 196.536 -532.162 
v 550.571 196.627 -532.167 
v 550.538 196.696 -532.106 
v 550.583 196.491 -532.212 
v 550.577 196.557 -532.19 
v 550.583 196.491 -532.212 
v 550.571 196.627 -532.167 
v 550.568 196.642 -532.22 
v 550.544 196.714 -532.191 
v 550.538 196.696 -532.106 
v 550.583 196.491 -532.212 
v 550.579 196.494 -532.263 
v 550.574 196.566 -532.242 
v 550.577 196.557 -532.19 
v 550.001 196.201 -531.805 
v 550.05 196.119 -531.816 
v 550.106 196.158 -531.785 
v 550.071 196.235 -531.78 
v 550.125 196.059 -531.827 
v 550.166 196.1 -531.8 
v 550.219 196.048 -531.813 
v 550.192 196.005 -531.836 
v 550.24 196.042 -531.893 
v 550.071 196.235 -531.78 
v 550.106 196.158 -531.785 
v 550.162 196.196 -531.817 
v 550.125 196.267 -531.814 
v 550.166 196.1 -531.8 
v 550.216 196.147 -531.827 
v 550.246 196.09 -531.837 
v 550.185 196.212 -531.893 
v 550.151 196.281 -531.893 
v 550.233 196.163 -531.893 
v 550.257 196.107 -531.893 
v 550.162 196.196 -531.97 
v 550.125 196.267 -531.973 
v 550.216 196.146 -531.959 
v 550.246 196.09 -531.95 
v 550.106 196.157 -532.001 
v 550.063 196.234 -532.005 
v 550.166 196.099 -531.986 
v 550.219 196.047 -531.973 
v 550.001 196.201 -531.972 
v 550.063 196.234 -532.005 
v 550.106 196.157 -532.001 
v 550.05 196.119 -531.969 
v 550.166 196.099 -531.986 
v 550.125 196.059 -531.959 
v 550.192 196.005 -531.949 
v 550.027 196.103 -531.888 
v 549.975 196.187 -531.885 
v 550.108 196.042 -531.891 
v 550.18 195.988 -531.893 
v 550.053 196.311 -532.004 
v 550.115 196.333 -531.976 
v 550.144 196.345 -531.893 
v 550.116 196.334 -531.81 
v 550.069 196.31 -531.775 
v 549.971 196.279 -531.8 
v 550.069 196.31 -531.775 
v 549.942 196.268 -531.882 
v 549.97 196.279 -531.976 
v 550.053 196.311 -532.004 
v 550.103 196.244 -531.599 
v 550.134 196.18 -531.613 
v 550.181 196.208 -531.618 
v 550.155 196.267 -531.604 
v 550.247 196.117 -531.664 
v 550.212 196.166 -531.64 
v 550.175 196.136 -531.637 
v 550.222 196.085 -531.664 
v 550.247 196.117 -531.664 
v 550.222 196.085 -531.664 
v 550.238 196.104 -531.724 
v 550.181 196.208 -531.618 
v 550.21 196.23 -531.665 
v 550.187 196.286 -531.659 
v 550.155 196.267 -531.604 
v 550.259 196.144 -531.695 
v 550.237 196.194 -531.682 
v 550.212 196.166 -531.64 
v 550.247 196.117 -531.664 
v 550.203 196.234 -531.727 
v 550.18 196.287 -531.723 
v 550.25 196.152 -531.739 
v 550.229 196.199 -531.735 
v 550.164 196.216 -531.767 
v 550.139 196.271 -531.765 
v 550.225 196.134 -531.77 
v 550.197 196.181 -531.771 
v 550.117 196.188 -531.762 
v 550.087 196.247 -531.759 
v 550.2 196.102 -531.77 
v 550.155 196.148 -531.766 
v 550.2 196.102 -531.77 
v 550.055 196.23 -531.709 
v 550.087 196.247 -531.759 
v 550.117 196.188 -531.762 
v 550.088 196.166 -531.715 
v 550.2 196.102 -531.77 
v 550.188 196.075 -531.739 
v 550.134 196.124 -531.726 
v 550.155 196.148 -531.766 
v 550.188 196.075 -531.739 
v 550.095 196.163 -531.653 
v 550.061 196.228 -531.645 
v 550.197 196.068 -531.695 
v 550.142 196.119 -531.672 
v 550.197 196.068 -531.695 
v 550.134 196.329 -531.77 
v 550.178 196.343 -531.727 
v 550.183 196.344 -531.66 
v 550.148 196.329 -531.595 
v 550.084 196.31 -531.589 
v 550.148 196.329 -531.595 
v 550.039 196.298 -531.644 
v 550.033 196.297 -531.712 
v 550.031 196.21 -532.062 
v 550.078 196.139 -532.063 
v 550.121 196.173 -532.024 
v 550.08 196.239 -532.02 
v 550.228 196.081 -532.039 
v 550.176 196.126 -532.031 
v 550.145 196.091 -532.065 
v 550.209 196.045 -532.067 
v 550.228 196.081 -532.039 
v 550.209 196.045 -532.067 
v 550.26 196.081 -532.105 
v 550.08 196.239 -532.02 
v 550.121 196.173 -532.024 
v 550.173 196.211 -532.039 
v 550.137 196.272 -532.036 
v 550.253 196.121 -532.051 
v 550.221 196.171 -532.044 
v 550.176 196.126 -532.031 
v 550.228 196.081 -532.039 
v 550.202 196.231 -532.101 
v 550.169 196.29 -532.101 
v 550.269 196.141 -532.097 
v 550.243 196.191 -532.097 
v 550.192 196.221 -532.172 
v 550.157 196.283 -532.175 
v 550.267 196.129 -532.15 
v 550.237 196.18 -532.159 
v 550.148 196.188 -532.212 
v 550.108 196.254 -532.217 
v 550.248 196.092 -532.178 
v 550.199 196.139 -532.195 
v 550.248 196.092 -532.178 
v 550.051 196.221 -532.201 
v 550.108 196.254 -532.217 
v 550.148 196.188 -532.212 
v 550.097 196.15 -532.197 
v 550.248 196.092 -532.178 
v 550.223 196.052 -532.165 
v 550.161 196.1 -532.181 
v 550.199 196.139 -532.195 
v 550.223 196.052 -532.165 
v 550.068 196.13 -532.135 
v 550.019 196.202 -532.136 
v 550.207 196.033 -532.119 
v 550.139 196.08 -532.127 
v 550.207 196.033 -532.119 
v 550.083 196.327 -532.218 
v 550.145 196.351 -532.175 
v 550.159 196.356 -532.097 
v 550.124 196.339 -532.03 
v 549.999 196.287 -532.057 
v 549.985 196.282 -532.135 
v 550.02 196.298 -532.201 
v 550.083 196.327 -532.218 
v 550.462 196.822 -531.786 
v 550.472 196.768 -531.795 
v 550.451 196.792 -531.85 
v 550.447 196.836 -531.849 
v 550.504 196.757 -532.048 
v 550.517 196.776 -532.164 
v 550.48 196.846 -532.118 
v 550.485 196.828 -532.003 
v 550.415 196.848 -532.189 
v 550.46 196.77 -532.24 
v 550.367 196.711 -532.264 
v 550.304 196.812 -532.208 
v 550.163 196.668 -532.201 
v 550.148 196.778 -532.157 
v 549.991 196.661 -532.07 
v 549.93 196.442 -532.128 
v 549.942 196.432 -532.015 
v 550.177 196.631 -531.556 
v 550.001 196.657 -531.68 
v 550.079 196.473 -531.561 
v 550.431 196.616 -531.687 
v 550.438 196.684 -531.65 
v 550.355 196.618 -531.612 
v 550.384 196.577 -531.667 
v 550.202 196.406 -531.79 
v 550.348 196.646 -532.246 
v 550.201 196.607 -532.203 
v 549.963 196.44 -531.646 
v 550.196 196.439 -532.175 
v 550.212 196.421 -532.077 
v 550.23 196.411 -531.649 
v 550.173 196.453 -531.589 
v 550.25 196.558 -532.147 
v 550.237 196.513 -532.164 
v 550.201 196.607 -532.203 
v 550.388 196.581 -531.788 
v 550.465 196.683 -531.798 
v 550.263 196.561 -531.593 
v 550.29 196.54 -531.646 
v 550.242 196.516 -531.787 
v 550.272 196.53 -531.88 
v 550.39 196.604 -531.857 
v 550.35 196.594 -532.152 
v 550.388 196.575 -532.076 
v 550.275 196.533 -532.054 
v 549.948 196.437 -531.759 
v 549.939 196.652 -531.877 
v 549.89 196.424 -531.878 
v 550.21 196.97 -532.085 
v 550.243 196.907 -532.142 
v 550.13 196.892 -532.104 
v 550.122 196.972 -532.07 
v 550.056 196.969 -532.008 
v 550.037 196.878 -532.03 
v 549.994 196.878 -531.957 
v 550.013 196.964 -531.943 
v 550 196.952 -531.779 
v 549.996 196.958 -531.867 
v 549.973 196.874 -531.873 
v 549.988 196.867 -531.774 
v 550.013 196.86 -531.703 
v 550.125 196.858 -531.599 
v 550.132 196.948 -531.628 
v 550.028 196.949 -531.713 
v 550.257 196.86 -531.617 
v 550.364 196.865 -531.652 
v 550.34 196.937 -531.676 
v 550.254 196.938 -531.648 
v 550.418 196.94 -531.79 
v 550.447 196.872 -531.79 
v 550.439 196.878 -531.849 
v 550.418 196.942 -531.847 
v 550.451 196.894 -531.972 
v 550.442 196.913 -532.069 
v 550.389 196.955 -531.981 
v 550.325 196.97 -532.074 
v 550.368 196.923 -532.136 
v 550.186 196.41 -531.978 
v 550.204 196.383 -531.891 
v 550 196.458 -532.207 
v 550.107 196.473 -532.215 
v 550.418 196.942 -531.847 
v 550.439 196.878 -531.849 
v 550.451 196.792 -531.85 
v 550.447 196.836 -531.849 
v 550.472 196.696 -531.898 
v 550.481 196.664 -532.019 
v 550.504 196.757 -532.048 
v 550.451 196.792 -531.85 
v 550.384 196.577 -531.936 
v 550.24 196.512 -531.965 
v 550.258 196.491 -532.064 
v 550.229 196.475 -531.971 
v 550.253 196.472 -531.885 
v 550.275 196.49 -531.647 
v 550.237 196.475 -531.788 
v 550.447 196.685 -531.854 
v 550.348 196.646 -532.246 
v 550.173 196.453 -531.589 
v 550.107 196.473 -532.215 
v 550.472 196.768 -531.795 
v 549.969 196.655 -531.767 
v 549.955 196.658 -531.982 
v 550.312 196.705 -531.595 
v 550.263 196.561 -531.593 
v 550.355 196.618 -531.612 
v 550.438 196.684 -531.65 
v 550.418 196.775 -531.641 
v 550.217 197.664 -531.71 
v 550.2 197.678 -531.817 
v 550.174 197.594 -531.786 
v 550.188 197.58 -531.691 
v 550.096 197.409 -531.701 
v 550.081 197.416 -531.794 
v 550.321 197.601 -531.57 
v 550.254 197.642 -531.624 
v 550.526 197.503 -531.601 
v 550.417 197.547 -531.544 
v 550.286 197.203 -532.13 
v 550.179 197.224 -532.106 
v 550.104 197.234 -532.033 
v 550.054 197.236 -531.926 
v 550.046 197.227 -531.727 
v 550.034 197.234 -531.822 
v 550.08 197.216 -531.651 
v 550.176 197.187 -531.57 
v 550.301 197.151 -531.566 
v 550.409 197.133 -531.613 
v 550.502 197.115 -531.748 
v 550.518 197.113 -531.822 
v 550.482 197.143 -531.995 
v 550.397 197.18 -532.091 
v 550.534 197.267 -531.993 
v 550.482 197.143 -531.995 
v 550.563 197.405 -531.985 
v 550.584 197.477 -532.018 
v 550.621 197.623 -532.045 
v 550.643 197.68 -532.098 
v 550.675 197.704 -532.141 
v 550.658 197.696 -532.128 
v 550.712 197.691 -532.172 
v 550.693 197.707 -532.15 
v 550.712 198.256 -531.655 
v 550.582 198.214 -531.653 
v 550.373 198.076 -531.634 
v 550.449 198.149 -531.638 
v 550.306 197.969 -531.63 
v 550.279 197.791 -531.609 
v 550.254 197.642 -531.624 
v 550.224 197.558 -531.615 
v 550.132 197.393 -531.626 
v 550.08 197.216 -531.651 
v 550.712 197.785 -531.595 
v 550.693 197.763 -531.622 
v 550.664 197.711 -531.637 
v 550.679 197.742 -531.638 
v 550.65 197.679 -531.636 
v 550.63 197.604 -531.638 
v 550.596 197.463 -531.657 
v 550.573 197.393 -531.648 
v 550.525 197.238 -531.641 
v 550.484 197.117 -531.667 
v 550.443 196.866 -531.724 
v 550.405 196.938 -531.727 
v 550.465 196.807 -531.717 
v 550.481 196.742 -531.734 
v 550.481 196.742 -531.734 
v 550.351 197.058 -532.081 
v 550.242 197.067 -532.104 
v 550.424 197.033 -531.987 
v 550.456 197.014 -531.837 
v 550.424 197.033 -531.987 
v 550.446 197.013 -531.772 
v 550.434 197.013 -531.702 
v 550.365 197.019 -531.65 
v 550.274 197.027 -531.614 
v 550.15 197.048 -531.604 
v 550.05 197.06 -531.687 
v 550.05 197.06 -531.687 
v 550.019 197.066 -531.757 
v 550.012 197.073 -531.848 
v 550.03 197.077 -531.936 
v 550.076 197.08 -532.018 
v 550.146 197.077 -532.085 
v 550.325 196.97 -532.074 
v 550.21 196.97 -532.085 
v 550.389 196.955 -531.981 
v 550.418 196.942 -531.847 
v 550.389 196.955 -531.981 
v 550.418 196.94 -531.79 
v 550.405 196.938 -531.727 
v 550.34 196.937 -531.676 
v 550.254 196.938 -531.648 
v 550.132 196.948 -531.628 
v 550.028 196.949 -531.713 
v 550.028 196.949 -531.713 
v 550 196.952 -531.779 
v 549.996 196.958 -531.867 
v 550.013 196.964 -531.943 
v 550.056 196.969 -532.008 
v 550.122 196.972 -532.07 
v 550.192 196.005 -531.836 
v 550.18 195.988 -531.893 
v 550.192 196.005 -531.949 
v 550.219 196.047 -531.973 
v 550.219 196.047 -531.973 
v 550.219 196.048 -531.813 
v 550.219 196.048 -531.813 
v 550.434 197.013 -531.702 
v 550.405 196.938 -531.727 
v 550.484 197.117 -531.667 
v 550.525 197.238 -531.641 
v 550.573 197.393 -531.648 
v 550.596 197.463 -531.657 
v 550.63 197.604 -531.638 
v 550.65 197.679 -531.636 
v 550.664 197.711 -531.637 
v 550.679 197.742 -531.638 
v 550.693 197.763 -531.622 
v 550.712 197.785 -531.595 
v 550.712 197.806 -532.265 
v 550.712 197.995 -531.93 
v 550.712 197.691 -532.172 
v 550.712 197.691 -532.172 
v 550.712 197.995 -531.93 
v 550.712 197.638 -531.886 
v 550.712 197.697 -531.69 
v 550.712 197.995 -531.93 
v 550.712 197.785 -531.595 
v 550.712 197.881 -531.566 
v 550.712 197.995 -531.93 
v 550.712 197.985 -531.558 
v 550.712 198.134 -531.571 
v 550.712 197.995 -531.93 
v 550.712 198.256 -531.655 
v 550.712 198.345 -531.776 
v 550.712 197.995 -531.93 
v 550.712 198.352 -531.93 
v 550.712 198.325 -532.061 
v 550.712 198.244 -532.194 
v 550.712 198.115 -532.274 
v 550.712 197.995 -531.93 
v 550.712 197.985 -532.303 
v 550.712 197.985 -531.558 
v 550.712 197.985 -532.303 
v 550.712 197.995 -531.93 
v 550.712 197.806 -532.265 
v 550.712 198.256 -531.655 
v 550.712 197.995 -531.93 
v 550.712 198.345 -531.776 
v 550.712 198.352 -531.93 
v 550.712 197.995 -531.93 
v 550.712 198.325 -532.061 
v 550.712 197.785 -531.595 
v 550.712 197.995 -531.93 
v 550.712 197.881 -531.566 
v 550.712 198.244 -532.194 
v 550.712 197.995 -531.93 
v 550.712 198.115 -532.274 
v 550.712 197.638 -531.886 
v 550.712 197.995 -531.93 
v 550.712 197.697 -531.69 

vn -0.283465 -0.023622 -0.96063 
vn -0.220472 -0.0393701 -0.976378 
vn -0.267717 0.362205 -0.889764 
vn -0.267717 0.362205 -0.889764 
vn -0.480315 -0.409449 -0.771654 
vn -0.291339 -0.456693 -0.84252 
vn -0.299213 -0.952756 -0.023622 
vn -0.393701 -0.787402 -0.472441 
vn -0.700787 -0.622047 -0.354331 
vn 0.23622 -0.834646 0.503937 
vn 0.110236 -0.858268 0.503937 
vn -0.362205 -0.244094 0.897638 
vn -0.173228 -0.0472441 0.984252 
vn -0.0314961 -0.0314961 1 
vn -0.0866142 -0.259843 0.96063 
vn -0.149606 0.322835 0.937008 
vn -0.244094 0.685039 0.685039 
vn -0.259843 0.685039 0.677165 
vn -0.110236 0.322835 0.937008 
vn -0.362205 0.88189 0.307087 
vn -0.385827 0.92126 -0.0472441 
vn -0.433071 0.905512 -0.015748 
vn -0.401575 0.866142 0.291339 
vn -0.354331 0.874016 -0.330709 
vn -0.314961 0.677165 -0.669291 
vn -0.346457 0.669291 -0.661417 
vn -0.401575 0.866142 -0.299213 
vn 0.0393701 -0.11811 -0.992126 
vn -0.0393701 -0.244094 -0.968504 
vn 0.409449 -0.354331 -0.84252 
vn 0.480315 -0.259843 -0.84252 
vn 0.96063 -0.275591 -0.023622 
vn 0.968504 -0.259843 -0.00787402 
vn 0.80315 -0.299213 -0.519685 
vn 0.771654 -0.370079 -0.519685 
vn 0.952756 -0.228346 0.204724 
vn 0.937008 -0.23622 0.244094 
vn -0.80315 0.244094 -0.535433 
vn -0.913386 0.330709 -0.244094 
vn -0.96063 0.15748 -0.228346 
vn -0.850394 0.0629921 -0.519685 
vn -0.496063 0.0866142 -0.866142 
vn -0.543307 -0.0787402 -0.834646 
vn -0.11811 -0.275591 -0.952756 
vn -0.244094 -0.314961 -0.913386 
vn 0.0629921 -0.590551 -0.80315 
vn 0.307087 -0.440945 -0.84252 
vn 0.811024 -0.582677 -0.023622 
vn 0.944882 -0.330709 -0.0314961 
vn 0.716535 -0.464567 -0.519685 
vn 0.456693 -0.740157 -0.496063 
vn 0.889764 -0.417323 0.204724 
vn 0.944882 -0.267717 0.188976 
vn 0.417323 -0.141732 0.897638 
vn 0.110236 0 0.992126 
vn 0.102362 -0.0314961 0.992126 
vn 0.448819 -0.149606 0.88189 
vn -0.291339 0.165354 0.944882 
vn -0.685039 0.299213 0.661417 
vn -0.755906 0.141732 0.645669 
vn -0.354331 0.0866142 0.929134 
vn -0.897638 0.362205 0.251969 
vn -0.937008 0.354331 0.015748 
vn -0.984252 0.165354 0.023622 
vn -0.952756 0.173228 0.259843 
vn -0.850394 0.0551181 -0.527559 
vn -0.968504 0.133858 -0.212598 
vn -0.92126 0.307087 -0.228346 
vn -0.811024 0.181102 -0.551181 
vn -0.551181 -0.0866142 -0.826772 
vn -0.566929 -0.0393701 -0.818898 
vn 0.110236 0.023622 -0.992126 
vn 0.543307 -0.11811 -0.834646 
vn 0.826772 -0.23622 -0.511811 
vn 0.944882 -0.322835 0 
vn 0.913386 -0.330709 0.251969 
vn 0.11811 -0.125984 0.984252 
vn 0.456693 -0.220472 0.866142 
vn 0.511811 -0.110236 0.850394 
vn 0.149606 0.023622 0.992126 
vn -0.724409 0.23622 0.645669 
vn -0.393701 0.0787402 0.913386 
vn -0.362205 0.204724 0.905512 
vn -0.669291 0.330709 0.669291 
vn -0.897638 0.354331 -0.267717 
vn -0.76378 0.322835 -0.559055 
vn -0.433071 0.204724 -0.874016 
vn -0.307087 -0.23622 -0.92126 
vn -0.251969 -0.133858 -0.96063 
vn -0.110236 -0.527559 -0.84252 
vn -0.0787402 -0.574803 -0.811024 
vn 0.0629921 -1 -0.00787402 
vn 0 -0.874016 -0.480315 
vn -0.165354 -0.858268 -0.496063 
vn 0.448819 -0.826772 0.338583 
vn 0.102362 -0.00787402 0.992126 
vn 0.370079 -0.173228 0.913386 
vn 0.267717 -0.220472 0.937008 
vn 0.102362 -0.015748 0.992126 
vn -0.149606 0.275591 0.952756 
vn -0.409449 0.614173 0.677165 
vn -0.574803 0.472441 0.669291 
vn -0.244094 0.212598 0.944882 
vn -0.795276 0.606299 0.023622 
vn -0.755906 0.598425 0.251969 
vn -0.574803 0.771654 0.267717 
vn -0.614173 0.787402 0.015748 
vn -0.716535 0.377953 -0.590551 
vn -0.80315 0.551181 -0.23622 
vn -0.606299 0.748031 -0.259843 
vn -0.527559 0.559055 -0.637795 
vn -0.535433 0.110236 -0.834646 
vn -0.401575 0.259843 -0.874016 
vn -0.165354 0.0393701 -0.984252 
vn 0.425197 0.409449 -0.811024 
vn 0.464567 0.299213 -0.826772 
vn -0.228346 0.015748 -0.976378 
vn -0.291339 -0.023622 -0.96063 
vn 0.472441 0.220472 -0.850394 
vn 0.566929 -0.354331 -0.740157 
vn -0.11811 -0.590551 -0.80315 
vn 0.299213 -0.952756 -0.0944882 
vn 0.566929 -0.354331 -0.740157 
vn 0.897638 -0.314961 -0.314961 
vn -0.787402 -0.409449 -0.464567 
vn -0.559055 -0.543307 -0.622047 
vn -0.551181 -0.779528 -0.307087 
vn -0.84252 -0.370079 -0.385827 
vn -0.551181 -0.779528 -0.307087 
vn -0.11811 -0.590551 -0.80315 
vn -0.787402 -0.409449 -0.464567 
vn -0.685039 -0.692913 0.212598 
vn -0.401575 -0.905512 -0.102362 
vn -0.559055 -0.543307 -0.622047 
vn -0.488189 -0.850394 0.204724 
vn -0.779528 -0.511811 0.354331 
vn -0.84252 -0.370079 -0.385827 
vn -0.551181 -0.779528 -0.307087 
vn -0.0551181 -0.708661 0.700787 
vn 0.0944882 -0.92126 0.370079 
vn -0.023622 -0.818898 0.574803 
vn -0.19685 -0.456693 0.866142 
vn 0.590551 -0.346457 0.724409 
vn 0.645669 -0.440945 0.622047 
vn 0.582677 -0.606299 0.543307 
vn 0.535433 -0.228346 0.811024 
vn 0.944882 0.0393701 0.330709 
vn 0.929134 0.11811 0.346457 
vn 0.889764 -0.425197 0.149606 
vn 0.952756 -0.00787402 0.299213 
vn 0.889764 -0.425197 0.149606 
vn 0.944882 0.0393701 0.330709 
vn 0.897638 0.299213 -0.314961 
vn 0.866142 0.440945 -0.244094 
vn 0.929134 0.11811 0.346457 
vn 0.889764 -0.425197 0.149606 
vn 0.897638 -0.314961 -0.314961 
vn 0.92126 0.181102 -0.346457 
vn 0.952756 -0.00787402 0.299213 
vn -0.598425 -0.338583 0.724409 
vn -0.496063 -0.527559 0.692913 
vn 0.0866142 -0.0866142 0.992126 
vn 0.125984 -0.0551181 0.992126 
vn -0.401575 -0.622047 0.669291 
vn 0.11811 -0.133858 0.984252 
vn 0.574803 -0.401575 0.708661 
vn 0.220472 -0.826772 0.519685 
vn 0.850394 -0.527559 0 
vn 0.125984 -0.0551181 0.992126 
vn 0.0866142 -0.0866142 0.992126 
vn 0.629921 0.385827 0.677165 
vn 0.748031 0.181102 0.645669 
vn 0.11811 -0.133858 0.984252 
vn 0.637795 0.370079 0.669291 
vn 0.889764 -0.0393701 0.448819 
vn 0.811024 0.582677 0 
vn 0.96063 0.291339 0 
vn 0.826772 0.559055 0 
vn 1 0.0708661 0 
vn 0.622047 0.385827 -0.685039 
vn 0.708661 0.204724 -0.677165 
vn 0.637795 0.370079 -0.677165 
vn 0.889764 -0.0393701 -0.448819 
vn 0.0551181 -0.0944882 -0.992126 
vn 0.0314961 -0.0393701 -1 
vn 0.110236 -0.141732 -0.984252 
vn 0.574803 -0.401575 -0.708661 
vn -0.661417 -0.322835 -0.677165 
vn 0.0314961 -0.0393701 -1 
vn 0.0551181 -0.0944882 -0.992126 
vn -0.527559 -0.527559 -0.669291 
vn 0.110236 -0.141732 -0.984252 
vn -0.409449 -0.629921 -0.661417 
vn 0.220472 -0.826772 -0.519685 
vn -0.732283 -0.677165 0.015748 
vn -0.889764 -0.456693 0.015748 
vn -0.598425 -0.80315 0.00787402 
vn 0.0708661 -1 0.00787402 
vn 0.0393701 -0.968504 -0.244094 
vn 0.716535 -0.299213 -0.629921 
vn 0.92126 -0.385827 -0.0314961 
vn 0.779528 -0.433071 0.448819 
vn -0.165354 -0.984252 0.023622 
vn -0.598425 -0.283465 0.748031 
vn -0.165354 -0.984252 0.023622 
vn -0.944882 -0.338583 0.0314961 
vn -0.653543 -0.283465 -0.700787 
vn 0.0393701 -0.968504 -0.244094 
vn -0.267717 -0.259843 0.929134 
vn -0.141732 -0.409449 0.897638 
vn 0.543307 0.023622 0.84252 
vn 0.551181 0.00787402 0.834646 
vn 0.834646 -0.330709 0.440945 
vn 0.566929 0 0.826772 
vn -0.0472441 -0.503937 0.858268 
vn 0.440945 -0.755906 0.488189 
vn 0.834646 -0.330709 0.440945 
vn 0.440945 -0.755906 0.488189 
vn 0.755906 -0.598425 -0.259843 
vn 0.543307 0.023622 0.84252 
vn 0.874016 0.409449 0.275591 
vn 0.952756 0.19685 0.23622 
vn 0.551181 0.00787402 0.834646 
vn 1 -0.0314961 0.0472441 
vn 0.866142 0.409449 0.267717 
vn 0.566929 0 0.826772 
vn 0.834646 -0.330709 0.440945 
vn 0.755906 0.503937 -0.425197 
vn 0.874016 0.204724 -0.440945 
vn 0.905512 0.023622 -0.417323 
vn 0.748031 0.511811 -0.417323 
vn 0.244094 0.228346 -0.944882 
vn 0.346457 0.0393701 -0.937008 
vn 0.598425 -0.165354 -0.787402 
vn 0.251969 0.23622 -0.937008 
vn -0.425197 -0.228346 -0.874016 
vn -0.433071 -0.228346 -0.874016 
vn 0.173228 -0.551181 -0.811024 
vn -0.377953 -0.275591 -0.88189 
vn 0.173228 -0.551181 -0.811024 
vn -0.889764 -0.377953 -0.259843 
vn -0.433071 -0.228346 -0.874016 
vn -0.425197 -0.228346 -0.874016 
vn -0.779528 -0.551181 -0.299213 
vn 0.173228 -0.551181 -0.811024 
vn -0.0551181 -0.905512 -0.417323 
vn -0.677165 -0.661417 -0.314961 
vn -0.377953 -0.275591 -0.88189 
vn -0.0551181 -0.905512 -0.417323 
vn -0.677165 -0.622047 0.393701 
vn -0.826772 -0.385827 0.409449 
vn 0.0551181 -0.992126 0.11811 
vn -0.551181 -0.755906 0.362205 
vn 0.0551181 -0.992126 0.11811 
vn 0.433071 -0.338583 -0.834646 
vn 0.874016 -0.314961 -0.370079 
vn 0.944882 -0.204724 0.244094 
vn 0.535433 -0.141732 0.834646 
vn -0.259843 -0.204724 0.944882 
vn 0.535433 -0.141732 0.834646 
vn -0.834646 -0.338583 0.433071 
vn -0.866142 -0.440945 -0.228346 
vn -0.732283 -0.425197 0.527559 
vn -0.598425 -0.590551 0.535433 
vn -0.110236 -0.181102 0.976378 
vn -0.125984 -0.173228 0.976378 
vn 0.448819 -0.440945 0.779528 
vn -0.0551181 -0.220472 0.976378 
vn -0.480315 -0.692913 0.535433 
vn 0.149606 -0.858268 0.488189 
vn 0.448819 -0.440945 0.779528 
vn 0.149606 -0.858268 0.488189 
vn 0.866142 -0.496063 0.0866142 
vn -0.125984 -0.173228 0.976378 
vn -0.110236 -0.181102 0.976378 
vn 0.488189 0.346457 0.80315 
vn 0.598425 0.15748 0.787402 
vn 0.80315 -0.023622 0.598425 
vn 0.503937 0.338583 0.795276 
vn -0.0551181 -0.220472 0.976378 
vn 0.448819 -0.440945 0.779528 
vn 0.779528 0.606299 0.165354 
vn 0.937008 0.314961 0.165354 
vn 0.976378 0.149606 0.15748 
vn 0.787402 0.598425 0.165354 
vn 0.700787 0.464567 -0.543307 
vn 0.795276 0.283465 -0.543307 
vn 0.944882 0.0629921 -0.322835 
vn 0.716535 0.456693 -0.527559 
vn 0.23622 0.00787402 -0.968504 
vn 0.188976 0.0393701 -0.984252 
vn 0.692913 -0.299213 -0.653543 
vn 0.283465 -0.0393701 -0.96063 
vn 0.692913 -0.299213 -0.653543 
vn -0.519685 -0.299213 -0.80315 
vn 0.188976 0.0393701 -0.984252 
vn 0.23622 0.00787402 -0.968504 
vn -0.377953 -0.480315 -0.795276 
vn 0.692913 -0.299213 -0.653543 
vn 0.330709 -0.76378 -0.551181 
vn -0.259843 -0.582677 -0.771654 
vn 0.283465 -0.0393701 -0.96063 
vn 0.330709 -0.76378 -0.551181 
vn -0.692913 -0.700787 -0.15748 
vn -0.866142 -0.472441 -0.165354 
vn 0.0944882 -0.992126 -0.0629921 
vn -0.551181 -0.818898 -0.149606 
vn 0.0944882 -0.992126 -0.0629921 
vn 0.181102 -0.0314961 -0.984252 
vn 0.80315 -0.110236 -0.582677 
vn 0.96063 -0.267717 0.0787402 
vn 0.700787 -0.401575 0.590551 
vn -0.779528 -0.401575 0.488189 
vn -0.913386 -0.338583 -0.212598 
vn -0.527559 -0.165354 -0.834646 
vn 0.181102 -0.0314961 -0.984252 
vn 0.968504 0.228346 -0.0866142 
vn 0.976378 0.0629921 -0.19685 
vn 1 0.023622 0.0708661 
vn 0.976378 0.204724 0.00787402 
vn 0.96063 0.133858 0.244094 
vn 0.84252 0.496063 -0.220472 
vn 0.787402 0.566929 -0.23622 
vn 0.944882 0.299213 0.133858 
vn 0.283465 0.637795 -0.716535 
vn 0.338583 0.535433 -0.771654 
vn -0.188976 0.149606 -0.968504 
vn -0.19685 0.433071 -0.88189 
vn -0.314961 0.15748 -0.937008 
vn -0.472441 0.330709 -0.818898 
vn -0.826772 0.283465 -0.480315 
vn -0.96063 0.015748 -0.267717 
vn -0.976378 -0.110236 -0.173228 
vn -0.0944882 0.0708661 0.992126 
vn -0.811024 0.173228 0.559055 
vn -0.283465 -0.00787402 0.96063 
vn 0.826772 -0.503937 0.267717 
vn 0.76378 -0.165354 0.622047 
vn 0.472441 -0.307087 0.826772 
vn 0.606299 -0.724409 0.322835 
vn 0.732283 -0.653543 -0.173228 
vn -0.251969 -0.559055 -0.787402 
vn 0.228346 -0.23622 -0.944882 
vn -0.866142 -0.0787402 0.496063 
vn 0.708661 -0.362205 -0.606299 
vn 0.818898 -0.574803 -0.0314961 
vn 0.834646 -0.472441 0.291339 
vn 0.456693 -0.267717 0.850394 
vn 0.622047 -0.559055 -0.551181 
vn 0.795276 -0.228346 -0.566929 
vn 0.228346 -0.23622 -0.944882 
vn 0.614173 -0.787402 -0.102362 
vn 0.929134 -0.354331 -0.133858 
vn 0.503937 -0.338583 0.795276 
vn 0.76378 -0.598425 0.251969 
vn 0.771654 -0.629921 -0.0393701 
vn 0.771654 -0.629921 -0.00787402 
vn 0.645669 -0.76378 0 
vn -0.0629921 -0.929134 -0.362205 
vn 0.338583 -0.937008 0.0787402 
vn 0.716535 -0.692913 -0.110236 
vn -0.937008 -0.149606 0.314961 
vn -0.984252 0.149606 0.0393701 
vn -1 -0.0393701 0.0393701 
vn -0.0866142 0.251969 -0.96063 
vn -0.165354 0.543307 -0.826772 
vn -0.472441 0.346457 -0.811024 
vn -0.464567 0.181102 -0.866142 
vn -0.76378 0.188976 -0.622047 
vn -0.748031 0.267717 -0.606299 
vn -0.913386 0.23622 -0.330709 
vn -0.905512 0.212598 -0.362205 
vn -0.96063 0.149606 0.244094 
vn -0.976378 0.188976 -0.0551181 
vn -0.984252 0.188976 -0.015748 
vn -0.952756 0.149606 0.259843 
vn -0.80315 0.149606 0.574803 
vn -0.259843 0.228346 0.937008 
vn -0.299213 0.0551181 0.952756 
vn -0.80315 0.110236 0.582677 
vn 0.212598 0.291339 0.937008 
vn 0.464567 0.362205 0.811024 
vn 0.472441 -0.015748 0.88189 
vn 0.212598 0 0.976378 
vn 0.992126 -0.00787402 0.0944882 
vn 0.944882 0.338583 0.00787402 
vn 0.929134 0.370079 0 
vn 1 0.023622 -0.0551181 
vn 0.850394 0.527559 0.0708661 
vn 0.677165 0.716535 -0.165354 
vn 0.897638 0.354331 -0.251969 
vn 0.433071 0.362205 -0.826772 
vn 0.251969 0.76378 -0.598425 
vn 0.732283 -0.677165 -0.0866142 
vn 0.76378 -0.645669 -0.0629921 
vn -0.496063 0.141732 -0.858268 
vn 0.181102 -0.0551181 -0.984252 
vn 1 0.023622 -0.0551181 
vn 0.929134 0.370079 0 
vn 1 0.023622 0.0708661 
vn 0.976378 0.204724 0.00787402 
vn 0.889764 -0.362205 0.267717 
vn 0.80315 -0.417323 0.417323 
vn 0.96063 0.133858 0.244094 
vn 1 0.023622 0.0708661 
vn 0.598425 -0.795276 0.11811 
vn 0.732283 -0.677165 0.023622 
vn 0.905512 -0.425197 -0.0393701 
vn 0.897638 -0.433071 -0.0472441 
vn 0.92126 -0.377953 -0.0551181 
vn 0.897638 -0.377953 0.228346 
vn 0.937008 -0.354331 -0.015748 
vn 0.937008 -0.354331 0.0314961 
vn -0.251969 -0.559055 -0.787402 
vn 0.456693 -0.267717 0.850394 
vn 0.181102 -0.0551181 -0.984252 
vn 0.976378 0.0629921 -0.19685 
vn -0.952756 0.102362 0.291339 
vn -0.944882 0.149606 -0.283465 
vn 0.283465 0.0944882 0.952756 
vn 0.503937 -0.338583 0.795276 
vn 0.472441 -0.307087 0.826772 
vn 0.76378 -0.165354 0.622047 
vn 0.566929 0.204724 0.795276 
vn -0.913386 0.259843 0.307087 
vn -0.968504 0.23622 0.0314961 
vn -0.92126 0.385827 0.0314961 
vn -0.858268 0.401575 0.330709 
vn -0.889764 0.322835 0.322835 
vn -0.937008 0.362205 0.00787402 
vn -0.377953 0.141732 0.913386 
vn -0.724409 0.204724 0.653543 
vn 0.488189 -0.133858 0.858268 
vn 0.125984 0.023622 0.992126 
vn 0.0393701 -0.102362 -0.992126 
vn -0.464567 0.0393701 -0.88189 
vn -0.795276 0.15748 -0.582677 
vn -0.929134 0.204724 -0.299213 
vn -0.944882 0.15748 0.283465 
vn -0.976378 0.19685 -0.023622 
vn -0.787402 0.0708661 0.606299 
vn -0.385827 -0.102362 0.913386 
vn 0.125984 -0.275591 0.952756 
vn 0.409449 -0.362205 0.84252 
vn 0.866142 -0.456693 0.204724 
vn 0.889764 -0.464567 -0.023622 
vn 0.787402 -0.370079 -0.488189 
vn 0.496063 -0.228346 -0.84252 
vn 0.826772 -0.23622 -0.511811 
vn 0.787402 -0.370079 -0.488189 
vn 0.80315 -0.299213 -0.519685 
vn 0.771654 -0.370079 -0.519685 
vn 0.716535 -0.464567 -0.519685 
vn 0.456693 -0.740157 -0.496063 
vn -0.165354 -0.858268 -0.496063 
vn 0 -0.874016 -0.480315 
vn -0.700787 -0.622047 -0.354331 
vn -0.393701 -0.787402 -0.472441 
vn -0.244094 0.685039 0.685039 
vn -0.259843 0.685039 0.677165 
vn -0.574803 0.472441 0.669291 
vn -0.409449 0.614173 0.677165 
vn -0.685039 0.299213 0.661417 
vn -0.755906 0.141732 0.645669 
vn -0.724409 0.204724 0.653543 
vn -0.669291 0.330709 0.669291 
vn -0.724409 0.23622 0.645669 
vn -0.787402 0.0708661 0.606299 
vn -0.307087 -0.543307 0.779528 
vn -0.0314961 -0.559055 0.826772 
vn 0.574803 -0.464567 0.677165 
vn 0.338583 -0.535433 0.771654 
vn 0.748031 -0.299213 0.590551 
vn 0.795276 -0.244094 0.559055 
vn 0.795276 -0.228346 0.559055 
vn 0.787402 -0.204724 0.582677 
vn 0.76378 -0.291339 0.582677 
vn 0.724409 -0.440945 0.527559 
vn 0.818898 0.409449 0.409449 
vn 0.858268 0 0.511811 
vn 0.905512 0.275591 0.322835 
vn 0.992126 -0.015748 0.133858 
vn 0.992126 -0.015748 0.133858 
vn 0.464567 -0.275591 -0.84252 
vn -0.00787402 -0.15748 -0.984252 
vn 0.795276 -0.401575 -0.448819 
vn 0.88189 -0.472441 -0.0629921 
vn 0.795276 -0.401575 -0.448819 
vn 0.874016 -0.456693 0.141732 
vn 0.740157 -0.464567 0.480315 
vn 0.409449 -0.417323 0.811024 
vn 0.15748 -0.346457 0.92126 
vn -0.338583 -0.188976 0.92126 
vn -0.795276 0.00787402 0.598425 
vn -0.795276 0.00787402 0.598425 
vn -0.96063 0.110236 0.251969 
vn -0.984252 0.149606 -0.0551181 
vn -0.929134 0.149606 -0.338583 
vn -0.787402 0.0944882 -0.606299 
vn -0.464567 -0.023622 -0.88189 
vn 0.433071 0.362205 -0.826772 
vn -0.0866142 0.251969 -0.96063 
vn 0.897638 0.354331 -0.251969 
vn 1 0.023622 -0.0551181 
vn 0.897638 0.354331 -0.251969 
vn 0.992126 -0.00787402 0.0944882 
vn 0.858268 0 0.511811 
vn 0.472441 -0.015748 0.88189 
vn 0.212598 0 0.976378 
vn -0.299213 0.0551181 0.952756 
vn -0.80315 0.110236 0.582677 
vn -0.80315 0.110236 0.582677 
vn -0.96063 0.149606 0.244094 
vn -0.976378 0.188976 -0.0551181 
vn -0.905512 0.212598 -0.362205 
vn -0.76378 0.188976 -0.622047 
vn -0.464567 0.181102 -0.866142 
vn 0.220472 -0.826772 0.519685 
vn 0.0708661 -1 0.00787402 
vn 0.220472 -0.826772 -0.519685 
vn 0.574803 -0.401575 -0.708661 
vn 0.574803 -0.401575 -0.708661 
vn 0.574803 -0.401575 0.708661 
vn 0.574803 -0.401575 0.708661 
vn 0.740157 -0.464567 0.480315 
vn 0.858268 0 0.511811 
vn 0.724409 -0.440945 0.527559 
vn 0.76378 -0.291339 0.582677 
vn 0.787402 -0.204724 0.582677 
vn 0.795276 -0.228346 0.559055 
vn 0.795276 -0.244094 0.559055 
vn 0.748031 -0.299213 0.590551 
vn 0.574803 -0.464567 0.677165 
vn 0.338583 -0.535433 0.771654 
vn -0.0314961 -0.559055 0.826772 
vn -0.307087 -0.543307 0.779528 
vn 1 0 0 
vn 1 0 0 
vn 1 0 0 
vn 1 0 0 
vn 1 0 0 
vn 1 0 0 
vn 1 0 0 
vn 1 0 0 
vn 1 0 0 
vn 1 0 0 
vn 1 0 0 
vn 1 0 0 
vn 1 0 0 
vn 1 0 0 
vn 1 0 0 
vn 1 0 0 
vn 1 0 0 
vn 1 0 0 
vn 1 0 0 
vn 1 0 0 
vn 1 0 0 
vn 1 0 0 
vn 1 0 0 
vn 1 0 0 
vn 1 0 0 
vn 1 0 0 
vn 1 0 0 
vn 1 0 0 
vn 1 0 0 
vn 1 0 0 
vn 1 0 0 
vn 1 0 0 
vn 1 0 0 
vn 1 0 0 
vn 1 0 0 
vn 1 0 0 
vn 1 0 0 
vn 1 0 0 
vn 1 0 0 
vn 1 0 0 
vn 1 0 0 
vn 1 0 0 

vt 0.410357 0.81565 
vt 0.398397 0.81565 
vt 0.398397 0.786327 
vt 0.410357 0.786327 
vt 0.410357 0.842319 
vt 0.398397 0.842319 
vt 0.410357 0.936028 
vt 0.398397 0.875213 
vt 0.410357 0.875213 
vt 0.410357 0.974104 
vt 0.406583 0.971161 
vt 0.410357 0.530456 
vt 0.410357 0.564923 
vt 0.398397 0.564928 
vt 0.398397 0.530455 
vt 0.410357 0.593867 
vt 0.410357 0.627753 
vt 0.398397 0.627753 
vt 0.398397 0.593867 
vt 0.410357 0.656438 
vt 0.410357 0.690244 
vt 0.398397 0.690244 
vt 0.398397 0.656438 
vt 0.410357 0.721786 
vt 0.410357 0.756589 
vt 0.398397 0.756589 
vt 0.398397 0.721786 
vt 0.348035 0.81565 
vt 0.352397 0.81565 
vt 0.352397 0.842319 
vt 0.348035 0.842319 
vt 0.352397 0.948753 
vt 0.348035 0.948753 
vt 0.348035 0.875213 
vt 0.352397 0.875213 
vt 0.352397 0.969565 
vt 0.348035 0.969565 
vt 0.348035 0.756589 
vt 0.348035 0.721786 
vt 0.352397 0.721786 
vt 0.352397 0.756589 
vt 0.348035 0.786327 
vt 0.352397 0.786327 
vt 0.363538 0.81565 
vt 0.371852 0.81565 
vt 0.371852 0.842319 
vt 0.363538 0.842319 
vt 0.371852 0.948753 
vt 0.363538 0.948753 
vt 0.363538 0.875213 
vt 0.371852 0.875213 
vt 0.371852 0.969565 
vt 0.363538 0.969565 
vt 0.371852 0.530453 
vt 0.371852 0.564941 
vt 0.363538 0.564937 
vt 0.363538 0.530453 
vt 0.371852 0.593867 
vt 0.371852 0.627753 
vt 0.363538 0.627753 
vt 0.363538 0.593867 
vt 0.371852 0.656438 
vt 0.371852 0.690244 
vt 0.363538 0.690244 
vt 0.363538 0.656438 
vt 0.363538 0.756589 
vt 0.363538 0.721786 
vt 0.371852 0.721786 
vt 0.371852 0.756589 
vt 0.363538 0.786327 
vt 0.371852 0.786327 
vt 0.338468 0.81565 
vt 0.338468 0.842319 
vt 0.338468 0.875213 
vt 0.338468 0.948753 
vt 0.338468 0.969565 
vt 0.338468 0.564933 
vt 0.338468 0.530453 
vt 0.348035 0.530453 
vt 0.348035 0.564937 
vt 0.338468 0.627753 
vt 0.338468 0.593867 
vt 0.348035 0.593867 
vt 0.348035 0.627753 
vt 0.338468 0.721786 
vt 0.338468 0.756589 
vt 0.338468 0.786327 
vt 0.378926 0.81565 
vt 0.387309 0.81565 
vt 0.387309 0.842319 
vt 0.378926 0.842319 
vt 0.378926 0.948753 
vt 0.378926 0.875213 
vt 0.387309 0.875213 
vt 0.378926 0.969565 
vt 0.378926 0.564941 
vt 0.378926 0.530453 
vt 0.387309 0.530454 
vt 0.387309 0.564934 
vt 0.387309 0.593867 
vt 0.387309 0.627753 
vt 0.378926 0.627753 
vt 0.378926 0.593867 
vt 0.378926 0.690244 
vt 0.378926 0.656438 
vt 0.387309 0.656438 
vt 0.387309 0.690244 
vt 0.378926 0.756589 
vt 0.378926 0.721786 
vt 0.387309 0.721786 
vt 0.387309 0.756589 
vt 0.378926 0.786327 
vt 0.387309 0.786327 
vt 0.42898 0.071708 
vt 0.427238 0.076268 
vt 0.424348 0.073722 
vt 0.426165 0.069579 
vt 0.423988 0.066884 
vt 0.422262 0.07027 
vt 0.420341 0.066826 
vt 0.421699 0.064653 
vt 0.444442 0.094372 
vt 0.441936 0.091659 
vt 0.443762 0.09093 
vt 0.427802 0.066204 
vt 0.429771 0.067619 
vt 0.42329 0.062881 
vt 0.425593 0.064288 
vt 0.442924 0.096428 
vt 0.441574 0.094075 
vt 0.447069 0.104109 
vt 0.45056 0.103475 
vt 0.452031 0.106021 
vt 0.447364 0.106595 
vt 0.445854 0.097587 
vt 0.448093 0.100311 
vt 0.445573 0.101012 
vt 0.443616 0.09813 
vt 0.452714 0.101121 
vt 0.454476 0.103711 
vt 0.447082 0.096274 
vt 0.4495 0.098673 
vt 0.452963 0.096633 
vt 0.455989 0.098948 
vt 0.447373 0.094159 
vt 0.450142 0.095617 
vt 0.452694 0.092876 
vt 0.456302 0.093783 
vt 0.447295 0.092048 
vt 0.450107 0.092971 
vt 0.446153 0.092062 
vt 0.42046 0.079468 
vt 0.422412 0.077021 
vt 0.424895 0.080266 
vt 0.422365 0.085264 
vt 0.417359 0.071482 
vt 0.419048 0.069033 
vt 0.420514 0.073158 
vt 0.418642 0.075501 
vt 0.468439 0.040615 
vt 0.468637 0.034615 
vt 0.472129 0.035297 
vt 0.472043 0.040916 
vt 0.469244 0.028827 
vt 0.472296 0.029531 
vt 0.478421 0.151085 
vt 0.478374 0.154548 
vt 0.475302 0.152161 
vt 0.47723 0.134206 
vt 0.478278 0.139201 
vt 0.474837 0.13839 
vt 0.473822 0.133106 
vt 0.478579 0.14454 
vt 0.47531 0.143535 
vt 0.476348 0.148071 
vt 0.471255 0.138567 
vt 0.470039 0.133344 
vt 0.472811 0.143914 
vt 0.474054 0.147893 
vt 0.468983 0.141554 
vt 0.466658 0.13598 
vt 0.470815 0.145772 
vt 0.472381 0.149989 
vt 0.46644 0.145043 
vt 0.46427 0.13988 
vt 0.468897 0.149351 
vt 0.472449 0.153962 
vt 0.460321 0.038303 
vt 0.457171 0.03682 
vt 0.458257 0.031255 
vt 0.461523 0.03266 
vt 0.459686 0.026141 
vt 0.46253 0.027193 
vt 0.474102 0.156618 
vt 0.465212 0.033762 
vt 0.464591 0.039541 
vt 0.465987 0.027999 
vt 0.476583 0.156854 
vt 0.462654 0.136205 
vt 0.464472 0.132167 
vt 0.469158 0.129467 
vt 0.473783 0.12888 
vt 0.476432 0.13031 
vt 0.468054 0.045895 
vt 0.472892 0.045533 
vt 0.464185 0.044714 
vt 0.459345 0.043297 
vt 0.455531 0.041221 
vt 0.482175 0.049864 
vt 0.483543 0.046074 
vt 0.485986 0.047653 
vt 0.484647 0.051593 
vt 0.488462 0.040005 
vt 0.48724 0.044152 
vt 0.485083 0.042628 
vt 0.486697 0.038361 
vt 0.492092 0.130264 
vt 0.493344 0.132181 
vt 0.490364 0.132334 
vt 0.488073 0.123859 
vt 0.485816 0.125352 
vt 0.483281 0.12323 
vt 0.486226 0.121464 
vt 0.489881 0.129642 
vt 0.487621 0.127448 
vt 0.489722 0.126202 
vt 0.491765 0.12895 
vt 0.483715 0.127483 
vt 0.480651 0.125477 
vt 0.488273 0.130694 
vt 0.485998 0.129118 
vt 0.48279 0.13005 
vt 0.479492 0.128179 
vt 0.4878 0.132595 
vt 0.485174 0.13106 
vt 0.482302 0.133096 
vt 0.479189 0.13141 
vt 0.488123 0.13514 
vt 0.484952 0.133952 
vt 0.48924 0.134851 
vt 0.477598 0.044933 
vt 0.475554 0.042769 
vt 0.477653 0.039541 
vt 0.479591 0.041845 
vt 0.481331 0.033527 
vt 0.483085 0.034904 
vt 0.481106 0.038752 
vt 0.479302 0.036686 
vt 0.491349 0.135525 
vt 0.48148 0.043921 
vt 0.479819 0.047317 
vt 0.48494 0.036582 
vt 0.483038 0.040702 
vt 0.493004 0.134334 
vt 0.476424 0.126868 
vt 0.47806 0.123809 
vt 0.48098 0.121326 
vt 0.484643 0.119226 
vt 0.480894 0.053539 
vt 0.484081 0.055439 
vt 0.477895 0.050836 
vt 0.475345 0.048073 
vt 0.450672 0.038274 
vt 0.449113 0.033831 
vt 0.452065 0.03221 
vt 0.453679 0.036765 
vt 0.448894 0.023958 
vt 0.450512 0.02793 
vt 0.447944 0.029093 
vt 0.446519 0.024531 
vt 0.453779 0.154544 
vt 0.452282 0.15727 
vt 0.45112 0.153189 
vt 0.460203 0.139733 
vt 0.458699 0.144929 
vt 0.456478 0.14248 
vt 0.457898 0.13715 
vt 0.453671 0.151084 
vt 0.454837 0.146926 
vt 0.456627 0.149339 
vt 0.454896 0.153612 
vt 0.454116 0.141081 
vt 0.455563 0.136234 
vt 0.452235 0.149558 
vt 0.453032 0.14574 
vt 0.450978 0.141651 
vt 0.452496 0.136914 
vt 0.450039 0.149963 
vt 0.450866 0.145829 
vt 0.447718 0.142647 
vt 0.448719 0.138155 
vt 0.447825 0.151237 
vt 0.447814 0.146851 
vt 0.448315 0.152617 
vt 0.44425 0.041081 
vt 0.441079 0.042484 
vt 0.4401 0.037332 
vt 0.443362 0.036221 
vt 0.439061 0.02839 
vt 0.44138 0.02695 
vt 0.442359 0.031499 
vt 0.439525 0.032704 
vt 0.448327 0.155688 
vt 0.44626 0.035081 
vt 0.44741 0.039693 
vt 0.44395 0.025451 
vt 0.445186 0.030091 
vt 0.450015 0.157601 
vt 0.448729 0.134356 
vt 0.453015 0.132641 
vt 0.456888 0.131853 
vt 0.460442 0.132727 
vt 0.452401 0.042799 
vt 0.448588 0.044355 
vt 0.445091 0.045829 
vt 0.441894 0.047393 
vt 0.491851 0.096416 
vt 0.494066 0.094373 
vt 0.494855 0.098331 
vt 0.493196 0.100192 
vt 0.424687 0.08996 
vt 0.426912 0.08369 
vt 0.429628 0.087821 
vt 0.427819 0.093966 
vt 0.43278 0.083511 
vt 0.429677 0.078845 
vt 0.432503 0.073325 
vt 0.43742 0.078782 
vt 0.441447 0.068659 
vt 0.444095 0.075378 
vt 0.451788 0.067362 
vt 0.450874 0.053521 
vt 0.45616 0.052631 
vt 0.480485 0.073477 
vt 0.470174 0.070911 
vt 0.47915 0.063065 
vt 0.473329 0.102284 
vt 0.475144 0.097456 
vt 0.477588 0.102884 
vt 0.474506 0.105266 
vt 0.472928 0.122599 
vt 0.432504 0.069026 
vt 0.438805 0.065027 
vt 0.473546 0.058259 
vt 0.454283 0.126592 
vt 0.458012 0.125421 
vt 0.47896 0.117884 
vt 0.482669 0.114085 
vt 0.453914 0.116857 
vt 0.454026 0.120246 
vt 0.449235 0.117835 
vt 0.469288 0.107123 
vt 0.468688 0.099377 
vt 0.479832 0.108188 
vt 0.476931 0.110444 
vt 0.471156 0.116246 
vt 0.466223 0.115847 
vt 0.465934 0.106527 
vt 0.453061 0.109834 
vt 0.456178 0.107514 
vt 0.458146 0.116314 
vt 0.468515 0.05609 
vt 0.461109 0.067759 
vt 0.463005 0.054284 
vt 0.444066 0.089158 
vt 0.441455 0.084806 
vt 0.446662 0.08281 
vt 0.448043 0.088007 
vt 0.452096 0.087551 
vt 0.451876 0.081411 
vt 0.455697 0.081585 
vt 0.45565 0.087346 
vt 0.463196 0.088068 
vt 0.459205 0.087534 
vt 0.459594 0.081915 
vt 0.464045 0.082678 
vt 0.467351 0.08323 
vt 0.474053 0.085745 
vt 0.472528 0.091183 
vt 0.46644 0.088868 
vt 0.479674 0.089055 
vt 0.484043 0.092281 
vt 0.481735 0.096301 
vt 0.477972 0.09396 
vt 0.487331 0.101866 
vt 0.490051 0.098811 
vt 0.491561 0.102024 
vt 0.489006 0.10472 
vt 0.431047 0.096863 
vt 0.432929 0.091617 
vt 0.435494 0.097491 
vt 0.439054 0.092039 
vt 0.436368 0.08788 
vt 0.463183 0.126253 
vt 0.468097 0.125593 
vt 0.446023 0.054914 
vt 0.449009 0.127271 
vt 0.432544 0.10472 
vt 0.429338 0.103854 
vt 0.42527 0.102555 
vt 0.427318 0.103189 
vt 0.464214 0.099242 
vt 0.458926 0.100057 
vt 0.459392 0.092596 
vt 0.467204 0.092369 
vt 0.462362 0.108193 
vt 0.462551 0.118361 
vt 0.45825 0.119531 
vt 0.462752 0.121076 
vt 0.466848 0.119811 
vt 0.477511 0.113469 
vt 0.471762 0.118676 
vt 0.46621 0.100165 
vt 0.447225 0.109835 
vt 0.483945 0.063222 
vt 0.441188 0.056383 
vt 0.46926 0.093516 
vt 0.465968 0.069317 
vt 0.456254 0.067495 
vt 0.485016 0.081239 
vt 0.485801 0.071575 
vt 0.48871 0.077436 
vt 0.491191 0.083632 
vt 0.488042 0.087991 
vt 0.352397 0.656438 
vt 0.352397 0.690244 
vt 0.348035 0.690244 
vt 0.348035 0.656438 
vt 0.338468 0.656438 
vt 0.338468 0.690244 
vt 0.352397 0.593867 
vt 0.352397 0.627753 
vt 0.352397 0.530452 
vt 0.352397 0.564938 
vt 0.330033 0.81565 
vt 0.330033 0.786327 
vt 0.330033 0.756589 
vt 0.330033 0.721786 
vt 0.330033 0.656438 
vt 0.330033 0.690244 
vt 0.330033 0.627753 
vt 0.330033 0.593867 
vt 0.330033 0.564942 
vt 0.330033 0.530453 
vt 0.330033 0.969565 
vt 0.330033 0.948753 
vt 0.330033 0.875213 
vt 0.330033 0.842319 
vt 0.338468 0.875215 
vt 0.330033 0.875215 
vt 0.348035 0.875215 
vt 0.352397 0.875215 
vt 0.363538 0.875215 
vt 0.371852 0.875215 
vt 0.387309 0.875215 
vt 0.378926 0.875215 
vt 0.410357 0.875215 
vt 0.398397 0.875215 
vt 0.410357 0.627751 
vt 0.398397 0.627751 
vt 0.378926 0.627751 
vt 0.387309 0.627751 
vt 0.371852 0.627751 
vt 0.363538 0.627751 
vt 0.352397 0.627751 
vt 0.348035 0.627751 
vt 0.338468 0.627751 
vt 0.330033 0.627751 
vt 0.410357 0.501588 
vt 0.398397 0.501588 
vt 0.378926 0.501588 
vt 0.387309 0.501588 
vt 0.371852 0.501588 
vt 0.363538 0.501588 
vt 0.352397 0.501588 
vt 0.348035 0.501588 
vt 0.338468 0.501588 
vt 0.330033 0.501588 
vt 0.488195 0.095635 
vt 0.485204 0.098933 
vt 0.490278 0.092625 
vt 0.49301 0.090291 
vt 0.471628 0.094342 
vt 0.321382 0.842319 
vt 0.321382 0.81565 
vt 0.321382 0.875215 
vt 0.321382 0.948753 
vt 0.321382 0.875213 
vt 0.321382 0.969565 
vt 0.321382 0.501588 
vt 0.321382 0.530453 
vt 0.321382 0.564951 
vt 0.321382 0.593867 
vt 0.321382 0.627753 
vt 0.321382 0.627751 
vt 0.321382 0.656438 
vt 0.321382 0.690244 
vt 0.321382 0.721786 
vt 0.321382 0.756589 
vt 0.321382 0.786327 
vt 0.316041 0.842319 
vt 0.316041 0.81565 
vt 0.316041 0.875215 
vt 0.316041 0.948753 
vt 0.316041 0.875213 
vt 0.316041 0.969565 
vt 0.316041 0.501588 
vt 0.316041 0.530453 
vt 0.316041 0.564957 
vt 0.316041 0.593867 
vt 0.316041 0.627753 
vt 0.316041 0.627751 
vt 0.316041 0.656438 
vt 0.316041 0.690244 
vt 0.316041 0.721786 
vt 0.316041 0.756589 
vt 0.316041 0.786327 
vt 0.469595 0.023604 
vt 0.466745 0.022594 
vt 0.463844 0.02206 
vt 0.461136 0.021697 
vt 0.471325 0.1532 
vt 0.478828 0.149521 
vt 0.4722 0.024762 
vt 0.321382 0.998217 
vt 0.316041 0.998217 
vt 0.330033 0.998217 
vt 0.338468 0.998217 
vt 0.348035 0.998217 
vt 0.352397 0.998217 
vt 0.363538 0.998217 
vt 0.371852 0.998217 
vt 0.378926 0.998217 
vt 0.387309 0.998217 
vt 0.398397 0.998217 
vt 0.410357 0.998217 
vt 0.67278 0.235197 
vt 0.68566 0.298186 
vt 0.662678 0.235197 
vt 0.662678 0.235197 
vt 0.68566 0.298186 
vt 0.662678 0.307079 
vt 0.662678 0.358579 
vt 0.68566 0.298186 
vt 0.672946 0.358579 
vt 0.679265 0.358579 
vt 0.68566 0.298186 
vt 0.686108 0.358579 
vt 0.695749 0.358579 
vt 0.68566 0.298186 
vt 0.709161 0.358579 
vt 0.709161 0.320402 
vt 0.68566 0.298186 
vt 0.709161 0.296131 
vt 0.709161 0.275758 
vt 0.709161 0.235197 
vt 0.69296 0.235197 
vt 0.68566 0.298186 
vt 0.684411 0.235197 
vt 0.686108 0.358579 
vt 0.684411 0.235197 
vt 0.68566 0.298186 
vt 0.67278 0.235197 
vt 0.709161 0.358579 
vt 0.68566 0.298186 
vt 0.709161 0.320402 
vt 0.709161 0.296131 
vt 0.68566 0.298186 
vt 0.709161 0.275758 
vt 0.672946 0.358579 
vt 0.68566 0.298186 
vt 0.679265 0.358579 
vt 0.709161 0.235197 
vt 0.68566 0.298186 
vt 0.69296 0.235197 
vt 0.662678 0.307079 
vt 0.68566 0.298186 
vt 0.662678 0.358579 

usemtl Handle1Mtl

f 3250/3250/3250 3251/3251/3251 3252/3252/3252 
f 3252/3252/3252 3253/3253/3253 3250/3250/3250 
f 3250/3250/3250 3254/3254/3254 3255/3255/3255 
f 3255/3255/3255 3251/3251/3251 3250/3250/3250 
f 3256/3256/3256 3257/3257/3257 3258/3258/3258 
f 3259/3259/3259 3260/3260/3260 3256/3256/3256 
f 3261/3261/3261 3262/3262/3262 3263/3263/3263 
f 3263/3263/3263 3264/3264/3264 3261/3261/3261 
f 3265/3265/3265 3266/3266/3266 3267/3267/3267 
f 3267/3267/3267 3268/3268/3268 3265/3265/3265 
f 3269/3269/3269 3270/3270/3270 3271/3271/3271 
f 3271/3271/3271 3272/3272/3272 3269/3269/3269 
f 3273/3273/3273 3274/3274/3274 3275/3275/3275 
f 3275/3275/3275 3276/3276/3276 3273/3273/3273 
f 3277/3277/3277 3278/3278/3278 3279/3279/3279 
f 3279/3279/3279 3280/3280/3280 3277/3277/3277 
f 3281/3281/3281 3282/3282/3282 3283/3283/3283 
f 3283/3283/3283 3284/3284/3284 3281/3281/3281 
f 3285/3285/3285 3286/3286/3286 3282/3282/3282 
f 3282/3282/3282 3281/3281/3281 3285/3285/3285 
f 3287/3287/3287 3288/3288/3288 3289/3289/3289 
f 3289/3289/3289 3290/3290/3290 3287/3287/3287 
f 3291/3291/3291 3292/3292/3292 3278/3278/3278 
f 3278/3278/3278 3277/3277/3277 3291/3291/3291 
f 3293/3293/3293 3294/3294/3294 3295/3295/3295 
f 3295/3295/3295 3296/3296/3296 3293/3293/3293 
f 3297/3297/3297 3298/3298/3298 3299/3299/3299 
f 3299/3299/3299 3300/3300/3300 3297/3297/3297 
f 3301/3301/3301 3302/3302/3302 3298/3298/3298 
f 3298/3298/3298 3297/3297/3297 3301/3301/3301 
f 3303/3303/3303 3304/3304/3304 3305/3305/3305 
f 3305/3305/3305 3306/3306/3306 3303/3303/3303 
f 3307/3307/3307 3308/3308/3308 3309/3309/3309 
f 3309/3309/3309 3310/3310/3310 3307/3307/3307 
f 3311/3311/3311 3312/3312/3312 3313/3313/3313 
f 3313/3313/3313 3314/3314/3314 3311/3311/3311 
f 3315/3315/3315 3316/3316/3316 3317/3317/3317 
f 3317/3317/3317 3318/3318/3318 3315/3315/3315 
f 3319/3319/3319 3320/3320/3320 3294/3294/3294 
f 3294/3294/3294 3293/3293/3293 3319/3319/3319 
f 3321/3321/3321 3277/3277/3277 3280/3280/3280 
f 3280/3280/3280 3322/3322/3322 3321/3321/3321 
f 3323/3323/3323 3283/3283/3283 3282/3282/3282 
f 3282/3282/3282 3324/3324/3324 3323/3323/3323 
f 3325/3325/3325 3324/3324/3324 3282/3282/3282 
f 3282/3282/3282 3286/3286/3286 3325/3325/3325 
f 3326/3326/3326 3327/3327/3327 3328/3328/3328 
f 3328/3328/3328 3329/3329/3329 3326/3326/3326 
f 3330/3330/3330 3331/3331/3331 3332/3332/3332 
f 3332/3332/3332 3333/3333/3333 3330/3330/3330 
f 3334/3334/3334 3288/3288/3288 3287/3287/3287 
f 3287/3287/3287 3335/3335/3335 3334/3334/3334 
f 3321/3321/3321 3336/3336/3336 3291/3291/3291 
f 3291/3291/3291 3277/3277/3277 3321/3321/3321 
f 3337/3337/3337 3338/3338/3338 3339/3339/3339 
f 3339/3339/3339 3340/3340/3340 3337/3337/3337 
f 3256/3256/3256 3341/3341/3341 3342/3342/3342 
f 3342/3342/3342 3343/3343/3343 3256/3256/3256 
f 3344/3344/3344 3341/3341/3341 3256/3256/3256 
f 3256/3256/3256 3260/3260/3260 3344/3344/3344 
f 3345/3345/3345 3346/3346/3346 3347/3347/3347 
f 3347/3347/3347 3348/3348/3348 3345/3345/3345 
f 3349/3349/3349 3350/3350/3350 3351/3351/3351 
f 3351/3351/3351 3352/3352/3352 3349/3349/3349 
f 3353/3353/3353 3354/3354/3354 3355/3355/3355 
f 3355/3355/3355 3356/3356/3356 3353/3353/3353 
f 3357/3357/3357 3358/3358/3358 3359/3359/3359 
f 3359/3359/3359 3360/3360/3360 3357/3357/3357 
f 3361/3361/3361 3362/3362/3362 3338/3338/3338 
f 3338/3338/3338 3337/3337/3337 3361/3361/3361 
f 3363/3363/3363 3364/3364/3364 3365/3365/3365 
f 3365/3365/3365 3366/3366/3366 3363/3363/3363 
f 3367/3367/3367 3368/3368/3368 3369/3369/3369 
f 3369/3369/3369 3370/3370/3370 3367/3367/3367 
f 3371/3371/3371 3372/3372/3372 3373/3373/3373 
f 3366/3366/3366 3374/3374/3374 3375/3375/3375 
f 3375/3375/3375 3363/3363/3363 3366/3366/3366 
f 3376/3376/3376 3377/3377/3377 3367/3367/3367 
f 3367/3367/3367 3370/3370/3370 3376/3376/3376 
f 3378/3378/3378 3379/3379/3379 3371/3371/3371 
f 3380/3380/3380 3381/3381/3381 3382/3382/3382 
f 3382/3382/3382 3383/3383/3383 3380/3380/3380 
f 3384/3384/3384 3385/3385/3385 3386/3386/3386 
f 3386/3386/3386 3387/3387/3387 3384/3384/3384 
f 3384/3384/3384 3378/3378/3378 3371/3371/3371 
f 3381/3381/3381 3388/3388/3388 3389/3389/3389 
f 3389/3389/3389 3382/3382/3382 3381/3381/3381 
f 3384/3384/3384 3390/3390/3390 3391/3391/3391 
f 3391/3391/3391 3385/3385/3385 3384/3384/3384 
f 3390/3390/3390 3384/3384/3384 3371/3371/3371 
f 3388/3388/3388 3392/3392/3392 3393/3393/3393 
f 3393/3393/3393 3389/3389/3389 3388/3388/3388 
f 3394/3394/3394 3395/3395/3395 3391/3391/3391 
f 3391/3391/3391 3390/3390/3390 3394/3394/3394 
f 3394/3394/3394 3390/3390/3390 3371/3371/3371 
f 3392/3392/3392 3396/3396/3396 3397/3397/3397 
f 3397/3397/3397 3393/3393/3393 3392/3392/3392 
f 3395/3395/3395 3394/3394/3394 3398/3398/3398 
f 3398/3398/3398 3399/3399/3399 3395/3395/3395 
f 3400/3400/3400 3394/3394/3394 3371/3371/3371 
f 3401/3401/3401 3402/3402/3402 3403/3403/3403 
f 3403/3403/3403 3404/3404/3404 3401/3401/3401 
f 3405/3405/3405 3406/3406/3406 3407/3407/3407 
f 3407/3407/3407 3408/3408/3408 3405/3405/3405 
f 3373/3373/3373 3400/3400/3400 3371/3371/3371 
f 3409/3409/3409 3410/3410/3410 3411/3411/3411 
f 3411/3411/3411 3412/3412/3412 3409/3409/3409 
f 3411/3411/3411 3410/3410/3410 3413/3413/3413 
f 3413/3413/3413 3414/3414/3414 3411/3411/3411 
f 3415/3415/3415 3416/3416/3416 3417/3417/3417 
f 3418/3418/3418 3419/3419/3419 3420/3420/3420 
f 3420/3420/3420 3421/3421/3421 3418/3418/3418 
f 3422/3422/3422 3423/3423/3423 3420/3420/3420 
f 3420/3420/3420 3419/3419/3419 3422/3422/3422 
f 3424/3424/3424 3415/3415/3415 3417/3417/3417 
f 3421/3421/3421 3420/3420/3420 3425/3425/3425 
f 3425/3425/3425 3426/3426/3426 3421/3421/3421 
f 3423/3423/3423 3427/3427/3427 3425/3425/3425 
f 3425/3425/3425 3420/3420/3420 3423/3423/3423 
f 3428/3428/3428 3424/3424/3424 3417/3417/3417 
f 3425/3425/3425 3429/3429/3429 3430/3430/3430 
f 3430/3430/3430 3426/3426/3426 3425/3425/3425 
f 3431/3431/3431 3429/3429/3429 3425/3425/3425 
f 3425/3425/3425 3427/3427/3427 3431/3431/3431 
f 3432/3432/3432 3428/3428/3428 3417/3417/3417 
f 3429/3429/3429 3433/3433/3433 3434/3434/3434 
f 3434/3434/3434 3430/3430/3430 3429/3429/3429 
f 3435/3435/3435 3433/3433/3433 3429/3429/3429 
f 3429/3429/3429 3431/3431/3431 3435/3435/3435 
f 3436/3436/3436 3432/3432/3432 3417/3417/3417 
f 3437/3437/3437 3438/3438/3438 3439/3439/3439 
f 3439/3439/3439 3440/3440/3440 3437/3437/3437 
f 3439/3439/3439 3441/3441/3441 3442/3442/3442 
f 3442/3442/3442 3440/3440/3440 3439/3439/3439 
f 3443/3443/3443 3436/3436/3436 3417/3417/3417 
f 3440/3440/3440 3444/3444/3444 3445/3445/3445 
f 3445/3445/3445 3437/3437/3437 3440/3440/3440 
f 3446/3446/3446 3444/3444/3444 3440/3440/3440 
f 3440/3440/3440 3442/3442/3442 3446/3446/3446 
f 3447/3447/3447 3443/3443/3443 3417/3417/3417 
f 3445/3445/3445 3444/3444/3444 3410/3410/3410 
f 3410/3410/3410 3409/3409/3409 3445/3445/3445 
f 3446/3446/3446 3413/3413/3413 3410/3410/3410 
f 3410/3410/3410 3444/3444/3444 3446/3446/3446 
f 3417/3417/3417 3416/3416/3416 3447/3447/3447 
f 3430/3430/3430 3434/3434/3434 3448/3448/3448 
f 3448/3448/3448 3449/3449/3449 3430/3430/3430 
f 3426/3426/3426 3430/3430/3430 3449/3449/3449 
f 3449/3449/3449 3450/3450/3450 3426/3426/3426 
f 3451/3451/3451 3421/3421/3421 3426/3426/3426 
f 3426/3426/3426 3450/3450/3450 3451/3451/3451 
f 3452/3452/3452 3418/3418/3418 3421/3421/3421 
f 3421/3421/3421 3451/3451/3451 3452/3452/3452 
f 3453/3453/3453 3409/3409/3409 3412/3412/3412 
f 3412/3412/3412 3454/3454/3454 3453/3453/3453 
f 3455/3455/3455 3445/3445/3445 3409/3409/3409 
f 3409/3409/3409 3453/3453/3453 3455/3455/3455 
f 3437/3437/3437 3445/3445/3445 3455/3455/3455 
f 3455/3455/3455 3456/3456/3456 3437/3437/3437 
f 3438/3438/3438 3437/3437/3437 3456/3456/3456 
f 3456/3456/3456 3457/3457/3457 3438/3438/3438 
f 3458/3458/3458 3459/3459/3459 3460/3460/3460 
f 3460/3460/3460 3461/3461/3461 3458/3458/3458 
f 3462/3462/3462 3463/3463/3463 3464/3464/3464 
f 3464/3464/3464 3465/3465/3465 3462/3462/3462 
f 3466/3466/3466 3467/3467/3467 3468/3468/3468 
f 3469/3469/3469 3470/3470/3470 3471/3471/3471 
f 3471/3471/3471 3472/3472/3472 3469/3469/3469 
f 3473/3473/3473 3474/3474/3474 3475/3475/3475 
f 3475/3475/3475 3476/3476/3476 3473/3473/3473 
f 3473/3473/3473 3466/3466/3466 3468/3468/3468 
f 3470/3470/3470 3477/3477/3477 3478/3478/3478 
f 3478/3478/3478 3471/3471/3471 3470/3470/3470 
f 3479/3479/3479 3480/3480/3480 3474/3474/3474 
f 3474/3474/3474 3473/3473/3473 3479/3479/3479 
f 3479/3479/3479 3473/3473/3473 3468/3468/3468 
f 3477/3477/3477 3481/3481/3481 3482/3482/3482 
f 3482/3482/3482 3478/3478/3478 3477/3477/3477 
f 3479/3479/3479 3483/3483/3483 3484/3484/3484 
f 3484/3484/3484 3480/3480/3480 3479/3479/3479 
f 3483/3483/3483 3479/3479/3479 3468/3468/3468 
f 3481/3481/3481 3485/3485/3485 3486/3486/3486 
f 3486/3486/3486 3482/3482/3482 3481/3481/3481 
f 3483/3483/3483 3487/3487/3487 3488/3488/3488 
f 3488/3488/3488 3484/3484/3484 3483/3483/3483 
f 3489/3489/3489 3483/3483/3483 3468/3468/3468 
f 3490/3490/3490 3491/3491/3491 3492/3492/3492 
f 3492/3492/3492 3493/3493/3493 3490/3490/3490 
f 3494/3494/3494 3495/3495/3495 3496/3496/3496 
f 3496/3496/3496 3497/3497/3497 3494/3494/3494 
f 3498/3498/3498 3489/3489/3489 3468/3468/3468 
f 3490/3490/3490 3493/3493/3493 3499/3499/3499 
f 3499/3499/3499 3500/3500/3500 3490/3490/3490 
f 3501/3501/3501 3502/3502/3502 3496/3496/3496 
f 3496/3496/3496 3495/3495/3495 3501/3501/3501 
f 3503/3503/3503 3498/3498/3498 3468/3468/3468 
f 3500/3500/3500 3499/3499/3499 3459/3459/3459 
f 3459/3459/3459 3458/3458/3458 3500/3500/3500 
f 3465/3465/3465 3464/3464/3464 3502/3502/3502 
f 3502/3502/3502 3501/3501/3501 3465/3465/3465 
f 3468/3468/3468 3467/3467/3467 3503/3503/3503 
f 3482/3482/3482 3486/3486/3486 3452/3452/3452 
f 3452/3452/3452 3504/3504/3504 3482/3482/3482 
f 3478/3478/3478 3482/3482/3482 3504/3504/3504 
f 3504/3504/3504 3505/3505/3505 3478/3478/3478 
f 3506/3506/3506 3471/3471/3471 3478/3478/3478 
f 3478/3478/3478 3505/3505/3505 3506/3506/3506 
f 3507/3507/3507 3472/3472/3472 3471/3471/3471 
f 3471/3471/3471 3506/3506/3506 3507/3507/3507 
f 3508/3508/3508 3458/3458/3458 3461/3461/3461 
f 3461/3461/3461 3509/3509/3509 3508/3508/3508 
f 3510/3510/3510 3500/3500/3500 3458/3458/3458 
f 3458/3458/3458 3508/3508/3508 3510/3510/3510 
f 3490/3490/3490 3500/3500/3500 3510/3510/3510 
f 3510/3510/3510 3511/3511/3511 3490/3490/3490 
f 3491/3491/3491 3490/3490/3490 3511/3511/3511 
f 3511/3511/3511 3454/3454/3454 3491/3491/3491 
f 3512/3512/3512 3513/3513/3513 3514/3514/3514 
f 3514/3514/3514 3515/3515/3515 3512/3512/3512 
f 3516/3516/3516 3517/3517/3517 3518/3518/3518 
f 3518/3518/3518 3519/3519/3519 3516/3516/3516 
f 3520/3520/3520 3521/3521/3521 3522/3522/3522 
f 3523/3523/3523 3524/3524/3524 3525/3525/3525 
f 3525/3525/3525 3526/3526/3526 3523/3523/3523 
f 3527/3527/3527 3528/3528/3528 3529/3529/3529 
f 3529/3529/3529 3530/3530/3530 3527/3527/3527 
f 3527/3527/3527 3520/3520/3520 3522/3522/3522 
f 3526/3526/3526 3525/3525/3525 3531/3531/3531 
f 3531/3531/3531 3532/3532/3532 3526/3526/3526 
f 3533/3533/3533 3534/3534/3534 3528/3528/3528 
f 3528/3528/3528 3527/3527/3527 3533/3533/3533 
f 3533/3533/3533 3527/3527/3527 3522/3522/3522 
f 3531/3531/3531 3535/3535/3535 3536/3536/3536 
f 3536/3536/3536 3532/3532/3532 3531/3531/3531 
f 3533/3533/3533 3537/3537/3537 3538/3538/3538 
f 3538/3538/3538 3534/3534/3534 3533/3533/3533 
f 3537/3537/3537 3533/3533/3533 3522/3522/3522 
f 3535/3535/3535 3539/3539/3539 3540/3540/3540 
f 3540/3540/3540 3536/3536/3536 3535/3535/3535 
f 3537/3537/3537 3541/3541/3541 3542/3542/3542 
f 3542/3542/3542 3538/3538/3538 3537/3537/3537 
f 3543/3543/3543 3537/3537/3537 3522/3522/3522 
f 3544/3544/3544 3545/3545/3545 3546/3546/3546 
f 3546/3546/3546 3547/3547/3547 3544/3544/3544 
f 3548/3548/3548 3549/3549/3549 3550/3550/3550 
f 3550/3550/3550 3551/3551/3551 3548/3548/3548 
f 3552/3552/3552 3543/3543/3543 3522/3522/3522 
f 3547/3547/3547 3553/3553/3553 3554/3554/3554 
f 3554/3554/3554 3544/3544/3544 3547/3547/3547 
f 3549/3549/3549 3555/3555/3555 3556/3556/3556 
f 3556/3556/3556 3550/3550/3550 3549/3549/3549 
f 3557/3557/3557 3552/3552/3552 3522/3522/3522 
f 3554/3554/3554 3553/3553/3553 3513/3513/3513 
f 3513/3513/3513 3512/3512/3512 3554/3554/3554 
f 3519/3519/3519 3518/3518/3518 3556/3556/3556 
f 3556/3556/3556 3555/3555/3555 3519/3519/3519 
f 3521/3521/3521 3557/3557/3557 3522/3522/3522 
f 3536/3536/3536 3540/3540/3540 3558/3558/3558 
f 3558/3558/3558 3559/3559/3559 3536/3536/3536 
f 3532/3532/3532 3536/3536/3536 3559/3559/3559 
f 3559/3559/3559 3560/3560/3560 3532/3532/3532 
f 3561/3561/3561 3526/3526/3526 3532/3532/3532 
f 3532/3532/3532 3560/3560/3560 3561/3561/3561 
f 3448/3448/3448 3523/3523/3523 3526/3526/3526 
f 3526/3526/3526 3561/3561/3561 3448/3448/3448 
f 3562/3562/3562 3512/3512/3512 3515/3515/3515 
f 3515/3515/3515 3457/3457/3457 3562/3562/3562 
f 3563/3563/3563 3554/3554/3554 3512/3512/3512 
f 3512/3512/3512 3562/3562/3562 3563/3563/3563 
f 3544/3544/3544 3554/3554/3554 3563/3563/3563 
f 3563/3563/3563 3564/3564/3564 3544/3544/3544 
f 3545/3545/3545 3544/3544/3544 3564/3564/3564 
f 3564/3564/3564 3565/3565/3565 3545/3545/3545 
f 3566/3566/3566 3567/3567/3567 3568/3568/3568 
f 3568/3568/3568 3569/3569/3569 3566/3566/3566 
f 3570/3570/3570 3571/3571/3571 3572/3572/3572 
f 3572/3572/3572 3573/3573/3573 3570/3570/3570 
f 3574/3574/3574 3575/3575/3575 3576/3576/3576 
f 3576/3576/3576 3577/3577/3577 3574/3574/3574 
f 3578/3578/3578 3579/3579/3579 3577/3577/3577 
f 3577/3577/3577 3576/3576/3576 3578/3578/3578 
f 3580/3580/3580 3581/3581/3581 3582/3582/3582 
f 3583/3583/3583 3584/3584/3584 3585/3585/3585 
f 3586/3586/3586 3587/3587/3587 3588/3588/3588 
f 3588/3588/3588 3589/3589/3589 3586/3586/3586 
f 3504/3504/3504 3452/3452/3452 3590/3590/3590 
f 3578/3578/3578 3576/3576/3576 3591/3591/3591 
f 3591/3591/3591 3592/3592/3592 3578/3578/3578 
f 3508/3508/3508 3585/3585/3585 3593/3593/3593 
f 3593/3593/3593 3510/3510/3510 3508/3508/3508 
f 3594/3594/3594 3595/3595/3595 3560/3560/3560 
f 3560/3560/3560 3559/3559/3559 3594/3594/3594 
f 3596/3596/3596 3597/3597/3597 3507/3507/3507 
f 3507/3507/3507 3506/3506/3506 3596/3596/3596 
f 3598/3598/3598 3599/3599/3599 3600/3600/3600 
f 3601/3601/3601 3602/3602/3602 3586/3586/3586 
f 3586/3586/3586 3589/3589/3589 3601/3601/3601 
f 3588/3588/3588 3603/3603/3603 3604/3604/3604 
f 3604/3604/3604 3589/3589/3589 3588/3588/3588 
f 3601/3601/3601 3605/3605/3605 3606/3606/3606 
f 3606/3606/3606 3607/3607/3607 3601/3601/3601 
f 3608/3608/3608 3609/3609/3609 3610/3610/3610 
f 3610/3610/3610 3598/3598/3598 3608/3608/3608 
f 3611/3611/3611 3612/3612/3612 3613/3613/3613 
f 3511/3511/3511 3510/3510/3510 3593/3593/3593 
f 3593/3593/3593 3611/3611/3611 3511/3511/3511 
f 3451/3451/3451 3590/3590/3590 3452/3452/3452 
f 3614/3614/3614 3615/3615/3615 3616/3616/3616 
f 3616/3616/3616 3617/3617/3617 3614/3614/3614 
f 3618/3618/3618 3619/3619/3619 3620/3620/3620 
f 3620/3620/3620 3621/3621/3621 3618/3618/3618 
f 3622/3622/3622 3623/3623/3623 3624/3624/3624 
f 3624/3624/3624 3625/3625/3625 3622/3622/3622 
f 3626/3626/3626 3627/3627/3627 3628/3628/3628 
f 3628/3628/3628 3629/3629/3629 3626/3626/3626 
f 3630/3630/3630 3631/3631/3631 3632/3632/3632 
f 3632/3632/3632 3633/3633/3633 3630/3630/3630 
f 3634/3634/3634 3635/3635/3635 3636/3636/3636 
f 3636/3636/3636 3637/3637/3637 3634/3634/3634 
f 3638/3638/3638 3639/3639/3639 3640/3640/3640 
f 3641/3641/3641 3642/3642/3642 3615/3615/3615 
f 3615/3615/3615 3614/3614/3614 3641/3641/3641 
f 3562/3562/3562 3582/3582/3582 3581/3581/3581 
f 3581/3581/3581 3563/3563/3563 3562/3562/3562 
f 3643/3643/3643 3644/3644/3644 3450/3450/3450 
f 3450/3450/3450 3449/3449/3449 3643/3643/3643 
f 3564/3564/3564 3563/3563/3563 3581/3581/3581 
f 3581/3581/3581 3645/3645/3645 3564/3564/3564 
f 3559/3559/3559 3558/3558/3558 3646/3646/3646 
f 3646/3646/3646 3594/3594/3594 3559/3559/3559 
f 3456/3456/3456 3455/3455/3455 3613/3613/3613 
f 3613/3613/3613 3582/3582/3582 3456/3456/3456 
f 3453/3453/3453 3454/3454/3454 3611/3611/3611 
f 3638/3638/3638 3640/3640/3640 3647/3647/3647 
f 3647/3647/3647 3648/3648/3648 3638/3638/3638 
f 3649/3649/3649 3570/3570/3570 3573/3573/3573 
f 3573/3573/3573 3650/3650/3650 3649/3649/3649 
f 3651/3651/3651 3652/3652/3652 3653/3653/3653 
f 3653/3653/3653 3654/3654/3654 3651/3651/3651 
f 3652/3652/3652 3651/3651/3651 3655/3655/3655 
f 3655/3655/3655 3609/3609/3609 3652/3652/3652 
f 3655/3655/3655 3656/3656/3656 3610/3610/3610 
f 3610/3610/3610 3609/3609/3609 3655/3655/3655 
f 3595/3595/3595 3643/3643/3643 3561/3561/3561 
f 3561/3561/3561 3560/3560/3560 3595/3595/3595 
f 3598/3598/3598 3610/3610/3610 3657/3657/3657 
f 3657/3657/3657 3599/3599/3599 3598/3598/3598 
f 3657/3657/3657 3610/3610/3610 3656/3656/3656 
f 3656/3656/3656 3658/3658/3658 3657/3657/3657 
f 3659/3659/3659 3658/3658/3658 3656/3656/3656 
f 3656/3656/3656 3606/3606/3606 3659/3659/3659 
f 3660/3660/3660 3661/3661/3661 3605/3605/3605 
f 3605/3605/3605 3604/3604/3604 3660/3660/3660 
f 3603/3603/3603 3660/3660/3660 3604/3604/3604 
f 3607/3607/3607 3662/3662/3662 3602/3602/3602 
f 3602/3602/3602 3601/3601/3601 3607/3607/3607 
f 3601/3601/3601 3589/3589/3589 3604/3604/3604 
f 3604/3604/3604 3605/3605/3605 3601/3601/3601 
f 3655/3655/3655 3607/3607/3607 3606/3606/3606 
f 3606/3606/3606 3656/3656/3656 3655/3655/3655 
f 3651/3651/3651 3662/3662/3662 3607/3607/3607 
f 3607/3607/3607 3655/3655/3655 3651/3651/3651 
f 3659/3659/3659 3606/3606/3606 3605/3605/3605 
f 3605/3605/3605 3661/3661/3661 3659/3659/3659 
f 3582/3582/3582 3562/3562/3562 3457/3457/3457 
f 3457/3457/3457 3456/3456/3456 3582/3582/3582 
f 3453/3453/3453 3611/3611/3611 3613/3613/3613 
f 3613/3613/3613 3455/3455/3455 3453/3453/3453 
f 3454/3454/3454 3511/3511/3511 3611/3611/3611 
f 3608/3608/3608 3598/3598/3598 3600/3600/3600 
f 3600/3600/3600 3663/3663/3663 3608/3608/3608 
f 3581/3581/3581 3580/3580/3580 3645/3645/3645 
f 3578/3578/3578 3645/3645/3645 3580/3580/3580 
f 3580/3580/3580 3579/3579/3579 3578/3578/3578 
f 3561/3561/3561 3643/3643/3643 3448/3448/3448 
f 3449/3449/3449 3448/3448/3448 3643/3643/3643 
f 3451/3451/3451 3450/3450/3450 3644/3644/3644 
f 3644/3644/3644 3590/3590/3590 3451/3451/3451 
f 3505/3505/3505 3590/3590/3590 3596/3596/3596 
f 3596/3596/3596 3506/3506/3506 3505/3505/3505 
f 3505/3505/3505 3504/3504/3504 3590/3590/3590 
f 3585/3585/3585 3508/3508/3508 3509/3509/3509 
f 3509/3509/3509 3664/3664/3664 3585/3585/3585 
f 3645/3645/3645 3665/3665/3665 3565/3565/3565 
f 3565/3565/3565 3564/3564/3564 3645/3645/3645 
f 3654/3654/3654 3662/3662/3662 3651/3651/3651 
f 3666/3666/3666 3602/3602/3602 3662/3662/3662 
f 3662/3662/3662 3654/3654/3654 3666/3666/3666 
f 3584/3584/3584 3593/3593/3593 3585/3585/3585 
f 3611/3611/3611 3593/3593/3593 3584/3584/3584 
f 3611/3611/3611 3667/3667/3667 3612/3612/3612 
f 3612/3612/3612 3582/3582/3582 3613/3613/3613 
f 3580/3580/3580 3582/3582/3582 3668/3668/3668 
f 3669/3669/3669 3583/3583/3583 3670/3670/3670 
f 3670/3670/3670 3671/3671/3671 3669/3669/3669 
f 3669/3669/3669 3671/3671/3671 3672/3672/3672 
f 3672/3672/3672 3673/3673/3673 3669/3669/3669 
f 3674/3674/3674 3675/3675/3675 3676/3676/3676 
f 3676/3676/3676 3677/3677/3677 3674/3674/3674 
f 3678/3678/3678 3677/3677/3677 3676/3676/3676 
f 3676/3676/3676 3679/3679/3679 3678/3678/3678 
f 3314/3314/3314 3313/3313/3313 3675/3675/3675 
f 3675/3675/3675 3674/3674/3674 3314/3314/3314 
f 3316/3316/3316 3315/3315/3315 3290/3290/3290 
f 3290/3290/3290 3289/3289/3289 3316/3316/3316 
f 3293/3293/3293 3278/3278/3278 3292/3292/3292 
f 3292/3292/3292 3319/3319/3319 3293/3293/3293 
f 3296/3296/3296 3279/3279/3279 3278/3278/3278 
f 3278/3278/3278 3293/3293/3293 3296/3296/3296 
f 3298/3298/3298 3281/3281/3281 3284/3284/3284 
f 3284/3284/3284 3299/3299/3299 3298/3298/3298 
f 3302/3302/3302 3285/3285/3285 3281/3281/3281 
f 3281/3281/3281 3298/3298/3298 3302/3302/3302 
f 3680/3680/3680 3681/3681/3681 3333/3333/3333 
f 3333/3333/3333 3332/3332/3332 3680/3680/3680 
f 3328/3328/3328 3682/3682/3682 3683/3683/3683 
f 3683/3683/3683 3329/3329/3329 3328/3328/3328 
f 3336/3336/3336 3321/3321/3321 3684/3684/3684 
f 3684/3684/3684 3685/3685/3685 3336/3336/3336 
f 3334/3334/3334 3335/3335/3335 3686/3686/3686 
f 3686/3686/3686 3687/3687/3687 3334/3334/3334 
f 3688/3688/3688 3678/3678/3678 3679/3679/3679 
f 3679/3679/3679 3689/3689/3689 3688/3688/3688 
f 3331/3331/3331 3330/3330/3330 3690/3690/3690 
f 3690/3690/3690 3691/3691/3691 3331/3331/3331 
f 3327/3327/3327 3326/3326/3326 3692/3692/3692 
f 3692/3692/3692 3693/3693/3693 3327/3327/3327 
f 3324/3324/3324 3325/3325/3325 3694/3694/3694 
f 3694/3694/3694 3695/3695/3695 3324/3324/3324 
f 3696/3696/3696 3323/3323/3323 3324/3324/3324 
f 3324/3324/3324 3695/3695/3695 3696/3696/3696 
f 3321/3321/3321 3322/3322/3322 3697/3697/3697 
f 3697/3697/3697 3684/3684/3684 3321/3321/3321 
f 3310/3310/3310 3309/3309/3309 3681/3681/3681 
f 3681/3681/3681 3680/3680/3680 3310/3310/3310 
f 3306/3306/3306 3305/3305/3305 3683/3683/3683 
f 3683/3683/3683 3682/3682/3682 3306/3306/3306 
f 3262/3262/3262 3265/3265/3265 3268/3268/3268 
f 3268/3268/3268 3263/3263/3263 3262/3262/3262 
f 3348/3348/3348 3349/3349/3349 3352/3352/3352 
f 3352/3352/3352 3345/3345/3345 3348/3348/3348 
f 3304/3304/3304 3307/3307/3307 3310/3310/3310 
f 3310/3310/3310 3305/3305/3305 3304/3304/3304 
f 3305/3305/3305 3310/3310/3310 3680/3680/3680 
f 3680/3680/3680 3683/3683/3683 3305/3305/3305 
f 3683/3683/3683 3680/3680/3680 3332/3332/3332 
f 3332/3332/3332 3329/3329/3329 3683/3683/3683 
f 3326/3326/3326 3329/3329/3329 3332/3332/3332 
f 3332/3332/3332 3331/3331/3331 3326/3326/3326 
f 3326/3326/3326 3331/3331/3331 3691/3691/3691 
f 3691/3691/3691 3692/3692/3692 3326/3326/3326 
f 3630/3630/3630 3633/3633/3633 3628/3628/3628 
f 3628/3628/3628 3627/3627/3627 3630/3630/3630 
f 3669/3669/3669 3630/3630/3630 3627/3627/3627 
f 3627/3627/3627 3583/3583/3583 3669/3669/3669 
f 3368/3368/3368 3407/3407/3407 3406/3406/3406 
f 3406/3406/3406 3369/3369/3369 3368/3368/3368 
f 3364/3364/3364 3403/3403/3403 3402/3402/3402 
f 3402/3402/3402 3365/3365/3365 3364/3364/3364 
f 3571/3571/3571 3575/3575/3575 3574/3574/3574 
f 3574/3574/3574 3572/3572/3572 3571/3571/3571 
f 3639/3639/3639 3642/3642/3642 3641/3641/3641 
f 3641/3641/3641 3640/3640/3640 3639/3639/3639 
f 3698/3698/3698 3699/3699/3699 3697/3697/3697 
f 3697/3697/3697 3322/3322/3322 3698/3698/3698 
f 3322/3322/3322 3280/3280/3280 3700/3700/3700 
f 3700/3700/3700 3698/3698/3698 3322/3322/3322 
f 3701/3701/3701 3700/3700/3700 3280/3280/3280 
f 3280/3280/3280 3279/3279/3279 3701/3701/3701 
f 3702/3702/3702 3701/3701/3701 3279/3279/3279 
f 3279/3279/3279 3296/3296/3296 3702/3702/3702 
f 3703/3703/3703 3702/3702/3702 3296/3296/3296 
f 3296/3296/3296 3295/3295/3295 3703/3703/3703 
f 3340/3340/3340 3339/3339/3339 3704/3704/3704 
f 3704/3704/3704 3705/3705/3705 3340/3340/3340 
f 3254/3254/3254 3706/3706/3706 3707/3707/3707 
f 3707/3707/3707 3255/3255/3255 3254/3254/3254 
f 3669/3669/3669 3673/3673/3673 3631/3631/3631 
f 3631/3631/3631 3630/3630/3630 3669/3669/3669 
f 3635/3635/3635 3566/3566/3566 3569/3569/3569 
f 3569/3569/3569 3636/3636/3636 3635/3635/3635 
f 3638/3638/3638 3648/3648/3648 3650/3650/3650 
f 3650/3650/3650 3573/3573/3573 3638/3638/3638 
f 3639/3639/3639 3638/3638/3638 3573/3573/3573 
f 3573/3573/3573 3572/3572/3572 3639/3639/3639 
f 3572/3572/3572 3574/3574/3574 3642/3642/3642 
f 3642/3642/3642 3639/3639/3639 3572/3572/3572 
f 3642/3642/3642 3574/3574/3574 3577/3577/3577 
f 3577/3577/3577 3615/3615/3615 3642/3642/3642 
f 3615/3615/3615 3577/3577/3577 3579/3579/3579 
f 3579/3579/3579 3616/3616/3616 3615/3615/3615 
f 3619/3619/3619 3580/3580/3580 3668/3668/3668 
f 3668/3668/3668 3620/3620/3620 3619/3619/3619 
f 3625/3625/3625 3624/3624/3624 3612/3612/3612 
f 3612/3612/3612 3667/3667/3667 3625/3625/3625 
f 3627/3627/3627 3626/3626/3626 3584/3584/3584 
f 3584/3584/3584 3583/3583/3583 3627/3627/3627 
f 3275/3275/3275 3274/3274/3274 3253/3253/3253 
f 3253/3253/3253 3252/3252/3252 3275/3275/3275 
f 3357/3357/3357 3360/3360/3360 3362/3362/3362 
f 3362/3362/3362 3361/3361/3361 3357/3357/3357 
f 3315/3315/3315 3318/3318/3318 3320/3320/3320 
f 3320/3320/3320 3319/3319/3319 3315/3315/3315 
f 3290/3290/3290 3315/3315/3315 3319/3319/3319 
f 3319/3319/3319 3292/3292/3292 3290/3290/3290 
f 3291/3291/3291 3287/3287/3287 3290/3290/3290 
f 3290/3290/3290 3292/3292/3292 3291/3291/3291 
f 3335/3335/3335 3287/3287/3287 3291/3291/3291 
f 3291/3291/3291 3336/3336/3336 3335/3335/3335 
f 3685/3685/3685 3686/3686/3686 3335/3335/3335 
f 3335/3335/3335 3336/3336/3336 3685/3685/3685 
f 3619/3619/3619 3618/3618/3618 3617/3617/3617 
f 3617/3617/3617 3616/3616/3616 3619/3619/3619 
f 3579/3579/3579 3580/3580/3580 3619/3619/3619 
f 3619/3619/3619 3616/3616/3616 3579/3579/3579 
f 3708/3708/3708 3269/3269/3269 3272/3272/3272 
f 3272/3272/3272 3709/3709/3709 3708/3708/3708 
f 3354/3354/3354 3710/3710/3710 3711/3711/3711 
f 3711/3711/3711 3355/3355/3355 3354/3354/3354 
f 3712/3712/3712 3311/3311/3311 3314/3314/3314 
f 3314/3314/3314 3713/3713/3713 3712/3712/3712 
f 3713/3713/3713 3314/3314/3314 3674/3674/3674 
f 3674/3674/3674 3714/3714/3714 3713/3713/3713 
f 3714/3714/3714 3674/3674/3674 3677/3677/3677 
f 3677/3677/3677 3715/3715/3715 3714/3714/3714 
f 3716/3716/3716 3715/3715/3715 3677/3677/3677 
f 3677/3677/3677 3678/3678/3678 3716/3716/3716 
f 3717/3717/3717 3716/3716/3716 3678/3678/3678 
f 3678/3678/3678 3688/3688/3688 3717/3717/3717 
f 3629/3629/3629 3622/3622/3622 3625/3625/3625 
f 3625/3625/3625 3626/3626/3626 3629/3629/3629 
f 3626/3626/3626 3625/3625/3625 3667/3667/3667 
f 3667/3667/3667 3584/3584/3584 3626/3626/3626 
f 3270/3270/3270 3273/3273/3273 3276/3276/3276 
f 3276/3276/3276 3271/3271/3271 3270/3270/3270 
f 3358/3358/3358 3353/3353/3353 3356/3356/3356 
f 3356/3356/3356 3359/3359/3359 3358/3358/3358 
f 3316/3316/3316 3313/3313/3313 3312/3312/3312 
f 3312/3312/3312 3317/3317/3317 3316/3316/3316 
f 3313/3313/3313 3316/3316/3316 3289/3289/3289 
f 3289/3289/3289 3675/3675/3675 3313/3313/3313 
f 3288/3288/3288 3676/3676/3676 3675/3675/3675 
f 3675/3675/3675 3289/3289/3289 3288/3288/3288 
f 3679/3679/3679 3676/3676/3676 3288/3288/3288 
f 3288/3288/3288 3334/3334/3334 3679/3679/3679 
f 3689/3689/3689 3679/3679/3679 3334/3334/3334 
f 3334/3334/3334 3687/3687/3687 3689/3689/3689 
f 3624/3624/3624 3623/3623/3623 3621/3621/3621 
f 3621/3621/3621 3620/3620/3620 3624/3624/3624 
f 3668/3668/3668 3612/3612/3612 3624/3624/3624 
f 3624/3624/3624 3620/3620/3620 3668/3668/3668 
f 3718/3718/3718 3261/3261/3261 3264/3264/3264 
f 3264/3264/3264 3719/3719/3719 3718/3718/3718 
f 3346/3346/3346 3720/3720/3720 3721/3721/3721 
f 3721/3721/3721 3347/3347/3347 3346/3346/3346 
f 3722/3722/3722 3303/3303/3303 3306/3306/3306 
f 3306/3306/3306 3723/3723/3723 3722/3722/3722 
f 3723/3723/3723 3306/3306/3306 3682/3682/3682 
f 3682/3682/3682 3724/3724/3724 3723/3723/3723 
f 3725/3725/3725 3724/3724/3724 3682/3682/3682 
f 3682/3682/3682 3328/3328/3328 3725/3725/3725 
f 3327/3327/3327 3726/3726/3726 3725/3725/3725 
f 3725/3725/3725 3328/3328/3328 3327/3327/3327 
f 3726/3726/3726 3327/3327/3327 3693/3693/3693 
f 3693/3693/3693 3727/3727/3727 3726/3726/3726 
f 3631/3631/3631 3728/3728/3728 3729/3729/3729 
f 3729/3729/3729 3632/3632/3632 3631/3631/3631 
f 3673/3673/3673 3730/3730/3730 3728/3728/3728 
f 3728/3728/3728 3631/3631/3631 3673/3673/3673 
f 3731/3731/3731 3730/3730/3730 3673/3673/3673 
f 3673/3673/3673 3672/3672/3672 3731/3731/3731 
f 3586/3586/3586 3602/3602/3602 3732/3732/3732 
f 3732/3732/3732 3587/3587/3587 3586/3586/3586 
f 3611/3611/3611 3584/3584/3584 3667/3667/3667 
f 3582/3582/3582 3612/3612/3612 3668/3668/3668 
f 3684/3684/3684 3697/3697/3697 3733/3733/3733 
f 3733/3733/3733 3734/3734/3734 3684/3684/3684 
f 3699/3699/3699 3735/3735/3735 3733/3733/3733 
f 3733/3733/3733 3697/3697/3697 3699/3699/3699 
f 3696/3696/3696 3695/3695/3695 3736/3736/3736 
f 3736/3736/3736 3737/3737/3737 3696/3696/3696 
f 3695/3695/3695 3694/3694/3694 3738/3738/3738 
f 3738/3738/3738 3736/3736/3736 3695/3695/3695 
f 3739/3739/3739 3727/3727/3727 3693/3693/3693 
f 3693/3693/3693 3740/3740/3740 3739/3739/3739 
f 3740/3740/3740 3693/3693/3693 3692/3692/3692 
f 3692/3692/3692 3741/3741/3741 3740/3740/3740 
f 3692/3692/3692 3691/3691/3691 3742/3742/3742 
f 3742/3742/3742 3741/3741/3741 3692/3692/3692 
f 3742/3742/3742 3691/3691/3691 3690/3690/3690 
f 3690/3690/3690 3743/3743/3743 3742/3742/3742 
f 3744/3744/3744 3717/3717/3717 3688/3688/3688 
f 3688/3688/3688 3745/3745/3745 3744/3744/3744 
f 3745/3745/3745 3688/3688/3688 3689/3689/3689 
f 3689/3689/3689 3746/3746/3746 3745/3745/3745 
f 3746/3746/3746 3689/3689/3689 3687/3687/3687 
f 3687/3687/3687 3747/3747/3747 3746/3746/3746 
f 3687/3687/3687 3686/3686/3686 3748/3748/3748 
f 3748/3748/3748 3747/3747/3747 3687/3687/3687 
f 3749/3749/3749 3748/3748/3748 3686/3686/3686 
f 3686/3686/3686 3685/3685/3685 3749/3749/3749 
f 3685/3685/3685 3684/3684/3684 3734/3734/3734 
f 3734/3734/3734 3749/3749/3749 3685/3685/3685 
f 3734/3734/3734 3733/3733/3733 3750/3750/3750 
f 3750/3750/3750 3751/3751/3751 3734/3734/3734 
f 3735/3735/3735 3752/3752/3752 3750/3750/3750 
f 3750/3750/3750 3733/3733/3733 3735/3735/3735 
f 3737/3737/3737 3736/3736/3736 3753/3753/3753 
f 3753/3753/3753 3754/3754/3754 3737/3737/3737 
f 3736/3736/3736 3738/3738/3738 3755/3755/3755 
f 3755/3755/3755 3753/3753/3753 3736/3736/3736 
f 3756/3756/3756 3739/3739/3739 3740/3740/3740 
f 3740/3740/3740 3757/3757/3757 3756/3756/3756 
f 3757/3757/3757 3740/3740/3740 3741/3741/3741 
f 3741/3741/3741 3758/3758/3758 3757/3757/3757 
f 3758/3758/3758 3741/3741/3741 3742/3742/3742 
f 3742/3742/3742 3759/3759/3759 3758/3758/3758 
f 3759/3759/3759 3742/3742/3742 3743/3743/3743 
f 3743/3743/3743 3760/3760/3760 3759/3759/3759 
f 3761/3761/3761 3744/3744/3744 3745/3745/3745 
f 3745/3745/3745 3762/3762/3762 3761/3761/3761 
f 3762/3762/3762 3745/3745/3745 3746/3746/3746 
f 3746/3746/3746 3763/3763/3763 3762/3762/3762 
f 3763/3763/3763 3746/3746/3746 3747/3747/3747 
f 3747/3747/3747 3764/3764/3764 3763/3763/3763 
f 3747/3747/3747 3748/3748/3748 3765/3765/3765 
f 3765/3765/3765 3764/3764/3764 3747/3747/3747 
f 3766/3766/3766 3765/3765/3765 3748/3748/3748 
f 3748/3748/3748 3749/3749/3749 3766/3766/3766 
f 3749/3749/3749 3734/3734/3734 3751/3751/3751 
f 3751/3751/3751 3766/3766/3766 3749/3749/3749 
f 3371/3371/3371 3379/3379/3379 3372/3372/3372 
f 3665/3665/3665 3645/3645/3645 3578/3578/3578 
f 3578/3578/3578 3592/3592/3592 3665/3665/3665 
f 3599/3599/3599 3594/3594/3594 3646/3646/3646 
f 3646/3646/3646 3600/3600/3600 3599/3599/3599 
f 3595/3595/3595 3594/3594/3594 3599/3599/3599 
f 3599/3599/3599 3657/3657/3657 3595/3595/3595 
f 3595/3595/3595 3657/3657/3657 3658/3658/3658 
f 3658/3658/3658 3643/3643/3643 3595/3595/3595 
f 3644/3644/3644 3643/3643/3643 3658/3658/3658 
f 3658/3658/3658 3659/3659/3659 3644/3644/3644 
f 3659/3659/3659 3661/3661/3661 3590/3590/3590 
f 3590/3590/3590 3644/3644/3644 3659/3659/3659 
f 3596/3596/3596 3590/3590/3590 3661/3661/3661 
f 3661/3661/3661 3660/3660/3660 3596/3596/3596 
f 3597/3597/3597 3596/3596/3596 3660/3660/3660 
f 3660/3660/3660 3603/3603/3603 3597/3597/3597 
f 3583/3583/3583 3585/3585/3585 3664/3664/3664 
f 3664/3664/3664 3670/3670/3670 3583/3583/3583 
f 3475/3475/3475 3474/3474/3474 3470/3470/3470 
f 3470/3470/3470 3469/3469/3469 3475/3475/3475 
f 3477/3477/3477 3470/3470/3470 3474/3474/3474 
f 3474/3474/3474 3480/3480/3480 3477/3477/3477 
f 3484/3484/3484 3481/3481/3481 3477/3477/3477 
f 3477/3477/3477 3480/3480/3480 3484/3484/3484 
f 3488/3488/3488 3485/3485/3485 3481/3481/3481 
f 3481/3481/3481 3484/3484/3484 3488/3488/3488 
f 3492/3492/3492 3497/3497/3497 3496/3496/3496 
f 3496/3496/3496 3493/3493/3493 3492/3492/3492 
f 3502/3502/3502 3499/3499/3499 3493/3493/3493 
f 3493/3493/3493 3496/3496/3496 3502/3502/3502 
f 3464/3464/3464 3459/3459/3459 3499/3499/3499 
f 3499/3499/3499 3502/3502/3502 3464/3464/3464 
f 3460/3460/3460 3459/3459/3459 3464/3464/3464 
f 3464/3464/3464 3463/3463/3463 3460/3460/3460 
f 3767/3767/3767 3413/3413/3413 3446/3446/3446 
f 3446/3446/3446 3768/3768/3768 3767/3767/3767 
f 3769/3769/3769 3768/3768/3768 3446/3446/3446 
f 3446/3446/3446 3442/3442/3442 3769/3769/3769 
f 3770/3770/3770 3769/3769/3769 3442/3442/3442 
f 3442/3442/3442 3441/3441/3441 3770/3770/3770 
f 3432/3432/3432 3771/3771/3771 3435/3435/3435 
f 3435/3435/3435 3431/3431/3431 3432/3432/3432 
f 3428/3428/3428 3432/3432/3432 3431/3431/3431 
f 3431/3431/3431 3427/3427/3427 3428/3428/3428 
f 3428/3428/3428 3427/3427/3427 3423/3423/3423 
f 3423/3423/3423 3424/3424/3424 3428/3428/3428 
f 3424/3424/3424 3423/3423/3423 3422/3422/3422 
f 3422/3422/3422 3772/3772/3772 3424/3424/3424 
f 3773/3773/3773 3414/3414/3414 3413/3413/3413 
f 3413/3413/3413 3767/3767/3767 3773/3773/3773 
f 3528/3528/3528 3534/3534/3534 3531/3531/3531 
f 3531/3531/3531 3525/3525/3525 3528/3528/3528 
f 3538/3538/3538 3535/3535/3535 3531/3531/3531 
f 3531/3531/3531 3534/3534/3534 3538/3538/3538 
f 3542/3542/3542 3539/3539/3539 3535/3535/3535 
f 3535/3535/3535 3538/3538/3538 3542/3542/3542 
f 3546/3546/3546 3551/3551/3551 3550/3550/3550 
f 3550/3550/3550 3547/3547/3547 3546/3546/3546 
f 3556/3556/3556 3553/3553/3553 3547/3547/3547 
f 3547/3547/3547 3550/3550/3550 3556/3556/3556 
f 3513/3513/3513 3553/3553/3553 3556/3556/3556 
f 3556/3556/3556 3518/3518/3518 3513/3513/3513 
f 3514/3514/3514 3513/3513/3513 3518/3518/3518 
f 3518/3518/3518 3517/3517/3517 3514/3514/3514 
f 3525/3525/3525 3524/3524/3524 3529/3529/3529 
f 3529/3529/3529 3528/3528/3528 3525/3525/3525 
f 3392/3392/3392 3395/3395/3395 3399/3399/3399 
f 3399/3399/3399 3396/3396/3396 3392/3392/3392 
f 3402/3402/3402 3401/3401/3401 3408/3408/3408 
f 3408/3408/3408 3407/3407/3407 3402/3402/3402 
f 3365/3365/3365 3402/3402/3402 3407/3407/3407 
f 3407/3407/3407 3368/3368/3368 3365/3365/3365 
f 3366/3366/3366 3365/3365/3365 3368/3368/3368 
f 3368/3368/3368 3367/3367/3367 3366/3366/3366 
f 3374/3374/3374 3366/3366/3366 3367/3367/3367 
f 3367/3367/3367 3377/3377/3377 3374/3374/3374 
f 3381/3381/3381 3380/3380/3380 3386/3386/3386 
f 3386/3386/3386 3385/3385/3385 3381/3381/3381 
f 3391/3391/3391 3388/3388/3388 3381/3381/3381 
f 3381/3381/3381 3385/3385/3385 3391/3391/3391 
f 3395/3395/3395 3392/3392/3392 3388/3388/3388 
f 3388/3388/3388 3391/3391/3391 3395/3395/3395 
f 3389/3389/3389 3393/3393/3393 3652/3652/3652 
f 3652/3652/3652 3609/3609/3609 3389/3389/3389 
f 3652/3652/3652 3393/3393/3393 3397/3397/3397 
f 3397/3397/3397 3653/3653/3653 3652/3652/3652 
f 3571/3571/3571 3570/3570/3570 3404/3404/3404 
f 3404/3404/3404 3403/3403/3403 3571/3571/3571 
f 3575/3575/3575 3571/3571/3571 3403/3403/3403 
f 3403/3403/3403 3364/3364/3364 3575/3575/3575 
f 3363/3363/3363 3576/3576/3576 3575/3575/3575 
f 3575/3575/3575 3364/3364/3364 3363/3363/3363 
f 3591/3591/3591 3576/3576/3576 3363/3363/3363 
f 3363/3363/3363 3375/3375/3375 3591/3591/3591 
f 3608/3608/3608 3663/3663/3663 3383/3383/3383 
f 3383/3383/3383 3382/3382/3382 3608/3608/3608 
f 3609/3609/3609 3608/3608/3608 3382/3382/3382 
f 3382/3382/3382 3389/3389/3389 3609/3609/3609 
f 3251/3251/3251 3338/3338/3338 3362/3362/3362 
f 3362/3362/3362 3252/3252/3252 3251/3251/3251 
f 3338/3338/3338 3251/3251/3251 3255/3255/3255 
f 3255/3255/3255 3339/3339/3339 3338/3338/3338 
f 3707/3707/3707 3704/3704/3704 3339/3339/3339 
f 3339/3339/3339 3255/3255/3255 3707/3707/3707 
f 3256/3256/3256 3343/3343/3343 3257/3257/3257 
f 3719/3719/3719 3264/3264/3264 3347/3347/3347 
f 3347/3347/3347 3721/3721/3721 3719/3719/3719 
f 3264/3264/3264 3263/3263/3263 3348/3348/3348 
f 3348/3348/3348 3347/3347/3347 3264/3264/3264 
f 3263/3263/3263 3268/3268/3268 3349/3349/3349 
f 3349/3349/3349 3348/3348/3348 3263/3263/3263 
f 3268/3268/3268 3267/3267/3267 3350/3350/3350 
f 3350/3350/3350 3349/3349/3349 3268/3268/3268 
f 3709/3709/3709 3272/3272/3272 3355/3355/3355 
f 3355/3355/3355 3711/3711/3711 3709/3709/3709 
f 3272/3272/3272 3271/3271/3271 3356/3356/3356 
f 3356/3356/3356 3355/3355/3355 3272/3272/3272 
f 3359/3359/3359 3356/3356/3356 3271/3271/3271 
f 3271/3271/3271 3276/3276/3276 3359/3359/3359 
f 3360/3360/3360 3359/3359/3359 3276/3276/3276 
f 3276/3276/3276 3275/3275/3275 3360/3360/3360 
f 3360/3360/3360 3275/3275/3275 3252/3252/3252 
f 3252/3252/3252 3362/3362/3362 3360/3360/3360 
f 3320/3320/3320 3361/3361/3361 3337/3337/3337 
f 3337/3337/3337 3294/3294/3294 3320/3320/3320 
f 3294/3294/3294 3337/3337/3337 3340/3340/3340 
f 3340/3340/3340 3295/3295/3295 3294/3294/3294 
f 3295/3295/3295 3340/3340/3340 3705/3705/3705 
f 3705/3705/3705 3703/3703/3703 3295/3295/3295 
f 3341/3341/3341 3297/3297/3297 3300/3300/3300 
f 3300/3300/3300 3342/3342/3342 3341/3341/3341 
f 3344/3344/3344 3301/3301/3301 3297/3297/3297 
f 3297/3297/3297 3341/3341/3341 3344/3344/3344 
f 3303/3303/3303 3722/3722/3722 3720/3720/3720 
f 3720/3720/3720 3346/3346/3346 3303/3303/3303 
f 3304/3304/3304 3303/3303/3303 3346/3346/3346 
f 3346/3346/3346 3345/3345/3345 3304/3304/3304 
f 3345/3345/3345 3352/3352/3352 3307/3307/3307 
f 3307/3307/3307 3304/3304/3304 3345/3345/3345 
f 3352/3352/3352 3351/3351/3351 3308/3308/3308 
f 3308/3308/3308 3307/3307/3307 3352/3352/3352 
f 3311/3311/3311 3712/3712/3712 3710/3710/3710 
f 3710/3710/3710 3354/3354/3354 3311/3311/3311 
f 3312/3312/3312 3311/3311/3311 3354/3354/3354 
f 3354/3354/3354 3353/3353/3353 3312/3312/3312 
f 3317/3317/3317 3312/3312/3312 3353/3353/3353 
f 3353/3353/3353 3358/3358/3358 3317/3317/3317 
f 3318/3318/3318 3317/3317/3317 3358/3358/3358 
f 3358/3358/3358 3357/3357/3357 3318/3318/3318 
f 3318/3318/3318 3357/3357/3357 3361/3361/3361 
f 3361/3361/3361 3320/3320/3320 3318/3318/3318 
f 3732/3732/3732 3602/3602/3602 3666/3666/3666 
f 3730/3730/3730 3731/3731/3731 3567/3567/3567 
f 3567/3567/3567 3566/3566/3566 3730/3730/3730 
f 3728/3728/3728 3730/3730/3730 3566/3566/3566 
f 3566/3566/3566 3635/3635/3635 3728/3728/3728 
f 3729/3729/3729 3728/3728/3728 3635/3635/3635 
f 3635/3635/3635 3634/3634/3634 3729/3729/3729 
f 3738/3738/3738 3774/3774/3774 3775/3775/3775 
f 3775/3775/3775 3755/3755/3755 3738/3738/3738 
f 3694/3694/3694 3776/3776/3776 3774/3774/3774 
f 3774/3774/3774 3738/3738/3738 3694/3694/3694 
f 3325/3325/3325 3777/3777/3777 3776/3776/3776 
f 3776/3776/3776 3694/3694/3694 3325/3325/3325 
f 3325/3325/3325 3286/3286/3286 3778/3778/3778 
f 3778/3778/3778 3777/3777/3777 3325/3325/3325 
f 3779/3779/3779 3778/3778/3778 3286/3286/3286 
f 3286/3286/3286 3285/3285/3285 3779/3779/3779 
f 3302/3302/3302 3780/3780/3780 3779/3779/3779 
f 3779/3779/3779 3285/3285/3285 3302/3302/3302 
f 3780/3780/3780 3302/3302/3302 3301/3301/3301 
f 3301/3301/3301 3781/3781/3781 3780/3780/3780 
f 3781/3781/3781 3301/3301/3301 3344/3344/3344 
f 3344/3344/3344 3782/3782/3782 3781/3781/3781 
f 3782/3782/3782 3344/3344/3344 3260/3260/3260 
f 3260/3260/3260 3783/3783/3783 3782/3782/3782 
f 3784/3784/3784 3783/3783/3783 3260/3260/3260 
f 3784/3784/3784 3260/3260/3260 3259/3259/3259 
f 3259/3259/3259 3785/3785/3785 3784/3784/3784 
f 3786/3786/3786 3787/3787/3787 3788/3788/3788 
f 3789/3789/3789 3790/3790/3790 3791/3791/3791 
f 3792/3792/3792 3793/3793/3793 3794/3794/3794 
f 3795/3795/3795 3796/3796/3796 3797/3797/3797 
f 3798/3798/3798 3799/3799/3799 3800/3800/3800 
f 3801/3801/3801 3802/3802/3802 3803/3803/3803 
f 3804/3804/3804 3790/3790/3790 3805/3805/3805 
f 3806/3806/3806 3807/3807/3807 3808/3808/3808 
f 3809/3809/3809 3799/3799/3799 3798/3798/3798 
f 3810/3810/3810 3811/3811/3811 3812/3812/3812 
f 3813/3813/3813 3814/3814/3814 3815/3815/3815 
f 3816/3816/3816 3817/3817/3817 3818/3818/3818 
f 3819/3819/3819 3820/3820/3820 3821/3821/3821 
f 3822/3822/3822 3823/3823/3823 3824/3824/3824 
f 3825/3825/3825 3826/3826/3826 3827/3827/3827 

g Davidplayzyt12316

v 551.913 198.422 -531.64 
v 551.832 198.399 -531.721 
v 551.866 198.399 -531.761 
v 551.96 198.422 -531.695 
v 551.982 198.487 -531.571 
v 552.04 198.487 -531.639 
v 552.028 198.584 -531.525 
v 552.093 198.584 -531.602 
v 552.044 198.699 -531.508 
v 552.112 198.699 -531.589 
v 552.044 199.301 -531.508 
v 552.112 199.301 -531.589 
v 552.028 199.416 -531.525 
v 552.093 199.416 -531.602 
v 551.982 199.513 -531.571 
v 552.04 199.513 -531.639 
v 551.913 199.578 -531.64 
v 551.96 199.578 -531.695 
v 551.832 199.601 -531.721 
v 551.866 199.601 -531.761 
v 551.892 198.399 -531.806 
v 551.996 198.422 -531.758 
v 552.084 198.487 -531.717 
v 552.144 198.584 -531.689 
v 552.164 198.699 -531.679 
v 552.164 199.301 -531.679 
v 552.144 199.416 -531.689 
v 552.084 199.513 -531.717 
v 551.996 199.578 -531.758 
v 551.892 199.601 -531.806 
v 551.91 198.399 -531.856 
v 552.021 198.422 -531.826 
v 552.115 198.487 -531.801 
v 552.178 198.584 -531.784 
v 552.2 198.699 -531.778 
v 552.2 199.301 -531.778 
v 552.178 199.416 -531.784 
v 552.115 199.513 -531.801 
v 552.021 199.578 -531.826 
v 551.91 199.601 -531.856 
v 551.919 198.399 -531.907 
v 552.033 198.422 -531.897 
v 552.131 198.487 -531.889 
v 552.195 198.584 -531.883 
v 552.218 198.699 -531.881 
v 552.218 199.301 -531.881 
v 552.195 199.416 -531.883 
v 552.131 199.513 -531.889 
v 552.033 199.578 -531.897 
v 551.919 199.601 -531.907 
v 551.919 198.399 -531.96 
v 552.033 198.422 -531.97 
v 552.131 198.487 -531.978 
v 552.195 198.584 -531.984 
v 552.218 198.699 -531.986 
v 552.218 199.301 -531.986 
v 552.195 199.416 -531.984 
v 552.131 199.513 -531.978 
v 552.033 199.578 -531.97 
v 551.919 199.601 -531.96 
v 551.91 198.399 -532.011 
v 552.021 198.422 -532.041 
v 552.115 198.487 -532.066 
v 552.178 198.584 -532.083 
v 552.2 198.699 -532.089 
v 552.2 199.301 -532.089 
v 552.178 199.416 -532.083 
v 552.115 199.513 -532.066 
v 552.021 199.578 -532.041 
v 551.91 199.601 -532.011 
v 551.892 198.399 -532.06 
v 551.996 198.422 -532.109 
v 552.084 198.487 -532.15 
v 552.144 198.584 -532.178 
v 552.164 198.699 -532.188 
v 552.164 199.301 -532.188 
v 552.144 199.416 -532.178 
v 552.084 199.513 -532.15 
v 551.996 199.578 -532.109 
v 551.892 199.601 -532.06 
v 551.866 198.399 -532.106 
v 551.96 198.422 -532.172 
v 552.04 198.487 -532.228 
v 552.093 198.584 -532.265 
v 552.112 198.699 -532.278 
v 552.112 199.301 -532.278 
v 552.093 199.416 -532.265 
v 552.04 199.513 -532.228 
v 551.96 199.578 -532.172 
v 551.866 199.601 -532.106 
v 551.832 198.399 -532.146 
v 551.913 198.422 -532.227 
v 551.982 198.487 -532.296 
v 552.028 198.584 -532.342 
v 552.044 198.699 -532.359 
v 552.044 199.301 -532.359 
v 552.028 199.416 -532.342 
v 551.982 199.513 -532.296 
v 551.913 199.578 -532.227 
v 551.832 199.601 -532.146 
v 551.619 199.601 -531.933 
v 551.832 199.601 -532.146 
v 551.804 199.601 -532.171 
v 551.765 199.601 -532.196 
v 551.714 199.601 -532.219 
v 551.653 199.601 -532.232 
v 551.586 199.601 -532.232 
v 551.524 199.601 -532.219 
v 551.473 199.601 -532.196 
v 551.435 199.601 -532.171 
v 551.407 199.601 -532.146 
v 551.382 199.601 -532.118 
v 551.357 199.601 -532.079 
v 551.334 199.601 -532.029 
v 551.321 199.601 -531.967 
v 551.321 199.601 -531.9 
v 551.334 199.601 -531.838 
v 551.357 199.601 -531.787 
v 551.382 199.601 -531.749 
v 551.407 199.601 -531.721 
v 551.435 199.601 -531.696 
v 551.473 199.601 -531.671 
v 551.524 199.601 -531.648 
v 551.586 199.601 -531.635 
v 551.653 199.601 -531.635 
v 551.714 199.601 -531.648 
v 551.765 199.601 -531.671 
v 551.804 199.601 -531.696 
v 551.832 199.601 -531.721 
v 551.866 199.601 -531.761 
v 551.892 199.601 -531.806 
v 551.91 199.601 -531.856 
v 551.919 199.601 -531.907 
v 551.919 199.601 -531.96 
v 551.91 199.601 -532.011 
v 551.892 199.601 -532.06 
v 551.866 199.601 -532.106 
v 551.326 198.422 -531.64 
v 551.407 198.399 -531.721 
v 551.447 198.399 -531.687 
v 551.381 198.422 -531.593 
v 551.257 198.487 -531.571 
v 551.325 198.487 -531.513 
v 551.21 198.584 -531.525 
v 551.288 198.584 -531.46 
v 551.194 198.699 -531.508 
v 551.275 198.699 -531.441 
v 551.194 199.301 -531.508 
v 551.275 199.301 -531.441 
v 551.21 199.416 -531.525 
v 551.288 199.416 -531.46 
v 551.257 199.513 -531.571 
v 551.325 199.513 -531.513 
v 551.326 199.578 -531.64 
v 551.381 199.578 -531.593 
v 551.407 199.601 -531.721 
v 551.435 199.601 -531.696 
v 551.492 198.399 -531.661 
v 551.444 198.422 -531.557 
v 551.403 198.487 -531.468 
v 551.375 198.584 -531.409 
v 551.365 198.699 -531.389 
v 551.365 199.301 -531.389 
v 551.375 199.416 -531.409 
v 551.403 199.513 -531.468 
v 551.444 199.578 -531.557 
v 551.473 199.601 -531.671 
v 551.542 198.399 -531.643 
v 551.512 198.422 -531.532 
v 551.487 198.487 -531.438 
v 551.47 198.584 -531.375 
v 551.464 198.699 -531.353 
v 551.464 199.301 -531.353 
v 551.47 199.416 -531.375 
v 551.487 199.513 -531.438 
v 551.512 199.578 -531.532 
v 551.524 199.601 -531.648 
v 551.593 198.399 -531.634 
v 551.583 198.422 -531.519 
v 551.575 198.487 -531.422 
v 551.569 198.584 -531.357 
v 551.567 198.699 -531.335 
v 551.567 199.301 -531.335 
v 551.569 199.416 -531.357 
v 551.575 199.513 -531.422 
v 551.583 199.578 -531.519 
v 551.586 199.601 -531.635 
v 551.646 198.399 -531.634 
v 551.656 198.422 -531.519 
v 551.664 198.487 -531.422 
v 551.67 198.584 -531.357 
v 551.672 198.699 -531.335 
v 551.672 199.301 -531.335 
v 551.67 199.416 -531.357 
v 551.664 199.513 -531.422 
v 551.656 199.578 -531.519 
v 551.653 199.601 -531.635 
v 551.697 198.399 -531.643 
v 551.727 198.422 -531.532 
v 551.752 198.487 -531.438 
v 551.769 198.584 -531.375 
v 551.775 198.699 -531.353 
v 551.775 199.301 -531.353 
v 551.769 199.416 -531.375 
v 551.752 199.513 -531.438 
v 551.727 199.578 -531.532 
v 551.714 199.601 -531.648 
v 551.746 198.399 -531.661 
v 551.795 198.422 -531.557 
v 551.836 198.487 -531.468 
v 551.864 198.584 -531.409 
v 551.873 198.699 -531.389 
v 551.873 199.301 -531.389 
v 551.864 199.416 -531.409 
v 551.836 199.513 -531.468 
v 551.795 199.578 -531.557 
v 551.765 199.601 -531.671 
v 551.792 198.399 -531.687 
v 551.858 198.422 -531.593 
v 551.914 198.487 -531.513 
v 551.951 198.584 -531.46 
v 551.964 198.699 -531.441 
v 551.964 199.301 -531.441 
v 551.951 199.416 -531.46 
v 551.914 199.513 -531.513 
v 551.858 199.578 -531.593 
v 551.804 199.601 -531.696 
v 551.326 198.422 -532.227 
v 551.407 198.399 -532.146 
v 551.373 198.399 -532.106 
v 551.279 198.422 -532.172 
v 551.257 198.487 -532.296 
v 551.199 198.487 -532.228 
v 551.21 198.584 -532.342 
v 551.146 198.584 -532.265 
v 551.194 198.699 -532.359 
v 551.127 198.699 -532.278 
v 551.194 199.301 -532.359 
v 551.127 199.301 -532.278 
v 551.21 199.416 -532.342 
v 551.146 199.416 -532.265 
v 551.257 199.513 -532.296 
v 551.199 199.513 -532.228 
v 551.326 199.578 -532.227 
v 551.279 199.578 -532.172 
v 551.407 199.601 -532.146 
v 551.382 199.601 -532.118 
v 551.347 198.399 -532.06 
v 551.243 198.422 -532.109 
v 551.154 198.487 -532.15 
v 551.095 198.584 -532.178 
v 551.075 198.699 -532.188 
v 551.075 199.301 -532.188 
v 551.095 199.416 -532.178 
v 551.154 199.513 -532.15 
v 551.243 199.578 -532.109 
v 551.357 199.601 -532.079 
v 551.329 198.399 -532.011 
v 551.218 198.422 -532.041 
v 551.124 198.487 -532.066 
v 551.061 198.584 -532.083 
v 551.039 198.699 -532.089 
v 551.039 199.301 -532.089 
v 551.061 199.416 -532.083 
v 551.124 199.513 -532.066 
v 551.218 199.578 -532.041 
v 551.334 199.601 -532.029 
v 551.32 198.399 -531.96 
v 551.205 198.422 -531.97 
v 551.108 198.487 -531.978 
v 551.043 198.584 -531.984 
v 551.02 198.699 -531.986 
v 551.02 199.301 -531.986 
v 551.043 199.416 -531.984 
v 551.108 199.513 -531.978 
v 551.205 199.578 -531.97 
v 551.321 199.601 -531.967 
v 551.32 198.399 -531.907 
v 551.205 198.422 -531.897 
v 551.108 198.487 -531.889 
v 551.043 198.584 -531.883 
v 551.02 198.699 -531.881 
v 551.02 199.301 -531.881 
v 551.043 199.416 -531.883 
v 551.108 199.513 -531.889 
v 551.205 199.578 -531.897 
v 551.321 199.601 -531.9 
v 551.329 198.399 -531.856 
v 551.218 198.422 -531.826 
v 551.124 198.487 -531.801 
v 551.061 198.584 -531.784 
v 551.039 198.699 -531.778 
v 551.039 199.301 -531.778 
v 551.061 199.416 -531.784 
v 551.124 199.513 -531.801 
v 551.218 199.578 -531.826 
v 551.334 199.601 -531.838 
v 551.347 198.399 -531.806 
v 551.243 198.422 -531.758 
v 551.154 198.487 -531.717 
v 551.095 198.584 -531.689 
v 551.075 198.699 -531.679 
v 551.075 199.301 -531.679 
v 551.095 199.416 -531.689 
v 551.154 199.513 -531.717 
v 551.243 199.578 -531.758 
v 551.357 199.601 -531.787 
v 551.373 198.399 -531.761 
v 551.279 198.422 -531.695 
v 551.199 198.487 -531.639 
v 551.146 198.584 -531.602 
v 551.127 198.699 -531.589 
v 551.127 199.301 -531.589 
v 551.146 199.416 -531.602 
v 551.199 199.513 -531.639 
v 551.279 199.578 -531.695 
v 551.382 199.601 -531.749 
v 551.373 198.399 -532.106 
v 551.407 198.399 -532.146 
v 551.435 198.399 -532.171 
v 551.454 198.399 -532.099 
v 551.347 198.399 -532.06 
v 551.429 198.399 -532.069 
v 551.329 198.399 -532.011 
v 551.404 198.399 -532.026 
v 551.32 198.399 -531.96 
v 551.388 198.399 -531.967 
v 551.32 198.399 -531.907 
v 551.388 198.399 -531.9 
v 551.329 198.399 -531.856 
v 551.404 198.399 -531.841 
v 551.347 198.399 -531.806 
v 551.429 198.399 -531.798 
v 551.373 198.399 -531.761 
v 551.454 198.399 -531.768 
v 551.407 198.399 -531.721 
v 551.447 198.399 -531.687 
v 551.473 198.399 -532.196 
v 551.483 198.399 -532.124 
v 551.501 198.399 -532.052 
v 551.476 198.399 -532.019 
v 551.456 198.399 -531.966 
v 551.456 198.399 -531.901 
v 551.476 198.399 -531.848 
v 551.501 198.399 -531.815 
v 551.483 198.399 -531.743 
v 551.492 198.399 -531.661 
v 551.524 198.399 -532.219 
v 551.527 198.399 -532.148 
v 551.533 198.399 -532.077 
v 551.549 198.399 -532.004 
v 551.524 198.399 -531.965 
v 551.524 198.399 -531.902 
v 551.549 198.399 -531.863 
v 551.533 198.399 -531.79 
v 551.527 198.399 -531.719 
v 551.542 198.399 -531.643 
v 551.586 198.399 -532.232 
v 551.586 198.399 -532.165 
v 551.587 198.399 -532.097 
v 551.588 198.399 -532.029 
v 551.596 198.399 -531.957 
v 551.596 198.399 -531.91 
v 551.588 198.399 -531.838 
v 551.587 198.399 -531.77 
v 551.586 198.399 -531.702 
v 551.593 198.399 -531.634 
v 551.653 198.399 -532.232 
v 551.652 198.399 -532.165 
v 551.652 198.399 -532.097 
v 551.651 198.399 -532.029 
v 551.643 198.399 -531.957 
v 551.643 198.399 -531.91 
v 551.651 198.399 -531.838 
v 551.652 198.399 -531.77 
v 551.652 198.399 -531.702 
v 551.646 198.399 -531.634 
v 551.714 198.399 -532.219 
v 551.711 198.399 -532.148 
v 551.705 198.399 -532.077 
v 551.69 198.399 -532.004 
v 551.714 198.399 -531.965 
v 551.714 198.399 -531.902 
v 551.69 198.399 -531.863 
v 551.705 198.399 -531.79 
v 551.711 198.399 -531.719 
v 551.697 198.399 -531.643 
v 551.765 198.399 -532.196 
v 551.755 198.399 -532.124 
v 551.737 198.399 -532.052 
v 551.763 198.399 -532.019 
v 551.783 198.399 -531.966 
v 551.783 198.399 -531.901 
v 551.763 198.399 -531.848 
v 551.737 198.399 -531.815 
v 551.755 198.399 -531.743 
v 551.746 198.399 -531.661 
v 551.804 198.399 -532.171 
v 551.785 198.399 -532.099 
v 551.81 198.399 -532.069 
v 551.834 198.399 -532.026 
v 551.851 198.399 -531.967 
v 551.851 198.399 -531.9 
v 551.834 198.399 -531.841 
v 551.81 198.399 -531.798 
v 551.785 198.399 -531.768 
v 551.792 198.399 -531.687 
v 551.832 198.399 -532.146 
v 551.866 198.399 -532.106 
v 551.892 198.399 -532.06 
v 551.91 198.399 -532.011 
v 551.919 198.399 -531.96 
v 551.919 198.399 -531.907 
v 551.91 198.399 -531.856 
v 551.892 198.399 -531.806 
v 551.866 198.399 -531.761 
v 551.832 198.399 -531.721 
v 551.913 198.422 -532.227 
v 551.832 198.399 -532.146 
v 551.804 198.399 -532.171 
v 551.858 198.422 -532.274 
v 551.982 198.487 -532.296 
v 551.914 198.487 -532.354 
v 552.028 198.584 -532.342 
v 551.951 198.584 -532.407 
v 552.044 198.699 -532.359 
v 551.964 198.699 -532.426 
v 552.044 199.301 -532.359 
v 551.964 199.301 -532.426 
v 552.028 199.416 -532.342 
v 551.951 199.416 -532.407 
v 551.982 199.513 -532.296 
v 551.914 199.513 -532.354 
v 551.913 199.578 -532.227 
v 551.858 199.578 -532.274 
v 551.832 199.601 -532.146 
v 551.804 199.601 -532.171 
v 551.765 198.399 -532.196 
v 551.795 198.422 -532.31 
v 551.836 198.487 -532.399 
v 551.864 198.584 -532.458 
v 551.873 198.699 -532.478 
v 551.873 199.301 -532.478 
v 551.864 199.416 -532.458 
v 551.836 199.513 -532.399 
v 551.795 199.578 -532.31 
v 551.765 199.601 -532.196 
v 551.714 198.399 -532.219 
v 551.727 198.422 -532.335 
v 551.752 198.487 -532.429 
v 551.769 198.584 -532.492 
v 551.775 198.699 -532.514 
v 551.775 199.301 -532.514 
v 551.769 199.416 -532.492 
v 551.752 199.513 -532.429 
v 551.727 199.578 -532.335 
v 551.714 199.601 -532.219 
v 551.653 198.399 -532.232 
v 551.656 198.422 -532.348 
v 551.664 198.487 -532.445 
v 551.67 198.584 -532.51 
v 551.672 198.699 -532.532 
v 551.672 199.301 -532.532 
v 551.67 199.416 -532.51 
v 551.664 199.513 -532.445 
v 551.656 199.578 -532.348 
v 551.653 199.601 -532.232 
v 551.586 198.399 -532.232 
v 551.583 198.422 -532.348 
v 551.575 198.487 -532.445 
v 551.569 198.584 -532.51 
v 551.567 198.699 -532.532 
v 551.567 199.301 -532.532 
v 551.569 199.416 -532.51 
v 551.575 199.513 -532.445 
v 551.583 199.578 -532.348 
v 551.586 199.601 -532.232 
v 551.524 198.399 -532.219 
v 551.512 198.422 -532.335 
v 551.487 198.487 -532.429 
v 551.47 198.584 -532.492 
v 551.464 198.699 -532.514 
v 551.464 199.301 -532.514 
v 551.47 199.416 -532.492 
v 551.487 199.513 -532.429 
v 551.512 199.578 -532.335 
v 551.524 199.601 -532.219 
v 551.473 198.399 -532.196 
v 551.444 198.422 -532.31 
v 551.403 198.487 -532.399 
v 551.375 198.584 -532.458 
v 551.365 198.699 -532.478 
v 551.365 199.301 -532.478 
v 551.375 199.416 -532.458 
v 551.403 199.513 -532.399 
v 551.444 199.578 -532.31 
v 551.473 199.601 -532.196 
v 551.435 198.399 -532.171 
v 551.381 198.422 -532.274 
v 551.325 198.487 -532.354 
v 551.288 198.584 -532.407 
v 551.275 198.699 -532.426 
v 551.275 199.301 -532.426 
v 551.288 199.416 -532.407 
v 551.325 199.513 -532.354 
v 551.381 199.578 -532.274 
v 551.435 199.601 -532.171 
v 551.407 198.399 -532.146 
v 551.326 198.422 -532.227 
v 551.257 198.487 -532.296 
v 551.21 198.584 -532.342 
v 551.194 198.699 -532.359 
v 551.194 199.301 -532.359 
v 551.21 199.416 -532.342 
v 551.257 199.513 -532.296 
v 551.326 199.578 -532.227 
v 551.407 199.601 -532.146 

vn 0.267717 -0.92126 0.267717 
vn 0 -1 0 
vn 0 -1 0 
vn 0.314961 -0.92126 0.220472 
vn 0.503937 -0.708661 0.503937 
vn 0.582677 -0.708661 0.409449 
vn 0.653543 -0.385827 0.653543 
vn 0.755906 -0.385827 0.527559 
vn 0.708661 0 0.708661 
vn 0.818898 0 0.574803 
vn 0.708661 0 0.708661 
vn 0.818898 0 0.574803 
vn 0.653543 0.385827 0.653543 
vn 0.755906 0.385827 0.527559 
vn 0.503937 0.708661 0.503937 
vn 0.582677 0.708661 0.409449 
vn 0.267717 0.92126 0.267717 
vn 0.314961 0.92126 0.220472 
vn 0 1 0 
vn 0 1 0 
vn 0 -1 0 
vn 0.346457 -0.92126 0.165354 
vn 0.637795 -0.708661 0.299213 
vn 0.834646 -0.385827 0.393701 
vn 0.905512 0 0.425197 
vn 0.905512 0 0.425197 
vn 0.834646 0.385827 0.393701 
vn 0.637795 0.708661 0.299213 
vn 0.346457 0.92126 0.165354 
vn 0 1 0 
vn 0 -1 0 
vn 0.370079 -0.92126 0.102362 
vn 0.685039 -0.708661 0.181102 
vn 0.889764 -0.385827 0.23622 
vn 0.968504 0 0.259843 
vn 0.968504 0 0.259843 
vn 0.889764 0.385827 0.23622 
vn 0.685039 0.708661 0.181102 
vn 0.370079 0.92126 0.102362 
vn 0 1 0 
vn 0 -1 0 
vn 0.377953 -0.92126 0.0314961 
vn 0.700787 -0.708661 0.0629921 
vn 0.92126 -0.385827 0.0787402 
vn 1 0 0.0866142 
vn 1 0 0.0866142 
vn 0.92126 0.385827 0.0787402 
vn 0.700787 0.708661 0.0629921 
vn 0.377953 0.92126 0.0314961 
vn 0 1 0 
vn 0 -1 0 
vn 0.377953 -0.92126 -0.0314961 
vn 0.700787 -0.708661 -0.0629921 
vn 0.92126 -0.385827 -0.0787402 
vn 1 0 -0.0866142 
vn 1 0 -0.0866142 
vn 0.92126 0.385827 -0.0787402 
vn 0.700787 0.708661 -0.0629921 
vn 0.377953 0.92126 -0.0314961 
vn 0 1 0 
vn 0 -1 0 
vn 0.370079 -0.92126 -0.102362 
vn 0.685039 -0.708661 -0.181102 
vn 0.889764 -0.385827 -0.23622 
vn 0.968504 0 -0.259843 
vn 0.968504 0 -0.259843 
vn 0.889764 0.385827 -0.23622 
vn 0.685039 0.708661 -0.181102 
vn 0.370079 0.92126 -0.102362 
vn 0 1 0 
vn 0 -1 0 
vn 0.346457 -0.92126 -0.165354 
vn 0.637795 -0.708661 -0.299213 
vn 0.834646 -0.385827 -0.393701 
vn 0.905512 0 -0.425197 
vn 0.905512 0 -0.425197 
vn 0.834646 0.385827 -0.393701 
vn 0.637795 0.708661 -0.299213 
vn 0.346457 0.92126 -0.165354 
vn 0 1 0 
vn 0 -1 0 
vn 0.314961 -0.92126 -0.220472 
vn 0.582677 -0.708661 -0.409449 
vn 0.755906 -0.385827 -0.527559 
vn 0.818898 0 -0.574803 
vn 0.818898 0 -0.574803 
vn 0.755906 0.385827 -0.527559 
vn 0.582677 0.708661 -0.409449 
vn 0.314961 0.92126 -0.220472 
vn 0 1 0 
vn 0 -1 0 
vn 0.267717 -0.92126 -0.267717 
vn 0.503937 -0.708661 -0.496063 
vn 0.653543 -0.385827 -0.653543 
vn 0.708661 0 -0.708661 
vn 0.708661 0 -0.708661 
vn 0.653543 0.385827 -0.653543 
vn 0.503937 0.708661 -0.496063 
vn 0.267717 0.92126 -0.267717 
vn 0 1 0 
vn 0 1 0 
vn 0 1 0 
vn 0 1 0 
vn 0 1 0 
vn 0 1 0 
vn 0 1 0 
vn 0 1 0 
vn 0 1 0 
vn 0 1 0 
vn 0 1 0 
vn 0 1 0 
vn 0 1 0 
vn 0 1 0 
vn 0 1 0 
vn 0 1 0 
vn 0 1 0 
vn 0 1 0 
vn 0 1 0 
vn 0 1 0 
vn 0 1 0 
vn 0 1 0 
vn 0 1 0 
vn 0 1 0 
vn 0 1 0 
vn 0 1 0 
vn 0 1 0 
vn 0 1 0 
vn 0 1 0 
vn 0 1 0 
vn 0 1 0 
vn 0 1 0 
vn 0 1 0 
vn 0 1 0 
vn 0 1 0 
vn 0 1 0 
vn 0 1 0 
vn 0 1 0 
vn -0.267717 -0.92126 0.267717 
vn 0 -1 0 
vn 0 -1 0 
vn -0.220472 -0.92126 0.314961 
vn -0.496063 -0.708661 0.503937 
vn -0.409449 -0.708661 0.582677 
vn -0.653543 -0.385827 0.653543 
vn -0.527559 -0.385827 0.755906 
vn -0.708661 0 0.708661 
vn -0.574803 0 0.818898 
vn -0.708661 0 0.708661 
vn -0.574803 0 0.818898 
vn -0.653543 0.385827 0.653543 
vn -0.527559 0.385827 0.755906 
vn -0.496063 0.708661 0.503937 
vn -0.409449 0.708661 0.582677 
vn -0.267717 0.92126 0.267717 
vn -0.220472 0.92126 0.314961 
vn 0 1 0 
vn 0 1 0 
vn 0 -1 0 
vn -0.165354 -0.92126 0.346457 
vn -0.299213 -0.708661 0.637795 
vn -0.393701 -0.385827 0.834646 
vn -0.425197 0 0.905512 
vn -0.425197 0 0.905512 
vn -0.393701 0.385827 0.834646 
vn -0.299213 0.708661 0.637795 
vn -0.165354 0.92126 0.346457 
vn 0 1 0 
vn 0 -1 0 
vn -0.102362 -0.92126 0.370079 
vn -0.181102 -0.708661 0.685039 
vn -0.23622 -0.385827 0.889764 
vn -0.259843 0 0.968504 
vn -0.259843 0 0.968504 
vn -0.23622 0.385827 0.889764 
vn -0.181102 0.708661 0.685039 
vn -0.102362 0.92126 0.370079 
vn 0 1 0 
vn 0 -1 0 
vn -0.0314961 -0.92126 0.377953 
vn -0.0629921 -0.708661 0.700787 
vn -0.0787402 -0.385827 0.92126 
vn -0.0866142 0 1 
vn -0.0866142 0 1 
vn -0.0787402 0.385827 0.92126 
vn -0.0629921 0.708661 0.700787 
vn -0.0314961 0.92126 0.377953 
vn 0 1 0 
vn 0 -1 0 
vn 0.0314961 -0.92126 0.377953 
vn 0.0629921 -0.708661 0.700787 
vn 0.0787402 -0.385827 0.92126 
vn 0.0866142 0 1 
vn 0.0866142 0 1 
vn 0.0787402 0.385827 0.92126 
vn 0.0629921 0.708661 0.700787 
vn 0.0314961 0.92126 0.377953 
vn 0 1 0 
vn 0 -1 0 
vn 0.102362 -0.92126 0.370079 
vn 0.181102 -0.708661 0.685039 
vn 0.23622 -0.385827 0.889764 
vn 0.259843 0 0.968504 
vn 0.259843 0 0.968504 
vn 0.23622 0.385827 0.889764 
vn 0.181102 0.708661 0.685039 
vn 0.102362 0.92126 0.370079 
vn 0 1 0 
vn 0 -1 0 
vn 0.165354 -0.92126 0.346457 
vn 0.299213 -0.708661 0.637795 
vn 0.393701 -0.385827 0.834646 
vn 0.425197 0 0.905512 
vn 0.425197 0 0.905512 
vn 0.393701 0.385827 0.834646 
vn 0.299213 0.708661 0.637795 
vn 0.165354 0.92126 0.346457 
vn 0 1 0 
vn 0 -1 0 
vn 0.220472 -0.92126 0.314961 
vn 0.409449 -0.708661 0.582677 
vn 0.527559 -0.385827 0.755906 
vn 0.574803 0 0.818898 
vn 0.574803 0 0.818898 
vn 0.527559 0.385827 0.755906 
vn 0.409449 0.708661 0.582677 
vn 0.220472 0.92126 0.314961 
vn 0 1 0 
vn -0.267717 -0.92126 -0.267717 
vn 0 -1 0 
vn 0 -1 0 
vn -0.314961 -0.92126 -0.220472 
vn -0.496063 -0.708661 -0.496063 
vn -0.582677 -0.708661 -0.409449 
vn -0.653543 -0.385827 -0.653543 
vn -0.755906 -0.385827 -0.527559 
vn -0.708661 0 -0.708661 
vn -0.818898 0 -0.574803 
vn -0.708661 0 -0.708661 
vn -0.818898 0 -0.574803 
vn -0.653543 0.385827 -0.653543 
vn -0.755906 0.385827 -0.527559 
vn -0.496063 0.708661 -0.496063 
vn -0.582677 0.708661 -0.409449 
vn -0.267717 0.92126 -0.267717 
vn -0.314961 0.92126 -0.220472 
vn 0 1 0 
vn 0 1 0 
vn 0 -1 0 
vn -0.346457 -0.92126 -0.165354 
vn -0.637795 -0.708661 -0.299213 
vn -0.834646 -0.385827 -0.393701 
vn -0.905512 0 -0.425197 
vn -0.905512 0 -0.425197 
vn -0.834646 0.385827 -0.393701 
vn -0.637795 0.708661 -0.299213 
vn -0.346457 0.92126 -0.165354 
vn 0 1 0 
vn 0 -1 0 
vn -0.370079 -0.92126 -0.102362 
vn -0.685039 -0.708661 -0.181102 
vn -0.889764 -0.385827 -0.23622 
vn -0.968504 0 -0.259843 
vn -0.968504 0 -0.259843 
vn -0.889764 0.385827 -0.23622 
vn -0.685039 0.708661 -0.181102 
vn -0.370079 0.92126 -0.102362 
vn 0 1 0 
vn 0 -1 0 
vn -0.377953 -0.92126 -0.0314961 
vn -0.700787 -0.708661 -0.0629921 
vn -0.92126 -0.385827 -0.0787402 
vn -1 0 -0.0866142 
vn -1 0 -0.0866142 
vn -0.92126 0.385827 -0.0787402 
vn -0.700787 0.708661 -0.0629921 
vn -0.377953 0.92126 -0.0314961 
vn 0 1 0 
vn 0 -1 0 
vn -0.377953 -0.92126 0.0314961 
vn -0.700787 -0.708661 0.0629921 
vn -0.92126 -0.385827 0.0787402 
vn -1 0 0.0866142 
vn -1 0 0.0866142 
vn -0.92126 0.385827 0.0787402 
vn -0.700787 0.708661 0.0629921 
vn -0.377953 0.92126 0.0314961 
vn 0 1 0 
vn 0 -1 0 
vn -0.370079 -0.92126 0.102362 
vn -0.685039 -0.708661 0.181102 
vn -0.889764 -0.385827 0.23622 
vn -0.968504 0 0.259843 
vn -0.968504 0 0.259843 
vn -0.889764 0.385827 0.23622 
vn -0.685039 0.708661 0.181102 
vn -0.370079 0.92126 0.102362 
vn 0 1 0 
vn 0 -1 0 
vn -0.346457 -0.92126 0.165354 
vn -0.637795 -0.708661 0.299213 
vn -0.834646 -0.385827 0.393701 
vn -0.905512 0 0.425197 
vn -0.905512 0 0.425197 
vn -0.834646 0.385827 0.393701 
vn -0.637795 0.708661 0.299213 
vn -0.346457 0.92126 0.165354 
vn 0 1 0 
vn 0 -1 0 
vn -0.314961 -0.92126 0.220472 
vn -0.582677 -0.708661 0.409449 
vn -0.755906 -0.385827 0.527559 
vn -0.818898 0 0.574803 
vn -0.818898 0 0.574803 
vn -0.755906 0.385827 0.527559 
vn -0.582677 0.708661 0.409449 
vn -0.314961 0.92126 0.220472 
vn 0 1 0 
vn 0 -1 0 
vn 0 -1 0 
vn 0 -1 0 
vn 0 -1 0 
vn 0 -1 0 
vn 0 -1 0 
vn 0 -1 0 
vn 0 -1 0 
vn 0 -1 0 
vn 0 -1 0 
vn 0 -1 0 
vn 0 -1 0 
vn 0 -1 0 
vn 0 -1 0 
vn 0 -1 0 
vn 0 -1 0 
vn 0 -1 0 
vn 0 -1 0 
vn 0 -1 0 
vn 0 -1 0 
vn 0 -1 0 
vn 0 -1 0 
vn 0 -1 0 
vn 0 -1 0 
vn 0 -1 0 
vn 0 -1 0 
vn 0 -1 0 
vn 0 -1 0 
vn 0 -1 0 
vn 0 -1 0 
vn 0 -1 0 
vn 0 -1 0 
vn 0 -1 0 
vn 0 -1 0 
vn 0 -1 0 
vn 0 -1 0 
vn 0 -1 0 
vn 0 -1 0 
vn 0 -1 0 
vn 0 -1 0 
vn 0 -1 0 
vn 0 -1 0 
vn 0 -1 0 
vn 0 -1 0 
vn 0 -1 0 
vn 0 -1 0 
vn 0 -1 0 
vn 0 -1 0 
vn 0 -1 0 
vn 0 -1 0 
vn 0 -1 0 
vn 0 -1 0 
vn 0 -1 0 
vn 0 -1 0 
vn 0 -1 0 
vn 0 -1 0 
vn 0 -1 0 
vn 0 -1 0 
vn 0 -1 0 
vn 0 -1 0 
vn 0 -1 0 
vn 0 -1 0 
vn 0 -1 0 
vn 0 -1 0 
vn 0 -1 0 
vn 0 -1 0 
vn 0 -1 0 
vn 0 -1 0 
vn 0 -1 0 
vn 0 -1 0 
vn 0 -1 0 
vn 0 -1 0 
vn 0 -1 0 
vn 0 -1 0 
vn 0 -1 0 
vn 0 -1 0 
vn 0 -1 0 
vn 0 -1 0 
vn 0 -1 0 
vn 0 -1 0 
vn 0 -1 0 
vn 0 -1 0 
vn 0 -1 0 
vn 0 -1 0 
vn 0 -1 0 
vn 0 -1 0 
vn 0 -1 0 
vn 0 -1 0 
vn 0 -1 0 
vn 0 -1 0 
vn 0 -1 0 
vn 0 -1 0 
vn 0 -1 0 
vn 0 -1 0 
vn 0 -1 0 
vn 0 -1 0 
vn 0 -1 0 
vn 0 -1 0 
vn 0 -1 0 
vn 0 -1 0 
vn 0.267717 -0.92126 -0.267717 
vn 0 -1 0 
vn 0 -1 0 
vn 0.220472 -0.92126 -0.314961 
vn 0.503937 -0.708661 -0.496063 
vn 0.409449 -0.708661 -0.582677 
vn 0.653543 -0.385827 -0.653543 
vn 0.527559 -0.385827 -0.755906 
vn 0.708661 0 -0.708661 
vn 0.574803 0 -0.818898 
vn 0.708661 0 -0.708661 
vn 0.574803 0 -0.818898 
vn 0.653543 0.385827 -0.653543 
vn 0.527559 0.385827 -0.755906 
vn 0.503937 0.708661 -0.496063 
vn 0.409449 0.708661 -0.582677 
vn 0.267717 0.92126 -0.267717 
vn 0.220472 0.92126 -0.314961 
vn 0 1 0 
vn 0 1 0 
vn 0 -1 0 
vn 0.165354 -0.92126 -0.346457 
vn 0.299213 -0.708661 -0.637795 
vn 0.393701 -0.385827 -0.834646 
vn 0.425197 0 -0.905512 
vn 0.425197 0 -0.905512 
vn 0.393701 0.385827 -0.834646 
vn 0.299213 0.708661 -0.637795 
vn 0.165354 0.92126 -0.346457 
vn 0 1 0 
vn 0 -1 0 
vn 0.102362 -0.92126 -0.370079 
vn 0.181102 -0.708661 -0.685039 
vn 0.23622 -0.385827 -0.889764 
vn 0.259843 0 -0.968504 
vn 0.259843 0 -0.968504 
vn 0.23622 0.385827 -0.889764 
vn 0.181102 0.708661 -0.685039 
vn 0.102362 0.92126 -0.370079 
vn 0 1 0 
vn 0 -1 0 
vn 0.0314961 -0.92126 -0.377953 
vn 0.0629921 -0.708661 -0.700787 
vn 0.0787402 -0.385827 -0.92126 
vn 0.0866142 0 -1 
vn 0.0866142 0 -1 
vn 0.0787402 0.385827 -0.92126 
vn 0.0629921 0.708661 -0.700787 
vn 0.0314961 0.92126 -0.377953 
vn 0 1 0 
vn 0 -1 0 
vn -0.0314961 -0.92126 -0.377953 
vn -0.0629921 -0.708661 -0.700787 
vn -0.0787402 -0.385827 -0.92126 
vn -0.0866142 0 -1 
vn -0.0866142 0 -1 
vn -0.0787402 0.385827 -0.92126 
vn -0.0629921 0.708661 -0.700787 
vn -0.0314961 0.92126 -0.377953 
vn 0 1 0 
vn 0 -1 0 
vn -0.102362 -0.92126 -0.370079 
vn -0.181102 -0.708661 -0.685039 
vn -0.23622 -0.385827 -0.889764 
vn -0.259843 0 -0.968504 
vn -0.259843 0 -0.968504 
vn -0.23622 0.385827 -0.889764 
vn -0.181102 0.708661 -0.685039 
vn -0.102362 0.92126 -0.370079 
vn 0 1 0 
vn 0 -1 0 
vn -0.165354 -0.92126 -0.346457 
vn -0.299213 -0.708661 -0.637795 
vn -0.393701 -0.385827 -0.834646 
vn -0.425197 0 -0.905512 
vn -0.425197 0 -0.905512 
vn -0.393701 0.385827 -0.834646 
vn -0.299213 0.708661 -0.637795 
vn -0.165354 0.92126 -0.346457 
vn 0 1 0 
vn 0 -1 0 
vn -0.220472 -0.92126 -0.314961 
vn -0.409449 -0.708661 -0.582677 
vn -0.527559 -0.385827 -0.755906 
vn -0.574803 0 -0.818898 
vn -0.574803 0 -0.818898 
vn -0.527559 0.385827 -0.755906 
vn -0.409449 0.708661 -0.582677 
vn -0.220472 0.92126 -0.314961 
vn 0 1 0 
vn 0 -1 0 
vn -0.267717 -0.92126 -0.267717 
vn -0.496063 -0.708661 -0.496063 
vn -0.653543 -0.385827 -0.653543 
vn -0.708661 0 -0.708661 
vn -0.708661 0 -0.708661 
vn -0.653543 0.385827 -0.653543 
vn -0.496063 0.708661 -0.496063 
vn -0.267717 0.92126 -0.267717 
vn 0 1 0 

vt 0.880859 0.984375 
vt 0.880859 0.984375 
vt 0.880859 0.984375 
vt 0.880859 0.984375 
vt 0.880859 0.984375 
vt 0.880859 0.984375 
vt 0.880859 0.984375 
vt 0.880859 0.984375 
vt 0.880859 0.984375 
vt 0.880859 0.984375 
vt 0.880859 0.984375 
vt 0.880859 0.984375 
vt 0.880859 0.984375 
vt 0.880859 0.984375 
vt 0.880859 0.984375 
vt 0.880859 0.984375 
vt 0.880859 0.984375 
vt 0.880859 0.984375 
vt 0.880859 0.984375 
vt 0.880859 0.984375 
vt 0.880859 0.984375 
vt 0.880859 0.984375 
vt 0.880859 0.984375 
vt 0.880859 0.984375 
vt 0.880859 0.984375 
vt 0.880859 0.984375 
vt 0.880859 0.984375 
vt 0.880859 0.984375 
vt 0.880859 0.984375 
vt 0.880859 0.984375 
vt 0.880859 0.984375 
vt 0.880859 0.984375 
vt 0.880859 0.984375 
vt 0.880859 0.984375 
vt 0.880859 0.984375 
vt 0.880859 0.984375 
vt 0.880859 0.984375 
vt 0.880859 0.984375 
vt 0.880859 0.984375 
vt 0.880859 0.984375 
vt 0.880859 0.984375 
vt 0.880859 0.984375 
vt 0.880859 0.984375 
vt 0.880859 0.984375 
vt 0.880859 0.984375 
vt 0.880859 0.984375 
vt 0.880859 0.984375 
vt 0.880859 0.984375 
vt 0.880859 0.984375 
vt 0.880859 0.984375 
vt 0.880859 0.984375 
vt 0.880859 0.984375 
vt 0.880859 0.984375 
vt 0.880859 0.984375 
vt 0.880859 0.984375 
vt 0.880859 0.984375 
vt 0.880859 0.984375 
vt 0.880859 0.984375 
vt 0.880859 0.984375 
vt 0.880859 0.984375 
vt 0.880859 0.984375 
vt 0.880859 0.984375 
vt 0.880859 0.984375 
vt 0.880859 0.984375 
vt 0.880859 0.984375 
vt 0.880859 0.984375 
vt 0.880859 0.984375 
vt 0.880859 0.984375 
vt 0.880859 0.984375 
vt 0.880859 0.984375 
vt 0.880859 0.984375 
vt 0.880859 0.984375 
vt 0.880859 0.984375 
vt 0.880859 0.984375 
vt 0.880859 0.984375 
vt 0.880859 0.984375 
vt 0.880859 0.984375 
vt 0.880859 0.984375 
vt 0.880859 0.984375 
vt 0.880859 0.984375 
vt 0.880859 0.984375 
vt 0.880859 0.984375 
vt 0.880859 0.984375 
vt 0.880859 0.984375 
vt 0.880859 0.984375 
vt 0.880859 0.984375 
vt 0.880859 0.984375 
vt 0.880859 0.984375 
vt 0.880859 0.984375 
vt 0.880859 0.984375 
vt 0.880859 0.984375 
vt 0.880859 0.984375 
vt 0.880859 0.984375 
vt 0.880859 0.984375 
vt 0.880859 0.984375 
vt 0.880859 0.984375 
vt 0.880859 0.984375 
vt 0.880859 0.984375 
vt 0.880859 0.984375 
vt 0.880859 0.984375 
vt 0.880859 0.984375 
vt 0.880859 0.984375 
vt 0.880859 0.984375 
vt 0.880859 0.984375 
vt 0.880859 0.984375 
vt 0.880859 0.984375 
vt 0.880859 0.984375 
vt 0.880859 0.984375 
vt 0.880859 0.984375 
vt 0.880859 0.984375 
vt 0.880859 0.984375 
vt 0.880859 0.984375 
vt 0.880859 0.984375 
vt 0.880859 0.984375 
vt 0.880859 0.984375 
vt 0.880859 0.984375 
vt 0.880859 0.984375 
vt 0.880859 0.984375 
vt 0.880859 0.984375 
vt 0.880859 0.984375 
vt 0.880859 0.984375 
vt 0.880859 0.984375 
vt 0.880859 0.984375 
vt 0.880859 0.984375 
vt 0.880859 0.984375 
vt 0.880859 0.984375 
vt 0.880859 0.984375 
vt 0.880859 0.984375 
vt 0.880859 0.984375 
vt 0.880859 0.984375 
vt 0.880859 0.984375 
vt 0.880859 0.984375 
vt 0.880859 0.984375 
vt 0.880859 0.984375 
vt 0.880859 0.984375 
vt 0.880859 0.984375 
vt 0.880859 0.984375 
vt 0.880859 0.984375 
vt 0.880859 0.984375 
vt 0.880859 0.984375 
vt 0.880859 0.984375 
vt 0.880859 0.984375 
vt 0.880859 0.984375 
vt 0.880859 0.984375 
vt 0.880859 0.984375 
vt 0.880859 0.984375 
vt 0.880859 0.984375 
vt 0.880859 0.984375 
vt 0.880859 0.984375 
vt 0.880859 0.984375 
vt 0.880859 0.984375 
vt 0.880859 0.984375 
vt 0.880859 0.984375 
vt 0.880859 0.984375 
vt 0.880859 0.984375 
vt 0.880859 0.984375 
vt 0.880859 0.984375 
vt 0.880859 0.984375 
vt 0.880859 0.984375 
vt 0.880859 0.984375 
vt 0.880859 0.984375 
vt 0.880859 0.984375 
vt 0.880859 0.984375 
vt 0.880859 0.984375 
vt 0.880859 0.984375 
vt 0.880859 0.984375 
vt 0.880859 0.984375 
vt 0.880859 0.984375 
vt 0.880859 0.984375 
vt 0.880859 0.984375 
vt 0.880859 0.984375 
vt 0.880859 0.984375 
vt 0.880859 0.984375 
vt 0.880859 0.984375 
vt 0.880859 0.984375 
vt 0.880859 0.984375 
vt 0.880859 0.984375 
vt 0.880859 0.984375 
vt 0.880859 0.984375 
vt 0.880859 0.984375 
vt 0.880859 0.984375 
vt 0.880859 0.984375 
vt 0.880859 0.984375 
vt 0.880859 0.984375 
vt 0.880859 0.984375 
vt 0.880859 0.984375 
vt 0.880859 0.984375 
vt 0.880859 0.984375 
vt 0.880859 0.984375 
vt 0.880859 0.984375 
vt 0.880859 0.984375 
vt 0.880859 0.984375 
vt 0.880859 0.984375 
vt 0.880859 0.984375 
vt 0.880859 0.984375 
vt 0.880859 0.984375 
vt 0.880859 0.984375 
vt 0.880859 0.984375 
vt 0.880859 0.984375 
vt 0.880859 0.984375 
vt 0.880859 0.984375 
vt 0.880859 0.984375 
vt 0.880859 0.984375 
vt 0.880859 0.984375 
vt 0.880859 0.984375 
vt 0.880859 0.984375 
vt 0.880859 0.984375 
vt 0.880859 0.984375 
vt 0.880859 0.984375 
vt 0.880859 0.984375 
vt 0.880859 0.984375 
vt 0.880859 0.984375 
vt 0.880859 0.984375 
vt 0.880859 0.984375 
vt 0.880859 0.984375 
vt 0.880859 0.984375 
vt 0.880859 0.984375 
vt 0.880859 0.984375 
vt 0.880859 0.984375 
vt 0.880859 0.984375 
vt 0.880859 0.984375 
vt 0.880859 0.984375 
vt 0.880859 0.984375 
vt 0.880859 0.984375 
vt 0.880859 0.984375 
vt 0.880859 0.984375 
vt 0.880859 0.984375 
vt 0.880859 0.984375 
vt 0.880859 0.984375 
vt 0.880859 0.984375 
vt 0.880859 0.984375 
vt 0.880859 0.984375 
vt 0.880859 0.984375 
vt 0.880859 0.984375 
vt 0.880859 0.984375 
vt 0.880859 0.984375 
vt 0.880859 0.984375 
vt 0.880859 0.984375 
vt 0.880859 0.984375 
vt 0.880859 0.984375 
vt 0.880859 0.984375 
vt 0.880859 0.984375 
vt 0.880859 0.984375 
vt 0.880859 0.984375 
vt 0.880859 0.984375 
vt 0.880859 0.984375 
vt 0.880859 0.984375 
vt 0.880859 0.984375 
vt 0.880859 0.984375 
vt 0.880859 0.984375 
vt 0.880859 0.984375 
vt 0.880859 0.984375 
vt 0.880859 0.984375 
vt 0.880859 0.984375 
vt 0.880859 0.984375 
vt 0.880859 0.984375 
vt 0.880859 0.984375 
vt 0.880859 0.984375 
vt 0.880859 0.984375 
vt 0.880859 0.984375 
vt 0.880859 0.984375 
vt 0.880859 0.984375 
vt 0.880859 0.984375 
vt 0.880859 0.984375 
vt 0.880859 0.984375 
vt 0.880859 0.984375 
vt 0.880859 0.984375 
vt 0.880859 0.984375 
vt 0.880859 0.984375 
vt 0.880859 0.984375 
vt 0.880859 0.984375 
vt 0.880859 0.984375 
vt 0.880859 0.984375 
vt 0.880859 0.984375 
vt 0.880859 0.984375 
vt 0.880859 0.984375 
vt 0.880859 0.984375 
vt 0.880859 0.984375 
vt 0.880859 0.984375 
vt 0.880859 0.984375 
vt 0.880859 0.984375 
vt 0.880859 0.984375 
vt 0.880859 0.984375 
vt 0.880859 0.984375 
vt 0.880859 0.984375 
vt 0.880859 0.984375 
vt 0.880859 0.984375 
vt 0.880859 0.984375 
vt 0.880859 0.984375 
vt 0.880859 0.984375 
vt 0.880859 0.984375 
vt 0.880859 0.984375 
vt 0.880859 0.984375 
vt 0.880859 0.984375 
vt 0.880859 0.984375 
vt 0.880859 0.984375 
vt 0.880859 0.984375 
vt 0.880859 0.984375 
vt 0.880859 0.984375 
vt 0.880859 0.984375 
vt 0.880859 0.984375 
vt 0.880859 0.984375 
vt 0.880859 0.984375 
vt 0.880859 0.984375 
vt 0.880859 0.984375 
vt 0.880859 0.984375 
vt 0.880859 0.984375 
vt 0.880859 0.984375 
vt 0.880859 0.984375 
vt 0.880859 0.984375 
vt 0.880859 0.984375 
vt 0.880859 0.984375 
vt 0.880859 0.984375 
vt 0.880859 0.984375 
vt 0.880859 0.984375 
vt 0.880859 0.984375 
vt 0.880859 0.984375 
vt 0.880859 0.984375 
vt 0.880859 0.984375 
vt 0.880859 0.984375 
vt 0.880859 0.984375 
vt 0.880859 0.984375 
vt 0.880859 0.984375 
vt 0.880859 0.984375 
vt 0.880859 0.984375 
vt 0.880859 0.984375 
vt 0.880859 0.984375 
vt 0.880859 0.984375 
vt 0.880859 0.984375 
vt 0.880859 0.984375 
vt 0.880859 0.984375 
vt 0.880859 0.984375 
vt 0.880859 0.984375 
vt 0.880859 0.984375 
vt 0.880859 0.984375 
vt 0.880859 0.984375 
vt 0.880859 0.984375 
vt 0.880859 0.984375 
vt 0.880859 0.984375 
vt 0.880859 0.984375 
vt 0.880859 0.984375 
vt 0.880859 0.984375 
vt 0.880859 0.984375 
vt 0.880859 0.984375 
vt 0.880859 0.984375 
vt 0.880859 0.984375 
vt 0.880859 0.984375 
vt 0.880859 0.984375 
vt 0.880859 0.984375 
vt 0.880859 0.984375 
vt 0.880859 0.984375 
vt 0.880859 0.984375 
vt 0.880859 0.984375 
vt 0.880859 0.984375 
vt 0.880859 0.984375 
vt 0.880859 0.984375 
vt 0.880859 0.984375 
vt 0.880859 0.984375 
vt 0.880859 0.984375 
vt 0.880859 0.984375 
vt 0.880859 0.984375 
vt 0.880859 0.984375 
vt 0.880859 0.984375 
vt 0.880859 0.984375 
vt 0.880859 0.984375 
vt 0.880859 0.984375 
vt 0.880859 0.984375 
vt 0.880859 0.984375 
vt 0.880859 0.984375 
vt 0.880859 0.984375 
vt 0.880859 0.984375 
vt 0.880859 0.984375 
vt 0.880859 0.984375 
vt 0.880859 0.984375 
vt 0.880859 0.984375 
vt 0.880859 0.984375 
vt 0.880859 0.984375 
vt 0.880859 0.984375 
vt 0.880859 0.984375 
vt 0.880859 0.984375 
vt 0.880859 0.984375 
vt 0.880859 0.984375 
vt 0.880859 0.984375 
vt 0.880859 0.984375 
vt 0.880859 0.984375 
vt 0.880859 0.984375 
vt 0.880859 0.984375 
vt 0.880859 0.984375 
vt 0.880859 0.984375 
vt 0.880859 0.984375 
vt 0.880859 0.984375 
vt 0.880859 0.984375 
vt 0.880859 0.984375 
vt 0.880859 0.984375 
vt 0.880859 0.984375 
vt 0.880859 0.984375 
vt 0.880859 0.984375 
vt 0.880859 0.984375 
vt 0.880859 0.984375 
vt 0.880859 0.984375 
vt 0.880859 0.984375 
vt 0.880859 0.984375 
vt 0.880859 0.984375 
vt 0.880859 0.984375 
vt 0.880859 0.984375 
vt 0.880859 0.984375 
vt 0.880859 0.984375 
vt 0.880859 0.984375 
vt 0.880859 0.984375 
vt 0.880859 0.984375 
vt 0.880859 0.984375 
vt 0.880859 0.984375 
vt 0.880859 0.984375 
vt 0.880859 0.984375 
vt 0.880859 0.984375 
vt 0.880859 0.984375 
vt 0.880859 0.984375 
vt 0.909811 0.769788 
vt 0.917475 0.765625 
vt 0.921256 0.765625 
vt 0.91504 0.769788 
vt 0.903314 0.781643 
vt 0.90977 0.781643 
vt 0.898973 0.799384 
vt 0.906249 0.799384 
vt 0.897449 0.820312 
vt 0.905012 0.820312 
vt 0.897449 0.929688 
vt 0.905012 0.929688 
vt 0.898973 0.950616 
vt 0.906249 0.950616 
vt 0.903314 0.968357 
vt 0.90977 0.968357 
vt 0.909811 0.980212 
vt 0.91504 0.980212 
vt 0.917475 0.984375 
vt 0.921256 0.984375 
vt 0.925531 0.765625 
vt 0.920951 0.769788 
vt 0.917068 0.781643 
vt 0.914474 0.799384 
vt 0.913563 0.820312 
vt 0.913563 0.929688 
vt 0.914474 0.950616 
vt 0.917068 0.968357 
vt 0.920951 0.980212 
vt 0.925531 0.984375 
vt 0.93017 0.765625 
vt 0.927365 0.769788 
vt 0.924987 0.781643 
vt 0.923398 0.799384 
vt 0.92284 0.820312 
vt 0.92284 0.929688 
vt 0.923398 0.950616 
vt 0.924987 0.968357 
vt 0.927365 0.980212 
vt 0.93017 0.984375 
vt 0.935032 0.765625 
vt 0.934087 0.769788 
vt 0.933286 0.781643 
vt 0.932751 0.799384 
vt 0.932563 0.820312 
vt 0.932563 0.929688 
vt 0.932751 0.950616 
vt 0.933286 0.968357 
vt 0.934087 0.980212 
vt 0.935032 0.984375 
vt 0.939968 0.765625 
vt 0.940913 0.769788 
vt 0.941714 0.781643 
vt 0.942249 0.799384 
vt 0.942437 0.820312 
vt 0.942437 0.929688 
vt 0.942249 0.950616 
vt 0.941714 0.968357 
vt 0.940913 0.980212 
vt 0.939968 0.984375 
vt 0.94483 0.765625 
vt 0.947635 0.769788 
vt 0.950013 0.781643 
vt 0.951602 0.799384 
vt 0.95216 0.820312 
vt 0.95216 0.929688 
vt 0.951602 0.950616 
vt 0.950013 0.968357 
vt 0.947635 0.980212 
vt 0.94483 0.984375 
vt 0.949469 0.765625 
vt 0.954049 0.769788 
vt 0.957932 0.781643 
vt 0.960526 0.799384 
vt 0.961437 0.820312 
vt 0.961437 0.929688 
vt 0.960526 0.950616 
vt 0.957932 0.968357 
vt 0.954049 0.980212 
vt 0.949469 0.984375 
vt 0.953744 0.765625 
vt 0.95996 0.769788 
vt 0.96523 0.781643 
vt 0.968751 0.799384 
vt 0.969988 0.820312 
vt 0.969988 0.929688 
vt 0.968751 0.950616 
vt 0.96523 0.968357 
vt 0.95996 0.980212 
vt 0.953744 0.984375 
vt 0.957525 0.765625 
vt 0.965189 0.769788 
vt 0.971686 0.781643 
vt 0.976027 0.799384 
vt 0.977551 0.820312 
vt 0.977551 0.929688 
vt 0.976027 0.950616 
vt 0.971686 0.968357 
vt 0.965189 0.980212 
vt 0.957525 0.984375 

usemtl Handle1Mtl

f 3828/3828/3828 3829/3829/3829 3830/3830/3830 
f 3830/3830/3830 3831/3831/3831 3828/3828/3828 
f 3832/3832/3832 3828/3828/3828 3831/3831/3831 
f 3831/3831/3831 3833/3833/3833 3832/3832/3832 
f 3834/3834/3834 3832/3832/3832 3833/3833/3833 
f 3833/3833/3833 3835/3835/3835 3834/3834/3834 
f 3836/3836/3836 3834/3834/3834 3835/3835/3835 
f 3835/3835/3835 3837/3837/3837 3836/3836/3836 
f 3838/3838/3838 3836/3836/3836 3837/3837/3837 
f 3837/3837/3837 3839/3839/3839 3838/3838/3838 
f 3840/3840/3840 3838/3838/3838 3839/3839/3839 
f 3839/3839/3839 3841/3841/3841 3840/3840/3840 
f 3842/3842/3842 3840/3840/3840 3841/3841/3841 
f 3841/3841/3841 3843/3843/3843 3842/3842/3842 
f 3844/3844/3844 3842/3842/3842 3843/3843/3843 
f 3843/3843/3843 3845/3845/3845 3844/3844/3844 
f 3846/3846/3846 3844/3844/3844 3845/3845/3845 
f 3845/3845/3845 3847/3847/3847 3846/3846/3846 
f 3831/3831/3831 3830/3830/3830 3848/3848/3848 
f 3848/3848/3848 3849/3849/3849 3831/3831/3831 
f 3833/3833/3833 3831/3831/3831 3849/3849/3849 
f 3849/3849/3849 3850/3850/3850 3833/3833/3833 
f 3835/3835/3835 3833/3833/3833 3850/3850/3850 
f 3850/3850/3850 3851/3851/3851 3835/3835/3835 
f 3837/3837/3837 3835/3835/3835 3851/3851/3851 
f 3851/3851/3851 3852/3852/3852 3837/3837/3837 
f 3839/3839/3839 3837/3837/3837 3852/3852/3852 
f 3852/3852/3852 3853/3853/3853 3839/3839/3839 
f 3841/3841/3841 3839/3839/3839 3853/3853/3853 
f 3853/3853/3853 3854/3854/3854 3841/3841/3841 
f 3843/3843/3843 3841/3841/3841 3854/3854/3854 
f 3854/3854/3854 3855/3855/3855 3843/3843/3843 
f 3845/3845/3845 3843/3843/3843 3855/3855/3855 
f 3855/3855/3855 3856/3856/3856 3845/3845/3845 
f 3847/3847/3847 3845/3845/3845 3856/3856/3856 
f 3856/3856/3856 3857/3857/3857 3847/3847/3847 
f 3849/3849/3849 3848/3848/3848 3858/3858/3858 
f 3858/3858/3858 3859/3859/3859 3849/3849/3849 
f 3850/3850/3850 3849/3849/3849 3859/3859/3859 
f 3859/3859/3859 3860/3860/3860 3850/3850/3850 
f 3851/3851/3851 3850/3850/3850 3860/3860/3860 
f 3860/3860/3860 3861/3861/3861 3851/3851/3851 
f 3852/3852/3852 3851/3851/3851 3861/3861/3861 
f 3861/3861/3861 3862/3862/3862 3852/3852/3852 
f 3853/3853/3853 3852/3852/3852 3862/3862/3862 
f 3862/3862/3862 3863/3863/3863 3853/3853/3853 
f 3854/3854/3854 3853/3853/3853 3863/3863/3863 
f 3863/3863/3863 3864/3864/3864 3854/3854/3854 
f 3855/3855/3855 3854/3854/3854 3864/3864/3864 
f 3864/3864/3864 3865/3865/3865 3855/3855/3855 
f 3856/3856/3856 3855/3855/3855 3865/3865/3865 
f 3865/3865/3865 3866/3866/3866 3856/3856/3856 
f 3857/3857/3857 3856/3856/3856 3866/3866/3866 
f 3866/3866/3866 3867/3867/3867 3857/3857/3857 
f 3859/3859/3859 3858/3858/3858 3868/3868/3868 
f 3868/3868/3868 3869/3869/3869 3859/3859/3859 
f 3860/3860/3860 3859/3859/3859 3869/3869/3869 
f 3869/3869/3869 3870/3870/3870 3860/3860/3860 
f 3861/3861/3861 3860/3860/3860 3870/3870/3870 
f 3870/3870/3870 3871/3871/3871 3861/3861/3861 
f 3862/3862/3862 3861/3861/3861 3871/3871/3871 
f 3871/3871/3871 3872/3872/3872 3862/3862/3862 
f 3863/3863/3863 3862/3862/3862 3872/3872/3872 
f 3872/3872/3872 3873/3873/3873 3863/3863/3863 
f 3864/3864/3864 3863/3863/3863 3873/3873/3873 
f 3873/3873/3873 3874/3874/3874 3864/3864/3864 
f 3865/3865/3865 3864/3864/3864 3874/3874/3874 
f 3874/3874/3874 3875/3875/3875 3865/3865/3865 
f 3866/3866/3866 3865/3865/3865 3875/3875/3875 
f 3875/3875/3875 3876/3876/3876 3866/3866/3866 
f 3867/3867/3867 3866/3866/3866 3876/3876/3876 
f 3876/3876/3876 3877/3877/3877 3867/3867/3867 
f 3869/3869/3869 3868/3868/3868 3878/3878/3878 
f 3878/3878/3878 3879/3879/3879 3869/3869/3869 
f 3870/3870/3870 3869/3869/3869 3879/3879/3879 
f 3879/3879/3879 3880/3880/3880 3870/3870/3870 
f 3871/3871/3871 3870/3870/3870 3880/3880/3880 
f 3880/3880/3880 3881/3881/3881 3871/3871/3871 
f 3872/3872/3872 3871/3871/3871 3881/3881/3881 
f 3881/3881/3881 3882/3882/3882 3872/3872/3872 
f 3873/3873/3873 3872/3872/3872 3882/3882/3882 
f 3882/3882/3882 3883/3883/3883 3873/3873/3873 
f 3874/3874/3874 3873/3873/3873 3883/3883/3883 
f 3883/3883/3883 3884/3884/3884 3874/3874/3874 
f 3875/3875/3875 3874/3874/3874 3884/3884/3884 
f 3884/3884/3884 3885/3885/3885 3875/3875/3875 
f 3876/3876/3876 3875/3875/3875 3885/3885/3885 
f 3885/3885/3885 3886/3886/3886 3876/3876/3876 
f 3877/3877/3877 3876/3876/3876 3886/3886/3886 
f 3886/3886/3886 3887/3887/3887 3877/3877/3877 
f 3879/3879/3879 3878/3878/3878 3888/3888/3888 
f 3888/3888/3888 3889/3889/3889 3879/3879/3879 
f 3880/3880/3880 3879/3879/3879 3889/3889/3889 
f 3889/3889/3889 3890/3890/3890 3880/3880/3880 
f 3881/3881/3881 3880/3880/3880 3890/3890/3890 
f 3890/3890/3890 3891/3891/3891 3881/3881/3881 
f 3882/3882/3882 3881/3881/3881 3891/3891/3891 
f 3891/3891/3891 3892/3892/3892 3882/3882/3882 
f 3883/3883/3883 3882/3882/3882 3892/3892/3892 
f 3892/3892/3892 3893/3893/3893 3883/3883/3883 
f 3884/3884/3884 3883/3883/3883 3893/3893/3893 
f 3893/3893/3893 3894/3894/3894 3884/3884/3884 
f 3885/3885/3885 3884/3884/3884 3894/3894/3894 
f 3894/3894/3894 3895/3895/3895 3885/3885/3885 
f 3886/3886/3886 3885/3885/3885 3895/3895/3895 
f 3895/3895/3895 3896/3896/3896 3886/3886/3886 
f 3887/3887/3887 3886/3886/3886 3896/3896/3896 
f 3896/3896/3896 3897/3897/3897 3887/3887/3887 
f 3889/3889/3889 3888/3888/3888 3898/3898/3898 
f 3898/3898/3898 3899/3899/3899 3889/3889/3889 
f 3890/3890/3890 3889/3889/3889 3899/3899/3899 
f 3899/3899/3899 3900/3900/3900 3890/3890/3890 
f 3891/3891/3891 3890/3890/3890 3900/3900/3900 
f 3900/3900/3900 3901/3901/3901 3891/3891/3891 
f 3892/3892/3892 3891/3891/3891 3901/3901/3901 
f 3901/3901/3901 3902/3902/3902 3892/3892/3892 
f 3893/3893/3893 3892/3892/3892 3902/3902/3902 
f 3902/3902/3902 3903/3903/3903 3893/3893/3893 
f 3894/3894/3894 3893/3893/3893 3903/3903/3903 
f 3903/3903/3903 3904/3904/3904 3894/3894/3894 
f 3895/3895/3895 3894/3894/3894 3904/3904/3904 
f 3904/3904/3904 3905/3905/3905 3895/3895/3895 
f 3896/3896/3896 3895/3895/3895 3905/3905/3905 
f 3905/3905/3905 3906/3906/3906 3896/3896/3896 
f 3897/3897/3897 3896/3896/3896 3906/3906/3906 
f 3906/3906/3906 3907/3907/3907 3897/3897/3897 
f 3899/3899/3899 3898/3898/3898 3908/3908/3908 
f 3908/3908/3908 3909/3909/3909 3899/3899/3899 
f 3900/3900/3900 3899/3899/3899 3909/3909/3909 
f 3909/3909/3909 3910/3910/3910 3900/3900/3900 
f 3901/3901/3901 3900/3900/3900 3910/3910/3910 
f 3910/3910/3910 3911/3911/3911 3901/3901/3901 
f 3902/3902/3902 3901/3901/3901 3911/3911/3911 
f 3911/3911/3911 3912/3912/3912 3902/3902/3902 
f 3903/3903/3903 3902/3902/3902 3912/3912/3912 
f 3912/3912/3912 3913/3913/3913 3903/3903/3903 
f 3904/3904/3904 3903/3903/3903 3913/3913/3913 
f 3913/3913/3913 3914/3914/3914 3904/3904/3904 
f 3905/3905/3905 3904/3904/3904 3914/3914/3914 
f 3914/3914/3914 3915/3915/3915 3905/3905/3905 
f 3906/3906/3906 3905/3905/3905 3915/3915/3915 
f 3915/3915/3915 3916/3916/3916 3906/3906/3906 
f 3907/3907/3907 3906/3906/3906 3916/3916/3916 
f 3916/3916/3916 3917/3917/3917 3907/3907/3907 
f 3909/3909/3909 3908/3908/3908 3918/3918/3918 
f 3918/3918/3918 3919/3919/3919 3909/3909/3909 
f 3910/3910/3910 3909/3909/3909 3919/3919/3919 
f 3919/3919/3919 3920/3920/3920 3910/3910/3910 
f 3911/3911/3911 3910/3910/3910 3920/3920/3920 
f 3920/3920/3920 3921/3921/3921 3911/3911/3911 
f 3912/3912/3912 3911/3911/3911 3921/3921/3921 
f 3921/3921/3921 3922/3922/3922 3912/3912/3912 
f 3913/3913/3913 3912/3912/3912 3922/3922/3922 
f 3922/3922/3922 3923/3923/3923 3913/3913/3913 
f 3914/3914/3914 3913/3913/3913 3923/3923/3923 
f 3923/3923/3923 3924/3924/3924 3914/3914/3914 
f 3915/3915/3915 3914/3914/3914 3924/3924/3924 
f 3924/3924/3924 3925/3925/3925 3915/3915/3915 
f 3916/3916/3916 3915/3915/3915 3925/3925/3925 
f 3925/3925/3925 3926/3926/3926 3916/3916/3916 
f 3917/3917/3917 3916/3916/3916 3926/3926/3926 
f 3926/3926/3926 3927/3927/3927 3917/3917/3917 
f 3928/3928/3928 3929/3929/3929 3930/3930/3930 
f 3928/3928/3928 3930/3930/3930 3931/3931/3931 
f 3928/3928/3928 3931/3931/3931 3932/3932/3932 
f 3928/3928/3928 3932/3932/3932 3933/3933/3933 
f 3928/3928/3928 3933/3933/3933 3934/3934/3934 
f 3928/3928/3928 3934/3934/3934 3935/3935/3935 
f 3928/3928/3928 3935/3935/3935 3936/3936/3936 
f 3928/3928/3928 3936/3936/3936 3937/3937/3937 
f 3928/3928/3928 3937/3937/3937 3938/3938/3938 
f 3928/3928/3928 3938/3938/3938 3939/3939/3939 
f 3928/3928/3928 3939/3939/3939 3940/3940/3940 
f 3928/3928/3928 3940/3940/3940 3941/3941/3941 
f 3928/3928/3928 3941/3941/3941 3942/3942/3942 
f 3928/3928/3928 3942/3942/3942 3943/3943/3943 
f 3928/3928/3928 3943/3943/3943 3944/3944/3944 
f 3928/3928/3928 3944/3944/3944 3945/3945/3945 
f 3928/3928/3928 3945/3945/3945 3946/3946/3946 
f 3928/3928/3928 3946/3946/3946 3947/3947/3947 
f 3928/3928/3928 3947/3947/3947 3948/3948/3948 
f 3928/3928/3928 3948/3948/3948 3949/3949/3949 
f 3928/3928/3928 3949/3949/3949 3950/3950/3950 
f 3928/3928/3928 3950/3950/3950 3951/3951/3951 
f 3928/3928/3928 3951/3951/3951 3952/3952/3952 
f 3928/3928/3928 3952/3952/3952 3953/3953/3953 
f 3928/3928/3928 3953/3953/3953 3954/3954/3954 
f 3928/3928/3928 3954/3954/3954 3955/3955/3955 
f 3928/3928/3928 3955/3955/3955 3956/3956/3956 
f 3928/3928/3928 3956/3956/3956 3957/3957/3957 
f 3928/3928/3928 3957/3957/3957 3958/3958/3958 
f 3928/3928/3928 3958/3958/3958 3959/3959/3959 
f 3928/3928/3928 3959/3959/3959 3960/3960/3960 
f 3928/3928/3928 3960/3960/3960 3961/3961/3961 
f 3928/3928/3928 3961/3961/3961 3962/3962/3962 
f 3928/3928/3928 3962/3962/3962 3963/3963/3963 
f 3928/3928/3928 3963/3963/3963 3964/3964/3964 
f 3928/3928/3928 3964/3964/3964 3929/3929/3929 
f 3965/3965/3965 3966/3966/3966 3967/3967/3967 
f 3967/3967/3967 3968/3968/3968 3965/3965/3965 
f 3969/3969/3969 3965/3965/3965 3968/3968/3968 
f 3968/3968/3968 3970/3970/3970 3969/3969/3969 
f 3971/3971/3971 3969/3969/3969 3970/3970/3970 
f 3970/3970/3970 3972/3972/3972 3971/3971/3971 
f 3973/3973/3973 3971/3971/3971 3972/3972/3972 
f 3972/3972/3972 3974/3974/3974 3973/3973/3973 
f 3975/3975/3975 3973/3973/3973 3974/3974/3974 
f 3974/3974/3974 3976/3976/3976 3975/3975/3975 
f 3977/3977/3977 3975/3975/3975 3976/3976/3976 
f 3976/3976/3976 3978/3978/3978 3977/3977/3977 
f 3979/3979/3979 3977/3977/3977 3978/3978/3978 
f 3978/3978/3978 3980/3980/3980 3979/3979/3979 
f 3981/3981/3981 3979/3979/3979 3980/3980/3980 
f 3980/3980/3980 3982/3982/3982 3981/3981/3981 
f 3983/3983/3983 3981/3981/3981 3982/3982/3982 
f 3982/3982/3982 3984/3984/3984 3983/3983/3983 
f 3968/3968/3968 3967/3967/3967 3985/3985/3985 
f 3985/3985/3985 3986/3986/3986 3968/3968/3968 
f 3970/3970/3970 3968/3968/3968 3986/3986/3986 
f 3986/3986/3986 3987/3987/3987 3970/3970/3970 
f 3972/3972/3972 3970/3970/3970 3987/3987/3987 
f 3987/3987/3987 3988/3988/3988 3972/3972/3972 
f 3974/3974/3974 3972/3972/3972 3988/3988/3988 
f 3988/3988/3988 3989/3989/3989 3974/3974/3974 
f 3976/3976/3976 3974/3974/3974 3989/3989/3989 
f 3989/3989/3989 3990/3990/3990 3976/3976/3976 
f 3978/3978/3978 3976/3976/3976 3990/3990/3990 
f 3990/3990/3990 3991/3991/3991 3978/3978/3978 
f 3980/3980/3980 3978/3978/3978 3991/3991/3991 
f 3991/3991/3991 3992/3992/3992 3980/3980/3980 
f 3982/3982/3982 3980/3980/3980 3992/3992/3992 
f 3992/3992/3992 3993/3993/3993 3982/3982/3982 
f 3984/3984/3984 3982/3982/3982 3993/3993/3993 
f 3993/3993/3993 3994/3994/3994 3984/3984/3984 
f 3986/3986/3986 3985/3985/3985 3995/3995/3995 
f 3995/3995/3995 3996/3996/3996 3986/3986/3986 
f 3987/3987/3987 3986/3986/3986 3996/3996/3996 
f 3996/3996/3996 3997/3997/3997 3987/3987/3987 
f 3988/3988/3988 3987/3987/3987 3997/3997/3997 
f 3997/3997/3997 3998/3998/3998 3988/3988/3988 
f 3989/3989/3989 3988/3988/3988 3998/3998/3998 
f 3998/3998/3998 3999/3999/3999 3989/3989/3989 
f 3990/3990/3990 3989/3989/3989 3999/3999/3999 
f 3999/3999/3999 4000/4000/4000 3990/3990/3990 
f 3991/3991/3991 3990/3990/3990 4000/4000/4000 
f 4000/4000/4000 4001/4001/4001 3991/3991/3991 
f 3992/3992/3992 3991/3991/3991 4001/4001/4001 
f 4001/4001/4001 4002/4002/4002 3992/3992/3992 
f 3993/3993/3993 3992/3992/3992 4002/4002/4002 
f 4002/4002/4002 4003/4003/4003 3993/3993/3993 
f 3994/3994/3994 3993/3993/3993 4003/4003/4003 
f 4003/4003/4003 4004/4004/4004 3994/3994/3994 
f 3996/3996/3996 3995/3995/3995 4005/4005/4005 
f 4005/4005/4005 4006/4006/4006 3996/3996/3996 
f 3997/3997/3997 3996/3996/3996 4006/4006/4006 
f 4006/4006/4006 4007/4007/4007 3997/3997/3997 
f 3998/3998/3998 3997/3997/3997 4007/4007/4007 
f 4007/4007/4007 4008/4008/4008 3998/3998/3998 
f 3999/3999/3999 3998/3998/3998 4008/4008/4008 
f 4008/4008/4008 4009/4009/4009 3999/3999/3999 
f 4000/4000/4000 3999/3999/3999 4009/4009/4009 
f 4009/4009/4009 4010/4010/4010 4000/4000/4000 
f 4001/4001/4001 4000/4000/4000 4010/4010/4010 
f 4010/4010/4010 4011/4011/4011 4001/4001/4001 
f 4002/4002/4002 4001/4001/4001 4011/4011/4011 
f 4011/4011/4011 4012/4012/4012 4002/4002/4002 
f 4003/4003/4003 4002/4002/4002 4012/4012/4012 
f 4012/4012/4012 4013/4013/4013 4003/4003/4003 
f 4004/4004/4004 4003/4003/4003 4013/4013/4013 
f 4013/4013/4013 4014/4014/4014 4004/4004/4004 
f 4006/4006/4006 4005/4005/4005 4015/4015/4015 
f 4015/4015/4015 4016/4016/4016 4006/4006/4006 
f 4007/4007/4007 4006/4006/4006 4016/4016/4016 
f 4016/4016/4016 4017/4017/4017 4007/4007/4007 
f 4008/4008/4008 4007/4007/4007 4017/4017/4017 
f 4017/4017/4017 4018/4018/4018 4008/4008/4008 
f 4009/4009/4009 4008/4008/4008 4018/4018/4018 
f 4018/4018/4018 4019/4019/4019 4009/4009/4009 
f 4010/4010/4010 4009/4009/4009 4019/4019/4019 
f 4019/4019/4019 4020/4020/4020 4010/4010/4010 
f 4011/4011/4011 4010/4010/4010 4020/4020/4020 
f 4020/4020/4020 4021/4021/4021 4011/4011/4011 
f 4012/4012/4012 4011/4011/4011 4021/4021/4021 
f 4021/4021/4021 4022/4022/4022 4012/4012/4012 
f 4013/4013/4013 4012/4012/4012 4022/4022/4022 
f 4022/4022/4022 4023/4023/4023 4013/4013/4013 
f 4014/4014/4014 4013/4013/4013 4023/4023/4023 
f 4023/4023/4023 4024/4024/4024 4014/4014/4014 
f 4016/4016/4016 4015/4015/4015 4025/4025/4025 
f 4025/4025/4025 4026/4026/4026 4016/4016/4016 
f 4017/4017/4017 4016/4016/4016 4026/4026/4026 
f 4026/4026/4026 4027/4027/4027 4017/4017/4017 
f 4018/4018/4018 4017/4017/4017 4027/4027/4027 
f 4027/4027/4027 4028/4028/4028 4018/4018/4018 
f 4019/4019/4019 4018/4018/4018 4028/4028/4028 
f 4028/4028/4028 4029/4029/4029 4019/4019/4019 
f 4020/4020/4020 4019/4019/4019 4029/4029/4029 
f 4029/4029/4029 4030/4030/4030 4020/4020/4020 
f 4021/4021/4021 4020/4020/4020 4030/4030/4030 
f 4030/4030/4030 4031/4031/4031 4021/4021/4021 
f 4022/4022/4022 4021/4021/4021 4031/4031/4031 
f 4031/4031/4031 4032/4032/4032 4022/4022/4022 
f 4023/4023/4023 4022/4022/4022 4032/4032/4032 
f 4032/4032/4032 4033/4033/4033 4023/4023/4023 
f 4024/4024/4024 4023/4023/4023 4033/4033/4033 
f 4033/4033/4033 4034/4034/4034 4024/4024/4024 
f 4026/4026/4026 4025/4025/4025 4035/4035/4035 
f 4035/4035/4035 4036/4036/4036 4026/4026/4026 
f 4027/4027/4027 4026/4026/4026 4036/4036/4036 
f 4036/4036/4036 4037/4037/4037 4027/4027/4027 
f 4028/4028/4028 4027/4027/4027 4037/4037/4037 
f 4037/4037/4037 4038/4038/4038 4028/4028/4028 
f 4029/4029/4029 4028/4028/4028 4038/4038/4038 
f 4038/4038/4038 4039/4039/4039 4029/4029/4029 
f 4030/4030/4030 4029/4029/4029 4039/4039/4039 
f 4039/4039/4039 4040/4040/4040 4030/4030/4030 
f 4031/4031/4031 4030/4030/4030 4040/4040/4040 
f 4040/4040/4040 4041/4041/4041 4031/4031/4031 
f 4032/4032/4032 4031/4031/4031 4041/4041/4041 
f 4041/4041/4041 4042/4042/4042 4032/4032/4032 
f 4033/4033/4033 4032/4032/4032 4042/4042/4042 
f 4042/4042/4042 4043/4043/4043 4033/4033/4033 
f 4034/4034/4034 4033/4033/4033 4043/4043/4043 
f 4043/4043/4043 4044/4044/4044 4034/4034/4034 
f 4036/4036/4036 4035/4035/4035 4045/4045/4045 
f 4045/4045/4045 4046/4046/4046 4036/4036/4036 
f 4037/4037/4037 4036/4036/4036 4046/4046/4046 
f 4046/4046/4046 4047/4047/4047 4037/4037/4037 
f 4038/4038/4038 4037/4037/4037 4047/4047/4047 
f 4047/4047/4047 4048/4048/4048 4038/4038/4038 
f 4039/4039/4039 4038/4038/4038 4048/4048/4048 
f 4048/4048/4048 4049/4049/4049 4039/4039/4039 
f 4040/4040/4040 4039/4039/4039 4049/4049/4049 
f 4049/4049/4049 4050/4050/4050 4040/4040/4040 
f 4041/4041/4041 4040/4040/4040 4050/4050/4050 
f 4050/4050/4050 4051/4051/4051 4041/4041/4041 
f 4042/4042/4042 4041/4041/4041 4051/4051/4051 
f 4051/4051/4051 4052/4052/4052 4042/4042/4042 
f 4043/4043/4043 4042/4042/4042 4052/4052/4052 
f 4052/4052/4052 4053/4053/4053 4043/4043/4043 
f 4044/4044/4044 4043/4043/4043 4053/4053/4053 
f 4053/4053/4053 4054/4054/4054 4044/4044/4044 
f 4046/4046/4046 4045/4045/4045 3829/3829/3829 
f 3829/3829/3829 3828/3828/3828 4046/4046/4046 
f 4047/4047/4047 4046/4046/4046 3828/3828/3828 
f 3828/3828/3828 3832/3832/3832 4047/4047/4047 
f 4048/4048/4048 4047/4047/4047 3832/3832/3832 
f 3832/3832/3832 3834/3834/3834 4048/4048/4048 
f 4049/4049/4049 4048/4048/4048 3834/3834/3834 
f 3834/3834/3834 3836/3836/3836 4049/4049/4049 
f 4050/4050/4050 4049/4049/4049 3836/3836/3836 
f 3836/3836/3836 3838/3838/3838 4050/4050/4050 
f 4051/4051/4051 4050/4050/4050 3838/3838/3838 
f 3838/3838/3838 3840/3840/3840 4051/4051/4051 
f 4052/4052/4052 4051/4051/4051 3840/3840/3840 
f 3840/3840/3840 3842/3842/3842 4052/4052/4052 
f 4053/4053/4053 4052/4052/4052 3842/3842/3842 
f 3842/3842/3842 3844/3844/3844 4053/4053/4053 
f 4054/4054/4054 4053/4053/4053 3844/3844/3844 
f 3844/3844/3844 3846/3846/3846 4054/4054/4054 
f 4055/4055/4055 4056/4056/4056 4057/4057/4057 
f 4057/4057/4057 4058/4058/4058 4055/4055/4055 
f 4059/4059/4059 4055/4055/4055 4058/4058/4058 
f 4058/4058/4058 4060/4060/4060 4059/4059/4059 
f 4061/4061/4061 4059/4059/4059 4060/4060/4060 
f 4060/4060/4060 4062/4062/4062 4061/4061/4061 
f 4063/4063/4063 4061/4061/4061 4062/4062/4062 
f 4062/4062/4062 4064/4064/4064 4063/4063/4063 
f 4065/4065/4065 4063/4063/4063 4064/4064/4064 
f 4064/4064/4064 4066/4066/4066 4065/4065/4065 
f 4067/4067/4067 4065/4065/4065 4066/4066/4066 
f 4066/4066/4066 4068/4068/4068 4067/4067/4067 
f 4069/4069/4069 4067/4067/4067 4068/4068/4068 
f 4068/4068/4068 4070/4070/4070 4069/4069/4069 
f 4071/4071/4071 4069/4069/4069 4070/4070/4070 
f 4070/4070/4070 4072/4072/4072 4071/4071/4071 
f 4073/4073/4073 4071/4071/4071 4072/4072/4072 
f 4072/4072/4072 4074/4074/4074 4073/4073/4073 
f 4058/4058/4058 4057/4057/4057 4075/4075/4075 
f 4075/4075/4075 4076/4076/4076 4058/4058/4058 
f 4060/4060/4060 4058/4058/4058 4076/4076/4076 
f 4076/4076/4076 4077/4077/4077 4060/4060/4060 
f 4062/4062/4062 4060/4060/4060 4077/4077/4077 
f 4077/4077/4077 4078/4078/4078 4062/4062/4062 
f 4064/4064/4064 4062/4062/4062 4078/4078/4078 
f 4078/4078/4078 4079/4079/4079 4064/4064/4064 
f 4066/4066/4066 4064/4064/4064 4079/4079/4079 
f 4079/4079/4079 4080/4080/4080 4066/4066/4066 
f 4068/4068/4068 4066/4066/4066 4080/4080/4080 
f 4080/4080/4080 4081/4081/4081 4068/4068/4068 
f 4070/4070/4070 4068/4068/4068 4081/4081/4081 
f 4081/4081/4081 4082/4082/4082 4070/4070/4070 
f 4072/4072/4072 4070/4070/4070 4082/4082/4082 
f 4082/4082/4082 4083/4083/4083 4072/4072/4072 
f 4074/4074/4074 4072/4072/4072 4083/4083/4083 
f 4083/4083/4083 4084/4084/4084 4074/4074/4074 
f 4076/4076/4076 4075/4075/4075 4085/4085/4085 
f 4085/4085/4085 4086/4086/4086 4076/4076/4076 
f 4077/4077/4077 4076/4076/4076 4086/4086/4086 
f 4086/4086/4086 4087/4087/4087 4077/4077/4077 
f 4078/4078/4078 4077/4077/4077 4087/4087/4087 
f 4087/4087/4087 4088/4088/4088 4078/4078/4078 
f 4079/4079/4079 4078/4078/4078 4088/4088/4088 
f 4088/4088/4088 4089/4089/4089 4079/4079/4079 
f 4080/4080/4080 4079/4079/4079 4089/4089/4089 
f 4089/4089/4089 4090/4090/4090 4080/4080/4080 
f 4081/4081/4081 4080/4080/4080 4090/4090/4090 
f 4090/4090/4090 4091/4091/4091 4081/4081/4081 
f 4082/4082/4082 4081/4081/4081 4091/4091/4091 
f 4091/4091/4091 4092/4092/4092 4082/4082/4082 
f 4083/4083/4083 4082/4082/4082 4092/4092/4092 
f 4092/4092/4092 4093/4093/4093 4083/4083/4083 
f 4084/4084/4084 4083/4083/4083 4093/4093/4093 
f 4093/4093/4093 4094/4094/4094 4084/4084/4084 
f 4086/4086/4086 4085/4085/4085 4095/4095/4095 
f 4095/4095/4095 4096/4096/4096 4086/4086/4086 
f 4087/4087/4087 4086/4086/4086 4096/4096/4096 
f 4096/4096/4096 4097/4097/4097 4087/4087/4087 
f 4088/4088/4088 4087/4087/4087 4097/4097/4097 
f 4097/4097/4097 4098/4098/4098 4088/4088/4088 
f 4089/4089/4089 4088/4088/4088 4098/4098/4098 
f 4098/4098/4098 4099/4099/4099 4089/4089/4089 
f 4090/4090/4090 4089/4089/4089 4099/4099/4099 
f 4099/4099/4099 4100/4100/4100 4090/4090/4090 
f 4091/4091/4091 4090/4090/4090 4100/4100/4100 
f 4100/4100/4100 4101/4101/4101 4091/4091/4091 
f 4092/4092/4092 4091/4091/4091 4101/4101/4101 
f 4101/4101/4101 4102/4102/4102 4092/4092/4092 
f 4093/4093/4093 4092/4092/4092 4102/4102/4102 
f 4102/4102/4102 4103/4103/4103 4093/4093/4093 
f 4094/4094/4094 4093/4093/4093 4103/4103/4103 
f 4103/4103/4103 4104/4104/4104 4094/4094/4094 
f 4096/4096/4096 4095/4095/4095 4105/4105/4105 
f 4105/4105/4105 4106/4106/4106 4096/4096/4096 
f 4097/4097/4097 4096/4096/4096 4106/4106/4106 
f 4106/4106/4106 4107/4107/4107 4097/4097/4097 
f 4098/4098/4098 4097/4097/4097 4107/4107/4107 
f 4107/4107/4107 4108/4108/4108 4098/4098/4098 
f 4099/4099/4099 4098/4098/4098 4108/4108/4108 
f 4108/4108/4108 4109/4109/4109 4099/4099/4099 
f 4100/4100/4100 4099/4099/4099 4109/4109/4109 
f 4109/4109/4109 4110/4110/4110 4100/4100/4100 
f 4101/4101/4101 4100/4100/4100 4110/4110/4110 
f 4110/4110/4110 4111/4111/4111 4101/4101/4101 
f 4102/4102/4102 4101/4101/4101 4111/4111/4111 
f 4111/4111/4111 4112/4112/4112 4102/4102/4102 
f 4103/4103/4103 4102/4102/4102 4112/4112/4112 
f 4112/4112/4112 4113/4113/4113 4103/4103/4103 
f 4104/4104/4104 4103/4103/4103 4113/4113/4113 
f 4113/4113/4113 4114/4114/4114 4104/4104/4104 
f 4106/4106/4106 4105/4105/4105 4115/4115/4115 
f 4115/4115/4115 4116/4116/4116 4106/4106/4106 
f 4107/4107/4107 4106/4106/4106 4116/4116/4116 
f 4116/4116/4116 4117/4117/4117 4107/4107/4107 
f 4108/4108/4108 4107/4107/4107 4117/4117/4117 
f 4117/4117/4117 4118/4118/4118 4108/4108/4108 
f 4109/4109/4109 4108/4108/4108 4118/4118/4118 
f 4118/4118/4118 4119/4119/4119 4109/4109/4109 
f 4110/4110/4110 4109/4109/4109 4119/4119/4119 
f 4119/4119/4119 4120/4120/4120 4110/4110/4110 
f 4111/4111/4111 4110/4110/4110 4120/4120/4120 
f 4120/4120/4120 4121/4121/4121 4111/4111/4111 
f 4112/4112/4112 4111/4111/4111 4121/4121/4121 
f 4121/4121/4121 4122/4122/4122 4112/4112/4112 
f 4113/4113/4113 4112/4112/4112 4122/4122/4122 
f 4122/4122/4122 4123/4123/4123 4113/4113/4113 
f 4114/4114/4114 4113/4113/4113 4123/4123/4123 
f 4123/4123/4123 4124/4124/4124 4114/4114/4114 
f 4116/4116/4116 4115/4115/4115 4125/4125/4125 
f 4125/4125/4125 4126/4126/4126 4116/4116/4116 
f 4117/4117/4117 4116/4116/4116 4126/4126/4126 
f 4126/4126/4126 4127/4127/4127 4117/4117/4117 
f 4118/4118/4118 4117/4117/4117 4127/4127/4127 
f 4127/4127/4127 4128/4128/4128 4118/4118/4118 
f 4119/4119/4119 4118/4118/4118 4128/4128/4128 
f 4128/4128/4128 4129/4129/4129 4119/4119/4119 
f 4120/4120/4120 4119/4119/4119 4129/4129/4129 
f 4129/4129/4129 4130/4130/4130 4120/4120/4120 
f 4121/4121/4121 4120/4120/4120 4130/4130/4130 
f 4130/4130/4130 4131/4131/4131 4121/4121/4121 
f 4122/4122/4122 4121/4121/4121 4131/4131/4131 
f 4131/4131/4131 4132/4132/4132 4122/4122/4122 
f 4123/4123/4123 4122/4122/4122 4132/4132/4132 
f 4132/4132/4132 4133/4133/4133 4123/4123/4123 
f 4124/4124/4124 4123/4123/4123 4133/4133/4133 
f 4133/4133/4133 4134/4134/4134 4124/4124/4124 
f 4126/4126/4126 4125/4125/4125 4135/4135/4135 
f 4135/4135/4135 4136/4136/4136 4126/4126/4126 
f 4127/4127/4127 4126/4126/4126 4136/4136/4136 
f 4136/4136/4136 4137/4137/4137 4127/4127/4127 
f 4128/4128/4128 4127/4127/4127 4137/4137/4137 
f 4137/4137/4137 4138/4138/4138 4128/4128/4128 
f 4129/4129/4129 4128/4128/4128 4138/4138/4138 
f 4138/4138/4138 4139/4139/4139 4129/4129/4129 
f 4130/4130/4130 4129/4129/4129 4139/4139/4139 
f 4139/4139/4139 4140/4140/4140 4130/4130/4130 
f 4131/4131/4131 4130/4130/4130 4140/4140/4140 
f 4140/4140/4140 4141/4141/4141 4131/4131/4131 
f 4132/4132/4132 4131/4131/4131 4141/4141/4141 
f 4141/4141/4141 4142/4142/4142 4132/4132/4132 
f 4133/4133/4133 4132/4132/4132 4142/4142/4142 
f 4142/4142/4142 4143/4143/4143 4133/4133/4133 
f 4134/4134/4134 4133/4133/4133 4143/4143/4143 
f 4143/4143/4143 4144/4144/4144 4134/4134/4134 
f 4136/4136/4136 4135/4135/4135 3966/3966/3966 
f 3966/3966/3966 3965/3965/3965 4136/4136/4136 
f 4137/4137/4137 4136/4136/4136 3965/3965/3965 
f 3965/3965/3965 3969/3969/3969 4137/4137/4137 
f 4138/4138/4138 4137/4137/4137 3969/3969/3969 
f 3969/3969/3969 3971/3971/3971 4138/4138/4138 
f 4139/4139/4139 4138/4138/4138 3971/3971/3971 
f 3971/3971/3971 3973/3973/3973 4139/4139/4139 
f 4140/4140/4140 4139/4139/4139 3973/3973/3973 
f 3973/3973/3973 3975/3975/3975 4140/4140/4140 
f 4141/4141/4141 4140/4140/4140 3975/3975/3975 
f 3975/3975/3975 3977/3977/3977 4141/4141/4141 
f 4142/4142/4142 4141/4141/4141 3977/3977/3977 
f 3977/3977/3977 3979/3979/3979 4142/4142/4142 
f 4143/4143/4143 4142/4142/4142 3979/3979/3979 
f 3979/3979/3979 3981/3981/3981 4143/4143/4143 
f 4144/4144/4144 4143/4143/4143 3981/3981/3981 
f 3981/3981/3981 3983/3983/3983 4144/4144/4144 
f 4145/4145/4145 4146/4146/4146 4147/4147/4147 
f 4147/4147/4147 4148/4148/4148 4145/4145/4145 
f 4149/4149/4149 4145/4145/4145 4148/4148/4148 
f 4148/4148/4148 4150/4150/4150 4149/4149/4149 
f 4151/4151/4151 4149/4149/4149 4150/4150/4150 
f 4150/4150/4150 4152/4152/4152 4151/4151/4151 
f 4153/4153/4153 4151/4151/4151 4152/4152/4152 
f 4152/4152/4152 4154/4154/4154 4153/4153/4153 
f 4155/4155/4155 4153/4153/4153 4154/4154/4154 
f 4154/4154/4154 4156/4156/4156 4155/4155/4155 
f 4157/4157/4157 4155/4155/4155 4156/4156/4156 
f 4156/4156/4156 4158/4158/4158 4157/4157/4157 
f 4159/4159/4159 4157/4157/4157 4158/4158/4158 
f 4158/4158/4158 4160/4160/4160 4159/4159/4159 
f 4161/4161/4161 4159/4159/4159 4160/4160/4160 
f 4160/4160/4160 4162/4162/4162 4161/4161/4161 
f 4163/4163/4163 4161/4161/4161 4162/4162/4162 
f 4162/4162/4162 4164/4164/4164 4163/4163/4163 
f 4148/4148/4148 4147/4147/4147 4165/4165/4165 
f 4165/4165/4165 4166/4166/4166 4148/4148/4148 
f 4150/4150/4150 4148/4148/4148 4166/4166/4166 
f 4166/4166/4166 4167/4167/4167 4150/4150/4150 
f 4152/4152/4152 4150/4150/4150 4167/4167/4167 
f 4167/4167/4167 4168/4168/4168 4152/4152/4152 
f 4154/4154/4154 4152/4152/4152 4168/4168/4168 
f 4168/4168/4168 4169/4169/4169 4154/4154/4154 
f 4156/4156/4156 4154/4154/4154 4169/4169/4169 
f 4169/4169/4169 4170/4170/4170 4156/4156/4156 
f 4158/4158/4158 4156/4156/4156 4170/4170/4170 
f 4170/4170/4170 4171/4171/4171 4158/4158/4158 
f 4160/4160/4160 4158/4158/4158 4171/4171/4171 
f 4171/4171/4171 4172/4172/4172 4160/4160/4160 
f 4162/4162/4162 4160/4160/4160 4172/4172/4172 
f 4172/4172/4172 4173/4173/4173 4162/4162/4162 
f 4164/4164/4164 4162/4162/4162 4173/4173/4173 
f 4173/4173/4173 4174/4174/4174 4164/4164/4164 
f 4166/4166/4166 4165/4165/4165 4175/4175/4175 
f 4175/4175/4175 4176/4176/4176 4166/4166/4166 
f 4167/4167/4167 4166/4166/4166 4176/4176/4176 
f 4176/4176/4176 4177/4177/4177 4167/4167/4167 
f 4168/4168/4168 4167/4167/4167 4177/4177/4177 
f 4177/4177/4177 4178/4178/4178 4168/4168/4168 
f 4169/4169/4169 4168/4168/4168 4178/4178/4178 
f 4178/4178/4178 4179/4179/4179 4169/4169/4169 
f 4170/4170/4170 4169/4169/4169 4179/4179/4179 
f 4179/4179/4179 4180/4180/4180 4170/4170/4170 
f 4171/4171/4171 4170/4170/4170 4180/4180/4180 
f 4180/4180/4180 4181/4181/4181 4171/4171/4171 
f 4172/4172/4172 4171/4171/4171 4181/4181/4181 
f 4181/4181/4181 4182/4182/4182 4172/4172/4172 
f 4173/4173/4173 4172/4172/4172 4182/4182/4182 
f 4182/4182/4182 4183/4183/4183 4173/4173/4173 
f 4174/4174/4174 4173/4173/4173 4183/4183/4183 
f 4183/4183/4183 4184/4184/4184 4174/4174/4174 
f 4176/4176/4176 4175/4175/4175 4185/4185/4185 
f 4185/4185/4185 4186/4186/4186 4176/4176/4176 
f 4177/4177/4177 4176/4176/4176 4186/4186/4186 
f 4186/4186/4186 4187/4187/4187 4177/4177/4177 
f 4178/4178/4178 4177/4177/4177 4187/4187/4187 
f 4187/4187/4187 4188/4188/4188 4178/4178/4178 
f 4179/4179/4179 4178/4178/4178 4188/4188/4188 
f 4188/4188/4188 4189/4189/4189 4179/4179/4179 
f 4180/4180/4180 4179/4179/4179 4189/4189/4189 
f 4189/4189/4189 4190/4190/4190 4180/4180/4180 
f 4181/4181/4181 4180/4180/4180 4190/4190/4190 
f 4190/4190/4190 4191/4191/4191 4181/4181/4181 
f 4182/4182/4182 4181/4181/4181 4191/4191/4191 
f 4191/4191/4191 4192/4192/4192 4182/4182/4182 
f 4183/4183/4183 4182/4182/4182 4192/4192/4192 
f 4192/4192/4192 4193/4193/4193 4183/4183/4183 
f 4184/4184/4184 4183/4183/4183 4193/4193/4193 
f 4193/4193/4193 4194/4194/4194 4184/4184/4184 
f 4186/4186/4186 4185/4185/4185 4195/4195/4195 
f 4195/4195/4195 4196/4196/4196 4186/4186/4186 
f 4187/4187/4187 4186/4186/4186 4196/4196/4196 
f 4196/4196/4196 4197/4197/4197 4187/4187/4187 
f 4188/4188/4188 4187/4187/4187 4197/4197/4197 
f 4197/4197/4197 4198/4198/4198 4188/4188/4188 
f 4189/4189/4189 4188/4188/4188 4198/4198/4198 
f 4198/4198/4198 4199/4199/4199 4189/4189/4189 
f 4190/4190/4190 4189/4189/4189 4199/4199/4199 
f 4199/4199/4199 4200/4200/4200 4190/4190/4190 
f 4191/4191/4191 4190/4190/4190 4200/4200/4200 
f 4200/4200/4200 4201/4201/4201 4191/4191/4191 
f 4192/4192/4192 4191/4191/4191 4201/4201/4201 
f 4201/4201/4201 4202/4202/4202 4192/4192/4192 
f 4193/4193/4193 4192/4192/4192 4202/4202/4202 
f 4202/4202/4202 4203/4203/4203 4193/4193/4193 
f 4194/4194/4194 4193/4193/4193 4203/4203/4203 
f 4203/4203/4203 4204/4204/4204 4194/4194/4194 
f 4196/4196/4196 4195/4195/4195 4205/4205/4205 
f 4205/4205/4205 4206/4206/4206 4196/4196/4196 
f 4197/4197/4197 4196/4196/4196 4206/4206/4206 
f 4206/4206/4206 4207/4207/4207 4197/4197/4197 
f 4198/4198/4198 4197/4197/4197 4207/4207/4207 
f 4207/4207/4207 4208/4208/4208 4198/4198/4198 
f 4199/4199/4199 4198/4198/4198 4208/4208/4208 
f 4208/4208/4208 4209/4209/4209 4199/4199/4199 
f 4200/4200/4200 4199/4199/4199 4209/4209/4209 
f 4209/4209/4209 4210/4210/4210 4200/4200/4200 
f 4201/4201/4201 4200/4200/4200 4210/4210/4210 
f 4210/4210/4210 4211/4211/4211 4201/4201/4201 
f 4202/4202/4202 4201/4201/4201 4211/4211/4211 
f 4211/4211/4211 4212/4212/4212 4202/4202/4202 
f 4203/4203/4203 4202/4202/4202 4212/4212/4212 
f 4212/4212/4212 4213/4213/4213 4203/4203/4203 
f 4204/4204/4204 4203/4203/4203 4213/4213/4213 
f 4213/4213/4213 4214/4214/4214 4204/4204/4204 
f 4206/4206/4206 4205/4205/4205 4215/4215/4215 
f 4215/4215/4215 4216/4216/4216 4206/4206/4206 
f 4207/4207/4207 4206/4206/4206 4216/4216/4216 
f 4216/4216/4216 4217/4217/4217 4207/4207/4207 
f 4208/4208/4208 4207/4207/4207 4217/4217/4217 
f 4217/4217/4217 4218/4218/4218 4208/4208/4208 
f 4209/4209/4209 4208/4208/4208 4218/4218/4218 
f 4218/4218/4218 4219/4219/4219 4209/4209/4209 
f 4210/4210/4210 4209/4209/4209 4219/4219/4219 
f 4219/4219/4219 4220/4220/4220 4210/4210/4210 
f 4211/4211/4211 4210/4210/4210 4220/4220/4220 
f 4220/4220/4220 4221/4221/4221 4211/4211/4211 
f 4212/4212/4212 4211/4211/4211 4221/4221/4221 
f 4221/4221/4221 4222/4222/4222 4212/4212/4212 
f 4213/4213/4213 4212/4212/4212 4222/4222/4222 
f 4222/4222/4222 4223/4223/4223 4213/4213/4213 
f 4214/4214/4214 4213/4213/4213 4223/4223/4223 
f 4223/4223/4223 4224/4224/4224 4214/4214/4214 
f 4216/4216/4216 4215/4215/4215 4225/4225/4225 
f 4225/4225/4225 4226/4226/4226 4216/4216/4216 
f 4217/4217/4217 4216/4216/4216 4226/4226/4226 
f 4226/4226/4226 4227/4227/4227 4217/4217/4217 
f 4218/4218/4218 4217/4217/4217 4227/4227/4227 
f 4227/4227/4227 4228/4228/4228 4218/4218/4218 
f 4219/4219/4219 4218/4218/4218 4228/4228/4228 
f 4228/4228/4228 4229/4229/4229 4219/4219/4219 
f 4220/4220/4220 4219/4219/4219 4229/4229/4229 
f 4229/4229/4229 4230/4230/4230 4220/4220/4220 
f 4221/4221/4221 4220/4220/4220 4230/4230/4230 
f 4230/4230/4230 4231/4231/4231 4221/4221/4221 
f 4222/4222/4222 4221/4221/4221 4231/4231/4231 
f 4231/4231/4231 4232/4232/4232 4222/4222/4222 
f 4223/4223/4223 4222/4222/4222 4232/4232/4232 
f 4232/4232/4232 4233/4233/4233 4223/4223/4223 
f 4224/4224/4224 4223/4223/4223 4233/4233/4233 
f 4233/4233/4233 4234/4234/4234 4224/4224/4224 
f 4226/4226/4226 4225/4225/4225 4235/4235/4235 
f 4235/4235/4235 4236/4236/4236 4226/4226/4226 
f 4227/4227/4227 4226/4226/4226 4236/4236/4236 
f 4236/4236/4236 4237/4237/4237 4227/4227/4227 
f 4228/4228/4228 4227/4227/4227 4237/4237/4237 
f 4237/4237/4237 4238/4238/4238 4228/4228/4228 
f 4229/4229/4229 4228/4228/4228 4238/4238/4238 
f 4238/4238/4238 4239/4239/4239 4229/4229/4229 
f 4230/4230/4230 4229/4229/4229 4239/4239/4239 
f 4239/4239/4239 4240/4240/4240 4230/4230/4230 
f 4231/4231/4231 4230/4230/4230 4240/4240/4240 
f 4240/4240/4240 4241/4241/4241 4231/4231/4231 
f 4232/4232/4232 4231/4231/4231 4241/4241/4241 
f 4241/4241/4241 4242/4242/4242 4232/4232/4232 
f 4233/4233/4233 4232/4232/4232 4242/4242/4242 
f 4242/4242/4242 4243/4243/4243 4233/4233/4233 
f 4234/4234/4234 4233/4233/4233 4243/4243/4243 
f 4243/4243/4243 4244/4244/4244 4234/4234/4234 
f 4245/4245/4245 4246/4246/4246 4247/4247/4247 
f 4247/4247/4247 4248/4248/4248 4245/4245/4245 
f 4249/4249/4249 4245/4245/4245 4248/4248/4248 
f 4248/4248/4248 4250/4250/4250 4249/4249/4249 
f 4251/4251/4251 4249/4249/4249 4250/4250/4250 
f 4250/4250/4250 4252/4252/4252 4251/4251/4251 
f 4253/4253/4253 4251/4251/4251 4252/4252/4252 
f 4252/4252/4252 4254/4254/4254 4253/4253/4253 
f 4255/4255/4255 4253/4253/4253 4254/4254/4254 
f 4254/4254/4254 4256/4256/4256 4255/4255/4255 
f 4257/4257/4257 4255/4255/4255 4256/4256/4256 
f 4256/4256/4256 4258/4258/4258 4257/4257/4257 
f 4259/4259/4259 4257/4257/4257 4258/4258/4258 
f 4258/4258/4258 4260/4260/4260 4259/4259/4259 
f 4261/4261/4261 4259/4259/4259 4260/4260/4260 
f 4260/4260/4260 4262/4262/4262 4261/4261/4261 
f 4263/4263/4263 4261/4261/4261 4262/4262/4262 
f 4262/4262/4262 4264/4264/4264 4263/4263/4263 
f 4248/4248/4248 4247/4247/4247 4265/4265/4265 
f 4265/4265/4265 4266/4266/4266 4248/4248/4248 
f 4250/4250/4250 4248/4248/4248 4266/4266/4266 
f 4266/4266/4266 4267/4267/4267 4250/4250/4250 
f 4252/4252/4252 4250/4250/4250 4267/4267/4267 
f 4267/4267/4267 4268/4268/4268 4252/4252/4252 
f 4254/4254/4254 4252/4252/4252 4268/4268/4268 
f 4268/4268/4268 4269/4269/4269 4254/4254/4254 
f 4256/4256/4256 4254/4254/4254 4269/4269/4269 
f 4269/4269/4269 4270/4270/4270 4256/4256/4256 
f 4258/4258/4258 4256/4256/4256 4270/4270/4270 
f 4270/4270/4270 4271/4271/4271 4258/4258/4258 
f 4260/4260/4260 4258/4258/4258 4271/4271/4271 
f 4271/4271/4271 4272/4272/4272 4260/4260/4260 
f 4262/4262/4262 4260/4260/4260 4272/4272/4272 
f 4272/4272/4272 4273/4273/4273 4262/4262/4262 
f 4264/4264/4264 4262/4262/4262 4273/4273/4273 
f 4273/4273/4273 4274/4274/4274 4264/4264/4264 
f 4266/4266/4266 4265/4265/4265 4275/4275/4275 
f 4275/4275/4275 4276/4276/4276 4266/4266/4266 
f 4267/4267/4267 4266/4266/4266 4276/4276/4276 
f 4276/4276/4276 4277/4277/4277 4267/4267/4267 
f 4268/4268/4268 4267/4267/4267 4277/4277/4277 
f 4277/4277/4277 4278/4278/4278 4268/4268/4268 
f 4269/4269/4269 4268/4268/4268 4278/4278/4278 
f 4278/4278/4278 4279/4279/4279 4269/4269/4269 
f 4270/4270/4270 4269/4269/4269 4279/4279/4279 
f 4279/4279/4279 4280/4280/4280 4270/4270/4270 
f 4271/4271/4271 4270/4270/4270 4280/4280/4280 
f 4280/4280/4280 4281/4281/4281 4271/4271/4271 
f 4272/4272/4272 4271/4271/4271 4281/4281/4281 
f 4281/4281/4281 4282/4282/4282 4272/4272/4272 
f 4273/4273/4273 4272/4272/4272 4282/4282/4282 
f 4282/4282/4282 4283/4283/4283 4273/4273/4273 
f 4274/4274/4274 4273/4273/4273 4283/4283/4283 
f 4283/4283/4283 4284/4284/4284 4274/4274/4274 
f 4276/4276/4276 4275/4275/4275 4285/4285/4285 
f 4285/4285/4285 4286/4286/4286 4276/4276/4276 
f 4277/4277/4277 4276/4276/4276 4286/4286/4286 
f 4286/4286/4286 4287/4287/4287 4277/4277/4277 
f 4278/4278/4278 4277/4277/4277 4287/4287/4287 
f 4287/4287/4287 4288/4288/4288 4278/4278/4278 
f 4279/4279/4279 4278/4278/4278 4288/4288/4288 
f 4288/4288/4288 4289/4289/4289 4279/4279/4279 
f 4280/4280/4280 4279/4279/4279 4289/4289/4289 
f 4289/4289/4289 4290/4290/4290 4280/4280/4280 
f 4281/4281/4281 4280/4280/4280 4290/4290/4290 
f 4290/4290/4290 4291/4291/4291 4281/4281/4281 
f 4282/4282/4282 4281/4281/4281 4291/4291/4291 
f 4291/4291/4291 4292/4292/4292 4282/4282/4282 
f 4283/4283/4283 4282/4282/4282 4292/4292/4292 
f 4292/4292/4292 4293/4293/4293 4283/4283/4283 
f 4284/4284/4284 4283/4283/4283 4293/4293/4293 
f 4293/4293/4293 4294/4294/4294 4284/4284/4284 
f 4286/4286/4286 4285/4285/4285 4295/4295/4295 
f 4295/4295/4295 4296/4296/4296 4286/4286/4286 
f 4287/4287/4287 4286/4286/4286 4296/4296/4296 
f 4296/4296/4296 4297/4297/4297 4287/4287/4287 
f 4288/4288/4288 4287/4287/4287 4297/4297/4297 
f 4297/4297/4297 4298/4298/4298 4288/4288/4288 
f 4289/4289/4289 4288/4288/4288 4298/4298/4298 
f 4298/4298/4298 4299/4299/4299 4289/4289/4289 
f 4290/4290/4290 4289/4289/4289 4299/4299/4299 
f 4299/4299/4299 4300/4300/4300 4290/4290/4290 
f 4291/4291/4291 4290/4290/4290 4300/4300/4300 
f 4300/4300/4300 4301/4301/4301 4291/4291/4291 
f 4292/4292/4292 4291/4291/4291 4301/4301/4301 
f 4301/4301/4301 4302/4302/4302 4292/4292/4292 
f 4293/4293/4293 4292/4292/4292 4302/4302/4302 
f 4302/4302/4302 4303/4303/4303 4293/4293/4293 
f 4294/4294/4294 4293/4293/4293 4303/4303/4303 
f 4303/4303/4303 4304/4304/4304 4294/4294/4294 
f 4296/4296/4296 4295/4295/4295 4305/4305/4305 
f 4305/4305/4305 4306/4306/4306 4296/4296/4296 
f 4297/4297/4297 4296/4296/4296 4306/4306/4306 
f 4306/4306/4306 4307/4307/4307 4297/4297/4297 
f 4298/4298/4298 4297/4297/4297 4307/4307/4307 
f 4307/4307/4307 4308/4308/4308 4298/4298/4298 
f 4299/4299/4299 4298/4298/4298 4308/4308/4308 
f 4308/4308/4308 4309/4309/4309 4299/4299/4299 
f 4300/4300/4300 4299/4299/4299 4309/4309/4309 
f 4309/4309/4309 4310/4310/4310 4300/4300/4300 
f 4301/4301/4301 4300/4300/4300 4310/4310/4310 
f 4310/4310/4310 4311/4311/4311 4301/4301/4301 
f 4302/4302/4302 4301/4301/4301 4311/4311/4311 
f 4311/4311/4311 4312/4312/4312 4302/4302/4302 
f 4303/4303/4303 4302/4302/4302 4312/4312/4312 
f 4312/4312/4312 4313/4313/4313 4303/4303/4303 
f 4304/4304/4304 4303/4303/4303 4313/4313/4313 
f 4313/4313/4313 4314/4314/4314 4304/4304/4304 
f 4306/4306/4306 4305/4305/4305 4315/4315/4315 
f 4315/4315/4315 4316/4316/4316 4306/4306/4306 
f 4307/4307/4307 4306/4306/4306 4316/4316/4316 
f 4316/4316/4316 4317/4317/4317 4307/4307/4307 
f 4308/4308/4308 4307/4307/4307 4317/4317/4317 
f 4317/4317/4317 4318/4318/4318 4308/4308/4308 
f 4309/4309/4309 4308/4308/4308 4318/4318/4318 
f 4318/4318/4318 4319/4319/4319 4309/4309/4309 
f 4310/4310/4310 4309/4309/4309 4319/4319/4319 
f 4319/4319/4319 4320/4320/4320 4310/4310/4310 
f 4311/4311/4311 4310/4310/4310 4320/4320/4320 
f 4320/4320/4320 4321/4321/4321 4311/4311/4311 
f 4312/4312/4312 4311/4311/4311 4321/4321/4321 
f 4321/4321/4321 4322/4322/4322 4312/4312/4312 
f 4313/4313/4313 4312/4312/4312 4322/4322/4322 
f 4322/4322/4322 4323/4323/4323 4313/4313/4313 
f 4314/4314/4314 4313/4313/4313 4323/4323/4323 
f 4323/4323/4323 4324/4324/4324 4314/4314/4314 
f 4316/4316/4316 4315/4315/4315 4325/4325/4325 
f 4325/4325/4325 4326/4326/4326 4316/4316/4316 
f 4317/4317/4317 4316/4316/4316 4326/4326/4326 
f 4326/4326/4326 4327/4327/4327 4317/4317/4317 
f 4318/4318/4318 4317/4317/4317 4327/4327/4327 
f 4327/4327/4327 4328/4328/4328 4318/4318/4318 
f 4319/4319/4319 4318/4318/4318 4328/4328/4328 
f 4328/4328/4328 4329/4329/4329 4319/4319/4319 
f 4320/4320/4320 4319/4319/4319 4329/4329/4329 
f 4329/4329/4329 4330/4330/4330 4320/4320/4320 
f 4321/4321/4321 4320/4320/4320 4330/4330/4330 
f 4330/4330/4330 4331/4331/4331 4321/4321/4321 
f 4322/4322/4322 4321/4321/4321 4331/4331/4331 
f 4331/4331/4331 4332/4332/4332 4322/4322/4322 
f 4323/4323/4323 4322/4322/4322 4332/4332/4332 
f 4332/4332/4332 4333/4333/4333 4323/4323/4323 
f 4324/4324/4324 4323/4323/4323 4333/4333/4333 
f 4333/4333/4333 4334/4334/4334 4324/4324/4324 
f 4326/4326/4326 4325/4325/4325 4335/4335/4335 
f 4335/4335/4335 4336/4336/4336 4326/4326/4326 
f 4327/4327/4327 4326/4326/4326 4336/4336/4336 
f 4336/4336/4336 4337/4337/4337 4327/4327/4327 
f 4328/4328/4328 4327/4327/4327 4337/4337/4337 
f 4337/4337/4337 4338/4338/4338 4328/4328/4328 
f 4329/4329/4329 4328/4328/4328 4338/4338/4338 
f 4338/4338/4338 4339/4339/4339 4329/4329/4329 
f 4330/4330/4330 4329/4329/4329 4339/4339/4339 
f 4339/4339/4339 4340/4340/4340 4330/4330/4330 
f 4331/4331/4331 4330/4330/4330 4340/4340/4340 
f 4340/4340/4340 4341/4341/4341 4331/4331/4331 
f 4332/4332/4332 4331/4331/4331 4341/4341/4341 
f 4341/4341/4341 4342/4342/4342 4332/4332/4332 
f 4333/4333/4333 4332/4332/4332 4342/4342/4342 
f 4342/4342/4342 4343/4343/4343 4333/4333/4333 
f 4334/4334/4334 4333/4333/4333 4343/4343/4343 
f 4343/4343/4343 4344/4344/4344 4334/4334/4334 

