# This file is brought to you by Roblox Corporation
# Generated by Roblox Studio

mtllib bacon.mtl

g Bacon1

v 0.282124 3.54152 1.67593 
v 0.407099 3.45197 1.86504 
v 0.589424 3.49988 1.71056 
v 0.246624 3.53428 1.70108 
v 0.198824 3.41978 1.98745 
v 0.615424 3.48419 1.74272 
v 0.224724 3.40403 2.01948 
v 0.567624 3.36972 2.029 
v 0.532024 3.36238 2.05411 
v 0.287264 2.90503 1.2844 
v 0.215014 3.16086 1.38279 
v 0.329044 2.91993 1.29803 
v 0.222774 2.94333 1.28991 
v 0.128614 3.09216 1.3382 
v 0.177994 2.99045 1.30262 
v 0.122034 3.19198 1.38033 
v 0.159784 3.28952 1.42907 
v 0.379374 3.22029 1.43676 
v 0.258834 3.35855 1.47598 
v 0.360564 3.3909 1.50746 
v 0.476184 3.39071 1.52723 
v 0.585084 3.35832 1.53189 
v 0.544394 3.27997 1.49096 
v 0.654954 3.31817 1.52653 
v 0.604254 3.15627 1.44767 
v 0.712874 3.20095 1.48568 
v 0.634184 3.09442 1.42602 
v 0.715934 3.12172 1.45187 
v 0.698294 3.04509 1.41568 
v 0.662324 3.03258 1.40407 
v 0.197254 2.67724 1.80964 
v 0.239044 2.69215 1.82325 
v 0.124964 2.93294 1.90832 
v 0.132754 2.71551 1.81523 
v 0.0385636 2.86425 1.86371 
v 0.0879636 2.76259 1.82802 
v 0.0319736 2.96405 1.9059 
v 0.0702738 3.0534 1.95125 
v 0.289324 2.9924 1.96224 
v 0.168764 3.1306 2.0016 
v 0.270504 3.16295 2.03306 
v 0.386134 3.16279 2.05276 
v 0.453784 3.05379 2.01977 
v 0.495044 3.13044 2.05734 
v 0.564544 3.08936 2.05411 
v 0.630684 2.99381 1.96532 
v 0.526204 2.95893 1.90326 
v 0.651034 2.91652 1.84557 
v 0.574084 2.90305 1.82015 
v 0.643364 2.87294 1.73529 
v 0.617284 2.86775 1.71773 
v 0.224724 3.40403 2.01948 
v 0.198824 3.41978 1.98745 
v 0.178154 3.1688 1.87279 
v 0.202754 3.14925 1.90384 
v 0.567624 3.36972 2.029 
v 0.532024 3.36238 2.05411 
v 0.510654 3.08914 1.93273 
v 0.547354 3.10362 1.91281 
v 0.564544 3.08936 2.05411 
v 0.630684 2.99381 1.96532 
v 0.679914 3.02512 1.92771 
v 0.651034 2.91652 1.84557 
v 0.613783 3.12263 2.02382 
v 0.697904 2.95377 1.81835 
v 0.682584 2.89203 1.69214 
v 0.643364 2.87294 1.73529 
v 0.495044 3.13044 2.05734 
v 0.522994 3.17816 2.03238 
v 0.386134 3.16279 2.05276 
v 0.398684 3.21724 2.02807 
v 0.270504 3.16295 2.03306 
v 0.267674 3.21847 2.00617 
v 0.152234 3.18119 1.97024 
v 0.168764 3.1306 2.0016 
v 0.0431136 3.10198 1.91718 
v 0.0702738 3.0534 1.95125 
v -1.63317e-05 2.98998 1.8612 
v 0.0319736 2.96405 1.9059 
v 0.00592363 2.86986 1.81009 
v 0.0385636 2.86425 1.86371 
v 0.0568637 2.76304 1.77246 
v 0.0879636 2.76259 1.82802 
v 0.116984 2.69839 1.75467 
v 0.132754 2.71551 1.81523 
v 0.209684 2.65099 1.74997 
v 0.197254 2.67724 1.80964 
v 0.209684 2.65099 1.74997 
v 0.239044 2.69215 1.82325 
v 0.273964 2.67435 1.77112 
v 0.289324 2.70339 1.78635 
v 0.184844 2.92187 1.86328 
v 0.124964 2.93294 1.90832 
v 0.690414 3.3146 1.58147 
v 0.746574 3.1938 1.53875 
v 0.712874 3.20095 1.48568 
v 0.654954 3.31817 1.52653 
v 0.715934 3.12172 1.45187 
v 0.598834 3.3701 1.5898 
v 0.753134 3.09342 1.49636 
v 0.585084 3.35832 1.53189 
v 0.698294 3.04509 1.41568 
v 0.724184 2.99718 1.4497 
v 0.474534 3.4092 1.58542 
v 0.476184 3.39071 1.52723 
v 0.343534 3.41045 1.56349 
v 0.360564 3.3909 1.50746 
v 0.258834 3.35855 1.47598 
v 0.228094 3.37319 1.52753 
v 0.118974 3.29397 1.47448 
v 0.159784 3.28952 1.42907 
v 0.0758437 3.18196 1.41853 
v 0.122034 3.19198 1.38033 
v 0.128614 3.09216 1.3382 
v 0.0817736 3.06182 1.36748 
v 0.132694 2.95497 1.3299 
v 0.177994 2.99045 1.30262 
v 0.192804 2.89029 1.3122 
v 0.222774 2.94333 1.28991 
v 0.285494 2.84287 1.30755 
v 0.287264 2.90503 1.2844 
v 0.349774 2.86622 1.32869 
v 0.285494 2.84287 1.30755 
v 0.329044 2.91993 1.29803 
v 0.365134 2.89526 1.34391 
v 0.260684 3.11381 1.42071 
v 0.215014 3.16086 1.38279 
v 0.615424 3.48419 1.74272 
v 0.607654 3.27338 1.6581 
v 0.583054 3.29293 1.62704 
v 0.589424 3.49988 1.71056 
v 0.246624 3.53428 1.70108 
v 0.282124 3.54152 1.67593 
v 0.275254 3.35295 1.59812 
v 0.238554 3.33856 1.61808 
v 0.572904 2.87588 1.7231 
v 0.587674 2.88211 1.67157 
v 0.628334 2.87287 1.67453 
v 0.617284 2.86775 1.71773 
v 0.682584 2.89203 1.69214 
v 0.510654 3.08914 1.93273 
v 0.532024 3.36238 2.05411 
v 0.224724 3.40403 2.01948 
v 0.202754 3.14925 1.90384 
v 0.547354 3.10362 1.91281 
v 0.607654 3.27338 1.6581 
v 0.615424 3.48419 1.74272 
v 0.567624 3.36972 2.029 
v 0.198824 3.41978 1.98745 
v 0.246624 3.53428 1.70108 
v 0.238554 3.33856 1.61808 
v 0.178154 3.1688 1.87279 
v 0.289324 2.9924 1.96224 
v 0.315724 2.96883 1.90607 
v 0.447144 3.01608 1.94906 
v 0.453784 3.05379 2.01977 
v 0.184844 2.92187 1.86328 
v 0.124964 2.93294 1.90832 
v 0.391564 3.16076 1.46351 
v 0.379374 3.22029 1.43676 
v 0.544394 3.27997 1.49096 
v 0.522974 3.208 1.50653 
v 0.215014 3.16086 1.38279 
v 0.260684 3.11381 1.42071 
v 0.583054 3.29293 1.62704 
v 0.275254 3.35295 1.59812 
v 0.282124 3.54152 1.67593 
v 0.589424 3.49988 1.71056 
v 0.453784 3.05379 2.01977 
v 0.447144 3.01608 1.94906 
v 0.500424 2.95075 1.87177 
v 0.526204 2.95893 1.90326 
v 0.539044 2.90398 1.80133 
v 0.574084 2.90305 1.82015 
v 0.617284 2.86775 1.71773 
v 0.572904 2.87588 1.7231 
v 0.670004 2.97787 1.43203 
v 0.629204 2.98718 1.42906 
v 0.662324 3.03258 1.40407 
v 0.724184 2.99718 1.4497 
v 0.634184 3.09442 1.42602 
v 0.598714 3.05489 1.45318 
v 0.568224 3.1226 1.4773 
v 0.604254 3.15627 1.44767 
v 0.544394 3.27997 1.49096 
v 0.522974 3.208 1.50653 
v 0.704894 3.08865 1.78123 
v 0.648203 3.20936 1.82387 
v 0.613783 3.12263 2.02382 
v 0.679914 3.02512 1.92771 
v 0.556553 3.26571 1.8326 
v 0.522994 3.17816 2.03238 
v 0.697904 2.95377 1.81835 
v 0.398684 3.21724 2.02807 
v 0.711534 2.98829 1.73884 
v 0.682584 2.89203 1.69214 
v 0.753134 3.09342 1.49636 
v 0.746574 3.1938 1.53875 
v 0.724184 2.99718 1.4497 
v 0.690414 3.3146 1.58147 
v 0.628334 2.87287 1.67453 
v 0.598834 3.3701 1.5898 
v 0.670004 2.97787 1.43203 
v 0.629204 2.98718 1.42906 
v 0.587674 2.88211 1.67157 
v 0.474534 3.4092 1.58542 
v 0.432254 3.3048 1.82825 
v 0.301244 3.30613 1.80638 
v 0.343534 3.41045 1.56349 
v 0.267674 3.21847 2.00617 
v 0.185824 3.26878 1.7704 
v 0.228094 3.37319 1.52753 
v 0.152234 3.18119 1.97024 
v 0.118974 3.29397 1.47448 
v 0.0431136 3.10198 1.91718 
v 0.0766937 3.18945 1.7173 
v 0.0758437 3.18196 1.41853 
v -1.63317e-05 2.98998 1.8612 
v 0.0335736 3.07756 1.66138 
v 0.0394838 2.95751 1.61033 
v 0.00592363 2.86986 1.81009 
v 0.0817736 3.06182 1.36748 
v 0.0568637 2.76304 1.77246 
v 0.0904435 2.85059 1.57269 
v 0.132694 2.95497 1.3299 
v 0.116984 2.69839 1.75467 
v 0.192804 2.89029 1.3122 
v 0.150544 2.78591 1.55494 
v 0.285494 2.84287 1.30755 
v 0.243214 2.73859 1.5503 
v 0.209684 2.65099 1.74997 
v 0.349774 2.86622 1.32869 
v 0.273964 2.67435 1.77112 
v 0.307534 2.76187 1.57142 
v 0.365134 2.89526 1.34391 
v 0.322904 2.79082 1.5866 
v 0.289324 2.70339 1.78635 
v 0.481274 3.10281 1.74905 
v 0.447144 3.01608 1.94906 
v 0.315724 2.96883 1.90607 
v 0.391564 3.16076 1.46351 
v 0.522974 3.208 1.50653 
v 0.349884 3.0557 1.7061 
v 0.260684 3.11381 1.42071 
v 0.219014 3.00868 1.66329 
v 0.184844 2.92187 1.86328 
v 0.526614 3.01747 1.71981 
v 0.500424 2.95075 1.87177 
v 0.447144 3.01608 1.94906 
v 0.481274 3.10281 1.74905 
v 0.522974 3.208 1.50653 
v 0.568224 3.1226 1.4773 
v 0.557144 2.94979 1.69569 
v 0.539044 2.90398 1.80133 
v 0.598714 3.05489 1.45318 
v 0.587674 2.88211 1.67157 
v 0.572904 2.87588 1.7231 
v 0.629204 2.98718 1.42906 
v 0.184844 2.92187 1.86328 
v 0.289324 2.70339 1.78635 
v 0.322904 2.79082 1.5866 
v 0.219014 3.00868 1.66329 
v 0.365134 2.89526 1.34391 
v 0.260684 3.11381 1.42071 

vn 0.0787402 0.92126 0.377953 
vn 0.0787402 0.92126 0.385827 
vn 0.0787402 0.92126 0.385827 
vn 0.0787402 0.92126 0.377953 
vn 0.0866142 0.92126 0.385827 
vn 0.0787402 0.92126 0.385827 
vn 0.0866142 0.92126 0.385827 
vn 0.0787402 0.92126 0.385827 
vn 0.0787402 0.92126 0.385827 
vn 0.15748 0.393701 -0.905512 
vn 0.15748 0.393701 -0.905512 
vn 0.15748 0.393701 -0.905512 
vn 0.15748 0.393701 -0.905512 
vn 0.15748 0.393701 -0.905512 
vn 0.15748 0.393701 -0.905512 
vn 0.15748 0.393701 -0.905512 
vn 0.15748 0.393701 -0.905512 
vn 0.15748 0.393701 -0.905512 
vn 0.15748 0.393701 -0.905512 
vn 0.15748 0.393701 -0.905512 
vn 0.15748 0.393701 -0.905512 
vn 0.15748 0.393701 -0.905512 
vn 0.15748 0.393701 -0.905512 
vn 0.15748 0.393701 -0.905512 
vn 0.15748 0.393701 -0.905512 
vn 0.15748 0.393701 -0.905512 
vn 0.15748 0.393701 -0.905512 
vn 0.15748 0.393701 -0.905512 
vn 0.15748 0.393701 -0.905512 
vn 0.15748 0.393701 -0.905512 
vn -0.15748 -0.393701 0.905512 
vn -0.15748 -0.393701 0.905512 
vn -0.15748 -0.393701 0.905512 
vn -0.15748 -0.393701 0.905512 
vn -0.15748 -0.393701 0.905512 
vn -0.15748 -0.393701 0.905512 
vn -0.15748 -0.393701 0.905512 
vn -0.15748 -0.393701 0.905512 
vn -0.15748 -0.393701 0.905512 
vn -0.15748 -0.393701 0.905512 
vn -0.15748 -0.393701 0.905512 
vn -0.165354 -0.385827 0.905512 
vn -0.133858 -0.511811 0.850394 
vn -0.165354 -0.370079 0.913386 
vn -0.0944882 -0.629921 0.771654 
vn -0.0472441 -0.787402 0.614173 
vn -0.0393701 -0.80315 0.598425 
vn -0.015748 -0.88189 0.472441 
vn -0.00787402 -0.889764 0.448819 
vn 0.023622 -0.937008 0.354331 
vn 0.023622 -0.937008 0.354331 
vn -0.811024 -0.181102 0.551181 
vn -0.811024 -0.181102 0.551181 
vn -0.811024 -0.181102 0.551181 
vn -0.811024 -0.181102 0.551181 
vn 0.566929 -0.370079 0.732283 
vn 0.566929 -0.370079 0.732283 
vn 0.566929 -0.370079 0.732283 
vn 0.566929 -0.370079 0.732283 
vn 0.456693 0.125984 0.88189 
vn 0.685039 -0.362205 0.629921 
vn 0.692913 -0.433071 0.574803 
vn 0.692913 -0.622047 0.370079 
vn 0.543307 -0.015748 0.84252 
vn 0.685039 -0.629921 0.354331 
vn 0.511811 -0.850394 0.0944882 
vn 0.527559 -0.84252 0.102362 
vn 0.181102 0.377953 0.905512 
vn 0.188976 0.377953 0.905512 
vn -0.0314961 0.425197 0.905512 
vn -0.023622 0.425197 0.905512 
vn -0.267717 0.409449 0.874016 
vn -0.267717 0.409449 0.866142 
vn -0.488189 0.322835 0.811024 
vn -0.480315 0.322835 0.811024 
vn -0.692913 0.141732 0.708661 
vn -0.700787 0.133858 0.700787 
vn -0.826772 -0.11811 0.551181 
vn -0.826772 -0.11811 0.551181 
vn -0.80315 -0.393701 0.448819 
vn -0.811024 -0.377953 0.448819 
vn -0.700787 -0.598425 0.385827 
vn -0.692913 -0.606299 0.385827 
vn -0.535433 -0.779528 0.338583 
vn -0.543307 -0.76378 0.338583 
vn -0.110236 -0.913386 0.393701 
vn -0.15748 -0.905512 0.385827 
vn -0.110236 -0.913386 0.393701 
vn 0.488189 -0.511811 0.708661 
vn 0.370079 -0.779528 0.511811 
vn 0.606299 -0.330709 0.724409 
vn 0.724409 -0.488189 0.488189 
vn 0.598425 0 0.80315 
vn 0.653543 0.661417 -0.370079 
vn 0.787402 0.393701 -0.472441 
vn 0.795276 0.385827 -0.472441 
vn 0.606299 0.716535 -0.346457 
vn 0.818898 0.165354 -0.543307 
vn 0.393701 0.88189 -0.267717 
vn 0.818898 0.15748 -0.551181 
vn 0.377953 0.88189 -0.267717 
vn 0.645669 -0.15748 -0.748031 
vn 0.637795 -0.165354 -0.755906 
vn 0.181102 0.937008 -0.291339 
vn 0.173228 0.937008 -0.291339 
vn -0.0629921 0.937008 -0.338583 
vn -0.0629921 0.937008 -0.338583 
vn -0.275591 0.874016 -0.401575 
vn -0.283465 0.866142 -0.409449 
vn -0.503937 0.685039 -0.527559 
vn -0.496063 0.692913 -0.527559 
vn -0.629921 0.401575 -0.661417 
vn -0.629921 0.401575 -0.661417 
vn -0.598425 0.15748 -0.787402 
vn -0.590551 0.141732 -0.795276 
vn -0.480315 -0.0551181 -0.874016 
vn -0.480315 -0.0629921 -0.874016 
vn -0.314961 -0.228346 -0.92126 
vn -0.330709 -0.220472 -0.92126 
vn 0.110236 -0.338583 -0.937008 
vn 0.0708661 -0.330709 -0.937008 
vn 0.590551 -0.212598 -0.779528 
vn 0.110236 -0.338583 -0.937008 
vn 0.724409 0.0944882 -0.685039 
vn 0.818898 0.212598 -0.527559 
vn 0.795276 0.496063 -0.346457 
vn 0.795276 0.496063 -0.346457 
vn 0.818898 0.188976 -0.543307 
vn 0.818898 0.188976 -0.543307 
vn 0.818898 0.188976 -0.543307 
vn 0.818898 0.188976 -0.543307 
vn -0.566929 0.338583 -0.748031 
vn -0.566929 0.338583 -0.748031 
vn -0.566929 0.338583 -0.748031 
vn -0.566929 0.338583 -0.748031 
vn -0.204724 -0.96063 -0.173228 
vn -0.204724 -0.96063 -0.173228 
vn 0.0708661 -0.992126 -0.125984 
vn 0.0629921 -0.992126 -0.125984 
vn 0.511811 -0.850394 0.0944882 
vn -0.15748 -0.393701 0.905512 
vn -0.15748 -0.393701 0.905512 
vn -0.15748 -0.393701 0.905512 
vn -0.15748 -0.393701 0.905512 
vn 0.984252 -0.11811 0.133858 
vn 0.984252 -0.11811 0.133858 
vn 0.984252 -0.11811 0.133858 
vn 0.984252 -0.11811 0.133858 
vn -0.984252 0.11811 -0.133858 
vn -0.984252 0.11811 -0.133858 
vn -0.984252 0.11811 -0.133858 
vn -0.984252 0.11811 -0.133858 
vn 0.173228 -0.874016 0.448819 
vn 0.173228 -0.874016 0.448819 
vn 0.165354 -0.874016 0.448819 
vn 0.165354 -0.874016 0.448819 
vn 0.173228 -0.88189 0.448819 
vn 0.173228 -0.88189 0.448819 
vn 0.393701 -0.307087 -0.866142 
vn 0.393701 -0.307087 -0.866142 
vn 0.393701 -0.307087 -0.866142 
vn 0.393701 -0.307087 -0.866142 
vn 0.393701 -0.307087 -0.866142 
vn 0.393701 -0.307087 -0.866142 
vn 0.15748 0.370079 -0.913386 
vn 0.15748 0.370079 -0.913386 
vn 0.15748 0.370079 -0.913386 
vn 0.15748 0.370079 -0.913386 
vn -0.322835 -0.818898 0.472441 
vn -0.322835 -0.818898 0.472441 
vn -0.283465 -0.850394 0.448819 
vn -0.299213 -0.834646 0.456693 
vn -0.204724 -0.913386 0.354331 
vn -0.204724 -0.913386 0.354331 
vn -0.15748 -0.952756 0.267717 
vn -0.15748 -0.952756 0.267717 
vn 0.212598 -0.425197 -0.88189 
vn -0.354331 -0.244094 -0.905512 
vn -0.149606 -0.251969 -0.96063 
vn 0.637795 -0.165354 -0.755906 
vn -0.614173 0 -0.787402 
vn -0.614173 0 -0.787402 
vn -0.606299 -0.015748 -0.795276 
vn -0.606299 -0.015748 -0.795276 
vn -0.598425 -0.023622 -0.80315 
vn -0.598425 -0.023622 -0.80315 
vn 0.96063 0.15748 0.23622 
vn 0.740157 0.566929 0.370079 
vn 0.708661 0.598425 0.377953 
vn 0.944882 0.212598 0.251969 
vn 0.385827 0.818898 0.425197 
vn 0.385827 0.818898 0.425197 
vn 0.984252 -0.0944882 0.125984 
vn 0.102362 0.905512 0.417323 
vn 0.984252 -0.15748 0.102362 
vn 0.80315 -0.590551 -0.11811 
vn 0.984252 -0.15748 0.102362 
vn 0.96063 0.15748 0.23622 
vn 0.748031 -0.645669 -0.149606 
vn 0.740157 0.566929 0.370079 
vn 0.11811 -0.92126 -0.377953 
vn 0.385827 0.818898 0.417323 
vn 0.11811 -0.92126 -0.377953 
vn -0.173228 -0.889764 -0.417323 
vn -0.173228 -0.889764 -0.417323 
vn 0.102362 0.905512 0.409449 
vn 0.102362 0.905512 0.409449 
vn -0.220472 0.905512 0.354331 
vn -0.220472 0.913386 0.354331 
vn -0.220472 0.905512 0.362205 
vn -0.511811 0.811024 0.267717 
vn -0.511811 0.818898 0.259843 
vn -0.519685 0.811024 0.267717 
vn -0.811024 0.574803 0.102362 
vn -0.818898 0.566929 0.110236 
vn -0.811024 0.566929 0.110236 
vn -0.976378 0.19685 -0.0866142 
vn -0.976378 0.188976 -0.0787402 
vn -0.976378 0.19685 -0.0866142 
vn -0.96063 -0.15748 -0.228346 
vn -0.96063 -0.15748 -0.228346 
vn -0.96063 -0.15748 -0.23622 
vn -0.826772 -0.456693 -0.338583 
vn -0.826772 -0.456693 -0.338583 
vn -0.826772 -0.456693 -0.338583 
vn -0.590551 -0.700787 -0.401575 
vn -0.590551 -0.700787 -0.401575 
vn -0.590551 -0.700787 -0.401575 
vn -0.00787402 -0.92126 -0.393701 
vn -0.00787402 -0.913386 -0.401575 
vn -0.00787402 -0.913386 -0.401575 
vn 0.692913 -0.700787 -0.181102 
vn 0.692913 -0.692913 -0.188976 
vn 0.692913 -0.692913 -0.181102 
vn 0.889764 -0.448819 -0.0393701 
vn 0.889764 -0.448819 -0.0393701 
vn 0.889764 -0.448819 -0.0472441 
vn 0.409449 -0.858268 -0.307087 
vn 0.409449 -0.858268 -0.307087 
vn 0.409449 -0.858268 -0.307087 
vn 0.409449 -0.858268 -0.299213 
vn 0.409449 -0.858268 -0.299213 
vn 0.409449 -0.858268 -0.307087 
vn 0.409449 -0.858268 -0.299213 
vn 0.409449 -0.858268 -0.307087 
vn 0.724409 -0.488189 0.488189 
vn -0.897638 -0.330709 -0.299213 
vn -0.889764 -0.346457 -0.299213 
vn -0.88189 -0.362205 -0.307087 
vn -0.88189 -0.362205 -0.307087 
vn -0.88189 -0.362205 -0.307087 
vn -0.897638 -0.330709 -0.299213 
vn -0.905512 -0.307087 -0.291339 
vn -0.905512 -0.307087 -0.291339 
vn -0.905512 -0.307087 -0.291339 
vn -0.905512 -0.307087 -0.291339 
vn -0.905512 -0.299213 -0.291339 
vn -0.905512 -0.307087 -0.291339 
vn 0.897638 0.322835 0.291339 
vn 0.897638 0.322835 0.291339 
vn 0.897638 0.322835 0.291339 
vn 0.897638 0.322835 0.291339 
vn 0.897638 0.322835 0.299213 
vn 0.897638 0.322835 0.299213 

vt 0.588388 0.735764 
vt 0.584651 0.732734 
vt 0.581451 0.735775 
vt 0.589087 0.735385 
vt 0.589087 0.730248 
vt 0.580751 0.735189 
vt 0.588389 0.729664 
vt 0.580751 0.730054 
vt 0.581451 0.729675 
vt 0.618659 0.732798 
vt 0.614883 0.739841 
vt 0.617331 0.732655 
vt 0.619348 0.734745 
vt 0.618566 0.739521 
vt 0.619408 0.736497 
vt 0.616902 0.741975 
vt 0.614369 0.743966 
vt 0.609224 0.739745 
vt 0.610711 0.744763 
vt 0.607441 0.744596 
vt 0.60419 0.743529 
vt 0.601481 0.741802 
vt 0.603566 0.739771 
vt 0.599885 0.740253 
vt 0.602349 0.735877 
vt 0.59896 0.736831 
vt 0.601743 0.733961 
vt 0.599264 0.73455 
vt 0.600065 0.732356 
vt 0.601202 0.732188 
vt 0.575956 0.733174 
vt 0.577286 0.733056 
vt 0.579529 0.74031 
vt 0.575235 0.735096 
vt 0.575869 0.739942 
vt 0.57511 0.736858 
vt 0.577483 0.742407 
vt 0.579868 0.744265 
vt 0.585151 0.740286 
vt 0.583684 0.745311 
vt 0.586981 0.745192 
vt 0.59024 0.744127 
vt 0.590752 0.740554 
vt 0.592868 0.742297 
vt 0.59419 0.74066 
vt 0.594781 0.737024 
vt 0.591307 0.735963 
vt 0.594272 0.73326 
vt 0.591915 0.732978 
vt 0.593291 0.730148 
vt 0.592393 0.729841 
vt 0.586961 0.757236 
vt 0.588266 0.757236 
vt 0.588492 0.76433 
vt 0.587191 0.764447 
vt 0.576425 0.757236 
vt 0.57773 0.757236 
vt 0.577903 0.765196 
vt 0.576611 0.765006 
vt 0.59419 0.74066 
vt 0.594781 0.737024 
vt 0.596713 0.736362 
vt 0.594272 0.73326 
vt 0.596123 0.740651 
vt 0.596111 0.732681 
vt 0.594598 0.72896 
vt 0.593291 0.730148 
vt 0.592868 0.742297 
vt 0.594319 0.743305 
vt 0.59024 0.744127 
vt 0.59117 0.745605 
vt 0.586981 0.745192 
vt 0.587314 0.746926 
vt 0.583377 0.747024 
vt 0.583684 0.745311 
vt 0.57911 0.745927 
vt 0.579868 0.744265 
vt 0.576102 0.743501 
vt 0.577483 0.742407 
vt 0.574076 0.740409 
vt 0.575869 0.739942 
vt 0.573255 0.737057 
vt 0.57511 0.736858 
vt 0.573406 0.73458 
vt 0.575235 0.735096 
vt 0.574534 0.731899 
vt 0.575956 0.733174 
vt 0.575443 0.731376 
vt 0.577286 0.733056 
vt 0.57759 0.731332 
vt 0.578577 0.731873 
vt 0.580777 0.738417 
vt 0.579529 0.74031 
vt 0.598024 0.74068 
vt 0.597152 0.737001 
vt 0.59896 0.736831 
vt 0.599885 0.740253 
vt 0.599264 0.73455 
vt 0.600127 0.742918 
vt 0.597417 0.734048 
vt 0.601481 0.741802 
vt 0.600065 0.732356 
vt 0.598577 0.731213 
vt 0.603294 0.745023 
vt 0.60419 0.743529 
vt 0.607107 0.74633 
vt 0.607441 0.744596 
vt 0.610711 0.744763 
vt 0.610993 0.746481 
vt 0.615226 0.745452 
vt 0.614369 0.743966 
vt 0.618276 0.743099 
vt 0.616902 0.741975 
vt 0.618566 0.739521 
vt 0.620346 0.740037 
vt 0.621237 0.736716 
vt 0.619408 0.736497 
vt 0.621171 0.734239 
vt 0.619348 0.734745 
vt 0.620086 0.731554 
vt 0.618659 0.732798 
vt 0.61705 0.730908 
vt 0.61918 0.731022 
vt 0.617331 0.732655 
vt 0.61604 0.731423 
vt 0.613685 0.73796 
vt 0.614883 0.739841 
vt 0.609339 0.757236 
vt 0.609401 0.763488 
vt 0.608103 0.763342 
vt 0.60803 0.757236 
vt 0.597501 0.757236 
vt 0.598806 0.757236 
vt 0.598834 0.762445 
vt 0.597543 0.762641 
vt 0.591137 0.730297 
vt 0.591147 0.728787 
vt 0.592408 0.728621 
vt 0.592393 0.729841 
vt 0.594208 0.728701 
vt 0.577903 0.765196 
vt 0.57773 0.757236 
vt 0.586961 0.757236 
vt 0.587191 0.764447 
vt 0.618448 0.765196 
vt 0.609401 0.763488 
vt 0.609339 0.757236 
vt 0.618571 0.757236 
vt 0.588266 0.757236 
vt 0.597501 0.757236 
vt 0.597543 0.762641 
vt 0.588492 0.76433 
vt 0.585151 0.740286 
vt 0.585158 0.738401 
vt 0.589639 0.73851 
vt 0.590752 0.740554 
vt 0.580777 0.738417 
vt 0.579529 0.74031 
vt 0.60927 0.737894 
vt 0.609224 0.739745 
vt 0.603566 0.739771 
vt 0.604862 0.737896 
vt 0.614883 0.739841 
vt 0.613685 0.73796 
vt 0.608103 0.763342 
vt 0.598834 0.762445 
vt 0.598806 0.757236 
vt 0.60803 0.757236 
vt 0.590752 0.740554 
vt 0.589639 0.73851 
vt 0.590244 0.735368 
vt 0.591307 0.735963 
vt 0.590731 0.732786 
vt 0.591915 0.732978 
vt 0.592393 0.729841 
vt 0.591137 0.730297 
vt 0.601206 0.730567 
vt 0.602427 0.731091 
vt 0.601202 0.732188 
vt 0.599396 0.730676 
vt 0.601743 0.733961 
vt 0.603307 0.733147 
vt 0.603959 0.735264 
vt 0.602349 0.735877 
vt 0.603566 0.739771 
vt 0.604862 0.737896 
vt 0.576065 0.752364 
vt 0.578782 0.752363 
vt 0.578786 0.756344 
vt 0.576066 0.75528 
vt 0.580877 0.752364 
vt 0.580859 0.756344 
vt 0.573947 0.753947 
vt 0.58339 0.756345 
vt 0.573947 0.752364 
vt 0.571796 0.752365 
vt 0.573946 0.747537 
vt 0.576065 0.747536 
vt 0.571795 0.747538 
vt 0.57878 0.747534 
vt 0.570628 0.752365 
vt 0.580864 0.747536 
vt 0.570627 0.747538 
vt 0.569813 0.747539 
vt 0.569817 0.752366 
vt 0.583395 0.747537 
vt 0.583405 0.752365 
vt 0.58598 0.752366 
vt 0.585974 0.747539 
vt 0.58597 0.756346 
vt 0.588432 0.752367 
vt 0.588431 0.747539 
vt 0.588427 0.756348 
vt 0.591245 0.74754 
vt 0.591243 0.756349 
vt 0.591242 0.752368 
vt 0.593817 0.74754 
vt 0.593815 0.756349 
vt 0.593807 0.752368 
vt 0.59634 0.752369 
vt 0.596353 0.75635 
vt 0.596355 0.74754 
vt 0.598765 0.756352 
vt 0.598753 0.752369 
vt 0.598766 0.747538 
vt 0.600513 0.756354 
vt 0.600514 0.747537 
vt 0.600502 0.752369 
vt 0.602537 0.747534 
vt 0.602526 0.75237 
vt 0.602535 0.756357 
vt 0.603926 0.747535 
vt 0.603925 0.756357 
vt 0.603918 0.75237 
vt 0.60463 0.747537 
vt 0.60462 0.75237 
vt 0.604628 0.756355 
vt 0.615563 0.752467 
vt 0.615565 0.756449 
vt 0.612729 0.756449 
vt 0.612729 0.747639 
vt 0.615565 0.747639 
vt 0.612729 0.752467 
vt 0.609905 0.747639 
vt 0.609905 0.752467 
vt 0.609905 0.756448 
vt 0.617523 0.752467 
vt 0.617536 0.755499 
vt 0.615565 0.756449 
vt 0.615563 0.752467 
vt 0.615565 0.747639 
vt 0.617525 0.74764 
vt 0.619038 0.752468 
vt 0.619038 0.754571 
vt 0.61904 0.74764 
vt 0.620554 0.752468 
vt 0.620237 0.753396 
vt 0.620556 0.747641 
vt 0.609905 0.756448 
vt 0.604972 0.756447 
vt 0.60499 0.752467 
vt 0.609905 0.752467 
vt 0.604973 0.747639 
vt 0.609905 0.747639 

usemtl Bacon1Mtl

f 1/1/1 2/2/2 3/3/3 
f 4/4/4 2/2/2 1/1/1 
f 5/5/5 2/2/2 4/4/4 
f 3/3/3 2/2/2 6/6/6 
f 7/7/7 2/2/2 5/5/5 
f 6/6/6 2/2/2 8/8/8 
f 9/9/9 2/2/2 7/7/7 
f 8/8/8 2/2/2 9/9/9 
f 10/10/10 11/11/11 12/12/12 
f 13/13/13 11/11/11 10/10/10 
f 13/13/13 14/14/14 11/11/11 
f 13/13/13 15/15/15 14/14/14 
f 14/14/14 16/16/16 11/11/11 
f 11/11/11 16/16/16 17/17/17 
f 11/11/11 17/17/17 18/18/18 
f 18/18/18 17/17/17 19/19/19 
f 20/20/20 18/18/18 19/19/19 
f 21/21/21 18/18/18 20/20/20 
f 22/22/22 18/18/18 21/21/21 
f 22/22/22 23/23/23 18/18/18 
f 23/23/23 22/22/22 24/24/24 
f 24/24/24 25/25/25 23/23/23 
f 24/24/24 26/26/26 25/25/25 
f 27/27/27 25/25/25 26/26/26 
f 27/27/27 26/26/26 28/28/28 
f 29/29/29 27/27/27 28/28/28 
f 29/29/29 30/30/30 27/27/27 
f 31/31/31 32/32/32 33/33/33 
f 34/34/34 31/31/31 33/33/33 
f 34/34/34 33/33/33 35/35/35 
f 34/34/34 35/35/35 36/36/36 
f 35/35/35 33/33/33 37/37/37 
f 33/33/33 38/38/38 37/37/37 
f 33/33/33 39/39/39 38/38/38 
f 38/38/38 39/39/39 40/40/40 
f 41/41/41 40/40/40 39/39/39 
f 39/39/39 42/42/42 41/41/41 
f 43/43/43 42/42/42 39/39/39 
f 43/43/43 44/44/44 42/42/42 
f 43/43/43 45/45/45 44/44/44 
f 43/43/43 46/46/46 45/45/45 
f 43/43/43 47/47/47 46/46/46 
f 47/47/47 48/48/48 46/46/46 
f 47/47/47 49/49/49 48/48/48 
f 50/50/50 48/48/48 49/49/49 
f 50/50/50 49/49/49 51/51/51 
f 52/52/52 53/53/53 54/54/54 
f 52/52/52 54/54/54 55/55/55 
f 56/56/56 57/57/57 58/58/58 
f 56/56/56 58/58/58 59/59/59 
f 60/60/60 61/61/61 62/62/62 
f 63/63/63 62/62/62 61/61/61 
f 60/60/60 62/62/62 64/64/64 
f 63/63/63 65/65/65 62/62/62 
f 63/63/63 66/66/66 65/65/65 
f 63/63/63 67/67/67 66/66/66 
f 64/64/64 68/68/68 60/60/60 
f 64/64/64 69/69/69 68/68/68 
f 70/70/70 68/68/68 69/69/69 
f 70/70/70 69/69/69 71/71/71 
f 72/72/72 70/70/70 71/71/71 
f 72/72/72 71/71/71 73/73/73 
f 72/72/72 73/73/73 74/74/74 
f 72/72/72 74/74/74 75/75/75 
f 75/75/75 74/74/74 76/76/76 
f 75/75/75 76/76/76 77/77/77 
f 78/78/78 77/77/77 76/76/76 
f 78/78/78 79/79/79 77/77/77 
f 80/80/80 79/79/79 78/78/78 
f 80/80/80 81/81/81 79/79/79 
f 81/81/81 80/80/80 82/82/82 
f 81/81/81 82/82/82 83/83/83 
f 84/84/84 83/83/83 82/82/82 
f 84/84/84 85/85/85 83/83/83 
f 85/85/85 84/84/84 86/86/86 
f 85/85/85 86/86/86 87/87/87 
f 88/88/88 89/89/89 87/87/87 
f 88/88/88 90/90/90 89/89/89 
f 91/91/91 89/89/89 90/90/90 
f 92/92/92 89/89/89 91/91/91 
f 92/92/92 93/93/93 89/89/89 
f 94/94/94 95/95/95 96/96/96 
f 94/94/94 96/96/96 97/97/97 
f 98/98/98 96/96/96 95/95/95 
f 99/99/99 94/94/94 97/97/97 
f 98/98/98 95/95/95 100/100/100 
f 99/99/99 97/97/97 101/101/101 
f 102/102/102 98/98/98 100/100/100 
f 102/102/102 100/100/100 103/103/103 
f 104/104/104 99/99/99 101/101/101 
f 104/104/104 101/101/101 105/105/105 
f 105/105/105 106/106/106 104/104/104 
f 105/105/105 107/107/107 106/106/106 
f 108/108/108 106/106/106 107/107/107 
f 108/108/108 109/109/109 106/106/106 
f 108/108/108 110/110/110 109/109/109 
f 108/108/108 111/111/111 110/110/110 
f 111/111/111 112/112/112 110/110/110 
f 111/111/111 113/113/113 112/112/112 
f 114/114/114 112/112/112 113/113/113 
f 114/114/114 115/115/115 112/112/112 
f 116/116/116 115/115/115 114/114/114 
f 116/116/116 114/114/114 117/117/117 
f 118/118/118 116/116/116 117/117/117 
f 118/118/118 117/117/117 119/119/119 
f 119/119/119 120/120/120 118/118/118 
f 119/119/119 121/121/121 120/120/120 
f 122/122/122 123/123/123 121/121/121 
f 122/122/122 121/121/121 124/124/124 
f 125/125/125 122/122/122 124/124/124 
f 124/124/124 126/126/126 125/125/125 
f 124/124/124 127/127/127 126/126/126 
f 128/128/128 129/129/129 130/130/130 
f 128/128/128 130/130/130 131/131/131 
f 132/132/132 133/133/133 134/134/134 
f 132/132/132 134/134/134 135/135/135 
f 136/136/136 137/137/137 138/138/138 
f 136/136/136 138/138/138 139/139/139 
f 140/140/140 139/139/139 138/138/138 
f 140/140/140 67/67/67 139/139/139 
f 141/141/141 142/142/142 143/143/143 
f 141/141/141 143/143/143 144/144/144 
f 145/145/145 146/146/146 147/147/147 
f 145/145/145 147/147/147 148/148/148 
f 149/149/149 150/150/150 151/151/151 
f 149/149/149 151/151/151 152/152/152 
f 153/153/153 154/154/154 155/155/155 
f 153/153/153 155/155/155 156/156/156 
f 153/153/153 157/157/157 154/154/154 
f 153/153/153 158/158/158 157/157/157 
f 159/159/159 160/160/160 161/161/161 
f 159/159/159 161/161/161 162/162/162 
f 163/163/163 160/160/160 159/159/159 
f 163/163/163 159/159/159 164/164/164 
f 165/165/165 166/166/166 167/167/167 
f 165/165/165 167/167/167 168/168/168 
f 169/169/169 170/170/170 171/171/171 
f 169/169/169 171/171/171 172/172/172 
f 172/172/172 171/171/171 173/173/173 
f 172/172/172 173/173/173 174/174/174 
f 175/175/175 174/174/174 173/173/173 
f 175/175/175 173/173/173 176/176/176 
f 177/177/177 178/178/178 179/179/179 
f 102/102/102 177/177/177 179/179/179 
f 102/102/102 180/180/180 177/177/177 
f 181/181/181 179/179/179 178/178/178 
f 181/181/181 178/178/178 182/182/182 
f 181/181/181 182/182/182 183/183/183 
f 181/181/181 183/183/183 184/184/184 
f 183/183/183 185/185/185 184/184/184 
f 183/183/183 186/186/186 185/185/185 
f 187/187/187 188/188/188 189/189/189 
f 187/187/187 189/189/189 190/190/190 
f 189/189/189 188/188/188 191/191/191 
f 189/189/189 191/191/191 192/192/192 
f 187/187/187 190/190/190 193/193/193 
f 191/191/191 194/194/194 192/192/192 
f 187/187/187 193/193/193 195/195/195 
f 196/196/196 195/195/195 193/193/193 
f 197/197/197 187/187/187 195/195/195 
f 196/196/196 197/197/197 195/195/195 
f 197/197/197 198/198/198 187/187/187 
f 196/196/196 199/199/199 197/197/197 
f 200/200/200 187/187/187 198/198/198 
f 200/200/200 188/188/188 187/187/187 
f 199/199/199 196/196/196 201/201/201 
f 188/188/188 200/200/200 202/202/202 
f 188/188/188 202/202/202 191/191/191 
f 199/199/199 201/201/201 203/203/203 
f 204/204/204 203/203/203 201/201/201 
f 204/204/204 201/201/201 205/205/205 
f 191/191/191 202/202/202 206/206/206 
f 191/191/191 206/206/206 207/207/207 
f 191/191/191 207/207/207 194/194/194 
f 208/208/208 207/207/207 206/206/206 
f 208/208/208 194/194/194 207/207/207 
f 208/208/208 206/206/206 209/209/209 
f 208/208/208 210/210/210 194/194/194 
f 209/209/209 211/211/211 208/208/208 
f 211/211/211 210/210/210 208/208/208 
f 209/209/209 212/212/212 211/211/211 
f 211/211/211 213/213/213 210/210/210 
f 214/214/214 211/211/211 212/212/212 
f 215/215/215 213/213/213 211/211/211 
f 214/214/214 216/216/216 211/211/211 
f 215/215/215 211/211/211 216/216/216 
f 217/217/217 216/216/216 214/214/214 
f 218/218/218 215/215/215 216/216/216 
f 217/217/217 219/219/219 216/216/216 
f 218/218/218 216/216/216 219/219/219 
f 217/217/217 220/220/220 219/219/219 
f 218/218/218 219/219/219 220/220/220 
f 218/218/218 220/220/220 221/221/221 
f 217/217/217 222/222/222 220/220/220 
f 223/223/223 221/221/221 220/220/220 
f 224/224/224 220/220/220 222/222/222 
f 223/223/223 220/220/220 224/224/224 
f 224/224/224 222/222/222 225/225/225 
f 226/226/226 223/223/223 224/224/224 
f 227/227/227 224/224/224 225/225/225 
f 227/227/227 228/228/228 224/224/224 
f 226/226/226 224/224/224 228/228/228 
f 229/229/229 228/228/228 227/227/227 
f 230/230/230 226/226/226 228/228/228 
f 229/229/229 230/230/230 228/228/228 
f 230/230/230 231/231/231 226/226/226 
f 232/232/232 230/230/230 229/229/229 
f 230/230/230 233/233/233 231/231/231 
f 232/232/232 234/234/234 230/230/230 
f 230/230/230 234/234/234 233/233/233 
f 235/235/235 234/234/234 232/232/232 
f 235/235/235 236/236/236 234/234/234 
f 236/236/236 233/233/233 234/234/234 
f 236/236/236 237/237/237 233/233/233 
f 238/238/238 239/239/239 240/240/240 
f 238/238/238 241/241/241 242/242/242 
f 238/238/238 243/243/243 241/241/241 
f 238/238/238 240/240/240 243/243/243 
f 243/243/243 244/244/244 241/241/241 
f 243/243/243 245/245/245 244/244/244 
f 240/240/240 245/245/245 243/243/243 
f 240/240/240 246/246/246 245/245/245 
f 247/247/247 248/248/248 249/249/249 
f 247/247/247 249/249/249 250/250/250 
f 251/251/251 247/247/247 250/250/250 
f 251/251/251 252/252/252 247/247/247 
f 248/248/248 247/247/247 253/253/253 
f 252/252/252 253/253/253 247/247/247 
f 248/248/248 253/253/253 254/254/254 
f 252/252/252 255/255/255 253/253/253 
f 254/254/254 253/253/253 256/256/256 
f 255/255/255 256/256/256 253/253/253 
f 254/254/254 256/256/256 257/257/257 
f 255/255/255 258/258/258 256/256/256 
f 259/259/259 260/260/260 261/261/261 
f 259/259/259 261/261/261 262/262/262 
f 262/262/262 261/261/261 263/263/263 
f 262/262/262 263/263/263 264/264/264 

g Bacon2

v 0.117973 3.30997 1.90766 
v 0.0909034 3.3556 1.93017 
v 0.0832435 3.40591 1.80348 
v 0.187523 3.30231 2.04738 
v 0.110453 3.35522 1.79331 
v 0.205863 3.26331 2.01323 
v 0.150623 3.40431 1.68743 
v 0.128193 3.4591 1.68616 
v 0.348863 3.22659 2.0939 
v 0.266194 3.43763 1.6063 
v 0.345224 3.25891 2.1371 
v 0.256433 3.49355 1.5965 
v 0.661973 3.22282 2.19821 
v 0.435254 3.50878 1.548 
v 0.632013 3.20006 2.14839 
v 0.700754 3.23466 2.16934 
v 0.675233 3.2122 2.1194 
v 0.427684 3.45436 1.56222 
v 0.711804 3.44331 1.5767 
v 0.745453 3.49198 1.5646 
v 0.791734 3.47724 1.60068 
v 0.750914 3.42682 1.61095 
v 0.205863 3.26331 2.01323 
v 0.117973 3.30997 1.90766 
v 0.669464 3.32211 1.86205 
v 0.348863 3.22659 2.0939 
v 0.110453 3.35522 1.79331 
v 0.150623 3.40431 1.68743 
v 0.266194 3.43763 1.6063 
v 0.427684 3.45436 1.56222 
v 0.632013 3.20006 2.14839 
v 0.711804 3.44331 1.5767 
v 0.712994 3.31889 1.86681 
v 0.675233 3.2122 2.1194 
v 0.750914 3.42682 1.61095 
v 0.675233 3.2122 2.1194 
v 0.712994 3.31889 1.86681 
v 0.745134 3.3552 1.88646 
v 0.700754 3.23466 2.16934 
v 0.791734 3.47724 1.60068 
v 0.750914 3.42682 1.61095 
v 0.876404 3.93705 2.13617 
v 0.810163 3.64348 2.01018 
v 0.842944 3.73028 1.72668 
v 0.895099 3.98796 1.855 
v 0.778514 3.55744 2.29047 
v 0.857704 3.88614 2.41383 
v 0.745134 3.3552 1.88646 
v 0.791734 3.47724 1.60068 
v 0.700754 3.23466 2.16934 
v 0.398813 4.04655 2.35295 
v 0.460333 4.14086 2.3241 
v 0.378771 4.18243 2.2333 
v 0.544183 3.9887 2.42401 
v 0.305034 4.09435 2.24855 
v 0.586763 4.09055 2.38591 
v 0.827174 3.89613 2.45027 
v 0.365056 4.20513 2.12747 
v 0.289263 4.12045 2.12686 
v 0.832883 4.01004 2.40875 
v 0.857704 3.88614 2.41383 
v 0.842862 4.07706 2.37953 
v 0.859435 4.00135 2.37705 
v 0.876404 3.93705 2.13617 
v 0.875699 4.04562 2.13556 
v 0.895099 3.98796 1.855 
v 0.867807 4.06446 2.35597 
v 0.891958 4.0899 1.89103 
v 0.852594 4.0007 1.8218 
v 0.881414 4.11115 2.13416 
v 0.854991 4.10098 1.86216 
v 0.578734 4.08277 1.83838 
v 0.891977 4.13211 1.91486 
v 0.859124 4.14636 1.89311 
v 0.616812 4.17236 1.87658 
v 0.425254 4.11855 1.90473 
v 0.877053 4.13418 2.31035 
v 0.483328 4.20348 1.93428 
v 0.319344 4.13332 2.00597 
v 0.633661 4.22044 1.907 
v 0.391217 4.21632 2.02233 
v 0.501437 4.24897 1.95338 
v 0.411236 4.25884 2.03552 
v 0.863689 4.19647 1.94658 
v 0.652272 4.27354 1.95988 
v 0.521438 4.29921 1.99376 
v 0.891999 4.17874 1.96046 
v 0.867839 4.22758 2.01726 
v 0.671106 4.30824 2.0237 
v 0.892018 4.20667 2.02399 
v 0.885371 4.15653 2.13319 
v 0.892036 4.23296 2.13155 
v 0.884466 4.18305 2.24878 
v 0.86272 4.20341 2.25614 
v 0.871745 4.25686 2.13155 
v 0.853884 4.15109 2.32492 
v 0.662872 4.28083 2.25083 
v 0.688831 4.3409 2.13154 
v 0.556734 4.35982 2.13154 
v 0.539621 4.33044 2.04013 
v 0.637455 4.22202 2.31442 
v 0.61085 4.15302 2.36255 
v 0.485087 4.20073 2.30785 
v 0.51243 4.26686 2.26757 
v 0.402805 4.23182 2.22796 
v 0.534348 4.31285 2.22716 
v 0.429351 4.28638 2.2152 
v 0.395311 4.24896 2.12862 
v 0.450632 4.3231 2.19288 
v 0.478293 4.3606 2.13154 
v 0.428769 4.29744 2.12989 
v 0.440145 4.30579 2.05663 
v 0.459389 4.33403 2.07678 
v 0.842944 3.73028 1.72668 
v 0.798544 3.74403 1.69203 
v 0.852594 4.0007 1.8218 
v 0.895099 3.98796 1.855 
v 0.791734 3.47724 1.60068 
v 0.578734 4.08277 1.83838 
v 0.745453 3.49198 1.5646 
v 0.506343 3.79316 1.69187 
v 0.435254 3.50878 1.548 
v 0.425254 4.11855 1.90473 
v 0.256433 3.49355 1.5965 
v 0.340074 3.80321 1.74921 
v 0.319344 4.13332 2.00597 
v 0.222903 3.79314 1.84461 
v 0.128193 3.4591 1.68616 
v 0.289263 4.12045 2.12686 
v 0.185323 3.75993 1.9637 
v 0.0832435 3.40591 1.80348 
v 0.196994 3.72162 2.08791 
v 0.305034 4.09435 2.24855 
v 0.0909034 3.3556 1.93017 
v 0.398813 4.04655 2.35295 
v 0.292204 3.67105 2.19877 
v 0.187523 3.30231 2.04738 
v 0.544183 3.9887 2.42401 
v 0.443794 3.62048 2.27925 
v 0.345224 3.25891 2.1371 
v 0.743814 3.55641 2.3231 
v 0.827174 3.89613 2.45027 
v 0.857704 3.88614 2.41383 
v 0.661973 3.22282 2.19821 
v 0.778514 3.55744 2.29047 
v 0.700754 3.23466 2.16934 

vn -0.826772 -0.551181 0.11811 
vn -0.834646 -0.543307 0.0866142 
vn -0.858268 -0.401575 -0.314961 
vn -0.614173 -0.661417 0.425197 
vn -0.866142 -0.409449 -0.291339 
vn -0.606299 -0.669291 0.433071 
vn -0.692913 -0.299213 -0.653543 
vn -0.677165 -0.291339 -0.677165 
vn -0.346457 -0.771654 0.535433 
vn -0.385827 -0.228346 -0.897638 
vn -0.330709 -0.779528 0.535433 
vn -0.377953 -0.220472 -0.897638 
vn 0.181102 -0.92126 0.338583 
vn -0.0866142 -0.244094 -0.968504 
vn 0.0551181 -0.905512 0.417323 
vn 0.566929 -0.818898 0.0708661 
vn 0.645669 -0.76378 0 
vn -0.11811 -0.23622 -0.968504 
vn 0.212598 -0.370079 -0.905512 
vn 0.291339 -0.417323 -0.858268 
vn 0.614173 -0.590551 -0.527559 
vn 0.661417 -0.606299 -0.440945 
vn -0.015748 -0.92126 -0.393701 
vn -0.00787402 -0.929134 -0.377953 
vn -0.015748 -0.92126 -0.393701 
vn -0.015748 -0.92126 -0.393701 
vn -0.00787402 -0.92126 -0.393701 
vn -0.00787402 -0.913386 -0.409449 
vn -0.015748 -0.92126 -0.393701 
vn -0.015748 -0.92126 -0.393701 
vn -0.015748 -0.92126 -0.393701 
vn -0.023622 -0.92126 -0.393701 
vn -0.023622 -0.92126 -0.393701 
vn -0.015748 -0.92126 -0.393701 
vn -0.0314961 -0.92126 -0.393701 
vn 0.645669 -0.76378 0 
vn 0.771654 -0.614173 -0.141732 
vn 0.771654 -0.614173 -0.141732 
vn 0.566929 -0.818898 0.0708661 
vn 0.614173 -0.590551 -0.527559 
vn 0.661417 -0.606299 -0.440945 
vn 0.968504 -0.23622 0.0314961 
vn 0.968504 -0.23622 0.0393701 
vn 0.92126 0 -0.393701 
vn 0.944882 -0.0314961 -0.330709 
vn 0.858268 -0.346457 0.370079 
vn 0.834646 -0.354331 0.417323 
vn 0.968504 -0.23622 0.0472441 
vn 0.905512 0.015748 -0.417323 
vn 0.84252 -0.354331 0.409449 
vn -0.377953 0.488189 0.787402 
vn -0.393701 0.448819 0.80315 
vn -0.685039 0.543307 0.488189 
vn -0.110236 0.385827 0.913386 
vn -0.622047 0.606299 0.488189 
vn -0.110236 0.385827 0.913386 
vn 0.472441 0.283465 0.834646 
vn -0.80315 0.598425 0.0472441 
vn -0.740157 0.661417 0.0787402 
vn 0.425197 0.283465 0.858268 
vn 0.905512 0.11811 0.409449 
vn 0.425197 0.370079 0.826772 
vn 0.929134 0.0708661 0.370079 
vn 1 0.00787402 0.0708661 
vn 1 -0.0393701 0.0551181 
vn 0.913386 0.165354 -0.377953 
vn 0.92126 0.0866142 0.385827 
vn 0.905512 0.181102 -0.377953 
vn 0.393701 0.338583 -0.858268 
vn 0.992126 -0.0787402 0.0393701 
vn 0.362205 0.401575 -0.834646 
vn -0.110236 0.425197 -0.897638 
vn 0.905512 0.251969 -0.346457 
vn 0.393701 0.551181 -0.732283 
vn -0.0708661 0.480315 -0.874016 
vn -0.409449 0.535433 -0.740157 
vn 0.913386 0.212598 0.354331 
vn -0.385827 0.519685 -0.76378 
vn -0.669291 0.653543 -0.354331 
vn 0.00787402 0.614173 -0.787402 
vn -0.692913 0.590551 -0.417323 
vn -0.330709 0.590551 -0.732283 
vn -0.716535 0.574803 -0.401575 
vn 0.440945 0.708661 -0.543307 
vn 0.11811 0.779528 -0.622047 
vn -0.204724 0.755906 -0.622047 
vn 0.897638 0.354331 -0.259843 
vn 0.511811 0.795276 -0.322835 
vn 0.220472 0.889764 -0.401575 
vn 0.92126 0.362205 -0.133858 
vn 0.992126 -0.0866142 0.0314961 
vn 0.92126 0.385827 0.0629921 
vn 0.92126 0.291339 0.259843 
vn 0.503937 0.700787 0.503937 
vn 0.559055 0.826772 0.0787402 
vn 0.448819 0.559055 0.692913 
vn 0.181102 0.795276 0.582677 
vn 0.267717 0.96063 0.0787402 
vn 0.0551181 0.992126 0.0708661 
vn -0.0393701 0.889764 -0.448819 
vn 0.0629921 0.637795 0.76378 
vn -0.0551181 0.472441 0.88189 
vn -0.346457 0.480315 0.80315 
vn -0.19685 0.622047 0.755906 
vn -0.716535 0.511811 0.480315 
vn -0.0314961 0.795276 0.606299 
vn -0.629921 0.622047 0.464567 
vn -0.850394 0.527559 0.023622 
vn -0.503937 0.771654 0.385827 
vn -0.354331 0.937008 0.0472441 
vn -0.826772 0.566929 0.00787402 
vn -0.629921 0.692913 -0.354331 
vn -0.488189 0.818898 -0.299213 
vn 0.92126 0 -0.393701 
vn 0.377953 0.354331 -0.858268 
vn 0.385827 0.346457 -0.850394 
vn 0.944882 -0.0314961 -0.330709 
vn 0.905512 0.015748 -0.417323 
vn -0.102362 0.472441 -0.874016 
vn 0.338583 0.362205 -0.866142 
vn -0.0944882 0.464567 -0.88189 
vn -0.11811 0.472441 -0.874016 
vn -0.440945 0.488189 -0.755906 
vn -0.448819 0.488189 -0.748031 
vn -0.425197 0.488189 -0.76378 
vn -0.80315 0.425197 -0.409449 
vn -0.779528 0.433071 -0.448819 
vn -0.795276 0.425197 -0.425197 
vn -0.96063 0.275591 0.015748 
vn -0.96063 0.283465 -0.015748 
vn -0.96063 0.283465 -0.023622 
vn -0.905512 0.0866142 0.417323 
vn -0.889764 0.0629921 0.448819 
vn -0.913386 0.0944882 0.393701 
vn -0.637795 -0.133858 0.76378 
vn -0.645669 -0.125984 0.748031 
vn -0.669291 -0.110236 0.732283 
vn -0.354331 -0.259843 0.897638 
vn -0.362205 -0.251969 0.897638 
vn -0.385827 -0.244094 0.889764 
vn 0.244094 -0.393701 0.889764 
vn 0.188976 -0.385827 0.905512 
vn 0.834646 -0.354331 0.417323 
vn 0.181102 -0.385827 0.905512 
vn 0.858268 -0.346457 0.370079 
vn 0.84252 -0.354331 0.409449 

vt 0.657008 0.826702 
vt 0.657008 0.830603 
vt 0.642829 0.830603 
vt 0.673705 0.830603 
vt 0.642829 0.826702 
vt 0.673705 0.826702 
vt 0.62859 0.826702 
vt 0.62859 0.830603 
vt 0.694895 0.826702 
vt 0.611639 0.826702 
vt 0.694895 0.830603 
vt 0.611639 0.830603 
vt 0.730173 0.830603 
vt 0.591156 0.830603 
vt 0.730173 0.826702 
vt 0.735953 0.830603 
vt 0.735953 0.826702 
vt 0.591156 0.826702 
vt 0.556214 0.826702 
vt 0.556214 0.830603 
vt 0.549179 0.830603 
vt 0.549179 0.826702 
vt 0.54604 0.791246 
vt 0.552453 0.791246 
vt 0.523973 0.806627 
vt 0.538278 0.791246 
vt 0.552453 0.806589 
vt 0.552453 0.82198 
vt 0.546072 0.82198 
vt 0.53832 0.82198 
vt 0.523701 0.791246 
vt 0.523989 0.82198 
vt 0.521756 0.806644 
vt 0.521756 0.791246 
vt 0.52177 0.82198 
vt 0.487101 0.826702 
vt 0.516793 0.826702 
vt 0.516793 0.830603 
vt 0.487101 0.830603 
vt 0.549182 0.830603 
vt 0.549182 0.826702 
vt 0.516793 0.87394 
vt 0.516793 0.852964 
vt 0.549182 0.852964 
vt 0.549182 0.87394 
vt 0.487101 0.852964 
vt 0.487101 0.87394 
vt 0.516793 0.830603 
vt 0.549182 0.830603 
vt 0.487101 0.830603 
vt 0.511106 0.817258 
vt 0.508986 0.815533 
vt 0.51361 0.811027 
vt 0.503184 0.820811 
vt 0.516423 0.812078 
vt 0.502096 0.818622 
vt 0.488158 0.822198 
vt 0.514702 0.805803 
vt 0.517679 0.806072 
vt 0.489028 0.819829 
vt 0.486609 0.820431 
vt 0.489219 0.818197 
vt 0.487681 0.818292 
vt 0.486668 0.806719 
vt 0.487732 0.806366 
vt 0.486734 0.792835 
vt 0.4879 0.81707 
vt 0.487789 0.794291 
vt 0.489034 0.791203 
vt 0.48807 0.806099 
vt 0.489789 0.792872 
vt 0.503427 0.791932 
vt 0.488144 0.795328 
vt 0.489956 0.794244 
vt 0.502307 0.793506 
vt 0.511292 0.795155 
vt 0.488182 0.814631 
vt 0.509147 0.796309 
vt 0.516523 0.800116 
vt 0.501867 0.794837 
vt 0.513697 0.800623 
vt 0.50864 0.797095 
vt 0.513078 0.801128 
vt 0.490105 0.796702 
vt 0.501345 0.797248 
vt 0.508045 0.798904 
vt 0.488501 0.797415 
vt 0.490063 0.800055 
vt 0.500618 0.800248 
vt 0.488648 0.800431 
vt 0.488304 0.805914 
vt 0.488698 0.805602 
vt 0.488388 0.811476 
vt 0.489651 0.811788 
vt 0.489935 0.805543 
vt 0.48947 0.815305 
vt 0.500352 0.811418 
vt 0.499846 0.805402 
vt 0.506607 0.805425 
vt 0.507349 0.801062 
vt 0.500945 0.814711 
vt 0.50153 0.817282 
vt 0.508349 0.814546 
vt 0.507686 0.812367 
vt 0.51289 0.810604 
vt 0.507103 0.810245 
vt 0.512106 0.809803 
vt 0.513607 0.80571 
vt 0.511434 0.808591 
vt 0.510523 0.80547 
vt 0.512397 0.805607 
vt 0.512043 0.802001 
vt 0.511314 0.802888 
vt 0.549179 0.852964 
vt 0.556214 0.852964 
vt 0.556214 0.87394 
vt 0.549179 0.87394 
vt 0.549179 0.830603 
vt 0.591156 0.87394 
vt 0.556214 0.830603 
vt 0.591156 0.852964 
vt 0.591156 0.830603 
vt 0.611639 0.87394 
vt 0.611639 0.830603 
vt 0.611639 0.852964 
vt 0.62859 0.87394 
vt 0.62859 0.852964 
vt 0.62859 0.830603 
vt 0.642829 0.87394 
vt 0.642829 0.852964 
vt 0.642829 0.830603 
vt 0.657008 0.852964 
vt 0.657008 0.87394 
vt 0.657008 0.830603 
vt 0.673705 0.87394 
vt 0.673705 0.852964 
vt 0.673705 0.830603 
vt 0.694895 0.87394 
vt 0.694895 0.852964 
vt 0.694895 0.830603 
vt 0.730173 0.852964 
vt 0.730173 0.87394 
vt 0.735953 0.87394 
vt 0.730173 0.830603 
vt 0.735953 0.852964 
vt 0.735953 0.830603 

usemtl Bacon1Mtl

f 265/265/265 266/266/266 267/267/267 
f 265/265/265 268/268/268 266/266/266 
f 265/265/265 267/267/267 269/269/269 
f 265/265/265 270/270/270 268/268/268 
f 271/271/271 269/269/269 267/267/267 
f 271/271/271 267/267/267 272/272/272 
f 273/273/273 268/268/268 270/270/270 
f 274/274/274 271/271/271 272/272/272 
f 273/273/273 275/275/275 268/268/268 
f 274/274/274 272/272/272 276/276/276 
f 277/277/277 275/275/275 273/273/273 
f 278/278/278 274/274/274 276/276/276 
f 277/277/277 273/273/273 279/279/279 
f 280/280/280 277/277/277 279/279/279 
f 280/280/280 279/279/279 281/281/281 
f 278/278/278 282/282/282 274/274/274 
f 278/278/278 283/283/283 282/282/282 
f 278/278/278 284/284/284 283/283/283 
f 285/285/285 283/283/283 284/284/284 
f 285/285/285 286/286/286 283/283/283 
f 287/287/287 288/288/288 289/289/289 
f 290/290/290 287/287/287 289/289/289 
f 288/288/288 291/291/291 289/289/289 
f 291/291/291 292/292/292 289/289/289 
f 292/292/292 293/293/293 289/289/289 
f 293/293/293 294/294/294 289/289/289 
f 289/289/289 295/295/295 290/290/290 
f 294/294/294 296/296/296 289/289/289 
f 297/297/297 295/295/295 289/289/289 
f 296/296/296 297/297/297 289/289/289 
f 297/297/297 298/298/298 295/295/295 
f 296/296/296 299/299/299 297/297/297 
f 300/300/300 301/301/301 302/302/302 
f 300/300/300 302/302/302 303/303/303 
f 304/304/304 302/302/302 301/301/301 
f 304/304/304 301/301/301 305/305/305 
f 306/306/306 307/307/307 308/308/308 
f 306/306/306 308/308/308 309/309/309 
f 310/310/310 307/307/307 306/306/306 
f 310/310/310 306/306/306 311/311/311 
f 312/312/312 308/308/308 307/307/307 
f 310/310/310 312/312/312 307/307/307 
f 312/312/312 313/313/313 308/308/308 
f 310/310/310 314/314/314 312/312/312 
f 315/315/315 316/316/316 317/317/317 
f 318/318/318 316/316/316 315/315/315 
f 315/315/315 317/317/317 319/319/319 
f 318/318/318 320/320/320 316/316/316 
f 321/321/321 320/320/320 318/318/318 
f 319/319/319 317/317/317 322/322/322 
f 319/319/319 322/322/322 323/323/323 
f 321/321/321 324/324/324 320/320/320 
f 325/325/325 324/324/324 321/321/321 
f 326/326/326 320/320/320 324/324/324 
f 325/325/325 327/327/327 324/324/324 
f 327/327/327 326/326/326 324/324/324 
f 328/328/328 327/327/327 325/325/325 
f 328/328/328 329/329/329 327/327/327 
f 330/330/330 329/329/329 328/328/328 
f 327/327/327 331/331/331 326/326/326 
f 329/329/329 331/331/331 327/327/327 
f 330/330/330 332/332/332 329/329/329 
f 333/333/333 332/332/332 330/330/330 
f 329/329/329 334/334/334 331/331/331 
f 333/333/333 335/335/335 332/332/332 
f 336/336/336 335/335/335 333/333/333 
f 337/337/337 329/329/329 332/332/332 
f 337/337/337 334/334/334 329/329/329 
f 338/338/338 332/332/332 335/335/335 
f 338/338/338 337/337/337 332/332/332 
f 336/336/336 339/339/339 335/335/335 
f 339/339/339 338/338/338 335/335/335 
f 340/340/340 339/339/339 336/336/336 
f 341/341/341 331/331/331 334/334/334 
f 326/326/326 331/331/331 341/341/341 
f 340/340/340 342/342/342 339/339/339 
f 343/343/343 342/342/342 340/340/340 
f 339/339/339 344/344/344 338/338/338 
f 342/342/342 344/344/344 339/339/339 
f 343/343/343 345/345/345 342/342/342 
f 323/323/323 345/345/345 343/343/343 
f 323/323/323 322/322/322 345/345/345 
f 345/345/345 346/346/346 342/342/342 
f 342/342/342 346/346/346 344/344/344 
f 322/322/322 347/347/347 345/345/345 
f 345/345/345 347/347/347 346/346/346 
f 344/344/344 348/348/348 338/338/338 
f 337/337/337 338/338/338 348/348/348 
f 346/346/346 349/349/349 344/344/344 
f 344/344/344 349/349/349 348/348/348 
f 347/347/347 350/350/350 346/346/346 
f 346/346/346 350/350/350 349/349/349 
f 337/337/337 348/348/348 351/351/351 
f 351/351/351 334/334/334 337/337/337 
f 349/349/349 352/352/352 348/348/348 
f 351/351/351 348/348/348 352/352/352 
f 350/350/350 353/353/353 349/349/349 
f 349/349/349 353/353/353 352/352/352 
f 351/351/351 352/352/352 354/354/354 
f 351/351/351 355/355/355 334/334/334 
f 355/355/355 351/351/351 354/354/354 
f 341/341/341 334/334/334 355/355/355 
f 352/352/352 356/356/356 354/354/354 
f 355/355/355 354/354/354 356/356/356 
f 355/355/355 357/357/357 341/341/341 
f 355/355/355 356/356/356 357/357/357 
f 341/341/341 357/357/357 358/358/358 
f 358/358/358 357/357/357 356/356/356 
f 352/352/352 359/359/359 356/356/356 
f 358/358/358 356/356/356 359/359/359 
f 353/353/353 359/359/359 352/352/352 
f 341/341/341 358/358/358 360/360/360 
f 326/326/326 341/341/341 360/360/360 
f 361/361/361 358/358/358 359/359/359 
f 353/353/353 362/362/362 359/359/359 
f 361/361/361 359/359/359 362/362/362 
f 353/353/353 363/363/363 362/362/362 
f 361/361/361 362/362/362 363/363/363 
f 353/353/353 364/364/364 363/363/363 
f 350/350/350 364/364/364 353/353/353 
f 365/365/365 360/360/360 358/358/358 
f 365/365/365 358/358/358 361/361/361 
f 366/366/366 326/326/326 360/360/360 
f 366/366/366 360/360/360 365/365/365 
f 326/326/326 366/366/366 320/320/320 
f 366/366/366 316/316/316 320/320/320 
f 366/366/366 367/367/367 316/316/316 
f 367/367/367 366/366/366 365/365/365 
f 367/367/367 317/317/317 316/316/316 
f 367/367/367 365/365/365 368/368/368 
f 368/368/368 365/365/365 361/361/361 
f 367/367/367 369/369/369 317/317/317 
f 369/369/369 367/367/367 368/368/368 
f 369/369/369 322/322/322 317/317/317 
f 368/368/368 361/361/361 370/370/370 
f 361/361/361 363/363/363 370/370/370 
f 369/369/369 368/368/368 371/371/371 
f 371/371/371 368/368/368 370/370/370 
f 369/369/369 372/372/372 322/322/322 
f 372/372/372 369/369/369 371/371/371 
f 322/322/322 372/372/372 347/347/347 
f 371/371/371 370/370/370 373/373/373 
f 370/370/370 363/363/363 374/374/374 
f 370/370/370 374/374/374 373/373/373 
f 364/364/364 374/374/374 363/363/363 
f 375/375/375 371/371/371 373/373/373 
f 372/372/372 371/371/371 375/375/375 
f 375/375/375 373/373/373 374/374/374 
f 372/372/372 376/376/376 347/347/347 
f 372/372/372 375/375/375 376/376/376 
f 347/347/347 376/376/376 350/350/350 
f 376/376/376 364/364/364 350/350/350 
f 364/364/364 377/377/377 374/374/374 
f 376/376/376 377/377/377 364/364/364 
f 375/375/375 374/374/374 377/377/377 
f 375/375/375 377/377/377 376/376/376 
f 378/378/378 379/379/379 380/380/380 
f 378/378/378 380/380/380 381/381/381 
f 379/379/379 378/378/378 382/382/382 
f 383/383/383 380/380/380 379/379/379 
f 379/379/379 382/382/382 384/384/384 
f 383/383/383 379/379/379 385/385/385 
f 385/385/385 379/379/379 384/384/384 
f 385/385/385 384/384/384 386/386/386 
f 385/385/385 387/387/387 383/383/383 
f 388/388/388 385/385/385 386/386/386 
f 385/385/385 389/389/389 387/387/387 
f 388/388/388 389/389/389 385/385/385 
f 389/389/389 390/390/390 387/387/387 
f 388/388/388 391/391/391 389/389/389 
f 389/389/389 391/391/391 390/390/390 
f 388/388/388 392/392/392 391/391/391 
f 393/393/393 390/390/390 391/391/391 
f 394/394/394 391/391/391 392/392/392 
f 393/393/393 391/391/391 394/394/394 
f 394/394/394 392/392/392 395/395/395 
f 393/393/393 394/394/394 396/396/396 
f 396/396/396 394/394/394 395/395/395 
f 393/393/393 396/396/396 397/397/397 
f 396/396/396 395/395/395 398/398/398 
f 399/399/399 397/397/397 396/396/396 
f 398/398/398 400/400/400 396/396/396 
f 399/399/399 396/396/396 400/400/400 
f 398/398/398 401/401/401 400/400/400 
f 402/402/402 399/399/399 400/400/400 
f 403/403/403 400/400/400 401/401/401 
f 402/402/402 400/400/400 403/403/403 
f 403/403/403 401/401/401 404/404/404 
f 405/405/405 402/402/402 403/403/403 
f 404/404/404 405/405/405 403/403/403 
f 405/405/405 406/406/406 402/402/402 
f 407/407/407 406/406/406 405/405/405 
f 404/404/404 408/408/408 405/405/405 
f 407/407/407 405/405/405 409/409/409 
f 409/409/409 405/405/405 408/408/408 
f 409/409/409 408/408/408 410/410/410 

g Bacon3

v 0.706054 4.91262 2.11711 
v 0.791514 4.87731 2.20942 
v 1.189 4.7131 2.00823 
v 0.686733 4.92117 2.00833 
v 0.706054 4.91262 1.89934 
v 0.791514 4.87731 1.80704 
v 0.919421 4.82447 1.74536 
v 0.919421 4.82447 2.27109 
v 1.189 4.7131 1.75948 
v 1.15278 4.72806 1.72661 
v 1.189 4.7131 2.29275 
v 1.16275 4.72394 2.29064 
v 1.20599 4.66245 2.01416 
v 1.20642 4.66371 1.72764 
v 1.20557 4.66118 2.29827 
v 1.16526 4.68053 1.69517 
v 1.17574 4.67339 2.33516 
v 0.919421 4.82447 1.74536 
v 0.90004 4.7889 1.71644 
v 0.791514 4.87731 1.80704 
v 0.919421 4.82447 2.27109 
v 0.754593 4.84807 1.78642 
v 0.899259 4.78656 2.31297 
v 0.706054 4.91262 1.89934 
v 0.753994 4.84628 2.24299 
v 0.657333 4.88738 1.89116 
v 0.791514 4.87731 2.20942 
v 0.686733 4.92117 2.00833 
v 0.657014 4.88641 2.13825 
v 0.635213 4.89648 2.01483 
v 0.706054 4.91262 2.11711 
v 0.263983 4.0139 2.11602 
v 0.293776 4.03101 2.02036 
v 0.289492 3.93803 2.05997 
v 0.35903 3.87552 2.03154 
v 0.289264 4.12045 2.12686 
v 0.319344 4.13332 2.00597 
v 0.305034 4.09435 2.24855 
v 0.390255 3.97923 1.9479 
v 0.425254 4.11855 1.90473 
v 0.271261 3.92031 2.11069 
v 0.283722 4.00527 2.21735 
v 0.398813 4.04655 2.35295 
v 0.285272 3.92703 2.16964 
v 0.368891 3.93436 2.29346 
v 0.544184 3.9887 2.42401 
v 0.334649 3.83556 2.11203 
v 0.348651 3.85916 2.20386 
v 0.496507 3.87722 2.33974 
v 0.827174 3.89613 2.45027 
v 0.446997 3.77904 2.11388 
v 0.462068 3.80704 2.2206 
v 0.747323 3.79453 2.35983 
v 0.857704 3.88614 2.41383 
v 0.476624 3.82988 1.99752 
v 0.670099 3.70852 2.11767 
v 0.68501 3.73653 2.22903 
v 0.795616 3.81561 2.33178 
v 0.876404 3.93705 2.13617 
v 0.729499 3.76773 2.22055 
v 0.803222 3.83651 2.12651 
v 0.895099 3.98796 1.855 
v 0.719657 3.75424 2.11686 
v 0.822515 3.8806 1.93311 
v 0.852594 4.0007 1.8218 
v 0.73871 3.79165 2.02444 
v 0.692242 3.75502 1.99443 
v 0.765439 3.85579 1.89107 
v 0.578734 4.08277 1.83838 
v 0.524176 3.93562 1.89745 
v 0.902003 4.00939 1.84858 
v 0.893767 3.98472 2.13465 
v 0.876404 3.93705 2.13617 
v 0.895099 3.98796 1.855 
v 0.857704 3.88614 2.41383 
v 0.885532 3.96005 2.41722 
v 1.20599 4.66245 2.01416 
v 1.0543 4.32978 2.35449 
v 1.20557 4.66118 2.29827 
v 1.20642 4.66371 1.72764 
v 1.06253 4.35444 1.7848 
v 0.424984 4.12182 2.36223 
v 0.598484 4.50386 2.29935 
v 0.501554 4.54451 2.19477 
v 0.753994 4.84628 2.24299 
v 0.899259 4.78656 2.31297 
v 0.657014 4.88641 2.13825 
v 0.744663 4.44633 2.36923 
v 1.17574 4.67339 2.33516 
v 0.480764 4.55773 2.07152 
v 0.328124 4.16306 2.25782 
v 0.635213 4.89648 2.01483 
v 1.02415 4.34113 2.39138 
v 1.20557 4.66118 2.29827 
v 1.0543 4.32978 2.35449 
v 0.855013 3.97044 2.45411 
v 0.885532 3.96005 2.41722 
v 0.857704 3.88614 2.41383 
v 0.827174 3.89613 2.45027 
v 0.544184 3.9887 2.42401 
v 0.572174 4.06674 2.432 
v 0.398813 4.04655 2.35295 
v 0.305034 4.09435 2.24855 
v 0.289264 4.12045 2.12686 
v 0.308454 4.1798 2.13477 
v 0.334424 4.18194 2.01148 
v 0.319344 4.13332 2.00597 
v 0.504704 4.55395 1.94803 
v 0.657333 4.88738 1.89116 
v 0.436634 4.15671 1.90707 
v 0.425254 4.11855 1.90473 
v 0.578734 4.08277 1.83838 
v 0.604303 4.52129 1.84345 
v 0.754593 4.84807 1.78642 
v 0.90004 4.7889 1.71644 
v 0.752264 4.46911 1.77357 
v 1.16526 4.68053 1.69517 
v 0.587394 4.11233 1.8373 
v 0.852594 4.0007 1.8218 
v 0.859734 4.02322 1.81609 
v 0.895099 3.98796 1.855 
v 0.902003 4.00939 1.84858 
v 1.06253 4.35444 1.7848 
v 1.20642 4.66371 1.72764 
v 1.02085 4.36984 1.75232 

vn 0.385827 0.92126 0 
vn 0.377953 0.92126 0 
vn 0.590551 0.80315 0 
vn 0.385827 0.92126 0 
vn 0.385827 0.92126 0 
vn 0.377953 0.92126 0 
vn 0.377953 0.92126 0 
vn 0.377953 0.92126 0 
vn 0.566929 0.826772 -0.023622 
vn 0.377953 0.905512 -0.212598 
vn 0.598425 0.795276 0.0314961 
vn 0.370079 0.913386 0.165354 
vn 0.944882 0.314961 0 
vn 0.913386 0.393701 -0.125984 
vn 0.937008 0.338583 0.0629921 
vn 0.322835 0.582677 -0.748031 
vn 0.275591 0.653543 0.708661 
vn 0.0708661 0.606299 -0.787402 
vn 0.0787402 0.606299 -0.795276 
vn -0.181102 0.708661 -0.677165 
vn 0.125984 0.708661 0.692913 
vn -0.204724 0.724409 -0.661417 
vn 0.141732 0.700787 0.700787 
vn -0.370079 0.84252 -0.393701 
vn -0.110236 0.787402 0.606299 
vn -0.385827 0.858268 -0.346457 
vn -0.110236 0.787402 0.606299 
vn -0.433071 0.905512 -0.00787402 
vn -0.314961 0.88189 0.362205 
vn -0.433071 0.905512 0.015748 
vn -0.314961 0.88189 0.354331 
vn -0.992126 0.0944882 -0.0393701 
vn -0.811024 -0.023622 -0.582677 
vn -0.771654 -0.314961 -0.559055 
vn -0.519685 -0.566929 -0.637795 
vn -0.976378 0.212598 -0.0314961 
vn -0.787402 0.0708661 -0.606299 
vn -0.866142 0.00787402 0.496063 
vn -0.519685 -0.267717 -0.811024 
vn -0.503937 -0.133858 -0.850394 
vn -0.913386 -0.385827 -0.0944882 
vn -0.88189 -0.0866142 0.464567 
vn -0.590551 -0.259843 0.76378 
vn -0.850394 -0.377953 0.370079 
vn -0.598425 -0.401575 0.692913 
vn -0.314961 -0.480315 0.818898 
vn -0.582677 -0.80315 -0.110236 
vn -0.582677 -0.669291 0.464567 
vn -0.346457 -0.614173 0.708661 
vn -0.141732 -0.590551 0.795276 
vn -0.362205 -0.929134 -0.102362 
vn -0.346457 -0.826772 0.440945 
vn -0.15748 -0.708661 0.692913 
vn 0.716535 -0.692913 0.102362 
vn -0.314961 -0.708661 -0.629921 
vn -0.15748 -0.984252 -0.0944882 
vn -0.165354 -0.897638 0.401575 
vn 0.716535 -0.692913 0.0393701 
vn 0.80315 -0.590551 -0.0472441 
vn 0.629921 -0.779528 0.023622 
vn 0.755906 -0.645669 -0.0551181 
vn 0.716535 -0.637795 -0.275591 
vn 0.669291 -0.740157 -0.0629921 
vn 0.740157 -0.645669 -0.173228 
vn -0.015748 -0.425197 -0.905512 
vn 0.661417 -0.732283 -0.15748 
vn -0.110236 -0.795276 -0.598425 
vn -0.0393701 -0.535433 -0.84252 
vn -0.228346 -0.291339 -0.929134 
vn -0.267717 -0.417323 -0.866142 
vn 0.889764 -0.433071 -0.133858 
vn 0.913386 -0.409449 -0.00787402 
vn 0.937008 -0.346457 0 
vn 0.937008 -0.346457 -0.0629921 
vn 0.929134 -0.354331 0.125984 
vn 0.913386 -0.385827 0.125984 
vn 0.905512 -0.417323 0 
vn 0.913386 -0.401575 0.102362 
vn 0.913386 -0.401575 0.0787402 
vn 0.88189 -0.440945 -0.149606 
vn 0.889764 -0.440945 -0.141732 
vn -0.464567 0.299213 0.834646 
vn -0.456693 0.338583 0.826772 
vn -0.755906 0.425197 0.496063 
vn -0.456693 0.346457 0.818898 
vn -0.125984 0.220472 0.968504 
vn -0.771654 0.425197 0.472441 
vn -0.125984 0.220472 0.968504 
vn 0.102362 0.11811 0.984252 
vn -0.913386 0.417323 0.00787402 
vn -0.755906 0.393701 0.519685 
vn -0.913386 0.409449 -0.015748 
vn 0.0944882 0.125984 0.984252 
vn 0.913386 -0.401575 0.0787402 
vn 0.913386 -0.401575 0.102362 
vn 0.0629921 0.102362 0.992126 
vn 0.913386 -0.385827 0.125984 
vn 0.929134 -0.354331 0.125984 
vn 0.00787402 -0.0787402 1 
vn -0.220472 -0.00787402 0.976378 
vn -0.149606 0.181102 0.968504 
vn -0.551181 0.0944882 0.826772 
vn -0.834646 0.212598 0.503937 
vn -0.952756 0.307087 0.015748 
vn -0.913386 0.401575 0.0314961 
vn -0.84252 0.307087 -0.448819 
vn -0.834646 0.307087 -0.456693 
vn -0.818898 0.291339 -0.488189 
vn -0.811024 0.283465 -0.511811 
vn -0.566929 0.125984 -0.818898 
vn -0.535433 0.204724 -0.818898 
vn -0.228346 0 -0.976378 
vn -0.551181 0.110236 -0.826772 
vn -0.543307 0.102362 -0.834646 
vn -0.23622 -0.0629921 -0.968504 
vn -0.23622 -0.0629921 -0.968504 
vn -0.0314961 -0.165354 -0.984252 
vn -0.244094 -0.0551181 -0.968504 
vn -0.00787402 -0.141732 -0.992126 
vn -0.0314961 -0.165354 -0.984252 
vn 0.937008 -0.346457 -0.0629921 
vn 0.889764 -0.433071 -0.133858 
vn 0.889764 -0.440945 -0.141732 
vn 0.88189 -0.440945 -0.149606 
vn -0.023622 -0.165354 -0.984252 

vt 0.506894 0.992225 
vt 0.4925 0.992225 
vt 0.517108 0.940385 
vt 0.516422 0.992225 
vt 0.526031 0.992225 
vt 0.542073 0.992225 
vt 0.542073 0.968127 
vt 0.4925 0.968127 
vt 0.542073 0.940385 
vt 0.542073 0.94377 
vt 0.4925 0.940385 
vt 0.4925 0.94377 
vt 0.516699 0.935768 
vt 0.54844 0.935768 
vt 0.490818 0.935768 
vt 0.54844 0.942187 
vt 0.486644 0.935768 
vt 0.542073 0.968127 
vt 0.54844 0.973517 
vt 0.542073 0.992225 
vt 0.4925 0.968127 
vt 0.54844 0.997615 
vt 0.486644 0.973517 
vt 0.526031 0.992225 
vt 0.486644 0.997615 
vt 0.527468 0.997615 
vt 0.4925 0.992225 
vt 0.516422 0.992225 
vt 0.504413 0.997615 
vt 0.515704 0.997615 
vt 0.506894 0.992225 
vt 0.582231 0.956161 
vt 0.581392 0.960308 
vt 0.580139 0.958556 
vt 0.57563 0.959618 
vt 0.583946 0.956315 
vt 0.582748 0.962204 
vt 0.582759 0.950336 
vt 0.576528 0.963179 
vt 0.5775 0.967034 
vt 0.580646 0.956018 
vt 0.581416 0.951839 
vt 0.57752 0.945105 
vt 0.580176 0.953227 
vt 0.576668 0.948298 
vt 0.569676 0.941443 
vt 0.575982 0.955528 
vt 0.575881 0.951248 
vt 0.569633 0.946002 
vt 0.554748 0.939806 
vt 0.569644 0.955185 
vt 0.569593 0.950213 
vt 0.556373 0.944858 
vt 0.553113 0.941516 
vt 0.569251 0.961058 
vt 0.557915 0.954719 
vt 0.557874 0.949525 
vt 0.554853 0.945987 
vt 0.553123 0.955135 
vt 0.556461 0.950117 
vt 0.554916 0.955077 
vt 0.553132 0.968923 
vt 0.556571 0.955023 
vt 0.554833 0.964114 
vt 0.555332 0.970568 
vt 0.556405 0.959671 
vt 0.557773 0.960897 
vt 0.556601 0.965541 
vt 0.56965 0.970095 
vt 0.569443 0.965398 
vt 0.549182 0.877473 
vt 0.516793 0.877473 
vt 0.516793 0.87394 
vt 0.549182 0.87394 
vt 0.487101 0.87394 
vt 0.487101 0.877473 
vt 0.516793 0.934863 
vt 0.487101 0.905757 
vt 0.487101 0.934863 
vt 0.549182 0.934863 
vt 0.549182 0.903786 
vt 0.673705 0.877473 
vt 0.673705 0.906205 
vt 0.657008 0.906205 
vt 0.673705 0.934863 
vt 0.694895 0.934863 
vt 0.657008 0.934863 
vt 0.694895 0.906205 
vt 0.730173 0.934863 
vt 0.642829 0.906205 
vt 0.657008 0.877473 
vt 0.642829 0.934862 
vt 0.730173 0.906205 
vt 0.735953 0.934863 
vt 0.735953 0.906205 
vt 0.730173 0.877473 
vt 0.735953 0.877473 
vt 0.735953 0.87394 
vt 0.730173 0.87394 
vt 0.694895 0.87394 
vt 0.694895 0.877473 
vt 0.673705 0.87394 
vt 0.657008 0.87394 
vt 0.642829 0.87394 
vt 0.642829 0.877473 
vt 0.62859 0.877473 
vt 0.62859 0.87394 
vt 0.62859 0.906205 
vt 0.62859 0.934862 
vt 0.611639 0.877473 
vt 0.611639 0.87394 
vt 0.591156 0.87394 
vt 0.611639 0.906205 
vt 0.611639 0.934862 
vt 0.591156 0.934862 
vt 0.591156 0.906205 
vt 0.556214 0.934862 
vt 0.591156 0.877473 
vt 0.556214 0.87394 
vt 0.556214 0.877473 
vt 0.549179 0.87394 
vt 0.549179 0.877473 
vt 0.549179 0.906205 
vt 0.549179 0.934862 
vt 0.556214 0.906205 

usemtl Bacon1Mtl

f 411/411/411 412/412/412 413/413/413 
f 414/414/414 411/411/411 413/413/413 
f 415/415/415 414/414/414 413/413/413 
f 416/416/416 415/415/415 413/413/413 
f 417/417/417 416/416/416 413/413/413 
f 412/412/412 418/418/418 413/413/413 
f 417/417/417 413/413/413 419/419/419 
f 417/417/417 419/419/419 420/420/420 
f 421/421/421 413/413/413 418/418/418 
f 421/421/421 418/418/418 422/422/422 
f 419/419/419 413/413/413 423/423/423 
f 423/423/423 413/413/413 421/421/421 
f 419/419/419 423/423/423 424/424/424 
f 424/424/424 420/420/420 419/419/419 
f 423/423/423 421/421/421 425/425/425 
f 425/425/425 421/421/421 422/422/422 
f 424/424/424 426/426/426 420/420/420 
f 425/425/425 422/422/422 427/427/427 
f 428/428/428 420/420/420 426/426/426 
f 428/428/428 426/426/426 429/429/429 
f 430/430/430 428/428/428 429/429/429 
f 431/431/431 427/427/427 422/422/422 
f 430/430/430 429/429/429 432/432/432 
f 431/431/431 433/433/433 427/427/427 
f 434/434/434 430/430/430 432/432/432 
f 431/431/431 435/435/435 433/433/433 
f 434/434/434 432/432/432 436/436/436 
f 431/431/431 437/437/437 435/435/435 
f 436/436/436 438/438/438 434/434/434 
f 439/439/439 435/435/435 437/437/437 
f 436/436/436 440/440/440 438/438/438 
f 439/439/439 437/437/437 441/441/441 
f 440/440/440 439/439/439 441/441/441 
f 440/440/440 441/441/441 438/438/438 
f 442/442/442 443/443/443 444/444/444 
f 445/445/445 444/444/444 443/443/443 
f 446/446/446 443/443/443 442/442/442 
f 446/446/446 447/447/447 443/443/443 
f 442/442/442 448/448/448 446/446/446 
f 449/449/449 443/443/443 447/447/447 
f 445/445/445 443/443/443 449/449/449 
f 449/449/449 447/447/447 450/450/450 
f 442/442/442 444/444/444 451/451/451 
f 445/445/445 451/451/451 444/444/444 
f 442/442/442 452/452/452 448/448/448 
f 452/452/452 453/453/453 448/448/448 
f 454/454/454 442/442/442 451/451/451 
f 454/454/454 452/452/452 442/442/442 
f 452/452/452 455/455/455 453/453/453 
f 454/454/454 455/455/455 452/452/452 
f 455/455/455 456/456/456 453/453/453 
f 454/454/454 451/451/451 457/457/457 
f 445/445/445 457/457/457 451/451/451 
f 454/454/454 458/458/458 455/455/455 
f 454/454/454 457/457/457 458/458/458 
f 455/455/455 459/459/459 456/456/456 
f 458/458/458 459/459/459 455/455/455 
f 459/459/459 460/460/460 456/456/456 
f 458/458/458 457/457/457 461/461/461 
f 445/445/445 461/461/461 457/457/457 
f 458/458/458 462/462/462 459/459/459 
f 458/458/458 461/461/461 462/462/462 
f 459/459/459 463/463/463 460/460/460 
f 462/462/462 463/463/463 459/459/459 
f 463/463/463 464/464/464 460/460/460 
f 445/445/445 465/465/465 461/461/461 
f 465/465/465 445/445/445 449/449/449 
f 462/462/462 461/461/461 466/466/466 
f 465/465/465 466/466/466 461/461/461 
f 462/462/462 467/467/467 463/463/463 
f 462/462/462 466/466/466 467/467/467 
f 463/463/463 468/468/468 464/464/464 
f 467/467/467 468/468/468 463/463/463 
f 469/469/469 464/464/464 468/468/468 
f 467/467/467 470/470/470 468/468/468 
f 469/469/469 468/468/468 471/471/471 
f 471/471/471 468/468/468 470/470/470 
f 471/471/471 472/472/472 469/469/469 
f 467/467/467 473/473/473 470/470/470 
f 471/471/471 470/470/470 473/473/473 
f 467/467/467 466/466/466 473/473/473 
f 471/471/471 474/474/474 472/472/472 
f 474/474/474 475/475/475 472/472/472 
f 476/476/476 471/471/471 473/473/473 
f 476/476/476 474/474/474 471/471/471 
f 477/477/477 473/473/473 466/466/466 
f 477/477/477 476/476/476 473/473/473 
f 465/465/465 477/477/477 466/466/466 
f 476/476/476 478/478/478 474/474/474 
f 474/474/474 478/478/478 475/475/475 
f 476/476/476 477/477/477 478/478/478 
f 478/478/478 479/479/479 475/475/475 
f 477/477/477 465/465/465 480/480/480 
f 477/477/477 480/480/480 478/478/478 
f 478/478/478 480/480/480 479/479/479 
f 465/465/465 449/449/449 480/480/480 
f 480/480/480 450/450/450 479/479/479 
f 480/480/480 449/449/449 450/450/450 
f 481/481/481 482/482/482 483/483/483 
f 481/481/481 483/483/483 484/484/484 
f 482/482/482 485/485/485 483/483/483 
f 482/482/482 486/486/486 485/485/485 
f 487/487/487 486/486/486 482/482/482 
f 487/487/487 482/482/482 481/481/481 
f 488/488/488 486/486/486 487/487/487 
f 488/488/488 487/487/487 489/489/489 
f 481/481/481 490/490/490 487/487/487 
f 481/481/481 491/491/491 490/490/490 
f 492/492/492 493/493/493 494/494/494 
f 495/495/495 494/494/494 493/493/493 
f 493/493/493 496/496/496 495/495/495 
f 495/495/495 497/497/497 494/494/494 
f 493/493/493 498/498/498 496/496/496 
f 492/492/492 498/498/498 493/493/493 
f 498/498/498 499/499/499 496/496/496 
f 500/500/500 494/494/494 497/497/497 
f 492/492/492 494/494/494 501/501/501 
f 501/501/501 494/494/494 500/500/500 
f 500/500/500 497/497/497 502/502/502 
f 498/498/498 503/503/503 499/499/499 
f 503/503/503 504/504/504 499/499/499 
f 503/503/503 505/505/505 504/504/504 
f 505/505/505 503/503/503 506/506/506 
f 506/506/506 503/503/503 498/498/498 
f 505/505/505 506/506/506 507/507/507 
f 508/508/508 507/507/507 506/506/506 
f 508/508/508 506/506/506 509/509/509 
f 510/510/510 509/509/509 506/506/506 
f 506/506/506 498/498/498 511/511/511 
f 510/510/510 506/506/506 511/511/511 
f 492/492/492 511/511/511 498/498/498 
f 512/512/512 510/510/510 511/511/511 
f 512/512/512 511/511/511 492/492/492 
f 501/501/501 512/512/512 492/492/492 
f 501/501/501 513/513/513 512/512/512 
f 514/514/514 513/513/513 501/501/501 
f 514/514/514 501/501/501 515/515/515 
f 501/501/501 500/500/500 515/515/515 
f 516/516/516 514/514/514 515/515/515 
f 500/500/500 516/516/516 515/515/515 
f 516/516/516 517/517/517 514/514/514 
f 500/500/500 518/518/518 516/516/516 
f 518/518/518 500/500/500 502/502/502 
f 518/518/518 502/502/502 519/519/519 
f 520/520/520 517/517/517 516/516/516 
f 520/520/520 516/516/516 518/518/518 
f 520/520/520 521/521/521 517/517/517 
f 522/522/522 521/521/521 520/520/520 
f 519/519/519 523/523/523 518/518/518 
f 520/520/520 518/518/518 523/523/523 
f 519/519/519 524/524/524 523/523/523 
f 525/525/525 523/523/523 524/524/524 
f 525/525/525 526/526/526 523/523/523 
f 520/520/520 523/523/523 526/526/526 
f 526/526/526 525/525/525 527/527/527 
f 522/522/522 520/520/520 528/528/528 
f 520/520/520 526/526/526 528/528/528 
f 529/529/529 522/522/522 528/528/528 
f 529/529/529 528/528/528 530/530/530 
f 526/526/526 530/530/530 528/528/528 
f 530/530/530 531/531/531 529/529/529 
f 530/530/530 532/532/532 531/531/531 
f 533/533/533 532/532/532 530/530/530 
f 527/527/527 534/534/534 533/533/533 
f 526/526/526 535/535/535 530/530/530 
f 526/526/526 527/527/527 535/535/535 
f 533/533/533 530/530/530 535/535/535 
f 527/527/527 533/533/533 535/535/535 

g Bacon4

v 1.88287 3.3114 2.27773 
v 1.91768 3.32642 2.294 
v 1.91768 3.40717 2.16098 
v 1.88287 3.3877 2.15248 
v 1.88287 3.19735 2.35892 
v 1.88287 3.41449 2.00881 
v 1.91768 3.20555 2.3802 
v 1.91773 3.06297 2.41096 
v 1.88287 3.06295 2.38552 
v 1.91768 3.43553 2.00881 
v 1.91768 3.40717 1.85665 
v 1.88287 3.38765 1.86534 
v 1.91768 3.32642 1.73167 
v 1.88287 3.31138 1.74739 
v 1.91768 3.20555 1.64547 
v 1.88287 3.19737 1.66618 
v 1.88287 3.06295 1.63592 
v 1.91773 3.06297 1.61025 
v 2.66364 2.04163 2.40987 
v 2.63048 2.04163 2.43708 
v 2.62418 2.00899 2.42586 
v 2.6567 2.00899 2.40189 
v 2.60873 1.90099 2.37691 
v 2.63969 1.90983 2.35617 
v 2.62624 1.81222 2.26604 
v 2.59651 1.79503 2.28361 
v 2.58381 1.71564 2.15479 
v 2.61225 1.73678 2.14672 
v 2.60908 1.71778 2.00019 
v 2.58092 1.69321 1.99981 
v 2.58692 1.71687 1.86226 
v 2.61569 1.73795 1.87187 
v 2.62624 1.81344 1.75801 
v 2.59649 1.79588 1.739 
v 2.60871 1.90136 1.64716 
v 2.63969 1.91043 1.66899 
v 2.6567 2.00899 1.62263 
v 2.62414 2.0082 1.59795 
v 2.63044 2.04077 1.58348 
v 2.66364 2.04163 1.61149 
v 2.63973 3.3114 2.27773 
v 2.63973 3.3877 2.15248 
v 2.61014 3.40717 2.16098 
v 2.61014 3.32642 2.294 
v 2.61014 3.43553 2.00881 
v 2.61014 3.20555 2.3802 
v 2.63973 3.41449 2.00881 
v 2.63973 3.19735 2.35892 
v 2.6101 3.06297 2.41096 
v 2.63973 3.06295 2.38543 
v 2.63973 3.38765 1.86534 
v 2.61014 3.40717 1.85665 
v 2.63973 3.31138 1.74739 
v 2.61014 3.32642 1.73167 
v 2.63973 3.19737 1.66618 
v 2.61014 3.20555 1.64547 
v 2.6101 3.06297 1.61025 
v 2.63973 3.06295 1.63593 
v 2.61014 3.40717 2.16098 
v 1.91768 3.40717 2.16098 
v 1.91768 3.32642 2.294 
v 1.91768 3.43553 2.00881 
v 2.61014 3.32642 2.294 
v 2.61014 3.43553 2.00881 
v 2.61014 3.20555 2.3802 
v 1.91768 3.40717 1.85665 
v 1.91768 3.20555 2.3802 
v 2.6101 3.06297 2.41096 
v 1.91773 3.06297 2.41096 
v 2.61014 3.40717 1.85665 
v 1.91768 3.32642 1.73167 
v 2.61014 3.32642 1.73167 
v 2.61014 3.20555 1.64547 
v 1.91768 3.20555 1.64547 
v 2.6101 3.06297 1.61025 
v 1.91773 3.06297 1.61025 
v 1.97587 2.04077 1.58348 
v 2.63044 2.04077 1.58348 
v 2.62414 2.0082 1.59795 
v 1.98219 2.0082 1.59795 
v 1.99762 1.90136 1.64716 
v 2.60871 1.90136 1.64716 
v 2.59649 1.79588 1.739 
v 2.00982 1.79588 1.739 
v 2.58692 1.71687 1.86226 
v 2.01938 1.71687 1.86226 
v 2.58092 1.69321 1.99981 
v 2.02537 1.69321 1.99981 
v 2.58381 1.71564 2.15479 
v 2.0225 1.71564 2.15479 
v 2.59651 1.79503 2.28361 
v 2.00982 1.79503 2.28361 
v 2.60873 1.90099 2.37691 
v 1.99762 1.90099 2.37691 
v 1.98219 2.00899 2.42586 
v 2.62418 2.00899 2.42586 
v 2.63048 2.04163 2.43708 
v 1.97587 2.04163 2.43708 
v 1.88287 3.06295 1.63592 
v 1.91773 3.06297 1.61025 
v 1.91773 3.03055 1.58348 
v 1.88287 3.03054 1.61148 
v 1.88287 3.06295 2.38552 
v 1.88287 3.03055 2.40998 
v 1.91773 3.03054 2.43708 
v 1.91773 3.06297 2.41096 
v 1.94225 2.04163 1.61149 
v 1.97587 2.04077 1.58348 
v 1.98219 2.0082 1.59795 
v 1.94922 2.00899 1.62263 
v 1.99762 1.90136 1.64716 
v 1.96623 1.91043 1.66899 
v 1.97968 1.81344 1.75801 
v 2.00982 1.79588 1.739 
v 2.01938 1.71687 1.86226 
v 1.99023 1.73795 1.87187 
v 1.99684 1.71778 2.00019 
v 2.02537 1.69321 1.99981 
v 2.0225 1.71564 2.15479 
v 1.99367 1.73678 2.14673 
v 1.97968 1.81222 2.26607 
v 2.00982 1.79503 2.28361 
v 1.99762 1.90099 2.37691 
v 1.96623 1.90983 2.35622 
v 1.94922 2.00899 2.40195 
v 1.98219 2.00899 2.42586 
v 1.97587 2.04163 2.43708 
v 1.94225 2.04163 2.40994 
v 2.6101 3.06297 1.61025 
v 2.63973 3.06295 1.63593 
v 2.66364 3.03054 1.61148 
v 2.63047 3.03055 1.58348 
v 2.63973 3.06295 2.38543 
v 2.6101 3.06297 2.41096 
v 2.63049 3.03054 2.43708 
v 2.66364 3.03055 2.40989 
v 2.6101 3.06297 1.61025 
v 2.63047 3.03055 1.58348 
v 1.91773 3.03055 1.58348 
v 1.91773 3.06297 1.61025 
v 1.91773 3.06297 2.41096 
v 1.91773 3.03054 2.43708 
v 2.63049 3.03054 2.43708 
v 2.6101 3.06297 2.41096 
v 2.63973 3.06295 1.63593 
v 2.63973 3.06295 2.00881 
v 2.66364 3.03055 2.40989 
v 2.66364 3.03054 1.61148 
v 2.63973 3.06295 2.00881 
v 2.63973 3.06295 2.38543 
v 2.66364 3.03055 2.40989 
v 1.91774 2.47133 1.58348 
v 1.88287 2.47133 1.61149 
v 1.88287 2.80478 1.61148 
v 1.91773 2.80478 1.58348 
v 1.88287 2.80478 1.61148 
v 1.88287 3.03054 1.61148 
v 1.91773 3.03055 1.58348 
v 1.91773 2.80478 1.58348 
v 1.91773 2.80474 2.43708 
v 1.88287 2.80474 2.41 
v 1.88287 2.47134 2.41 
v 1.91774 2.47134 2.43708 
v 1.91773 3.03054 2.43708 
v 1.88287 3.03055 2.40998 
v 1.88287 2.80474 2.41 
v 1.91773 2.80474 2.43708 
v 2.66364 2.42247 1.61149 
v 2.63044 2.42247 1.58348 
v 2.63044 2.47133 1.58348 
v 2.66364 2.47133 1.61149 
v 2.66364 2.47133 1.61149 
v 2.63044 2.47133 1.58348 
v 2.63045 2.80483 1.58348 
v 2.66364 2.80483 1.61149 
v 2.66364 3.03054 1.61148 
v 2.66364 2.80483 1.61149 
v 2.63045 2.80483 1.58348 
v 2.63047 3.03055 1.58348 
v 2.63044 2.42247 1.58348 
v 2.66364 2.42247 1.61149 
v 2.66364 2.04163 1.61149 
v 2.63044 2.04077 1.58348 
v 2.63049 2.42247 2.43708 
v 2.66364 2.42247 2.40985 
v 2.66364 2.47134 2.40985 
v 2.63049 2.47134 2.43708 
v 2.63049 2.47134 2.43708 
v 2.66364 2.47134 2.40985 
v 2.66364 2.80474 2.40986 
v 2.63049 2.80474 2.43708 
v 2.63049 2.80474 2.43708 
v 2.66364 2.80474 2.40986 
v 2.66364 3.03055 2.40989 
v 2.63049 3.03054 2.43708 
v 2.63048 2.04163 2.43708 
v 2.66364 2.04163 2.40987 
v 2.66364 2.42247 2.40985 
v 2.63049 2.42247 2.43708 
v 1.94225 2.04163 1.61149 
v 1.94225 2.42247 1.61149 
v 1.97587 2.42247 1.58348 
v 1.97587 2.04077 1.58348 
v 1.94225 2.04163 2.40994 
v 1.97587 2.04163 2.43708 
v 1.97587 2.42247 2.43708 
v 1.94225 2.42247 2.40994 
v 1.97587 2.42247 2.43708 
v 1.91774 2.47134 2.43708 
v 1.88287 2.47134 2.41 
v 1.94225 2.42247 2.40994 
v 1.94225 2.42247 1.61149 
v 1.88287 2.47133 1.61149 
v 1.91774 2.47133 1.58348 
v 1.97587 2.42247 1.58348 
v 2.66364 2.04163 1.61149 
v 2.66364 2.04163 2.40987 
v 2.6567 2.00899 2.40189 
v 2.6567 2.00899 1.62263 
v 2.63969 1.91043 1.66899 
v 2.63969 1.90983 2.35617 
v 2.62624 1.81344 1.75801 
v 2.62624 1.81222 2.26604 
v 2.61225 1.73678 2.14672 
v 2.61569 1.73795 1.87187 
v 2.60908 1.71778 2.00019 
v 2.63045 2.80483 1.58348 
v 2.63044 2.47133 1.58348 
v 1.91774 2.47133 1.58348 
v 1.91773 2.80478 1.58348 
v 1.97587 2.42247 1.58348 
v 2.63044 2.42247 1.58348 
v 2.63045 2.80483 1.58348 
v 1.91773 2.80478 1.58348 
v 1.91773 3.03055 1.58348 
v 2.63047 3.03055 1.58348 
v 2.63044 2.04077 1.58348 
v 1.97587 2.04077 1.58348 
v 1.97587 2.42247 1.58348 
v 2.63044 2.42247 1.58348 
v 2.63049 2.42247 2.43708 
v 2.63049 2.47134 2.43708 
v 1.91774 2.47134 2.43708 
v 1.97587 2.42247 2.43708 
v 2.63049 2.47134 2.43708 
v 2.63049 2.80474 2.43708 
v 1.91773 2.80474 2.43708 
v 1.91774 2.47134 2.43708 
v 2.63049 2.80474 2.43708 
v 2.63049 3.03054 2.43708 
v 1.91773 3.03054 2.43708 
v 1.91773 2.80474 2.43708 
v 2.63049 2.42247 2.43708 
v 1.97587 2.42247 2.43708 
v 1.97587 2.04163 2.43708 
v 2.63048 2.04163 2.43708 
v 1.94225 2.04163 2.40994 
v 1.94225 2.04163 1.61149 
v 1.94922 2.00899 1.62263 
v 1.94922 2.00899 2.40195 
v 1.96623 1.90983 2.35622 
v 1.96623 1.91043 1.66899 
v 1.97968 1.81344 1.75801 
v 1.97968 1.81222 2.26607 
v 1.99367 1.73678 2.14673 
v 1.99023 1.73795 1.87187 
v 1.99684 1.71778 2.00019 
v 1.88287 3.03055 2.40998 
v 1.88287 3.03054 1.61148 
v 1.88287 2.80478 1.61148 
v 1.88287 2.80474 2.41 
v 1.88287 2.80474 2.41 
v 1.88287 2.80478 1.61148 
v 1.88287 2.47133 1.61149 
v 1.88287 2.47134 2.41 
v 1.88287 3.03055 2.40998 
v 1.88287 3.06295 2.00881 
v 1.88287 3.06295 1.63592 
v 1.88287 3.03054 1.61148 
v 1.88287 3.3877 2.15248 
v 1.88287 3.06295 2.00881 
v 1.88287 3.3114 2.27773 
v 1.88287 3.41449 2.00881 
v 1.88287 3.38765 1.86534 
v 1.88287 3.19735 2.35892 
v 1.88287 3.06295 2.38552 
v 1.88287 3.31138 1.74739 
v 1.88287 3.19737 1.66618 
v 1.88287 3.06295 1.63592 
v 1.88287 3.03055 2.40998 
v 1.88287 3.06295 2.38552 
v 1.88287 3.06295 2.00881 
v 2.66364 2.80483 1.61149 
v 2.66364 2.80474 2.40986 
v 2.66364 2.47134 2.40985 
v 2.66364 2.47133 1.61149 
v 2.66364 2.47134 2.40985 
v 2.66364 2.42247 2.40985 
v 2.66364 2.42247 1.61149 
v 2.66364 2.47133 1.61149 
v 2.66364 3.03054 1.61148 
v 2.66364 3.03055 2.40989 
v 2.66364 2.80474 2.40986 
v 2.66364 2.80483 1.61149 
v 2.66364 2.42247 1.61149 
v 2.66364 2.42247 2.40985 
v 2.66364 2.04163 2.40987 
v 2.66364 2.04163 1.61149 
v 2.63973 3.3114 2.27773 
v 2.63973 3.06295 2.00881 
v 2.63973 3.3877 2.15248 
v 2.63973 3.19735 2.35892 
v 2.63973 3.06295 2.38543 
v 2.63973 3.41449 2.00881 
v 2.63973 3.38765 1.86534 
v 2.63973 3.31138 1.74739 
v 2.63973 3.19737 1.66618 
v 2.63973 3.06295 1.63593 
v 1.94225 2.42247 2.40994 
v 1.94225 2.42247 1.61149 
v 1.94225 2.04163 1.61149 
v 1.94225 2.04163 2.40994 
v 1.88287 2.47133 1.61149 
v 1.94225 2.42247 1.61149 
v 1.94225 2.42247 2.40994 
v 1.88287 2.47134 2.41 

vn -0.535433 0.622047 0.566929 
vn -0.535433 0.614173 0.574803 
vn -0.519685 0.795276 0.307087 
vn -0.519685 0.795276 0.299213 
vn -0.559055 0.338583 0.755906 
vn -0.519685 0.858268 0 
vn -0.559055 0.330709 0.76378 
vn -0.559055 0.165354 0.811024 
vn -0.559055 0.165354 0.811024 
vn -0.519685 0.858268 0 
vn -0.519685 0.795276 -0.314961 
vn -0.519685 0.795276 -0.307087 
vn -0.527559 0.614173 -0.590551 
vn -0.527559 0.614173 -0.582677 
vn -0.551181 0.346457 -0.76378 
vn -0.551181 0.346457 -0.755906 
vn -0.559055 0.188976 -0.80315 
vn -0.559055 0.188976 -0.80315 
vn 0.582677 -0.338583 0.740157 
vn 0.582677 -0.338583 0.740157 
vn 0.566929 -0.393701 0.724409 
vn 0.566929 -0.393701 0.724409 
vn 0.582677 -0.503937 0.637795 
vn 0.582677 -0.503937 0.629921 
vn 0.614173 -0.637795 0.464567 
vn 0.614173 -0.637795 0.464567 
vn 0.629921 -0.740157 0.228346 
vn 0.629921 -0.740157 0.23622 
vn 0.637795 -0.771654 0 
vn 0.637795 -0.771654 0.00787402 
vn 0.637795 -0.724409 -0.251969 
vn 0.637795 -0.724409 -0.251969 
vn 0.629921 -0.622047 -0.464567 
vn 0.629921 -0.622047 -0.464567 
vn 0.598425 -0.496063 -0.622047 
vn 0.598425 -0.503937 -0.622047 
vn 0.574803 -0.409449 -0.700787 
vn 0.574803 -0.409449 -0.700787 
vn 0.582677 -0.393701 -0.708661 
vn 0.582677 -0.393701 -0.708661 
vn 0.598425 0.590551 0.543307 
vn 0.582677 0.755906 0.291339 
vn 0.582677 0.755906 0.291339 
vn 0.598425 0.582677 0.543307 
vn 0.582677 0.811024 0 
vn 0.622047 0.314961 0.716535 
vn 0.582677 0.811024 0 
vn 0.622047 0.314961 0.716535 
vn 0.622047 0.15748 0.76378 
vn 0.622047 0.15748 0.76378 
vn 0.582677 0.755906 -0.299213 
vn 0.582677 0.755906 -0.299213 
vn 0.590551 0.582677 -0.551181 
vn 0.590551 0.582677 -0.559055 
vn 0.614173 0.330709 -0.716535 
vn 0.614173 0.322835 -0.716535 
vn 0.622047 0.181102 -0.76378 
vn 0.622047 0.181102 -0.76378 
vn 0 0.937008 0.354331 
vn 0 0.937008 0.354331 
vn 0 0.732283 0.677165 
vn 0 1 0 
vn 0 0.732283 0.677165 
vn 0 1 0 
vn 0 0.409449 0.913386 
vn 0 0.929134 -0.370079 
vn 0 0.409449 0.913386 
vn 0 0.212598 0.976378 
vn 0 0.212598 0.976378 
vn 0 0.929134 -0.370079 
vn 0 0.724409 -0.692913 
vn 0 0.724409 -0.692913 
vn 0 0.417323 -0.905512 
vn 0 0.417323 -0.905512 
vn 0 0.23622 -0.968504 
vn 0 0.23622 -0.968504 
vn 0 -0.409449 -0.913386 
vn 0 -0.409449 -0.913386 
vn 0 -0.417323 -0.913386 
vn 0 -0.417323 -0.913386 
vn 0 -0.543307 -0.84252 
vn 0 -0.543307 -0.84252 
vn 0 -0.755906 -0.661417 
vn 0 -0.755906 -0.661417 
vn 0 -0.929134 -0.377953 
vn 0 -0.929134 -0.377953 
vn 0 -1 -0.00787402 
vn 0 -1 -0.00787402 
vn 0 -0.937008 0.346457 
vn 0 -0.937008 0.346457 
vn 0 -0.76378 0.645669 
vn 0 -0.76378 0.645669 
vn 0 -0.543307 0.84252 
vn 0 -0.543307 0.84252 
vn 0 -0.385827 0.92126 
vn 0 -0.385827 0.92126 
vn 0 -0.322835 0.944882 
vn 0 -0.322835 0.944882 
vn -0.519685 0.527559 -0.669291 
vn -0.519685 0.527559 -0.669291 
vn -0.519685 0.527559 -0.669291 
vn -0.519685 0.527559 -0.669291 
vn -0.511811 0.527559 0.677165 
vn -0.511811 0.527559 0.677165 
vn -0.511811 0.527559 0.677165 
vn -0.511811 0.527559 0.677165 
vn -0.574803 -0.401575 -0.716535 
vn -0.574803 -0.401575 -0.716535 
vn -0.574803 -0.409449 -0.708661 
vn -0.574803 -0.417323 -0.708661 
vn -0.598425 -0.503937 -0.629921 
vn -0.598425 -0.503937 -0.622047 
vn -0.622047 -0.622047 -0.472441 
vn -0.622047 -0.622047 -0.472441 
vn -0.637795 -0.732283 -0.251969 
vn -0.637795 -0.732283 -0.251969 
vn -0.629921 -0.779528 0 
vn -0.629921 -0.779528 0.00787402 
vn -0.629921 -0.740157 0.228346 
vn -0.629921 -0.740157 0.23622 
vn -0.606299 -0.645669 0.464567 
vn -0.606299 -0.645669 0.464567 
vn -0.582677 -0.503937 0.637795 
vn -0.582677 -0.503937 0.637795 
vn -0.559055 -0.401575 0.724409 
vn -0.559055 -0.393701 0.724409 
vn -0.574803 -0.338583 0.748031 
vn -0.574803 -0.338583 0.748031 
vn 0.448819 0.724409 -0.527559 
vn 0.448819 0.724409 -0.527559 
vn 0.448819 0.724409 -0.527559 
vn 0.448819 0.724409 -0.527559 
vn 0.448819 0.716535 0.535433 
vn 0.448819 0.716535 0.535433 
vn 0.448819 0.716535 0.535433 
vn 0.448819 0.716535 0.535433 
vn 0 0.637795 -0.771654 
vn 0 0.637795 -0.771654 
vn 0 0.637795 -0.771654 
vn 0 0.637795 -0.771654 
vn 0 0.629921 0.779528 
vn 0 0.629921 0.779528 
vn 0 0.629921 0.779528 
vn 0 0.629921 0.779528 
vn 0.80315 0.590551 0 
vn 0.80315 0.590551 0 
vn 0.80315 0.590551 0 
vn 0.80315 0.590551 0 
vn 0.80315 0.590551 0 
vn 0.80315 0.590551 0 
vn 0.80315 0.590551 0 
vn -0.629921 0 -0.779528 
vn -0.629921 0 -0.779528 
vn -0.629921 0 -0.779528 
vn -0.629921 0 -0.779528 
vn -0.629921 0 -0.779528 
vn -0.629921 0 -0.779528 
vn -0.629921 0 -0.779528 
vn -0.629921 0 -0.779528 
vn -0.614173 0 0.787402 
vn -0.614173 0 0.787402 
vn -0.614173 0 0.787402 
vn -0.614173 0 0.787402 
vn -0.614173 0 0.787402 
vn -0.614173 0 0.787402 
vn -0.614173 0 0.787402 
vn -0.614173 0 0.787402 
vn 0.645669 0 -0.76378 
vn 0.645669 0 -0.76378 
vn 0.645669 0 -0.76378 
vn 0.645669 0 -0.76378 
vn 0.645669 0 -0.76378 
vn 0.645669 0 -0.76378 
vn 0.645669 0 -0.76378 
vn 0.645669 0 -0.76378 
vn 0.645669 0 -0.76378 
vn 0.645669 0 -0.76378 
vn 0.645669 0 -0.76378 
vn 0.645669 0 -0.76378 
vn 0.645669 0 -0.76378 
vn 0.645669 0 -0.76378 
vn 0.645669 0 -0.76378 
vn 0.645669 0 -0.76378 
vn 0.637795 0 0.771654 
vn 0.637795 0 0.771654 
vn 0.637795 0 0.771654 
vn 0.637795 0 0.771654 
vn 0.637795 0 0.771654 
vn 0.637795 0 0.771654 
vn 0.637795 0 0.771654 
vn 0.637795 0 0.771654 
vn 0.637795 0 0.771654 
vn 0.637795 0 0.771654 
vn 0.637795 0 0.771654 
vn 0.637795 0 0.771654 
vn 0.637795 0 0.771654 
vn 0.637795 0 0.771654 
vn 0.637795 0 0.771654 
vn 0.637795 0 0.771654 
vn -0.637795 0 -0.771654 
vn -0.637795 0 -0.771654 
vn -0.637795 0 -0.771654 
vn -0.637795 0 -0.771654 
vn -0.629921 0 0.779528 
vn -0.629921 0 0.779528 
vn -0.629921 0 0.779528 
vn -0.629921 0 0.779528 
vn -0.496063 -0.598425 0.629921 
vn -0.496063 -0.598425 0.629921 
vn -0.496063 -0.598425 0.629921 
vn -0.496063 -0.598425 0.629921 
vn -0.503937 -0.606299 -0.614173 
vn -0.503937 -0.606299 -0.614173 
vn -0.503937 -0.606299 -0.614173 
vn -0.503937 -0.606299 -0.614173 
vn 0.976378 -0.204724 0 
vn 0.976378 -0.204724 0 
vn 0.984252 -0.181102 0 
vn 0.984252 -0.181102 0 
vn 0.984252 -0.165354 0 
vn 0.984252 -0.165354 0 
vn 0.992126 -0.141732 0 
vn 0.992126 -0.141732 0 
vn 0.984252 -0.165354 0.00787402 
vn 0.984252 -0.165354 0.00787402 
vn 0.984252 -0.165354 0.00787402 
vn 0 0 -1 
vn 0 0 -1 
vn 0 0 -1 
vn 0 0 -1 
vn 0 0 -1 
vn 0 0 -1 
vn 0 0 -1 
vn 0 0 -1 
vn 0 0 -1 
vn 0 0 -1 
vn 0 0 -1 
vn 0 0 -1 
vn 0 0 -1 
vn 0 0 -1 
vn 0 0 1 
vn 0 0 1 
vn 0 0 1 
vn 0 0 1 
vn 0 0 1 
vn 0 0 1 
vn 0 0 1 
vn 0 0 1 
vn 0 0 1 
vn 0 0 1 
vn 0 0 1 
vn 0 0 1 
vn 0 0 1 
vn 0 0 1 
vn 0 0 1 
vn 0 0 1 
vn -0.976378 -0.212598 0 
vn -0.976378 -0.212598 0 
vn -0.984252 -0.181102 0 
vn -0.984252 -0.181102 0 
vn -0.984252 -0.165354 0 
vn -0.984252 -0.165354 0 
vn -0.992126 -0.141732 0 
vn -0.992126 -0.141732 0 
vn -0.984252 -0.165354 0.00787402 
vn -0.984252 -0.165354 0.00787402 
vn -0.984252 -0.165354 0.00787402 
vn -1 0 0 
vn -1 0 0 
vn -1 0 0 
vn -1 0 0 
vn -1 0 0 
vn -1 0 0 
vn -1 0 0 
vn -1 0 0 
vn -1 0 0 
vn -1 0 0 
vn -1 0 0 
vn -1 0 0 
vn -1 0 0 
vn -1 0 0 
vn -1 0 0 
vn -1 0 0 
vn -1 0 0 
vn -1 0 0 
vn -1 0 0 
vn -1 0 0 
vn -1 0 0 
vn -1 0 0 
vn -1 0 0 
vn -1 0 0 
vn -1 0 0 
vn 1 0 0 
vn 1 0 0 
vn 1 0 0 
vn 1 0 0 
vn 1 0 0 
vn 1 0 0 
vn 1 0 0 
vn 1 0 0 
vn 1 0 0 
vn 1 0 0 
vn 1 0 0 
vn 1 0 0 
vn 1 0 0 
vn 1 0 0 
vn 1 0 0 
vn 1 0 0 
vn 1 0 0 
vn 1 0 0 
vn 1 0 0 
vn 1 0 0 
vn 1 0 0 
vn 1 0 0 
vn 1 0 0 
vn 1 0 0 
vn 1 0 0 
vn 1 0 0 
vn -1 0 0 
vn -1 0 0 
vn -1 0 0 
vn -1 0 0 
vn -0.637795 -0.771654 0 
vn -0.637795 -0.771654 0 
vn -0.637795 -0.771654 0 
vn -0.637795 -0.771654 0 

vt 0.76018 0.705411 
vt 0.76018 0.703764 
vt 0.767677 0.703764 
vt 0.76792 0.705411 
vt 0.753207 0.705411 
vt 0.775555 0.705411 
vt 0.753207 0.703764 
vt 0.746347 0.703764 
vt 0.746347 0.705411 
vt 0.775444 0.703764 
vt 0.782996 0.703764 
vt 0.782801 0.705411 
vt 0.789949 0.703764 
vt 0.789949 0.705411 
vt 0.797015 0.703764 
vt 0.797015 0.705411 
vt 0.804252 0.705411 
vt 0.804252 0.703764 
vt 0.810748 0.663271 
vt 0.81217 0.66229 
vt 0.814295 0.664118 
vt 0.813088 0.664982 
vt 0.814295 0.665095 
vt 0.813088 0.665843 
vt 0.813088 0.668457 
vt 0.814295 0.667823 
vt 0.814296 0.672468 
vt 0.813088 0.672759 
vt 0.813088 0.678042 
vt 0.814296 0.678055 
vt 0.814296 0.683015 
vt 0.813088 0.682668 
vt 0.813088 0.686774 
vt 0.814296 0.687459 
vt 0.814296 0.690151 
vt 0.813088 0.689364 
vt 0.813088 0.690347 
vt 0.814296 0.691237 
vt 0.812172 0.693066 
vt 0.810748 0.692056 
vt 0.76018 0.674114 
vt 0.76755 0.674114 
vt 0.767401 0.675665 
vt 0.76018 0.675665 
vt 0.774814 0.675665 
vt 0.753207 0.675665 
vt 0.774707 0.674114 
vt 0.753207 0.674114 
vt 0.746347 0.675665 
vt 0.746347 0.674114 
vt 0.78216 0.674114 
vt 0.782401 0.675665 
vt 0.789949 0.674114 
vt 0.789949 0.675665 
vt 0.797015 0.674114 
vt 0.797015 0.675665 
vt 0.804252 0.675665 
vt 0.804252 0.674114 
vt 0.767401 0.675665 
vt 0.767677 0.703764 
vt 0.76018 0.703764 
vt 0.775444 0.703764 
vt 0.76018 0.675665 
vt 0.774814 0.675665 
vt 0.753207 0.675665 
vt 0.782996 0.703764 
vt 0.753207 0.703764 
vt 0.746347 0.675665 
vt 0.746347 0.703764 
vt 0.782401 0.675665 
vt 0.789949 0.703764 
vt 0.789949 0.675665 
vt 0.797015 0.675665 
vt 0.797015 0.703764 
vt 0.804252 0.675665 
vt 0.804252 0.703764 
vt 0.840248 0.693066 
vt 0.812172 0.693066 
vt 0.814296 0.691237 
vt 0.838124 0.691236 
vt 0.838124 0.69015 
vt 0.814296 0.690151 
vt 0.814296 0.687459 
vt 0.838124 0.687459 
vt 0.814296 0.683015 
vt 0.838124 0.683015 
vt 0.814296 0.678055 
vt 0.838124 0.678055 
vt 0.814296 0.672468 
vt 0.838124 0.672468 
vt 0.814295 0.667823 
vt 0.838124 0.667823 
vt 0.814295 0.665095 
vt 0.838124 0.665095 
vt 0.838124 0.664118 
vt 0.814295 0.664118 
vt 0.81217 0.66229 
vt 0.840248 0.66229 
vt 0.804252 0.705411 
vt 0.804252 0.703764 
vt 0.806215 0.703764 
vt 0.806215 0.705411 
vt 0.746347 0.705411 
vt 0.744389 0.705411 
vt 0.744389 0.703764 
vt 0.746347 0.703764 
vt 0.84169 0.692056 
vt 0.840248 0.693066 
vt 0.838124 0.691236 
vt 0.839348 0.690347 
vt 0.838124 0.69015 
vt 0.839348 0.689364 
vt 0.839348 0.686774 
vt 0.838124 0.687459 
vt 0.838124 0.683015 
vt 0.839348 0.682668 
vt 0.839348 0.678042 
vt 0.838124 0.678055 
vt 0.838124 0.672468 
vt 0.839348 0.672758 
vt 0.839348 0.668455 
vt 0.838124 0.667823 
vt 0.838124 0.665095 
vt 0.839348 0.665841 
vt 0.839348 0.66498 
vt 0.838124 0.664118 
vt 0.840248 0.66229 
vt 0.84169 0.663268 
vt 0.804252 0.675665 
vt 0.804252 0.674114 
vt 0.806215 0.674114 
vt 0.806215 0.675665 
vt 0.746347 0.674114 
vt 0.746347 0.675665 
vt 0.744389 0.675665 
vt 0.744389 0.674114 
vt 0.804252 0.675665 
vt 0.806215 0.675665 
vt 0.806215 0.703764 
vt 0.804252 0.703764 
vt 0.746347 0.703764 
vt 0.744389 0.703764 
vt 0.744389 0.675665 
vt 0.746347 0.675665 
vt 0.792736 0.659914 
vt 0.774651 0.659914 
vt 0.755123 0.658275 
vt 0.793884 0.658275 
vt 0.774651 0.659914 
vt 0.756356 0.659914 
vt 0.755123 0.658275 
vt 0.866447 0.622615 
vt 0.869729 0.622615 
vt 0.869729 0.643177 
vt 0.866447 0.643177 
vt 0.869729 0.643177 
vt 0.869729 0.657514 
vt 0.866447 0.657514 
vt 0.866447 0.643177 
vt 0.934786 0.643177 
vt 0.931561 0.643177 
vt 0.931561 0.622615 
vt 0.934786 0.622615 
vt 0.934786 0.657514 
vt 0.931561 0.657514 
vt 0.931561 0.643177 
vt 0.934786 0.643177 
vt 0.807221 0.618847 
vt 0.810978 0.618847 
vt 0.810978 0.622615 
vt 0.807221 0.622615 
vt 0.807221 0.622615 
vt 0.810978 0.622615 
vt 0.810978 0.643177 
vt 0.807221 0.643177 
vt 0.807221 0.657514 
vt 0.807221 0.643177 
vt 0.810978 0.643177 
vt 0.810978 0.657514 
vt 0.810978 0.618847 
vt 0.807221 0.618847 
vt 0.807221 0.595369 
vt 0.810978 0.595369 
vt 0.990366 0.618847 
vt 0.993349 0.618847 
vt 0.993349 0.622615 
vt 0.990366 0.622615 
vt 0.990366 0.622615 
vt 0.993349 0.622615 
vt 0.993349 0.643177 
vt 0.990366 0.643177 
vt 0.990366 0.643177 
vt 0.993349 0.643177 
vt 0.993349 0.657514 
vt 0.990366 0.657514 
vt 0.990366 0.595369 
vt 0.993349 0.595369 
vt 0.993349 0.618847 
vt 0.990366 0.618847 
vt 0.869729 0.595403 
vt 0.869729 0.619051 
vt 0.866447 0.619326 
vt 0.866447 0.595449 
vt 0.931561 0.595369 
vt 0.934786 0.595369 
vt 0.934786 0.618847 
vt 0.931561 0.618847 
vt 0.934786 0.618847 
vt 0.934786 0.622615 
vt 0.931561 0.622615 
vt 0.931561 0.618847 
vt 0.869729 0.619051 
vt 0.869729 0.622615 
vt 0.866447 0.622615 
vt 0.866447 0.619326 
vt 0.810748 0.692056 
vt 0.810748 0.663271 
vt 0.813088 0.664982 
vt 0.813088 0.690347 
vt 0.813088 0.689364 
vt 0.813088 0.665843 
vt 0.813088 0.686774 
vt 0.813088 0.668457 
vt 0.813088 0.672759 
vt 0.813088 0.682668 
vt 0.813088 0.678042 
vt 0.810978 0.643177 
vt 0.810978 0.622615 
vt 0.866447 0.622615 
vt 0.866447 0.643177 
vt 0.866447 0.619326 
vt 0.810978 0.618847 
vt 0.810978 0.643177 
vt 0.866447 0.643177 
vt 0.866447 0.657514 
vt 0.810978 0.657514 
vt 0.810978 0.595369 
vt 0.866447 0.595449 
vt 0.866447 0.619326 
vt 0.810978 0.618847 
vt 0.990366 0.618847 
vt 0.990366 0.622615 
vt 0.934786 0.622615 
vt 0.934786 0.618847 
vt 0.990366 0.622615 
vt 0.990366 0.643177 
vt 0.934786 0.643177 
vt 0.934786 0.622615 
vt 0.990366 0.643177 
vt 0.990366 0.657514 
vt 0.934786 0.657514 
vt 0.934786 0.643177 
vt 0.990366 0.618847 
vt 0.934786 0.618847 
vt 0.934786 0.595369 
vt 0.990366 0.595369 
vt 0.84169 0.663268 
vt 0.84169 0.692056 
vt 0.839348 0.690347 
vt 0.839348 0.66498 
vt 0.839348 0.665841 
vt 0.839348 0.689364 
vt 0.839348 0.686774 
vt 0.839348 0.668455 
vt 0.839348 0.672758 
vt 0.839348 0.682668 
vt 0.839348 0.678042 
vt 0.931549 0.657514 
vt 0.869729 0.657514 
vt 0.869729 0.643177 
vt 0.931551 0.643177 
vt 0.931551 0.643177 
vt 0.869729 0.643177 
vt 0.869729 0.622615 
vt 0.93155 0.622615 
vt 0.755811 0.720225 
vt 0.775339 0.718996 
vt 0.793633 0.718996 
vt 0.79485 0.720225 
vt 0.76792 0.705411 
vt 0.775339 0.718996 
vt 0.761694 0.70902 
vt 0.775555 0.705411 
vt 0.782801 0.705411 
vt 0.75802 0.713694 
vt 0.75698 0.718996 
vt 0.788484 0.708803 
vt 0.792285 0.713461 
vt 0.793633 0.718996 
vt 0.755811 0.720225 
vt 0.75698 0.718996 
vt 0.775339 0.718996 
vt 0.807221 0.643177 
vt 0.744672 0.643177 
vt 0.744672 0.622615 
vt 0.807221 0.622615 
vt 0.744672 0.622615 
vt 0.744672 0.618847 
vt 0.807221 0.618847 
vt 0.807221 0.622615 
vt 0.807221 0.657514 
vt 0.744672 0.657514 
vt 0.744672 0.643177 
vt 0.807221 0.643177 
vt 0.807221 0.618847 
vt 0.744672 0.618847 
vt 0.744672 0.595369 
vt 0.807221 0.595369 
vt 0.761447 0.670839 
vt 0.774651 0.659914 
vt 0.76755 0.674114 
vt 0.75755 0.666221 
vt 0.756356 0.659914 
vt 0.774707 0.674114 
vt 0.78216 0.674114 
vt 0.787966 0.670306 
vt 0.791596 0.665602 
vt 0.792736 0.659914 
vt 0.931546 0.618847 
vt 0.869729 0.618847 
vt 0.869729 0.595369 
vt 0.931546 0.595369 
vt 0.869729 0.622615 
vt 0.869729 0.618847 
vt 0.931546 0.618847 
vt 0.93155 0.622615 

usemtl Bacon1Mtl

f 536/536/536 537/537/537 538/538/538 
f 536/536/536 538/538/538 539/539/539 
f 540/540/540 537/537/537 536/536/536 
f 541/541/541 539/539/539 538/538/538 
f 540/540/540 542/542/542 537/537/537 
f 543/543/543 542/542/542 540/540/540 
f 543/543/543 540/540/540 544/544/544 
f 541/541/541 538/538/538 545/545/545 
f 546/546/546 541/541/541 545/545/545 
f 546/546/546 547/547/547 541/541/541 
f 548/548/548 547/547/547 546/546/546 
f 548/548/548 549/549/549 547/547/547 
f 550/550/550 549/549/549 548/548/548 
f 550/550/550 551/551/551 549/549/549 
f 550/550/550 552/552/552 551/551/551 
f 550/550/550 553/553/553 552/552/552 
f 554/554/554 555/555/555 556/556/556 
f 554/554/554 556/556/556 557/557/557 
f 557/557/557 556/556/556 558/558/558 
f 557/557/557 558/558/558 559/559/559 
f 558/558/558 560/560/560 559/559/559 
f 558/558/558 561/561/561 560/560/560 
f 560/560/560 561/561/561 562/562/562 
f 560/560/560 562/562/562 563/563/563 
f 562/562/562 564/564/564 563/563/563 
f 562/562/562 565/565/565 564/564/564 
f 566/566/566 564/564/564 565/565/565 
f 566/566/566 567/567/567 564/564/564 
f 568/568/568 567/567/567 566/566/566 
f 568/568/568 566/566/566 569/569/569 
f 570/570/570 568/568/568 569/569/569 
f 570/570/570 571/571/571 568/568/568 
f 570/570/570 572/572/572 571/571/571 
f 570/570/570 573/573/573 572/572/572 
f 574/574/574 572/572/572 573/573/573 
f 574/574/574 575/575/575 572/572/572 
f 576/576/576 577/577/577 578/578/578 
f 576/576/576 578/578/578 579/579/579 
f 577/577/577 580/580/580 578/578/578 
f 576/576/576 579/579/579 581/581/581 
f 577/577/577 582/582/582 580/580/580 
f 576/576/576 581/581/581 583/583/583 
f 583/583/583 581/581/581 584/584/584 
f 583/583/583 584/584/584 585/585/585 
f 586/586/586 580/580/580 582/582/582 
f 586/586/586 587/587/587 580/580/580 
f 588/588/588 587/587/587 586/586/586 
f 588/588/588 589/589/589 587/587/587 
f 590/590/590 589/589/589 588/588/588 
f 590/590/590 591/591/591 589/589/589 
f 592/592/592 591/591/591 590/590/590 
f 592/592/592 590/590/590 593/593/593 
f 594/594/594 595/595/595 596/596/596 
f 594/594/594 597/597/597 595/595/595 
f 594/594/594 596/596/596 598/598/598 
f 594/594/594 599/599/599 597/597/597 
f 596/596/596 600/600/600 598/598/598 
f 601/601/601 597/597/597 599/599/599 
f 596/596/596 602/602/602 600/600/600 
f 603/603/603 600/600/600 602/602/602 
f 603/603/603 602/602/602 604/604/604 
f 601/601/601 599/599/599 605/605/605 
f 606/606/606 601/601/601 605/605/605 
f 606/606/606 605/605/605 607/607/607 
f 606/606/606 607/607/607 608/608/608 
f 606/606/606 608/608/608 609/609/609 
f 610/610/610 609/609/609 608/608/608 
f 610/610/610 611/611/611 609/609/609 
f 612/612/612 613/613/613 614/614/614 
f 612/612/612 614/614/614 615/615/615 
f 616/616/616 615/615/615 614/614/614 
f 616/616/616 614/614/614 617/617/617 
f 616/616/616 617/617/617 618/618/618 
f 616/616/616 618/618/618 619/619/619 
f 619/619/619 618/618/618 620/620/620 
f 619/619/619 620/620/620 621/621/621 
f 621/621/621 620/620/620 622/622/622 
f 621/621/621 622/622/622 623/623/623 
f 624/624/624 623/623/623 622/622/622 
f 624/624/624 625/625/625 623/623/623 
f 626/626/626 625/625/625 624/624/624 
f 626/626/626 627/627/627 625/625/625 
f 628/628/628 627/627/627 626/626/626 
f 628/628/628 629/629/629 627/627/627 
f 628/628/628 630/630/630 629/629/629 
f 628/628/628 631/631/631 630/630/630 
f 632/632/632 630/630/630 631/631/631 
f 632/632/632 633/633/633 630/630/630 
f 634/634/634 635/635/635 636/636/636 
f 634/634/634 636/636/636 637/637/637 
f 638/638/638 639/639/639 640/640/640 
f 638/638/638 640/640/640 641/641/641 
f 642/642/642 643/643/643 644/644/644 
f 642/642/642 644/644/644 645/645/645 
f 645/645/645 644/644/644 646/646/646 
f 645/645/645 646/646/646 647/647/647 
f 646/646/646 648/648/648 647/647/647 
f 646/646/646 649/649/649 648/648/648 
f 648/648/648 649/649/649 650/650/650 
f 648/648/648 650/650/650 651/651/651 
f 650/650/650 652/652/652 651/651/651 
f 650/650/650 653/653/653 652/652/652 
f 654/654/654 652/652/652 653/653/653 
f 654/654/654 655/655/655 652/652/652 
f 656/656/656 655/655/655 654/654/654 
f 656/656/656 654/654/654 657/657/657 
f 658/658/658 656/656/656 657/657/657 
f 658/658/658 659/659/659 656/656/656 
f 658/658/658 660/660/660 659/659/659 
f 658/658/658 661/661/661 660/660/660 
f 662/662/662 660/660/660 661/661/661 
f 662/662/662 663/663/663 660/660/660 
f 664/664/664 665/665/665 666/666/666 
f 664/664/664 666/666/666 667/667/667 
f 668/668/668 669/669/669 670/670/670 
f 668/668/668 670/670/670 671/671/671 
f 672/672/672 673/673/673 674/674/674 
f 672/672/672 674/674/674 675/675/675 
f 676/676/676 677/677/677 678/678/678 
f 676/676/676 678/678/678 679/679/679 
f 680/680/680 681/681/681 682/682/682 
f 680/680/680 682/682/682 683/683/683 
f 684/684/684 685/685/685 686/686/686 
f 687/687/687 688/688/688 689/689/689 
f 687/687/687 689/689/689 690/690/690 
f 691/691/691 692/692/692 693/693/693 
f 691/691/691 693/693/693 694/694/694 
f 695/695/695 696/696/696 697/697/697 
f 695/695/695 697/697/697 698/698/698 
f 699/699/699 700/700/700 701/701/701 
f 699/699/699 701/701/701 702/702/702 
f 703/703/703 704/704/704 705/705/705 
f 703/703/703 705/705/705 706/706/706 
f 707/707/707 708/708/708 709/709/709 
f 707/707/707 709/709/709 710/710/710 
f 711/711/711 712/712/712 713/713/713 
f 711/711/711 713/713/713 714/714/714 
f 715/715/715 716/716/716 717/717/717 
f 715/715/715 717/717/717 718/718/718 
f 719/719/719 720/720/720 721/721/721 
f 719/719/719 721/721/721 722/722/722 
f 723/723/723 724/724/724 725/725/725 
f 723/723/723 725/725/725 726/726/726 
f 727/727/727 728/728/728 729/729/729 
f 727/727/727 729/729/729 730/730/730 
f 731/731/731 732/732/732 733/733/733 
f 731/731/731 733/733/733 734/734/734 
f 735/735/735 736/736/736 737/737/737 
f 735/735/735 737/737/737 738/738/738 
f 739/739/739 740/740/740 741/741/741 
f 739/739/739 741/741/741 742/742/742 
f 743/743/743 744/744/744 745/745/745 
f 743/743/743 745/745/745 746/746/746 
f 747/747/747 748/748/748 749/749/749 
f 747/747/747 749/749/749 750/750/750 
f 751/751/751 752/752/752 753/753/753 
f 751/751/751 753/753/753 754/754/754 
f 755/755/755 754/754/754 753/753/753 
f 755/755/755 753/753/753 756/756/756 
f 756/756/756 757/757/757 755/755/755 
f 756/756/756 758/758/758 757/757/757 
f 759/759/759 757/757/757 758/758/758 
f 759/759/759 760/760/760 757/757/757 
f 759/759/759 761/761/761 760/760/760 
f 762/762/762 763/763/763 764/764/764 
f 762/762/762 764/764/764 765/765/765 
f 766/766/766 764/764/764 763/763/763 
f 766/766/766 763/763/763 767/767/767 
f 768/768/768 769/769/769 770/770/770 
f 768/768/768 770/770/770 771/771/771 
f 772/772/772 773/773/773 774/774/774 
f 772/772/772 774/774/774 775/775/775 
f 776/776/776 777/777/777 778/778/778 
f 776/776/776 778/778/778 779/779/779 
f 780/780/780 781/781/781 782/782/782 
f 780/780/780 782/782/782 783/783/783 
f 784/784/784 785/785/785 786/786/786 
f 784/784/784 786/786/786 787/787/787 
f 788/788/788 789/789/789 790/790/790 
f 788/788/788 790/790/790 791/791/791 
f 792/792/792 793/793/793 794/794/794 
f 792/792/792 794/794/794 795/795/795 
f 796/796/796 795/795/795 794/794/794 
f 796/796/796 794/794/794 797/797/797 
f 796/796/796 797/797/797 798/798/798 
f 796/796/796 798/798/798 799/799/799 
f 800/800/800 799/799/799 798/798/798 
f 800/800/800 798/798/798 801/801/801 
f 800/800/800 801/801/801 802/802/802 
f 803/803/803 804/804/804 805/805/805 
f 803/803/803 805/805/805 806/806/806 
f 807/807/807 808/808/808 809/809/809 
f 807/807/807 809/809/809 810/810/810 
f 811/811/811 812/812/812 813/813/813 
f 811/811/811 813/813/813 814/814/814 
f 815/815/815 816/816/816 817/817/817 
f 818/818/818 816/816/816 815/815/815 
f 819/819/819 816/816/816 818/818/818 
f 817/817/817 816/816/816 820/820/820 
f 820/820/820 816/816/816 821/821/821 
f 822/822/822 816/816/816 819/819/819 
f 823/823/823 816/816/816 822/822/822 
f 824/824/824 816/816/816 823/823/823 
f 825/825/825 826/826/826 827/827/827 
f 828/828/828 829/829/829 830/830/830 
f 828/828/828 830/830/830 831/831/831 
f 832/832/832 833/833/833 834/834/834 
f 832/832/832 834/834/834 835/835/835 
f 836/836/836 837/837/837 838/838/838 
f 836/836/836 838/838/838 839/839/839 
f 840/840/840 841/841/841 842/842/842 
f 840/840/840 842/842/842 843/843/843 
f 844/844/844 845/845/845 846/846/846 
f 847/847/847 845/845/845 844/844/844 
f 848/848/848 845/845/845 847/847/847 
f 846/846/846 845/845/845 849/849/849 
f 849/849/849 845/845/845 850/850/850 
f 850/850/850 845/845/845 851/851/851 
f 851/851/851 845/845/845 852/852/852 
f 852/852/852 845/845/845 853/853/853 
f 854/854/854 855/855/855 856/856/856 
f 854/854/854 856/856/856 857/857/857 
f 858/858/858 859/859/859 860/860/860 
f 858/858/858 860/860/860 861/861/861 

g Bacon5

v 1.97587 1.4738 2.43708 
v 1.97587 2.04163 2.43708 
v 1.94225 2.04163 2.40994 
v 1.94225 1.4738 2.40995 
v 2.66364 1.4738 2.40992 
v 2.66364 2.04163 2.40991 
v 2.63046 2.04163 2.43708 
v 2.63046 1.4738 2.43708 
v 1.97587 2.04077 1.58348 
v 1.97587 1.4732 1.58348 
v 1.94225 1.4738 1.61148 
v 1.94225 2.04152 1.61147 
v 2.66364 2.04152 1.61151 
v 2.66364 1.4738 1.6115 
v 2.63045 1.4732 1.58348 
v 2.63046 2.04077 1.58348 
v 1.97587 1.4732 1.58348 
v 2.63045 1.4732 1.58348 
v 2.62182 1.44139 1.60075 
v 1.98451 1.44139 1.60075 
v 1.94225 1.4738 1.61148 
v 1.97587 1.4732 1.58348 
v 1.95178 1.44223 1.62759 
v 1.99374 1.33458 1.66376 
v 1.94225 1.4738 2.40995 
v 1.94225 1.4738 1.61148 
v 1.95178 1.44223 2.39269 
v 1.97587 1.4738 2.43708 
v 1.94225 1.4738 2.40995 
v 1.98451 1.44223 2.41869 
v 2.63046 1.4738 2.43708 
v 1.97587 1.4738 2.43708 
v 2.62186 1.44223 2.41869 
v 2.66364 1.4738 2.40992 
v 2.63046 1.4738 2.43708 
v 2.65415 1.44223 2.39262 
v 2.61261 1.33421 2.35869 
v 1.99374 1.33421 2.35869 
v 1.96195 1.34305 2.33799 
v 1.96195 1.34365 1.68559 
v 1.97624 1.24666 1.75742 
v 1.97624 1.24544 2.26549 
v 2.0067 1.22825 2.28303 
v 2.02229 1.14886 2.15421 
v 2.59963 1.22825 2.28303 
v 1.99344 1.16999 2.14615 
v 2.58401 1.14886 2.15421 
v 1.99344 1.17117 1.87129 
v 2.62968 1.24544 2.26546 
v 2.64397 1.34305 2.33795 
v 1.99684 1.15099 1.9996 
v 2.02229 1.15009 1.86168 
v 2.02537 1.12643 1.99923 
v 2.0067 1.2291 1.73842 
v 2.58092 1.12643 1.99923 
v 2.58401 1.15009 1.86168 
v 2.59962 1.2291 1.73842 
v 2.61259 1.33458 1.66376 
v 2.60908 1.15099 1.9996 
v 2.61248 1.16999 2.14613 
v 2.61248 1.17117 1.87129 
v 2.62968 1.24666 1.75742 
v 2.64397 1.34365 1.68559 
v 2.65415 1.44224 1.62759 
v 2.63045 1.4732 1.58348 
v 2.66364 1.4738 1.6115 
v 2.66364 1.4738 1.6115 
v 2.66364 1.4738 2.40992 
v 1.97587 2.04163 2.43708 
v 2.63046 2.04163 2.43708 
v 2.6078 2.07488 2.4207 
v 1.99851 2.07488 2.4207 
v 1.94225 2.04163 2.40994 
v 2.63871 2.07402 2.39363 
v 2.66364 2.04163 2.40991 
v 1.96722 2.07402 2.39363 
v 1.94225 2.04152 1.61147 
v 2.01279 2.18168 2.35418 
v 2.63871 2.07402 1.62205 
v 2.66364 2.04152 1.61151 
v 2.59351 2.18168 2.35419 
v 2.62296 2.17261 2.33236 
v 2.60784 2.07402 1.59576 
v 2.63046 2.04077 1.58348 
v 2.62296 2.17322 1.68 
v 2.60908 2.2696 2.26052 
v 2.59353 2.18205 1.65926 
v 1.99851 2.07402 1.59576 
v 1.97587 2.04077 1.58348 
v 1.96722 2.07402 1.62198 
v 2.01279 2.18205 1.65926 
v 1.98296 2.17322 1.67996 
v 1.98296 2.17261 2.33236 
v 1.99684 2.2696 2.26053 
v 1.99684 2.27082 1.75246 
v 2.02537 2.28801 1.73492 
v 2.02537 2.36741 1.86374 
v 2.58093 2.28801 1.73492 
v 2.60908 2.27082 1.75249 
v 2.58092 2.36741 1.86374 
v 1.99684 2.34627 1.8718 
v 1.99684 2.34509 2.14666 
v 1.99684 2.36527 2.01835 
v 2.02537 2.36617 2.15627 
v 2.02537 2.38984 2.01872 
v 2.02537 2.28717 2.27953 
v 2.58092 2.38984 2.01872 
v 2.58092 2.36617 2.15627 
v 2.58091 2.28717 2.27953 
v 2.60908 2.36527 2.01835 
v 2.60908 2.34509 2.14666 
v 2.60908 2.34627 1.87182 
v 1.97587 2.04163 2.43708 
v 1.97587 1.4738 2.43708 
v 2.63046 1.4738 2.43708 
v 2.63046 2.04163 2.43708 
v 2.63046 2.04077 1.58348 
v 2.63045 1.4732 1.58348 
v 1.97587 1.4732 1.58348 
v 1.97587 2.04077 1.58348 
v 1.94225 1.4738 2.40995 
v 1.94225 2.04163 2.40994 
v 1.94225 2.04152 1.61147 
v 1.94225 1.4738 1.61148 
v 2.66364 2.04163 2.40991 
v 2.66364 1.4738 2.40992 
v 2.66364 1.4738 1.6115 
v 2.66364 2.04152 1.61151 

vn -0.629921 0 0.779528 
vn -0.629921 0 0.779528 
vn -0.629921 0 0.779528 
vn -0.629921 0 0.779528 
vn 0.629921 0 0.771654 
vn 0.629921 0 0.771654 
vn 0.629921 0 0.771654 
vn 0.629921 0 0.771654 
vn -0.637795 0 -0.771654 
vn -0.637795 0 -0.771654 
vn -0.637795 0 -0.771654 
vn -0.637795 0 -0.771654 
vn 0.645669 0 -0.76378 
vn 0.645669 0 -0.76378 
vn 0.645669 0 -0.76378 
vn 0.645669 0 -0.76378 
vn 0 -0.480315 -0.88189 
vn 0 -0.480315 -0.88189 
vn 0.0314961 -0.503937 -0.866142 
vn -0.0314961 -0.503937 -0.866142 
vn -0.559055 -0.503937 -0.661417 
vn -0.559055 -0.503937 -0.661417 
vn -0.976378 -0.212598 -0.0551181 
vn -0.0393701 -0.543307 -0.834646 
vn -0.96063 -0.291339 0 
vn -0.96063 -0.291339 0 
vn -0.976378 -0.204724 0.0551181 
vn -0.527559 -0.527559 0.661417 
vn -0.527559 -0.527559 0.661417 
vn -0.0314961 -0.496063 0.866142 
vn 0 -0.503937 0.866142 
vn 0 -0.503937 0.866142 
vn 0.0314961 -0.496063 0.866142 
vn 0.535433 -0.527559 0.661417 
vn 0.535433 -0.527559 0.661417 
vn 0.976378 -0.204724 0.0551181 
vn 0.0314961 -0.535433 0.84252 
vn -0.0314961 -0.535433 0.84252 
vn -0.992126 -0.141732 0.0472441 
vn -0.992126 -0.141732 -0.0472441 
vn -0.976378 -0.212598 -0.0551181 
vn -0.976378 -0.212598 0.0551181 
vn -0.0314961 -0.732283 0.677165 
vn -0.0314961 -0.937008 0.346457 
vn 0.0314961 -0.732283 0.677165 
vn -0.944882 -0.322835 0.0393701 
vn 0.0314961 -0.937008 0.346457 
vn -0.944882 -0.314961 -0.0472441 
vn 0.976378 -0.212598 0.0551181 
vn 0.992126 -0.141732 0.0472441 
vn -0.952756 -0.314961 0 
vn -0.0314961 -0.929134 -0.377953 
vn -0.0393701 -1 -0.00787402 
vn -0.0393701 -0.724409 -0.692913 
vn 0.0393701 -1 -0.00787402 
vn 0.0314961 -0.929134 -0.377953 
vn 0.0393701 -0.724409 -0.692913 
vn 0.0393701 -0.543307 -0.834646 
vn 0.952756 -0.314961 0 
vn 0.944882 -0.322835 0.0393701 
vn 0.944882 -0.314961 -0.0393701 
vn 0.976378 -0.204724 -0.0551181 
vn 0.992126 -0.141732 -0.0472441 
vn 0.976378 -0.212598 -0.0551181 
vn 0.559055 -0.503937 -0.653543 
vn 0.559055 -0.503937 -0.653543 
vn 0.96063 -0.291339 0 
vn 0.96063 -0.291339 0 
vn -0.0551181 0.472441 0.874016 
vn 0.0551181 0.472441 0.874016 
vn 0.0314961 0.511811 0.858268 
vn -0.0314961 0.511811 0.858268 
vn -0.787402 0.622047 0.0393701 
vn 0.913386 0.401575 0.0551181 
vn 0.787402 0.622047 0.0314961 
vn -0.913386 0.401575 0.0551181 
vn -0.787402 0.614173 -0.0314961 
vn -0.0393701 0.551181 0.834646 
vn 0.92126 0.385827 -0.0551181 
vn 0.787402 0.614173 -0.0314961 
vn 0.0393701 0.551181 0.834646 
vn 0.984252 0.181102 0.0393701 
vn 0.0314961 0.464567 -0.88189 
vn 0.0629921 0.385827 -0.92126 
vn 0.984252 0.181102 -0.0472441 
vn 0.984252 0.173228 0.0551181 
vn 0.0314961 0.543307 -0.834646 
vn -0.0314961 0.464567 -0.88189 
vn -0.0629921 0.385827 -0.92126 
vn -0.92126 0.385827 -0.0551181 
vn -0.0314961 0.543307 -0.834646 
vn -0.984252 0.181102 -0.0472441 
vn -0.984252 0.181102 0.0472441 
vn -0.984252 0.173228 0.0551181 
vn -0.984252 0.181102 -0.0551181 
vn -0.0314961 0.740157 -0.677165 
vn -0.0393701 0.937008 -0.338583 
vn 0.0314961 0.740157 -0.677165 
vn 0.984252 0.181102 -0.0551181 
vn 0.0393701 0.937008 -0.338583 
vn -0.992126 0.133858 -0.0472441 
vn -0.992126 0.125984 0.0472441 
vn -0.992126 0.125984 0 
vn -0.0393701 0.929134 0.370079 
vn -0.0393701 1 0.00787402 
vn -0.0314961 0.724409 0.685039 
vn 0.0393701 1 0.00787402 
vn 0.0393701 0.929134 0.370079 
vn 0.0314961 0.724409 0.685039 
vn 0.992126 0.125984 0 
vn 0.992126 0.11811 0.0472441 
vn 0.992126 0.133858 -0.0472441 
vn 0 0 1 
vn 0 0 1 
vn 0 0 1 
vn 0 0 1 
vn 0 0 -1 
vn 0 0 -1 
vn 0 0 -1 
vn 0 0 -1 
vn -1 0 0 
vn -1 0 0 
vn -1 0 0 
vn -1 0 0 
vn 1 0 0 
vn 1 0 0 
vn 1 0 0 
vn 1 0 0 

vt 0.934791 0.549541 
vt 0.934791 0.595369 
vt 0.931566 0.595369 
vt 0.931566 0.549541 
vt 0.993354 0.549541 
vt 0.993354 0.595369 
vt 0.990371 0.595369 
vt 0.990371 0.549541 
vt 0.866452 0.595449 
vt 0.866452 0.549541 
vt 0.869734 0.549541 
vt 0.869734 0.595403 
vt 0.807185 0.595369 
vt 0.807185 0.549541 
vt 0.810983 0.549541 
vt 0.810983 0.595369 
vt 0.80894 0.544615 
vt 0.781248 0.544615 
vt 0.783344 0.542809 
vt 0.806846 0.542809 
vt 0.810363 0.543607 
vt 0.80894 0.544615 
vt 0.808053 0.54192 
vt 0.806846 0.541724 
vt 0.810363 0.514856 
vt 0.810363 0.543607 
vt 0.808053 0.516586 
vt 0.80894 0.513879 
vt 0.810363 0.514856 
vt 0.806846 0.515725 
vt 0.781248 0.513879 
vt 0.80894 0.513879 
vt 0.783343 0.515725 
vt 0.779844 0.514857 
vt 0.781248 0.513879 
vt 0.782152 0.516589 
vt 0.783343 0.516701 
vt 0.806846 0.516701 
vt 0.808053 0.517447 
vt 0.808053 0.540938 
vt 0.808053 0.538352 
vt 0.808053 0.520057 
vt 0.806846 0.519426 
vt 0.806846 0.524064 
vt 0.783343 0.519426 
vt 0.808053 0.524355 
vt 0.783344 0.524064 
vt 0.808053 0.534252 
vt 0.782152 0.520059 
vt 0.782152 0.517448 
vt 0.808053 0.529631 
vt 0.806846 0.534598 
vt 0.806846 0.529645 
vt 0.806846 0.539036 
vt 0.783344 0.529645 
vt 0.783344 0.534598 
vt 0.783344 0.539036 
vt 0.783344 0.541724 
vt 0.782152 0.529631 
vt 0.782152 0.524355 
vt 0.782152 0.534252 
vt 0.782152 0.538352 
vt 0.782152 0.540938 
vt 0.782152 0.54192 
vt 0.781248 0.544615 
vt 0.779844 0.543606 
vt 0.779844 0.543606 
vt 0.779844 0.514857 
vt 0.773707 0.544682 
vt 0.745958 0.544682 
vt 0.748059 0.542772 
vt 0.771608 0.542772 
vt 0.775132 0.5437 
vt 0.746864 0.541879 
vt 0.744552 0.543699 
vt 0.772818 0.541879 
vt 0.775132 0.514805 
vt 0.771608 0.541682 
vt 0.746864 0.516421 
vt 0.744552 0.514807 
vt 0.748058 0.541682 
vt 0.746864 0.540892 
vt 0.748057 0.515554 
vt 0.745958 0.513793 
vt 0.746864 0.517285 
vt 0.746864 0.538293 
vt 0.748058 0.516535 
vt 0.771608 0.515554 
vt 0.773707 0.513793 
vt 0.772818 0.516419 
vt 0.771608 0.516535 
vt 0.772818 0.517284 
vt 0.772818 0.540892 
vt 0.772818 0.538293 
vt 0.772818 0.519907 
vt 0.771608 0.519273 
vt 0.771608 0.523934 
vt 0.748058 0.519273 
vt 0.746864 0.519909 
vt 0.748058 0.523934 
vt 0.772818 0.524226 
vt 0.772818 0.534172 
vt 0.772818 0.529529 
vt 0.771608 0.53452 
vt 0.771608 0.529543 
vt 0.771608 0.538981 
vt 0.748058 0.529543 
vt 0.748058 0.53452 
vt 0.748058 0.538981 
vt 0.746864 0.529529 
vt 0.746864 0.534172 
vt 0.746864 0.524227 
vt 0.934791 0.595369 
vt 0.934791 0.549541 
vt 0.990371 0.549541 
vt 0.990371 0.595369 
vt 0.810983 0.595369 
vt 0.810983 0.549541 
vt 0.866452 0.549541 
vt 0.866452 0.595449 
vt 0.931551 0.549541 
vt 0.931551 0.595369 
vt 0.869734 0.595369 
vt 0.869734 0.549541 
vt 0.744676 0.595369 
vt 0.744676 0.549541 
vt 0.807185 0.549541 
vt 0.807185 0.595369 

usemtl Bacon1Mtl

f 862/862/862 863/863/863 864/864/864 
f 862/862/862 864/864/864 865/865/865 
f 866/866/866 867/867/867 868/868/868 
f 866/866/866 868/868/868 869/869/869 
f 870/870/870 871/871/871 872/872/872 
f 870/870/870 872/872/872 873/873/873 
f 874/874/874 875/875/875 876/876/876 
f 874/874/874 876/876/876 877/877/877 
f 878/878/878 879/879/879 880/880/880 
f 878/878/878 880/880/880 881/881/881 
f 882/882/882 883/883/883 881/881/881 
f 882/882/882 881/881/881 884/884/884 
f 885/885/885 881/881/881 880/880/880 
f 884/884/884 881/881/881 885/885/885 
f 886/886/886 887/887/887 884/884/884 
f 886/886/886 884/884/884 888/888/888 
f 889/889/889 890/890/890 888/888/888 
f 889/889/889 888/888/888 891/891/891 
f 892/892/892 893/893/893 891/891/891 
f 892/892/892 891/891/891 894/894/894 
f 895/895/895 896/896/896 894/894/894 
f 895/895/895 894/894/894 897/897/897 
f 898/898/898 894/894/894 891/891/891 
f 897/897/897 894/894/894 898/898/898 
f 899/899/899 891/891/891 888/888/888 
f 898/898/898 891/891/891 899/899/899 
f 899/899/899 888/888/888 900/900/900 
f 900/900/900 888/888/888 884/884/884 
f 900/900/900 884/884/884 901/901/901 
f 884/884/884 885/885/885 901/901/901 
f 900/900/900 901/901/901 902/902/902 
f 885/885/885 902/902/902 901/901/901 
f 899/899/899 900/900/900 903/903/903 
f 900/900/900 902/902/902 903/903/903 
f 899/899/899 903/903/903 904/904/904 
f 898/898/898 899/899/899 904/904/904 
f 903/903/903 905/905/905 904/904/904 
f 898/898/898 904/904/904 906/906/906 
f 906/906/906 904/904/904 905/905/905 
f 903/903/903 907/907/907 905/905/905 
f 907/907/907 903/903/903 902/902/902 
f 906/906/906 905/905/905 908/908/908 
f 907/907/907 902/902/902 909/909/909 
f 898/898/898 906/906/906 910/910/910 
f 910/910/910 906/906/906 908/908/908 
f 898/898/898 910/910/910 911/911/911 
f 897/897/897 898/898/898 911/911/911 
f 907/907/907 909/909/909 912/912/912 
f 905/905/905 907/907/907 912/912/912 
f 902/902/902 913/913/913 909/909/909 
f 913/913/913 912/912/912 909/909/909 
f 905/905/905 912/912/912 914/914/914 
f 913/913/913 914/914/914 912/912/912 
f 908/908/908 905/905/905 914/914/914 
f 902/902/902 915/915/915 913/913/913 
f 885/885/885 915/915/915 902/902/902 
f 913/913/913 916/916/916 914/914/914 
f 908/908/908 914/914/914 916/916/916 
f 915/915/915 917/917/917 913/913/913 
f 913/913/913 917/917/917 916/916/916 
f 885/885/885 918/918/918 915/915/915 
f 915/915/915 918/918/918 917/917/917 
f 885/885/885 919/919/919 918/918/918 
f 885/885/885 880/880/880 919/919/919 
f 908/908/908 916/916/916 920/920/920 
f 917/917/917 920/920/920 916/916/916 
f 908/908/908 920/920/920 921/921/921 
f 910/910/910 908/908/908 921/921/921 
f 917/917/917 922/922/922 920/920/920 
f 921/921/921 920/920/920 922/922/922 
f 921/921/921 923/923/923 910/910/910 
f 921/921/921 922/922/922 923/923/923 
f 923/923/923 922/922/922 917/917/917 
f 923/923/923 917/917/917 918/918/918 
f 919/919/919 923/923/923 918/918/918 
f 911/911/911 910/910/910 923/923/923 
f 911/911/911 923/923/923 924/924/924 
f 919/919/919 924/924/924 923/923/923 
f 924/924/924 897/897/897 911/911/911 
f 919/919/919 925/925/925 924/924/924 
f 924/924/924 925/925/925 897/897/897 
f 919/919/919 880/880/880 925/925/925 
f 926/926/926 925/925/925 880/880/880 
f 926/926/926 927/927/927 925/925/925 
f 928/928/928 897/897/897 925/925/925 
f 928/928/928 929/929/929 897/897/897 
f 930/930/930 931/931/931 932/932/932 
f 930/930/930 932/932/932 933/933/933 
f 934/934/934 930/930/930 933/933/933 
f 931/931/931 935/935/935 932/932/932 
f 931/931/931 936/936/936 935/935/935 
f 934/934/934 933/933/933 937/937/937 
f 938/938/938 934/934/934 937/937/937 
f 939/939/939 933/933/933 932/932/932 
f 937/937/937 933/933/933 939/939/939 
f 936/936/936 940/940/940 935/935/935 
f 936/936/936 941/941/941 940/940/940 
f 942/942/942 932/932/932 935/935/935 
f 939/939/939 932/932/932 942/942/942 
f 942/942/942 935/935/935 943/943/943 
f 943/943/943 935/935/935 940/940/940 
f 941/941/941 944/944/944 940/940/940 
f 941/941/941 945/945/945 944/944/944 
f 943/943/943 940/940/940 946/946/946 
f 942/942/942 943/943/943 947/947/947 
f 946/946/946 947/947/947 943/943/943 
f 940/940/940 948/948/948 946/946/946 
f 940/940/940 944/944/944 948/948/948 
f 945/945/945 949/949/949 944/944/944 
f 948/948/948 944/944/944 949/949/949 
f 945/945/945 950/950/950 949/949/949 
f 950/950/950 951/951/951 949/949/949 
f 950/950/950 938/938/938 951/951/951 
f 938/938/938 937/937/937 951/951/951 
f 952/952/952 949/949/949 951/951/951 
f 948/948/948 949/949/949 952/952/952 
f 953/953/953 951/951/951 937/937/937 
f 952/952/952 951/951/951 953/953/953 
f 953/953/953 937/937/937 954/954/954 
f 937/937/937 939/939/939 954/954/954 
f 953/953/953 954/954/954 955/955/955 
f 939/939/939 955/955/955 954/954/954 
f 952/952/952 953/953/953 956/956/956 
f 953/953/953 955/955/955 956/956/956 
f 952/952/952 956/956/956 957/957/957 
f 948/948/948 952/952/952 957/957/957 
f 956/956/956 958/958/958 957/957/957 
f 948/948/948 957/957/957 959/959/959 
f 959/959/959 957/957/957 958/958/958 
f 948/948/948 959/959/959 960/960/960 
f 948/948/948 960/960/960 946/946/946 
f 960/960/960 959/959/959 961/961/961 
f 959/959/959 958/958/958 961/961/961 
f 946/946/946 960/960/960 947/947/947 
f 956/956/956 962/962/962 958/958/958 
f 962/962/962 956/956/956 955/955/955 
f 962/962/962 955/955/955 963/963/963 
f 958/958/958 962/962/962 964/964/964 
f 962/962/962 963/963/963 964/964/964 
f 955/955/955 965/965/965 963/963/963 
f 965/965/965 964/964/964 963/963/963 
f 958/958/958 964/964/964 966/966/966 
f 965/965/965 966/966/966 964/964/964 
f 961/961/961 958/958/958 966/966/966 
f 955/955/955 967/967/967 965/965/965 
f 939/939/939 967/967/967 955/955/955 
f 965/965/965 968/968/968 966/966/966 
f 961/961/961 966/966/966 968/968/968 
f 967/967/967 969/969/969 965/965/965 
f 965/965/965 969/969/969 968/968/968 
f 939/939/939 970/970/970 967/967/967 
f 967/967/967 970/970/970 969/969/969 
f 939/939/939 942/942/942 970/970/970 
f 942/942/942 947/947/947 970/970/970 
f 947/947/947 969/969/969 970/970/970 
f 969/969/969 971/971/971 968/968/968 
f 961/961/961 968/968/968 971/971/971 
f 947/947/947 972/972/972 969/969/969 
f 969/969/969 972/972/972 971/971/971 
f 973/973/973 972/972/972 947/947/947 
f 973/973/973 971/971/971 972/972/972 
f 961/961/961 971/971/971 973/973/973 
f 973/973/973 947/947/947 960/960/960 
f 960/960/960 961/961/961 973/973/973 
f 974/974/974 975/975/975 976/976/976 
f 974/974/974 976/976/976 977/977/977 
f 978/978/978 979/979/979 980/980/980 
f 978/978/978 980/980/980 981/981/981 
f 982/982/982 983/983/983 984/984/984 
f 982/982/982 984/984/984 985/985/985 
f 986/986/986 987/987/987 988/988/988 
f 986/986/986 988/988/988 989/989/989 

g Bacon6

v 2.66364 1.03553 2.40994 
v 2.63045 1.03553 2.43708 
v 2.63051 1.002 2.40991 
v 1.97588 1.03553 2.43708 
v 1.94225 1.03553 2.40994 
v 1.97586 1.002 2.40984 
v 1.94225 1.03553 2.40994 
v 1.97588 1.03553 2.43708 
v 1.97587 1.47382 2.43708 
v 1.94225 1.47382 2.40994 
v 2.66364 1.47382 2.40991 
v 2.63046 1.47382 2.43708 
v 2.63045 1.03553 2.43708 
v 2.66364 1.03553 2.40994 
v 1.97588 1.03553 2.43708 
v 2.63045 1.03553 2.43708 
v 2.63046 1.47382 2.43708 
v 1.97587 1.47382 2.43708 
v 2.63051 1.002 2.40991 
v 2.63045 1.03553 2.43708 
v 1.97588 1.03553 2.43708 
v 1.97586 1.002 2.40984 
v 2.63046 1.47382 2.43708 
v 2.57646 1.6139 2.35419 
v 2.02983 1.6139 2.35418 
v 2.53717 1.71939 2.27953 
v 1.97587 1.47382 2.43708 
v 2.06908 1.71939 2.27953 
v 2.51003 1.79839 2.15627 
v 2.0962 1.79839 2.15627 
v 2.50313 1.82206 2.01872 
v 2.10309 1.82206 2.01872 
v 2.51004 1.79963 1.86374 
v 2.0962 1.79963 1.86374 
v 2.53718 1.72023 1.73492 
v 2.06908 1.72023 1.73492 
v 2.57648 1.61427 1.65926 
v 2.63051 1.002 2.40991 
v 2.63044 1.002 1.58348 
v 2.66364 1.03563 1.61149 
v 2.66364 1.03553 2.40994 
v 1.97588 1.002 1.58349 
v 1.97586 1.002 2.40984 
v 1.94225 1.03553 2.40994 
v 1.94225 1.03553 1.61149 
v 2.63045 1.47309 1.58348 
v 2.57648 1.61427 1.65926 
v 2.61456 1.60544 1.68 
v 2.66364 1.47377 1.6115 
v 2.57899 1.70304 1.75249 
v 2.53718 1.72023 1.73492 
v 2.51004 1.79963 1.86374 
v 2.55254 1.77849 1.87182 
v 2.54422 1.79749 2.01835 
v 2.50313 1.82206 2.01872 
v 2.51003 1.79839 2.15627 
v 2.55254 1.77731 2.14666 
v 2.57899 1.70182 2.26052 
v 2.53717 1.71939 2.27953 
v 2.57646 1.6139 2.35419 
v 2.61456 1.60483 2.33236 
v 2.66364 1.47382 2.40991 
v 2.61456 1.60483 2.33236 
v 2.61456 1.60544 1.68 
v 2.57899 1.70182 2.26052 
v 2.57899 1.70304 1.75249 
v 2.55254 1.77849 1.87182 
v 2.55254 1.77731 2.14666 
v 2.54422 1.79749 2.01835 
v 2.62938 1.002 1.50162 
v 2.59936 1.002 1.4165 
v 2.63045 1.03553 1.40068 
v 2.5528 1.002 1.3371 
v 2.66363 1.03553 1.48959 
v 2.66364 1.03553 1.61149 
v 2.62938 1.002 1.58349 
v 2.57901 1.03553 1.3162 
v 2.52142 1.03553 1.26245 
v 2.50068 1.002 1.28606 
v 2.43819 1.002 1.25214 
v 2.45237 1.03553 1.22582 
v 2.377 1.03553 1.20361 
v 2.36997 1.002 1.23101 
v 2.30299 1.03553 1.19408 
v 2.30299 1.002 1.2223 
v 2.22897 1.03553 1.20361 
v 2.236 1.002 1.23101 
v 2.1536 1.03553 1.22582 
v 2.16779 1.002 1.25214 
v 2.10529 1.002 1.28606 
v 2.08455 1.03553 1.26245 
v 2.02696 1.03553 1.3162 
v 2.05317 1.002 1.3371 
v 2.00662 1.002 1.4165 
v 1.97553 1.03553 1.40068 
v 1.97659 1.002 1.50162 
v 1.94235 1.03553 1.48959 
v 1.94234 1.03553 1.61149 
v 1.97659 1.002 1.58349 
v 1.94225 1.03553 1.61149 
v 1.94225 1.03553 2.40994 
v 1.94225 1.47382 2.40994 
v 1.94225 1.47377 1.61148 
v 2.66364 1.47377 1.6115 
v 2.66364 1.47382 2.40991 
v 2.66364 1.03553 2.40994 
v 2.66364 1.03563 1.61149 
v 2.63044 1.002 1.58348 
v 2.63051 1.002 2.40991 
v 1.97586 1.002 2.40984 
v 1.97588 1.002 1.58349 
v 2.62938 1.002 1.50162 
v 2.30299 1.002 1.58349 
v 2.59936 1.002 1.4165 
v 2.62938 1.002 1.58349 
v 2.5528 1.002 1.3371 
v 2.50068 1.002 1.28606 
v 2.43819 1.002 1.25214 
v 2.36997 1.002 1.23101 
v 2.30299 1.002 1.2223 
v 2.236 1.002 1.23101 
v 2.16779 1.002 1.25214 
v 2.10529 1.002 1.28606 
v 2.05317 1.002 1.3371 
v 2.00662 1.002 1.4165 
v 1.97659 1.002 1.50162 
v 1.97659 1.002 1.58349 
v 2.66364 1.03563 1.61149 
v 2.63044 1.002 1.58348 
v 2.63045 1.47309 1.58348 
v 2.66364 1.47377 1.6115 
v 1.97588 1.002 1.58349 
v 1.94225 1.03553 1.61149 
v 1.94225 1.47377 1.61148 
v 1.97587 1.47309 1.58348 
v 2.02983 1.61427 1.65926 
v 1.97587 1.47309 1.58348 
v 1.94225 1.47377 1.61148 
v 2.02983 1.61427 1.65926 
v 1.99136 1.60544 1.67996 
v 2.02693 1.70304 1.75246 
v 2.06908 1.72023 1.73492 
v 2.0962 1.79963 1.86374 
v 2.05338 1.77849 1.8718 
v 2.0617 1.79749 2.01835 
v 2.10309 1.82206 2.01872 
v 2.0962 1.79839 2.15627 
v 2.05338 1.77731 2.14666 
v 2.02693 1.70182 2.26053 
v 2.06908 1.71939 2.27953 
v 2.02983 1.6139 2.35418 
v 1.99136 1.60483 2.33236 
v 1.94225 1.47382 2.40994 
v 1.99136 1.60544 1.67996 
v 1.99136 1.60483 2.33236 
v 2.02693 1.70182 2.26053 
v 2.02693 1.70304 1.75246 
v 2.05338 1.77849 1.8718 
v 2.05338 1.77731 2.14666 
v 2.0617 1.79749 2.01835 
v 2.66363 1.03553 1.48959 
v 2.63045 1.03553 1.40068 
v 2.63045 1.11603 1.41669 
v 2.57901 1.14836 1.33865 
v 2.57901 1.03553 1.3162 
v 2.66363 1.08059 1.50048 
v 2.66364 1.03553 1.61149 
v 2.63045 1.18427 1.4623 
v 2.66363 1.1146 1.52414 
v 2.66363 1.14249 1.56526 
v 2.66364 1.14813 1.61149 
v 2.63045 1.24588 1.61147 
v 2.63045 1.22987 1.53054 
v 2.57901 1.30792 1.49821 
v 2.57901 1.33037 1.61147 
v 2.57901 1.24401 1.40256 
v 2.52142 1.35684 1.4774 
v 2.52142 1.38241 1.61147 
v 2.45237 1.42075 1.61147 
v 2.52142 1.28089 1.36451 
v 2.45237 1.39143 1.46362 
v 2.377 1.44274 1.61147 
v 2.52142 1.16799 1.28973 
v 2.52142 1.03553 1.26245 
v 2.45237 1.03553 1.22582 
v 2.377 1.41388 1.45446 
v 2.30299 1.45249 1.61147 
v 2.45237 1.30792 1.33865 
v 2.45237 1.18295 1.25514 
v 2.377 1.32319 1.32169 
v 2.377 1.19193 1.23435 
v 2.377 1.03553 1.20361 
v 2.30299 1.19509 1.22582 
v 2.30299 1.03553 1.19408 
v 2.22897 1.03553 1.20361 
v 2.30299 1.42075 1.45148 
v 2.22897 1.44274 1.61147 
v 2.30299 1.33037 1.3162 
v 2.22897 1.41388 1.45446 
v 2.1536 1.42075 1.61147 
v 2.22897 1.19193 1.23435 
v 2.22897 1.32319 1.32169 
v 2.1536 1.39143 1.46362 
v 2.08455 1.35684 1.4774 
v 2.08455 1.38241 1.61147 
v 2.1536 1.30792 1.33865 
v 2.02696 1.33037 1.61147 
v 2.1536 1.18295 1.25514 
v 2.1536 1.03553 1.22582 
v 2.08455 1.28089 1.36451 
v 2.02696 1.30792 1.49821 
v 2.08455 1.16799 1.28973 
v 2.08455 1.03553 1.26245 
v 2.02696 1.14836 1.33865 
v 2.02696 1.03553 1.3162 
v 1.97553 1.22987 1.53054 
v 2.02696 1.24401 1.40256 
v 1.97553 1.11603 1.41669 
v 1.97553 1.03553 1.40068 
v 1.97553 1.18427 1.4623 
v 1.97553 1.24588 1.61147 
v 1.94235 1.1146 1.52414 
v 1.94235 1.08059 1.50048 
v 1.94235 1.03553 1.48959 
v 1.94234 1.03553 1.61149 
v 1.94235 1.14249 1.56526 
v 1.94234 1.14813 1.61149 
v 2.63044 1.002 1.58348 
v 1.97588 1.002 1.58349 
v 1.97587 1.47309 1.58348 
v 2.63045 1.47309 1.58348 

vn 0.535433 -0.527559 0.653543 
vn 0.535433 -0.527559 0.653543 
vn 0.535433 -0.527559 0.653543 
vn -0.527559 -0.535433 0.661417 
vn -0.527559 -0.535433 0.661417 
vn -0.527559 -0.535433 0.661417 
vn -0.629921 0 0.779528 
vn -0.629921 0 0.779528 
vn -0.629921 0 0.779528 
vn -0.629921 0 0.779528 
vn 0.629921 0 0.771654 
vn 0.629921 0 0.771654 
vn 0.629921 0 0.771654 
vn 0.629921 0 0.771654 
vn 0 0 1 
vn 0 0 1 
vn 0 0 1 
vn 0 0 1 
vn 0 -0.629921 0.779528 
vn 0 -0.629921 0.779528 
vn 0 -0.629921 0.779528 
vn 0 -0.629921 0.779528 
vn 0.181102 0.905512 0.393701 
vn 0 0.433071 0.905512 
vn 0 0.433071 0.905512 
vn 0 0.724409 0.692913 
vn -0.173228 0.905512 0.393701 
vn 0 0.724409 0.692913 
vn 0 0.929134 0.362205 
vn 0 0.929134 0.362205 
vn 0 1 0.015748 
vn 0 1 0.015748 
vn 0 0.937008 -0.338583 
vn 0 0.937008 -0.338583 
vn 0 0.732283 -0.685039 
vn 0 0.732283 -0.685039 
vn 0 0.417323 -0.905512 
vn 0.708661 -0.700787 0 
vn 0.708661 -0.700787 0 
vn 0.708661 -0.700787 0 
vn 0.708661 -0.700787 0 
vn -0.708661 -0.708661 0 
vn -0.708661 -0.708661 0 
vn -0.708661 -0.708661 0 
vn -0.708661 -0.708661 0 
vn 0.181102 0.889764 -0.417323 
vn 0.637795 0.322835 -0.700787 
vn 0.637795 0.322835 -0.692913 
vn 0.377953 0.905512 -0.204724 
vn 0.637795 0.566929 -0.519685 
vn 0.637795 0.559055 -0.527559 
vn 0.645669 0.716535 -0.259843 
vn 0.645669 0.724409 -0.259843 
vn 0.637795 0.76378 0.00787402 
vn 0.637795 0.76378 0.00787402 
vn 0.653543 0.708661 0.275591 
vn 0.653543 0.708661 0.267717 
vn 0.661417 0.551181 0.519685 
vn 0.661417 0.543307 0.519685 
vn 0.653543 0.322835 0.685039 
vn 0.653543 0.330709 0.677165 
vn 0.370079 0.905512 0.188976 
vn 1 0 0 
vn 1 0 0 
vn 1 0 0 
vn 1 0 0 
vn 1 0 0 
vn 1 0 0 
vn 1 0 0 
vn 0.677165 -0.724409 -0.110236 
vn 0.622047 -0.724409 -0.299213 
vn 0.622047 -0.724409 -0.299213 
vn 0.551181 -0.708661 -0.440945 
vn 0.677165 -0.724409 -0.125984 
vn 0.700787 -0.716535 0 
vn 0.700787 -0.716535 0 
vn 0.551181 -0.708661 -0.440945 
vn 0.433071 -0.685039 -0.590551 
vn 0.425197 -0.685039 -0.590551 
vn 0.283465 -0.661417 -0.692913 
vn 0.291339 -0.661417 -0.692913 
vn 0.15748 -0.645669 -0.748031 
vn 0.15748 -0.645669 -0.748031 
vn 0 -0.645669 -0.76378 
vn 0 -0.645669 -0.76378 
vn -0.15748 -0.645669 -0.748031 
vn -0.15748 -0.645669 -0.748031 
vn -0.291339 -0.661417 -0.692913 
vn -0.283465 -0.661417 -0.692913 
vn -0.425197 -0.685039 -0.590551 
vn -0.433071 -0.685039 -0.590551 
vn -0.551181 -0.708661 -0.440945 
vn -0.551181 -0.708661 -0.440945 
vn -0.622047 -0.724409 -0.299213 
vn -0.622047 -0.724409 -0.299213 
vn -0.677165 -0.724409 -0.110236 
vn -0.677165 -0.724409 -0.125984 
vn -0.700787 -0.716535 0 
vn -0.700787 -0.716535 0 
vn -1 0 0 
vn -1 0 0 
vn -1 0 0 
vn -1 0 0 
vn 1 0 0 
vn 1 0 0 
vn 1 0 0 
vn 1 0 0 
vn 0 -1 0 
vn 0 -1 0 
vn 0 -1 0 
vn 0 -1 0 
vn 0 -1 0 
vn 0 -1 0 
vn 0 -1 0 
vn 0 -1 0 
vn 0 -1 0 
vn 0 -1 0 
vn 0 -1 0 
vn 0 -1 0 
vn 0 -1 0 
vn 0 -1 0 
vn 0 -1 0 
vn 0 -1 0 
vn 0 -1 0 
vn 0 -1 0 
vn 0 -1 0 
vn 0 -1 0 
vn 0.645669 0 -0.76378 
vn 0.645669 0 -0.76378 
vn 0.645669 0 -0.76378 
vn 0.645669 0 -0.76378 
vn -0.637795 0 -0.771654 
vn -0.637795 0 -0.771654 
vn -0.637795 0 -0.771654 
vn -0.637795 0 -0.771654 
vn 0 0.417323 -0.905512 
vn -0.181102 0.889764 -0.417323 
vn -0.377953 0.905512 -0.204724 
vn -0.629921 0.322835 -0.700787 
vn -0.629921 0.330709 -0.700787 
vn -0.637795 0.566929 -0.527559 
vn -0.637795 0.559055 -0.527559 
vn -0.637795 0.724409 -0.259843 
vn -0.637795 0.724409 -0.259843 
vn -0.637795 0.771654 0.00787402 
vn -0.637795 0.771654 0.00787402 
vn -0.645669 0.708661 0.275591 
vn -0.645669 0.716535 0.275591 
vn -0.653543 0.551181 0.519685 
vn -0.653543 0.543307 0.527559 
vn -0.653543 0.322835 0.685039 
vn -0.653543 0.330709 0.685039 
vn -0.370079 0.905512 0.19685 
vn -1 0 0 
vn -1 0 0 
vn -1 0 0 
vn -1 0 0 
vn -1 0 0 
vn -1 0 0 
vn -1 0 0 
vn 0.976378 0.0393701 -0.19685 
vn 0.889764 0.0866142 -0.440945 
vn 0.897638 0.173228 -0.409449 
vn 0.76378 0.244094 -0.598425 
vn 0.755906 0.125984 -0.637795 
vn 0.984252 0.0787402 -0.181102 
vn 1 0 0 
vn 0.897638 0.314961 -0.314961 
vn 0.984252 0.133858 -0.133858 
vn 0.984252 0.181102 -0.0708661 
vn 0.984252 0.181102 -0.0314961 
vn 0.897638 0.433071 -0.0787402 
vn 0.897638 0.401575 -0.165354 
vn 0.76378 0.598425 -0.244094 
vn 0.755906 0.637795 -0.125984 
vn 0.76378 0.456693 -0.456693 
vn 0.574803 0.755906 -0.314961 
vn 0.566929 0.811024 -0.15748 
vn 0.377953 0.905512 -0.173228 
vn 0.574803 0.574803 -0.582677 
vn 0.385827 0.850394 -0.354331 
vn 0.19685 0.96063 -0.181102 
vn 0.574803 0.314961 -0.755906 
vn 0.566929 0.165354 -0.811024 
vn 0.370079 0.181102 -0.913386 
vn 0.204724 0.905512 -0.370079 
vn 0 0.984252 -0.188976 
vn 0.385827 0.653543 -0.653543 
vn 0.377953 0.354331 -0.858268 
vn 0.204724 0.685039 -0.692913 
vn 0.204724 0.377953 -0.905512 
vn 0.19685 0.188976 -0.96063 
vn 0 0.377953 -0.92126 
vn 0 0.19685 -0.984252 
vn -0.19685 0.188976 -0.96063 
vn 0 0.92126 -0.377953 
vn -0.19685 0.96063 -0.181102 
vn 0 0.708661 -0.708661 
vn -0.204724 0.905512 -0.370079 
vn -0.377953 0.905512 -0.173228 
vn -0.204724 0.377953 -0.905512 
vn -0.204724 0.685039 -0.692913 
vn -0.385827 0.850394 -0.354331 
vn -0.574803 0.755906 -0.314961 
vn -0.566929 0.811024 -0.15748 
vn -0.385827 0.653543 -0.653543 
vn -0.755906 0.637795 -0.125984 
vn -0.377953 0.354331 -0.858268 
vn -0.370079 0.181102 -0.913386 
vn -0.574803 0.574803 -0.582677 
vn -0.76378 0.598425 -0.244094 
vn -0.574803 0.314961 -0.755906 
vn -0.566929 0.165354 -0.811024 
vn -0.76378 0.244094 -0.598425 
vn -0.755906 0.125984 -0.637795 
vn -0.897638 0.401575 -0.165354 
vn -0.76378 0.456693 -0.456693 
vn -0.897638 0.173228 -0.409449 
vn -0.889764 0.0866142 -0.440945 
vn -0.897638 0.314961 -0.314961 
vn -0.897638 0.433071 -0.0787402 
vn -0.984252 0.133858 -0.133858 
vn -0.984252 0.0787402 -0.181102 
vn -0.976378 0.0393701 -0.19685 
vn -1 0 0 
vn -0.984252 0.181102 -0.0708661 
vn -0.984252 0.181102 -0.0314961 
vn 0 0 -1 
vn 0 0 -1 
vn 0 0 -1 
vn 0 0 -1 

vt 0.997637 0.449628 
vt 0.997637 0.447525 
vt 0.994013 0.449628 
vt 0.936211 0.447525 
vt 0.936211 0.449628 
vt 0.939746 0.449628 
vt 0.806406 0.474807 
vt 0.803268 0.474807 
vt 0.803268 0.489912 
vt 0.806406 0.489912 
vt 0.744416 0.489912 
vt 0.747938 0.489912 
vt 0.747938 0.474807 
vt 0.744416 0.474807 
vt 0.803268 0.474807 
vt 0.747938 0.474807 
vt 0.747938 0.489912 
vt 0.803268 0.489912 
vt 0.994013 0.449628 
vt 0.997637 0.447525 
vt 0.936211 0.447525 
vt 0.939746 0.449628 
vt 0.930002 0.489914 
vt 0.927885 0.486942 
vt 0.904143 0.486942 
vt 0.927885 0.484265 
vt 0.902027 0.489914 
vt 0.904143 0.484265 
vt 0.927885 0.479846 
vt 0.904143 0.479846 
vt 0.927885 0.474914 
vt 0.904143 0.474914 
vt 0.927885 0.469357 
vt 0.904143 0.469357 
vt 0.927886 0.464738 
vt 0.904143 0.464738 
vt 0.927886 0.462025 
vt 0.994013 0.449628 
vt 0.994013 0.48915 
vt 0.997637 0.48915 
vt 0.997637 0.449628 
vt 0.939746 0.48915 
vt 0.939746 0.449628 
vt 0.936211 0.449628 
vt 0.936152 0.48915 
vt 0.930002 0.459308 
vt 0.927886 0.462025 
vt 0.929089 0.462769 
vt 0.93142 0.460312 
vt 0.929089 0.465368 
vt 0.927886 0.464738 
vt 0.927885 0.469357 
vt 0.929089 0.469646 
vt 0.929089 0.4749 
vt 0.927885 0.474914 
vt 0.927885 0.479846 
vt 0.929089 0.479501 
vt 0.929089 0.483584 
vt 0.927885 0.484265 
vt 0.927885 0.486942 
vt 0.929089 0.48616 
vt 0.93142 0.48894 
vt 0.929089 0.48616 
vt 0.929089 0.462769 
vt 0.929089 0.483584 
vt 0.929089 0.465368 
vt 0.929089 0.469646 
vt 0.929089 0.479501 
vt 0.929089 0.4749 
vt 0.99386 0.494533 
vt 0.99386 0.499872 
vt 0.997637 0.50162 
vt 0.99386 0.507365 
vt 0.997637 0.49528 
vt 0.997637 0.48915 
vt 0.993964 0.48915 
vt 0.997637 0.5094 
vt 0.989552 0.5094 
vt 0.986844 0.507365 
vt 0.980558 0.507365 
vt 0.982407 0.5094 
vt 0.974565 0.5094 
vt 0.973698 0.507365 
vt 0.966906 0.5094 
vt 0.967028 0.507365 
vt 0.959246 0.5094 
vt 0.960153 0.507365 
vt 0.95132 0.5094 
vt 0.953145 0.507365 
vt 0.9469 0.507365 
vt 0.944224 0.5094 
vt 0.936152 0.5094 
vt 0.939849 0.507365 
vt 0.939849 0.499877 
vt 0.936152 0.501671 
vt 0.939849 0.494584 
vt 0.936152 0.495324 
vt 0.936152 0.48915 
vt 0.939739 0.48915 
vt 0.806712 0.494666 
vt 0.744775 0.494666 
vt 0.744775 0.5091 
vt 0.806712 0.5091 
vt 0.868986 0.5091 
vt 0.931021 0.5091 
vt 0.931021 0.494666 
vt 0.868986 0.494666 
vt 0.994013 0.48915 
vt 0.994013 0.449628 
vt 0.939746 0.449628 
vt 0.939746 0.48915 
vt 0.99386 0.494533 
vt 0.966847 0.48915 
vt 0.99386 0.499872 
vt 0.993964 0.48915 
vt 0.99386 0.507365 
vt 0.986844 0.507365 
vt 0.980558 0.507365 
vt 0.973698 0.507365 
vt 0.967028 0.507365 
vt 0.960153 0.507365 
vt 0.953145 0.507365 
vt 0.9469 0.507365 
vt 0.939849 0.507365 
vt 0.939849 0.499877 
vt 0.939849 0.494584 
vt 0.939739 0.48915 
vt 0.868986 0.494666 
vt 0.865401 0.494666 
vt 0.865401 0.5091 
vt 0.868986 0.5091 
vt 0.810043 0.494666 
vt 0.806712 0.494666 
vt 0.806712 0.5091 
vt 0.810043 0.5091 
vt 0.904143 0.462025 
vt 0.902027 0.459308 
vt 0.90059 0.460312 
vt 0.904143 0.462025 
vt 0.902923 0.462767 
vt 0.902923 0.465367 
vt 0.904143 0.464738 
vt 0.904143 0.469357 
vt 0.902923 0.469646 
vt 0.902923 0.4749 
vt 0.904143 0.474914 
vt 0.904143 0.479846 
vt 0.902923 0.479501 
vt 0.902923 0.483584 
vt 0.904143 0.484265 
vt 0.904143 0.486942 
vt 0.902923 0.48616 
vt 0.90059 0.488941 
vt 0.902923 0.462767 
vt 0.902923 0.48616 
vt 0.902923 0.483584 
vt 0.902923 0.465367 
vt 0.902923 0.469646 
vt 0.902923 0.479501 
vt 0.902923 0.4749 
vt 0.865401 0.494666 
vt 0.861136 0.494666 
vt 0.861136 0.497029 
vt 0.856301 0.497333 
vt 0.856301 0.494666 
vt 0.865401 0.496037 
vt 0.868986 0.494666 
vt 0.861136 0.499141 
vt 0.866348 0.497322 
vt 0.867898 0.498417 
vt 0.868986 0.498501 
vt 0.861136 0.504081 
vt 0.861136 0.501371 
vt 0.856301 0.503006 
vt 0.856301 0.506795 
vt 0.856301 0.49962 
vt 0.85193 0.503515 
vt 0.85193 0.507905 
vt 0.847484 0.508479 
vt 0.85193 0.499899 
vt 0.847484 0.503907 
vt 0.842759 0.508855 
vt 0.85193 0.497588 
vt 0.85193 0.494666 
vt 0.847484 0.494666 
vt 0.842759 0.504094 
vt 0.838252 0.508951 
vt 0.847484 0.50017 
vt 0.847484 0.497757 
vt 0.842759 0.500406 
vt 0.842759 0.497783 
vt 0.842759 0.494666 
vt 0.838252 0.497797 
vt 0.838252 0.494666 
vt 0.833353 0.494666 
vt 0.838252 0.504165 
vt 0.833353 0.50883 
vt 0.838252 0.500416 
vt 0.833353 0.504062 
vt 0.828654 0.508428 
vt 0.833353 0.497787 
vt 0.833353 0.500389 
vt 0.828654 0.503835 
vt 0.824036 0.503411 
vt 0.824036 0.507826 
vt 0.828654 0.500136 
vt 0.819363 0.50667 
vt 0.828654 0.497768 
vt 0.828654 0.494666 
vt 0.824036 0.499847 
vt 0.819363 0.502849 
vt 0.824036 0.497605 
vt 0.824036 0.494666 
vt 0.819363 0.497356 
vt 0.819363 0.494666 
vt 0.814658 0.501105 
vt 0.819363 0.49955 
vt 0.814658 0.496886 
vt 0.814658 0.494666 
vt 0.814658 0.499045 
vt 0.814658 0.503888 
vt 0.809661 0.497322 
vt 0.810043 0.496037 
vt 0.810043 0.494666 
vt 0.806712 0.494666 
vt 0.808707 0.498417 
vt 0.806712 0.498501 
vt 0.865401 0.494666 
vt 0.810043 0.494666 
vt 0.810043 0.5091 
vt 0.865401 0.5091 

usemtl Bacon1Mtl

f 990/990/990 991/991/991 992/992/992 
f 993/993/993 994/994/994 995/995/995 
f 996/996/996 997/997/997 998/998/998 
f 996/996/996 998/998/998 999/999/999 
f 1000/1000/1000 1001/1001/1001 1002/1002/1002 
f 1000/1000/1000 1002/1002/1002 1003/1003/1003 
f 1004/1004/1004 1005/1005/1005 1006/1006/1006 
f 1004/1004/1004 1006/1006/1006 1007/1007/1007 
f 1008/1008/1008 1009/1009/1009 1010/1010/1010 
f 1008/1008/1008 1010/1010/1010 1011/1011/1011 
f 1012/1012/1012 1013/1013/1013 1014/1014/1014 
f 1014/1014/1014 1013/1013/1013 1015/1015/1015 
f 1012/1012/1012 1014/1014/1014 1016/1016/1016 
f 1014/1014/1014 1015/1015/1015 1017/1017/1017 
f 1017/1017/1017 1015/1015/1015 1018/1018/1018 
f 1017/1017/1017 1018/1018/1018 1019/1019/1019 
f 1019/1019/1019 1018/1018/1018 1020/1020/1020 
f 1019/1019/1019 1020/1020/1020 1021/1021/1021 
f 1022/1022/1022 1021/1021/1021 1020/1020/1020 
f 1022/1022/1022 1023/1023/1023 1021/1021/1021 
f 1024/1024/1024 1023/1023/1023 1022/1022/1022 
f 1024/1024/1024 1025/1025/1025 1023/1023/1023 
f 1026/1026/1026 1025/1025/1025 1024/1024/1024 
f 1027/1027/1027 1028/1028/1028 1029/1029/1029 
f 1027/1027/1027 1029/1029/1029 1030/1030/1030 
f 1031/1031/1031 1032/1032/1032 1033/1033/1033 
f 1031/1031/1031 1033/1033/1033 1034/1034/1034 
f 1035/1035/1035 1036/1036/1036 1037/1037/1037 
f 1035/1035/1035 1037/1037/1037 1038/1038/1038 
f 1036/1036/1036 1039/1039/1039 1037/1037/1037 
f 1036/1036/1036 1040/1040/1040 1039/1039/1039 
f 1039/1039/1039 1040/1040/1040 1041/1041/1041 
f 1039/1039/1039 1041/1041/1041 1042/1042/1042 
f 1041/1041/1041 1043/1043/1043 1042/1042/1042 
f 1041/1041/1041 1044/1044/1044 1043/1043/1043 
f 1045/1045/1045 1043/1043/1043 1044/1044/1044 
f 1045/1045/1045 1046/1046/1046 1043/1043/1043 
f 1047/1047/1047 1046/1046/1046 1045/1045/1045 
f 1047/1047/1047 1045/1045/1045 1048/1048/1048 
f 1049/1049/1049 1047/1047/1047 1048/1048/1048 
f 1049/1049/1049 1050/1050/1050 1047/1047/1047 
f 1051/1051/1051 1050/1050/1050 1049/1049/1049 
f 1051/1051/1051 1049/1049/1049 1012/1012/1012 
f 1038/1038/1038 1052/1052/1052 1051/1051/1051 
f 1038/1038/1038 1053/1053/1053 1052/1052/1052 
f 1053/1053/1053 1054/1054/1054 1052/1052/1052 
f 1053/1053/1053 1055/1055/1055 1054/1054/1054 
f 1056/1056/1056 1054/1054/1054 1055/1055/1055 
f 1056/1056/1056 1057/1057/1057 1054/1054/1054 
f 1056/1056/1056 1058/1058/1058 1057/1057/1057 
f 1059/1059/1059 1060/1060/1060 1061/1061/1061 
f 1062/1062/1062 1061/1061/1061 1060/1060/1060 
f 1059/1059/1059 1061/1061/1061 1063/1063/1063 
f 1059/1059/1059 1063/1063/1063 1064/1064/1064 
f 1059/1059/1059 1064/1064/1064 1065/1065/1065 
f 1062/1062/1062 1066/1066/1066 1061/1061/1061 
f 1067/1067/1067 1066/1066/1066 1062/1062/1062 
f 1067/1067/1067 1062/1062/1062 1068/1068/1068 
f 1067/1067/1067 1068/1068/1068 1069/1069/1069 
f 1067/1067/1067 1069/1069/1069 1070/1070/1070 
f 1071/1071/1071 1070/1070/1070 1069/1069/1069 
f 1071/1071/1071 1069/1069/1069 1072/1072/1072 
f 1072/1072/1072 1073/1073/1073 1071/1071/1071 
f 1072/1072/1072 1074/1074/1074 1073/1073/1073 
f 1074/1074/1074 1075/1075/1075 1073/1073/1073 
f 1074/1074/1074 1076/1076/1076 1075/1075/1075 
f 1077/1077/1077 1075/1075/1075 1076/1076/1076 
f 1077/1077/1077 1076/1076/1076 1078/1078/1078 
f 1077/1077/1077 1078/1078/1078 1079/1079/1079 
f 1077/1077/1077 1079/1079/1079 1080/1080/1080 
f 1079/1079/1079 1081/1081/1081 1080/1080/1080 
f 1079/1079/1079 1082/1082/1082 1081/1081/1081 
f 1083/1083/1083 1081/1081/1081 1082/1082/1082 
f 1083/1083/1083 1084/1084/1084 1081/1081/1081 
f 1084/1084/1084 1083/1083/1083 1085/1085/1085 
f 1084/1084/1084 1085/1085/1085 1086/1086/1086 
f 1087/1087/1087 1086/1086/1086 1085/1085/1085 
f 1087/1087/1087 1085/1085/1085 1088/1088/1088 
f 1089/1089/1089 1090/1090/1090 1091/1091/1091 
f 1089/1089/1089 1091/1091/1091 1092/1092/1092 
f 1093/1093/1093 1094/1094/1094 1095/1095/1095 
f 1093/1093/1093 1095/1095/1095 1096/1096/1096 
f 1097/1097/1097 1098/1098/1098 1099/1099/1099 
f 1097/1097/1097 1099/1099/1099 1100/1100/1100 
f 1101/1101/1101 1102/1102/1102 1103/1103/1103 
f 1104/1104/1104 1102/1102/1102 1101/1101/1101 
f 1103/1103/1103 1102/1102/1102 1105/1105/1105 
f 1105/1105/1105 1102/1102/1102 1106/1106/1106 
f 1106/1106/1106 1102/1102/1102 1107/1107/1107 
f 1107/1107/1107 1102/1102/1102 1108/1108/1108 
f 1108/1108/1108 1102/1102/1102 1109/1109/1109 
f 1109/1109/1109 1102/1102/1102 1110/1110/1110 
f 1110/1110/1110 1102/1102/1102 1111/1111/1111 
f 1111/1111/1111 1102/1102/1102 1112/1112/1112 
f 1112/1112/1112 1102/1102/1102 1113/1113/1113 
f 1113/1113/1113 1102/1102/1102 1114/1114/1114 
f 1114/1114/1114 1102/1102/1102 1115/1115/1115 
f 1115/1115/1115 1102/1102/1102 1116/1116/1116 
f 1117/1117/1117 1118/1118/1118 1119/1119/1119 
f 1117/1117/1117 1119/1119/1119 1120/1120/1120 
f 1121/1121/1121 1122/1122/1122 1123/1123/1123 
f 1121/1121/1121 1123/1123/1123 1124/1124/1124 
f 1026/1026/1026 1125/1125/1125 1025/1025/1025 
f 1126/1126/1126 1125/1125/1125 1026/1026/1026 
f 1126/1126/1126 1026/1026/1026 1035/1035/1035 
f 1127/1127/1127 1128/1128/1128 1126/1126/1126 
f 1127/1127/1127 1129/1129/1129 1128/1128/1128 
f 1128/1128/1128 1129/1129/1129 1130/1130/1130 
f 1128/1128/1128 1130/1130/1130 1131/1131/1131 
f 1130/1130/1130 1132/1132/1132 1131/1131/1131 
f 1130/1130/1130 1133/1133/1133 1132/1132/1132 
f 1132/1132/1132 1133/1133/1133 1134/1134/1134 
f 1132/1132/1132 1134/1134/1134 1135/1135/1135 
f 1136/1136/1136 1135/1135/1135 1134/1134/1134 
f 1136/1136/1136 1134/1134/1134 1137/1137/1137 
f 1138/1138/1138 1136/1136/1136 1137/1137/1137 
f 1138/1138/1138 1139/1139/1139 1136/1136/1136 
f 1140/1140/1140 1139/1139/1139 1138/1138/1138 
f 1140/1140/1140 1138/1138/1138 1141/1141/1141 
f 1016/1016/1016 1140/1140/1140 1141/1141/1141 
f 1016/1016/1016 1141/1141/1141 1142/1142/1142 
f 1142/1142/1142 1143/1143/1143 1127/1127/1127 
f 1142/1142/1142 1144/1144/1144 1143/1143/1143 
f 1143/1143/1143 1144/1144/1144 1145/1145/1145 
f 1143/1143/1143 1145/1145/1145 1146/1146/1146 
f 1147/1147/1147 1146/1146/1146 1145/1145/1145 
f 1147/1147/1147 1145/1145/1145 1148/1148/1148 
f 1147/1147/1147 1148/1148/1148 1149/1149/1149 
f 1150/1150/1150 1151/1151/1151 1152/1152/1152 
f 1153/1153/1153 1152/1152/1152 1151/1151/1151 
f 1153/1153/1153 1151/1151/1151 1154/1154/1154 
f 1150/1150/1150 1152/1152/1152 1155/1155/1155 
f 1155/1155/1155 1156/1156/1156 1150/1150/1150 
f 1157/1157/1157 1155/1155/1155 1152/1152/1152 
f 1153/1153/1153 1157/1157/1157 1152/1152/1152 
f 1158/1158/1158 1156/1156/1156 1155/1155/1155 
f 1157/1157/1157 1158/1158/1158 1155/1155/1155 
f 1159/1159/1159 1156/1156/1156 1158/1158/1158 
f 1160/1160/1160 1156/1156/1156 1159/1159/1159 
f 1159/1159/1159 1161/1161/1161 1160/1160/1160 
f 1162/1162/1162 1159/1159/1159 1158/1158/1158 
f 1159/1159/1159 1162/1162/1162 1161/1161/1161 
f 1162/1162/1162 1158/1158/1158 1157/1157/1157 
f 1163/1163/1163 1161/1161/1161 1162/1162/1162 
f 1157/1157/1157 1163/1163/1163 1162/1162/1162 
f 1163/1163/1163 1164/1164/1164 1161/1161/1161 
f 1157/1157/1157 1165/1165/1165 1163/1163/1163 
f 1153/1153/1153 1165/1165/1165 1157/1157/1157 
f 1166/1166/1166 1164/1164/1164 1163/1163/1163 
f 1165/1165/1165 1166/1166/1166 1163/1163/1163 
f 1166/1166/1166 1167/1167/1167 1164/1164/1164 
f 1168/1168/1168 1167/1167/1167 1166/1166/1166 
f 1165/1165/1165 1169/1169/1169 1166/1166/1166 
f 1153/1153/1153 1169/1169/1169 1165/1165/1165 
f 1168/1168/1168 1166/1166/1166 1170/1170/1170 
f 1169/1169/1169 1170/1170/1170 1166/1166/1166 
f 1170/1170/1170 1171/1171/1171 1168/1168/1168 
f 1153/1153/1153 1172/1172/1172 1169/1169/1169 
f 1172/1172/1172 1153/1153/1153 1154/1154/1154 
f 1172/1172/1172 1154/1154/1154 1173/1173/1173 
f 1172/1172/1172 1173/1173/1173 1174/1174/1174 
f 1170/1170/1170 1175/1175/1175 1171/1171/1171 
f 1176/1176/1176 1171/1171/1171 1175/1175/1175 
f 1169/1169/1169 1177/1177/1177 1170/1170/1170 
f 1177/1177/1177 1169/1169/1169 1172/1172/1172 
f 1177/1177/1177 1175/1175/1175 1170/1170/1170 
f 1177/1177/1177 1172/1172/1172 1178/1178/1178 
f 1172/1172/1172 1174/1174/1174 1178/1178/1178 
f 1177/1177/1177 1179/1179/1179 1175/1175/1175 
f 1178/1178/1178 1179/1179/1179 1177/1177/1177 
f 1174/1174/1174 1180/1180/1180 1178/1178/1178 
f 1178/1178/1178 1180/1180/1180 1179/1179/1179 
f 1174/1174/1174 1181/1181/1181 1180/1180/1180 
f 1182/1182/1182 1180/1180/1180 1181/1181/1181 
f 1182/1182/1182 1179/1179/1179 1180/1180/1180 
f 1182/1182/1182 1181/1181/1181 1183/1183/1183 
f 1182/1182/1182 1183/1183/1183 1184/1184/1184 
f 1176/1176/1176 1175/1175/1175 1185/1185/1185 
f 1179/1179/1179 1185/1185/1185 1175/1175/1175 
f 1185/1185/1185 1186/1186/1186 1176/1176/1176 
f 1182/1182/1182 1187/1187/1187 1179/1179/1179 
f 1179/1179/1179 1187/1187/1187 1185/1185/1185 
f 1185/1185/1185 1188/1188/1188 1186/1186/1186 
f 1187/1187/1187 1188/1188/1188 1185/1185/1185 
f 1189/1189/1189 1186/1186/1186 1188/1188/1188 
f 1187/1187/1187 1182/1182/1182 1190/1190/1190 
f 1182/1182/1182 1184/1184/1184 1190/1190/1190 
f 1187/1187/1187 1191/1191/1191 1188/1188/1188 
f 1187/1187/1187 1190/1190/1190 1191/1191/1191 
f 1189/1189/1189 1188/1188/1188 1192/1192/1192 
f 1192/1192/1192 1188/1188/1188 1191/1191/1191 
f 1193/1193/1193 1189/1189/1189 1192/1192/1192 
f 1193/1193/1193 1194/1194/1194 1189/1189/1189 
f 1192/1192/1192 1191/1191/1191 1195/1195/1195 
f 1195/1195/1195 1191/1191/1191 1190/1190/1190 
f 1193/1193/1193 1192/1192/1192 1195/1195/1195 
f 1193/1193/1193 1196/1196/1196 1194/1194/1194 
f 1197/1197/1197 1190/1190/1190 1184/1184/1184 
f 1195/1195/1195 1190/1190/1190 1197/1197/1197 
f 1197/1197/1197 1184/1184/1184 1198/1198/1198 
f 1193/1193/1193 1195/1195/1195 1199/1199/1199 
f 1197/1197/1197 1199/1199/1199 1195/1195/1195 
f 1193/1193/1193 1200/1200/1200 1196/1196/1196 
f 1200/1200/1200 1193/1193/1193 1199/1199/1199 
f 1201/1201/1201 1197/1197/1197 1198/1198/1198 
f 1197/1197/1197 1201/1201/1201 1199/1199/1199 
f 1201/1201/1201 1198/1198/1198 1202/1202/1202 
f 1203/1203/1203 1201/1201/1201 1202/1202/1202 
f 1203/1203/1203 1199/1199/1199 1201/1201/1201 
f 1203/1203/1203 1202/1202/1202 1204/1204/1204 
f 1205/1205/1205 1196/1196/1196 1200/1200/1200 
f 1200/1200/1200 1199/1199/1199 1206/1206/1206 
f 1203/1203/1203 1206/1206/1206 1199/1199/1199 
f 1205/1205/1205 1200/1200/1200 1206/1206/1206 
f 1207/1207/1207 1203/1203/1203 1204/1204/1204 
f 1206/1206/1206 1203/1203/1203 1207/1207/1207 
f 1207/1207/1207 1204/1204/1204 1208/1208/1208 
f 1206/1206/1206 1207/1207/1207 1209/1209/1209 
f 1205/1205/1205 1206/1206/1206 1209/1209/1209 
f 1205/1205/1205 1210/1210/1210 1196/1196/1196 
f 1211/1211/1211 1209/1209/1209 1207/1207/1207 
f 1205/1205/1205 1209/1209/1209 1211/1211/1211 
f 1212/1212/1212 1207/1207/1207 1208/1208/1208 
f 1211/1211/1211 1207/1207/1207 1212/1212/1212 
f 1212/1212/1212 1208/1208/1208 1213/1213/1213 
f 1212/1212/1212 1213/1213/1213 1214/1214/1214 
f 1211/1211/1211 1212/1212/1212 1214/1214/1214 
f 1205/1205/1205 1211/1211/1211 1215/1215/1215 
f 1215/1215/1215 1211/1211/1211 1214/1214/1214 
f 1210/1210/1210 1205/1205/1205 1215/1215/1215 
f 1216/1216/1216 1215/1215/1215 1214/1214/1214 
f 1210/1210/1210 1215/1215/1215 1216/1216/1216 
f 1217/1217/1217 1218/1218/1218 1219/1219/1219 
f 1217/1217/1217 1219/1219/1219 1220/1220/1220 

g Bacon7

v 1.88287 3.3114 2.27773 
v 1.88287 3.3877 2.15248 
v 1.84806 3.40717 2.16098 
v 1.88287 3.41449 2.00881 
v 1.84806 3.32642 2.294 
v 1.84806 3.43553 2.00881 
v 1.88287 3.19735 2.35892 
v 1.84806 3.40717 1.85665 
v 1.84806 3.20555 2.3802 
v 1.84802 3.06297 2.41096 
v 1.88287 3.06295 2.38552 
v 1.88287 3.38765 1.86534 
v 1.84806 3.32642 1.73167 
v 1.88287 3.31138 1.74739 
v 1.84806 3.20555 1.64547 
v 1.88287 3.19737 1.66618 
v 1.88287 3.06295 1.63592 
v 1.84802 3.06297 1.61025 
v 1.10211 2.04163 2.40987 
v 1.10905 2.00899 2.40189 
v 1.14157 2.00899 2.42586 
v 1.13527 2.04163 2.43708 
v 1.15702 1.90099 2.37691 
v 1.12605 1.90983 2.35617 
v 1.13951 1.81222 2.26604 
v 1.16924 1.79503 2.28361 
v 1.18194 1.71564 2.15479 
v 1.15349 1.73678 2.14672 
v 1.15667 1.71778 2.00019 
v 1.18483 1.69321 1.99981 
v 1.17883 1.71687 1.86226 
v 1.15006 1.73795 1.87187 
v 1.13951 1.81344 1.75801 
v 1.16925 1.79588 1.739 
v 1.15704 1.90136 1.64716 
v 1.12605 1.91043 1.66899 
v 1.10905 2.00899 1.62263 
v 1.1416 2.0082 1.59795 
v 1.13531 2.04077 1.58348 
v 1.10211 2.04163 1.61149 
v 1.12602 3.3114 2.27773 
v 1.1556 3.32642 2.294 
v 1.1556 3.40717 2.16098 
v 1.1556 3.20555 2.3802 
v 1.12602 3.3877 2.15248 
v 1.12602 3.19735 2.35892 
v 1.15565 3.06297 2.41096 
v 1.12602 3.06295 2.38543 
v 1.1556 3.43553 2.00881 
v 1.12602 3.41449 2.00881 
v 1.12602 3.38765 1.86534 
v 1.1556 3.40717 1.85665 
v 1.12602 3.31138 1.74739 
v 1.1556 3.32642 1.73167 
v 1.12602 3.19737 1.66618 
v 1.1556 3.20555 1.64547 
v 1.15565 3.06297 1.61025 
v 1.12602 3.06295 1.63593 
v 1.1556 3.40717 2.16098 
v 1.1556 3.32642 2.294 
v 1.84806 3.32642 2.294 
v 1.1556 3.20555 2.3802 
v 1.84806 3.40717 2.16098 
v 1.84806 3.20555 2.3802 
v 1.84806 3.43553 2.00881 
v 1.15565 3.06297 2.41096 
v 1.84802 3.06297 2.41096 
v 1.1556 3.43553 2.00881 
v 1.84806 3.40717 1.85665 
v 1.1556 3.40717 1.85665 
v 1.84806 3.32642 1.73167 
v 1.1556 3.32642 1.73167 
v 1.1556 3.20555 1.64547 
v 1.84806 3.20555 1.64547 
v 1.15565 3.06297 1.61025 
v 1.84802 3.06297 1.61025 
v 1.78988 2.04077 1.58348 
v 1.78355 2.0082 1.59795 
v 1.1416 2.0082 1.59795 
v 1.13531 2.04077 1.58348 
v 1.76813 1.90136 1.64716 
v 1.15704 1.90136 1.64716 
v 1.16925 1.79588 1.739 
v 1.75593 1.79588 1.739 
v 1.17883 1.71687 1.86226 
v 1.74637 1.71687 1.86226 
v 1.18483 1.69321 1.99981 
v 1.74037 1.69321 1.99981 
v 1.18194 1.71564 2.15479 
v 1.74325 1.71564 2.15479 
v 1.16924 1.79503 2.28361 
v 1.75593 1.79503 2.28361 
v 1.15702 1.90099 2.37691 
v 1.76813 1.90099 2.37691 
v 1.78355 2.00899 2.42586 
v 1.14157 2.00899 2.42586 
v 1.13527 2.04163 2.43708 
v 1.78988 2.04163 2.43708 
v 1.88287 3.06295 1.63592 
v 1.88287 3.03054 1.61148 
v 1.84802 3.03055 1.58348 
v 1.84802 3.06297 1.61025 
v 1.88287 3.06295 2.38552 
v 1.84802 3.06297 2.41096 
v 1.84802 3.03054 2.43708 
v 1.88287 3.03055 2.40998 
v 1.8235 2.04163 1.61149 
v 1.81652 2.00899 1.62263 
v 1.78355 2.0082 1.59795 
v 1.78988 2.04077 1.58348 
v 1.76813 1.90136 1.64716 
v 1.79952 1.91043 1.66899 
v 1.78606 1.81344 1.75801 
v 1.75593 1.79588 1.739 
v 1.74637 1.71687 1.86226 
v 1.77552 1.73795 1.87187 
v 1.76891 1.71777 2.00019 
v 1.74037 1.69321 1.99981 
v 1.74325 1.71564 2.15479 
v 1.77208 1.73678 2.14673 
v 1.78606 1.81222 2.26607 
v 1.75593 1.79503 2.28361 
v 1.76813 1.90099 2.37691 
v 1.79952 1.90983 2.35622 
v 1.81652 2.00899 2.40195 
v 1.78355 2.00899 2.42586 
v 1.78988 2.04163 2.43708 
v 1.8235 2.04163 2.40994 
v 1.15565 3.06297 1.61025 
v 1.13528 3.03055 1.58348 
v 1.10211 3.03054 1.61148 
v 1.12602 3.06295 1.63593 
v 1.12602 3.06295 2.38543 
v 1.10211 3.03055 2.40989 
v 1.13525 3.03054 2.43708 
v 1.15565 3.06297 2.41096 
v 1.15565 3.06297 1.61025 
v 1.84802 3.06297 1.61025 
v 1.84802 3.03055 1.58348 
v 1.13528 3.03055 1.58348 
v 1.84802 3.06297 2.41096 
v 1.15565 3.06297 2.41096 
v 1.13525 3.03054 2.43708 
v 1.84802 3.03054 2.43708 
v 1.12602 3.06295 1.63593 
v 1.10211 3.03054 1.61148 
v 1.10211 3.03055 2.40989 
v 1.12602 3.06295 2.00881 
v 1.12602 3.06295 2.00881 
v 1.10211 3.03055 2.40989 
v 1.12602 3.06295 2.38543 
v 1.84801 2.47133 1.58348 
v 1.84801 2.80478 1.58348 
v 1.88287 2.80478 1.61148 
v 1.88287 2.47133 1.61149 
v 1.88287 2.80478 1.61148 
v 1.84801 2.80478 1.58348 
v 1.84802 3.03055 1.58348 
v 1.88287 3.03054 1.61148 
v 1.84801 2.80474 2.43708 
v 1.84801 2.47134 2.43708 
v 1.88287 2.47134 2.41 
v 1.88287 2.80474 2.41 
v 1.84802 3.03054 2.43708 
v 1.84801 2.80474 2.43708 
v 1.88287 2.80474 2.41 
v 1.88287 3.03055 2.40998 
v 1.10211 2.42247 1.61149 
v 1.10211 2.47133 1.61149 
v 1.13531 2.47133 1.58348 
v 1.13531 2.42247 1.58348 
v 1.10211 2.47133 1.61149 
v 1.10211 2.80483 1.61149 
v 1.1353 2.80483 1.58348 
v 1.13531 2.47133 1.58348 
v 1.10211 3.03054 1.61148 
v 1.13528 3.03055 1.58348 
v 1.1353 2.80483 1.58348 
v 1.10211 2.80483 1.61149 
v 1.13531 2.42247 1.58348 
v 1.13531 2.04077 1.58348 
v 1.10211 2.04163 1.61149 
v 1.10211 2.42247 1.61149 
v 1.13526 2.42247 2.43708 
v 1.13525 2.47134 2.43708 
v 1.10211 2.47134 2.40985 
v 1.10211 2.42247 2.40985 
v 1.13525 2.47134 2.43708 
v 1.13525 2.80474 2.43708 
v 1.10211 2.80474 2.40986 
v 1.10211 2.47134 2.40985 
v 1.13525 2.80474 2.43708 
v 1.13525 3.03054 2.43708 
v 1.10211 3.03055 2.40989 
v 1.10211 2.80474 2.40986 
v 1.13527 2.04163 2.43708 
v 1.13526 2.42247 2.43708 
v 1.10211 2.42247 2.40985 
v 1.10211 2.04163 2.40987 
v 1.8235 2.04163 1.61149 
v 1.78988 2.04077 1.58348 
v 1.78988 2.42247 1.58348 
v 1.8235 2.42247 1.61149 
v 1.8235 2.04163 2.40994 
v 1.8235 2.42247 2.40994 
v 1.78988 2.42247 2.43708 
v 1.78988 2.04163 2.43708 
v 1.78988 2.42247 2.43708 
v 1.8235 2.42247 2.40994 
v 1.88287 2.47134 2.41 
v 1.84801 2.47134 2.43708 
v 1.8235 2.42247 1.61149 
v 1.78988 2.42247 1.58348 
v 1.84801 2.47133 1.58348 
v 1.88287 2.47133 1.61149 
v 1.10211 2.04163 1.61149 
v 1.10905 2.00899 1.62263 
v 1.10905 2.00899 2.40189 
v 1.10211 2.04163 2.40987 
v 1.12605 1.91043 1.66899 
v 1.12605 1.90983 2.35617 
v 1.13951 1.81344 1.75801 
v 1.13951 1.81222 2.26604 
v 1.15349 1.73678 2.14672 
v 1.15006 1.73795 1.87187 
v 1.15667 1.71778 2.00019 
v 1.1353 2.80483 1.58348 
v 1.84801 2.80478 1.58348 
v 1.84801 2.47133 1.58348 
v 1.13531 2.47133 1.58348 
v 1.78988 2.42247 1.58348 
v 1.13531 2.42247 1.58348 
v 1.1353 2.80483 1.58348 
v 1.13528 3.03055 1.58348 
v 1.84802 3.03055 1.58348 
v 1.84801 2.80478 1.58348 
v 1.13531 2.04077 1.58348 
v 1.13531 2.42247 1.58348 
v 1.78988 2.42247 1.58348 
v 1.78988 2.04077 1.58348 
v 1.13526 2.42247 2.43708 
v 1.78988 2.42247 2.43708 
v 1.84801 2.47134 2.43708 
v 1.13525 2.47134 2.43708 
v 1.13525 2.47134 2.43708 
v 1.84801 2.47134 2.43708 
v 1.84801 2.80474 2.43708 
v 1.13525 2.80474 2.43708 
v 1.13525 2.80474 2.43708 
v 1.84801 2.80474 2.43708 
v 1.84802 3.03054 2.43708 
v 1.13525 3.03054 2.43708 
v 1.13526 2.42247 2.43708 
v 1.13527 2.04163 2.43708 
v 1.78988 2.04163 2.43708 
v 1.78988 2.42247 2.43708 
v 1.8235 2.04163 2.40994 
v 1.81652 2.00899 2.40195 
v 1.81652 2.00899 1.62263 
v 1.8235 2.04163 1.61149 
v 1.79952 1.90983 2.35622 
v 1.79952 1.91043 1.66899 
v 1.78606 1.81344 1.75801 
v 1.78606 1.81222 2.26607 
v 1.77208 1.73678 2.14673 
v 1.77552 1.73795 1.87187 
v 1.76891 1.71777 2.00019 
v 1.88287 3.03055 2.40998 
v 1.88287 2.80474 2.41 
v 1.88287 2.80478 1.61148 
v 1.88287 3.03054 1.61148 
v 1.88287 2.80474 2.41 
v 1.88287 2.47134 2.41 
v 1.88287 2.47133 1.61149 
v 1.88287 2.80478 1.61148 
v 1.88287 3.03055 2.40998 
v 1.88287 3.03054 1.61148 
v 1.88287 3.06295 1.63592 
v 1.88287 3.06295 2.00881 
v 1.88287 3.3877 2.15248 
v 1.88287 3.3114 2.27773 
v 1.88287 3.06295 2.00881 
v 1.88287 3.41449 2.00881 
v 1.88287 3.38765 1.86534 
v 1.88287 3.19735 2.35892 
v 1.88287 3.06295 2.38552 
v 1.88287 3.31138 1.74739 
v 1.88287 3.19737 1.66618 
v 1.88287 3.06295 1.63592 
v 1.88287 3.03055 2.40998 
v 1.88287 3.06295 2.00881 
v 1.88287 3.06295 2.38552 
v 1.10211 2.80483 1.61149 
v 1.10211 2.47133 1.61149 
v 1.10211 2.47134 2.40985 
v 1.10211 2.80474 2.40986 
v 1.10211 2.47134 2.40985 
v 1.10211 2.47133 1.61149 
v 1.10211 2.42247 1.61149 
v 1.10211 2.42247 2.40985 
v 1.10211 3.03054 1.61148 
v 1.10211 2.80483 1.61149 
v 1.10211 2.80474 2.40986 
v 1.10211 3.03055 2.40989 
v 1.10211 2.42247 1.61149 
v 1.10211 2.04163 1.61149 
v 1.10211 2.04163 2.40987 
v 1.10211 2.42247 2.40985 
v 1.12602 3.3114 2.27773 
v 1.12602 3.3877 2.15248 
v 1.12602 3.06295 2.00881 
v 1.12602 3.19735 2.35892 
v 1.12602 3.06295 2.38543 
v 1.12602 3.41449 2.00881 
v 1.12602 3.38765 1.86534 
v 1.12602 3.31138 1.74739 
v 1.12602 3.19737 1.66618 
v 1.12602 3.06295 1.63593 
v 1.8235 2.42247 2.40994 
v 1.8235 2.04163 2.40994 
v 1.8235 2.04163 1.61149 
v 1.8235 2.42247 1.61149 
v 1.88287 2.47133 1.61149 
v 1.88287 2.47134 2.41 
v 1.8235 2.42247 2.40994 
v 1.8235 2.42247 1.61149 

vn 0.535433 0.622047 0.566929 
vn 0.519685 0.795276 0.299213 
vn 0.519685 0.795276 0.307087 
vn 0.519685 0.858268 0 
vn 0.535433 0.614173 0.574803 
vn 0.519685 0.858268 0 
vn 0.559055 0.338583 0.755906 
vn 0.519685 0.795276 -0.314961 
vn 0.559055 0.330709 0.76378 
vn 0.559055 0.165354 0.811024 
vn 0.559055 0.165354 0.811024 
vn 0.519685 0.795276 -0.307087 
vn 0.527559 0.614173 -0.590551 
vn 0.527559 0.614173 -0.582677 
vn 0.551181 0.346457 -0.76378 
vn 0.551181 0.346457 -0.755906 
vn 0.559055 0.188976 -0.80315 
vn 0.559055 0.188976 -0.80315 
vn -0.582677 -0.338583 0.740157 
vn -0.566929 -0.393701 0.724409 
vn -0.566929 -0.393701 0.724409 
vn -0.582677 -0.338583 0.740157 
vn -0.582677 -0.503937 0.637795 
vn -0.582677 -0.503937 0.629921 
vn -0.614173 -0.637795 0.464567 
vn -0.614173 -0.637795 0.464567 
vn -0.629921 -0.740157 0.228346 
vn -0.629921 -0.740157 0.23622 
vn -0.637795 -0.771654 0 
vn -0.637795 -0.771654 0.00787402 
vn -0.637795 -0.724409 -0.251969 
vn -0.637795 -0.724409 -0.251969 
vn -0.629921 -0.622047 -0.464567 
vn -0.629921 -0.622047 -0.464567 
vn -0.598425 -0.496063 -0.622047 
vn -0.598425 -0.503937 -0.622047 
vn -0.574803 -0.409449 -0.700787 
vn -0.574803 -0.409449 -0.700787 
vn -0.582677 -0.393701 -0.708661 
vn -0.582677 -0.393701 -0.708661 
vn -0.598425 0.590551 0.543307 
vn -0.598425 0.582677 0.543307 
vn -0.582677 0.755906 0.291339 
vn -0.622047 0.314961 0.716535 
vn -0.582677 0.755906 0.291339 
vn -0.622047 0.314961 0.716535 
vn -0.622047 0.15748 0.76378 
vn -0.622047 0.15748 0.76378 
vn -0.582677 0.811024 0 
vn -0.582677 0.811024 0 
vn -0.582677 0.755906 -0.299213 
vn -0.582677 0.755906 -0.299213 
vn -0.590551 0.582677 -0.551181 
vn -0.590551 0.582677 -0.559055 
vn -0.614173 0.330709 -0.716535 
vn -0.614173 0.322835 -0.716535 
vn -0.622047 0.181102 -0.76378 
vn -0.622047 0.181102 -0.76378 
vn 0 0.937008 0.354331 
vn 0 0.732283 0.677165 
vn 0 0.732283 0.677165 
vn 0 0.409449 0.913386 
vn 0 0.937008 0.354331 
vn 0 0.409449 0.913386 
vn 0 1 0 
vn 0 0.212598 0.976378 
vn 0 0.212598 0.976378 
vn 0 1 0 
vn 0 0.929134 -0.370079 
vn 0 0.929134 -0.370079 
vn 0 0.724409 -0.692913 
vn 0 0.724409 -0.692913 
vn 0 0.417323 -0.905512 
vn 0 0.417323 -0.905512 
vn 0 0.23622 -0.968504 
vn 0 0.23622 -0.968504 
vn 0 -0.409449 -0.913386 
vn 0 -0.417323 -0.913386 
vn 0 -0.417323 -0.913386 
vn 0 -0.409449 -0.913386 
vn 0 -0.543307 -0.84252 
vn 0 -0.543307 -0.84252 
vn 0 -0.755906 -0.661417 
vn 0 -0.755906 -0.661417 
vn 0 -0.929134 -0.377953 
vn 0 -0.929134 -0.377953 
vn 0 -1 -0.00787402 
vn 0 -1 -0.00787402 
vn 0 -0.937008 0.346457 
vn 0 -0.937008 0.346457 
vn 0 -0.76378 0.645669 
vn 0 -0.76378 0.645669 
vn 0 -0.543307 0.84252 
vn 0 -0.543307 0.84252 
vn 0 -0.385827 0.92126 
vn 0 -0.385827 0.92126 
vn 0 -0.322835 0.944882 
vn 0 -0.322835 0.944882 
vn 0.519685 0.527559 -0.669291 
vn 0.519685 0.527559 -0.669291 
vn 0.519685 0.527559 -0.669291 
vn 0.519685 0.527559 -0.669291 
vn 0.511811 0.527559 0.677165 
vn 0.511811 0.527559 0.677165 
vn 0.511811 0.527559 0.677165 
vn 0.511811 0.527559 0.677165 
vn 0.574803 -0.401575 -0.716535 
vn 0.574803 -0.417323 -0.708661 
vn 0.574803 -0.409449 -0.708661 
vn 0.574803 -0.401575 -0.716535 
vn 0.598425 -0.503937 -0.629921 
vn 0.598425 -0.503937 -0.622047 
vn 0.622047 -0.622047 -0.472441 
vn 0.622047 -0.622047 -0.472441 
vn 0.637795 -0.732283 -0.251969 
vn 0.637795 -0.732283 -0.251969 
vn 0.629921 -0.779528 0 
vn 0.629921 -0.779528 0.00787402 
vn 0.629921 -0.740157 0.228346 
vn 0.629921 -0.740157 0.23622 
vn 0.606299 -0.645669 0.464567 
vn 0.606299 -0.645669 0.464567 
vn 0.582677 -0.503937 0.637795 
vn 0.582677 -0.503937 0.637795 
vn 0.559055 -0.401575 0.724409 
vn 0.559055 -0.393701 0.724409 
vn 0.574803 -0.338583 0.748031 
vn 0.574803 -0.338583 0.748031 
vn -0.448819 0.724409 -0.527559 
vn -0.448819 0.724409 -0.527559 
vn -0.448819 0.724409 -0.527559 
vn -0.448819 0.724409 -0.527559 
vn -0.448819 0.716535 0.535433 
vn -0.448819 0.716535 0.535433 
vn -0.448819 0.716535 0.535433 
vn -0.448819 0.716535 0.535433 
vn 0 0.637795 -0.771654 
vn 0 0.637795 -0.771654 
vn 0 0.637795 -0.771654 
vn 0 0.637795 -0.771654 
vn 0 0.629921 0.779528 
vn 0 0.629921 0.779528 
vn 0 0.629921 0.779528 
vn 0 0.629921 0.779528 
vn -0.80315 0.590551 0 
vn -0.80315 0.590551 0 
vn -0.80315 0.590551 0 
vn -0.80315 0.590551 0 
vn -0.80315 0.590551 0 
vn -0.80315 0.590551 0 
vn -0.80315 0.590551 0 
vn 0.629921 0 -0.779528 
vn 0.629921 0 -0.779528 
vn 0.629921 0 -0.779528 
vn 0.629921 0 -0.779528 
vn 0.629921 0 -0.779528 
vn 0.629921 0 -0.779528 
vn 0.629921 0 -0.779528 
vn 0.629921 0 -0.779528 
vn 0.614173 0 0.787402 
vn 0.614173 0 0.787402 
vn 0.614173 0 0.787402 
vn 0.614173 0 0.787402 
vn 0.614173 0 0.787402 
vn 0.614173 0 0.787402 
vn 0.614173 0 0.787402 
vn 0.614173 0 0.787402 
vn -0.645669 0 -0.76378 
vn -0.645669 0 -0.76378 
vn -0.645669 0 -0.76378 
vn -0.645669 0 -0.76378 
vn -0.645669 0 -0.76378 
vn -0.645669 0 -0.76378 
vn -0.645669 0 -0.76378 
vn -0.645669 0 -0.76378 
vn -0.645669 0 -0.76378 
vn -0.645669 0 -0.76378 
vn -0.645669 0 -0.76378 
vn -0.645669 0 -0.76378 
vn -0.645669 0 -0.76378 
vn -0.645669 0 -0.76378 
vn -0.645669 0 -0.76378 
vn -0.645669 0 -0.76378 
vn -0.637795 0 0.771654 
vn -0.637795 0 0.771654 
vn -0.637795 0 0.771654 
vn -0.637795 0 0.771654 
vn -0.637795 0 0.771654 
vn -0.637795 0 0.771654 
vn -0.637795 0 0.771654 
vn -0.637795 0 0.771654 
vn -0.637795 0 0.771654 
vn -0.637795 0 0.771654 
vn -0.637795 0 0.771654 
vn -0.637795 0 0.771654 
vn -0.637795 0 0.771654 
vn -0.637795 0 0.771654 
vn -0.637795 0 0.771654 
vn -0.637795 0 0.771654 
vn 0.637795 0 -0.771654 
vn 0.637795 0 -0.771654 
vn 0.637795 0 -0.771654 
vn 0.637795 0 -0.771654 
vn 0.629921 0 0.779528 
vn 0.629921 0 0.779528 
vn 0.629921 0 0.779528 
vn 0.629921 0 0.779528 
vn 0.496063 -0.598425 0.629921 
vn 0.496063 -0.598425 0.629921 
vn 0.496063 -0.598425 0.629921 
vn 0.496063 -0.598425 0.629921 
vn 0.503937 -0.606299 -0.614173 
vn 0.503937 -0.606299 -0.614173 
vn 0.503937 -0.606299 -0.614173 
vn 0.503937 -0.606299 -0.614173 
vn -0.976378 -0.204724 0 
vn -0.984252 -0.181102 0 
vn -0.984252 -0.181102 0 
vn -0.976378 -0.204724 0 
vn -0.984252 -0.165354 0 
vn -0.984252 -0.165354 0 
vn -0.992126 -0.141732 0 
vn -0.992126 -0.141732 0 
vn -0.984252 -0.165354 0.00787402 
vn -0.984252 -0.165354 0.00787402 
vn -0.984252 -0.165354 0.00787402 
vn 0 0 -1 
vn 0 0 -1 
vn 0 0 -1 
vn 0 0 -1 
vn 0 0 -1 
vn 0 0 -1 
vn 0 0 -1 
vn 0 0 -1 
vn 0 0 -1 
vn 0 0 -1 
vn 0 0 -1 
vn 0 0 -1 
vn 0 0 -1 
vn 0 0 -1 
vn 0 0 1 
vn 0 0 1 
vn 0 0 1 
vn 0 0 1 
vn 0 0 1 
vn 0 0 1 
vn 0 0 1 
vn 0 0 1 
vn 0 0 1 
vn 0 0 1 
vn 0 0 1 
vn 0 0 1 
vn 0 0 1 
vn 0 0 1 
vn 0 0 1 
vn 0 0 1 
vn 0.976378 -0.212598 0 
vn 0.984252 -0.181102 0 
vn 0.984252 -0.181102 0 
vn 0.976378 -0.212598 0 
vn 0.984252 -0.165354 0 
vn 0.984252 -0.165354 0 
vn 0.992126 -0.141732 0 
vn 0.992126 -0.141732 0 
vn 0.984252 -0.165354 0.00787402 
vn 0.984252 -0.165354 0.00787402 
vn 0.984252 -0.165354 0.00787402 
vn 1 0 0 
vn 1 0 0 
vn 1 0 0 
vn 1 0 0 
vn 1 0 0 
vn 1 0 0 
vn 1 0 0 
vn 1 0 0 
vn 1 0 0 
vn 1 0 0 
vn 1 0 0 
vn 1 0 0 
vn 1 0 0 
vn 1 0 0 
vn 1 0 0 
vn 1 0 0 
vn 1 0 0 
vn 1 0 0 
vn 1 0 0 
vn 1 0 0 
vn 1 0 0 
vn 1 0 0 
vn 1 0 0 
vn 1 0 0 
vn 1 0 0 
vn -1 0 0 
vn -1 0 0 
vn -1 0 0 
vn -1 0 0 
vn -1 0 0 
vn -1 0 0 
vn -1 0 0 
vn -1 0 0 
vn -1 0 0 
vn -1 0 0 
vn -1 0 0 
vn -1 0 0 
vn -1 0 0 
vn -1 0 0 
vn -1 0 0 
vn -1 0 0 
vn -1 0 0 
vn -1 0 0 
vn -1 0 0 
vn -1 0 0 
vn -1 0 0 
vn -1 0 0 
vn -1 0 0 
vn -1 0 0 
vn -1 0 0 
vn -1 0 0 
vn 1 0 0 
vn 1 0 0 
vn 1 0 0 
vn 1 0 0 
vn 0.637795 -0.771654 0 
vn 0.637795 -0.771654 0 
vn 0.637795 -0.771654 0 
vn 0.637795 -0.771654 0 

vt 0.502368 0.673089 
vt 0.510108 0.673089 
vt 0.509864 0.674737 
vt 0.517743 0.673089 
vt 0.502368 0.674737 
vt 0.517632 0.674737 
vt 0.495395 0.673089 
vt 0.525183 0.674737 
vt 0.495395 0.674737 
vt 0.488534 0.674737 
vt 0.488534 0.673089 
vt 0.524988 0.673089 
vt 0.532136 0.674737 
vt 0.532136 0.673089 
vt 0.539202 0.674737 
vt 0.539202 0.673089 
vt 0.54644 0.673089 
vt 0.54644 0.674737 
vt 0.583877 0.663271 
vt 0.581537 0.664982 
vt 0.58033 0.664118 
vt 0.582455 0.66229 
vt 0.58033 0.665095 
vt 0.581537 0.665843 
vt 0.581537 0.668457 
vt 0.58033 0.667823 
vt 0.580329 0.672468 
vt 0.581537 0.672759 
vt 0.581537 0.678042 
vt 0.580329 0.678055 
vt 0.580329 0.683015 
vt 0.581537 0.682668 
vt 0.581537 0.686774 
vt 0.580329 0.687459 
vt 0.580329 0.690151 
vt 0.581537 0.689364 
vt 0.581537 0.690347 
vt 0.580329 0.691237 
vt 0.582453 0.693066 
vt 0.583877 0.692056 
vt 0.502368 0.704387 
vt 0.502368 0.702835 
vt 0.509589 0.702835 
vt 0.495395 0.702835 
vt 0.509738 0.704387 
vt 0.495395 0.704387 
vt 0.488534 0.702835 
vt 0.488534 0.704387 
vt 0.517001 0.702835 
vt 0.516895 0.704387 
vt 0.524348 0.704387 
vt 0.524588 0.702835 
vt 0.532136 0.704387 
vt 0.532136 0.702835 
vt 0.539202 0.704387 
vt 0.539202 0.702835 
vt 0.54644 0.702835 
vt 0.54644 0.704387 
vt 0.509589 0.702835 
vt 0.502368 0.702835 
vt 0.502368 0.674737 
vt 0.495395 0.702835 
vt 0.509864 0.674737 
vt 0.495395 0.674737 
vt 0.517632 0.674737 
vt 0.488534 0.702835 
vt 0.488534 0.674737 
vt 0.517001 0.702835 
vt 0.525183 0.674737 
vt 0.524588 0.702835 
vt 0.532136 0.674737 
vt 0.532136 0.702835 
vt 0.539202 0.702835 
vt 0.539202 0.674737 
vt 0.54644 0.702835 
vt 0.54644 0.674737 
vt 0.554377 0.693066 
vt 0.556501 0.691236 
vt 0.580329 0.691237 
vt 0.582453 0.693066 
vt 0.556501 0.69015 
vt 0.580329 0.690151 
vt 0.580329 0.687459 
vt 0.556501 0.687459 
vt 0.580329 0.683015 
vt 0.556501 0.683015 
vt 0.580329 0.678055 
vt 0.556501 0.678055 
vt 0.580329 0.672468 
vt 0.556501 0.672468 
vt 0.58033 0.667823 
vt 0.556501 0.667823 
vt 0.58033 0.665095 
vt 0.556501 0.665095 
vt 0.556501 0.664118 
vt 0.58033 0.664118 
vt 0.582455 0.66229 
vt 0.554377 0.66229 
vt 0.54644 0.673089 
vt 0.548402 0.673089 
vt 0.548402 0.674737 
vt 0.54644 0.674737 
vt 0.488534 0.673089 
vt 0.488534 0.674737 
vt 0.486577 0.674737 
vt 0.486577 0.673089 
vt 0.552935 0.692056 
vt 0.555277 0.690347 
vt 0.556501 0.691236 
vt 0.554377 0.693066 
vt 0.556501 0.69015 
vt 0.555277 0.689364 
vt 0.555277 0.686774 
vt 0.556501 0.687459 
vt 0.556501 0.683015 
vt 0.555277 0.682668 
vt 0.555277 0.678042 
vt 0.556501 0.678055 
vt 0.556501 0.672468 
vt 0.555277 0.672758 
vt 0.555277 0.668455 
vt 0.556501 0.667823 
vt 0.556501 0.665095 
vt 0.555277 0.665841 
vt 0.555277 0.66498 
vt 0.556501 0.664118 
vt 0.554377 0.66229 
vt 0.552935 0.663268 
vt 0.54644 0.702835 
vt 0.548402 0.702835 
vt 0.548402 0.704387 
vt 0.54644 0.704387 
vt 0.488534 0.704387 
vt 0.486577 0.704387 
vt 0.486577 0.702835 
vt 0.488534 0.702835 
vt 0.54644 0.702835 
vt 0.54644 0.674737 
vt 0.548402 0.674737 
vt 0.548402 0.702835 
vt 0.488534 0.674737 
vt 0.488534 0.702835 
vt 0.486577 0.702835 
vt 0.486577 0.674737 
vt 0.534924 0.718587 
vt 0.536072 0.720225 
vt 0.497311 0.720225 
vt 0.516839 0.718587 
vt 0.516839 0.718587 
vt 0.497311 0.720225 
vt 0.498543 0.718587 
vt 0.552131 0.622615 
vt 0.552131 0.643177 
vt 0.548848 0.643177 
vt 0.548848 0.622615 
vt 0.548848 0.643177 
vt 0.552131 0.643177 
vt 0.552131 0.657514 
vt 0.548848 0.657514 
vt 0.732469 0.643177 
vt 0.732469 0.622615 
vt 0.735694 0.622615 
vt 0.735694 0.643177 
vt 0.732469 0.657514 
vt 0.732469 0.643177 
vt 0.735694 0.643177 
vt 0.735694 0.657514 
vt 0.61117 0.618847 
vt 0.61117 0.622615 
vt 0.6076 0.622615 
vt 0.6076 0.618847 
vt 0.61117 0.622615 
vt 0.61117 0.643177 
vt 0.6076 0.643177 
vt 0.6076 0.622615 
vt 0.61117 0.657514 
vt 0.6076 0.657514 
vt 0.6076 0.643177 
vt 0.61117 0.643177 
vt 0.6076 0.618847 
vt 0.6076 0.595369 
vt 0.61117 0.595369 
vt 0.61117 0.618847 
vt 0.676889 0.618847 
vt 0.676889 0.622615 
vt 0.673906 0.622615 
vt 0.673906 0.618847 
vt 0.676889 0.622615 
vt 0.676889 0.643177 
vt 0.673906 0.643177 
vt 0.673906 0.622615 
vt 0.676889 0.643177 
vt 0.676889 0.657514 
vt 0.673906 0.657514 
vt 0.673906 0.643177 
vt 0.676889 0.595369 
vt 0.676889 0.618847 
vt 0.673906 0.618847 
vt 0.673906 0.595369 
vt 0.548848 0.595403 
vt 0.552131 0.595449 
vt 0.552131 0.619326 
vt 0.548848 0.619051 
vt 0.735694 0.595369 
vt 0.735694 0.618847 
vt 0.732469 0.618847 
vt 0.732469 0.595369 
vt 0.732469 0.618847 
vt 0.735694 0.618847 
vt 0.735694 0.622615 
vt 0.732469 0.622615 
vt 0.548848 0.619051 
vt 0.552131 0.619326 
vt 0.552131 0.622615 
vt 0.548848 0.622615 
vt 0.583877 0.692056 
vt 0.581537 0.690347 
vt 0.581537 0.664982 
vt 0.583877 0.663271 
vt 0.581537 0.689364 
vt 0.581537 0.665843 
vt 0.581537 0.686774 
vt 0.581537 0.668457 
vt 0.581537 0.672759 
vt 0.581537 0.682668 
vt 0.581537 0.678042 
vt 0.6076 0.643177 
vt 0.552131 0.643177 
vt 0.552131 0.622615 
vt 0.6076 0.622615 
vt 0.552131 0.619326 
vt 0.6076 0.618847 
vt 0.6076 0.643177 
vt 0.6076 0.657514 
vt 0.552131 0.657514 
vt 0.552131 0.643177 
vt 0.6076 0.595369 
vt 0.6076 0.618847 
vt 0.552131 0.619326 
vt 0.552131 0.595449 
vt 0.676889 0.618847 
vt 0.732469 0.618847 
vt 0.732469 0.622615 
vt 0.676889 0.622615 
vt 0.676889 0.622615 
vt 0.732469 0.622615 
vt 0.732469 0.643177 
vt 0.676889 0.643177 
vt 0.676889 0.643177 
vt 0.732469 0.643177 
vt 0.732469 0.657514 
vt 0.676889 0.657514 
vt 0.676889 0.618847 
vt 0.676889 0.595369 
vt 0.732469 0.595369 
vt 0.732469 0.618847 
vt 0.552935 0.663268 
vt 0.555277 0.66498 
vt 0.555277 0.690347 
vt 0.552935 0.692056 
vt 0.555277 0.665841 
vt 0.555277 0.689364 
vt 0.555277 0.686774 
vt 0.555277 0.668455 
vt 0.555277 0.672758 
vt 0.555277 0.682668 
vt 0.555277 0.678042 
vt 0.487029 0.657514 
vt 0.487027 0.643177 
vt 0.548848 0.643177 
vt 0.548848 0.657514 
vt 0.487027 0.643177 
vt 0.487028 0.622615 
vt 0.548848 0.622615 
vt 0.548848 0.643177 
vt 0.497998 0.658275 
vt 0.537038 0.658275 
vt 0.535821 0.659504 
vt 0.517527 0.659504 
vt 0.510108 0.673089 
vt 0.503881 0.66948 
vt 0.517527 0.659504 
vt 0.517743 0.673089 
vt 0.524988 0.673089 
vt 0.500207 0.664807 
vt 0.499168 0.659504 
vt 0.530672 0.669698 
vt 0.534473 0.665039 
vt 0.535821 0.659504 
vt 0.497998 0.658275 
vt 0.517527 0.659504 
vt 0.499168 0.659504 
vt 0.61117 0.643177 
vt 0.61117 0.622615 
vt 0.673906 0.622615 
vt 0.673906 0.643177 
vt 0.673906 0.622615 
vt 0.61117 0.622615 
vt 0.61117 0.618847 
vt 0.673906 0.618847 
vt 0.61117 0.657514 
vt 0.61117 0.643177 
vt 0.673906 0.643177 
vt 0.673906 0.657514 
vt 0.61117 0.618847 
vt 0.61117 0.595369 
vt 0.673906 0.595369 
vt 0.673906 0.618847 
vt 0.503635 0.707661 
vt 0.509738 0.704387 
vt 0.516839 0.718587 
vt 0.499737 0.71228 
vt 0.498543 0.718587 
vt 0.516895 0.704387 
vt 0.524348 0.704387 
vt 0.530154 0.708194 
vt 0.533784 0.712899 
vt 0.534924 0.718587 
vt 0.487032 0.618847 
vt 0.487032 0.595369 
vt 0.548848 0.595369 
vt 0.548848 0.618847 
vt 0.548848 0.622615 
vt 0.487028 0.622615 
vt 0.487032 0.618847 
vt 0.548848 0.618847 

usemtl Bacon1Mtl

f 1221/1221/1221 1222/1222/1222 1223/1223/1223 
f 1224/1224/1224 1223/1223/1223 1222/1222/1222 
f 1221/1221/1221 1223/1223/1223 1225/1225/1225 
f 1224/1224/1224 1226/1226/1226 1223/1223/1223 
f 1227/1227/1227 1221/1221/1221 1225/1225/1225 
f 1228/1228/1228 1226/1226/1226 1224/1224/1224 
f 1227/1227/1227 1225/1225/1225 1229/1229/1229 
f 1230/1230/1230 1227/1227/1227 1229/1229/1229 
f 1230/1230/1230 1231/1231/1231 1227/1227/1227 
f 1228/1228/1228 1224/1224/1224 1232/1232/1232 
f 1233/1233/1233 1228/1228/1228 1232/1232/1232 
f 1233/1233/1233 1232/1232/1232 1234/1234/1234 
f 1235/1235/1235 1233/1233/1233 1234/1234/1234 
f 1235/1235/1235 1234/1234/1234 1236/1236/1236 
f 1235/1235/1235 1236/1236/1236 1237/1237/1237 
f 1235/1235/1235 1237/1237/1237 1238/1238/1238 
f 1239/1239/1239 1240/1240/1240 1241/1241/1241 
f 1239/1239/1239 1241/1241/1241 1242/1242/1242 
f 1240/1240/1240 1243/1243/1243 1241/1241/1241 
f 1240/1240/1240 1244/1244/1244 1243/1243/1243 
f 1243/1243/1243 1244/1244/1244 1245/1245/1245 
f 1243/1243/1243 1245/1245/1245 1246/1246/1246 
f 1245/1245/1245 1247/1247/1247 1246/1246/1246 
f 1245/1245/1245 1248/1248/1248 1247/1247/1247 
f 1247/1247/1247 1248/1248/1248 1249/1249/1249 
f 1247/1247/1247 1249/1249/1249 1250/1250/1250 
f 1251/1251/1251 1250/1250/1250 1249/1249/1249 
f 1251/1251/1251 1249/1249/1249 1252/1252/1252 
f 1253/1253/1253 1251/1251/1251 1252/1252/1252 
f 1253/1253/1253 1254/1254/1254 1251/1251/1251 
f 1255/1255/1255 1254/1254/1254 1253/1253/1253 
f 1255/1255/1255 1253/1253/1253 1256/1256/1256 
f 1255/1255/1255 1256/1256/1256 1257/1257/1257 
f 1255/1255/1255 1257/1257/1257 1258/1258/1258 
f 1259/1259/1259 1258/1258/1258 1257/1257/1257 
f 1259/1259/1259 1257/1257/1257 1260/1260/1260 
f 1261/1261/1261 1262/1262/1262 1263/1263/1263 
f 1261/1261/1261 1264/1264/1264 1262/1262/1262 
f 1261/1261/1261 1263/1263/1263 1265/1265/1265 
f 1261/1261/1261 1266/1266/1266 1264/1264/1264 
f 1266/1266/1266 1267/1267/1267 1264/1264/1264 
f 1266/1266/1266 1268/1268/1268 1267/1267/1267 
f 1265/1265/1265 1263/1263/1263 1269/1269/1269 
f 1265/1265/1265 1269/1269/1269 1270/1270/1270 
f 1271/1271/1271 1270/1270/1270 1269/1269/1269 
f 1271/1271/1271 1269/1269/1269 1272/1272/1272 
f 1273/1273/1273 1271/1271/1271 1272/1272/1272 
f 1273/1273/1273 1272/1272/1272 1274/1274/1274 
f 1275/1275/1275 1273/1273/1273 1274/1274/1274 
f 1275/1275/1275 1274/1274/1274 1276/1276/1276 
f 1277/1277/1277 1275/1275/1275 1276/1276/1276 
f 1277/1277/1277 1278/1278/1278 1275/1275/1275 
f 1279/1279/1279 1280/1280/1280 1281/1281/1281 
f 1281/1281/1281 1280/1280/1280 1282/1282/1282 
f 1279/1279/1279 1281/1281/1281 1283/1283/1283 
f 1281/1281/1281 1282/1282/1282 1284/1284/1284 
f 1279/1279/1279 1283/1283/1283 1285/1285/1285 
f 1286/1286/1286 1284/1284/1284 1282/1282/1282 
f 1286/1286/1286 1287/1287/1287 1284/1284/1284 
f 1279/1279/1279 1285/1285/1285 1288/1288/1288 
f 1289/1289/1289 1288/1288/1288 1285/1285/1285 
f 1289/1289/1289 1290/1290/1290 1288/1288/1288 
f 1291/1291/1291 1290/1290/1290 1289/1289/1289 
f 1291/1291/1291 1292/1292/1292 1290/1290/1290 
f 1291/1291/1291 1293/1293/1293 1292/1292/1292 
f 1291/1291/1291 1294/1294/1294 1293/1293/1293 
f 1295/1295/1295 1293/1293/1293 1294/1294/1294 
f 1295/1295/1295 1294/1294/1294 1296/1296/1296 
f 1297/1297/1297 1298/1298/1298 1299/1299/1299 
f 1297/1297/1297 1299/1299/1299 1300/1300/1300 
f 1301/1301/1301 1299/1299/1299 1298/1298/1298 
f 1301/1301/1301 1302/1302/1302 1299/1299/1299 
f 1301/1301/1301 1303/1303/1303 1302/1302/1302 
f 1301/1301/1301 1304/1304/1304 1303/1303/1303 
f 1304/1304/1304 1305/1305/1305 1303/1303/1303 
f 1304/1304/1304 1306/1306/1306 1305/1305/1305 
f 1306/1306/1306 1307/1307/1307 1305/1305/1305 
f 1306/1306/1306 1308/1308/1308 1307/1307/1307 
f 1309/1309/1309 1307/1307/1307 1308/1308/1308 
f 1309/1309/1309 1308/1308/1308 1310/1310/1310 
f 1311/1311/1311 1309/1309/1309 1310/1310/1310 
f 1311/1311/1311 1310/1310/1310 1312/1312/1312 
f 1313/1313/1313 1311/1311/1311 1312/1312/1312 
f 1313/1313/1313 1312/1312/1312 1314/1314/1314 
f 1313/1313/1313 1314/1314/1314 1315/1315/1315 
f 1313/1313/1313 1315/1315/1315 1316/1316/1316 
f 1317/1317/1317 1316/1316/1316 1315/1315/1315 
f 1317/1317/1317 1315/1315/1315 1318/1318/1318 
f 1319/1319/1319 1320/1320/1320 1321/1321/1321 
f 1319/1319/1319 1321/1321/1321 1322/1322/1322 
f 1323/1323/1323 1324/1324/1324 1325/1325/1325 
f 1323/1323/1323 1325/1325/1325 1326/1326/1326 
f 1327/1327/1327 1328/1328/1328 1329/1329/1329 
f 1327/1327/1327 1329/1329/1329 1330/1330/1330 
f 1328/1328/1328 1331/1331/1331 1329/1329/1329 
f 1328/1328/1328 1332/1332/1332 1331/1331/1331 
f 1331/1331/1331 1332/1332/1332 1333/1333/1333 
f 1331/1331/1331 1333/1333/1333 1334/1334/1334 
f 1333/1333/1333 1335/1335/1335 1334/1334/1334 
f 1333/1333/1333 1336/1336/1336 1335/1335/1335 
f 1335/1335/1335 1336/1336/1336 1337/1337/1337 
f 1335/1335/1335 1337/1337/1337 1338/1338/1338 
f 1339/1339/1339 1338/1338/1338 1337/1337/1337 
f 1339/1339/1339 1337/1337/1337 1340/1340/1340 
f 1341/1341/1341 1339/1339/1339 1340/1340/1340 
f 1341/1341/1341 1342/1342/1342 1339/1339/1339 
f 1343/1343/1343 1342/1342/1342 1341/1341/1341 
f 1343/1343/1343 1341/1341/1341 1344/1344/1344 
f 1343/1343/1343 1344/1344/1344 1345/1345/1345 
f 1343/1343/1343 1345/1345/1345 1346/1346/1346 
f 1347/1347/1347 1346/1346/1346 1345/1345/1345 
f 1347/1347/1347 1345/1345/1345 1348/1348/1348 
f 1349/1349/1349 1350/1350/1350 1351/1351/1351 
f 1349/1349/1349 1351/1351/1351 1352/1352/1352 
f 1353/1353/1353 1354/1354/1354 1355/1355/1355 
f 1353/1353/1353 1355/1355/1355 1356/1356/1356 
f 1357/1357/1357 1358/1358/1358 1359/1359/1359 
f 1357/1357/1357 1359/1359/1359 1360/1360/1360 
f 1361/1361/1361 1362/1362/1362 1363/1363/1363 
f 1361/1361/1361 1363/1363/1363 1364/1364/1364 
f 1365/1365/1365 1366/1366/1366 1367/1367/1367 
f 1365/1365/1365 1367/1367/1367 1368/1368/1368 
f 1369/1369/1369 1370/1370/1370 1371/1371/1371 
f 1372/1372/1372 1373/1373/1373 1374/1374/1374 
f 1372/1372/1372 1374/1374/1374 1375/1375/1375 
f 1376/1376/1376 1377/1377/1377 1378/1378/1378 
f 1376/1376/1376 1378/1378/1378 1379/1379/1379 
f 1380/1380/1380 1381/1381/1381 1382/1382/1382 
f 1380/1380/1380 1382/1382/1382 1383/1383/1383 
f 1384/1384/1384 1385/1385/1385 1386/1386/1386 
f 1384/1384/1384 1386/1386/1386 1387/1387/1387 
f 1388/1388/1388 1389/1389/1389 1390/1390/1390 
f 1388/1388/1388 1390/1390/1390 1391/1391/1391 
f 1392/1392/1392 1393/1393/1393 1394/1394/1394 
f 1392/1392/1392 1394/1394/1394 1395/1395/1395 
f 1396/1396/1396 1397/1397/1397 1398/1398/1398 
f 1396/1396/1396 1398/1398/1398 1399/1399/1399 
f 1400/1400/1400 1401/1401/1401 1402/1402/1402 
f 1400/1400/1400 1402/1402/1402 1403/1403/1403 
f 1404/1404/1404 1405/1405/1405 1406/1406/1406 
f 1404/1404/1404 1406/1406/1406 1407/1407/1407 
f 1408/1408/1408 1409/1409/1409 1410/1410/1410 
f 1408/1408/1408 1410/1410/1410 1411/1411/1411 
f 1412/1412/1412 1413/1413/1413 1414/1414/1414 
f 1412/1412/1412 1414/1414/1414 1415/1415/1415 
f 1416/1416/1416 1417/1417/1417 1418/1418/1418 
f 1416/1416/1416 1418/1418/1418 1419/1419/1419 
f 1420/1420/1420 1421/1421/1421 1422/1422/1422 
f 1420/1420/1420 1422/1422/1422 1423/1423/1423 
f 1424/1424/1424 1425/1425/1425 1426/1426/1426 
f 1424/1424/1424 1426/1426/1426 1427/1427/1427 
f 1428/1428/1428 1429/1429/1429 1430/1430/1430 
f 1428/1428/1428 1430/1430/1430 1431/1431/1431 
f 1432/1432/1432 1433/1433/1433 1434/1434/1434 
f 1432/1432/1432 1434/1434/1434 1435/1435/1435 
f 1436/1436/1436 1437/1437/1437 1438/1438/1438 
f 1436/1436/1436 1438/1438/1438 1439/1439/1439 
f 1440/1440/1440 1438/1438/1438 1437/1437/1437 
f 1440/1440/1440 1441/1441/1441 1438/1438/1438 
f 1441/1441/1441 1440/1440/1440 1442/1442/1442 
f 1441/1441/1441 1442/1442/1442 1443/1443/1443 
f 1444/1444/1444 1443/1443/1443 1442/1442/1442 
f 1444/1444/1444 1442/1442/1442 1445/1445/1445 
f 1444/1444/1444 1445/1445/1445 1446/1446/1446 
f 1447/1447/1447 1448/1448/1448 1449/1449/1449 
f 1447/1447/1447 1449/1449/1449 1450/1450/1450 
f 1451/1451/1451 1450/1450/1450 1449/1449/1449 
f 1451/1451/1451 1452/1452/1452 1450/1450/1450 
f 1453/1453/1453 1454/1454/1454 1455/1455/1455 
f 1453/1453/1453 1455/1455/1455 1456/1456/1456 
f 1457/1457/1457 1458/1458/1458 1459/1459/1459 
f 1457/1457/1457 1459/1459/1459 1460/1460/1460 
f 1461/1461/1461 1462/1462/1462 1463/1463/1463 
f 1461/1461/1461 1463/1463/1463 1464/1464/1464 
f 1465/1465/1465 1466/1466/1466 1467/1467/1467 
f 1465/1465/1465 1467/1467/1467 1468/1468/1468 
f 1469/1469/1469 1470/1470/1470 1471/1471/1471 
f 1469/1469/1469 1471/1471/1471 1472/1472/1472 
f 1473/1473/1473 1474/1474/1474 1475/1475/1475 
f 1473/1473/1473 1475/1475/1475 1476/1476/1476 
f 1477/1477/1477 1478/1478/1478 1479/1479/1479 
f 1477/1477/1477 1479/1479/1479 1480/1480/1480 
f 1481/1481/1481 1479/1479/1479 1478/1478/1478 
f 1481/1481/1481 1482/1482/1482 1479/1479/1479 
f 1481/1481/1481 1483/1483/1483 1482/1482/1482 
f 1481/1481/1481 1484/1484/1484 1483/1483/1483 
f 1485/1485/1485 1483/1483/1483 1484/1484/1484 
f 1485/1485/1485 1486/1486/1486 1483/1483/1483 
f 1485/1485/1485 1487/1487/1487 1486/1486/1486 
f 1488/1488/1488 1489/1489/1489 1490/1490/1490 
f 1488/1488/1488 1490/1490/1490 1491/1491/1491 
f 1492/1492/1492 1493/1493/1493 1494/1494/1494 
f 1492/1492/1492 1494/1494/1494 1495/1495/1495 
f 1496/1496/1496 1497/1497/1497 1498/1498/1498 
f 1496/1496/1496 1498/1498/1498 1499/1499/1499 
f 1500/1500/1500 1501/1501/1501 1502/1502/1502 
f 1503/1503/1503 1500/1500/1500 1502/1502/1502 
f 1504/1504/1504 1503/1503/1503 1502/1502/1502 
f 1501/1501/1501 1505/1505/1505 1502/1502/1502 
f 1505/1505/1505 1506/1506/1506 1502/1502/1502 
f 1507/1507/1507 1504/1504/1504 1502/1502/1502 
f 1508/1508/1508 1507/1507/1507 1502/1502/1502 
f 1509/1509/1509 1508/1508/1508 1502/1502/1502 
f 1510/1510/1510 1511/1511/1511 1512/1512/1512 
f 1513/1513/1513 1514/1514/1514 1515/1515/1515 
f 1513/1513/1513 1515/1515/1515 1516/1516/1516 
f 1517/1517/1517 1518/1518/1518 1519/1519/1519 
f 1517/1517/1517 1519/1519/1519 1520/1520/1520 
f 1521/1521/1521 1522/1522/1522 1523/1523/1523 
f 1521/1521/1521 1523/1523/1523 1524/1524/1524 
f 1525/1525/1525 1526/1526/1526 1527/1527/1527 
f 1525/1525/1525 1527/1527/1527 1528/1528/1528 
f 1529/1529/1529 1530/1530/1530 1531/1531/1531 
f 1532/1532/1532 1529/1529/1529 1531/1531/1531 
f 1533/1533/1533 1532/1532/1532 1531/1531/1531 
f 1530/1530/1530 1534/1534/1534 1531/1531/1531 
f 1534/1534/1534 1535/1535/1535 1531/1531/1531 
f 1535/1535/1535 1536/1536/1536 1531/1531/1531 
f 1536/1536/1536 1537/1537/1537 1531/1531/1531 
f 1537/1537/1537 1538/1538/1538 1531/1531/1531 
f 1539/1539/1539 1540/1540/1540 1541/1541/1541 
f 1539/1539/1539 1541/1541/1541 1542/1542/1542 
f 1543/1543/1543 1544/1544/1544 1545/1545/1545 
f 1543/1543/1543 1545/1545/1545 1546/1546/1546 

g Bacon8

v 1.78987 1.4738 2.43708 
v 1.8235 1.4738 2.40995 
v 1.8235 2.04163 2.40994 
v 1.78988 2.04163 2.43708 
v 1.10211 1.4738 2.40992 
v 1.13529 1.4738 2.43708 
v 1.13529 2.04163 2.43708 
v 1.10211 2.04163 2.40991 
v 1.78988 2.04077 1.58348 
v 1.8235 2.04152 1.61147 
v 1.8235 1.4738 1.61148 
v 1.78987 1.4732 1.58348 
v 1.10211 2.04152 1.61151 
v 1.13529 2.04077 1.58348 
v 1.1353 1.4732 1.58348 
v 1.10211 1.4738 1.6115 
v 1.78987 1.4732 1.58348 
v 1.78124 1.44139 1.60075 
v 1.14392 1.44139 1.60075 
v 1.1353 1.4732 1.58348 
v 1.8235 1.4738 1.61148 
v 1.78987 1.4732 1.58348 
v 1.81397 1.44223 1.62759 
v 1.77201 1.33458 1.66376 
v 1.8235 1.4738 2.40995 
v 1.8235 1.4738 1.61148 
v 1.81397 1.44223 2.39269 
v 1.80379 1.34365 1.68559 
v 1.80379 1.34305 2.33799 
v 1.7895 1.24666 1.75742 
v 1.78987 1.4738 2.43708 
v 1.8235 1.4738 2.40995 
v 1.78124 1.44223 2.41869 
v 1.77201 1.33421 2.35869 
v 1.7895 1.24544 2.26549 
v 1.13529 1.4738 2.43708 
v 1.78987 1.4738 2.43708 
v 1.14389 1.44223 2.41869 
v 1.10211 1.4738 2.40992 
v 1.13529 1.4738 2.43708 
v 1.1116 1.44223 2.39262 
v 1.15313 1.33421 2.35869 
v 1.75905 1.22825 2.28303 
v 1.74346 1.14886 2.15421 
v 1.16612 1.22825 2.28303 
v 1.77231 1.16999 2.14615 
v 1.18173 1.14886 2.15421 
v 1.77231 1.17117 1.87129 
v 1.13607 1.24544 2.26546 
v 1.12178 1.34305 2.33795 
v 1.76891 1.15099 1.9996 
v 1.74346 1.15009 1.86168 
v 1.74037 1.12643 1.99923 
v 1.75905 1.2291 1.73842 
v 1.18483 1.12643 1.99923 
v 1.18174 1.15009 1.86168 
v 1.16613 1.2291 1.73842 
v 1.15316 1.33458 1.66376 
v 1.15667 1.15099 1.9996 
v 1.15327 1.16999 2.14613 
v 1.15327 1.17117 1.87129 
v 1.13607 1.24666 1.75742 
v 1.12178 1.34365 1.68559 
v 1.1116 1.44224 1.62759 
v 1.1353 1.4732 1.58348 
v 1.10211 1.4738 1.6115 
v 1.10211 1.4738 1.6115 
v 1.10211 1.4738 2.40992 
v 1.78988 2.04163 2.43708 
v 1.76724 2.07488 2.4207 
v 1.15794 2.07488 2.4207 
v 1.8235 2.04163 2.40994 
v 1.13529 2.04163 2.43708 
v 1.79853 2.07402 2.39363 
v 1.8235 2.04152 1.61147 
v 1.75296 2.18168 2.35418 
v 1.12704 2.07402 2.39363 
v 1.10211 2.04163 2.40991 
v 1.17224 2.18168 2.35419 
v 1.12704 2.07402 1.62205 
v 1.10211 2.04152 1.61151 
v 1.14279 2.17261 2.33236 
v 1.15791 2.07402 1.59576 
v 1.13529 2.04077 1.58348 
v 1.14279 2.17322 1.68 
v 1.15667 2.2696 2.26052 
v 1.76724 2.07402 1.59576 
v 1.78988 2.04077 1.58348 
v 1.17221 2.18205 1.65926 
v 1.79853 2.07402 1.62198 
v 1.75296 2.18205 1.65926 
v 1.78278 2.17322 1.67996 
v 1.78278 2.17261 2.33236 
v 1.76891 2.2696 2.26053 
v 1.76891 2.27082 1.75246 
v 1.74037 2.28801 1.73492 
v 1.74037 2.36741 1.86374 
v 1.18482 2.28801 1.73492 
v 1.15667 2.27082 1.75249 
v 1.18482 2.36741 1.86374 
v 1.76891 2.34627 1.8718 
v 1.76891 2.34509 2.14666 
v 1.76891 2.36527 2.01835 
v 1.74037 2.38984 2.01872 
v 1.74037 2.36617 2.15627 
v 1.74037 2.28717 2.27953 
v 1.18483 2.38984 2.01872 
v 1.18483 2.36617 2.15627 
v 1.18483 2.28717 2.27953 
v 1.15667 2.36527 2.01835 
v 1.15667 2.34509 2.14666 
v 1.15667 2.34627 1.87182 
v 1.78988 2.04163 2.43708 
v 1.13529 2.04163 2.43708 
v 1.13529 1.4738 2.43708 
v 1.78987 1.4738 2.43708 
v 1.13529 2.04077 1.58348 
v 1.78988 2.04077 1.58348 
v 1.78987 1.4732 1.58348 
v 1.1353 1.4732 1.58348 
v 1.8235 1.4738 2.40995 
v 1.8235 1.4738 1.61148 
v 1.8235 2.04152 1.61147 
v 1.8235 2.04163 2.40994 
v 1.10211 2.04163 2.40991 
v 1.10211 2.04152 1.61151 
v 1.10211 1.4738 1.6115 
v 1.10211 1.4738 2.40992 

vn 0.629921 0 0.779528 
vn 0.629921 0 0.779528 
vn 0.629921 0 0.779528 
vn 0.629921 0 0.779528 
vn -0.629921 0 0.771654 
vn -0.629921 0 0.771654 
vn -0.629921 0 0.771654 
vn -0.629921 0 0.771654 
vn 0.637795 0 -0.771654 
vn 0.637795 0 -0.771654 
vn 0.637795 0 -0.771654 
vn 0.637795 0 -0.771654 
vn -0.645669 0 -0.76378 
vn -0.645669 0 -0.76378 
vn -0.645669 0 -0.76378 
vn -0.645669 0 -0.76378 
vn 0 -0.480315 -0.88189 
vn 0.0314961 -0.503937 -0.866142 
vn -0.0314961 -0.503937 -0.866142 
vn 0 -0.480315 -0.88189 
vn 0.559055 -0.503937 -0.661417 
vn 0.559055 -0.503937 -0.661417 
vn 0.976378 -0.212598 -0.0551181 
vn 0.0393701 -0.543307 -0.834646 
vn 0.96063 -0.291339 0 
vn 0.96063 -0.291339 0 
vn 0.976378 -0.204724 0.0551181 
vn 0.992126 -0.141732 -0.0472441 
vn 0.992126 -0.141732 0.0472441 
vn 0.976378 -0.212598 -0.0551181 
vn 0.527559 -0.527559 0.661417 
vn 0.527559 -0.527559 0.661417 
vn 0.0314961 -0.496063 0.866142 
vn 0.0314961 -0.535433 0.84252 
vn 0.976378 -0.212598 0.0551181 
vn 0 -0.503937 0.866142 
vn 0 -0.503937 0.866142 
vn -0.0314961 -0.496063 0.866142 
vn -0.535433 -0.527559 0.661417 
vn -0.535433 -0.527559 0.661417 
vn -0.976378 -0.204724 0.0551181 
vn -0.0314961 -0.535433 0.84252 
vn 0.0314961 -0.732283 0.677165 
vn 0.0314961 -0.937008 0.346457 
vn -0.0314961 -0.732283 0.677165 
vn 0.944882 -0.322835 0.0393701 
vn -0.0314961 -0.937008 0.346457 
vn 0.944882 -0.314961 -0.0472441 
vn -0.976378 -0.212598 0.0551181 
vn -0.992126 -0.141732 0.0472441 
vn 0.952756 -0.314961 0 
vn 0.0314961 -0.929134 -0.377953 
vn 0.0393701 -1 -0.00787402 
vn 0.0393701 -0.724409 -0.692913 
vn -0.0393701 -1 -0.00787402 
vn -0.0314961 -0.929134 -0.377953 
vn -0.0393701 -0.724409 -0.692913 
vn -0.0393701 -0.543307 -0.834646 
vn -0.952756 -0.314961 0 
vn -0.944882 -0.322835 0.0393701 
vn -0.944882 -0.314961 -0.0393701 
vn -0.976378 -0.204724 -0.0551181 
vn -0.992126 -0.141732 -0.0472441 
vn -0.976378 -0.212598 -0.0551181 
vn -0.559055 -0.503937 -0.653543 
vn -0.559055 -0.503937 -0.653543 
vn -0.96063 -0.291339 0 
vn -0.96063 -0.291339 0 
vn 0.0551181 0.472441 0.874016 
vn 0.0314961 0.511811 0.858268 
vn -0.0314961 0.511811 0.858268 
vn 0.787402 0.622047 0.0393701 
vn -0.0551181 0.472441 0.874016 
vn 0.913386 0.401575 0.0551181 
vn 0.787402 0.614173 -0.0314961 
vn 0.0393701 0.551181 0.834646 
vn -0.913386 0.401575 0.0551181 
vn -0.787402 0.622047 0.0314961 
vn -0.0393701 0.551181 0.834646 
vn -0.92126 0.385827 -0.0551181 
vn -0.787402 0.614173 -0.0314961 
vn -0.984252 0.181102 0.0393701 
vn -0.0314961 0.464567 -0.88189 
vn -0.0629921 0.385827 -0.92126 
vn -0.984252 0.181102 -0.0472441 
vn -0.984252 0.173228 0.0551181 
vn 0.0314961 0.464567 -0.88189 
vn 0.0629921 0.385827 -0.92126 
vn -0.0314961 0.543307 -0.834646 
vn 0.92126 0.385827 -0.0551181 
vn 0.0314961 0.543307 -0.834646 
vn 0.984252 0.181102 -0.0472441 
vn 0.984252 0.181102 0.0472441 
vn 0.984252 0.173228 0.0551181 
vn 0.984252 0.181102 -0.0551181 
vn 0.0314961 0.740157 -0.677165 
vn 0.0393701 0.937008 -0.338583 
vn -0.0314961 0.740157 -0.677165 
vn -0.984252 0.181102 -0.0551181 
vn -0.0393701 0.937008 -0.338583 
vn 0.992126 0.133858 -0.0472441 
vn 0.992126 0.125984 0.0472441 
vn 0.992126 0.125984 0 
vn 0.0393701 1 0.00787402 
vn 0.0393701 0.929134 0.370079 
vn 0.0314961 0.724409 0.685039 
vn -0.0393701 1 0.00787402 
vn -0.0393701 0.929134 0.370079 
vn -0.0314961 0.724409 0.685039 
vn -0.992126 0.125984 0 
vn -0.992126 0.11811 0.0472441 
vn -0.992126 0.133858 -0.0472441 
vn 0 0 1 
vn 0 0 1 
vn 0 0 1 
vn 0 0 1 
vn 0 0 -1 
vn 0 0 -1 
vn 0 0 -1 
vn 0 0 -1 
vn 1 0 0 
vn 1 0 0 
vn 1 0 0 
vn 1 0 0 
vn -1 0 0 
vn -1 0 0 
vn -1 0 0 
vn -1 0 0 

vt 0.732469 0.549541 
vt 0.735694 0.549541 
vt 0.735694 0.595369 
vt 0.732469 0.595369 
vt 0.673906 0.549541 
vt 0.676889 0.549541 
vt 0.676889 0.595369 
vt 0.673906 0.595369 
vt 0.552131 0.595449 
vt 0.548848 0.595403 
vt 0.548848 0.549541 
vt 0.552131 0.549541 
vt 0.611584 0.595369 
vt 0.6076 0.595369 
vt 0.6076 0.549541 
vt 0.611584 0.549541 
vt 0.523454 0.544615 
vt 0.525548 0.542809 
vt 0.54905 0.542809 
vt 0.551146 0.544615 
vt 0.522032 0.543607 
vt 0.523454 0.544615 
vt 0.524341 0.54192 
vt 0.525548 0.541724 
vt 0.522032 0.514856 
vt 0.522032 0.543607 
vt 0.524341 0.516586 
vt 0.524341 0.540938 
vt 0.524341 0.517447 
vt 0.524341 0.538352 
vt 0.523454 0.513879 
vt 0.522032 0.514856 
vt 0.525548 0.515725 
vt 0.525548 0.516701 
vt 0.524341 0.520057 
vt 0.551147 0.513879 
vt 0.523454 0.513879 
vt 0.549052 0.515725 
vt 0.55255 0.514857 
vt 0.551147 0.513879 
vt 0.550242 0.516589 
vt 0.549051 0.516701 
vt 0.525548 0.519426 
vt 0.525548 0.524064 
vt 0.549051 0.519426 
vt 0.524341 0.524355 
vt 0.549051 0.524064 
vt 0.524341 0.534252 
vt 0.550242 0.520059 
vt 0.550242 0.517448 
vt 0.524341 0.529631 
vt 0.525548 0.534598 
vt 0.525548 0.529645 
vt 0.525548 0.539036 
vt 0.549051 0.529645 
vt 0.549051 0.534598 
vt 0.549051 0.539036 
vt 0.54905 0.541724 
vt 0.550242 0.529631 
vt 0.550242 0.524355 
vt 0.550242 0.534252 
vt 0.550242 0.538352 
vt 0.550242 0.540938 
vt 0.550242 0.54192 
vt 0.551146 0.544615 
vt 0.55255 0.543606 
vt 0.55255 0.543606 
vt 0.55255 0.514857 
vt 0.488164 0.544682 
vt 0.490263 0.542772 
vt 0.513812 0.542772 
vt 0.486739 0.5437 
vt 0.515913 0.544682 
vt 0.489053 0.541879 
vt 0.486739 0.514805 
vt 0.490263 0.541682 
vt 0.515007 0.541879 
vt 0.517319 0.543699 
vt 0.513812 0.541682 
vt 0.515007 0.516421 
vt 0.517319 0.514807 
vt 0.515007 0.540892 
vt 0.513813 0.515554 
vt 0.515913 0.513793 
vt 0.515007 0.517285 
vt 0.515007 0.538293 
vt 0.490263 0.515554 
vt 0.488164 0.513793 
vt 0.513813 0.516535 
vt 0.489053 0.516419 
vt 0.490263 0.516535 
vt 0.489053 0.517284 
vt 0.489053 0.540892 
vt 0.489053 0.538293 
vt 0.489053 0.519907 
vt 0.490263 0.519273 
vt 0.490263 0.523934 
vt 0.513813 0.519273 
vt 0.515007 0.519909 
vt 0.513813 0.523934 
vt 0.489053 0.524226 
vt 0.489053 0.534172 
vt 0.489053 0.529529 
vt 0.490263 0.529543 
vt 0.490263 0.53452 
vt 0.490263 0.538981 
vt 0.513813 0.529543 
vt 0.513813 0.53452 
vt 0.513813 0.538981 
vt 0.515007 0.529529 
vt 0.515007 0.534172 
vt 0.515007 0.524227 
vt 0.732469 0.595369 
vt 0.676889 0.595369 
vt 0.676889 0.549541 
vt 0.732469 0.549541 
vt 0.6076 0.595369 
vt 0.552131 0.595449 
vt 0.552131 0.549541 
vt 0.6076 0.549541 
vt 0.487032 0.549541 
vt 0.548848 0.549541 
vt 0.548848 0.595369 
vt 0.487032 0.595369 
vt 0.673906 0.595369 
vt 0.611584 0.595369 
vt 0.611584 0.549541 
vt 0.673906 0.549541 

usemtl Bacon1Mtl

f 1547/1547/1547 1548/1548/1548 1549/1549/1549 
f 1547/1547/1547 1549/1549/1549 1550/1550/1550 
f 1551/1551/1551 1552/1552/1552 1553/1553/1553 
f 1551/1551/1551 1553/1553/1553 1554/1554/1554 
f 1555/1555/1555 1556/1556/1556 1557/1557/1557 
f 1555/1555/1555 1557/1557/1557 1558/1558/1558 
f 1559/1559/1559 1560/1560/1560 1561/1561/1561 
f 1559/1559/1559 1561/1561/1561 1562/1562/1562 
f 1563/1563/1563 1564/1564/1564 1565/1565/1565 
f 1563/1563/1563 1565/1565/1565 1566/1566/1566 
f 1567/1567/1567 1564/1564/1564 1568/1568/1568 
f 1567/1567/1567 1569/1569/1569 1564/1564/1564 
f 1570/1570/1570 1565/1565/1565 1564/1564/1564 
f 1569/1569/1569 1570/1570/1570 1564/1564/1564 
f 1571/1571/1571 1569/1569/1569 1572/1572/1572 
f 1571/1571/1571 1573/1573/1573 1569/1569/1569 
f 1569/1569/1569 1574/1574/1574 1570/1570/1570 
f 1575/1575/1575 1574/1574/1574 1569/1569/1569 
f 1575/1575/1575 1569/1569/1569 1573/1573/1573 
f 1575/1575/1575 1576/1576/1576 1574/1574/1574 
f 1570/1570/1570 1574/1574/1574 1576/1576/1576 
f 1577/1577/1577 1573/1573/1573 1578/1578/1578 
f 1577/1577/1577 1579/1579/1579 1573/1573/1573 
f 1580/1580/1580 1575/1575/1575 1573/1573/1573 
f 1580/1580/1580 1573/1573/1573 1579/1579/1579 
f 1580/1580/1580 1581/1581/1581 1575/1575/1575 
f 1575/1575/1575 1581/1581/1581 1576/1576/1576 
f 1582/1582/1582 1579/1579/1579 1583/1583/1583 
f 1582/1582/1582 1584/1584/1584 1579/1579/1579 
f 1585/1585/1585 1584/1584/1584 1586/1586/1586 
f 1585/1585/1585 1587/1587/1587 1584/1584/1584 
f 1588/1588/1588 1579/1579/1579 1584/1584/1584 
f 1588/1588/1588 1580/1580/1580 1579/1579/1579 
f 1587/1587/1587 1588/1588/1588 1584/1584/1584 
f 1580/1580/1580 1589/1589/1589 1581/1581/1581 
f 1588/1588/1588 1589/1589/1589 1580/1580/1580 
f 1581/1581/1581 1589/1589/1589 1590/1590/1590 
f 1588/1588/1588 1591/1591/1591 1589/1589/1589 
f 1591/1591/1591 1590/1590/1590 1589/1589/1589 
f 1581/1581/1581 1590/1590/1590 1592/1592/1592 
f 1592/1592/1592 1576/1576/1576 1581/1581/1581 
f 1591/1591/1591 1593/1593/1593 1590/1590/1590 
f 1592/1592/1592 1594/1594/1594 1576/1576/1576 
f 1588/1588/1588 1595/1595/1595 1591/1591/1591 
f 1595/1595/1595 1593/1593/1593 1591/1591/1591 
f 1588/1588/1588 1596/1596/1596 1595/1595/1595 
f 1587/1587/1587 1596/1596/1596 1588/1588/1588 
f 1592/1592/1592 1597/1597/1597 1594/1594/1594 
f 1590/1590/1590 1597/1597/1597 1592/1592/1592 
f 1576/1576/1576 1594/1594/1594 1598/1598/1598 
f 1598/1598/1598 1594/1594/1594 1597/1597/1597 
f 1590/1590/1590 1599/1599/1599 1597/1597/1597 
f 1598/1598/1598 1597/1597/1597 1599/1599/1599 
f 1593/1593/1593 1599/1599/1599 1590/1590/1590 
f 1576/1576/1576 1598/1598/1598 1600/1600/1600 
f 1570/1570/1570 1576/1576/1576 1600/1600/1600 
f 1598/1598/1598 1599/1599/1599 1601/1601/1601 
f 1593/1593/1593 1601/1601/1601 1599/1599/1599 
f 1600/1600/1600 1598/1598/1598 1602/1602/1602 
f 1598/1598/1598 1601/1601/1601 1602/1602/1602 
f 1570/1570/1570 1600/1600/1600 1603/1603/1603 
f 1600/1600/1600 1602/1602/1602 1603/1603/1603 
f 1570/1570/1570 1603/1603/1603 1604/1604/1604 
f 1570/1570/1570 1604/1604/1604 1565/1565/1565 
f 1593/1593/1593 1605/1605/1605 1601/1601/1601 
f 1602/1602/1602 1601/1601/1601 1605/1605/1605 
f 1593/1593/1593 1606/1606/1606 1605/1605/1605 
f 1595/1595/1595 1606/1606/1606 1593/1593/1593 
f 1602/1602/1602 1605/1605/1605 1607/1607/1607 
f 1606/1606/1606 1607/1607/1607 1605/1605/1605 
f 1606/1606/1606 1595/1595/1595 1608/1608/1608 
f 1606/1606/1606 1608/1608/1608 1607/1607/1607 
f 1608/1608/1608 1602/1602/1602 1607/1607/1607 
f 1608/1608/1608 1603/1603/1603 1602/1602/1602 
f 1604/1604/1604 1603/1603/1603 1608/1608/1608 
f 1596/1596/1596 1608/1608/1608 1595/1595/1595 
f 1596/1596/1596 1609/1609/1609 1608/1608/1608 
f 1604/1604/1604 1608/1608/1608 1609/1609/1609 
f 1609/1609/1609 1596/1596/1596 1587/1587/1587 
f 1604/1604/1604 1609/1609/1609 1610/1610/1610 
f 1609/1609/1609 1587/1587/1587 1610/1610/1610 
f 1604/1604/1604 1610/1610/1610 1565/1565/1565 
f 1611/1611/1611 1565/1565/1565 1610/1610/1610 
f 1611/1611/1611 1610/1610/1610 1612/1612/1612 
f 1613/1613/1613 1610/1610/1610 1587/1587/1587 
f 1613/1613/1613 1587/1587/1587 1614/1614/1614 
f 1615/1615/1615 1616/1616/1616 1617/1617/1617 
f 1618/1618/1618 1616/1616/1616 1615/1615/1615 
f 1615/1615/1615 1617/1617/1617 1619/1619/1619 
f 1618/1618/1618 1620/1620/1620 1616/1616/1616 
f 1621/1621/1621 1620/1620/1620 1618/1618/1618 
f 1622/1622/1622 1617/1617/1617 1616/1616/1616 
f 1620/1620/1620 1622/1622/1622 1616/1616/1616 
f 1619/1619/1619 1617/1617/1617 1623/1623/1623 
f 1619/1619/1619 1623/1623/1623 1624/1624/1624 
f 1625/1625/1625 1623/1623/1623 1617/1617/1617 
f 1622/1622/1622 1625/1625/1625 1617/1617/1617 
f 1624/1624/1624 1623/1623/1623 1626/1626/1626 
f 1624/1624/1624 1626/1626/1626 1627/1627/1627 
f 1625/1625/1625 1628/1628/1628 1623/1623/1623 
f 1628/1628/1628 1626/1626/1626 1623/1623/1623 
f 1627/1627/1627 1626/1626/1626 1629/1629/1629 
f 1627/1627/1627 1629/1629/1629 1630/1630/1630 
f 1628/1628/1628 1631/1631/1631 1626/1626/1626 
f 1625/1625/1625 1632/1632/1632 1628/1628/1628 
f 1631/1631/1631 1628/1628/1628 1632/1632/1632 
f 1630/1630/1630 1629/1629/1629 1633/1633/1633 
f 1630/1630/1630 1633/1633/1633 1634/1634/1634 
f 1626/1626/1626 1635/1635/1635 1629/1629/1629 
f 1626/1626/1626 1631/1631/1631 1635/1635/1635 
f 1635/1635/1635 1633/1633/1633 1629/1629/1629 
f 1634/1634/1634 1633/1633/1633 1636/1636/1636 
f 1634/1634/1634 1636/1636/1636 1621/1621/1621 
f 1621/1621/1621 1636/1636/1636 1620/1620/1620 
f 1637/1637/1637 1636/1636/1636 1633/1633/1633 
f 1635/1635/1635 1637/1637/1637 1633/1633/1633 
f 1638/1638/1638 1620/1620/1620 1636/1636/1636 
f 1637/1637/1637 1638/1638/1638 1636/1636/1636 
f 1638/1638/1638 1639/1639/1639 1620/1620/1620 
f 1620/1620/1620 1639/1639/1639 1622/1622/1622 
f 1638/1638/1638 1640/1640/1640 1639/1639/1639 
f 1622/1622/1622 1639/1639/1639 1640/1640/1640 
f 1637/1637/1637 1641/1641/1641 1638/1638/1638 
f 1638/1638/1638 1641/1641/1641 1640/1640/1640 
f 1637/1637/1637 1642/1642/1642 1641/1641/1641 
f 1635/1635/1635 1642/1642/1642 1637/1637/1637 
f 1641/1641/1641 1642/1642/1642 1643/1643/1643 
f 1635/1635/1635 1644/1644/1644 1642/1642/1642 
f 1644/1644/1644 1643/1643/1643 1642/1642/1642 
f 1635/1635/1635 1645/1645/1645 1644/1644/1644 
f 1635/1635/1635 1631/1631/1631 1645/1645/1645 
f 1645/1645/1645 1646/1646/1646 1644/1644/1644 
f 1644/1644/1644 1646/1646/1646 1643/1643/1643 
f 1631/1631/1631 1632/1632/1632 1645/1645/1645 
f 1641/1641/1641 1643/1643/1643 1647/1647/1647 
f 1647/1647/1647 1640/1640/1640 1641/1641/1641 
f 1647/1647/1647 1648/1648/1648 1640/1640/1640 
f 1643/1643/1643 1649/1649/1649 1647/1647/1647 
f 1647/1647/1647 1649/1649/1649 1648/1648/1648 
f 1643/1643/1643 1650/1650/1650 1649/1649/1649 
f 1646/1646/1646 1650/1650/1650 1643/1643/1643 
f 1651/1651/1651 1648/1648/1648 1649/1649/1649 
f 1640/1640/1640 1648/1648/1648 1651/1651/1651 
f 1651/1651/1651 1649/1649/1649 1650/1650/1650 
f 1640/1640/1640 1651/1651/1651 1652/1652/1652 
f 1622/1622/1622 1640/1640/1640 1652/1652/1652 
f 1651/1651/1651 1650/1650/1650 1653/1653/1653 
f 1646/1646/1646 1653/1653/1653 1650/1650/1650 
f 1652/1652/1652 1651/1651/1651 1654/1654/1654 
f 1651/1651/1651 1653/1653/1653 1654/1654/1654 
f 1622/1622/1622 1652/1652/1652 1655/1655/1655 
f 1652/1652/1652 1654/1654/1654 1655/1655/1655 
f 1622/1622/1622 1655/1655/1655 1625/1625/1625 
f 1625/1625/1625 1655/1655/1655 1632/1632/1632 
f 1632/1632/1632 1655/1655/1655 1654/1654/1654 
f 1654/1654/1654 1653/1653/1653 1656/1656/1656 
f 1646/1646/1646 1656/1656/1656 1653/1653/1653 
f 1632/1632/1632 1654/1654/1654 1657/1657/1657 
f 1654/1654/1654 1656/1656/1656 1657/1657/1657 
f 1646/1646/1646 1658/1658/1658 1656/1656/1656 
f 1658/1658/1658 1657/1657/1657 1656/1656/1656 
f 1658/1658/1658 1632/1632/1632 1657/1657/1657 
f 1645/1645/1645 1658/1658/1658 1646/1646/1646 
f 1658/1658/1658 1645/1645/1645 1632/1632/1632 
f 1659/1659/1659 1660/1660/1660 1661/1661/1661 
f 1659/1659/1659 1661/1661/1661 1662/1662/1662 
f 1663/1663/1663 1664/1664/1664 1665/1665/1665 
f 1663/1663/1663 1665/1665/1665 1666/1666/1666 
f 1667/1667/1667 1668/1668/1668 1669/1669/1669 
f 1667/1667/1667 1669/1669/1669 1670/1670/1670 
f 1671/1671/1671 1672/1672/1672 1673/1673/1673 
f 1671/1671/1671 1673/1673/1673 1674/1674/1674 

g Bacon9

v 1.10211 1.03553 2.40994 
v 1.13524 1.002 2.40991 
v 1.1353 1.03553 2.43708 
v 1.78987 1.03553 2.43708 
v 1.78988 1.002 2.40984 
v 1.8235 1.03553 2.40994 
v 1.8235 1.03553 2.40994 
v 1.8235 1.47382 2.40994 
v 1.78987 1.47382 2.43708 
v 1.78987 1.03553 2.43708 
v 1.10211 1.47382 2.40991 
v 1.10211 1.03553 2.40994 
v 1.1353 1.03553 2.43708 
v 1.13529 1.47382 2.43708 
v 1.78987 1.03553 2.43708 
v 1.78987 1.47382 2.43708 
v 1.13529 1.47382 2.43708 
v 1.1353 1.03553 2.43708 
v 1.13524 1.002 2.40991 
v 1.78988 1.002 2.40984 
v 1.78987 1.03553 2.43708 
v 1.1353 1.03553 2.43708 
v 1.13529 1.47382 2.43708 
v 1.78987 1.47382 2.43708 
v 1.73592 1.6139 2.35418 
v 1.18929 1.6139 2.35419 
v 1.22857 1.71939 2.27953 
v 1.69666 1.71939 2.27953 
v 1.25572 1.79839 2.15627 
v 1.66955 1.79839 2.15627 
v 1.26261 1.82206 2.01872 
v 1.66266 1.82206 2.01872 
v 1.25571 1.79962 1.86374 
v 1.66955 1.79962 1.86374 
v 1.22856 1.72023 1.73492 
v 1.69666 1.72023 1.73492 
v 1.18926 1.61427 1.65926 
v 1.13524 1.002 2.40991 
v 1.10211 1.03553 2.40994 
v 1.10211 1.03563 1.61149 
v 1.13531 1.002 1.58348 
v 1.78987 1.002 1.58349 
v 1.8235 1.03553 1.61149 
v 1.8235 1.03553 2.40994 
v 1.78988 1.002 2.40984 
v 1.1353 1.47309 1.58348 
v 1.10211 1.47377 1.6115 
v 1.15119 1.60544 1.68 
v 1.18926 1.61427 1.65926 
v 1.18676 1.70304 1.75249 
v 1.22856 1.72023 1.73492 
v 1.25571 1.79962 1.86374 
v 1.21321 1.77849 1.87182 
v 1.22153 1.79749 2.01835 
v 1.26261 1.82206 2.01872 
v 1.25572 1.79839 2.15627 
v 1.21321 1.77731 2.14666 
v 1.18676 1.70182 2.26052 
v 1.22857 1.71939 2.27953 
v 1.18929 1.6139 2.35419 
v 1.15119 1.60483 2.33236 
v 1.10211 1.47382 2.40991 
v 1.15119 1.60483 2.33236 
v 1.15119 1.60544 1.68 
v 1.18676 1.70182 2.26052 
v 1.18676 1.70304 1.75249 
v 1.21321 1.77849 1.87182 
v 1.21321 1.77731 2.14666 
v 1.22153 1.79749 2.01835 
v 1.13636 1.002 1.50162 
v 1.10212 1.03553 1.48959 
v 1.1353 1.03553 1.40068 
v 1.10211 1.03553 1.61149 
v 1.13636 1.002 1.58349 
v 1.16639 1.002 1.4165 
v 1.21295 1.002 1.3371 
v 1.18674 1.03553 1.3162 
v 1.24432 1.03553 1.26245 
v 1.26506 1.002 1.28606 
v 1.32756 1.002 1.25214 
v 1.31338 1.03553 1.22582 
v 1.38875 1.03553 1.20361 
v 1.39577 1.002 1.23101 
v 1.46276 1.03553 1.19408 
v 1.46276 1.002 1.2223 
v 1.53677 1.03553 1.20361 
v 1.52974 1.002 1.23101 
v 1.61214 1.03553 1.22582 
v 1.59796 1.002 1.25214 
v 1.66045 1.002 1.28606 
v 1.6812 1.03553 1.26245 
v 1.73878 1.03553 1.3162 
v 1.71257 1.002 1.3371 
v 1.75913 1.002 1.4165 
v 1.79022 1.03553 1.40068 
v 1.78916 1.002 1.50162 
v 1.8234 1.03553 1.48959 
v 1.82341 1.03553 1.61149 
v 1.78916 1.002 1.58349 
v 1.8235 1.03553 1.61149 
v 1.8235 1.47377 1.61148 
v 1.8235 1.47382 2.40994 
v 1.8235 1.03553 2.40994 
v 1.10211 1.47377 1.6115 
v 1.10211 1.03563 1.61149 
v 1.10211 1.03553 2.40994 
v 1.10211 1.47382 2.40991 
v 1.13531 1.002 1.58348 
v 1.78987 1.002 1.58349 
v 1.78988 1.002 2.40984 
v 1.13524 1.002 2.40991 
v 1.13636 1.002 1.50162 
v 1.16639 1.002 1.4165 
v 1.46276 1.002 1.58349 
v 1.13636 1.002 1.58349 
v 1.21295 1.002 1.3371 
v 1.26506 1.002 1.28606 
v 1.32756 1.002 1.25214 
v 1.39577 1.002 1.23101 
v 1.46276 1.002 1.2223 
v 1.52974 1.002 1.23101 
v 1.59796 1.002 1.25214 
v 1.66045 1.002 1.28606 
v 1.71257 1.002 1.3371 
v 1.75913 1.002 1.4165 
v 1.78916 1.002 1.50162 
v 1.78916 1.002 1.58349 
v 1.10211 1.03563 1.61149 
v 1.10211 1.47377 1.6115 
v 1.1353 1.47309 1.58348 
v 1.13531 1.002 1.58348 
v 1.78987 1.002 1.58349 
v 1.78987 1.47309 1.58348 
v 1.8235 1.47377 1.61148 
v 1.8235 1.03553 1.61149 
v 1.73592 1.61427 1.65926 
v 1.78987 1.47309 1.58348 
v 1.8235 1.47377 1.61148 
v 1.73592 1.61427 1.65926 
v 1.77439 1.60544 1.67996 
v 1.73881 1.70304 1.75246 
v 1.69666 1.72023 1.73492 
v 1.66955 1.79962 1.86374 
v 1.71236 1.77849 1.8718 
v 1.70405 1.79749 2.01835 
v 1.66266 1.82206 2.01872 
v 1.66955 1.79839 2.15627 
v 1.71236 1.77731 2.14666 
v 1.73881 1.70182 2.26053 
v 1.69666 1.71939 2.27953 
v 1.73592 1.6139 2.35418 
v 1.77439 1.60483 2.33236 
v 1.8235 1.47382 2.40994 
v 1.77439 1.60544 1.67996 
v 1.77439 1.60483 2.33236 
v 1.73881 1.70182 2.26053 
v 1.73881 1.70304 1.75246 
v 1.71236 1.77849 1.8718 
v 1.71236 1.77731 2.14666 
v 1.70405 1.79749 2.01835 
v 1.10212 1.03553 1.48959 
v 1.10212 1.08059 1.50048 
v 1.1353 1.11603 1.41669 
v 1.1353 1.03553 1.40068 
v 1.10211 1.03553 1.61149 
v 1.18674 1.14836 1.33865 
v 1.1353 1.18427 1.4623 
v 1.18674 1.03553 1.3162 
v 1.10212 1.1146 1.52414 
v 1.10212 1.14249 1.56526 
v 1.10211 1.14813 1.61149 
v 1.1353 1.24588 1.61147 
v 1.1353 1.22987 1.53054 
v 1.18674 1.30792 1.49821 
v 1.18674 1.33037 1.61147 
v 1.18674 1.24401 1.40256 
v 1.24432 1.35684 1.4774 
v 1.24432 1.38241 1.61147 
v 1.31338 1.42075 1.61147 
v 1.24432 1.28089 1.36451 
v 1.31338 1.39143 1.46362 
v 1.38875 1.44274 1.61147 
v 1.24432 1.16799 1.28973 
v 1.24432 1.03553 1.26245 
v 1.31338 1.03553 1.22582 
v 1.38875 1.41388 1.45446 
v 1.46276 1.45249 1.61147 
v 1.31338 1.30792 1.33865 
v 1.31338 1.18295 1.25514 
v 1.38875 1.19192 1.23435 
v 1.38875 1.03553 1.20361 
v 1.38875 1.32319 1.32169 
v 1.46276 1.19509 1.22582 
v 1.46276 1.03553 1.19408 
v 1.53677 1.03553 1.20361 
v 1.46276 1.42075 1.45148 
v 1.53677 1.44274 1.61147 
v 1.46276 1.33037 1.3162 
v 1.53677 1.19192 1.23435 
v 1.53677 1.41388 1.45446 
v 1.61214 1.42075 1.61147 
v 1.53677 1.32319 1.32169 
v 1.61214 1.39143 1.46362 
v 1.6812 1.35684 1.4774 
v 1.6812 1.38241 1.61147 
v 1.61214 1.30792 1.33865 
v 1.73878 1.33037 1.61147 
v 1.61214 1.18295 1.25514 
v 1.61214 1.03553 1.22582 
v 1.6812 1.28089 1.36451 
v 1.6812 1.16799 1.28973 
v 1.6812 1.03553 1.26245 
v 1.73878 1.14836 1.33865 
v 1.73878 1.03553 1.3162 
v 1.73878 1.30792 1.49821 
v 1.73878 1.24401 1.40256 
v 1.79022 1.11603 1.41669 
v 1.79022 1.22987 1.53054 
v 1.79022 1.24588 1.61147 
v 1.79022 1.18427 1.4623 
v 1.79022 1.03553 1.40068 
v 1.8234 1.1146 1.52414 
v 1.8234 1.14249 1.56526 
v 1.82341 1.14813 1.61149 
v 1.82341 1.03553 1.61149 
v 1.8234 1.08059 1.50048 
v 1.8234 1.03553 1.48959 
v 1.13531 1.002 1.58348 
v 1.1353 1.47309 1.58348 
v 1.78987 1.47309 1.58348 
v 1.78987 1.002 1.58349 

vn -0.535433 -0.527559 0.653543 
vn -0.535433 -0.527559 0.653543 
vn -0.535433 -0.527559 0.653543 
vn 0.527559 -0.535433 0.661417 
vn 0.527559 -0.535433 0.661417 
vn 0.527559 -0.535433 0.661417 
vn 0.629921 0 0.779528 
vn 0.629921 0 0.779528 
vn 0.629921 0 0.779528 
vn 0.629921 0 0.779528 
vn -0.629921 0 0.771654 
vn -0.629921 0 0.771654 
vn -0.629921 0 0.771654 
vn -0.629921 0 0.771654 
vn 0 0 1 
vn 0 0 1 
vn 0 0 1 
vn 0 0 1 
vn 0 -0.629921 0.779528 
vn 0 -0.629921 0.779528 
vn 0 -0.629921 0.779528 
vn 0 -0.629921 0.779528 
vn -0.181102 0.905512 0.393701 
vn 0.173228 0.905512 0.393701 
vn 0 0.433071 0.905512 
vn 0 0.433071 0.905512 
vn 0 0.724409 0.692913 
vn 0 0.724409 0.692913 
vn 0 0.929134 0.362205 
vn 0 0.929134 0.362205 
vn 0 1 0.015748 
vn 0 1 0.015748 
vn 0 0.937008 -0.338583 
vn 0 0.937008 -0.338583 
vn 0 0.732283 -0.685039 
vn 0 0.732283 -0.685039 
vn 0 0.417323 -0.905512 
vn -0.708661 -0.700787 0 
vn -0.708661 -0.700787 0 
vn -0.708661 -0.700787 0 
vn -0.708661 -0.700787 0 
vn 0.708661 -0.708661 0 
vn 0.708661 -0.708661 0 
vn 0.708661 -0.708661 0 
vn 0.708661 -0.708661 0 
vn -0.181102 0.889764 -0.417323 
vn -0.377953 0.905512 -0.204724 
vn -0.637795 0.322835 -0.692913 
vn -0.637795 0.322835 -0.700787 
vn -0.637795 0.566929 -0.519685 
vn -0.637795 0.559055 -0.527559 
vn -0.645669 0.716535 -0.259843 
vn -0.645669 0.724409 -0.259843 
vn -0.637795 0.76378 0.00787402 
vn -0.637795 0.76378 0.00787402 
vn -0.653543 0.708661 0.275591 
vn -0.653543 0.708661 0.267717 
vn -0.661417 0.551181 0.519685 
vn -0.661417 0.543307 0.519685 
vn -0.653543 0.322835 0.685039 
vn -0.653543 0.330709 0.677165 
vn -0.370079 0.905512 0.188976 
vn -1 0 0 
vn -1 0 0 
vn -1 0 0 
vn -1 0 0 
vn -1 0 0 
vn -1 0 0 
vn -1 0 0 
vn -0.677165 -0.724409 -0.110236 
vn -0.677165 -0.724409 -0.125984 
vn -0.622047 -0.724409 -0.299213 
vn -0.700787 -0.716535 0 
vn -0.700787 -0.716535 0 
vn -0.622047 -0.724409 -0.299213 
vn -0.551181 -0.708661 -0.440945 
vn -0.551181 -0.708661 -0.440945 
vn -0.433071 -0.685039 -0.590551 
vn -0.425197 -0.685039 -0.590551 
vn -0.283465 -0.661417 -0.692913 
vn -0.291339 -0.661417 -0.692913 
vn -0.15748 -0.645669 -0.748031 
vn -0.15748 -0.645669 -0.748031 
vn 0 -0.645669 -0.76378 
vn 0 -0.645669 -0.76378 
vn 0.15748 -0.645669 -0.748031 
vn 0.15748 -0.645669 -0.748031 
vn 0.291339 -0.661417 -0.692913 
vn 0.283465 -0.661417 -0.692913 
vn 0.425197 -0.685039 -0.590551 
vn 0.433071 -0.685039 -0.590551 
vn 0.551181 -0.708661 -0.440945 
vn 0.551181 -0.708661 -0.440945 
vn 0.622047 -0.724409 -0.299213 
vn 0.622047 -0.724409 -0.299213 
vn 0.677165 -0.724409 -0.110236 
vn 0.677165 -0.724409 -0.125984 
vn 0.700787 -0.716535 0 
vn 0.700787 -0.716535 0 
vn 1 0 0 
vn 1 0 0 
vn 1 0 0 
vn 1 0 0 
vn -1 0 0 
vn -1 0 0 
vn -1 0 0 
vn -1 0 0 
vn 0 -1 0 
vn 0 -1 0 
vn 0 -1 0 
vn 0 -1 0 
vn 0 -1 0 
vn 0 -1 0 
vn 0 -1 0 
vn 0 -1 0 
vn 0 -1 0 
vn 0 -1 0 
vn 0 -1 0 
vn 0 -1 0 
vn 0 -1 0 
vn 0 -1 0 
vn 0 -1 0 
vn 0 -1 0 
vn 0 -1 0 
vn 0 -1 0 
vn 0 -1 0 
vn 0 -1 0 
vn -0.645669 0 -0.76378 
vn -0.645669 0 -0.76378 
vn -0.645669 0 -0.76378 
vn -0.645669 0 -0.76378 
vn 0.637795 0 -0.771654 
vn 0.637795 0 -0.771654 
vn 0.637795 0 -0.771654 
vn 0.637795 0 -0.771654 
vn 0 0.417323 -0.905512 
vn 0.181102 0.889764 -0.417323 
vn 0.377953 0.905512 -0.204724 
vn 0.629921 0.322835 -0.700787 
vn 0.629921 0.330709 -0.700787 
vn 0.637795 0.566929 -0.527559 
vn 0.637795 0.559055 -0.527559 
vn 0.637795 0.724409 -0.259843 
vn 0.637795 0.724409 -0.259843 
vn 0.637795 0.771654 0.00787402 
vn 0.637795 0.771654 0.00787402 
vn 0.645669 0.708661 0.275591 
vn 0.645669 0.716535 0.275591 
vn 0.653543 0.551181 0.519685 
vn 0.653543 0.543307 0.527559 
vn 0.653543 0.322835 0.685039 
vn 0.653543 0.330709 0.685039 
vn 0.370079 0.905512 0.19685 
vn 1 0 0 
vn 1 0 0 
vn 1 0 0 
vn 1 0 0 
vn 1 0 0 
vn 1 0 0 
vn 1 0 0 
vn -0.976378 0.0393701 -0.19685 
vn -0.984252 0.0787402 -0.181102 
vn -0.897638 0.173228 -0.409449 
vn -0.889764 0.0866142 -0.440945 
vn -1 0 0 
vn -0.76378 0.244094 -0.598425 
vn -0.897638 0.314961 -0.314961 
vn -0.755906 0.125984 -0.637795 
vn -0.984252 0.133858 -0.133858 
vn -0.984252 0.181102 -0.0708661 
vn -0.984252 0.181102 -0.0314961 
vn -0.897638 0.433071 -0.0787402 
vn -0.897638 0.401575 -0.165354 
vn -0.76378 0.598425 -0.244094 
vn -0.755906 0.637795 -0.125984 
vn -0.76378 0.456693 -0.456693 
vn -0.574803 0.755906 -0.314961 
vn -0.566929 0.811024 -0.15748 
vn -0.377953 0.905512 -0.173228 
vn -0.574803 0.574803 -0.582677 
vn -0.385827 0.850394 -0.354331 
vn -0.19685 0.96063 -0.181102 
vn -0.574803 0.314961 -0.755906 
vn -0.566929 0.165354 -0.811024 
vn -0.370079 0.181102 -0.913386 
vn -0.204724 0.905512 -0.370079 
vn 0 0.984252 -0.188976 
vn -0.385827 0.653543 -0.653543 
vn -0.377953 0.354331 -0.858268 
vn -0.204724 0.377953 -0.905512 
vn -0.19685 0.188976 -0.96063 
vn -0.204724 0.685039 -0.692913 
vn 0 0.377953 -0.92126 
vn 0 0.19685 -0.984252 
vn 0.19685 0.188976 -0.96063 
vn 0 0.92126 -0.377953 
vn 0.19685 0.96063 -0.181102 
vn 0 0.708661 -0.708661 
vn 0.204724 0.377953 -0.905512 
vn 0.204724 0.905512 -0.370079 
vn 0.377953 0.905512 -0.173228 
vn 0.204724 0.685039 -0.692913 
vn 0.385827 0.850394 -0.354331 
vn 0.574803 0.755906 -0.314961 
vn 0.566929 0.811024 -0.15748 
vn 0.385827 0.653543 -0.653543 
vn 0.755906 0.637795 -0.125984 
vn 0.377953 0.354331 -0.858268 
vn 0.370079 0.181102 -0.913386 
vn 0.574803 0.574803 -0.582677 
vn 0.574803 0.314961 -0.755906 
vn 0.566929 0.165354 -0.811024 
vn 0.76378 0.244094 -0.598425 
vn 0.755906 0.125984 -0.637795 
vn 0.76378 0.598425 -0.244094 
vn 0.76378 0.456693 -0.456693 
vn 0.897638 0.173228 -0.409449 
vn 0.897638 0.401575 -0.165354 
vn 0.897638 0.433071 -0.0787402 
vn 0.897638 0.314961 -0.314961 
vn 0.889764 0.0866142 -0.440945 
vn 0.984252 0.133858 -0.133858 
vn 0.984252 0.181102 -0.0708661 
vn 0.984252 0.181102 -0.0314961 
vn 1 0 0 
vn 0.984252 0.0787402 -0.181102 
vn 0.976378 0.0393701 -0.19685 
vn 0 0 -1 
vn 0 0 -1 
vn 0 0 -1 
vn 0 0 -1 

vt 0.739825 0.449628 
vt 0.736201 0.449628 
vt 0.739825 0.447525 
vt 0.678398 0.447525 
vt 0.681933 0.449628 
vt 0.678398 0.449628 
vt 0.548593 0.474807 
vt 0.548593 0.489912 
vt 0.545456 0.489912 
vt 0.545456 0.474807 
vt 0.486604 0.489912 
vt 0.486604 0.474807 
vt 0.490125 0.474807 
vt 0.490125 0.489912 
vt 0.545456 0.474807 
vt 0.545456 0.489912 
vt 0.490125 0.489912 
vt 0.490125 0.474807 
vt 0.736201 0.449628 
vt 0.681933 0.449628 
vt 0.678398 0.447525 
vt 0.739825 0.447525 
vt 0.67219 0.489914 
vt 0.644215 0.489914 
vt 0.64633 0.486942 
vt 0.670072 0.486942 
vt 0.670072 0.484265 
vt 0.64633 0.484265 
vt 0.670073 0.479846 
vt 0.64633 0.479846 
vt 0.670073 0.474914 
vt 0.64633 0.474914 
vt 0.670073 0.469357 
vt 0.64633 0.469357 
vt 0.670073 0.464738 
vt 0.64633 0.464738 
vt 0.670073 0.462025 
vt 0.736201 0.449628 
vt 0.739825 0.449628 
vt 0.739825 0.48915 
vt 0.736201 0.48915 
vt 0.681933 0.48915 
vt 0.67834 0.48915 
vt 0.678398 0.449628 
vt 0.681933 0.449628 
vt 0.672189 0.459308 
vt 0.673608 0.460312 
vt 0.671276 0.462769 
vt 0.670073 0.462025 
vt 0.671276 0.465368 
vt 0.670073 0.464738 
vt 0.670073 0.469357 
vt 0.671276 0.469646 
vt 0.671276 0.4749 
vt 0.670073 0.474914 
vt 0.670073 0.479846 
vt 0.671276 0.479501 
vt 0.671276 0.483584 
vt 0.670072 0.484265 
vt 0.670072 0.486942 
vt 0.671276 0.48616 
vt 0.673608 0.48894 
vt 0.671276 0.48616 
vt 0.671276 0.462769 
vt 0.671276 0.483584 
vt 0.671276 0.465368 
vt 0.671276 0.469646 
vt 0.671276 0.479501 
vt 0.671276 0.4749 
vt 0.736048 0.494533 
vt 0.739825 0.49528 
vt 0.739825 0.50162 
vt 0.739825 0.48915 
vt 0.736151 0.48915 
vt 0.736048 0.499872 
vt 0.736048 0.507365 
vt 0.739825 0.5094 
vt 0.731739 0.5094 
vt 0.729032 0.507365 
vt 0.722746 0.507365 
vt 0.724594 0.5094 
vt 0.716753 0.5094 
vt 0.715886 0.507365 
vt 0.709094 0.5094 
vt 0.709216 0.507365 
vt 0.701434 0.5094 
vt 0.70234 0.507365 
vt 0.693508 0.5094 
vt 0.695332 0.507365 
vt 0.689087 0.507365 
vt 0.686411 0.5094 
vt 0.67834 0.5094 
vt 0.682036 0.507365 
vt 0.682036 0.499877 
vt 0.67834 0.501671 
vt 0.682036 0.494584 
vt 0.67834 0.495324 
vt 0.67834 0.48915 
vt 0.681926 0.48915 
vt 0.548899 0.494666 
vt 0.548899 0.5091 
vt 0.486963 0.5091 
vt 0.486963 0.494666 
vt 0.611174 0.5091 
vt 0.611174 0.494666 
vt 0.673209 0.494666 
vt 0.673209 0.5091 
vt 0.736201 0.48915 
vt 0.681933 0.48915 
vt 0.681933 0.449628 
vt 0.736201 0.449628 
vt 0.736048 0.494533 
vt 0.736048 0.499872 
vt 0.709034 0.48915 
vt 0.736151 0.48915 
vt 0.736048 0.507365 
vt 0.729032 0.507365 
vt 0.722746 0.507365 
vt 0.715886 0.507365 
vt 0.709216 0.507365 
vt 0.70234 0.507365 
vt 0.695332 0.507365 
vt 0.689087 0.507365 
vt 0.682036 0.507365 
vt 0.682036 0.499877 
vt 0.682036 0.494584 
vt 0.681926 0.48915 
vt 0.611174 0.494666 
vt 0.611174 0.5091 
vt 0.607589 0.5091 
vt 0.607589 0.494666 
vt 0.552231 0.494666 
vt 0.552231 0.5091 
vt 0.548899 0.5091 
vt 0.548899 0.494666 
vt 0.64633 0.462025 
vt 0.644215 0.459308 
vt 0.642778 0.460312 
vt 0.64633 0.462025 
vt 0.645111 0.462767 
vt 0.645111 0.465367 
vt 0.64633 0.464738 
vt 0.64633 0.469357 
vt 0.645111 0.469646 
vt 0.645111 0.4749 
vt 0.64633 0.474914 
vt 0.64633 0.479846 
vt 0.645111 0.479501 
vt 0.645111 0.483584 
vt 0.64633 0.484265 
vt 0.64633 0.486942 
vt 0.645111 0.48616 
vt 0.642778 0.488941 
vt 0.645111 0.462767 
vt 0.645111 0.48616 
vt 0.645111 0.483584 
vt 0.645111 0.465367 
vt 0.645111 0.469646 
vt 0.645111 0.479501 
vt 0.645111 0.4749 
vt 0.607589 0.494666 
vt 0.607589 0.496037 
vt 0.603324 0.497029 
vt 0.603324 0.494666 
vt 0.611174 0.494666 
vt 0.598488 0.497333 
vt 0.603324 0.499141 
vt 0.598488 0.494666 
vt 0.608536 0.497322 
vt 0.610085 0.498417 
vt 0.611174 0.498501 
vt 0.603324 0.504081 
vt 0.603324 0.501371 
vt 0.598488 0.503006 
vt 0.598488 0.506795 
vt 0.598488 0.49962 
vt 0.594117 0.503515 
vt 0.594117 0.507905 
vt 0.589672 0.508479 
vt 0.594117 0.499899 
vt 0.589672 0.503907 
vt 0.584946 0.508855 
vt 0.594117 0.497588 
vt 0.594117 0.494666 
vt 0.589672 0.494666 
vt 0.584946 0.504094 
vt 0.580439 0.508951 
vt 0.589672 0.50017 
vt 0.589672 0.497757 
vt 0.584946 0.497783 
vt 0.584946 0.494666 
vt 0.584946 0.500406 
vt 0.580439 0.497797 
vt 0.580439 0.494666 
vt 0.575541 0.494666 
vt 0.580439 0.504165 
vt 0.575541 0.50883 
vt 0.580439 0.500416 
vt 0.575541 0.497787 
vt 0.575541 0.504062 
vt 0.570842 0.508428 
vt 0.575541 0.500389 
vt 0.570842 0.503835 
vt 0.566224 0.503411 
vt 0.566224 0.507826 
vt 0.570842 0.500136 
vt 0.56155 0.50667 
vt 0.570842 0.497768 
vt 0.570842 0.494666 
vt 0.566224 0.499847 
vt 0.566224 0.497605 
vt 0.566224 0.494666 
vt 0.56155 0.497356 
vt 0.56155 0.494666 
vt 0.56155 0.502849 
vt 0.56155 0.49955 
vt 0.556845 0.496886 
vt 0.556845 0.501105 
vt 0.556845 0.503888 
vt 0.556845 0.499045 
vt 0.556845 0.494666 
vt 0.551849 0.497322 
vt 0.550894 0.498417 
vt 0.548899 0.498501 
vt 0.548899 0.494666 
vt 0.552231 0.496037 
vt 0.552231 0.494666 
vt 0.607589 0.494666 
vt 0.607589 0.5091 
vt 0.552231 0.5091 
vt 0.552231 0.494666 

usemtl Bacon1Mtl

f 1675/1675/1675 1676/1676/1676 1677/1677/1677 
f 1678/1678/1678 1679/1679/1679 1680/1680/1680 
f 1681/1681/1681 1682/1682/1682 1683/1683/1683 
f 1681/1681/1681 1683/1683/1683 1684/1684/1684 
f 1685/1685/1685 1686/1686/1686 1687/1687/1687 
f 1685/1685/1685 1687/1687/1687 1688/1688/1688 
f 1689/1689/1689 1690/1690/1690 1691/1691/1691 
f 1689/1689/1689 1691/1691/1691 1692/1692/1692 
f 1693/1693/1693 1694/1694/1694 1695/1695/1695 
f 1693/1693/1693 1695/1695/1695 1696/1696/1696 
f 1697/1697/1697 1698/1698/1698 1699/1699/1699 
f 1697/1697/1697 1699/1699/1699 1700/1700/1700 
f 1699/1699/1699 1701/1701/1701 1700/1700/1700 
f 1699/1699/1699 1702/1702/1702 1701/1701/1701 
f 1702/1702/1702 1703/1703/1703 1701/1701/1701 
f 1702/1702/1702 1704/1704/1704 1703/1703/1703 
f 1704/1704/1704 1705/1705/1705 1703/1703/1703 
f 1704/1704/1704 1706/1706/1706 1705/1705/1705 
f 1707/1707/1707 1705/1705/1705 1706/1706/1706 
f 1707/1707/1707 1706/1706/1706 1708/1708/1708 
f 1709/1709/1709 1707/1707/1707 1708/1708/1708 
f 1709/1709/1709 1708/1708/1708 1710/1710/1710 
f 1711/1711/1711 1709/1709/1709 1710/1710/1710 
f 1712/1712/1712 1713/1713/1713 1714/1714/1714 
f 1712/1712/1712 1714/1714/1714 1715/1715/1715 
f 1716/1716/1716 1717/1717/1717 1718/1718/1718 
f 1716/1716/1716 1718/1718/1718 1719/1719/1719 
f 1720/1720/1720 1721/1721/1721 1722/1722/1722 
f 1720/1720/1720 1722/1722/1722 1723/1723/1723 
f 1723/1723/1723 1722/1722/1722 1724/1724/1724 
f 1723/1723/1723 1724/1724/1724 1725/1725/1725 
f 1724/1724/1724 1726/1726/1726 1725/1725/1725 
f 1724/1724/1724 1727/1727/1727 1726/1726/1726 
f 1726/1726/1726 1727/1727/1727 1728/1728/1728 
f 1726/1726/1726 1728/1728/1728 1729/1729/1729 
f 1730/1730/1730 1729/1729/1729 1728/1728/1728 
f 1730/1730/1730 1728/1728/1728 1731/1731/1731 
f 1732/1732/1732 1730/1730/1730 1731/1731/1731 
f 1732/1732/1732 1733/1733/1733 1730/1730/1730 
f 1734/1734/1734 1733/1733/1733 1732/1732/1732 
f 1734/1734/1734 1732/1732/1732 1735/1735/1735 
f 1736/1736/1736 1734/1734/1734 1735/1735/1735 
f 1736/1736/1736 1697/1697/1697 1734/1734/1734 
f 1721/1721/1721 1736/1736/1736 1737/1737/1737 
f 1721/1721/1721 1737/1737/1737 1738/1738/1738 
f 1738/1738/1738 1737/1737/1737 1739/1739/1739 
f 1738/1738/1738 1739/1739/1739 1740/1740/1740 
f 1741/1741/1741 1740/1740/1740 1739/1739/1739 
f 1741/1741/1741 1739/1739/1739 1742/1742/1742 
f 1741/1741/1741 1742/1742/1742 1743/1743/1743 
f 1744/1744/1744 1745/1745/1745 1746/1746/1746 
f 1744/1744/1744 1747/1747/1747 1745/1745/1745 
f 1744/1744/1744 1748/1748/1748 1747/1747/1747 
f 1744/1744/1744 1746/1746/1746 1749/1749/1749 
f 1750/1750/1750 1749/1749/1749 1746/1746/1746 
f 1750/1750/1750 1746/1746/1746 1751/1751/1751 
f 1752/1752/1752 1750/1750/1750 1751/1751/1751 
f 1752/1752/1752 1753/1753/1753 1750/1750/1750 
f 1752/1752/1752 1754/1754/1754 1753/1753/1753 
f 1752/1752/1752 1755/1755/1755 1754/1754/1754 
f 1756/1756/1756 1754/1754/1754 1755/1755/1755 
f 1756/1756/1756 1757/1757/1757 1754/1754/1754 
f 1757/1757/1757 1756/1756/1756 1758/1758/1758 
f 1757/1757/1757 1758/1758/1758 1759/1759/1759 
f 1759/1759/1759 1758/1758/1758 1760/1760/1760 
f 1759/1759/1759 1760/1760/1760 1761/1761/1761 
f 1762/1762/1762 1761/1761/1761 1760/1760/1760 
f 1762/1762/1762 1763/1763/1763 1761/1761/1761 
f 1762/1762/1762 1764/1764/1764 1763/1763/1763 
f 1762/1762/1762 1765/1765/1765 1764/1764/1764 
f 1764/1764/1764 1765/1765/1765 1766/1766/1766 
f 1764/1764/1764 1766/1766/1766 1767/1767/1767 
f 1768/1768/1768 1767/1767/1767 1766/1766/1766 
f 1768/1768/1768 1766/1766/1766 1769/1769/1769 
f 1769/1769/1769 1770/1770/1770 1768/1768/1768 
f 1769/1769/1769 1771/1771/1771 1770/1770/1770 
f 1772/1772/1772 1770/1770/1770 1771/1771/1771 
f 1772/1772/1772 1773/1773/1773 1770/1770/1770 
f 1774/1774/1774 1775/1775/1775 1776/1776/1776 
f 1774/1774/1774 1776/1776/1776 1777/1777/1777 
f 1778/1778/1778 1779/1779/1779 1780/1780/1780 
f 1778/1778/1778 1780/1780/1780 1781/1781/1781 
f 1782/1782/1782 1783/1783/1783 1784/1784/1784 
f 1782/1782/1782 1784/1784/1784 1785/1785/1785 
f 1786/1786/1786 1787/1787/1787 1788/1788/1788 
f 1789/1789/1789 1786/1786/1786 1788/1788/1788 
f 1787/1787/1787 1790/1790/1790 1788/1788/1788 
f 1790/1790/1790 1791/1791/1791 1788/1788/1788 
f 1791/1791/1791 1792/1792/1792 1788/1788/1788 
f 1792/1792/1792 1793/1793/1793 1788/1788/1788 
f 1793/1793/1793 1794/1794/1794 1788/1788/1788 
f 1794/1794/1794 1795/1795/1795 1788/1788/1788 
f 1795/1795/1795 1796/1796/1796 1788/1788/1788 
f 1796/1796/1796 1797/1797/1797 1788/1788/1788 
f 1797/1797/1797 1798/1798/1798 1788/1788/1788 
f 1798/1798/1798 1799/1799/1799 1788/1788/1788 
f 1799/1799/1799 1800/1800/1800 1788/1788/1788 
f 1800/1800/1800 1801/1801/1801 1788/1788/1788 
f 1802/1802/1802 1803/1803/1803 1804/1804/1804 
f 1802/1802/1802 1804/1804/1804 1805/1805/1805 
f 1806/1806/1806 1807/1807/1807 1808/1808/1808 
f 1806/1806/1806 1808/1808/1808 1809/1809/1809 
f 1711/1711/1711 1710/1710/1710 1810/1810/1810 
f 1811/1811/1811 1711/1711/1711 1810/1810/1810 
f 1811/1811/1811 1720/1720/1720 1711/1711/1711 
f 1812/1812/1812 1811/1811/1811 1813/1813/1813 
f 1812/1812/1812 1813/1813/1813 1814/1814/1814 
f 1813/1813/1813 1815/1815/1815 1814/1814/1814 
f 1813/1813/1813 1816/1816/1816 1815/1815/1815 
f 1815/1815/1815 1816/1816/1816 1817/1817/1817 
f 1815/1815/1815 1817/1817/1817 1818/1818/1818 
f 1817/1817/1817 1819/1819/1819 1818/1818/1818 
f 1817/1817/1817 1820/1820/1820 1819/1819/1819 
f 1821/1821/1821 1819/1819/1819 1820/1820/1820 
f 1821/1821/1821 1822/1822/1822 1819/1819/1819 
f 1823/1823/1823 1822/1822/1822 1821/1821/1821 
f 1823/1823/1823 1821/1821/1821 1824/1824/1824 
f 1825/1825/1825 1823/1823/1823 1824/1824/1824 
f 1825/1825/1825 1826/1826/1826 1823/1823/1823 
f 1698/1698/1698 1826/1826/1826 1825/1825/1825 
f 1698/1698/1698 1827/1827/1827 1826/1826/1826 
f 1827/1827/1827 1812/1812/1812 1828/1828/1828 
f 1827/1827/1827 1828/1828/1828 1829/1829/1829 
f 1828/1828/1828 1830/1830/1830 1829/1829/1829 
f 1828/1828/1828 1831/1831/1831 1830/1830/1830 
f 1832/1832/1832 1830/1830/1830 1831/1831/1831 
f 1832/1832/1832 1833/1833/1833 1830/1830/1830 
f 1832/1832/1832 1834/1834/1834 1833/1833/1833 
f 1835/1835/1835 1836/1836/1836 1837/1837/1837 
f 1835/1835/1835 1837/1837/1837 1838/1838/1838 
f 1836/1836/1836 1835/1835/1835 1839/1839/1839 
f 1840/1840/1840 1838/1838/1838 1837/1837/1837 
f 1841/1841/1841 1837/1837/1837 1836/1836/1836 
f 1840/1840/1840 1837/1837/1837 1841/1841/1841 
f 1840/1840/1840 1842/1842/1842 1838/1838/1838 
f 1843/1843/1843 1836/1836/1836 1839/1839/1839 
f 1841/1841/1841 1836/1836/1836 1843/1843/1843 
f 1844/1844/1844 1843/1843/1843 1839/1839/1839 
f 1845/1845/1845 1844/1844/1844 1839/1839/1839 
f 1844/1844/1844 1845/1845/1845 1846/1846/1846 
f 1847/1847/1847 1843/1843/1843 1844/1844/1844 
f 1844/1844/1844 1846/1846/1846 1847/1847/1847 
f 1847/1847/1847 1841/1841/1841 1843/1843/1843 
f 1848/1848/1848 1847/1847/1847 1846/1846/1846 
f 1841/1841/1841 1847/1847/1847 1848/1848/1848 
f 1848/1848/1848 1846/1846/1846 1849/1849/1849 
f 1841/1841/1841 1848/1848/1848 1850/1850/1850 
f 1840/1840/1840 1841/1841/1841 1850/1850/1850 
f 1851/1851/1851 1848/1848/1848 1849/1849/1849 
f 1850/1850/1850 1848/1848/1848 1851/1851/1851 
f 1851/1851/1851 1849/1849/1849 1852/1852/1852 
f 1853/1853/1853 1851/1851/1851 1852/1852/1852 
f 1850/1850/1850 1851/1851/1851 1854/1854/1854 
f 1840/1840/1840 1850/1850/1850 1854/1854/1854 
f 1853/1853/1853 1855/1855/1855 1851/1851/1851 
f 1854/1854/1854 1851/1851/1851 1855/1855/1855 
f 1855/1855/1855 1853/1853/1853 1856/1856/1856 
f 1840/1840/1840 1854/1854/1854 1857/1857/1857 
f 1857/1857/1857 1842/1842/1842 1840/1840/1840 
f 1857/1857/1857 1858/1858/1858 1842/1842/1842 
f 1857/1857/1857 1859/1859/1859 1858/1858/1858 
f 1855/1855/1855 1856/1856/1856 1860/1860/1860 
f 1861/1861/1861 1860/1860/1860 1856/1856/1856 
f 1854/1854/1854 1855/1855/1855 1862/1862/1862 
f 1862/1862/1862 1857/1857/1857 1854/1854/1854 
f 1862/1862/1862 1855/1855/1855 1860/1860/1860 
f 1857/1857/1857 1863/1863/1863 1859/1859/1859 
f 1862/1862/1862 1863/1863/1863 1857/1857/1857 
f 1859/1859/1859 1863/1863/1863 1864/1864/1864 
f 1859/1859/1859 1864/1864/1864 1865/1865/1865 
f 1863/1863/1863 1862/1862/1862 1866/1866/1866 
f 1862/1862/1862 1860/1860/1860 1866/1866/1866 
f 1863/1863/1863 1866/1866/1866 1864/1864/1864 
f 1867/1867/1867 1865/1865/1865 1864/1864/1864 
f 1867/1867/1867 1864/1864/1864 1866/1866/1866 
f 1867/1867/1867 1868/1868/1868 1865/1865/1865 
f 1867/1867/1867 1869/1869/1869 1868/1868/1868 
f 1861/1861/1861 1870/1870/1870 1860/1860/1860 
f 1866/1866/1866 1860/1860/1860 1870/1870/1870 
f 1870/1870/1870 1861/1861/1861 1871/1871/1871 
f 1867/1867/1867 1866/1866/1866 1872/1872/1872 
f 1866/1866/1866 1870/1870/1870 1872/1872/1872 
f 1867/1867/1867 1873/1873/1873 1869/1869/1869 
f 1872/1872/1872 1873/1873/1873 1867/1867/1867 
f 1870/1870/1870 1871/1871/1871 1874/1874/1874 
f 1872/1872/1872 1870/1870/1870 1874/1874/1874 
f 1875/1875/1875 1874/1874/1874 1871/1871/1871 
f 1872/1872/1872 1876/1876/1876 1873/1873/1873 
f 1872/1872/1872 1874/1874/1874 1876/1876/1876 
f 1875/1875/1875 1877/1877/1877 1874/1874/1874 
f 1877/1877/1877 1876/1876/1876 1874/1874/1874 
f 1878/1878/1878 1877/1877/1877 1875/1875/1875 
f 1878/1878/1878 1875/1875/1875 1879/1879/1879 
f 1877/1877/1877 1880/1880/1880 1876/1876/1876 
f 1880/1880/1880 1873/1873/1873 1876/1876/1876 
f 1878/1878/1878 1880/1880/1880 1877/1877/1877 
f 1878/1878/1878 1879/1879/1879 1881/1881/1881 
f 1880/1880/1880 1882/1882/1882 1873/1873/1873 
f 1882/1882/1882 1869/1869/1869 1873/1873/1873 
f 1882/1882/1882 1883/1883/1883 1869/1869/1869 
f 1882/1882/1882 1880/1880/1880 1884/1884/1884 
f 1878/1878/1878 1884/1884/1884 1880/1880/1880 
f 1885/1885/1885 1883/1883/1883 1882/1882/1882 
f 1882/1882/1882 1884/1884/1884 1885/1885/1885 
f 1885/1885/1885 1886/1886/1886 1883/1883/1883 
f 1887/1887/1887 1886/1886/1886 1885/1885/1885 
f 1887/1887/1887 1885/1885/1885 1884/1884/1884 
f 1887/1887/1887 1888/1888/1888 1886/1886/1886 
f 1889/1889/1889 1884/1884/1884 1878/1878/1878 
f 1878/1878/1878 1881/1881/1881 1889/1889/1889 
f 1887/1887/1887 1884/1884/1884 1890/1890/1890 
f 1889/1889/1889 1890/1890/1890 1884/1884/1884 
f 1891/1891/1891 1888/1888/1888 1887/1887/1887 
f 1890/1890/1890 1891/1891/1891 1887/1887/1887 
f 1892/1892/1892 1889/1889/1889 1881/1881/1881 
f 1892/1892/1892 1890/1890/1890 1889/1889/1889 
f 1892/1892/1892 1881/1881/1881 1893/1893/1893 
f 1892/1892/1892 1894/1894/1894 1890/1890/1890 
f 1890/1890/1890 1894/1894/1894 1891/1891/1891 
f 1891/1891/1891 1895/1895/1895 1888/1888/1888 
f 1892/1892/1892 1896/1896/1896 1894/1894/1894 
f 1896/1896/1896 1891/1891/1891 1894/1894/1894 
f 1893/1893/1893 1897/1897/1897 1892/1892/1892 
f 1892/1892/1892 1897/1897/1897 1896/1896/1896 
f 1893/1893/1893 1898/1898/1898 1897/1897/1897 
f 1898/1898/1898 1899/1899/1899 1897/1897/1897 
f 1897/1897/1897 1899/1899/1899 1896/1896/1896 
f 1896/1896/1896 1900/1900/1900 1891/1891/1891 
f 1896/1896/1896 1899/1899/1899 1900/1900/1900 
f 1900/1900/1900 1895/1895/1895 1891/1891/1891 
f 1900/1900/1900 1899/1899/1899 1901/1901/1901 
f 1900/1900/1900 1901/1901/1901 1895/1895/1895 
f 1902/1902/1902 1903/1903/1903 1904/1904/1904 
f 1902/1902/1902 1904/1904/1904 1905/1905/1905 

g Bacon10

v 3.48362 3.54152 1.67593 
v 3.17632 3.49988 1.71056 
v 3.35865 3.45197 1.86504 
v 3.51912 3.53428 1.70108 
v 3.56692 3.41978 1.98745 
v 3.15032 3.48419 1.74272 
v 3.54102 3.40403 2.01948 
v 3.19812 3.36972 2.029 
v 3.23372 3.36238 2.05411 
v 3.47848 2.90503 1.2844 
v 3.4367 2.91993 1.29803 
v 3.55073 3.16086 1.38279 
v 3.54297 2.94333 1.28991 
v 3.63713 3.09216 1.3382 
v 3.58775 2.99045 1.30262 
v 3.64371 3.19198 1.38033 
v 3.60596 3.28952 1.42907 
v 3.38637 3.22029 1.43676 
v 3.50691 3.35855 1.47598 
v 3.40518 3.3909 1.50746 
v 3.28956 3.39071 1.52723 
v 3.18066 3.35832 1.53189 
v 3.22135 3.27997 1.49096 
v 3.11079 3.31817 1.52653 
v 3.16149 3.15627 1.44767 
v 3.05287 3.20095 1.48568 
v 3.13156 3.09442 1.42602 
v 3.04981 3.12172 1.45187 
v 3.06745 3.04509 1.41568 
v 3.10342 3.03258 1.40407 
v 3.56849 2.67724 1.80964 
v 3.64078 2.93294 1.90832 
v 3.5267 2.69215 1.82325 
v 3.63299 2.71551 1.81523 
v 3.72718 2.86425 1.86371 
v 3.67778 2.76259 1.82802 
v 3.73377 2.96405 1.9059 
v 3.69547 3.0534 1.95125 
v 3.47642 2.9924 1.96224 
v 3.59698 3.1306 2.0016 
v 3.49524 3.16295 2.03306 
v 3.37961 3.16279 2.05276 
v 3.31196 3.05379 2.01977 
v 3.2707 3.13044 2.05734 
v 3.2012 3.08936 2.05411 
v 3.13506 2.99381 1.96532 
v 3.23954 2.95893 1.90326 
v 3.11471 2.91652 1.84557 
v 3.19166 2.90305 1.82015 
v 3.12238 2.87294 1.73529 
v 3.14846 2.86775 1.71773 
v 3.54102 3.40403 2.01948 
v 3.56299 3.14925 1.90384 
v 3.58759 3.1688 1.87279 
v 3.56692 3.41978 1.98745 
v 3.19812 3.36972 2.029 
v 3.21839 3.10362 1.91281 
v 3.25509 3.08914 1.93273 
v 3.23372 3.36238 2.05411 
v 3.2012 3.08936 2.05411 
v 3.15196 3.12263 2.02382 
v 3.08583 3.02512 1.92771 
v 3.2707 3.13044 2.05734 
v 3.13506 2.99381 1.96532 
v 3.24275 3.17816 2.03238 
v 3.11471 2.91652 1.84557 
v 3.37961 3.16279 2.05276 
v 3.06784 2.95377 1.81835 
v 3.08316 2.89203 1.69214 
v 3.12238 2.87294 1.73529 
v 3.36706 3.21724 2.02807 
v 3.49524 3.16295 2.03306 
v 3.49807 3.21847 2.00617 
v 3.61351 3.18119 1.97024 
v 3.59698 3.1306 2.0016 
v 3.72263 3.10198 1.91718 
v 3.69547 3.0534 1.95125 
v 3.76576 2.98998 1.8612 
v 3.73377 2.96405 1.9059 
v 3.75982 2.86986 1.81009 
v 3.72718 2.86425 1.86371 
v 3.70888 2.76304 1.77246 
v 3.67778 2.76259 1.82802 
v 3.64876 2.69839 1.75467 
v 3.63299 2.71551 1.81523 
v 3.55606 2.65099 1.74997 
v 3.56849 2.67724 1.80964 
v 3.55606 2.65099 1.74997 
v 3.5267 2.69215 1.82325 
v 3.49178 2.67435 1.77112 
v 3.47642 2.70339 1.78635 
v 3.5809 2.92187 1.86328 
v 3.64078 2.93294 1.90832 
v 3.07533 3.3146 1.58147 
v 3.11079 3.31817 1.52653 
v 3.05287 3.20095 1.48568 
v 3.16691 3.3701 1.5898 
v 3.01917 3.1938 1.53875 
v 3.18066 3.35832 1.53189 
v 3.04981 3.12172 1.45187 
v 3.29121 3.4092 1.58542 
v 3.01261 3.09342 1.49636 
v 3.28956 3.39071 1.52723 
v 3.06745 3.04509 1.41568 
v 3.04156 2.99718 1.4497 
v 3.42221 3.41045 1.56349 
v 3.40518 3.3909 1.50746 
v 3.50691 3.35855 1.47598 
v 3.53765 3.37319 1.52753 
v 3.64677 3.29397 1.47448 
v 3.60596 3.28952 1.42907 
v 3.6899 3.18196 1.41853 
v 3.64371 3.19198 1.38033 
v 3.63713 3.09216 1.3382 
v 3.68397 3.06182 1.36748 
v 3.63305 2.95497 1.3299 
v 3.58775 2.99045 1.30262 
v 3.57294 2.89029 1.3122 
v 3.54297 2.94333 1.28991 
v 3.48025 2.84287 1.30755 
v 3.47848 2.90503 1.2844 
v 3.41597 2.86622 1.32869 
v 3.48025 2.84287 1.30755 
v 3.4367 2.91993 1.29803 
v 3.40061 2.89526 1.34391 
v 3.50506 3.11381 1.42071 
v 3.55073 3.16086 1.38279 
v 3.15032 3.48419 1.74272 
v 3.17632 3.49988 1.71056 
v 3.18269 3.29293 1.62704 
v 3.15809 3.27338 1.6581 
v 3.51912 3.53428 1.70108 
v 3.52719 3.33856 1.61808 
v 3.49049 3.35295 1.59812 
v 3.48362 3.54152 1.67593 
v 3.19284 2.87588 1.7231 
v 3.14846 2.86775 1.71773 
v 3.13741 2.87287 1.67453 
v 3.17807 2.88211 1.67157 
v 3.08316 2.89203 1.69214 
v 3.25509 3.08914 1.93273 
v 3.56299 3.14925 1.90384 
v 3.54102 3.40403 2.01948 
v 3.23372 3.36238 2.05411 
v 3.21839 3.10362 1.91281 
v 3.19812 3.36972 2.029 
v 3.15032 3.48419 1.74272 
v 3.15809 3.27338 1.6581 
v 3.56692 3.41978 1.98745 
v 3.58759 3.1688 1.87279 
v 3.52719 3.33856 1.61808 
v 3.51912 3.53428 1.70108 
v 3.47642 2.9924 1.96224 
v 3.31196 3.05379 2.01977 
v 3.3186 3.01608 1.94906 
v 3.45002 2.96883 1.90607 
v 3.5809 2.92187 1.86328 
v 3.64078 2.93294 1.90832 
v 3.37418 3.16076 1.46351 
v 3.24277 3.208 1.50653 
v 3.22135 3.27997 1.49096 
v 3.38637 3.22029 1.43676 
v 3.55073 3.16086 1.38279 
v 3.50506 3.11381 1.42071 
v 3.18269 3.29293 1.62704 
v 3.17632 3.49988 1.71056 
v 3.48362 3.54152 1.67593 
v 3.49049 3.35295 1.59812 
v 3.31196 3.05379 2.01977 
v 3.23954 2.95893 1.90326 
v 3.26532 2.95075 1.87177 
v 3.3186 3.01608 1.94906 
v 3.2267 2.90398 1.80133 
v 3.19166 2.90305 1.82015 
v 3.14846 2.86775 1.71773 
v 3.19284 2.87588 1.7231 
v 3.09574 2.97787 1.43203 
v 3.10342 3.03258 1.40407 
v 3.13654 2.98718 1.42906 
v 3.04156 2.99718 1.4497 
v 3.13156 3.09442 1.42602 
v 3.16703 3.05489 1.45318 
v 3.19752 3.1226 1.4773 
v 3.16149 3.15627 1.44767 
v 3.22135 3.27997 1.49096 
v 3.24277 3.208 1.50653 
v 3.06085 3.08865 1.78123 
v 3.08583 3.02512 1.92771 
v 3.15196 3.12263 2.02382 
v 3.06784 2.95377 1.81835 
v 3.05421 2.98829 1.73884 
v 3.08316 2.89203 1.69214 
v 3.01261 3.09342 1.49636 
v 3.04156 2.99718 1.4497 
v 3.01917 3.1938 1.53875 
v 3.13741 2.87287 1.67453 
v 3.09574 2.97787 1.43203 
v 3.13654 2.98718 1.42906 
v 3.17807 2.88211 1.67157 
v 3.07533 3.3146 1.58147 
v 3.11754 3.20936 1.82387 
v 3.16691 3.3701 1.5898 
v 3.20919 3.26571 1.8326 
v 3.24275 3.17816 2.03238 
v 3.29121 3.4092 1.58542 
v 3.36706 3.21724 2.02807 
v 3.33349 3.3048 1.82825 
v 3.4645 3.30613 1.80638 
v 3.42221 3.41045 1.56349 
v 3.49807 3.21847 2.00617 
v 3.57992 3.26878 1.7704 
v 3.53765 3.37319 1.52753 
v 3.61351 3.18119 1.97024 
v 3.64677 3.29397 1.47448 
v 3.72263 3.10198 1.91718 
v 3.68905 3.18945 1.7173 
v 3.6899 3.18196 1.41853 
v 3.76576 2.98998 1.8612 
v 3.73217 3.07756 1.66138 
v 3.72626 2.95751 1.61033 
v 3.75982 2.86986 1.81009 
v 3.68397 3.06182 1.36748 
v 3.70888 2.76304 1.77246 
v 3.6753 2.85059 1.57269 
v 3.63305 2.95497 1.3299 
v 3.64876 2.69839 1.75467 
v 3.57294 2.89029 1.3122 
v 3.6152 2.78591 1.55494 
v 3.48025 2.84287 1.30755 
v 3.52253 2.73859 1.5503 
v 3.55606 2.65099 1.74997 
v 3.41597 2.86622 1.32869 
v 3.49178 2.67435 1.77112 
v 3.45821 2.76187 1.57142 
v 3.40061 2.89526 1.34391 
v 3.44284 2.79082 1.5866 
v 3.47642 2.70339 1.78635 
v 3.28447 3.10281 1.74905 
v 3.41586 3.0557 1.7061 
v 3.45002 2.96883 1.90607 
v 3.3186 3.01608 1.94906 
v 3.37418 3.16076 1.46351 
v 3.24277 3.208 1.50653 
v 3.50506 3.11381 1.42071 
v 3.54673 3.00868 1.66329 
v 3.5809 2.92187 1.86328 
v 3.23913 3.01747 1.71981 
v 3.28447 3.10281 1.74905 
v 3.3186 3.01608 1.94906 
v 3.24277 3.208 1.50653 
v 3.26532 2.95075 1.87177 
v 3.19752 3.1226 1.4773 
v 3.2086 2.94979 1.69569 
v 3.2267 2.90398 1.80133 
v 3.16703 3.05489 1.45318 
v 3.17807 2.88211 1.67157 
v 3.19284 2.87588 1.7231 
v 3.13654 2.98718 1.42906 
v 3.5809 2.92187 1.86328 
v 3.54673 3.00868 1.66329 
v 3.44284 2.79082 1.5866 
v 3.47642 2.70339 1.78635 
v 3.40061 2.89526 1.34391 
v 3.50506 3.11381 1.42071 

vn -0.0787402 0.92126 0.377953 
vn -0.0787402 0.92126 0.385827 
vn -0.0787402 0.92126 0.385827 
vn -0.0787402 0.92126 0.377953 
vn -0.0866142 0.92126 0.385827 
vn -0.0787402 0.92126 0.385827 
vn -0.0866142 0.92126 0.385827 
vn -0.0787402 0.92126 0.385827 
vn -0.0787402 0.92126 0.385827 
vn -0.15748 0.393701 -0.905512 
vn -0.15748 0.393701 -0.905512 
vn -0.15748 0.393701 -0.905512 
vn -0.15748 0.393701 -0.905512 
vn -0.15748 0.393701 -0.905512 
vn -0.15748 0.393701 -0.905512 
vn -0.15748 0.393701 -0.905512 
vn -0.15748 0.393701 -0.905512 
vn -0.15748 0.393701 -0.905512 
vn -0.15748 0.393701 -0.905512 
vn -0.15748 0.393701 -0.905512 
vn -0.15748 0.393701 -0.905512 
vn -0.15748 0.393701 -0.905512 
vn -0.15748 0.393701 -0.905512 
vn -0.15748 0.393701 -0.905512 
vn -0.15748 0.393701 -0.905512 
vn -0.15748 0.393701 -0.905512 
vn -0.15748 0.393701 -0.905512 
vn -0.15748 0.393701 -0.905512 
vn -0.15748 0.393701 -0.905512 
vn -0.15748 0.393701 -0.905512 
vn 0.15748 -0.393701 0.905512 
vn 0.15748 -0.393701 0.905512 
vn 0.15748 -0.393701 0.905512 
vn 0.15748 -0.393701 0.905512 
vn 0.15748 -0.393701 0.905512 
vn 0.15748 -0.393701 0.905512 
vn 0.15748 -0.393701 0.905512 
vn 0.15748 -0.393701 0.905512 
vn 0.15748 -0.393701 0.905512 
vn 0.15748 -0.393701 0.905512 
vn 0.15748 -0.393701 0.905512 
vn 0.165354 -0.385827 0.905512 
vn 0.133858 -0.511811 0.850394 
vn 0.165354 -0.370079 0.913386 
vn 0.0944882 -0.629921 0.771654 
vn 0.0472441 -0.787402 0.614173 
vn 0.0393701 -0.80315 0.598425 
vn 0.015748 -0.88189 0.472441 
vn 0.00787402 -0.889764 0.448819 
vn -0.023622 -0.937008 0.354331 
vn -0.023622 -0.937008 0.354331 
vn 0.811024 -0.181102 0.551181 
vn 0.811024 -0.181102 0.551181 
vn 0.811024 -0.181102 0.551181 
vn 0.811024 -0.181102 0.551181 
vn -0.566929 -0.370079 0.732283 
vn -0.566929 -0.370079 0.732283 
vn -0.566929 -0.370079 0.732283 
vn -0.566929 -0.370079 0.732283 
vn -0.456693 0.125984 0.88189 
vn -0.543307 -0.015748 0.84252 
vn -0.692913 -0.433071 0.574803 
vn -0.181102 0.377953 0.905512 
vn -0.685039 -0.362205 0.629921 
vn -0.188976 0.377953 0.905512 
vn -0.692913 -0.622047 0.370079 
vn 0.0314961 0.425197 0.905512 
vn -0.685039 -0.629921 0.354331 
vn -0.511811 -0.850394 0.0944882 
vn -0.527559 -0.84252 0.102362 
vn 0.023622 0.425197 0.905512 
vn 0.267717 0.409449 0.874016 
vn 0.267717 0.409449 0.866142 
vn 0.488189 0.322835 0.811024 
vn 0.480315 0.322835 0.811024 
vn 0.692913 0.141732 0.708661 
vn 0.700787 0.133858 0.700787 
vn 0.826772 -0.11811 0.551181 
vn 0.826772 -0.11811 0.551181 
vn 0.80315 -0.393701 0.448819 
vn 0.811024 -0.377953 0.448819 
vn 0.700787 -0.598425 0.385827 
vn 0.692913 -0.606299 0.385827 
vn 0.535433 -0.779528 0.338583 
vn 0.543307 -0.76378 0.338583 
vn 0.110236 -0.913386 0.393701 
vn 0.15748 -0.905512 0.385827 
vn 0.110236 -0.913386 0.393701 
vn -0.488189 -0.511811 0.708661 
vn -0.370079 -0.779528 0.511811 
vn -0.606299 -0.330709 0.724409 
vn -0.724409 -0.488189 0.488189 
vn -0.598425 0 0.80315 
vn -0.653543 0.661417 -0.370079 
vn -0.606299 0.716535 -0.346457 
vn -0.795276 0.385827 -0.472441 
vn -0.393701 0.88189 -0.267717 
vn -0.787402 0.393701 -0.472441 
vn -0.377953 0.88189 -0.267717 
vn -0.818898 0.165354 -0.543307 
vn -0.181102 0.937008 -0.291339 
vn -0.818898 0.15748 -0.551181 
vn -0.173228 0.937008 -0.291339 
vn -0.645669 -0.15748 -0.748031 
vn -0.637795 -0.165354 -0.755906 
vn 0.0629921 0.937008 -0.338583 
vn 0.0629921 0.937008 -0.338583 
vn 0.275591 0.874016 -0.401575 
vn 0.283465 0.866142 -0.409449 
vn 0.503937 0.685039 -0.527559 
vn 0.496063 0.692913 -0.527559 
vn 0.629921 0.401575 -0.661417 
vn 0.629921 0.401575 -0.661417 
vn 0.598425 0.15748 -0.787402 
vn 0.590551 0.141732 -0.795276 
vn 0.480315 -0.0551181 -0.874016 
vn 0.480315 -0.0629921 -0.874016 
vn 0.314961 -0.228346 -0.92126 
vn 0.330709 -0.220472 -0.92126 
vn -0.110236 -0.338583 -0.937008 
vn -0.0708661 -0.330709 -0.937008 
vn -0.590551 -0.212598 -0.779528 
vn -0.110236 -0.338583 -0.937008 
vn -0.724409 0.0944882 -0.685039 
vn -0.818898 0.212598 -0.527559 
vn -0.795276 0.496063 -0.346457 
vn -0.795276 0.496063 -0.346457 
vn -0.818898 0.188976 -0.543307 
vn -0.818898 0.188976 -0.543307 
vn -0.818898 0.188976 -0.543307 
vn -0.818898 0.188976 -0.543307 
vn 0.566929 0.338583 -0.748031 
vn 0.566929 0.338583 -0.748031 
vn 0.566929 0.338583 -0.748031 
vn 0.566929 0.338583 -0.748031 
vn 0.204724 -0.96063 -0.173228 
vn -0.0629921 -0.992126 -0.125984 
vn -0.0708661 -0.992126 -0.125984 
vn 0.204724 -0.96063 -0.173228 
vn -0.511811 -0.850394 0.0944882 
vn 0.15748 -0.393701 0.905512 
vn 0.15748 -0.393701 0.905512 
vn 0.15748 -0.393701 0.905512 
vn 0.15748 -0.393701 0.905512 
vn -0.984252 -0.11811 0.133858 
vn -0.984252 -0.11811 0.133858 
vn -0.984252 -0.11811 0.133858 
vn -0.984252 -0.11811 0.133858 
vn 0.984252 0.11811 -0.133858 
vn 0.984252 0.11811 -0.133858 
vn 0.984252 0.11811 -0.133858 
vn 0.984252 0.11811 -0.133858 
vn -0.173228 -0.874016 0.448819 
vn -0.165354 -0.874016 0.448819 
vn -0.165354 -0.874016 0.448819 
vn -0.173228 -0.874016 0.448819 
vn -0.173228 -0.88189 0.448819 
vn -0.173228 -0.88189 0.448819 
vn -0.393701 -0.307087 -0.866142 
vn -0.393701 -0.307087 -0.866142 
vn -0.393701 -0.307087 -0.866142 
vn -0.393701 -0.307087 -0.866142 
vn -0.393701 -0.307087 -0.866142 
vn -0.393701 -0.307087 -0.866142 
vn -0.15748 0.370079 -0.913386 
vn -0.15748 0.370079 -0.913386 
vn -0.15748 0.370079 -0.913386 
vn -0.15748 0.370079 -0.913386 
vn 0.322835 -0.818898 0.472441 
vn 0.299213 -0.834646 0.456693 
vn 0.283465 -0.850394 0.448819 
vn 0.322835 -0.818898 0.472441 
vn 0.204724 -0.913386 0.354331 
vn 0.204724 -0.913386 0.354331 
vn 0.15748 -0.952756 0.267717 
vn 0.15748 -0.952756 0.267717 
vn -0.212598 -0.425197 -0.88189 
vn 0.149606 -0.251969 -0.96063 
vn 0.354331 -0.244094 -0.905512 
vn -0.637795 -0.165354 -0.755906 
vn 0.614173 0 -0.787402 
vn 0.614173 0 -0.787402 
vn 0.606299 -0.015748 -0.795276 
vn 0.606299 -0.015748 -0.795276 
vn 0.598425 -0.023622 -0.80315 
vn 0.598425 -0.023622 -0.80315 
vn -0.96063 0.15748 0.23622 
vn -0.944882 0.212598 0.251969 
vn -0.708661 0.598425 0.377953 
vn -0.984252 -0.0944882 0.125984 
vn -0.984252 -0.15748 0.102362 
vn -0.80315 -0.590551 -0.11811 
vn -0.984252 -0.15748 0.102362 
vn -0.748031 -0.645669 -0.149606 
vn -0.96063 0.15748 0.23622 
vn -0.11811 -0.92126 -0.377953 
vn -0.11811 -0.92126 -0.377953 
vn 0.173228 -0.889764 -0.417323 
vn 0.173228 -0.889764 -0.417323 
vn -0.740157 0.566929 0.370079 
vn -0.740157 0.566929 0.370079 
vn -0.385827 0.818898 0.417323 
vn -0.385827 0.818898 0.425197 
vn -0.385827 0.818898 0.425197 
vn -0.102362 0.905512 0.409449 
vn -0.102362 0.905512 0.417323 
vn -0.102362 0.905512 0.409449 
vn 0.220472 0.905512 0.354331 
vn 0.220472 0.913386 0.354331 
vn 0.220472 0.905512 0.362205 
vn 0.511811 0.811024 0.267717 
vn 0.511811 0.818898 0.259843 
vn 0.519685 0.811024 0.267717 
vn 0.811024 0.574803 0.102362 
vn 0.818898 0.566929 0.110236 
vn 0.811024 0.566929 0.110236 
vn 0.976378 0.19685 -0.0866142 
vn 0.976378 0.188976 -0.0787402 
vn 0.976378 0.19685 -0.0866142 
vn 0.96063 -0.15748 -0.228346 
vn 0.96063 -0.15748 -0.228346 
vn 0.96063 -0.15748 -0.23622 
vn 0.826772 -0.456693 -0.338583 
vn 0.826772 -0.456693 -0.338583 
vn 0.826772 -0.456693 -0.338583 
vn 0.590551 -0.700787 -0.401575 
vn 0.590551 -0.700787 -0.401575 
vn 0.590551 -0.700787 -0.401575 
vn 0.00787402 -0.92126 -0.393701 
vn 0.00787402 -0.913386 -0.401575 
vn 0.00787402 -0.913386 -0.401575 
vn -0.692913 -0.700787 -0.181102 
vn -0.692913 -0.692913 -0.188976 
vn -0.692913 -0.692913 -0.181102 
vn -0.889764 -0.448819 -0.0393701 
vn -0.889764 -0.448819 -0.0393701 
vn -0.889764 -0.448819 -0.0472441 
vn -0.409449 -0.858268 -0.307087 
vn -0.409449 -0.858268 -0.307087 
vn -0.409449 -0.858268 -0.307087 
vn -0.409449 -0.858268 -0.307087 
vn -0.409449 -0.858268 -0.299213 
vn -0.409449 -0.858268 -0.299213 
vn -0.409449 -0.858268 -0.299213 
vn -0.409449 -0.858268 -0.307087 
vn -0.724409 -0.488189 0.488189 
vn 0.897638 -0.330709 -0.299213 
vn 0.88189 -0.362205 -0.307087 
vn 0.88189 -0.362205 -0.307087 
vn 0.88189 -0.362205 -0.307087 
vn 0.889764 -0.346457 -0.299213 
vn 0.897638 -0.330709 -0.299213 
vn 0.905512 -0.307087 -0.291339 
vn 0.905512 -0.307087 -0.291339 
vn 0.905512 -0.307087 -0.291339 
vn 0.905512 -0.307087 -0.291339 
vn 0.905512 -0.299213 -0.291339 
vn 0.905512 -0.307087 -0.291339 
vn -0.897638 0.322835 0.291339 
vn -0.897638 0.322835 0.291339 
vn -0.897638 0.322835 0.291339 
vn -0.897638 0.322835 0.291339 
vn -0.897638 0.322835 0.299213 
vn -0.897638 0.322835 0.299213 

vt 0.846201 0.735764 
vt 0.839264 0.735775 
vt 0.842464 0.732734 
vt 0.8469 0.735385 
vt 0.8469 0.730248 
vt 0.838563 0.735189 
vt 0.846201 0.729664 
vt 0.838563 0.730054 
vt 0.839264 0.729675 
vt 0.876471 0.732798 
vt 0.875143 0.732655 
vt 0.872696 0.739841 
vt 0.87716 0.734745 
vt 0.876378 0.739521 
vt 0.87722 0.736497 
vt 0.874714 0.741975 
vt 0.872182 0.743966 
vt 0.867037 0.739745 
vt 0.868524 0.744763 
vt 0.865253 0.744596 
vt 0.862003 0.743529 
vt 0.859293 0.741802 
vt 0.861379 0.739771 
vt 0.857697 0.740253 
vt 0.860162 0.735877 
vt 0.856772 0.736831 
vt 0.859555 0.733961 
vt 0.857076 0.73455 
vt 0.857877 0.732356 
vt 0.859014 0.732188 
vt 0.833768 0.733174 
vt 0.837342 0.74031 
vt 0.835099 0.733056 
vt 0.833048 0.735096 
vt 0.833681 0.739942 
vt 0.832922 0.736858 
vt 0.835295 0.742407 
vt 0.837681 0.744265 
vt 0.842963 0.740286 
vt 0.841496 0.745311 
vt 0.844794 0.745192 
vt 0.848052 0.744127 
vt 0.848564 0.740554 
vt 0.85068 0.742297 
vt 0.852003 0.74066 
vt 0.852593 0.737024 
vt 0.84912 0.735963 
vt 0.852085 0.73326 
vt 0.849727 0.732978 
vt 0.851103 0.730148 
vt 0.850205 0.729841 
vt 0.844774 0.757236 
vt 0.845003 0.764447 
vt 0.846305 0.76433 
vt 0.846079 0.757236 
vt 0.834237 0.757236 
vt 0.834424 0.765006 
vt 0.835716 0.765196 
vt 0.835543 0.757236 
vt 0.852003 0.74066 
vt 0.853935 0.740651 
vt 0.854525 0.736362 
vt 0.85068 0.742297 
vt 0.852593 0.737024 
vt 0.852132 0.743305 
vt 0.852085 0.73326 
vt 0.848052 0.744127 
vt 0.853924 0.732681 
vt 0.852411 0.72896 
vt 0.851103 0.730148 
vt 0.848982 0.745605 
vt 0.844794 0.745192 
vt 0.845126 0.746926 
vt 0.84119 0.747024 
vt 0.841496 0.745311 
vt 0.836923 0.745927 
vt 0.837681 0.744265 
vt 0.833914 0.743501 
vt 0.835295 0.742407 
vt 0.831889 0.740409 
vt 0.833681 0.739942 
vt 0.831068 0.737057 
vt 0.832922 0.736858 
vt 0.831219 0.73458 
vt 0.833048 0.735096 
vt 0.832347 0.731899 
vt 0.833768 0.733174 
vt 0.833255 0.731376 
vt 0.835099 0.733056 
vt 0.835402 0.731332 
vt 0.83639 0.731873 
vt 0.838589 0.738417 
vt 0.837342 0.74031 
vt 0.855837 0.74068 
vt 0.857697 0.740253 
vt 0.856772 0.736831 
vt 0.857939 0.742918 
vt 0.854965 0.737001 
vt 0.859293 0.741802 
vt 0.857076 0.73455 
vt 0.861106 0.745023 
vt 0.85523 0.734048 
vt 0.862003 0.743529 
vt 0.857877 0.732356 
vt 0.85639 0.731213 
vt 0.864919 0.74633 
vt 0.865253 0.744596 
vt 0.868524 0.744763 
vt 0.868805 0.746481 
vt 0.873039 0.745452 
vt 0.872182 0.743966 
vt 0.876089 0.743099 
vt 0.874714 0.741975 
vt 0.876378 0.739521 
vt 0.878158 0.740037 
vt 0.87905 0.736716 
vt 0.87722 0.736497 
vt 0.878983 0.734239 
vt 0.87716 0.734745 
vt 0.877899 0.731554 
vt 0.876471 0.732798 
vt 0.874862 0.730908 
vt 0.876993 0.731022 
vt 0.875143 0.732655 
vt 0.873853 0.731423 
vt 0.871498 0.73796 
vt 0.872696 0.739841 
vt 0.867151 0.757236 
vt 0.865843 0.757236 
vt 0.865916 0.763342 
vt 0.867213 0.763488 
vt 0.855314 0.757236 
vt 0.855356 0.762641 
vt 0.856646 0.762445 
vt 0.856618 0.757236 
vt 0.84895 0.730297 
vt 0.850205 0.729841 
vt 0.85022 0.728621 
vt 0.848959 0.728787 
vt 0.852021 0.728701 
vt 0.835716 0.765196 
vt 0.845003 0.764447 
vt 0.844774 0.757236 
vt 0.835543 0.757236 
vt 0.87626 0.765196 
vt 0.876384 0.757236 
vt 0.867151 0.757236 
vt 0.867213 0.763488 
vt 0.846079 0.757236 
vt 0.846305 0.76433 
vt 0.855356 0.762641 
vt 0.855314 0.757236 
vt 0.842963 0.740286 
vt 0.848564 0.740554 
vt 0.847452 0.73851 
vt 0.842971 0.738401 
vt 0.838589 0.738417 
vt 0.837342 0.74031 
vt 0.867083 0.737894 
vt 0.862674 0.737896 
vt 0.861379 0.739771 
vt 0.867037 0.739745 
vt 0.872696 0.739841 
vt 0.871498 0.73796 
vt 0.865916 0.763342 
vt 0.865843 0.757236 
vt 0.856618 0.757236 
vt 0.856646 0.762445 
vt 0.848564 0.740554 
vt 0.84912 0.735963 
vt 0.848056 0.735368 
vt 0.847452 0.73851 
vt 0.848543 0.732786 
vt 0.849727 0.732978 
vt 0.850205 0.729841 
vt 0.84895 0.730297 
vt 0.859019 0.730567 
vt 0.859014 0.732188 
vt 0.860239 0.731091 
vt 0.857208 0.730676 
vt 0.859555 0.733961 
vt 0.86112 0.733147 
vt 0.861772 0.735264 
vt 0.860162 0.735877 
vt 0.861379 0.739771 
vt 0.862674 0.737896 
vt 0.833878 0.752364 
vt 0.833879 0.75528 
vt 0.836599 0.756344 
vt 0.831759 0.753947 
vt 0.83176 0.752364 
vt 0.829609 0.752365 
vt 0.831758 0.747537 
vt 0.829608 0.747538 
vt 0.833877 0.747536 
vt 0.828441 0.752365 
vt 0.82844 0.747538 
vt 0.827625 0.747539 
vt 0.827629 0.752366 
vt 0.836592 0.747534 
vt 0.836595 0.752363 
vt 0.838677 0.747536 
vt 0.838689 0.752364 
vt 0.838672 0.756344 
vt 0.841207 0.747537 
vt 0.841203 0.756345 
vt 0.841217 0.752365 
vt 0.843792 0.752366 
vt 0.843786 0.747539 
vt 0.843782 0.756346 
vt 0.846245 0.752367 
vt 0.846243 0.747539 
vt 0.84624 0.756348 
vt 0.849057 0.74754 
vt 0.849055 0.756349 
vt 0.849054 0.752368 
vt 0.85163 0.74754 
vt 0.851628 0.756349 
vt 0.851619 0.752368 
vt 0.854153 0.752369 
vt 0.854166 0.75635 
vt 0.854167 0.74754 
vt 0.856577 0.756352 
vt 0.856565 0.752369 
vt 0.856579 0.747538 
vt 0.858325 0.756354 
vt 0.858327 0.747537 
vt 0.858314 0.752369 
vt 0.86035 0.747534 
vt 0.860339 0.75237 
vt 0.860347 0.756357 
vt 0.861739 0.747535 
vt 0.861737 0.756357 
vt 0.86173 0.75237 
vt 0.862442 0.747537 
vt 0.862432 0.75237 
vt 0.86244 0.756355 
vt 0.873376 0.752467 
vt 0.870541 0.752467 
vt 0.870541 0.756449 
vt 0.873377 0.756449 
vt 0.870542 0.747639 
vt 0.873378 0.747639 
vt 0.867718 0.747639 
vt 0.867718 0.752467 
vt 0.867717 0.756448 
vt 0.875336 0.752467 
vt 0.873376 0.752467 
vt 0.873377 0.756449 
vt 0.873378 0.747639 
vt 0.875348 0.755499 
vt 0.875337 0.74764 
vt 0.876851 0.752468 
vt 0.876851 0.754571 
vt 0.876853 0.74764 
vt 0.878366 0.752468 
vt 0.87805 0.753396 
vt 0.878368 0.747641 
vt 0.867717 0.756448 
vt 0.867718 0.752467 
vt 0.862803 0.752467 
vt 0.862785 0.756447 
vt 0.862785 0.747639 
vt 0.867718 0.747639 

usemtl Bacon1Mtl

f 1906/1906/1906 1907/1907/1907 1908/1908/1908 
f 1909/1909/1909 1906/1906/1906 1908/1908/1908 
f 1910/1910/1910 1909/1909/1909 1908/1908/1908 
f 1907/1907/1907 1911/1911/1911 1908/1908/1908 
f 1912/1912/1912 1910/1910/1910 1908/1908/1908 
f 1911/1911/1911 1913/1913/1913 1908/1908/1908 
f 1914/1914/1914 1912/1912/1912 1908/1908/1908 
f 1913/1913/1913 1914/1914/1914 1908/1908/1908 
f 1915/1915/1915 1916/1916/1916 1917/1917/1917 
f 1918/1918/1918 1915/1915/1915 1917/1917/1917 
f 1918/1918/1918 1917/1917/1917 1919/1919/1919 
f 1918/1918/1918 1919/1919/1919 1920/1920/1920 
f 1919/1919/1919 1917/1917/1917 1921/1921/1921 
f 1917/1917/1917 1922/1922/1922 1921/1921/1921 
f 1917/1917/1917 1923/1923/1923 1922/1922/1922 
f 1923/1923/1923 1924/1924/1924 1922/1922/1922 
f 1925/1925/1925 1924/1924/1924 1923/1923/1923 
f 1926/1926/1926 1925/1925/1925 1923/1923/1923 
f 1927/1927/1927 1926/1926/1926 1923/1923/1923 
f 1927/1927/1927 1923/1923/1923 1928/1928/1928 
f 1928/1928/1928 1929/1929/1929 1927/1927/1927 
f 1929/1929/1929 1928/1928/1928 1930/1930/1930 
f 1929/1929/1929 1930/1930/1930 1931/1931/1931 
f 1932/1932/1932 1931/1931/1931 1930/1930/1930 
f 1932/1932/1932 1933/1933/1933 1931/1931/1931 
f 1934/1934/1934 1933/1933/1933 1932/1932/1932 
f 1934/1934/1934 1932/1932/1932 1935/1935/1935 
f 1936/1936/1936 1937/1937/1937 1938/1938/1938 
f 1939/1939/1939 1937/1937/1937 1936/1936/1936 
f 1939/1939/1939 1940/1940/1940 1937/1937/1937 
f 1939/1939/1939 1941/1941/1941 1940/1940/1940 
f 1940/1940/1940 1942/1942/1942 1937/1937/1937 
f 1937/1937/1937 1942/1942/1942 1943/1943/1943 
f 1937/1937/1937 1943/1943/1943 1944/1944/1944 
f 1943/1943/1943 1945/1945/1945 1944/1944/1944 
f 1946/1946/1946 1944/1944/1944 1945/1945/1945 
f 1944/1944/1944 1946/1946/1946 1947/1947/1947 
f 1948/1948/1948 1944/1944/1944 1947/1947/1947 
f 1948/1948/1948 1947/1947/1947 1949/1949/1949 
f 1948/1948/1948 1949/1949/1949 1950/1950/1950 
f 1948/1948/1948 1950/1950/1950 1951/1951/1951 
f 1948/1948/1948 1951/1951/1951 1952/1952/1952 
f 1952/1952/1952 1951/1951/1951 1953/1953/1953 
f 1952/1952/1952 1953/1953/1953 1954/1954/1954 
f 1955/1955/1955 1954/1954/1954 1953/1953/1953 
f 1955/1955/1955 1956/1956/1956 1954/1954/1954 
f 1957/1957/1957 1958/1958/1958 1959/1959/1959 
f 1957/1957/1957 1959/1959/1959 1960/1960/1960 
f 1961/1961/1961 1962/1962/1962 1963/1963/1963 
f 1961/1961/1961 1963/1963/1963 1964/1964/1964 
f 1965/1965/1965 1966/1966/1966 1967/1967/1967 
f 1966/1966/1966 1965/1965/1965 1968/1968/1968 
f 1965/1965/1965 1967/1967/1967 1969/1969/1969 
f 1966/1966/1966 1968/1968/1968 1970/1970/1970 
f 1971/1971/1971 1969/1969/1969 1967/1967/1967 
f 1972/1972/1972 1970/1970/1970 1968/1968/1968 
f 1971/1971/1971 1967/1967/1967 1973/1973/1973 
f 1971/1971/1971 1973/1973/1973 1974/1974/1974 
f 1971/1971/1971 1974/1974/1974 1975/1975/1975 
f 1972/1972/1972 1976/1976/1976 1970/1970/1970 
f 1977/1977/1977 1976/1976/1976 1972/1972/1972 
f 1977/1977/1977 1978/1978/1978 1976/1976/1976 
f 1977/1977/1977 1979/1979/1979 1978/1978/1978 
f 1977/1977/1977 1980/1980/1980 1979/1979/1979 
f 1980/1980/1980 1981/1981/1981 1979/1979/1979 
f 1980/1980/1980 1982/1982/1982 1981/1981/1981 
f 1983/1983/1983 1981/1981/1981 1982/1982/1982 
f 1983/1983/1983 1982/1982/1982 1984/1984/1984 
f 1985/1985/1985 1983/1983/1983 1984/1984/1984 
f 1985/1985/1985 1984/1984/1984 1986/1986/1986 
f 1986/1986/1986 1987/1987/1987 1985/1985/1985 
f 1986/1986/1986 1988/1988/1988 1987/1987/1987 
f 1989/1989/1989 1987/1987/1987 1988/1988/1988 
f 1989/1989/1989 1988/1988/1988 1990/1990/1990 
f 1990/1990/1990 1991/1991/1991 1989/1989/1989 
f 1990/1990/1990 1992/1992/1992 1991/1991/1991 
f 1993/1993/1993 1992/1992/1992 1994/1994/1994 
f 1993/1993/1993 1994/1994/1994 1995/1995/1995 
f 1996/1996/1996 1995/1995/1995 1994/1994/1994 
f 1997/1997/1997 1996/1996/1996 1994/1994/1994 
f 1997/1997/1997 1994/1994/1994 1998/1998/1998 
f 1999/1999/1999 2000/2000/2000 2001/2001/2001 
f 2002/2002/2002 2000/2000/2000 1999/1999/1999 
f 1999/1999/1999 2001/2001/2001 2003/2003/2003 
f 2002/2002/2002 2004/2004/2004 2000/2000/2000 
f 2005/2005/2005 2003/2003/2003 2001/2001/2001 
f 2006/2006/2006 2004/2004/2004 2002/2002/2002 
f 2005/2005/2005 2007/2007/2007 2003/2003/2003 
f 2006/2006/2006 2008/2008/2008 2004/2004/2004 
f 2009/2009/2009 2007/2007/2007 2005/2005/2005 
f 2009/2009/2009 2010/2010/2010 2007/2007/2007 
f 2008/2008/2008 2006/2006/2006 2011/2011/2011 
f 2008/2008/2008 2011/2011/2011 2012/2012/2012 
f 2013/2013/2013 2012/2012/2012 2011/2011/2011 
f 2013/2013/2013 2011/2011/2011 2014/2014/2014 
f 2013/2013/2013 2014/2014/2014 2015/2015/2015 
f 2013/2013/2013 2015/2015/2015 2016/2016/2016 
f 2016/2016/2016 2015/2015/2015 2017/2017/2017 
f 2016/2016/2016 2017/2017/2017 2018/2018/2018 
f 2019/2019/2019 2018/2018/2018 2017/2017/2017 
f 2019/2019/2019 2017/2017/2017 2020/2020/2020 
f 2021/2021/2021 2019/2019/2019 2020/2020/2020 
f 2021/2021/2021 2022/2022/2022 2019/2019/2019 
f 2023/2023/2023 2022/2022/2022 2021/2021/2021 
f 2023/2023/2023 2024/2024/2024 2022/2022/2022 
f 2024/2024/2024 2023/2023/2023 2025/2025/2025 
f 2024/2024/2024 2025/2025/2025 2026/2026/2026 
f 2027/2027/2027 2026/2026/2026 2028/2028/2028 
f 2027/2027/2027 2029/2029/2029 2026/2026/2026 
f 2030/2030/2030 2029/2029/2029 2027/2027/2027 
f 2029/2029/2029 2030/2030/2030 2031/2031/2031 
f 2029/2029/2029 2031/2031/2031 2032/2032/2032 
f 2033/2033/2033 2034/2034/2034 2035/2035/2035 
f 2033/2033/2033 2035/2035/2035 2036/2036/2036 
f 2037/2037/2037 2038/2038/2038 2039/2039/2039 
f 2037/2037/2037 2039/2039/2039 2040/2040/2040 
f 2041/2041/2041 2042/2042/2042 2043/2043/2043 
f 2041/2041/2041 2043/2043/2043 2044/2044/2044 
f 2045/2045/2045 2043/2043/2043 2042/2042/2042 
f 2045/2045/2045 2042/2042/2042 1975/1975/1975 
f 2046/2046/2046 2047/2047/2047 2048/2048/2048 
f 2046/2046/2046 2048/2048/2048 2049/2049/2049 
f 2050/2050/2050 2051/2051/2051 2052/2052/2052 
f 2050/2050/2050 2052/2052/2052 2053/2053/2053 
f 2054/2054/2054 2055/2055/2055 2056/2056/2056 
f 2054/2054/2054 2056/2056/2056 2057/2057/2057 
f 2058/2058/2058 2059/2059/2059 2060/2060/2060 
f 2058/2058/2058 2060/2060/2060 2061/2061/2061 
f 2058/2058/2058 2061/2061/2061 2062/2062/2062 
f 2058/2058/2058 2062/2062/2062 2063/2063/2063 
f 2064/2064/2064 2065/2065/2065 2066/2066/2066 
f 2064/2064/2064 2066/2066/2066 2067/2067/2067 
f 2068/2068/2068 2064/2064/2064 2067/2067/2067 
f 2068/2068/2068 2069/2069/2069 2064/2064/2064 
f 2070/2070/2070 2071/2071/2071 2072/2072/2072 
f 2070/2070/2070 2072/2072/2072 2073/2073/2073 
f 2074/2074/2074 2075/2075/2075 2076/2076/2076 
f 2074/2074/2074 2076/2076/2076 2077/2077/2077 
f 2075/2075/2075 2078/2078/2078 2076/2076/2076 
f 2075/2075/2075 2079/2079/2079 2078/2078/2078 
f 2080/2080/2080 2078/2078/2078 2079/2079/2079 
f 2080/2080/2080 2081/2081/2081 2078/2078/2078 
f 2082/2082/2082 2083/2083/2083 2084/2084/2084 
f 2009/2009/2009 2083/2083/2083 2082/2082/2082 
f 2009/2009/2009 2082/2082/2082 2085/2085/2085 
f 2086/2086/2086 2084/2084/2084 2083/2083/2083 
f 2086/2086/2086 2087/2087/2087 2084/2084/2084 
f 2086/2086/2086 2088/2088/2088 2087/2087/2087 
f 2086/2086/2086 2089/2089/2089 2088/2088/2088 
f 2088/2088/2088 2089/2089/2089 2090/2090/2090 
f 2088/2088/2088 2090/2090/2090 2091/2091/2091 
f 2092/2092/2092 2093/2093/2093 2094/2094/2094 
f 2092/2092/2092 2095/2095/2095 2093/2093/2093 
f 2092/2092/2092 2096/2096/2096 2095/2095/2095 
f 2097/2097/2097 2095/2095/2095 2096/2096/2096 
f 2097/2097/2097 2096/2096/2096 2098/2098/2098 
f 2098/2098/2098 2096/2096/2096 2092/2092/2092 
f 2097/2097/2097 2098/2098/2098 2099/2099/2099 
f 2098/2098/2098 2092/2092/2092 2100/2100/2100 
f 2099/2099/2099 2101/2101/2101 2097/2097/2097 
f 2099/2099/2099 2102/2102/2102 2101/2101/2101 
f 2103/2103/2103 2101/2101/2101 2102/2102/2102 
f 2103/2103/2103 2104/2104/2104 2101/2101/2101 
f 2105/2105/2105 2100/2100/2100 2092/2092/2092 
f 2105/2105/2105 2092/2092/2092 2106/2106/2106 
f 2092/2092/2092 2094/2094/2094 2106/2106/2106 
f 2106/2106/2106 2107/2107/2107 2105/2105/2105 
f 2094/2094/2094 2108/2108/2108 2106/2106/2106 
f 2106/2106/2106 2108/2108/2108 2107/2107/2107 
f 2094/2094/2094 2109/2109/2109 2108/2108/2108 
f 2108/2108/2108 2110/2110/2110 2107/2107/2107 
f 2108/2108/2108 2109/2109/2109 2111/2111/2111 
f 2108/2108/2108 2112/2112/2112 2110/2110/2110 
f 2108/2108/2108 2111/2111/2111 2112/2112/2112 
f 2113/2113/2113 2110/2110/2110 2112/2112/2112 
f 2113/2113/2113 2112/2112/2112 2111/2111/2111 
f 2113/2113/2113 2114/2114/2114 2110/2110/2110 
f 2113/2113/2113 2111/2111/2111 2115/2115/2115 
f 2114/2114/2114 2113/2113/2113 2116/2116/2116 
f 2116/2116/2116 2113/2113/2113 2115/2115/2115 
f 2114/2114/2114 2116/2116/2116 2117/2117/2117 
f 2116/2116/2116 2115/2115/2115 2118/2118/2118 
f 2119/2119/2119 2117/2117/2117 2116/2116/2116 
f 2120/2120/2120 2116/2116/2116 2118/2118/2118 
f 2119/2119/2119 2116/2116/2116 2121/2121/2121 
f 2120/2120/2120 2121/2121/2121 2116/2116/2116 
f 2122/2122/2122 2119/2119/2119 2121/2121/2121 
f 2123/2123/2123 2121/2121/2121 2120/2120/2120 
f 2122/2122/2122 2121/2121/2121 2124/2124/2124 
f 2123/2123/2123 2124/2124/2124 2121/2121/2121 
f 2122/2122/2122 2124/2124/2124 2125/2125/2125 
f 2123/2123/2123 2125/2125/2125 2124/2124/2124 
f 2123/2123/2123 2126/2126/2126 2125/2125/2125 
f 2122/2122/2122 2125/2125/2125 2127/2127/2127 
f 2128/2128/2128 2125/2125/2125 2126/2126/2126 
f 2129/2129/2129 2127/2127/2127 2125/2125/2125 
f 2128/2128/2128 2129/2129/2129 2125/2125/2125 
f 2129/2129/2129 2130/2130/2130 2127/2127/2127 
f 2131/2131/2131 2129/2129/2129 2128/2128/2128 
f 2132/2132/2132 2130/2130/2130 2129/2129/2129 
f 2132/2132/2132 2129/2129/2129 2133/2133/2133 
f 2131/2131/2131 2133/2133/2133 2129/2129/2129 
f 2134/2134/2134 2132/2132/2132 2133/2133/2133 
f 2135/2135/2135 2133/2133/2133 2131/2131/2131 
f 2134/2134/2134 2133/2133/2133 2135/2135/2135 
f 2135/2135/2135 2131/2131/2131 2136/2136/2136 
f 2137/2137/2137 2134/2134/2134 2135/2135/2135 
f 2135/2135/2135 2136/2136/2136 2138/2138/2138 
f 2137/2137/2137 2135/2135/2135 2139/2139/2139 
f 2135/2135/2135 2138/2138/2138 2139/2139/2139 
f 2140/2140/2140 2137/2137/2137 2139/2139/2139 
f 2140/2140/2140 2139/2139/2139 2141/2141/2141 
f 2141/2141/2141 2139/2139/2139 2138/2138/2138 
f 2141/2141/2141 2138/2138/2138 2142/2142/2142 
f 2143/2143/2143 2144/2144/2144 2145/2145/2145 
f 2143/2143/2143 2145/2145/2145 2146/2146/2146 
f 2143/2143/2143 2147/2147/2147 2144/2144/2144 
f 2143/2143/2143 2148/2148/2148 2147/2147/2147 
f 2144/2144/2144 2147/2147/2147 2149/2149/2149 
f 2144/2144/2144 2149/2149/2149 2150/2150/2150 
f 2145/2145/2145 2144/2144/2144 2150/2150/2150 
f 2145/2145/2145 2150/2150/2150 2151/2151/2151 
f 2152/2152/2152 2153/2153/2153 2154/2154/2154 
f 2155/2155/2155 2153/2153/2153 2152/2152/2152 
f 2152/2152/2152 2154/2154/2154 2156/2156/2156 
f 2155/2155/2155 2152/2152/2152 2157/2157/2157 
f 2156/2156/2156 2158/2158/2158 2152/2152/2152 
f 2157/2157/2157 2152/2152/2152 2158/2158/2158 
f 2156/2156/2156 2159/2159/2159 2158/2158/2158 
f 2157/2157/2157 2158/2158/2158 2160/2160/2160 
f 2159/2159/2159 2161/2161/2161 2158/2158/2158 
f 2160/2160/2160 2158/2158/2158 2161/2161/2161 
f 2159/2159/2159 2162/2162/2162 2161/2161/2161 
f 2160/2160/2160 2161/2161/2161 2163/2163/2163 
f 2164/2164/2164 2165/2165/2165 2166/2166/2166 
f 2164/2164/2164 2166/2166/2166 2167/2167/2167 
f 2165/2165/2165 2168/2168/2168 2166/2166/2166 
f 2165/2165/2165 2169/2169/2169 2168/2168/2168 

g Bacon11

v 3.41688 3.22659 2.0939 
v 3.55988 3.26331 2.01323 
v 3.57822 3.30231 2.04738 
v 3.42052 3.25891 2.1371 
v 3.10377 3.22282 2.19821 
v 3.13373 3.20006 2.14839 
v 3.06499 3.23466 2.16934 
v 3.09051 3.2122 2.1194 
v 3.55988 3.26331 2.01323 
v 3.09628 3.32211 1.86205 
v 3.64777 3.30997 1.90766 
v 3.41688 3.22659 2.0939 
v 3.65529 3.35522 1.79331 
v 3.61512 3.40431 1.68743 
v 3.49955 3.43763 1.6063 
v 3.33806 3.45436 1.56222 
v 3.13373 3.20006 2.14839 
v 3.05394 3.44331 1.5767 
v 3.05275 3.31889 1.86681 
v 3.09051 3.2122 2.1194 
v 3.01483 3.42682 1.61095 
v 3.64777 3.30997 1.90766 
v 3.65529 3.35522 1.79331 
v 3.6825 3.40591 1.80348 
v 3.61512 3.40431 1.68743 
v 3.67484 3.3556 1.93017 
v 3.57822 3.30231 2.04738 
v 3.55988 3.26331 2.01323 
v 3.63755 3.4591 1.68616 
v 3.49955 3.43763 1.6063 
v 3.50931 3.49355 1.5965 
v 3.33049 3.50878 1.548 
v 3.33806 3.45436 1.56222 
v 3.05394 3.44331 1.5767 
v 3.02029 3.49198 1.5646 
v 2.97401 3.47724 1.60068 
v 3.01483 3.42682 1.61095 
v 3.09051 3.2122 2.1194 
v 3.06499 3.23466 2.16934 
v 3.02061 3.3552 1.88646 
v 3.05275 3.31889 1.86681 
v 2.97401 3.47724 1.60068 
v 3.01483 3.42682 1.61095 
v 2.90804 3.88614 2.41383 
v 2.98723 3.55744 2.29047 
v 3.02193 3.55641 2.3231 
v 2.93857 3.89613 2.45027 
v 3.06499 3.23466 2.16934 
v 3.10377 3.22282 2.19821 
v 3.42052 3.25891 2.1371 
v 3.22156 3.9887 2.42401 
v 3.32195 3.62048 2.27925 
v 3.57822 3.30231 2.04738 
v 3.47354 3.67105 2.19877 
v 3.36693 4.04655 2.35295 
v 2.88934 3.93705 2.13617 
v 2.87065 3.98796 1.855 
v 2.9228 3.73028 1.72668 
v 2.95558 3.64348 2.01018 
v 2.98723 3.55744 2.29047 
v 2.90804 3.88614 2.41383 
v 3.02061 3.3552 1.88646 
v 2.97401 3.47724 1.60068 
v 3.06499 3.23466 2.16934 
v 3.36693 4.04655 2.35295 
v 3.46071 4.09435 2.24855 
v 3.38698 4.18243 2.2333 
v 3.40069 4.20513 2.12747 
v 3.47648 4.12045 2.12686 
v 3.30541 4.14086 2.3241 
v 3.22156 3.9887 2.42401 
v 3.17898 4.09055 2.38591 
v 2.93857 3.89613 2.45027 
v 2.93286 4.01004 2.40875 
v 2.90804 3.88614 2.41383 
v 2.92288 4.07706 2.37953 
v 2.90631 4.00135 2.37705 
v 2.88934 3.93705 2.13617 
v 2.89005 4.04562 2.13556 
v 2.87065 3.98796 1.855 
v 3.1549 4.15302 2.36255 
v 3.28066 4.20073 2.30785 
v 2.91186 4.15109 2.32492 
v 3.36294 4.23182 2.22796 
v 3.12829 4.22202 2.31442 
v 3.25332 4.26686 2.26757 
v 2.90303 4.20341 2.25614 
v 3.10287 4.28083 2.25083 
v 2.88869 4.13418 2.31035 
v 2.89794 4.06446 2.35597 
v 2.88433 4.11115 2.13416 
v 2.88128 4.18305 2.24878 
v 2.88038 4.15653 2.13319 
v 2.87371 4.23296 2.13155 
v 2.894 4.25686 2.13155 
v 2.87373 4.20667 2.02399 
v 3.07692 4.3409 2.13154 
v 2.87375 4.17874 1.96046 
v 2.89791 4.22758 2.01726 
v 3.09464 4.30824 2.0237 
v 3.20901 4.35982 2.13154 
v 3.2314 4.31285 2.22716 
v 3.22613 4.33044 2.04013 
v 3.3364 4.28638 2.2152 
v 3.28745 4.3606 2.13154 
v 3.31512 4.3231 2.19288 
v 3.30636 4.33403 2.07678 
v 3.33698 4.29744 2.12989 
v 3.3256 4.30579 2.05663 
v 3.37044 4.24896 2.12862 
v 3.24431 4.29921 1.99376 
v 3.35451 4.25884 2.03552 
v 3.37453 4.21632 2.02233 
v 3.4464 4.13332 2.00597 
v 3.26431 4.24897 1.95338 
v 3.28242 4.20348 1.93428 
v 3.34049 4.11855 1.90473 
v 3.11347 4.27354 1.95988 
v 3.13209 4.22044 1.907 
v 2.90206 4.19647 1.94658 
v 3.14894 4.17236 1.87658 
v 3.18701 4.08277 1.83838 
v 2.90662 4.14636 1.89311 
v 2.87377 4.13211 1.91486 
v 2.91076 4.10098 1.86216 
v 2.91315 4.0007 1.8218 
v 2.87379 4.0899 1.89103 
v 2.9228 3.73028 1.72668 
v 2.87065 3.98796 1.855 
v 2.91315 4.0007 1.8218 
v 2.9672 3.74403 1.69203 
v 2.97401 3.47724 1.60068 
v 3.18701 4.08277 1.83838 
v 3.02029 3.49198 1.5646 
v 3.2594 3.79316 1.69187 
v 3.33049 3.50878 1.548 
v 3.34049 4.11855 1.90473 
v 3.50931 3.49355 1.5965 
v 3.42567 3.80321 1.74921 
v 3.4464 4.13332 2.00597 
v 3.54284 3.79314 1.84461 
v 3.63755 3.4591 1.68616 
v 3.47648 4.12045 2.12686 
v 3.58042 3.75993 1.9637 
v 3.6825 3.40591 1.80348 
v 3.56875 3.72162 2.08791 
v 3.46071 4.09435 2.24855 
v 3.36693 4.04655 2.35295 
v 3.67484 3.3556 1.93017 
v 3.47354 3.67105 2.19877 
v 3.57822 3.30231 2.04738 

vn 0.346457 -0.771654 0.535433 
vn 0.606299 -0.669291 0.433071 
vn 0.614173 -0.661417 0.425197 
vn 0.330709 -0.779528 0.535433 
vn -0.181102 -0.92126 0.338583 
vn -0.0551181 -0.905512 0.417323 
vn -0.566929 -0.818898 0.0708661 
vn -0.645669 -0.76378 0 
vn 0.015748 -0.92126 -0.393701 
vn 0.015748 -0.92126 -0.393701 
vn 0.00787402 -0.929134 -0.377953 
vn 0.015748 -0.92126 -0.393701 
vn 0.00787402 -0.92126 -0.393701 
vn 0.00787402 -0.913386 -0.409449 
vn 0.015748 -0.92126 -0.393701 
vn 0.015748 -0.92126 -0.393701 
vn 0.015748 -0.92126 -0.393701 
vn 0.023622 -0.92126 -0.393701 
vn 0.023622 -0.92126 -0.393701 
vn 0.015748 -0.92126 -0.393701 
vn 0.0314961 -0.92126 -0.393701 
vn 0.826772 -0.551181 0.11811 
vn 0.866142 -0.409449 -0.291339 
vn 0.858268 -0.401575 -0.314961 
vn 0.692913 -0.299213 -0.653543 
vn 0.834646 -0.543307 0.0866142 
vn 0.614173 -0.661417 0.425197 
vn 0.606299 -0.669291 0.433071 
vn 0.677165 -0.291339 -0.677165 
vn 0.385827 -0.228346 -0.897638 
vn 0.377953 -0.220472 -0.897638 
vn 0.0866142 -0.244094 -0.968504 
vn 0.11811 -0.23622 -0.968504 
vn -0.212598 -0.370079 -0.905512 
vn -0.291339 -0.417323 -0.858268 
vn -0.614173 -0.590551 -0.527559 
vn -0.661417 -0.606299 -0.440945 
vn -0.645669 -0.76378 0 
vn -0.566929 -0.818898 0.0708661 
vn -0.771654 -0.614173 -0.141732 
vn -0.771654 -0.614173 -0.141732 
vn -0.614173 -0.590551 -0.527559 
vn -0.661417 -0.606299 -0.440945 
vn -0.834646 -0.354331 0.417323 
vn -0.858268 -0.346457 0.370079 
vn -0.244094 -0.393701 0.889764 
vn -0.188976 -0.385827 0.905512 
vn -0.84252 -0.354331 0.409449 
vn -0.181102 -0.385827 0.905512 
vn 0.385827 -0.244094 0.889764 
vn 0.354331 -0.259843 0.897638 
vn 0.362205 -0.251969 0.897638 
vn 0.669291 -0.110236 0.732283 
vn 0.645669 -0.125984 0.748031 
vn 0.637795 -0.133858 0.76378 
vn -0.968504 -0.23622 0.0314961 
vn -0.944882 -0.0314961 -0.330709 
vn -0.92126 0 -0.393701 
vn -0.968504 -0.23622 0.0393701 
vn -0.858268 -0.346457 0.370079 
vn -0.834646 -0.354331 0.417323 
vn -0.968504 -0.23622 0.0472441 
vn -0.905512 0.015748 -0.417323 
vn -0.84252 -0.354331 0.409449 
vn 0.377953 0.488189 0.787402 
vn 0.622047 0.606299 0.488189 
vn 0.685039 0.543307 0.488189 
vn 0.80315 0.598425 0.0472441 
vn 0.740157 0.661417 0.0787402 
vn 0.393701 0.448819 0.80315 
vn 0.110236 0.385827 0.913386 
vn 0.110236 0.385827 0.913386 
vn -0.472441 0.283465 0.834646 
vn -0.425197 0.283465 0.858268 
vn -0.905512 0.11811 0.409449 
vn -0.425197 0.370079 0.826772 
vn -0.929134 0.0708661 0.370079 
vn -1 0.00787402 0.0708661 
vn -1 -0.0393701 0.0551181 
vn -0.913386 0.165354 -0.377953 
vn 0.0551181 0.472441 0.88189 
vn 0.346457 0.480315 0.80315 
vn -0.448819 0.559055 0.692913 
vn 0.716535 0.511811 0.480315 
vn -0.0629921 0.637795 0.76378 
vn 0.19685 0.622047 0.755906 
vn -0.503937 0.700787 0.503937 
vn -0.181102 0.795276 0.582677 
vn -0.913386 0.212598 0.354331 
vn -0.92126 0.0866142 0.385827 
vn -0.992126 -0.0787402 0.0393701 
vn -0.92126 0.291339 0.259843 
vn -0.992126 -0.0866142 0.0314961 
vn -0.92126 0.385827 0.0629921 
vn -0.559055 0.826772 0.0787402 
vn -0.92126 0.362205 -0.133858 
vn -0.267717 0.96063 0.0787402 
vn -0.897638 0.354331 -0.259843 
vn -0.511811 0.795276 -0.322835 
vn -0.220472 0.889764 -0.401575 
vn -0.0551181 0.992126 0.0708661 
vn 0.0314961 0.795276 0.606299 
vn 0.0393701 0.889764 -0.448819 
vn 0.629921 0.622047 0.464567 
vn 0.354331 0.937008 0.0472441 
vn 0.503937 0.771654 0.385827 
vn 0.488189 0.818898 -0.299213 
vn 0.826772 0.566929 0.00787402 
vn 0.629921 0.692913 -0.354331 
vn 0.850394 0.527559 0.023622 
vn 0.204724 0.755906 -0.622047 
vn 0.716535 0.574803 -0.401575 
vn 0.692913 0.590551 -0.417323 
vn 0.669291 0.653543 -0.354331 
vn 0.330709 0.590551 -0.732283 
vn 0.385827 0.519685 -0.76378 
vn 0.409449 0.535433 -0.740157 
vn -0.11811 0.779528 -0.622047 
vn -0.00787402 0.614173 -0.787402 
vn -0.440945 0.708661 -0.543307 
vn 0.0708661 0.480315 -0.874016 
vn 0.110236 0.425197 -0.897638 
vn -0.393701 0.551181 -0.732283 
vn -0.905512 0.251969 -0.346457 
vn -0.362205 0.401575 -0.834646 
vn -0.393701 0.338583 -0.858268 
vn -0.905512 0.181102 -0.377953 
vn -0.92126 0 -0.393701 
vn -0.944882 -0.0314961 -0.330709 
vn -0.385827 0.346457 -0.850394 
vn -0.377953 0.354331 -0.858268 
vn -0.905512 0.015748 -0.417323 
vn 0.102362 0.472441 -0.874016 
vn -0.338583 0.362205 -0.866142 
vn 0.0944882 0.464567 -0.88189 
vn 0.11811 0.472441 -0.874016 
vn 0.440945 0.488189 -0.755906 
vn 0.448819 0.488189 -0.748031 
vn 0.425197 0.488189 -0.76378 
vn 0.80315 0.425197 -0.409449 
vn 0.779528 0.433071 -0.448819 
vn 0.795276 0.425197 -0.425197 
vn 0.96063 0.275591 0.015748 
vn 0.96063 0.283465 -0.015748 
vn 0.96063 0.283465 -0.023622 
vn 0.905512 0.0866142 0.417323 
vn 0.889764 0.0629921 0.448819 
vn 0.637795 -0.133858 0.76378 
vn 0.913386 0.0944882 0.393701 
vn 0.645669 -0.125984 0.748031 
vn 0.669291 -0.110236 0.732283 

vt 0.972545 0.826702 
vt 0.993735 0.826702 
vt 0.993735 0.830603 
vt 0.972545 0.830603 
vt 0.937267 0.830603 
vt 0.937267 0.826702 
vt 0.931487 0.830603 
vt 0.931487 0.826702 
vt 0.785981 0.791246 
vt 0.808048 0.806627 
vt 0.779568 0.791246 
vt 0.793742 0.791246 
vt 0.779568 0.806589 
vt 0.779568 0.82198 
vt 0.785949 0.82198 
vt 0.793701 0.82198 
vt 0.80832 0.791246 
vt 0.808032 0.82198 
vt 0.810265 0.806644 
vt 0.810265 0.791246 
vt 0.810251 0.82198 
vt 0.761547 0.826702 
vt 0.775725 0.826702 
vt 0.775725 0.830603 
vt 0.789965 0.826702 
vt 0.761547 0.830603 
vt 0.74485 0.830603 
vt 0.74485 0.826702 
vt 0.789965 0.830603 
vt 0.806916 0.826702 
vt 0.806916 0.830603 
vt 0.827398 0.830603 
vt 0.827398 0.826702 
vt 0.86234 0.826702 
vt 0.86234 0.830603 
vt 0.869375 0.830603 
vt 0.869375 0.826702 
vt 0.931453 0.826702 
vt 0.931453 0.830603 
vt 0.901761 0.830603 
vt 0.901761 0.826702 
vt 0.869373 0.830603 
vt 0.869373 0.826702 
vt 0.931487 0.87394 
vt 0.931487 0.852964 
vt 0.937267 0.852964 
vt 0.937267 0.87394 
vt 0.931487 0.830603 
vt 0.937267 0.830603 
vt 0.972545 0.830603 
vt 0.972545 0.87394 
vt 0.972545 0.852964 
vt 0.993735 0.830603 
vt 0.993735 0.852964 
vt 0.993735 0.87394 
vt 0.901761 0.87394 
vt 0.869373 0.87394 
vt 0.869373 0.852964 
vt 0.901761 0.852964 
vt 0.931453 0.852964 
vt 0.931453 0.87394 
vt 0.901761 0.830603 
vt 0.869373 0.830603 
vt 0.931453 0.830603 
vt 0.750995 0.817258 
vt 0.745678 0.812078 
vt 0.748491 0.811027 
vt 0.747398 0.805803 
vt 0.744422 0.806072 
vt 0.753115 0.815533 
vt 0.758916 0.820811 
vt 0.760004 0.818622 
vt 0.773942 0.822198 
vt 0.773073 0.819829 
vt 0.775491 0.820431 
vt 0.772882 0.818197 
vt 0.77442 0.818292 
vt 0.775432 0.806719 
vt 0.774368 0.806366 
vt 0.775366 0.792835 
vt 0.760571 0.817282 
vt 0.753752 0.814546 
vt 0.772631 0.815305 
vt 0.749211 0.810604 
vt 0.761155 0.814711 
vt 0.754415 0.812367 
vt 0.77245 0.811788 
vt 0.761748 0.811418 
vt 0.773918 0.814631 
vt 0.774201 0.81707 
vt 0.774031 0.806099 
vt 0.773712 0.811476 
vt 0.773796 0.805914 
vt 0.773402 0.805602 
vt 0.772165 0.805543 
vt 0.773453 0.800431 
vt 0.762255 0.805402 
vt 0.7736 0.797415 
vt 0.772038 0.800055 
vt 0.761483 0.800248 
vt 0.755493 0.805425 
vt 0.754998 0.810245 
vt 0.754751 0.801062 
vt 0.749994 0.809803 
vt 0.751577 0.80547 
vt 0.750666 0.808591 
vt 0.750786 0.802888 
vt 0.749704 0.805607 
vt 0.750057 0.802001 
vt 0.748493 0.80571 
vt 0.754055 0.798904 
vt 0.749023 0.801128 
vt 0.748403 0.800623 
vt 0.745577 0.800116 
vt 0.75346 0.797095 
vt 0.752953 0.796309 
vt 0.750809 0.795155 
vt 0.760756 0.797248 
vt 0.760234 0.794837 
vt 0.771996 0.796702 
vt 0.759794 0.793506 
vt 0.758674 0.791932 
vt 0.772145 0.794244 
vt 0.773956 0.795328 
vt 0.772311 0.792872 
vt 0.773067 0.791203 
vt 0.774311 0.794291 
vt 0.869375 0.852964 
vt 0.869375 0.87394 
vt 0.86234 0.87394 
vt 0.86234 0.852964 
vt 0.869375 0.830603 
vt 0.827398 0.87394 
vt 0.86234 0.830603 
vt 0.827398 0.852964 
vt 0.827398 0.830603 
vt 0.806916 0.87394 
vt 0.806916 0.830603 
vt 0.806916 0.852964 
vt 0.789965 0.87394 
vt 0.789965 0.852964 
vt 0.789965 0.830603 
vt 0.775725 0.87394 
vt 0.775725 0.852964 
vt 0.775725 0.830603 
vt 0.761547 0.852964 
vt 0.761547 0.87394 
vt 0.74485 0.87394 
vt 0.761547 0.830603 
vt 0.74485 0.852964 
vt 0.74485 0.830603 

usemtl Bacon1Mtl

f 2170/2170/2170 2171/2171/2171 2172/2172/2172 
f 2170/2170/2170 2172/2172/2172 2173/2173/2173 
f 2174/2174/2174 2170/2170/2170 2173/2173/2173 
f 2174/2174/2174 2175/2175/2175 2170/2170/2170 
f 2176/2176/2176 2175/2175/2175 2174/2174/2174 
f 2176/2176/2176 2177/2177/2177 2175/2175/2175 
f 2178/2178/2178 2179/2179/2179 2180/2180/2180 
f 2181/2181/2181 2179/2179/2179 2178/2178/2178 
f 2180/2180/2180 2179/2179/2179 2182/2182/2182 
f 2182/2182/2182 2179/2179/2179 2183/2183/2183 
f 2183/2183/2183 2179/2179/2179 2184/2184/2184 
f 2184/2184/2184 2179/2179/2179 2185/2185/2185 
f 2179/2179/2179 2181/2181/2181 2186/2186/2186 
f 2185/2185/2185 2179/2179/2179 2187/2187/2187 
f 2188/2188/2188 2179/2179/2179 2186/2186/2186 
f 2187/2187/2187 2179/2179/2179 2188/2188/2188 
f 2188/2188/2188 2186/2186/2186 2189/2189/2189 
f 2187/2187/2187 2188/2188/2188 2190/2190/2190 
f 2191/2191/2191 2192/2192/2192 2193/2193/2193 
f 2194/2194/2194 2193/2193/2193 2192/2192/2192 
f 2191/2191/2191 2193/2193/2193 2195/2195/2195 
f 2191/2191/2191 2195/2195/2195 2196/2196/2196 
f 2191/2191/2191 2196/2196/2196 2197/2197/2197 
f 2194/2194/2194 2198/2198/2198 2193/2193/2193 
f 2199/2199/2199 2198/2198/2198 2194/2194/2194 
f 2199/2199/2199 2200/2200/2200 2198/2198/2198 
f 2201/2201/2201 2200/2200/2200 2199/2199/2199 
f 2201/2201/2201 2199/2199/2199 2202/2202/2202 
f 2201/2201/2201 2202/2202/2202 2203/2203/2203 
f 2201/2201/2201 2203/2203/2203 2204/2204/2204 
f 2205/2205/2205 2204/2204/2204 2203/2203/2203 
f 2205/2205/2205 2203/2203/2203 2206/2206/2206 
f 2207/2207/2207 2208/2208/2208 2209/2209/2209 
f 2207/2207/2207 2209/2209/2209 2210/2210/2210 
f 2211/2211/2211 2210/2210/2210 2209/2209/2209 
f 2211/2211/2211 2212/2212/2212 2210/2210/2210 
f 2213/2213/2213 2214/2214/2214 2215/2215/2215 
f 2213/2213/2213 2215/2215/2215 2216/2216/2216 
f 2214/2214/2214 2217/2217/2217 2218/2218/2218 
f 2214/2214/2214 2218/2218/2218 2215/2215/2215 
f 2219/2219/2219 2215/2215/2215 2218/2218/2218 
f 2215/2215/2215 2220/2220/2220 2216/2216/2216 
f 2219/2219/2219 2221/2221/2221 2215/2215/2215 
f 2215/2215/2215 2221/2221/2221 2220/2220/2220 
f 2221/2221/2221 2219/2219/2219 2222/2222/2222 
f 2221/2221/2221 2222/2222/2222 2223/2223/2223 
f 2220/2220/2220 2221/2221/2221 2223/2223/2223 
f 2220/2220/2220 2223/2223/2223 2224/2224/2224 
f 2225/2225/2225 2226/2226/2226 2227/2227/2227 
f 2225/2225/2225 2227/2227/2227 2228/2228/2228 
f 2229/2229/2229 2225/2225/2225 2228/2228/2228 
f 2229/2229/2229 2230/2230/2230 2225/2225/2225 
f 2231/2231/2231 2228/2228/2228 2227/2227/2227 
f 2229/2229/2229 2228/2228/2228 2231/2231/2231 
f 2231/2231/2231 2227/2227/2227 2232/2232/2232 
f 2229/2229/2229 2231/2231/2231 2233/2233/2233 
f 2234/2234/2234 2235/2235/2235 2236/2236/2236 
f 2235/2235/2235 2237/2237/2237 2236/2236/2236 
f 2235/2235/2235 2238/2238/2238 2237/2237/2237 
f 2234/2234/2234 2236/2236/2236 2239/2239/2239 
f 2240/2240/2240 2234/2234/2234 2239/2239/2239 
f 2240/2240/2240 2239/2239/2239 2241/2241/2241 
f 2242/2242/2242 2240/2240/2240 2241/2241/2241 
f 2242/2242/2242 2241/2241/2241 2243/2243/2243 
f 2244/2244/2244 2242/2242/2242 2243/2243/2243 
f 2241/2241/2241 2245/2245/2245 2243/2243/2243 
f 2244/2244/2244 2243/2243/2243 2246/2246/2246 
f 2246/2246/2246 2243/2243/2243 2245/2245/2245 
f 2247/2247/2247 2244/2244/2244 2246/2246/2246 
f 2247/2247/2247 2246/2246/2246 2248/2248/2248 
f 2249/2249/2249 2247/2247/2247 2248/2248/2248 
f 2239/2239/2239 2250/2250/2250 2241/2241/2241 
f 2241/2241/2241 2250/2250/2250 2245/2245/2245 
f 2239/2239/2239 2251/2251/2251 2250/2250/2250 
f 2236/2236/2236 2251/2251/2251 2239/2239/2239 
f 2250/2250/2250 2252/2252/2252 2245/2245/2245 
f 2236/2236/2236 2253/2253/2253 2251/2251/2251 
f 2250/2250/2250 2254/2254/2254 2252/2252/2252 
f 2251/2251/2251 2254/2254/2254 2250/2250/2250 
f 2237/2237/2237 2253/2253/2253 2236/2236/2236 
f 2251/2251/2251 2255/2255/2255 2254/2254/2254 
f 2253/2253/2253 2255/2255/2255 2251/2251/2251 
f 2254/2254/2254 2256/2256/2256 2252/2252/2252 
f 2255/2255/2255 2257/2257/2257 2254/2254/2254 
f 2254/2254/2254 2257/2257/2257 2256/2256/2256 
f 2245/2245/2245 2252/2252/2252 2258/2258/2258 
f 2256/2256/2256 2258/2258/2258 2252/2252/2252 
f 2245/2245/2245 2258/2258/2258 2259/2259/2259 
f 2246/2246/2246 2245/2245/2245 2259/2259/2259 
f 2248/2248/2248 2246/2246/2246 2259/2259/2259 
f 2260/2260/2260 2259/2259/2259 2258/2258/2258 
f 2248/2248/2248 2259/2259/2259 2260/2260/2260 
f 2256/2256/2256 2261/2261/2261 2258/2258/2258 
f 2261/2261/2261 2262/2262/2262 2258/2258/2258 
f 2260/2260/2260 2258/2258/2258 2262/2262/2262 
f 2256/2256/2256 2263/2263/2263 2261/2261/2261 
f 2261/2261/2261 2263/2263/2263 2262/2262/2262 
f 2256/2256/2256 2264/2264/2264 2263/2263/2263 
f 2257/2257/2257 2264/2264/2264 2256/2256/2256 
f 2262/2262/2262 2263/2263/2263 2265/2265/2265 
f 2257/2257/2257 2266/2266/2266 2264/2264/2264 
f 2267/2267/2267 2260/2260/2260 2262/2262/2262 
f 2262/2262/2262 2265/2265/2265 2267/2267/2267 
f 2263/2263/2263 2268/2268/2268 2265/2265/2265 
f 2263/2263/2263 2264/2264/2264 2268/2268/2268 
f 2267/2267/2267 2265/2265/2265 2268/2268/2268 
f 2264/2264/2264 2266/2266/2266 2269/2269/2269 
f 2264/2264/2264 2269/2269/2269 2268/2268/2268 
f 2270/2270/2270 2266/2266/2266 2257/2257/2257 
f 2269/2269/2269 2266/2266/2266 2270/2270/2270 
f 2270/2270/2270 2257/2257/2257 2271/2271/2271 
f 2255/2255/2255 2271/2271/2271 2257/2257/2257 
f 2269/2269/2269 2270/2270/2270 2272/2272/2272 
f 2273/2273/2273 2271/2271/2271 2255/2255/2255 
f 2253/2253/2253 2273/2273/2273 2255/2255/2255 
f 2274/2274/2274 2270/2270/2270 2271/2271/2271 
f 2272/2272/2272 2270/2270/2270 2274/2274/2274 
f 2273/2273/2273 2275/2275/2275 2271/2271/2271 
f 2274/2274/2274 2271/2271/2271 2275/2275/2275 
f 2272/2272/2272 2274/2274/2274 2276/2276/2276 
f 2277/2277/2277 2274/2274/2274 2275/2275/2275 
f 2276/2276/2276 2274/2274/2274 2277/2277/2277 
f 2277/2277/2277 2275/2275/2275 2273/2273/2273 
f 2272/2272/2272 2276/2276/2276 2278/2278/2278 
f 2276/2276/2276 2277/2277/2277 2278/2278/2278 
f 2279/2279/2279 2273/2273/2273 2253/2253/2253 
f 2279/2279/2279 2277/2277/2277 2273/2273/2273 
f 2278/2278/2278 2277/2277/2277 2279/2279/2279 
f 2237/2237/2237 2279/2279/2279 2253/2253/2253 
f 2272/2272/2272 2278/2278/2278 2280/2280/2280 
f 2269/2269/2269 2272/2272/2272 2280/2280/2280 
f 2278/2278/2278 2279/2279/2279 2281/2281/2281 
f 2237/2237/2237 2281/2281/2281 2279/2279/2279 
f 2280/2280/2280 2278/2278/2278 2281/2281/2281 
f 2237/2237/2237 2282/2282/2282 2281/2281/2281 
f 2238/2238/2238 2282/2282/2282 2237/2237/2237 
f 2238/2238/2238 2283/2283/2283 2282/2282/2282 
f 2282/2282/2282 2284/2284/2284 2281/2281/2281 
f 2280/2280/2280 2281/2281/2281 2284/2284/2284 
f 2283/2283/2283 2285/2285/2285 2282/2282/2282 
f 2282/2282/2282 2285/2285/2285 2284/2284/2284 
f 2283/2283/2283 2286/2286/2286 2285/2285/2285 
f 2287/2287/2287 2280/2280/2280 2284/2284/2284 
f 2269/2269/2269 2280/2280/2280 2287/2287/2287 
f 2268/2268/2268 2269/2269/2269 2287/2287/2287 
f 2287/2287/2287 2284/2284/2284 2288/2288/2288 
f 2285/2285/2285 2288/2288/2288 2284/2284/2284 
f 2268/2268/2268 2287/2287/2287 2289/2289/2289 
f 2289/2289/2289 2287/2287/2287 2288/2288/2288 
f 2267/2267/2267 2268/2268/2268 2289/2289/2289 
f 2286/2286/2286 2290/2290/2290 2285/2285/2285 
f 2285/2285/2285 2290/2290/2290 2288/2288/2288 
f 2286/2286/2286 2291/2291/2291 2290/2290/2290 
f 2289/2289/2289 2288/2288/2288 2292/2292/2292 
f 2290/2290/2290 2292/2292/2292 2288/2288/2288 
f 2293/2293/2293 2267/2267/2267 2289/2289/2289 
f 2293/2293/2293 2289/2289/2289 2292/2292/2292 
f 2267/2267/2267 2293/2293/2293 2260/2260/2260 
f 2248/2248/2248 2260/2260/2260 2293/2293/2293 
f 2291/2291/2291 2294/2294/2294 2290/2290/2290 
f 2290/2290/2290 2294/2294/2294 2292/2292/2292 
f 2291/2291/2291 2295/2295/2295 2294/2294/2294 
f 2296/2296/2296 2293/2293/2293 2292/2292/2292 
f 2248/2248/2248 2293/2293/2293 2296/2296/2296 
f 2296/2296/2296 2292/2292/2292 2294/2294/2294 
f 2295/2295/2295 2296/2296/2296 2294/2294/2294 
f 2249/2249/2249 2248/2248/2248 2296/2296/2296 
f 2295/2295/2295 2249/2249/2249 2296/2296/2296 
f 2297/2297/2297 2298/2298/2298 2299/2299/2299 
f 2297/2297/2297 2299/2299/2299 2300/2300/2300 
f 2300/2300/2300 2301/2301/2301 2297/2297/2297 
f 2302/2302/2302 2300/2300/2300 2299/2299/2299 
f 2300/2300/2300 2303/2303/2303 2301/2301/2301 
f 2302/2302/2302 2304/2304/2304 2300/2300/2300 
f 2304/2304/2304 2303/2303/2303 2300/2300/2300 
f 2304/2304/2304 2305/2305/2305 2303/2303/2303 
f 2304/2304/2304 2302/2302/2302 2306/2306/2306 
f 2307/2307/2307 2305/2305/2305 2304/2304/2304 
f 2304/2304/2304 2306/2306/2306 2308/2308/2308 
f 2307/2307/2307 2304/2304/2304 2308/2308/2308 
f 2308/2308/2308 2306/2306/2306 2309/2309/2309 
f 2307/2307/2307 2308/2308/2308 2310/2310/2310 
f 2308/2308/2308 2309/2309/2309 2310/2310/2310 
f 2307/2307/2307 2310/2310/2310 2311/2311/2311 
f 2312/2312/2312 2310/2310/2310 2309/2309/2309 
f 2313/2313/2313 2311/2311/2311 2310/2310/2310 
f 2312/2312/2312 2313/2313/2313 2310/2310/2310 
f 2313/2313/2313 2314/2314/2314 2311/2311/2311 
f 2312/2312/2312 2315/2315/2315 2313/2313/2313 
f 2315/2315/2315 2314/2314/2314 2313/2313/2313 
f 2312/2312/2312 2316/2316/2316 2315/2315/2315 
f 2317/2317/2317 2315/2315/2315 2316/2316/2316 
f 2315/2315/2315 2318/2318/2318 2314/2314/2314 
f 2317/2317/2317 2319/2319/2319 2315/2315/2315 
f 2318/2318/2318 2315/2315/2315 2319/2319/2319 
f 2318/2318/2318 2319/2319/2319 2320/2320/2320 

g Bacon12

v 3.05969 4.91262 2.11711 
v 2.57675 4.7131 2.00823 
v 2.97423 4.87731 2.20942 
v 3.07901 4.92117 2.00833 
v 3.05969 4.91262 1.89934 
v 2.97423 4.87731 1.80704 
v 2.84633 4.82447 1.74536 
v 2.84633 4.82447 2.27109 
v 2.57675 4.7131 1.75948 
v 2.61297 4.72806 1.72661 
v 2.57675 4.7131 2.29275 
v 2.603 4.72394 2.29064 
v 2.55976 4.66245 2.01416 
v 2.55933 4.66371 1.72764 
v 2.56017 4.66118 2.29827 
v 2.60049 4.68053 1.69517 
v 2.59 4.67339 2.33516 
v 2.84633 4.82447 1.74536 
v 2.86571 4.7889 1.71644 
v 2.97423 4.87731 1.80704 
v 2.84633 4.82447 2.27109 
v 3.01115 4.84807 1.78642 
v 2.86649 4.78656 2.31297 
v 3.05969 4.91262 1.89934 
v 3.01175 4.84628 2.24299 
v 3.10841 4.88738 1.89116 
v 2.97423 4.87731 2.20942 
v 3.07901 4.92117 2.00833 
v 3.10873 4.88641 2.13825 
v 3.13053 4.89648 2.01483 
v 3.05969 4.91262 2.11711 
v 3.47234 4.02839 2.02112 
v 3.4464 4.13332 2.00597 
v 3.47648 4.12045 2.12686 
v 3.34049 4.11855 1.90473 
v 3.37638 3.976 1.94967 
v 3.18701 4.08277 1.83838 
v 3.47625 3.93803 2.05997 
v 3.24294 3.93226 1.89965 
v 2.91315 4.0007 1.8218 
v 3.40672 3.87552 2.03154 
v 3.50196 4.01121 2.11581 
v 3.49449 3.92031 2.11069 
v 3.48226 4.00302 2.21626 
v 3.46071 4.09435 2.24855 
v 3.48048 3.92703 2.16964 
v 3.4311 3.83556 2.11203 
v 3.39752 3.93188 2.29141 
v 3.36693 4.04655 2.35295 
v 3.4171 3.85916 2.20386 
v 3.27033 3.87483 2.33695 
v 3.22156 3.9887 2.42401 
v 3.30368 3.80704 2.2206 
v 3.31875 3.77904 2.11388 
v 3.02032 3.79244 2.35678 
v 2.93857 3.89613 2.45027 
v 3.08074 3.73653 2.22903 
v 3.09565 3.70852 2.11767 
v 3.28912 3.82988 1.99752 
v 3.03625 3.76773 2.22055 
v 2.97187 3.81404 2.32913 
v 2.90804 3.88614 2.41383 
v 2.88934 3.93705 2.13617 
v 2.96465 3.83407 2.12625 
v 3.04609 3.75424 2.11686 
v 3.02704 3.79165 2.02444 
v 3.07351 3.75502 1.99443 
v 2.94536 3.87797 1.93542 
v 2.87065 3.98796 1.855 
v 3.00245 3.85254 1.89345 
v 3.34076 4.12182 2.36223 
v 3.16726 4.50386 2.29935 
v 3.02108 4.44633 2.36923 
v 3.01175 4.84628 2.24299 
v 2.86649 4.78656 2.31297 
v 2.59 4.67339 2.33516 
v 3.19357 4.06674 2.432 
v 3.36693 4.04655 2.35295 
v 3.22156 3.9887 2.42401 
v 2.91073 3.97044 2.45411 
v 2.93857 3.89613 2.45027 
v 2.90804 3.88614 2.41383 
v 2.88022 3.96005 2.41722 
v 2.71144 4.32978 2.35449 
v 2.7416 4.34113 2.39138 
v 2.56017 4.66118 2.29827 
v 2.86374 4.00939 1.84858 
v 2.87065 3.98796 1.855 
v 2.88934 3.93705 2.13617 
v 2.55933 4.66371 1.72764 
v 2.70321 4.35444 1.7848 
v 2.55976 4.66245 2.01416 
v 2.87198 3.98472 2.13465 
v 2.90804 3.88614 2.41383 
v 2.88022 3.96005 2.41722 
v 2.71144 4.32978 2.35449 
v 2.56017 4.66118 2.29827 
v 3.34076 4.12182 2.36223 
v 3.43762 4.16306 2.25782 
v 3.26419 4.54451 2.19477 
v 3.16726 4.50386 2.29935 
v 3.01175 4.84628 2.24299 
v 3.36693 4.04655 2.35295 
v 3.10873 4.88641 2.13825 
v 3.46071 4.09435 2.24855 
v 3.47648 4.12045 2.12686 
v 3.28498 4.55773 2.07152 
v 3.45729 4.1798 2.13477 
v 3.13053 4.89648 2.01483 
v 3.43132 4.18194 2.01148 
v 3.4464 4.13332 2.00597 
v 3.26104 4.55395 1.94803 
v 3.10841 4.88738 1.89116 
v 3.32911 4.15671 1.90707 
v 3.34049 4.11855 1.90473 
v 3.16144 4.52129 1.84345 
v 3.01115 4.84807 1.78642 
v 3.18701 4.08277 1.83838 
v 2.86571 4.7889 1.71644 
v 3.01348 4.46911 1.77357 
v 2.60049 4.68053 1.69517 
v 3.17835 4.11233 1.8373 
v 2.91315 4.0007 1.8218 
v 2.90601 4.02322 1.81609 
v 2.87065 3.98796 1.855 
v 2.86374 4.00939 1.84858 
v 2.70321 4.35444 1.7848 
v 2.55933 4.66371 1.72764 
v 2.7449 4.36984 1.75232 

vn -0.385827 0.92126 0 
vn -0.590551 0.80315 0 
vn -0.377953 0.92126 0 
vn -0.385827 0.92126 0 
vn -0.385827 0.92126 0 
vn -0.377953 0.92126 0 
vn -0.377953 0.92126 0 
vn -0.377953 0.92126 0 
vn -0.566929 0.826772 -0.023622 
vn -0.377953 0.905512 -0.212598 
vn -0.598425 0.795276 0.0314961 
vn -0.370079 0.913386 0.165354 
vn -0.944882 0.314961 0 
vn -0.913386 0.393701 -0.125984 
vn -0.937008 0.338583 0.0629921 
vn -0.322835 0.582677 -0.748031 
vn -0.275591 0.653543 0.708661 
vn -0.0708661 0.606299 -0.787402 
vn -0.0787402 0.606299 -0.795276 
vn 0.181102 0.708661 -0.677165 
vn -0.125984 0.708661 0.692913 
vn 0.204724 0.724409 -0.661417 
vn -0.141732 0.700787 0.700787 
vn 0.370079 0.84252 -0.393701 
vn 0.110236 0.787402 0.606299 
vn 0.385827 0.858268 -0.346457 
vn 0.110236 0.787402 0.606299 
vn 0.433071 0.905512 -0.00787402 
vn 0.314961 0.88189 0.362205 
vn 0.433071 0.905512 0.015748 
vn 0.314961 0.88189 0.354331 
vn 0.811024 -0.023622 -0.582677 
vn 0.787402 0.0629921 -0.614173 
vn 0.976378 0.212598 -0.0393701 
vn 0.503937 -0.133858 -0.850394 
vn 0.519685 -0.267717 -0.811024 
vn 0.228346 -0.299213 -0.929134 
vn 0.76378 -0.322835 -0.551181 
vn 0.267717 -0.417323 -0.866142 
vn 0.015748 -0.425197 -0.905512 
vn 0.519685 -0.574803 -0.629921 
vn 0.992126 0.0944882 -0.0393701 
vn 0.913386 -0.393701 -0.0944882 
vn 0.88189 -0.0866142 0.464567 
vn 0.866142 0 0.496063 
vn 0.850394 -0.377953 0.370079 
vn 0.582677 -0.80315 -0.110236 
vn 0.598425 -0.401575 0.692913 
vn 0.590551 -0.267717 0.755906 
vn 0.582677 -0.669291 0.456693 
vn 0.346457 -0.614173 0.708661 
vn 0.314961 -0.480315 0.818898 
vn 0.346457 -0.826772 0.433071 
vn 0.362205 -0.929134 -0.102362 
vn 0.15748 -0.708661 0.692913 
vn 0.141732 -0.598425 0.787402 
vn 0.165354 -0.897638 0.401575 
vn 0.15748 -0.984252 -0.0944882 
vn 0.322835 -0.708661 -0.629921 
vn -0.629921 -0.779528 0.023622 
vn -0.716535 -0.692913 0.0393701 
vn -0.716535 -0.692913 0.102362 
vn -0.80315 -0.598425 -0.0472441 
vn -0.755906 -0.653543 -0.0551181 
vn -0.669291 -0.740157 -0.0629921 
vn -0.661417 -0.732283 -0.15748 
vn 0.110236 -0.795276 -0.598425 
vn -0.740157 -0.645669 -0.173228 
vn -0.716535 -0.645669 -0.275591 
vn 0.0393701 -0.535433 -0.84252 
vn 0.464567 0.299213 0.834646 
vn 0.456693 0.338583 0.826772 
vn 0.125984 0.220472 0.968504 
vn 0.456693 0.346457 0.818898 
vn 0.125984 0.220472 0.968504 
vn -0.102362 0.11811 0.984252 
vn 0.149606 0.181102 0.968504 
vn 0.551181 0.0944882 0.826772 
vn 0.220472 -0.00787402 0.976378 
vn -0.0629921 0.102362 0.992126 
vn -0.00787402 -0.0787402 1 
vn -0.929134 -0.354331 0.125984 
vn -0.913386 -0.385827 0.125984 
vn -0.913386 -0.401575 0.102362 
vn -0.0944882 0.125984 0.984252 
vn -0.913386 -0.401575 0.0787402 
vn -0.889764 -0.433071 -0.133858 
vn -0.937008 -0.346457 -0.0629921 
vn -0.937008 -0.346457 0 
vn -0.88189 -0.440945 -0.149606 
vn -0.889764 -0.440945 -0.141732 
vn -0.905512 -0.417323 0 
vn -0.913386 -0.409449 -0.00787402 
vn -0.929134 -0.354331 0.125984 
vn -0.913386 -0.385827 0.125984 
vn -0.913386 -0.401575 0.102362 
vn -0.913386 -0.401575 0.0787402 
vn 0.464567 0.299213 0.834646 
vn 0.755906 0.393701 0.519685 
vn 0.755906 0.425197 0.496063 
vn 0.456693 0.338583 0.826772 
vn 0.456693 0.346457 0.818898 
vn 0.551181 0.0944882 0.826772 
vn 0.771654 0.425197 0.472441 
vn 0.834646 0.212598 0.503937 
vn 0.952756 0.307087 0.015748 
vn 0.913386 0.417323 0.00787402 
vn 0.913386 0.401575 0.0314961 
vn 0.913386 0.409449 -0.015748 
vn 0.84252 0.307087 -0.448819 
vn 0.834646 0.307087 -0.456693 
vn 0.818898 0.291339 -0.488189 
vn 0.811024 0.283465 -0.511811 
vn 0.566929 0.125984 -0.818898 
vn 0.535433 0.204724 -0.818898 
vn 0.551181 0.110236 -0.826772 
vn 0.543307 0.102362 -0.834646 
vn 0.228346 0 -0.976378 
vn 0.23622 -0.0629921 -0.968504 
vn 0.23622 -0.0629921 -0.968504 
vn 0.0314961 -0.165354 -0.984252 
vn 0.244094 -0.0551181 -0.968504 
vn 0.00787402 -0.141732 -0.992126 
vn 0.0314961 -0.165354 -0.984252 
vn -0.937008 -0.346457 -0.0629921 
vn -0.889764 -0.433071 -0.133858 
vn -0.889764 -0.440945 -0.141732 
vn -0.88189 -0.440945 -0.149606 
vn 0.023622 -0.165354 -0.984252 

vt 0.764707 0.941158 
vt 0.77492 0.992997 
vt 0.750313 0.941158 
vt 0.774235 0.941158 
vt 0.783843 0.941158 
vt 0.799885 0.941158 
vt 0.799885 0.965255 
vt 0.750313 0.965255 
vt 0.799885 0.992997 
vt 0.799885 0.989613 
vt 0.750313 0.992997 
vt 0.750313 0.989613 
vt 0.774512 0.997615 
vt 0.806253 0.997615 
vt 0.748631 0.997615 
vt 0.806253 0.991195 
vt 0.744457 0.997615 
vt 0.799885 0.965255 
vt 0.806253 0.959865 
vt 0.799885 0.941158 
vt 0.750313 0.965255 
vt 0.806253 0.935768 
vt 0.744457 0.959865 
vt 0.783843 0.941158 
vt 0.744457 0.935768 
vt 0.78528 0.935768 
vt 0.750313 0.941158 
vt 0.774235 0.941158 
vt 0.762225 0.935768 
vt 0.773517 0.935768 
vt 0.764707 0.941158 
vt 0.813514 0.960259 
vt 0.812123 0.962204 
vt 0.810925 0.956315 
vt 0.817371 0.967034 
vt 0.818368 0.96308 
vt 0.825221 0.970095 
vt 0.814732 0.958556 
vt 0.825434 0.965276 
vt 0.839539 0.970568 
vt 0.819241 0.959618 
vt 0.812685 0.956156 
vt 0.814225 0.956018 
vt 0.813489 0.951878 
vt 0.812112 0.950336 
vt 0.814695 0.953227 
vt 0.818889 0.955528 
vt 0.818225 0.94838 
vt 0.817351 0.945105 
vt 0.81899 0.951248 
vt 0.825239 0.946119 
vt 0.825195 0.941443 
vt 0.825278 0.950213 
vt 0.825227 0.955185 
vt 0.838456 0.944988 
vt 0.840123 0.939806 
vt 0.836997 0.949525 
vt 0.836956 0.954719 
vt 0.82562 0.961058 
vt 0.83841 0.950117 
vt 0.839973 0.946102 
vt 0.841758 0.941516 
vt 0.841748 0.955135 
vt 0.839909 0.955075 
vt 0.8383 0.955023 
vt 0.838466 0.959671 
vt 0.837098 0.960897 
vt 0.839994 0.963989 
vt 0.841739 0.968923 
vt 0.838237 0.965411 
vt 0.993735 0.877473 
vt 0.993735 0.906205 
vt 0.972545 0.906205 
vt 0.993735 0.934863 
vt 0.972545 0.934863 
vt 0.937267 0.934863 
vt 0.972545 0.877473 
vt 0.993735 0.87394 
vt 0.972545 0.87394 
vt 0.937267 0.877473 
vt 0.937267 0.87394 
vt 0.931487 0.87394 
vt 0.931487 0.877473 
vt 0.931487 0.906205 
vt 0.937267 0.906205 
vt 0.931487 0.934863 
vt 0.869373 0.877473 
vt 0.869373 0.87394 
vt 0.901761 0.87394 
vt 0.869373 0.934863 
vt 0.869373 0.903786 
vt 0.901761 0.934863 
vt 0.901761 0.877473 
vt 0.931453 0.87394 
vt 0.931453 0.877473 
vt 0.931453 0.905757 
vt 0.931453 0.934863 
vt 0.74485 0.877473 
vt 0.761547 0.877473 
vt 0.761547 0.906205 
vt 0.74485 0.906205 
vt 0.74485 0.934863 
vt 0.74485 0.87394 
vt 0.761547 0.934863 
vt 0.761547 0.87394 
vt 0.775725 0.87394 
vt 0.775725 0.906205 
vt 0.775725 0.877473 
vt 0.775725 0.934862 
vt 0.789965 0.877473 
vt 0.789965 0.87394 
vt 0.789965 0.906205 
vt 0.789965 0.934862 
vt 0.806916 0.877473 
vt 0.806916 0.87394 
vt 0.806916 0.906205 
vt 0.806916 0.934862 
vt 0.827398 0.87394 
vt 0.827398 0.934862 
vt 0.827398 0.906205 
vt 0.86234 0.934862 
vt 0.827398 0.877473 
vt 0.86234 0.87394 
vt 0.86234 0.877473 
vt 0.869375 0.87394 
vt 0.869375 0.877473 
vt 0.869375 0.906205 
vt 0.869375 0.934862 
vt 0.86234 0.906205 

usemtl Bacon1Mtl

f 2321/2321/2321 2322/2322/2322 2323/2323/2323 
f 2324/2324/2324 2322/2322/2322 2321/2321/2321 
f 2325/2325/2325 2322/2322/2322 2324/2324/2324 
f 2326/2326/2326 2322/2322/2322 2325/2325/2325 
f 2327/2327/2327 2322/2322/2322 2326/2326/2326 
f 2323/2323/2323 2322/2322/2322 2328/2328/2328 
f 2327/2327/2327 2329/2329/2329 2322/2322/2322 
f 2327/2327/2327 2330/2330/2330 2329/2329/2329 
f 2331/2331/2331 2328/2328/2328 2322/2322/2322 
f 2331/2331/2331 2332/2332/2332 2328/2328/2328 
f 2329/2329/2329 2333/2333/2333 2322/2322/2322 
f 2333/2333/2333 2331/2331/2331 2322/2322/2322 
f 2329/2329/2329 2334/2334/2334 2333/2333/2333 
f 2334/2334/2334 2329/2329/2329 2330/2330/2330 
f 2333/2333/2333 2335/2335/2335 2331/2331/2331 
f 2335/2335/2335 2332/2332/2332 2331/2331/2331 
f 2334/2334/2334 2330/2330/2330 2336/2336/2336 
f 2335/2335/2335 2337/2337/2337 2332/2332/2332 
f 2338/2338/2338 2336/2336/2336 2330/2330/2330 
f 2338/2338/2338 2339/2339/2339 2336/2336/2336 
f 2340/2340/2340 2339/2339/2339 2338/2338/2338 
f 2341/2341/2341 2332/2332/2332 2337/2337/2337 
f 2340/2340/2340 2342/2342/2342 2339/2339/2339 
f 2341/2341/2341 2337/2337/2337 2343/2343/2343 
f 2344/2344/2344 2342/2342/2342 2340/2340/2340 
f 2341/2341/2341 2343/2343/2343 2345/2345/2345 
f 2344/2344/2344 2346/2346/2346 2342/2342/2342 
f 2341/2341/2341 2345/2345/2345 2347/2347/2347 
f 2346/2346/2346 2344/2344/2344 2348/2348/2348 
f 2349/2349/2349 2347/2347/2347 2345/2345/2345 
f 2346/2346/2346 2348/2348/2348 2350/2350/2350 
f 2349/2349/2349 2351/2351/2351 2347/2347/2347 
f 2350/2350/2350 2348/2348/2348 2351/2351/2351 
f 2350/2350/2350 2351/2351/2351 2349/2349/2349 
f 2352/2352/2352 2353/2353/2353 2354/2354/2354 
f 2352/2352/2352 2355/2355/2355 2353/2353/2353 
f 2352/2352/2352 2356/2356/2356 2355/2355/2355 
f 2356/2356/2356 2357/2357/2357 2355/2355/2355 
f 2358/2358/2358 2356/2356/2356 2352/2352/2352 
f 2356/2356/2356 2359/2359/2359 2357/2357/2357 
f 2359/2359/2359 2360/2360/2360 2357/2357/2357 
f 2358/2358/2358 2361/2361/2361 2356/2356/2356 
f 2361/2361/2361 2359/2359/2359 2356/2356/2356 
f 2358/2358/2358 2352/2352/2352 2362/2362/2362 
f 2352/2352/2352 2354/2354/2354 2362/2362/2362 
f 2358/2358/2358 2362/2362/2362 2363/2363/2363 
f 2363/2363/2363 2361/2361/2361 2358/2358/2358 
f 2354/2354/2354 2364/2364/2364 2362/2362/2362 
f 2354/2354/2354 2365/2365/2365 2364/2364/2364 
f 2362/2362/2362 2366/2366/2366 2363/2363/2363 
f 2362/2362/2362 2364/2364/2364 2366/2366/2366 
f 2363/2363/2363 2367/2367/2367 2361/2361/2361 
f 2367/2367/2367 2363/2363/2363 2366/2366/2366 
f 2368/2368/2368 2364/2364/2364 2365/2365/2365 
f 2368/2368/2368 2365/2365/2365 2369/2369/2369 
f 2370/2370/2370 2366/2366/2366 2364/2364/2364 
f 2370/2370/2370 2364/2364/2364 2368/2368/2368 
f 2367/2367/2367 2366/2366/2366 2370/2370/2370 
f 2371/2371/2371 2368/2368/2368 2369/2369/2369 
f 2371/2371/2371 2369/2369/2369 2372/2372/2372 
f 2373/2373/2373 2370/2370/2370 2368/2368/2368 
f 2373/2373/2373 2368/2368/2368 2371/2371/2371 
f 2374/2374/2374 2367/2367/2367 2370/2370/2370 
f 2374/2374/2374 2370/2370/2370 2373/2373/2373 
f 2361/2361/2361 2367/2367/2367 2374/2374/2374 
f 2375/2375/2375 2371/2371/2371 2372/2372/2372 
f 2375/2375/2375 2372/2372/2372 2376/2376/2376 
f 2377/2377/2377 2373/2373/2373 2371/2371/2371 
f 2377/2377/2377 2371/2371/2371 2375/2375/2375 
f 2378/2378/2378 2374/2374/2374 2373/2373/2373 
f 2378/2378/2378 2373/2373/2373 2377/2377/2377 
f 2361/2361/2361 2374/2374/2374 2379/2379/2379 
f 2379/2379/2379 2374/2374/2374 2378/2378/2378 
f 2361/2361/2361 2379/2379/2379 2359/2359/2359 
f 2380/2380/2380 2377/2377/2377 2375/2375/2375 
f 2381/2381/2381 2375/2375/2375 2376/2376/2376 
f 2380/2380/2380 2375/2375/2375 2381/2381/2381 
f 2381/2381/2381 2376/2376/2376 2382/2382/2382 
f 2381/2381/2381 2382/2382/2382 2383/2383/2383 
f 2380/2380/2380 2381/2381/2381 2384/2384/2384 
f 2381/2381/2381 2383/2383/2383 2384/2384/2384 
f 2385/2385/2385 2377/2377/2377 2380/2380/2380 
f 2380/2380/2380 2384/2384/2384 2385/2385/2385 
f 2385/2385/2385 2378/2378/2378 2377/2377/2377 
f 2384/2384/2384 2386/2386/2386 2385/2385/2385 
f 2387/2387/2387 2378/2378/2378 2385/2385/2385 
f 2387/2387/2387 2385/2385/2385 2386/2386/2386 
f 2379/2379/2379 2378/2378/2378 2387/2387/2387 
f 2384/2384/2384 2388/2388/2388 2386/2386/2386 
f 2383/2383/2383 2388/2388/2388 2384/2384/2384 
f 2387/2387/2387 2386/2386/2386 2388/2388/2388 
f 2383/2383/2383 2389/2389/2389 2388/2388/2388 
f 2379/2379/2379 2387/2387/2387 2390/2390/2390 
f 2387/2387/2387 2388/2388/2388 2390/2390/2390 
f 2390/2390/2390 2388/2388/2388 2389/2389/2389 
f 2379/2379/2379 2390/2390/2390 2359/2359/2359 
f 2390/2390/2390 2389/2389/2389 2360/2360/2360 
f 2359/2359/2359 2390/2390/2390 2360/2360/2360 
f 2391/2391/2391 2392/2392/2392 2393/2393/2393 
f 2392/2392/2392 2394/2394/2394 2395/2395/2395 
f 2392/2392/2392 2395/2395/2395 2393/2393/2393 
f 2393/2393/2393 2395/2395/2395 2396/2396/2396 
f 2391/2391/2391 2393/2393/2393 2397/2397/2397 
f 2398/2398/2398 2391/2391/2391 2397/2397/2397 
f 2398/2398/2398 2397/2397/2397 2399/2399/2399 
f 2399/2399/2399 2397/2397/2397 2400/2400/2400 
f 2400/2400/2400 2397/2397/2397 2393/2393/2393 
f 2399/2399/2399 2400/2400/2400 2401/2401/2401 
f 2402/2402/2402 2401/2401/2401 2400/2400/2400 
f 2402/2402/2402 2400/2400/2400 2403/2403/2403 
f 2404/2404/2404 2403/2403/2403 2400/2400/2400 
f 2400/2400/2400 2393/2393/2393 2405/2405/2405 
f 2404/2404/2404 2400/2400/2400 2405/2405/2405 
f 2393/2393/2393 2396/2396/2396 2405/2405/2405 
f 2405/2405/2405 2406/2406/2406 2404/2404/2404 
f 2405/2405/2405 2396/2396/2396 2406/2406/2406 
f 2407/2407/2407 2408/2408/2408 2409/2409/2409 
f 2407/2407/2407 2410/2410/2410 2411/2411/2411 
f 2407/2407/2407 2412/2412/2412 2410/2410/2410 
f 2407/2407/2407 2409/2409/2409 2413/2413/2413 
f 2412/2412/2412 2407/2407/2407 2413/2413/2413 
f 2413/2413/2413 2409/2409/2409 2414/2414/2414 
f 2413/2413/2413 2414/2414/2414 2415/2415/2415 
f 2412/2412/2412 2413/2413/2413 2415/2415/2415 
f 2416/2416/2416 2412/2412/2412 2415/2415/2415 
f 2416/2416/2416 2417/2417/2417 2412/2412/2412 
f 2418/2418/2418 2419/2419/2419 2420/2420/2420 
f 2418/2418/2418 2420/2420/2420 2421/2421/2421 
f 2422/2422/2422 2421/2421/2421 2420/2420/2420 
f 2419/2419/2419 2418/2418/2418 2423/2423/2423 
f 2422/2422/2422 2420/2420/2420 2424/2424/2424 
f 2419/2419/2419 2423/2423/2423 2425/2425/2425 
f 2426/2426/2426 2419/2419/2419 2425/2425/2425 
f 2427/2427/2427 2424/2424/2424 2420/2420/2420 
f 2419/2419/2419 2427/2427/2427 2420/2420/2420 
f 2426/2426/2426 2428/2428/2428 2419/2419/2419 
f 2419/2419/2419 2428/2428/2428 2427/2427/2427 
f 2427/2427/2427 2429/2429/2429 2424/2424/2424 
f 2430/2430/2430 2428/2428/2428 2426/2426/2426 
f 2427/2427/2427 2428/2428/2428 2430/2430/2430 
f 2430/2430/2430 2426/2426/2426 2431/2431/2431 
f 2432/2432/2432 2429/2429/2429 2427/2427/2427 
f 2427/2427/2427 2430/2430/2430 2432/2432/2432 
f 2432/2432/2432 2433/2433/2433 2429/2429/2429 
f 2434/2434/2434 2430/2430/2430 2431/2431/2431 
f 2434/2434/2434 2432/2432/2432 2430/2430/2430 
f 2434/2434/2434 2431/2431/2431 2435/2435/2435 
f 2433/2433/2433 2432/2432/2432 2436/2436/2436 
f 2434/2434/2434 2436/2436/2436 2432/2432/2432 
f 2433/2433/2433 2436/2436/2436 2437/2437/2437 
f 2438/2438/2438 2434/2434/2434 2435/2435/2435 
f 2439/2439/2439 2437/2437/2437 2436/2436/2436 
f 2439/2439/2439 2436/2436/2436 2440/2440/2440 
f 2434/2434/2434 2440/2440/2440 2436/2436/2436 
f 2440/2440/2440 2441/2441/2441 2439/2439/2439 
f 2438/2438/2438 2442/2442/2442 2434/2434/2434 
f 2434/2434/2434 2442/2442/2442 2440/2440/2440 
f 2443/2443/2443 2442/2442/2442 2438/2438/2438 
f 2443/2443/2443 2444/2444/2444 2442/2442/2442 
f 2440/2440/2440 2442/2442/2442 2444/2444/2444 
f 2444/2444/2444 2443/2443/2443 2445/2445/2445 
f 2444/2444/2444 2445/2445/2445 2446/2446/2446 
f 2447/2447/2447 2444/2444/2444 2446/2446/2446 
f 2441/2441/2441 2447/2447/2447 2448/2448/2448 
f 2440/2440/2440 2444/2444/2444 2449/2449/2449 
f 2440/2440/2440 2449/2449/2449 2441/2441/2441 
f 2447/2447/2447 2449/2449/2449 2444/2444/2444 
f 2441/2441/2441 2449/2449/2449 2447/2447/2447 

g Bacon13

v 2.67937 3.01214 2.53874 
v 2.71853 3.01216 2.50613 
v 2.71865 3.28629 2.50615 
v 2.67941 3.28629 2.53874 
v 1.0471 3.28629 2.50615 
v 1.04721 3.01216 2.50613 
v 1.08638 3.01214 2.53874 
v 1.08634 3.28629 2.53874 
v 2.71899 3.0122 1.53375 
v 2.67948 3.01217 1.50141 
v 2.67948 3.28629 1.50141 
v 2.71849 3.28629 1.53355 
v 1.08627 3.28629 1.50141 
v 1.08627 3.01217 1.50141 
v 1.04675 3.0122 1.53375 
v 1.04726 3.28629 1.53355 
v 2.69042 3.35785 2.45516 
v 2.69042 3.38695 2.45516 
v 2.65247 3.38694 2.4898 
v 2.65247 3.35785 2.4898 
v 1.11327 3.38676 2.4898 
v 1.07533 3.38675 2.45516 
v 1.07533 3.35785 2.45516 
v 1.11327 3.35785 2.4898 
v 2.65247 3.38694 1.52524 
v 2.69042 3.38695 1.55733 
v 2.69042 3.35786 1.55733 
v 2.65247 3.35786 1.52524 
v 1.07533 3.35786 1.55733 
v 1.07533 3.38676 1.55733 
v 1.11327 3.38676 1.52524 
v 1.11327 3.35786 1.52524 
v 2.71865 3.28629 2.50615 
v 2.71853 3.01216 2.50613 
v 2.71899 3.0122 1.53375 
v 2.71849 3.28629 1.53355 
v 1.04675 3.0122 1.53375 
v 1.04721 3.01216 2.50613 
v 1.0471 3.28629 2.50615 
v 1.04726 3.28629 1.53355 
v 2.69042 3.38695 1.55733 
v 2.69042 3.38695 2.45516 
v 2.69042 3.35785 2.45516 
v 2.69042 3.35786 1.55733 
v 1.07533 3.38675 2.45516 
v 1.07533 3.38676 1.55733 
v 1.07533 3.35786 1.55733 
v 1.07533 3.35785 2.45516 
v 2.71849 3.28629 1.53355 
v 2.69042 3.35786 1.55733 
v 2.69042 3.35785 2.45516 
v 2.71865 3.28629 2.50615 
v 2.58768 3.60708 1.85456 
v 2.58768 3.61199 1.99764 
v 2.58768 3.6021 2.15131 
v 2.58768 3.56749 2.28529 
v 2.58768 3.56317 1.71773 
v 2.58768 3.49868 1.66185 
v 2.58768 3.5011 2.35398 
v 2.58768 3.44401 1.6412 
v 2.58768 3.44401 2.37168 
v 1.17807 3.60134 2.15131 
v 1.17807 3.6115 1.99764 
v 1.17807 3.60634 1.85456 
v 1.17807 3.56648 2.28529 
v 1.17807 3.5622 1.71773 
v 1.17807 3.49722 1.66185 
v 1.17807 3.49963 2.35398 
v 1.17807 3.44165 1.6412 
v 1.17807 3.44165 2.37168 
v 2.58768 3.44401 1.6412 
v 2.55456 3.44396 1.61509 
v 2.55456 3.51241 1.63702 
v 2.58768 3.49868 1.66185 
v 2.58768 3.56317 1.71773 
v 2.55456 3.58704 1.70289 
v 2.55456 3.63513 1.84767 
v 2.58768 3.60708 1.85456 
v 2.58768 3.61199 1.99764 
v 2.55456 3.64423 1.99868 
v 1.17807 3.44165 1.6412 
v 1.17807 3.49722 1.66185 
v 1.21119 3.51097 1.63702 
v 1.21119 3.4417 1.61509 
v 1.17807 3.5622 1.71773 
v 1.21119 3.58604 1.70289 
v 1.21119 3.63435 1.84767 
v 1.17807 3.60634 1.85456 
v 1.17807 3.6115 1.99764 
v 1.21119 3.64367 1.99868 
v 2.58768 3.44401 2.37168 
v 2.58768 3.5011 2.35398 
v 2.55456 3.51028 2.37804 
v 2.55456 3.44396 2.39986 
v 2.55456 3.59063 2.29819 
v 2.58768 3.56749 2.28529 
v 2.55456 3.62952 2.15862 
v 2.58768 3.6021 2.15131 
v 2.58768 3.61199 1.99764 
v 2.55456 3.64423 1.99868 
v 1.17807 3.44165 2.37168 
v 1.21119 3.4417 2.39986 
v 1.21119 3.50884 2.37804 
v 1.17807 3.49963 2.35398 
v 1.21119 3.58961 2.29819 
v 1.17807 3.56648 2.28529 
v 1.21119 3.62872 2.15862 
v 1.17807 3.60134 2.15131 
v 1.17807 3.6115 1.99764 
v 1.21119 3.64367 1.99868 
v 1.88287 3.01216 2.53885 
v 2.17083 3.01216 2.53885 
v 2.17083 3.2863 2.53885 
v 1.88287 3.2863 2.53885 
v 2.40784 3.2863 2.53885 
v 1.59491 3.2863 2.53885 
v 2.40784 3.01216 2.53885 
v 1.59491 3.01216 2.53885 
v 2.59632 3.2863 2.53885 
v 1.3579 3.2863 2.53885 
v 2.59632 3.01215 2.53885 
v 2.67941 3.28629 2.53874 
v 2.67937 3.01214 2.53874 
v 1.3579 3.01216 2.53885 
v 1.16943 3.2863 2.53885 
v 1.16942 3.01215 2.53885 
v 1.08634 3.28629 2.53874 
v 1.08638 3.01214 2.53874 
v 2.67948 3.01217 1.50141 
v 2.59637 3.01217 1.50141 
v 2.59637 3.28629 1.50141 
v 2.67948 3.28629 1.50141 
v 2.40783 3.2863 1.50141 
v 2.40783 3.01218 1.50141 
v 2.17083 3.2863 1.50141 
v 2.17083 3.01218 1.50141 
v 1.88287 3.2863 1.50141 
v 1.88287 3.01218 1.50141 
v 1.59492 3.01218 1.50141 
v 1.59492 3.2863 1.50141 
v 1.35791 3.01218 1.50141 
v 1.35791 3.2863 1.50141 
v 1.16937 3.01217 1.50141 
v 1.16937 3.28629 1.50141 
v 1.08627 3.01217 1.50141 
v 1.08627 3.28629 1.50141 
v 1.88287 3.38685 1.52524 
v 2.17083 3.38689 1.52524 
v 2.17083 3.35786 1.52524 
v 1.88287 3.35786 1.52524 
v 2.40783 3.35786 1.52524 
v 1.59492 3.38682 1.52524 
v 2.40783 3.38691 1.52524 
v 1.59492 3.35786 1.52524 
v 2.59637 3.35786 1.52524 
v 2.59637 3.38694 1.52524 
v 2.65247 3.35786 1.52524 
v 2.65247 3.38694 1.52524 
v 1.35791 3.38679 1.52524 
v 1.35791 3.35786 1.52524 
v 1.16937 3.35786 1.52524 
v 1.16937 3.38677 1.52524 
v 1.11327 3.35786 1.52524 
v 1.11327 3.38676 1.52524 
v 2.65247 3.38694 2.4898 
v 2.59632 3.38694 2.4898 
v 2.59632 3.35785 2.4898 
v 2.65247 3.35785 2.4898 
v 2.40784 3.35785 2.4898 
v 2.40784 3.38691 2.4898 
v 2.17083 3.35785 2.4898 
v 2.17083 3.38689 2.4898 
v 1.88287 3.35785 2.4898 
v 1.88287 3.38685 2.4898 
v 1.59491 3.35785 2.4898 
v 1.59491 3.38682 2.4898 
v 1.3579 3.35785 2.4898 
v 1.3579 3.38679 2.4898 
v 1.16943 3.35785 2.4898 
v 1.16943 3.38677 2.4898 
v 1.11327 3.35785 2.4898 
v 1.11327 3.38676 2.4898 
v 2.59637 3.28629 1.50141 
v 2.59637 3.35786 1.52524 
v 2.65247 3.35786 1.52524 
v 2.40783 3.2863 1.50141 
v 2.67948 3.28629 1.50141 
v 2.69042 3.35786 1.55733 
v 2.71849 3.28629 1.53355 
v 2.40783 3.35786 1.52524 
v 2.17083 3.2863 1.50141 
v 2.17083 3.35786 1.52524 
v 1.88287 3.2863 1.50141 
v 1.88287 3.35786 1.52524 
v 1.59492 3.35786 1.52524 
v 1.59492 3.2863 1.50141 
v 1.35791 3.35786 1.52524 
v 1.35791 3.2863 1.50141 
v 1.16937 3.35786 1.52524 
v 1.16937 3.28629 1.50141 
v 1.11327 3.35786 1.52524 
v 1.08627 3.28629 1.50141 
v 1.07533 3.35786 1.55733 
v 1.04726 3.28629 1.53355 
v 2.59637 3.01217 1.50141 
v 2.67948 3.01217 1.50141 
v 1.88287 3.01217 2.02013 
v 2.40783 3.01218 1.50141 
v 2.71899 3.0122 1.53375 
v 2.17083 3.01218 1.50141 
v 2.71853 3.01216 2.50613 
v 1.88287 3.01218 1.50141 
v 2.67937 3.01214 2.53874 
v 1.59492 3.01218 1.50141 
v 2.59632 3.01215 2.53885 
v 1.35791 3.01218 1.50141 
v 2.40784 3.01216 2.53885 
v 1.16937 3.01217 1.50141 
v 2.17083 3.01216 2.53885 
v 1.08627 3.01217 1.50141 
v 1.88287 3.01216 2.53885 
v 1.04675 3.0122 1.53375 
v 1.04721 3.01216 2.50613 
v 1.59491 3.01216 2.53885 
v 1.08638 3.01214 2.53874 
v 1.3579 3.01216 2.53885 
v 1.16942 3.01215 2.53885 
v 2.69042 3.38695 2.45516 
v 2.69042 3.38695 1.55733 
v 2.58768 3.44401 1.6412 
v 2.58768 3.44401 2.37168 
v 1.07533 3.38676 1.55733 
v 1.07533 3.38675 2.45516 
v 1.17807 3.44165 2.37168 
v 1.17807 3.44165 1.6412 
v 1.07533 3.35785 2.45516 
v 1.0471 3.28629 2.50615 
v 1.11327 3.35785 2.4898 
v 1.08634 3.28629 2.53874 
v 1.16943 3.2863 2.53885 
v 1.16943 3.35785 2.4898 
v 1.3579 3.35785 2.4898 
v 1.3579 3.2863 2.53885 
v 1.59491 3.35785 2.4898 
v 1.59491 3.2863 2.53885 
v 1.88287 3.35785 2.4898 
v 1.88287 3.2863 2.53885 
v 2.17083 3.2863 2.53885 
v 2.17083 3.35785 2.4898 
v 2.40784 3.2863 2.53885 
v 2.40784 3.35785 2.4898 
v 2.59632 3.2863 2.53885 
v 2.59632 3.35785 2.4898 
v 2.65247 3.35785 2.4898 
v 2.67941 3.28629 2.53874 
v 2.71865 3.28629 2.50615 
v 2.69042 3.35785 2.45516 
v 2.13419 3.44325 1.61509 
v 1.88287 3.44283 1.61509 
v 1.88287 3.51169 1.63702 
v 2.13419 3.51196 1.63702 
v 2.34104 3.4436 1.61509 
v 1.63155 3.51142 1.63702 
v 1.63155 3.44241 1.61509 
v 2.34105 3.51218 1.63702 
v 2.5056 3.44388 1.61509 
v 1.88287 3.58654 1.70289 
v 2.50559 3.51236 1.63702 
v 2.55456 3.44396 1.61509 
v 2.55456 3.51241 1.63702 
v 2.13419 3.58673 1.70289 
v 2.34105 3.58688 1.70289 
v 2.50558 3.587 1.70289 
v 2.55456 3.58704 1.70289 
v 2.50558 3.6351 1.84767 
v 2.55456 3.63513 1.84767 
v 2.50557 3.64421 1.99868 
v 2.55456 3.64423 1.99868 
v 2.34105 3.64414 1.99868 
v 2.34105 3.635 1.84767 
v 2.1342 3.64405 1.99868 
v 2.13419 3.63488 1.84767 
v 1.88287 3.64395 1.99868 
v 1.88287 3.63474 1.84767 
v 1.63155 3.64385 1.99868 
v 1.63155 3.63459 1.84767 
v 1.4247 3.64376 1.99868 
v 1.63155 3.58635 1.70289 
v 1.4247 3.63447 1.84767 
v 1.26017 3.64369 1.99868 
v 1.26017 3.63438 1.84767 
v 1.21119 3.64367 1.99868 
v 1.21119 3.63435 1.84767 
v 1.4247 3.5862 1.70289 
v 1.26017 3.58608 1.70289 
v 1.21119 3.58604 1.70289 
v 1.4247 3.5112 1.63702 
v 1.4247 3.44206 1.61509 
v 1.26016 3.51102 1.63702 
v 1.21119 3.51097 1.63702 
v 1.26015 3.44179 1.61509 
v 1.21119 3.4417 1.61509 
v 2.55456 3.44396 2.39986 
v 2.55456 3.51028 2.37804 
v 2.50556 3.51023 2.37804 
v 2.50555 3.44388 2.39986 
v 2.55456 3.59063 2.29819 
v 2.34105 3.51005 2.37804 
v 2.34105 3.4436 2.39986 
v 2.50557 3.59059 2.29819 
v 2.55456 3.62952 2.15862 
v 2.1342 3.50983 2.37804 
v 2.1342 3.44325 2.39986 
v 2.34105 3.59046 2.29819 
v 2.50557 3.62949 2.15862 
v 2.55456 3.64423 1.99868 
v 2.50557 3.64421 1.99868 
v 2.34105 3.6294 2.15862 
v 2.34105 3.64414 1.99868 
v 2.1342 3.59031 2.29819 
v 1.88287 3.50956 2.37804 
v 1.88287 3.44283 2.39986 
v 2.1342 3.62927 2.15862 
v 2.1342 3.64405 1.99868 
v 1.88287 3.59012 2.29819 
v 1.63155 3.50929 2.37804 
v 1.63155 3.44241 2.39986 
v 1.88287 3.62912 2.15862 
v 1.88287 3.64395 1.99868 
v 1.63155 3.58992 2.29819 
v 1.4247 3.50906 2.37804 
v 1.4247 3.44206 2.39986 
v 1.63155 3.62897 2.15862 
v 1.63155 3.64385 1.99868 
v 1.4247 3.58977 2.29819 
v 1.26019 3.50889 2.37804 
v 1.2602 3.44179 2.39986 
v 1.4247 3.62885 2.15862 
v 1.4247 3.64376 1.99868 
v 1.21119 3.50884 2.37804 
v 1.21119 3.4417 2.39986 
v 1.26018 3.58964 2.29819 
v 1.21119 3.58961 2.29819 
v 1.26018 3.62875 2.15862 
v 1.21119 3.62872 2.15862 
v 1.26017 3.64369 1.99868 
v 1.21119 3.64367 1.99868 
v 2.17083 3.38689 1.52524 
v 1.88287 3.38685 1.52524 
v 1.88287 3.44283 1.61509 
v 2.13419 3.44325 1.61509 
v 1.63155 3.44241 1.61509 
v 2.40783 3.38691 1.52524 
v 1.59492 3.38682 1.52524 
v 2.34104 3.4436 1.61509 
v 1.4247 3.44206 1.61509 
v 2.59637 3.38694 1.52524 
v 1.35791 3.38679 1.52524 
v 2.5056 3.44388 1.61509 
v 1.26015 3.44179 1.61509 
v 2.65247 3.38694 1.52524 
v 1.16937 3.38677 1.52524 
v 2.55456 3.44396 1.61509 
v 2.69042 3.38695 1.55733 
v 2.58768 3.44401 1.6412 
v 1.21119 3.4417 1.61509 
v 1.11327 3.38676 1.52524 
v 1.17807 3.44165 1.6412 
v 1.07533 3.38676 1.55733 
v 2.59632 3.38694 2.4898 
v 2.65247 3.38694 2.4898 
v 2.55456 3.44396 2.39986 
v 2.58768 3.44401 2.37168 
v 2.69042 3.38695 2.45516 
v 2.50555 3.44388 2.39986 
v 2.40784 3.38691 2.4898 
v 2.34105 3.4436 2.39986 
v 2.17083 3.38689 2.4898 
v 2.1342 3.44325 2.39986 
v 1.88287 3.38685 2.4898 
v 1.88287 3.44283 2.39986 
v 1.59491 3.38682 2.4898 
v 1.63155 3.44241 2.39986 
v 1.3579 3.38679 2.4898 
v 1.4247 3.44206 2.39986 
v 1.16943 3.38677 2.4898 
v 1.2602 3.44179 2.39986 
v 1.11327 3.38676 2.4898 
v 1.21119 3.4417 2.39986 
v 1.07533 3.38675 2.45516 
v 1.17807 3.44165 2.37168 

vn 0.637795 0 0.771654 
vn 0.637795 0 0.771654 
vn 0.637795 0 0.771654 
vn 0.637795 0 0.771654 
vn -0.637795 0 0.771654 
vn -0.637795 0 0.771654 
vn -0.637795 0 0.771654 
vn -0.637795 0 0.771654 
vn 0.629921 0 -0.771654 
vn 0.629921 0 -0.771654 
vn 0.637795 0 -0.771654 
vn 0.637795 0 -0.771654 
vn -0.637795 0 -0.771654 
vn -0.629921 0 -0.771654 
vn -0.629921 0 -0.771654 
vn -0.637795 0 -0.771654 
vn 0.677165 0 0.740157 
vn 0.677165 0 0.740157 
vn 0.677165 0 0.740157 
vn 0.677165 0 0.740157 
vn -0.677165 0 0.740157 
vn -0.677165 0 0.740157 
vn -0.677165 0 0.740157 
vn -0.677165 0 0.740157 
vn 0.645669 0 -0.76378 
vn 0.645669 0 -0.76378 
vn 0.645669 0 -0.76378 
vn 0.645669 0 -0.76378 
vn -0.645669 0 -0.76378 
vn -0.645669 0 -0.76378 
vn -0.645669 0 -0.76378 
vn -0.645669 0 -0.76378 
vn 1 0 0 
vn 1 0 0 
vn 1 0 0 
vn 1 0 0 
vn -1 0 0 
vn -1 0 0 
vn -1 0 0 
vn -1 0 0 
vn 1 0 0 
vn 1 0 0 
vn 1 0 0 
vn 1 0 0 
vn -1 0 0 
vn -1 0 0 
vn -1 0 0 
vn -1 0 0 
vn 0.795276 0.448819 -0.401575 
vn 0.826772 0.440945 -0.346457 
vn 0.826772 0.503937 0.244094 
vn 0.716535 0.559055 0.409449 
vn 1 0 0 
vn 1 0 0 
vn 1 0 0 
vn 1 0 0 
vn 1 0 0 
vn 1 0 0 
vn 1 0 0 
vn 1 0 0 
vn 1 0 0 
vn -1 0 0 
vn -1 0 0 
vn -1 0 0 
vn -1 0 0 
vn -1 0 0 
vn -1 0 0 
vn -1 0 0 
vn -1 0 0 
vn -1 0 0 
vn 0.614173 0.251969 -0.748031 
vn 0.598425 0.244094 -0.76378 
vn 0.637795 0.385827 -0.661417 
vn 0.653543 0.393701 -0.653543 
vn 0.653543 0.629921 -0.425197 
vn 0.645669 0.637795 -0.417323 
vn 0.661417 0.740157 -0.133858 
vn 0.653543 0.740157 -0.125984 
vn 0.692913 0.724409 0.00787402 
vn 0.700787 0.716535 0.00787402 
vn -0.614173 0.251969 -0.748031 
vn -0.653543 0.385827 -0.653543 
vn -0.637795 0.385827 -0.661417 
vn -0.598425 0.244094 -0.76378 
vn -0.653543 0.629921 -0.425197 
vn -0.645669 0.637795 -0.417323 
vn -0.661417 0.740157 -0.133858 
vn -0.653543 0.740157 -0.125984 
vn -0.685039 0.724409 0.00787402 
vn -0.700787 0.716535 0.00787402 
vn 0.622047 0.23622 0.748031 
vn 0.606299 0.425197 0.669291 
vn 0.614173 0.401575 0.685039 
vn 0.629921 0.244094 0.740157 
vn 0.622047 0.677165 0.393701 
vn 0.629921 0.677165 0.385827 
vn 0.653543 0.748031 0.125984 
vn 0.645669 0.755906 0.11811 
vn 0.692913 0.724409 0.00787402 
vn 0.700787 0.716535 0.00787402 
vn -0.622047 0.23622 0.748031 
vn -0.629921 0.244094 0.740157 
vn -0.614173 0.401575 0.685039 
vn -0.614173 0.417323 0.669291 
vn -0.622047 0.677165 0.393701 
vn -0.629921 0.677165 0.385827 
vn -0.653543 0.748031 0.125984 
vn -0.645669 0.755906 0.11811 
vn -0.685039 0.724409 0.00787402 
vn -0.700787 0.716535 0.00787402 
vn 0 0 1 
vn 0 0 1 
vn 0 0 1 
vn 0 0 1 
vn 0 0 1 
vn 0 0 1 
vn 0 0 1 
vn 0 0 1 
vn 0 0 1 
vn 0 0 1 
vn 0 0 1 
vn 0 0 1 
vn 0 0 1 
vn 0 0 1 
vn 0 0 1 
vn 0 0 1 
vn 0 0 1 
vn 0 0 1 
vn 0 0 -1 
vn 0 0 -1 
vn 0 0 -1 
vn 0 0 -1 
vn 0 0 -1 
vn 0 0 -1 
vn 0 0 -1 
vn 0 0 -1 
vn 0 0 -1 
vn 0 0 -1 
vn 0 0 -1 
vn 0 0 -1 
vn 0 0 -1 
vn 0 0 -1 
vn 0 0 -1 
vn 0 0 -1 
vn 0 0 -1 
vn 0 0 -1 
vn 0 0 -1 
vn 0 0 -1 
vn 0 0 -1 
vn 0 0 -1 
vn 0 0 -1 
vn 0 0 -1 
vn 0 0 -1 
vn 0 0 -1 
vn 0 0 -1 
vn 0 0 -1 
vn 0 0 -1 
vn 0 0 -1 
vn 0 0 -1 
vn 0 0 -1 
vn 0 0 -1 
vn 0 0 -1 
vn 0 0 -1 
vn 0 0 -1 
vn 0 0 1 
vn 0 0 1 
vn 0 0 1 
vn 0 0 1 
vn 0 0 1 
vn 0 0 1 
vn 0 0 1 
vn 0 0 1 
vn 0 0 1 
vn 0 0 1 
vn 0 0 1 
vn 0 0 1 
vn 0 0 1 
vn 0 0 1 
vn 0 0 1 
vn 0 0 1 
vn 0 0 1 
vn 0 0 1 
vn 0 0.314961 -0.944882 
vn 0 0.314961 -0.944882 
vn 0.267717 0.393701 -0.88189 
vn 0 0.314961 -0.944882 
vn 0.346457 0.417323 -0.84252 
vn 0.826772 0.440945 -0.346457 
vn 0.795276 0.448819 -0.401575 
vn 0 0.314961 -0.944882 
vn 0 0.314961 -0.944882 
vn 0 0.314961 -0.944882 
vn 0 0.314961 -0.944882 
vn 0 0.314961 -0.944882 
vn 0 0.314961 -0.944882 
vn 0 0.314961 -0.944882 
vn 0 0.314961 -0.944882 
vn 0 0.314961 -0.944882 
vn 0 0.314961 -0.944882 
vn 0 0.314961 -0.944882 
vn -0.267717 0.393701 -0.88189 
vn -0.346457 0.417323 -0.84252 
vn -0.826772 0.440945 -0.346457 
vn -0.795276 0.448819 -0.401575 
vn 0 -1 0 
vn 0 -1 0 
vn 0 -1 0 
vn 0 -1 0 
vn 0 -1 0 
vn 0 -1 0 
vn 0 -1 0 
vn 0 -1 0 
vn 0 -1 0 
vn 0 -1 0 
vn 0 -1 0 
vn 0 -1 0 
vn 0 -1 0 
vn 0 -1 0 
vn 0 -1 0 
vn 0 -1 0 
vn 0 -1 0 
vn 0 -1 0 
vn 0 -1 0 
vn 0 -1 0 
vn 0 -1 0 
vn 0 -1 0 
vn 0 -1 0 
vn 0.362205 0.913386 0.181102 
vn 0.354331 0.913386 -0.188976 
vn 0.385827 0.913386 -0.141732 
vn 0.393701 0.913386 0.133858 
vn -0.346457 0.92126 -0.181102 
vn -0.346457 0.92126 0.173228 
vn -0.377953 0.913386 0.133858 
vn -0.377953 0.913386 -0.133858 
vn -0.826772 0.503937 0.244094 
vn -0.716535 0.559055 0.409449 
vn -0.259843 0.614173 0.740157 
vn -0.283465 0.614173 0.740157 
vn 0 0.566929 0.826772 
vn 0 0.566929 0.826772 
vn 0 0.566929 0.826772 
vn 0 0.566929 0.826772 
vn 0 0.566929 0.826772 
vn 0 0.566929 0.826772 
vn 0 0.566929 0.826772 
vn 0 0.566929 0.826772 
vn 0 0.566929 0.826772 
vn 0 0.566929 0.826772 
vn 0 0.566929 0.826772 
vn 0 0.566929 0.826772 
vn 0 0.566929 0.826772 
vn 0 0.566929 0.826772 
vn 0.259843 0.614173 0.740157 
vn 0.283465 0.614173 0.740157 
vn 0.716535 0.559055 0.409449 
vn 0.826772 0.503937 0.244094 
vn 0 0.307087 -0.952756 
vn 0 0.307087 -0.952756 
vn 0 0.496063 -0.874016 
vn 0 0.496063 -0.866142 
vn 0 0.307087 -0.952756 
vn 0 0.488189 -0.874016 
vn 0 0.299213 -0.952756 
vn 0 0.496063 -0.866142 
vn 0 0.307087 -0.952756 
vn 0 0.834646 -0.551181 
vn 0 0.496063 -0.866142 
vn 0 0.307087 -0.952756 
vn 0 0.496063 -0.866142 
vn 0 0.834646 -0.551181 
vn 0 0.834646 -0.551181 
vn 0 0.834646 -0.551181 
vn 0 0.834646 -0.551181 
vn 0 0.984252 -0.188976 
vn 0 0.984252 -0.188976 
vn 0 1 0.015748 
vn 0 1 0.015748 
vn 0 1 0.015748 
vn 0 0.984252 -0.188976 
vn 0 1 0.015748 
vn 0 0.984252 -0.188976 
vn 0 1 0.015748 
vn 0 0.984252 -0.188976 
vn 0 1 0.015748 
vn 0 0.984252 -0.188976 
vn 0 1 0.015748 
vn 0 0.834646 -0.551181 
vn 0 0.984252 -0.188976 
vn 0 1 0.015748 
vn 0 0.984252 -0.188976 
vn 0 1 0.015748 
vn 0 0.984252 -0.188976 
vn 0 0.834646 -0.551181 
vn 0 0.834646 -0.551181 
vn 0 0.834646 -0.551181 
vn 0 0.488189 -0.874016 
vn 0 0.299213 -0.952756 
vn 0 0.488189 -0.874016 
vn 0 0.488189 -0.874016 
vn 0 0.299213 -0.952756 
vn 0 0.299213 -0.952756 
vn 0 0.314961 0.952756 
vn 0 0.519685 0.850394 
vn 0 0.519685 0.850394 
vn 0 0.314961 0.952756 
vn 0 0.866142 0.503937 
vn 0 0.519685 0.850394 
vn 0 0.314961 0.952756 
vn 0 0.866142 0.503937 
vn 0 0.984252 0.181102 
vn 0 0.519685 0.850394 
vn 0 0.314961 0.952756 
vn 0 0.866142 0.503937 
vn 0 0.984252 0.181102 
vn 0 1 0.015748 
vn 0 1 0.015748 
vn 0 0.984252 0.181102 
vn 0 1 0.015748 
vn 0 0.866142 0.503937 
vn 0 0.519685 0.850394 
vn 0 0.307087 0.952756 
vn 0 0.984252 0.181102 
vn 0 1 0.015748 
vn 0 0.858268 0.503937 
vn 0 0.519685 0.850394 
vn 0 0.307087 0.952756 
vn 0 0.984252 0.181102 
vn 0 1 0.015748 
vn 0 0.858268 0.503937 
vn 0 0.519685 0.850394 
vn 0 0.307087 0.952756 
vn 0 0.984252 0.181102 
vn 0 1 0.015748 
vn 0 0.858268 0.503937 
vn 0 0.519685 0.850394 
vn 0 0.307087 0.952756 
vn 0 0.984252 0.181102 
vn 0 1 0.015748 
vn 0 0.519685 0.850394 
vn 0 0.307087 0.952756 
vn 0 0.858268 0.503937 
vn 0 0.858268 0.503937 
vn 0 0.984252 0.181102 
vn 0 0.984252 0.181102 
vn 0 1 0.015748 
vn 0 1 0.015748 
vn 0 0.850394 -0.527559 
vn 0 0.850394 -0.527559 
vn 0 0.850394 -0.527559 
vn 0 0.850394 -0.535433 
vn 0 0.850394 -0.527559 
vn 0 0.84252 -0.535433 
vn 0 0.850394 -0.527559 
vn 0 0.84252 -0.535433 
vn 0 0.850394 -0.527559 
vn 0 0.84252 -0.535433 
vn 0 0.850394 -0.519685 
vn 0 0.84252 -0.535433 
vn 0 0.850394 -0.519685 
vn 0.173228 0.905512 -0.385827 
vn 0 0.850394 -0.519685 
vn 0.0944882 0.88189 -0.456693 
vn 0.354331 0.913386 -0.188976 
vn 0.385827 0.913386 -0.141732 
vn -0.0944882 0.889764 -0.440945 
vn -0.173228 0.913386 -0.377953 
vn -0.377953 0.913386 -0.133858 
vn -0.346457 0.92126 -0.181102 
vn 0 0.84252 0.535433 
vn 0.181102 0.905512 0.385827 
vn 0.102362 0.889764 0.448819 
vn 0.393701 0.913386 0.133858 
vn 0.362205 0.913386 0.181102 
vn 0 0.84252 0.535433 
vn 0 0.84252 0.535433 
vn 0 0.84252 0.535433 
vn 0 0.850394 0.535433 
vn 0 0.850394 0.527559 
vn 0 0.850394 0.527559 
vn 0 0.850394 0.527559 
vn 0 0.850394 0.527559 
vn 0 0.850394 0.527559 
vn 0 0.850394 0.527559 
vn 0 0.850394 0.519685 
vn 0 0.850394 0.519685 
vn 0 0.850394 0.519685 
vn -0.173228 0.913386 0.370079 
vn -0.102362 0.889764 0.440945 
vn -0.346457 0.92126 0.173228 
vn -0.377953 0.913386 0.133858 

vt 0.310096 0.803166 
vt 0.314198 0.803166 
vt 0.314198 0.82393 
vt 0.310089 0.82393 
vt 0.189705 0.82393 
vt 0.189705 0.803166 
vt 0.194869 0.803166 
vt 0.194747 0.82393 
vt 0.00248865 0.803166 
vt 0.00907868 0.803166 
vt 0.00916143 0.82393 
vt 0.00248865 0.82393 
vt 0.122209 0.82393 
vt 0.122445 0.803166 
vt 0.127121 0.803166 
vt 0.127121 0.82393 
vt 0.314198 0.831016 
vt 0.314198 0.833384 
vt 0.309712 0.833306 
vt 0.309715 0.831016 
vt 0.195015 0.83329 
vt 0.189705 0.833367 
vt 0.189705 0.831016 
vt 0.195031 0.831016 
vt 0.00985728 0.833384 
vt 0.00248865 0.833384 
vt 0.00248865 0.831016 
vt 0.00985801 0.831016 
vt 0.127121 0.831016 
vt 0.127121 0.833367 
vt 0.121638 0.833446 
vt 0.121659 0.831016 
vt 0.314212 0.82393 
vt 0.314212 0.803166 
vt 0.376415 0.803166 
vt 0.376415 0.82393 
vt 0.127121 0.803166 
vt 0.189705 0.803166 
vt 0.189705 0.82393 
vt 0.127121 0.82393 
vt 0.376415 0.833384 
vt 0.314212 0.833384 
vt 0.314212 0.831016 
vt 0.376415 0.831016 
vt 0.189705 0.833367 
vt 0.127121 0.833367 
vt 0.127121 0.831016 
vt 0.189705 0.831016 
vt 0.376415 0.82393 
vt 0.376415 0.831016 
vt 0.314212 0.831016 
vt 0.314212 0.82393 
vt 0.136013 0.777882 
vt 0.13612 0.782729 
vt 0.135904 0.787935 
vt 0.135147 0.792475 
vt 0.135053 0.773246 
vt 0.133642 0.771353 
vt 0.133695 0.794802 
vt 0.132446 0.770653 
vt 0.132446 0.795401 
vt 0.18832 0.7783 
vt 0.188098 0.78348 
vt 0.188211 0.788302 
vt 0.189078 0.773784 
vt 0.189171 0.792914 
vt 0.190585 0.794798 
vt 0.190533 0.771468 
vt 0.191794 0.795494 
vt 0.191794 0.770872 
vt 0.1312 0.770398 
vt 0.132653 0.770416 
vt 0.132653 0.771012 
vt 0.1312 0.771 
vt 0.1312 0.772629 
vt 0.132653 0.7728 
vt 0.132653 0.776732 
vt 0.1312 0.776617 
vt 0.1312 0.780787 
vt 0.132653 0.780832 
vt 0.193066 0.770391 
vt 0.193066 0.770993 
vt 0.191612 0.771012 
vt 0.191612 0.770416 
vt 0.193066 0.772623 
vt 0.191612 0.7728 
vt 0.191612 0.776732 
vt 0.193066 0.776614 
vt 0.193066 0.780787 
vt 0.191612 0.780832 
vt 0.131211 0.795172 
vt 0.131211 0.794495 
vt 0.132665 0.794444 
vt 0.132665 0.795222 
vt 0.132665 0.791597 
vt 0.131211 0.791866 
vt 0.132665 0.78662 
vt 0.131211 0.786738 
vt 0.131211 0.780857 
vt 0.132665 0.780916 
vt 0.193077 0.795182 
vt 0.191624 0.795222 
vt 0.191624 0.794444 
vt 0.193077 0.794504 
vt 0.191624 0.791597 
vt 0.193077 0.791874 
vt 0.191624 0.78662 
vt 0.193077 0.786742 
vt 0.193077 0.780857 
vt 0.191624 0.780916 
vt 0.25254 0.803166 
vt 0.271613 0.803166 
vt 0.271636 0.82393 
vt 0.252393 0.82393 
vt 0.287462 0.82393 
vt 0.233171 0.82393 
vt 0.287306 0.803166 
vt 0.233482 0.803166 
vt 0.299927 0.82393 
vt 0.217373 0.82393 
vt 0.299725 0.803166 
vt 0.310089 0.82393 
vt 0.310096 0.803166 
vt 0.217841 0.803166 
vt 0.204994 0.82393 
vt 0.205477 0.803166 
vt 0.194747 0.82393 
vt 0.194869 0.803166 
vt 0.00907868 0.803166 
vt 0.0176238 0.803166 
vt 0.017356 0.82393 
vt 0.00916143 0.82393 
vt 0.0299951 0.82393 
vt 0.0302848 0.803166 
vt 0.0460317 0.82393 
vt 0.0462621 0.803166 
vt 0.0655137 0.82393 
vt 0.0657236 0.803166 
vt 0.0852035 0.803166 
vt 0.0850026 0.82393 
vt 0.101201 0.803166 
vt 0.101038 0.82393 
vt 0.113885 0.803166 
vt 0.113686 0.82393 
vt 0.122445 0.803166 
vt 0.122209 0.82393 
vt 0.0654321 0.83337 
vt 0.0459421 0.833362 
vt 0.0459564 0.831016 
vt 0.0654549 0.831016 
vt 0.0298874 0.831016 
vt 0.0849227 0.833384 
vt 0.0298821 0.833361 
vt 0.0849547 0.831016 
vt 0.0170484 0.831016 
vt 0.0170481 0.833373 
vt 0.00985801 0.831016 
vt 0.00985728 0.833384 
vt 0.10098 0.8334 
vt 0.101021 0.831016 
vt 0.113875 0.831016 
vt 0.11383 0.833429 
vt 0.121659 0.831016 
vt 0.121638 0.833446 
vt 0.309712 0.833306 
vt 0.30041 0.833305 
vt 0.300416 0.831016 
vt 0.309715 0.831016 
vt 0.287566 0.831016 
vt 0.287557 0.833303 
vt 0.271644 0.831016 
vt 0.271632 0.833301 
vt 0.252345 0.831016 
vt 0.25233 0.833298 
vt 0.233064 0.831016 
vt 0.233046 0.833295 
vt 0.21717 0.831016 
vt 0.217147 0.833293 
vt 0.2044 0.831016 
vt 0.204367 0.833291 
vt 0.195031 0.831016 
vt 0.195015 0.83329 
vt 0.017356 0.82393 
vt 0.0170484 0.831016 
vt 0.00985801 0.831016 
vt 0.0299951 0.82393 
vt 0.00916143 0.82393 
vt 0.00248865 0.831016 
vt 0.00248865 0.82393 
vt 0.0298874 0.831016 
vt 0.0460317 0.82393 
vt 0.0459564 0.831016 
vt 0.0655137 0.82393 
vt 0.0654549 0.831016 
vt 0.0849547 0.831016 
vt 0.0850026 0.82393 
vt 0.101021 0.831016 
vt 0.101038 0.82393 
vt 0.113875 0.831016 
vt 0.113686 0.82393 
vt 0.121659 0.831016 
vt 0.122209 0.82393 
vt 0.127121 0.831016 
vt 0.127121 0.82393 
vt 0.0119545 0.802104 
vt 0.00290231 0.802104 
vt 0.0646333 0.771444 
vt 0.0258749 0.802104 
vt 0.00290231 0.800192 
vt 0.0433732 0.802104 
vt 0.00290231 0.742718 
vt 0.0646333 0.802103 
vt 0.00290231 0.740789 
vt 0.0858933 0.802103 
vt 0.0119584 0.740783 
vt 0.103392 0.802103 
vt 0.0258739 0.740783 
vt 0.126365 0.802104 
vt 0.0433732 0.740783 
vt 0.126365 0.802104 
vt 0.0646333 0.740783 
vt 0.126365 0.800192 
vt 0.126365 0.742717 
vt 0.0858933 0.740783 
vt 0.126365 0.740789 
vt 0.103392 0.740783 
vt 0.117308 0.740783 
vt 0.131224 0.79823 
vt 0.131224 0.767811 
vt 0.132446 0.770653 
vt 0.132446 0.795401 
vt 0.193011 0.798321 
vt 0.193011 0.768058 
vt 0.191794 0.770872 
vt 0.191794 0.795494 
vt 0.189705 0.831016 
vt 0.189705 0.82393 
vt 0.195031 0.831016 
vt 0.194747 0.82393 
vt 0.204994 0.82393 
vt 0.2044 0.831016 
vt 0.21717 0.831016 
vt 0.217373 0.82393 
vt 0.233064 0.831016 
vt 0.233171 0.82393 
vt 0.252345 0.831016 
vt 0.252393 0.82393 
vt 0.271636 0.82393 
vt 0.271644 0.831016 
vt 0.287462 0.82393 
vt 0.287566 0.831016 
vt 0.299927 0.82393 
vt 0.300416 0.831016 
vt 0.309715 0.831016 
vt 0.310089 0.82393 
vt 0.314198 0.82393 
vt 0.314198 0.831016 
vt 0.151103 0.770416 
vt 0.162133 0.770416 
vt 0.162133 0.771012 
vt 0.151103 0.771012 
vt 0.142024 0.770416 
vt 0.173163 0.771012 
vt 0.173163 0.770416 
vt 0.142024 0.771012 
vt 0.134803 0.770416 
vt 0.162133 0.7728 
vt 0.134803 0.771012 
vt 0.132653 0.770416 
vt 0.132653 0.771012 
vt 0.151103 0.7728 
vt 0.142024 0.7728 
vt 0.134803 0.7728 
vt 0.132653 0.7728 
vt 0.134803 0.776732 
vt 0.132653 0.776732 
vt 0.134803 0.780832 
vt 0.132653 0.780832 
vt 0.142024 0.780832 
vt 0.142024 0.776732 
vt 0.151103 0.780832 
vt 0.151103 0.776732 
vt 0.162133 0.780832 
vt 0.162133 0.776732 
vt 0.173163 0.780832 
vt 0.173163 0.776732 
vt 0.182242 0.780832 
vt 0.173163 0.7728 
vt 0.182242 0.776732 
vt 0.189462 0.780832 
vt 0.189462 0.776732 
vt 0.191612 0.780832 
vt 0.191612 0.776732 
vt 0.182242 0.7728 
vt 0.189462 0.7728 
vt 0.191612 0.7728 
vt 0.182242 0.771012 
vt 0.182242 0.770416 
vt 0.189462 0.771012 
vt 0.191612 0.771012 
vt 0.189462 0.770416 
vt 0.191612 0.770416 
vt 0.132665 0.795222 
vt 0.132665 0.794444 
vt 0.134814 0.794444 
vt 0.134814 0.795222 
vt 0.132665 0.791597 
vt 0.142035 0.794444 
vt 0.142035 0.795222 
vt 0.134814 0.791597 
vt 0.132665 0.78662 
vt 0.151114 0.794444 
vt 0.151114 0.795222 
vt 0.142035 0.791597 
vt 0.134814 0.78662 
vt 0.132665 0.780916 
vt 0.134814 0.780916 
vt 0.142035 0.78662 
vt 0.142035 0.780916 
vt 0.151114 0.791597 
vt 0.162144 0.794444 
vt 0.162144 0.795222 
vt 0.151114 0.78662 
vt 0.151114 0.780916 
vt 0.162144 0.791597 
vt 0.173174 0.794444 
vt 0.173174 0.795222 
vt 0.162144 0.78662 
vt 0.162144 0.780916 
vt 0.173174 0.791597 
vt 0.182253 0.794444 
vt 0.182253 0.795222 
vt 0.173174 0.78662 
vt 0.173174 0.780916 
vt 0.182253 0.791597 
vt 0.189474 0.794444 
vt 0.189474 0.795222 
vt 0.182253 0.78662 
vt 0.182253 0.780916 
vt 0.191624 0.794444 
vt 0.191624 0.795222 
vt 0.189474 0.791597 
vt 0.191624 0.791597 
vt 0.189474 0.78662 
vt 0.191624 0.78662 
vt 0.189474 0.780916 
vt 0.191624 0.780916 
vt 0.151103 0.767976 
vt 0.162133 0.767976 
vt 0.162133 0.770416 
vt 0.151103 0.770416 
vt 0.173163 0.770416 
vt 0.142024 0.767976 
vt 0.173163 0.767976 
vt 0.142024 0.770416 
vt 0.182242 0.770416 
vt 0.134803 0.767976 
vt 0.182242 0.767976 
vt 0.134803 0.770416 
vt 0.189462 0.770416 
vt 0.132653 0.767976 
vt 0.189462 0.767976 
vt 0.132653 0.770416 
vt 0.1312 0.767954 
vt 0.1312 0.770398 
vt 0.191612 0.770416 
vt 0.191612 0.767976 
vt 0.193066 0.770391 
vt 0.193066 0.767945 
vt 0.134814 0.798429 
vt 0.132665 0.798429 
vt 0.132665 0.795222 
vt 0.131211 0.795172 
vt 0.131211 0.798367 
vt 0.134814 0.795222 
vt 0.142035 0.798429 
vt 0.142035 0.795222 
vt 0.151114 0.798429 
vt 0.151114 0.795222 
vt 0.162144 0.798429 
vt 0.162144 0.795222 
vt 0.173174 0.798429 
vt 0.173174 0.795222 
vt 0.182253 0.798429 
vt 0.182253 0.795222 
vt 0.189474 0.798429 
vt 0.189474 0.795222 
vt 0.191624 0.798429 
vt 0.191624 0.795222 
vt 0.193077 0.79838 
vt 0.193077 0.795182 

usemtl Bacon1Mtl

f 2450/2450/2450 2451/2451/2451 2452/2452/2452 
f 2452/2452/2452 2453/2453/2453 2450/2450/2450 
f 2454/2454/2454 2455/2455/2455 2456/2456/2456 
f 2456/2456/2456 2457/2457/2457 2454/2454/2454 
f 2458/2458/2458 2459/2459/2459 2460/2460/2460 
f 2460/2460/2460 2461/2461/2461 2458/2458/2458 
f 2462/2462/2462 2463/2463/2463 2464/2464/2464 
f 2464/2464/2464 2465/2465/2465 2462/2462/2462 
f 2466/2466/2466 2467/2467/2467 2468/2468/2468 
f 2468/2468/2468 2469/2469/2469 2466/2466/2466 
f 2470/2470/2470 2471/2471/2471 2472/2472/2472 
f 2472/2472/2472 2473/2473/2473 2470/2470/2470 
f 2474/2474/2474 2475/2475/2475 2476/2476/2476 
f 2476/2476/2476 2477/2477/2477 2474/2474/2474 
f 2478/2478/2478 2479/2479/2479 2480/2480/2480 
f 2480/2480/2480 2481/2481/2481 2478/2478/2478 
f 2482/2482/2482 2483/2483/2483 2484/2484/2484 
f 2484/2484/2484 2485/2485/2485 2482/2482/2482 
f 2486/2486/2486 2487/2487/2487 2488/2488/2488 
f 2488/2488/2488 2489/2489/2489 2486/2486/2486 
f 2490/2490/2490 2491/2491/2491 2492/2492/2492 
f 2492/2492/2492 2493/2493/2493 2490/2490/2490 
f 2494/2494/2494 2495/2495/2495 2496/2496/2496 
f 2496/2496/2496 2497/2497/2497 2494/2494/2494 
f 2498/2498/2498 2499/2499/2499 2500/2500/2500 
f 2500/2500/2500 2501/2501/2501 2498/2498/2498 
f 2502/2502/2502 2503/2503/2503 2504/2504/2504 
f 2502/2502/2502 2504/2504/2504 2505/2505/2505 
f 2506/2506/2506 2502/2502/2502 2505/2505/2505 
f 2507/2507/2507 2506/2506/2506 2505/2505/2505 
f 2507/2507/2507 2505/2505/2505 2508/2508/2508 
f 2509/2509/2509 2507/2507/2507 2508/2508/2508 
f 2508/2508/2508 2510/2510/2510 2509/2509/2509 
f 2511/2511/2511 2512/2512/2512 2513/2513/2513 
f 2514/2514/2514 2511/2511/2511 2513/2513/2513 
f 2514/2514/2514 2513/2513/2513 2515/2515/2515 
f 2514/2514/2514 2515/2515/2515 2516/2516/2516 
f 2517/2517/2517 2514/2514/2514 2516/2516/2516 
f 2517/2517/2517 2516/2516/2516 2518/2518/2518 
f 2518/2518/2518 2519/2519/2519 2517/2517/2517 
f 2520/2520/2520 2521/2521/2521 2522/2522/2522 
f 2522/2522/2522 2523/2523/2523 2520/2520/2520 
f 2524/2524/2524 2523/2523/2523 2522/2522/2522 
f 2522/2522/2522 2525/2525/2525 2524/2524/2524 
f 2524/2524/2524 2525/2525/2525 2526/2526/2526 
f 2526/2526/2526 2527/2527/2527 2524/2524/2524 
f 2528/2528/2528 2527/2527/2527 2526/2526/2526 
f 2526/2526/2526 2529/2529/2529 2528/2528/2528 
f 2530/2530/2530 2531/2531/2531 2532/2532/2532 
f 2532/2532/2532 2533/2533/2533 2530/2530/2530 
f 2532/2532/2532 2531/2531/2531 2534/2534/2534 
f 2534/2534/2534 2535/2535/2535 2532/2532/2532 
f 2536/2536/2536 2535/2535/2535 2534/2534/2534 
f 2534/2534/2534 2537/2537/2537 2536/2536/2536 
f 2536/2536/2536 2537/2537/2537 2538/2538/2538 
f 2538/2538/2538 2539/2539/2539 2536/2536/2536 
f 2540/2540/2540 2541/2541/2541 2542/2542/2542 
f 2542/2542/2542 2543/2543/2543 2540/2540/2540 
f 2544/2544/2544 2542/2542/2542 2541/2541/2541 
f 2541/2541/2541 2545/2545/2545 2544/2544/2544 
f 2546/2546/2546 2544/2544/2544 2545/2545/2545 
f 2545/2545/2545 2547/2547/2547 2546/2546/2546 
f 2546/2546/2546 2547/2547/2547 2548/2548/2548 
f 2548/2548/2548 2549/2549/2549 2546/2546/2546 
f 2550/2550/2550 2551/2551/2551 2552/2552/2552 
f 2552/2552/2552 2553/2553/2553 2550/2550/2550 
f 2553/2553/2553 2552/2552/2552 2554/2554/2554 
f 2554/2554/2554 2555/2555/2555 2553/2553/2553 
f 2555/2555/2555 2554/2554/2554 2556/2556/2556 
f 2556/2556/2556 2557/2557/2557 2555/2555/2555 
f 2558/2558/2558 2557/2557/2557 2556/2556/2556 
f 2556/2556/2556 2559/2559/2559 2558/2558/2558 
f 2560/2560/2560 2561/2561/2561 2562/2562/2562 
f 2562/2562/2562 2563/2563/2563 2560/2560/2560 
f 2564/2564/2564 2562/2562/2562 2561/2561/2561 
f 2560/2560/2560 2563/2563/2563 2565/2565/2565 
f 2561/2561/2561 2566/2566/2566 2564/2564/2564 
f 2565/2565/2565 2567/2567/2567 2560/2560/2560 
f 2568/2568/2568 2564/2564/2564 2566/2566/2566 
f 2567/2567/2567 2565/2565/2565 2569/2569/2569 
f 2566/2566/2566 2570/2570/2570 2568/2568/2568 
f 2571/2571/2571 2568/2568/2568 2570/2570/2570 
f 2570/2570/2570 2572/2572/2572 2571/2571/2571 
f 2569/2569/2569 2573/2573/2573 2567/2567/2567 
f 2573/2573/2573 2569/2569/2569 2574/2574/2574 
f 2574/2574/2574 2575/2575/2575 2573/2573/2573 
f 2575/2575/2575 2574/2574/2574 2576/2576/2576 
f 2576/2576/2576 2577/2577/2577 2575/2575/2575 
f 2578/2578/2578 2579/2579/2579 2580/2580/2580 
f 2580/2580/2580 2581/2581/2581 2578/2578/2578 
f 2582/2582/2582 2580/2580/2580 2579/2579/2579 
f 2579/2579/2579 2583/2583/2583 2582/2582/2582 
f 2584/2584/2584 2582/2582/2582 2583/2583/2583 
f 2583/2583/2583 2585/2585/2585 2584/2584/2584 
f 2586/2586/2586 2584/2584/2584 2585/2585/2585 
f 2585/2585/2585 2587/2587/2587 2586/2586/2586 
f 2586/2586/2586 2587/2587/2587 2588/2588/2588 
f 2588/2588/2588 2589/2589/2589 2586/2586/2586 
f 2589/2589/2589 2588/2588/2588 2590/2590/2590 
f 2590/2590/2590 2591/2591/2591 2589/2589/2589 
f 2591/2591/2591 2590/2590/2590 2592/2592/2592 
f 2592/2592/2592 2593/2593/2593 2591/2591/2591 
f 2593/2593/2593 2592/2592/2592 2594/2594/2594 
f 2594/2594/2594 2595/2595/2595 2593/2593/2593 
f 2596/2596/2596 2597/2597/2597 2598/2598/2598 
f 2598/2598/2598 2599/2599/2599 2596/2596/2596 
f 2600/2600/2600 2598/2598/2598 2597/2597/2597 
f 2601/2601/2601 2596/2596/2596 2599/2599/2599 
f 2597/2597/2597 2602/2602/2602 2600/2600/2600 
f 2599/2599/2599 2603/2603/2603 2601/2601/2601 
f 2604/2604/2604 2600/2600/2600 2602/2602/2602 
f 2602/2602/2602 2605/2605/2605 2604/2604/2604 
f 2606/2606/2606 2604/2604/2604 2605/2605/2605 
f 2605/2605/2605 2607/2607/2607 2606/2606/2606 
f 2608/2608/2608 2601/2601/2601 2603/2603/2603 
f 2603/2603/2603 2609/2609/2609 2608/2608/2608 
f 2608/2608/2608 2609/2609/2609 2610/2610/2610 
f 2610/2610/2610 2611/2611/2611 2608/2608/2608 
f 2611/2611/2611 2610/2610/2610 2612/2612/2612 
f 2612/2612/2612 2613/2613/2613 2611/2611/2611 
f 2614/2614/2614 2615/2615/2615 2616/2616/2616 
f 2616/2616/2616 2617/2617/2617 2614/2614/2614 
f 2618/2618/2618 2616/2616/2616 2615/2615/2615 
f 2615/2615/2615 2619/2619/2619 2618/2618/2618 
f 2620/2620/2620 2618/2618/2618 2619/2619/2619 
f 2619/2619/2619 2621/2621/2621 2620/2620/2620 
f 2622/2622/2622 2620/2620/2620 2621/2621/2621 
f 2621/2621/2621 2623/2623/2623 2622/2622/2622 
f 2624/2624/2624 2622/2622/2622 2623/2623/2623 
f 2623/2623/2623 2625/2625/2625 2624/2624/2624 
f 2626/2626/2626 2624/2624/2624 2625/2625/2625 
f 2625/2625/2625 2627/2627/2627 2626/2626/2626 
f 2628/2628/2628 2626/2626/2626 2627/2627/2627 
f 2627/2627/2627 2629/2629/2629 2628/2628/2628 
f 2630/2630/2630 2628/2628/2628 2629/2629/2629 
f 2629/2629/2629 2631/2631/2631 2630/2630/2630 
f 2632/2632/2632 2633/2633/2633 2634/2634/2634 
f 2633/2633/2633 2632/2632/2632 2635/2635/2635 
f 2634/2634/2634 2636/2636/2636 2632/2632/2632 
f 2636/2636/2636 2634/2634/2634 2637/2637/2637 
f 2637/2637/2637 2638/2638/2638 2636/2636/2636 
f 2635/2635/2635 2639/2639/2639 2633/2633/2633 
f 2639/2639/2639 2635/2635/2635 2640/2640/2640 
f 2640/2640/2640 2641/2641/2641 2639/2639/2639 
f 2641/2641/2641 2640/2640/2640 2642/2642/2642 
f 2642/2642/2642 2643/2643/2643 2641/2641/2641 
f 2644/2644/2644 2643/2643/2643 2642/2642/2642 
f 2642/2642/2642 2645/2645/2645 2644/2644/2644 
f 2646/2646/2646 2644/2644/2644 2645/2645/2645 
f 2645/2645/2645 2647/2647/2647 2646/2646/2646 
f 2648/2648/2648 2646/2646/2646 2647/2647/2647 
f 2647/2647/2647 2649/2649/2649 2648/2648/2648 
f 2650/2650/2650 2648/2648/2648 2649/2649/2649 
f 2649/2649/2649 2651/2651/2651 2650/2650/2650 
f 2652/2652/2652 2650/2650/2650 2651/2651/2651 
f 2651/2651/2651 2653/2653/2653 2652/2652/2652 
f 2654/2654/2654 2655/2655/2655 2656/2656/2656 
f 2657/2657/2657 2654/2654/2654 2656/2656/2656 
f 2655/2655/2655 2658/2658/2658 2656/2656/2656 
f 2659/2659/2659 2657/2657/2657 2656/2656/2656 
f 2658/2658/2658 2660/2660/2660 2656/2656/2656 
f 2661/2661/2661 2659/2659/2659 2656/2656/2656 
f 2660/2660/2660 2662/2662/2662 2656/2656/2656 
f 2663/2663/2663 2661/2661/2661 2656/2656/2656 
f 2662/2662/2662 2664/2664/2664 2656/2656/2656 
f 2665/2665/2665 2663/2663/2663 2656/2656/2656 
f 2664/2664/2664 2666/2666/2666 2656/2656/2656 
f 2667/2667/2667 2665/2665/2665 2656/2656/2656 
f 2666/2666/2666 2668/2668/2668 2656/2656/2656 
f 2669/2669/2669 2667/2667/2667 2656/2656/2656 
f 2668/2668/2668 2670/2670/2670 2656/2656/2656 
f 2671/2671/2671 2669/2669/2669 2656/2656/2656 
f 2672/2672/2672 2671/2671/2671 2656/2656/2656 
f 2670/2670/2670 2673/2673/2673 2656/2656/2656 
f 2674/2674/2674 2672/2672/2672 2656/2656/2656 
f 2673/2673/2673 2675/2675/2675 2656/2656/2656 
f 2676/2676/2676 2674/2674/2674 2656/2656/2656 
f 2675/2675/2675 2676/2676/2676 2656/2656/2656 
f 2677/2677/2677 2678/2678/2678 2679/2679/2679 
f 2679/2679/2679 2680/2680/2680 2677/2677/2677 
f 2681/2681/2681 2682/2682/2682 2683/2683/2683 
f 2683/2683/2683 2684/2684/2684 2681/2681/2681 
f 2685/2685/2685 2652/2652/2652 2653/2653/2653 
f 2653/2653/2653 2686/2686/2686 2685/2685/2685 
f 2687/2687/2687 2685/2685/2685 2686/2686/2686 
f 2686/2686/2686 2688/2688/2688 2687/2687/2687 
f 2687/2687/2687 2688/2688/2688 2689/2689/2689 
f 2689/2689/2689 2690/2690/2690 2687/2687/2687 
f 2691/2691/2691 2690/2690/2690 2689/2689/2689 
f 2689/2689/2689 2692/2692/2692 2691/2691/2691 
f 2693/2693/2693 2691/2691/2691 2692/2692/2692 
f 2692/2692/2692 2694/2694/2694 2693/2693/2693 
f 2695/2695/2695 2693/2693/2693 2694/2694/2694 
f 2694/2694/2694 2696/2696/2696 2695/2695/2695 
f 2695/2695/2695 2696/2696/2696 2697/2697/2697 
f 2697/2697/2697 2698/2698/2698 2695/2695/2695 
f 2698/2698/2698 2697/2697/2697 2699/2699/2699 
f 2699/2699/2699 2700/2700/2700 2698/2698/2698 
f 2700/2700/2700 2699/2699/2699 2701/2701/2701 
f 2701/2701/2701 2702/2702/2702 2700/2700/2700 
f 2703/2703/2703 2702/2702/2702 2701/2701/2701 
f 2701/2701/2701 2704/2704/2704 2703/2703/2703 
f 2703/2703/2703 2704/2704/2704 2705/2705/2705 
f 2705/2705/2705 2706/2706/2706 2703/2703/2703 
f 2707/2707/2707 2708/2708/2708 2709/2709/2709 
f 2709/2709/2709 2710/2710/2710 2707/2707/2707 
f 2711/2711/2711 2707/2707/2707 2710/2710/2710 
f 2712/2712/2712 2709/2709/2709 2708/2708/2708 
f 2708/2708/2708 2713/2713/2713 2712/2712/2712 
f 2710/2710/2710 2714/2714/2714 2711/2711/2711 
f 2715/2715/2715 2711/2711/2711 2714/2714/2714 
f 2710/2710/2710 2709/2709/2709 2716/2716/2716 
f 2714/2714/2714 2717/2717/2717 2715/2715/2715 
f 2718/2718/2718 2715/2715/2715 2717/2717/2717 
f 2717/2717/2717 2719/2719/2719 2718/2718/2718 
f 2714/2714/2714 2710/2710/2710 2720/2720/2720 
f 2716/2716/2716 2720/2720/2720 2710/2710/2710 
f 2717/2717/2717 2714/2714/2714 2721/2721/2721 
f 2720/2720/2720 2721/2721/2721 2714/2714/2714 
f 2719/2719/2719 2717/2717/2717 2722/2722/2722 
f 2721/2721/2721 2722/2722/2722 2717/2717/2717 
f 2722/2722/2722 2723/2723/2723 2719/2719/2719 
f 2723/2723/2723 2722/2722/2722 2724/2724/2724 
f 2724/2724/2724 2725/2725/2725 2723/2723/2723 
f 2725/2725/2725 2724/2724/2724 2726/2726/2726 
f 2726/2726/2726 2727/2727/2727 2725/2725/2725 
f 2728/2728/2728 2726/2726/2726 2724/2724/2724 
f 2729/2729/2729 2724/2724/2724 2722/2722/2722 
f 2724/2724/2724 2729/2729/2729 2728/2728/2728 
f 2722/2722/2722 2721/2721/2721 2729/2729/2729 
f 2730/2730/2730 2728/2728/2728 2729/2729/2729 
f 2731/2731/2731 2729/2729/2729 2721/2721/2721 
f 2729/2729/2729 2731/2731/2731 2730/2730/2730 
f 2721/2721/2721 2720/2720/2720 2731/2731/2731 
f 2732/2732/2732 2730/2730/2730 2731/2731/2731 
f 2733/2733/2733 2731/2731/2731 2720/2720/2720 
f 2731/2731/2731 2733/2733/2733 2732/2732/2732 
f 2720/2720/2720 2716/2716/2716 2733/2733/2733 
f 2734/2734/2734 2732/2732/2732 2733/2733/2733 
f 2733/2733/2733 2735/2735/2735 2734/2734/2734 
f 2735/2735/2735 2733/2733/2733 2716/2716/2716 
f 2736/2736/2736 2734/2734/2734 2735/2735/2735 
f 2716/2716/2716 2737/2737/2737 2735/2735/2735 
f 2737/2737/2737 2716/2716/2716 2709/2709/2709 
f 2735/2735/2735 2738/2738/2738 2736/2736/2736 
f 2738/2738/2738 2735/2735/2735 2737/2737/2737 
f 2739/2739/2739 2736/2736/2736 2738/2738/2738 
f 2709/2709/2709 2712/2712/2712 2737/2737/2737 
f 2738/2738/2738 2740/2740/2740 2739/2739/2739 
f 2741/2741/2741 2739/2739/2739 2740/2740/2740 
f 2740/2740/2740 2742/2742/2742 2741/2741/2741 
f 2737/2737/2737 2743/2743/2743 2738/2738/2738 
f 2740/2740/2740 2738/2738/2738 2743/2743/2743 
f 2743/2743/2743 2737/2737/2737 2712/2712/2712 
f 2742/2742/2742 2740/2740/2740 2744/2744/2744 
f 2743/2743/2743 2744/2744/2744 2740/2740/2740 
f 2744/2744/2744 2745/2745/2745 2742/2742/2742 
f 2712/2712/2712 2746/2746/2746 2743/2743/2743 
f 2744/2744/2744 2743/2743/2743 2746/2746/2746 
f 2746/2746/2746 2712/2712/2712 2713/2713/2713 
f 2713/2713/2713 2747/2747/2747 2746/2746/2746 
f 2746/2746/2746 2748/2748/2748 2744/2744/2744 
f 2745/2745/2745 2744/2744/2744 2748/2748/2748 
f 2748/2748/2748 2746/2746/2746 2747/2747/2747 
f 2748/2748/2748 2749/2749/2749 2745/2745/2745 
f 2747/2747/2747 2750/2750/2750 2748/2748/2748 
f 2749/2749/2749 2748/2748/2748 2750/2750/2750 
f 2750/2750/2750 2751/2751/2751 2749/2749/2749 
f 2752/2752/2752 2753/2753/2753 2754/2754/2754 
f 2754/2754/2754 2755/2755/2755 2752/2752/2752 
f 2754/2754/2754 2753/2753/2753 2756/2756/2756 
f 2755/2755/2755 2754/2754/2754 2757/2757/2757 
f 2757/2757/2757 2758/2758/2758 2755/2755/2755 
f 2756/2756/2756 2759/2759/2759 2754/2754/2754 
f 2757/2757/2757 2754/2754/2754 2759/2759/2759 
f 2759/2759/2759 2756/2756/2756 2760/2760/2760 
f 2758/2758/2758 2757/2757/2757 2761/2761/2761 
f 2761/2761/2761 2762/2762/2762 2758/2758/2758 
f 2759/2759/2759 2763/2763/2763 2757/2757/2757 
f 2761/2761/2761 2757/2757/2757 2763/2763/2763 
f 2760/2760/2760 2764/2764/2764 2759/2759/2759 
f 2763/2763/2763 2759/2759/2759 2764/2764/2764 
f 2764/2764/2764 2760/2760/2760 2765/2765/2765 
f 2765/2765/2765 2766/2766/2766 2764/2764/2764 
f 2767/2767/2767 2764/2764/2764 2766/2766/2766 
f 2764/2764/2764 2767/2767/2767 2763/2763/2763 
f 2766/2766/2766 2768/2768/2768 2767/2767/2767 
f 2763/2763/2763 2769/2769/2769 2761/2761/2761 
f 2769/2769/2769 2763/2763/2763 2767/2767/2767 
f 2762/2762/2762 2761/2761/2761 2770/2770/2770 
f 2770/2770/2770 2761/2761/2761 2769/2769/2769 
f 2770/2770/2770 2771/2771/2771 2762/2762/2762 
f 2772/2772/2772 2767/2767/2767 2768/2768/2768 
f 2767/2767/2767 2772/2772/2772 2769/2769/2769 
f 2768/2768/2768 2773/2773/2773 2772/2772/2772 
f 2769/2769/2769 2774/2774/2774 2770/2770/2770 
f 2774/2774/2774 2769/2769/2769 2772/2772/2772 
f 2771/2771/2771 2770/2770/2770 2775/2775/2775 
f 2775/2775/2775 2770/2770/2770 2774/2774/2774 
f 2775/2775/2775 2776/2776/2776 2771/2771/2771 
f 2777/2777/2777 2772/2772/2772 2773/2773/2773 
f 2772/2772/2772 2777/2777/2777 2774/2774/2774 
f 2773/2773/2773 2778/2778/2778 2777/2777/2777 
f 2774/2774/2774 2779/2779/2779 2775/2775/2775 
f 2779/2779/2779 2774/2774/2774 2777/2777/2777 
f 2776/2776/2776 2775/2775/2775 2780/2780/2780 
f 2780/2780/2780 2775/2775/2775 2779/2779/2779 
f 2780/2780/2780 2781/2781/2781 2776/2776/2776 
f 2782/2782/2782 2777/2777/2777 2778/2778/2778 
f 2777/2777/2777 2782/2782/2782 2779/2779/2779 
f 2778/2778/2778 2783/2783/2783 2782/2782/2782 
f 2779/2779/2779 2784/2784/2784 2780/2780/2780 
f 2784/2784/2784 2779/2779/2779 2782/2782/2782 
f 2781/2781/2781 2780/2780/2780 2785/2785/2785 
f 2785/2785/2785 2780/2780/2780 2784/2784/2784 
f 2785/2785/2785 2786/2786/2786 2781/2781/2781 
f 2787/2787/2787 2782/2782/2782 2783/2783/2783 
f 2782/2782/2782 2787/2787/2787 2784/2784/2784 
f 2783/2783/2783 2788/2788/2788 2787/2787/2787 
f 2786/2786/2786 2785/2785/2785 2789/2789/2789 
f 2789/2789/2789 2790/2790/2790 2786/2786/2786 
f 2784/2784/2784 2791/2791/2791 2785/2785/2785 
f 2789/2789/2789 2785/2785/2785 2791/2791/2791 
f 2791/2791/2791 2784/2784/2784 2787/2787/2787 
f 2791/2791/2791 2792/2792/2792 2789/2789/2789 
f 2787/2787/2787 2793/2793/2793 2791/2791/2791 
f 2792/2792/2792 2791/2791/2791 2793/2793/2793 
f 2793/2793/2793 2787/2787/2787 2788/2788/2788 
f 2793/2793/2793 2794/2794/2794 2792/2792/2792 
f 2788/2788/2788 2795/2795/2795 2793/2793/2793 
f 2794/2794/2794 2793/2793/2793 2795/2795/2795 
f 2795/2795/2795 2796/2796/2796 2794/2794/2794 
f 2797/2797/2797 2798/2798/2798 2799/2799/2799 
f 2799/2799/2799 2800/2800/2800 2797/2797/2797 
f 2801/2801/2801 2799/2799/2799 2798/2798/2798 
f 2802/2802/2802 2797/2797/2797 2800/2800/2800 
f 2798/2798/2798 2803/2803/2803 2801/2801/2801 
f 2800/2800/2800 2804/2804/2804 2802/2802/2802 
f 2805/2805/2805 2801/2801/2801 2803/2803/2803 
f 2806/2806/2806 2802/2802/2802 2804/2804/2804 
f 2803/2803/2803 2807/2807/2807 2805/2805/2805 
f 2804/2804/2804 2808/2808/2808 2806/2806/2806 
f 2809/2809/2809 2805/2805/2805 2807/2807/2807 
f 2810/2810/2810 2806/2806/2806 2808/2808/2808 
f 2807/2807/2807 2811/2811/2811 2809/2809/2809 
f 2808/2808/2808 2812/2812/2812 2810/2810/2810 
f 2813/2813/2813 2810/2810/2810 2812/2812/2812 
f 2812/2812/2812 2814/2814/2814 2813/2813/2813 
f 2815/2815/2815 2809/2809/2809 2811/2811/2811 
f 2811/2811/2811 2816/2816/2816 2815/2815/2815 
f 2817/2817/2817 2815/2815/2815 2816/2816/2816 
f 2816/2816/2816 2818/2818/2818 2817/2817/2817 
f 2819/2819/2819 2820/2820/2820 2821/2821/2821 
f 2822/2822/2822 2821/2821/2821 2820/2820/2820 
f 2820/2820/2820 2823/2823/2823 2822/2822/2822 
f 2821/2821/2821 2824/2824/2824 2819/2819/2819 
f 2825/2825/2825 2819/2819/2819 2824/2824/2824 
f 2824/2824/2824 2826/2826/2826 2825/2825/2825 
f 2827/2827/2827 2825/2825/2825 2826/2826/2826 
f 2826/2826/2826 2828/2828/2828 2827/2827/2827 
f 2829/2829/2829 2827/2827/2827 2828/2828/2828 
f 2828/2828/2828 2830/2830/2830 2829/2829/2829 
f 2831/2831/2831 2829/2829/2829 2830/2830/2830 
f 2830/2830/2830 2832/2832/2832 2831/2831/2831 
f 2833/2833/2833 2831/2831/2831 2832/2832/2832 
f 2832/2832/2832 2834/2834/2834 2833/2833/2833 
f 2835/2835/2835 2833/2833/2833 2834/2834/2834 
f 2834/2834/2834 2836/2836/2836 2835/2835/2835 
f 2837/2837/2837 2835/2835/2835 2836/2836/2836 
f 2836/2836/2836 2838/2838/2838 2837/2837/2837 
f 2839/2839/2839 2837/2837/2837 2838/2838/2838 
f 2838/2838/2838 2840/2840/2840 2839/2839/2839 

g Bacon14

v 2.58499 3.32817 2.38381 
v 2.552 3.32812 2.41293 
v 2.552 3.23637 2.39652 
v 2.58499 3.24896 2.37253 
v 2.552 3.14937 2.33116 
v 2.58499 3.17008 2.30787 
v 2.552 3.11922 2.2104 
v 2.58499 3.14401 2.19796 
v 2.552 3.10202 2.00748 
v 2.58499 3.13109 2.00641 
v 2.552 3.11589 1.84598 
v 2.58499 3.14181 1.84968 
v 2.58499 3.16909 1.73159 
v 2.552 3.14713 1.72187 
v 2.58499 3.23729 1.66231 
v 2.552 3.22286 1.64171 
v 2.58499 3.32817 1.62901 
v 2.552 3.32812 1.60204 
v 1.18076 3.32581 2.3838 
v 1.18076 3.24736 2.37253 
v 1.21375 3.23412 2.39652 
v 1.21375 3.32586 2.41293 
v 1.21375 3.14712 2.33116 
v 1.18076 3.16897 2.30787 
v 1.21375 3.11696 2.2104 
v 1.18076 3.14315 2.19796 
v 1.21375 3.09977 2.00748 
v 1.18076 3.13049 2.00641 
v 1.21375 3.11363 1.84598 
v 1.18076 3.14102 1.84968 
v 1.18076 3.16806 1.73159 
v 1.21375 3.14488 1.72187 
v 1.18076 3.23581 1.66231 
v 1.21375 3.22061 1.64171 
v 1.18076 3.32581 1.62901 
v 1.21375 3.32586 1.60204 
v 2.80241 4.14759 1.48003 
v 2.80241 3.94184 1.5067 
v 2.76395 3.98159 1.47461 
v 2.76395 4.16738 1.44794 
v 2.80241 4.35151 1.47619 
v 2.76395 4.35151 1.4441 
v 2.76395 4.49263 1.45304 
v 2.80241 4.49263 1.48513 
v 2.76395 4.62439 1.47461 
v 2.80241 4.62439 1.5067 
v 2.76395 4.74349 1.5303 
v 2.80241 4.72755 1.55815 
v 2.80241 4.83072 1.63175 
v 2.76395 4.85509 1.61087 
v 2.76395 4.93644 1.72331 
v 2.80241 4.91159 1.74288 
v 0.963337 4.14759 1.48003 
v 1.0018 4.16738 1.44794 
v 1.0018 3.98159 1.47461 
v 0.963337 3.94184 1.5067 
v 0.963337 4.35151 1.47619 
v 1.0018 4.35151 1.4441 
v 1.0018 4.49263 1.45304 
v 0.963337 4.49263 1.48513 
v 1.0018 4.62439 1.47461 
v 0.963337 4.62439 1.5067 
v 1.0018 4.74349 1.5303 
v 0.963337 4.72755 1.55815 
v 0.963337 4.83072 1.63175 
v 1.0018 4.85509 1.61087 
v 1.0018 4.93644 1.72331 
v 0.963336 4.91159 1.74288 
v 0.963335 4.9116 2.39841 
v 1.0018 4.93636 2.42236 
v 1.0018 4.93644 1.72331 
v 0.963336 4.91159 1.74288 
v 1.1696 4.96959 2.42236 
v 1.16954 4.96967 1.72331 
v 1.35788 4.99114 2.42236 
v 1.35789 4.99123 1.72331 
v 1.59492 5.00092 2.42236 
v 1.59493 5.00101 1.72331 
v 1.88287 5.00092 2.42236 
v 1.88287 5.00101 1.72331 
v 2.17082 5.00092 2.42236 
v 2.17082 5.00101 1.72331 
v 2.40786 4.99114 2.42236 
v 2.40786 4.99123 1.72331 
v 2.59615 4.96959 2.42236 
v 2.59621 4.96967 1.72331 
v 2.76395 4.93636 2.42236 
v 2.76395 4.93644 1.72331 
v 2.80241 4.9116 2.39841 
v 2.80241 4.91159 1.74288 
v 2.76395 4.14758 2.51741 
v 2.76395 3.94183 2.51741 
v 2.80241 3.94183 2.48276 
v 2.80241 4.14758 2.48276 
v 2.76395 4.35151 2.51741 
v 2.80241 4.35151 2.48276 
v 2.76395 4.49262 2.51741 
v 2.80241 4.49262 2.48276 
v 2.76395 4.66502 2.51741 
v 2.80241 4.66501 2.48276 
v 2.76395 4.7885 2.50647 
v 2.80241 4.7885 2.47183 
v 2.76395 4.87592 2.47622 
v 2.80241 4.86487 2.44157 
v 2.76395 4.93636 2.42236 
v 2.80241 4.9116 2.39841 
v 0.963336 4.14758 2.48276 
v 0.963336 3.94183 2.48276 
v 1.0018 3.94183 2.51741 
v 1.0018 4.14758 2.51741 
v 0.963336 4.35151 2.48276 
v 1.0018 4.35151 2.51741 
v 0.963336 4.49262 2.48276 
v 1.0018 4.49262 2.51741 
v 0.963336 4.66501 2.48276 
v 1.0018 4.66502 2.51741 
v 1.0018 4.7885 2.50647 
v 0.963336 4.7885 2.47183 
v 1.0018 4.87592 2.47622 
v 0.963336 4.86487 2.44157 
v 1.0018 4.93636 2.42236 
v 0.963335 4.9116 2.39841 
v 2.80241 4.14758 2.48276 
v 2.80241 3.94183 2.48276 
v 2.80241 3.94184 1.5067 
v 2.80241 4.14759 1.48003 
v 2.80241 4.35151 2.48276 
v 2.80241 4.35151 1.47619 
v 2.80241 4.49263 1.48513 
v 2.80241 4.49262 2.48276 
v 2.80241 4.62439 1.5067 
v 2.80241 4.66501 2.48276 
v 2.80241 4.72755 1.55815 
v 2.80241 4.7885 2.47183 
v 2.80241 4.83072 1.63175 
v 2.80241 4.86487 2.44157 
v 2.80241 4.91159 1.74288 
v 2.80241 4.9116 2.39841 
v 0.963336 4.14758 2.48276 
v 0.963337 4.14759 1.48003 
v 0.963337 3.94184 1.5067 
v 0.963336 3.94183 2.48276 
v 0.963337 4.35151 1.47619 
v 0.963336 4.35151 2.48276 
v 0.963337 4.49263 1.48513 
v 0.963336 4.49262 2.48276 
v 0.963337 4.62439 1.5067 
v 0.963336 4.66501 2.48276 
v 0.963337 4.72755 1.55815 
v 0.963336 4.7885 2.47183 
v 0.963337 4.83072 1.63175 
v 0.963336 4.86487 2.44157 
v 0.963336 4.91159 1.74288 
v 0.963335 4.9116 2.39841 
v 2.69042 3.80177 2.45516 
v 2.65247 3.81688 2.4898 
v 2.65247 3.68143 2.4898 
v 2.69042 3.68148 2.45516 
v 2.69042 3.68148 2.45516 
v 2.65247 3.38696 2.4898 
v 2.69042 3.38697 2.45516 
v 1.11327 3.67917 2.4898 
v 1.11327 3.81688 2.4898 
v 1.07533 3.80177 2.45516 
v 1.07533 3.67912 2.45516 
v 1.11327 3.67917 2.4898 
v 1.07533 3.67912 2.45516 
v 1.07533 3.38674 2.45516 
v 1.11327 3.38674 2.4898 
v 2.65247 3.68143 1.52524 
v 2.65247 3.90367 1.52524 
v 2.69042 3.80177 1.55733 
v 2.69042 3.68148 1.55733 
v 1.07533 3.80177 1.55733 
v 1.11327 3.90367 1.52524 
v 1.11327 3.67917 1.52524 
v 1.07533 3.67912 1.55733 
v 1.63251 3.23482 2.39652 
v 1.63251 3.32657 2.41293 
v 1.42644 3.32622 2.41293 
v 1.88287 3.23525 2.39652 
v 1.63251 3.14782 2.33116 
v 1.88287 3.14824 2.33116 
v 1.88287 3.32699 2.41293 
v 2.13324 3.23567 2.39652 
v 2.13324 3.32741 2.41293 
v 2.13324 3.14867 2.33116 
v 2.3393 3.23601 2.39652 
v 2.33931 3.32776 2.41293 
v 1.88287 3.11809 2.2104 
v 2.50319 3.23629 2.39652 
v 2.50318 3.32804 2.41293 
v 2.3393 3.14901 2.33116 
v 2.13324 3.11851 2.2104 
v 1.88287 3.10089 2.00748 
v 2.552 3.23637 2.39652 
v 2.552 3.32812 2.41293 
v 2.50319 3.14929 2.33116 
v 2.552 3.14937 2.33116 
v 2.3393 3.11886 2.2104 
v 2.5032 3.11914 2.2104 
v 2.552 3.11922 2.2104 
v 2.13324 3.10132 2.00748 
v 1.88287 3.11476 1.84598 
v 2.3393 3.10166 2.00748 
v 2.13324 3.11518 1.84598 
v 1.88287 3.146 1.72187 
v 2.13324 3.14642 1.72187 
v 2.5032 3.10194 2.00748 
v 2.552 3.10202 2.00748 
v 2.3393 3.11553 1.84598 
v 2.5032 3.11581 1.84598 
v 2.552 3.11589 1.84598 
v 2.3393 3.14677 1.72187 
v 2.13324 3.22216 1.64171 
v 2.3393 3.2225 1.64171 
v 2.50321 3.14705 1.72187 
v 2.552 3.14713 1.72187 
v 2.50321 3.22278 1.64171 
v 2.3393 3.32776 1.60204 
v 2.552 3.22286 1.64171 
v 2.50322 3.32804 1.60204 
v 2.552 3.32812 1.60204 
v 2.69042 3.80177 1.55733 
v 2.69042 3.80177 2.45516 
v 2.69042 3.68148 2.45516 
v 2.69042 3.68148 1.55733 
v 1.07533 3.80177 2.45516 
v 1.07533 3.80177 1.55733 
v 1.07533 3.67912 1.55733 
v 1.07533 3.67912 2.45516 
v 2.69042 3.68148 1.55733 
v 2.69042 3.68148 2.45516 
v 2.69042 3.38697 2.45516 
v 2.69042 3.38697 1.55733 
v 1.07533 3.67912 2.45516 
v 1.07533 3.67912 1.55733 
v 1.07533 3.38674 1.55733 
v 1.07533 3.38674 2.45516 
v 1.88287 3.32699 1.60204 
v 2.13323 3.32741 1.60204 
v 1.88287 3.22173 1.64171 
v 1.63251 3.32657 1.60204 
v 1.63251 3.22131 1.64171 
v 1.42645 3.32622 1.60204 
v 1.42645 3.22097 1.64171 
v 1.26252 3.32594 1.60204 
v 1.63251 3.14558 1.72187 
v 1.26253 3.22069 1.64171 
v 1.21375 3.32586 1.60204 
v 1.21375 3.22061 1.64171 
v 1.42645 3.14523 1.72187 
v 1.26254 3.14496 1.72187 
v 1.21375 3.14488 1.72187 
v 1.26254 3.11372 1.84598 
v 1.21375 3.11363 1.84598 
v 1.42645 3.11399 1.84598 
v 1.63251 3.11434 1.84598 
v 1.26255 3.09985 2.00748 
v 1.21375 3.09977 2.00748 
v 1.42645 3.10013 2.00748 
v 1.63251 3.10047 2.00748 
v 1.26255 3.11705 2.2104 
v 1.21375 3.11696 2.2104 
v 1.42645 3.11732 2.2104 
v 1.63251 3.11767 2.2104 
v 1.26255 3.1472 2.33116 
v 1.21375 3.14712 2.33116 
v 1.42644 3.14747 2.33116 
v 1.26256 3.2342 2.39652 
v 1.21375 3.23412 2.39652 
v 1.21375 3.32586 2.41293 
v 1.26257 3.32594 2.41293 
v 1.42644 3.23448 2.39652 
v 2.80241 3.94183 2.48276 
v 2.69042 3.80177 2.45516 
v 2.69042 3.80177 1.55733 
v 2.80241 3.94184 1.5067 
v 0.963336 3.94183 2.48276 
v 0.963337 3.94184 1.5067 
v 1.07533 3.80177 1.55733 
v 1.07533 3.80177 2.45516 
v 2.58499 3.32817 1.62901 
v 2.58499 3.32817 2.38381 
v 2.58499 3.24896 2.37253 
v 2.58499 3.23729 1.66231 
v 2.58499 3.17008 2.30787 
v 2.58499 3.16909 1.73159 
v 2.58499 3.14181 1.84968 
v 2.58499 3.14401 2.19796 
v 2.58499 3.13109 2.00641 
v 1.18076 3.32581 1.62901 
v 1.18076 3.23581 1.66231 
v 1.18076 3.24736 2.37253 
v 1.18076 3.32581 2.3838 
v 1.18076 3.16897 2.30787 
v 1.18076 3.16806 1.73159 
v 1.18076 3.14102 1.84968 
v 1.18076 3.14315 2.19796 
v 1.18076 3.13049 2.00641 
v 1.35788 4.93071 2.47622 
v 1.35788 4.99114 2.42236 
v 1.1696 4.96959 2.42236 
v 1.35788 4.84329 2.50647 
v 1.59492 4.85307 2.50647 
v 1.59492 4.72959 2.51741 
v 1.59492 4.94049 2.47622 
v 1.59492 5.00092 2.42236 
v 1.88287 4.72959 2.51741 
v 1.88287 4.52602 2.51741 
v 1.88287 4.85307 2.50647 
v 1.88287 4.94049 2.47622 
v 1.88287 5.00092 2.42236 
v 2.17082 4.52602 2.51741 
v 2.17082 4.35151 2.51741 
v 2.40786 4.52096 2.51741 
v 2.17082 4.72959 2.51741 
v 2.40786 4.7198 2.51741 
v 2.59615 4.69825 2.51741 
v 2.17082 4.85307 2.50647 
v 2.40786 4.84329 2.50647 
v 2.59615 4.82173 2.50647 
v 2.76395 4.7885 2.50647 
v 2.76395 4.87592 2.47622 
v 2.59615 4.90915 2.47622 
v 2.76395 4.93636 2.42236 
v 2.59615 4.96959 2.42236 
v 2.40786 4.93071 2.47622 
v 2.40786 4.99114 2.42236 
v 2.17082 4.94049 2.47622 
v 2.17082 5.00092 2.42236 
v 2.17082 4.17968 1.44794 
v 2.17082 4.0063 1.47461 
v 1.88287 4.0063 1.47461 
v 2.40786 4.17813 1.44794 
v 2.40786 4.0032 1.47461 
v 1.88287 4.17968 1.44794 
v 1.59493 4.0063 1.47461 
v 2.40786 4.35151 1.4441 
v 2.17082 4.35151 1.4441 
v 2.59621 4.17581 1.44794 
v 2.59621 3.99854 1.47461 
v 2.76395 4.16738 1.44794 
v 2.76395 3.98159 1.47461 
v 2.76395 4.35151 1.4441 
v 2.59621 4.35151 1.4441 
v 2.76395 4.49263 1.45304 
v 2.59621 4.50981 1.45304 
v 2.76395 4.62439 1.47461 
v 2.40786 4.52096 1.45304 
v 2.59621 4.65761 1.47461 
v 2.76395 4.74349 1.5303 
v 2.59621 4.77672 1.5303 
v 2.76395 4.85509 1.61087 
v 2.40786 4.67917 1.47461 
v 2.59621 4.88832 1.61087 
v 2.76395 4.93644 1.72331 
v 2.59621 4.96967 1.72331 
v 2.40786 4.79828 1.5303 
v 2.40786 4.90987 1.61087 
v 2.40786 4.99123 1.72331 
v 2.17082 4.91966 1.61087 
v 2.17082 5.00101 1.72331 
v 2.17082 4.80806 1.5303 
v 2.17082 4.68896 1.47461 
v 2.17082 4.52602 1.45304 
v 1.88287 4.91966 1.61087 
v 1.88287 5.00101 1.72331 
v 1.88287 4.80806 1.5303 
v 1.88287 4.68895 1.47461 
v 1.88287 4.52602 1.45304 
v 1.88287 4.35151 1.4441 
v 1.59493 4.17968 1.44794 
v 1.59493 4.35151 1.4441 
v 1.35789 4.17813 1.44794 
v 1.35789 4.0032 1.47461 
v 1.59493 4.52602 1.45304 
v 1.35789 4.35151 1.4441 
v 1.59493 4.68896 1.47461 
v 1.35789 4.52096 1.45304 
v 1.35789 4.67917 1.47461 
v 1.59493 4.80806 1.5303 
v 1.35789 4.79828 1.5303 
v 1.59493 4.91966 1.61087 
v 1.59493 5.00101 1.72331 
v 1.35789 4.99123 1.72331 
v 1.35789 4.90987 1.61087 
v 1.16954 4.96967 1.72331 
v 1.16954 4.88832 1.61087 
v 1.0018 4.93644 1.72331 
v 1.0018 4.85509 1.61087 
v 1.16954 4.77672 1.5303 
v 1.0018 4.74349 1.5303 
v 1.16954 4.65761 1.47461 
v 1.0018 4.62439 1.47461 
v 1.16954 4.50981 1.45304 
v 1.0018 4.49263 1.45304 
v 1.16954 4.35151 1.4441 
v 1.0018 4.35151 1.4441 
v 1.16954 4.17581 1.44794 
v 1.0018 4.16738 1.44794 
v 1.16954 3.99854 1.47461 
v 1.0018 3.98159 1.47461 
v 1.88287 3.38685 1.52524 
v 2.17083 3.38689 1.52524 
v 2.13323 3.32741 1.60204 
v 1.88287 3.32699 1.60204 
v 2.3393 3.32776 1.60204 
v 1.59492 3.38681 1.52524 
v 2.40783 3.38693 1.52524 
v 1.63251 3.32657 1.60204 
v 2.50322 3.32804 1.60204 
v 1.35791 3.38678 1.52524 
v 2.59637 3.38695 1.52524 
v 1.42645 3.32622 1.60204 
v 2.552 3.32812 1.60204 
v 1.16937 3.38675 1.52524 
v 2.65247 3.38696 1.52524 
v 1.26252 3.32594 1.60204 
v 2.58499 3.32817 1.62901 
v 1.11327 3.38674 1.52524 
v 2.69042 3.38697 1.55733 
v 1.21375 3.32586 1.60204 
v 2.58499 3.32817 2.38381 
v 1.07533 3.38674 1.55733 
v 2.69042 3.38697 2.45516 
v 1.18076 3.32581 1.62901 
v 2.552 3.32812 2.41293 
v 1.07533 3.38674 2.45516 
v 2.65247 3.38696 2.4898 
v 1.18076 3.32581 2.3838 
v 2.50318 3.32804 2.41293 
v 1.11327 3.38674 2.4898 
v 2.59632 3.38695 2.4898 
v 1.21375 3.32586 2.41293 
v 2.33931 3.32776 2.41293 
v 1.16943 3.38675 2.4898 
v 2.40784 3.38693 2.4898 
v 1.26257 3.32594 2.41293 
v 2.13324 3.32741 2.41293 
v 1.3579 3.38678 2.4898 
v 2.17083 3.38689 2.4898 
v 1.42644 3.32622 2.41293 
v 1.88287 3.32699 2.41293 
v 1.59491 3.38681 2.4898 
v 1.88287 3.38685 2.4898 
v 1.63251 3.32657 2.41293 
v 2.59615 4.14758 2.51741 
v 2.59615 3.94183 2.51741 
v 2.76395 3.94183 2.51741 
v 2.76395 4.14758 2.51741 
v 2.40786 4.14758 2.51741 
v 2.40786 3.94183 2.51741 
v 2.59615 4.35151 2.51741 
v 2.76395 4.35151 2.51741 
v 2.76395 4.49262 2.51741 
v 2.40786 4.35151 2.51741 
v 2.59615 4.50981 2.51741 
v 2.76395 4.66502 2.51741 
v 2.17082 4.14758 2.51741 
v 2.17082 3.94183 2.51741 
v 1.88287 4.14758 2.51741 
v 1.88287 3.94183 2.51741 
v 1.88287 4.35151 2.51741 
v 1.59492 4.14758 2.51741 
v 1.59492 3.94183 2.51741 
v 1.59492 4.35151 2.51741 
v 1.35788 4.14758 2.51741 
v 1.35788 3.94183 2.51741 
v 1.35788 4.35151 2.51741 
v 1.1696 4.14758 2.51741 
v 1.1696 3.94183 2.51741 
v 1.0018 4.14758 2.51741 
v 1.0018 3.94183 2.51741 
v 1.0018 4.35151 2.51741 
v 1.1696 4.35151 2.51741 
v 1.0018 4.49262 2.51741 
v 1.1696 4.50981 2.51741 
v 1.0018 4.66502 2.51741 
v 1.35788 4.52096 2.51741 
v 1.1696 4.69825 2.51741 
v 1.0018 4.7885 2.50647 
v 1.59492 4.52602 2.51741 
v 1.35788 4.7198 2.51741 
v 1.1696 4.82173 2.50647 
v 1.0018 4.87592 2.47622 
v 1.1696 4.90915 2.47622 
v 1.0018 4.93636 2.42236 
v 2.59615 3.94183 2.51741 
v 2.59632 3.81688 2.4898 
v 2.65247 3.81688 2.4898 
v 2.40786 3.94183 2.51741 
v 2.76395 3.94183 2.51741 
v 2.69042 3.80177 2.45516 
v 2.80241 3.94183 2.48276 
v 2.40784 3.81688 2.4898 
v 2.17082 3.94183 2.51741 
v 2.17083 3.81688 2.4898 
v 1.88287 3.94183 2.51741 
v 1.88287 3.81688 2.4898 
v 1.59492 3.94183 2.51741 
v 1.59491 3.81688 2.4898 
v 1.35788 3.94183 2.51741 
v 1.3579 3.81688 2.4898 
v 1.1696 3.94183 2.51741 
v 1.16943 3.81688 2.4898 
v 1.11327 3.81688 2.4898 
v 1.0018 3.94183 2.51741 
v 1.07533 3.80177 2.45516 
v 0.963336 3.94183 2.48276 
v 1.88287 3.6803 1.52524 
v 2.17083 3.68072 1.52524 
v 2.17083 3.38689 1.52524 
v 1.88287 3.38685 1.52524 
v 2.40783 3.38693 1.52524 
v 1.59492 3.67988 1.52524 
v 2.40783 3.68107 1.52524 
v 1.59492 3.38681 1.52524 
v 2.59637 3.38695 1.52524 
v 1.35791 3.67953 1.52524 
v 2.59637 3.68134 1.52524 
v 2.65247 3.38696 1.52524 
v 2.65247 3.68143 1.52524 
v 1.35791 3.38678 1.52524 
v 1.16937 3.67925 1.52524 
v 1.16937 3.38675 1.52524 
v 1.11327 3.67917 1.52524 
v 1.11327 3.38674 1.52524 
v 1.88287 3.93279 1.52524 
v 2.17083 3.93279 1.52524 
v 2.17083 3.68072 1.52524 
v 1.88287 3.6803 1.52524 
v 2.40783 3.68107 1.52524 
v 1.59492 3.93279 1.52524 
v 2.40783 3.93279 1.52524 
v 1.59492 3.67988 1.52524 
v 2.59637 3.91971 1.52524 
v 1.35791 3.93279 1.52524 
v 2.59637 3.68134 1.52524 
v 2.65247 3.90367 1.52524 
v 2.65247 3.68143 1.52524 
v 1.35791 3.67953 1.52524 
v 1.16937 3.91971 1.52524 
v 1.16937 3.67925 1.52524 
v 1.11327 3.90367 1.52524 
v 1.11327 3.67917 1.52524 
v 1.07533 3.67912 1.55733 
v 1.11327 3.38674 1.52524 
v 1.07533 3.38674 1.55733 
v 2.69042 3.38697 1.55733 
v 2.65247 3.38696 1.52524 
v 2.69042 3.68148 1.55733 
v 2.65247 3.81688 2.4898 
v 2.59632 3.81688 2.4898 
v 2.59632 3.68134 2.4898 
v 2.65247 3.68143 2.4898 
v 2.59632 3.38695 2.4898 
v 2.65247 3.38696 2.4898 
v 2.40784 3.38693 2.4898 
v 2.40784 3.68107 2.4898 
v 2.40784 3.81688 2.4898 
v 2.17083 3.38689 2.4898 
v 2.17083 3.68072 2.4898 
v 2.17083 3.81688 2.4898 
v 1.88287 3.38685 2.4898 
v 1.88287 3.6803 2.4898 
v 1.88287 3.81688 2.4898 
v 1.59491 3.38681 2.4898 
v 1.59491 3.67988 2.4898 
v 1.59491 3.81688 2.4898 
v 1.3579 3.38678 2.4898 
v 1.3579 3.67953 2.4898 
v 1.3579 3.81688 2.4898 
v 1.16943 3.38675 2.4898 
v 1.16943 3.67925 2.4898 
v 1.11327 3.38674 2.4898 
v 1.16943 3.81688 2.4898 
v 1.11327 3.67917 2.4898 
v 1.11327 3.81688 2.4898 
v 2.17082 4.0063 1.47461 
v 2.17083 3.93279 1.52524 
v 1.88287 3.93279 1.52524 
v 2.40786 4.0032 1.47461 
v 1.88287 4.0063 1.47461 
v 2.40783 3.93279 1.52524 
v 1.59492 3.93279 1.52524 
v 2.59621 3.99854 1.47461 
v 1.59493 4.0063 1.47461 
v 2.59637 3.91971 1.52524 
v 1.35791 3.93279 1.52524 
v 2.65247 3.90367 1.52524 
v 1.35789 4.0032 1.47461 
v 2.76395 3.98159 1.47461 
v 2.80241 3.94184 1.5067 
v 2.69042 3.80177 1.55733 
v 1.16954 3.99854 1.47461 
v 1.16937 3.91971 1.52524 
v 1.11327 3.90367 1.52524 
v 1.0018 3.98159 1.47461 
v 0.963337 3.94184 1.5067 
v 1.07533 3.80177 1.55733 

vn 0.645669 -0.125984 0.755906 
vn 0.653543 -0.133858 0.740157 
vn 0.637795 -0.307087 0.708661 
vn 0.637795 -0.291339 0.708661 
vn 0.669291 -0.614173 0.425197 
vn 0.669291 -0.645669 0.370079 
vn 0.622047 -0.771654 0.133858 
vn 0.629921 -0.771654 0.11811 
vn 0.661417 -0.755906 -0.00787402 
vn 0.661417 -0.755906 -0.00787402 
vn 0.622047 -0.771654 -0.11811 
vn 0.622047 -0.771654 -0.11811 
vn 0.590551 -0.700787 -0.401575 
vn 0.590551 -0.708661 -0.385827 
vn 0.598425 -0.433071 -0.669291 
vn 0.606299 -0.440945 -0.661417 
vn 0.606299 -0.275591 -0.748031 
vn 0.606299 -0.283465 -0.740157 
vn -0.645669 -0.125984 0.755906 
vn -0.645669 -0.291339 0.708661 
vn -0.645669 -0.307087 0.700787 
vn -0.653543 -0.133858 0.740157 
vn -0.677165 -0.606299 0.417323 
vn -0.685039 -0.637795 0.362205 
vn -0.645669 -0.755906 0.125984 
vn -0.645669 -0.755906 0.110236 
vn -0.677165 -0.732283 -0.00787402 
vn -0.677165 -0.732283 -0.00787402 
vn -0.637795 -0.755906 -0.11811 
vn -0.645669 -0.755906 -0.110236 
vn -0.606299 -0.685039 -0.393701 
vn -0.606299 -0.700787 -0.377953 
vn -0.606299 -0.433071 -0.661417 
vn -0.614173 -0.440945 -0.653543 
vn -0.606299 -0.283465 -0.748031 
vn -0.606299 -0.283465 -0.740157 
vn 0.614173 -0.0787402 -0.787402 
vn 0.566929 -0.102362 -0.811024 
vn 0.574803 -0.110236 -0.811024 
vn 0.622047 -0.0472441 -0.779528 
vn 0.637795 0.015748 -0.771654 
vn 0.637795 0.015748 -0.771654 
vn 0.637795 0.0866142 -0.76378 
vn 0.637795 0.0866142 -0.76378 
vn 0.622047 0.220472 -0.748031 
vn 0.622047 0.244094 -0.740157 
vn 0.637795 0.393701 -0.661417 
vn 0.637795 0.393701 -0.661417 
vn 0.637795 0.543307 -0.543307 
vn 0.637795 0.543307 -0.543307 
vn 0.480315 0.858268 -0.173228 
vn 0.606299 0.771654 -0.204724 
vn -0.614173 -0.0787402 -0.787402 
vn -0.622047 -0.0472441 -0.779528 
vn -0.574803 -0.110236 -0.811024 
vn -0.566929 -0.102362 -0.811024 
vn -0.637795 0.015748 -0.771654 
vn -0.637795 0.015748 -0.771654 
vn -0.637795 0.0866142 -0.76378 
vn -0.637795 0.0866142 -0.76378 
vn -0.622047 0.220472 -0.748031 
vn -0.622047 0.244094 -0.740157 
vn -0.637795 0.393701 -0.661417 
vn -0.637795 0.393701 -0.661417 
vn -0.637795 0.543307 -0.543307 
vn -0.637795 0.543307 -0.543307 
vn -0.480315 0.858268 -0.173228 
vn -0.606299 0.771654 -0.204724 
vn -0.543307 0.84252 0 
vn -0.338583 0.937008 0 
vn -0.480315 0.858268 -0.173228 
vn -0.606299 0.771654 -0.204724 
vn -0.15748 0.984252 0 
vn -0.15748 0.984252 0 
vn -0.0787402 1 0 
vn -0.0787402 1 0 
vn -0.023622 1 0 
vn -0.023622 1 0 
vn 0 1 0 
vn 0 1 0 
vn 0.023622 1 0 
vn 0.023622 1 0 
vn 0.0787402 1 0 
vn 0.0787402 1 0 
vn 0.15748 0.984252 0 
vn 0.15748 0.984252 0 
vn 0.338583 0.937008 0 
vn 0.480315 0.858268 -0.173228 
vn 0.543307 0.84252 0 
vn 0.606299 0.771654 -0.204724 
vn 0.669291 0 0.740157 
vn 0.669291 0 0.740157 
vn 0.669291 0 0.740157 
vn 0.669291 0 0.740157 
vn 0.669291 0 0.740157 
vn 0.669291 0 0.740157 
vn 0.669291 0 0.740157 
vn 0.669291 0 0.740157 
vn 0.669291 0.0314961 0.740157 
vn 0.669291 0.0314961 0.740157 
vn 0.661417 0.149606 0.732283 
vn 0.669291 0.173228 0.724409 
vn 0.669291 0.370079 0.637795 
vn 0.677165 0.401575 0.614173 
vn 0.661417 0.503937 0.559055 
vn 0.669291 0.503937 0.551181 
vn -0.669291 0 0.740157 
vn -0.669291 0 0.740157 
vn -0.669291 0 0.740157 
vn -0.669291 0 0.740157 
vn -0.669291 0 0.740157 
vn -0.669291 0 0.740157 
vn -0.669291 0 0.740157 
vn -0.669291 0 0.740157 
vn -0.669291 0.0314961 0.740157 
vn -0.669291 0.0314961 0.740157 
vn -0.661417 0.149606 0.732283 
vn -0.669291 0.173228 0.724409 
vn -0.669291 0.370079 0.637795 
vn -0.677165 0.401575 0.614173 
vn -0.661417 0.503937 0.559055 
vn -0.669291 0.503937 0.551181 
vn 1 0 0 
vn 1 0 0 
vn 1 0 0 
vn 1 0 0 
vn 1 0 0 
vn 1 0 0 
vn 1 0 0 
vn 1 0 0 
vn 1 0 0 
vn 1 0 0 
vn 1 0 0 
vn 1 0 0 
vn 1 0 0 
vn 1 0 0 
vn 1 0 0 
vn 1 0 0 
vn -1 0 0 
vn -1 0 0 
vn -1 0 0 
vn -1 0 0 
vn -1 0 0 
vn -1 0 0 
vn -1 0 0 
vn -1 0 0 
vn -1 0 0 
vn -1 0 0 
vn -1 0 0 
vn -1 0 0 
vn -1 0 0 
vn -1 0 0 
vn -1 0 0 
vn -1 0 0 
vn 0.677165 0 0.740157 
vn 0.677165 0 0.740157 
vn 0.677165 0 0.740157 
vn 0.677165 0 0.740157 
vn 0.677165 0 0.740157 
vn 0.677165 0 0.740157 
vn 0.677165 0 0.740157 
vn -0.677165 0 0.740157 
vn -0.677165 0 0.740157 
vn -0.677165 0 0.740157 
vn -0.677165 0 0.740157 
vn -0.677165 0 0.740157 
vn -0.677165 0 0.740157 
vn -0.677165 0 0.740157 
vn -0.677165 0 0.740157 
vn 0.645669 0 -0.76378 
vn 0.645669 0 -0.76378 
vn 0.645669 0 -0.76378 
vn 0.645669 0 -0.76378 
vn -0.645669 0 -0.76378 
vn -0.645669 0 -0.76378 
vn -0.645669 0 -0.76378 
vn -0.645669 0 -0.76378 
vn 0 -0.401575 0.913386 
vn 0 -0.173228 0.984252 
vn 0 -0.173228 0.984252 
vn 0 -0.401575 0.913386 
vn 0 -0.834646 0.551181 
vn 0 -0.834646 0.551181 
vn 0 -0.173228 0.984252 
vn 0 -0.401575 0.913386 
vn 0 -0.173228 0.984252 
vn 0 -0.834646 0.551181 
vn 0 -0.401575 0.913386 
vn 0 -0.173228 0.984252 
vn 0 -0.984252 0.165354 
vn 0 -0.401575 0.913386 
vn 0 -0.173228 0.984252 
vn 0 -0.834646 0.551181 
vn 0 -0.984252 0.165354 
vn 0 -1 0 
vn 0 -0.401575 0.913386 
vn 0 -0.173228 0.984252 
vn 0 -0.834646 0.551181 
vn 0 -0.834646 0.551181 
vn 0 -0.984252 0.165354 
vn 0 -0.984252 0.165354 
vn 0 -0.984252 0.165354 
vn 0 -1 0 
vn 0 -0.984252 -0.165354 
vn 0 -1 0 
vn 0 -0.984252 -0.165354 
vn 0 -0.874016 -0.480315 
vn 0 -0.874016 -0.480315 
vn 0 -1 0 
vn 0 -1 0 
vn 0 -0.984252 -0.165354 
vn 0 -0.984252 -0.165354 
vn 0 -0.984252 -0.165354 
vn 0 -0.874016 -0.480315 
vn 0 -0.551181 -0.834646 
vn 0 -0.551181 -0.834646 
vn 0 -0.874016 -0.480315 
vn 0 -0.874016 -0.480315 
vn 0 -0.551181 -0.834646 
vn 0 -0.354331 -0.937008 
vn 0 -0.551181 -0.834646 
vn 0 -0.354331 -0.937008 
vn 0 -0.354331 -0.937008 
vn 1 0 0 
vn 1 0 0 
vn 1 0 0 
vn 1 0 0 
vn -1 0 0 
vn -1 0 0 
vn -1 0 0 
vn -1 0 0 
vn 1 0 0 
vn 1 0 0 
vn 1 0 0 
vn 1 0 0 
vn -1 0 0 
vn -1 0 0 
vn -1 0 0 
vn -1 0 0 
vn 0 -0.354331 -0.937008 
vn 0 -0.354331 -0.937008 
vn 0 -0.551181 -0.834646 
vn 0 -0.354331 -0.937008 
vn 0 -0.551181 -0.834646 
vn 0 -0.354331 -0.937008 
vn 0 -0.551181 -0.834646 
vn 0 -0.354331 -0.937008 
vn 0 -0.874016 -0.480315 
vn 0 -0.551181 -0.834646 
vn 0 -0.354331 -0.937008 
vn 0 -0.551181 -0.834646 
vn 0 -0.874016 -0.480315 
vn 0 -0.874016 -0.480315 
vn 0 -0.874016 -0.480315 
vn 0 -0.984252 -0.165354 
vn 0 -0.984252 -0.165354 
vn 0 -0.984252 -0.165354 
vn 0 -0.984252 -0.165354 
vn 0 -1 0 
vn 0 -1 0 
vn 0 -1 0 
vn 0 -1 0 
vn 0 -0.984252 0.165354 
vn 0 -0.984252 0.165354 
vn 0 -0.984252 0.165354 
vn 0 -0.984252 0.165354 
vn 0 -0.834646 0.551181 
vn 0 -0.834646 0.551181 
vn 0 -0.834646 0.551181 
vn 0 -0.401575 0.913386 
vn 0 -0.401575 0.913386 
vn 0 -0.173228 0.984252 
vn 0 -0.173228 0.984252 
vn 0 -0.401575 0.913386 
vn 0.779528 -0.622047 0 
vn 0.779528 -0.622047 0 
vn 0.779528 -0.622047 0 
vn 0.779528 -0.622047 0 
vn -0.779528 -0.622047 0 
vn -0.779528 -0.622047 0 
vn -0.779528 -0.622047 0 
vn -0.779528 -0.622047 0 
vn 1 0 0 
vn 1 0 0 
vn 1 0 0 
vn 1 0 0 
vn 1 0 0 
vn 1 0 0 
vn 1 0 0 
vn 1 0 0 
vn 1 0 0 
vn -1 0 0 
vn -1 0 0 
vn -1 0 0 
vn -1 0 0 
vn -1 0 0 
vn -1 0 0 
vn -1 0 0 
vn -1 0 0 
vn -1 0 0 
vn -0.0393701 0.511811 0.858268 
vn -0.0472441 0.661417 0.748031 
vn -0.102362 0.661417 0.740157 
vn -0.015748 0.212598 0.976378 
vn -0.00787402 0.212598 0.976378 
vn 0 0.0472441 1 
vn -0.00787402 0.511811 0.858268 
vn -0.015748 0.661417 0.748031 
vn 0 0.0472441 1 
vn 0 0 1 
vn 0 0.212598 0.976378 
vn 0 0.503937 0.866142 
vn 0 0.661417 0.748031 
vn 0 0 1 
vn 0 0 1 
vn 0 0 1 
vn 0 0.0472441 1 
vn 0 0.0472441 1 
vn 0.00787402 0.0472441 1 
vn 0.00787402 0.212598 0.976378 
vn 0.015748 0.212598 0.976378 
vn 0.0314961 0.212598 0.976378 
vn 0.0393701 0.19685 0.976378 
vn 0.0944882 0.488189 0.866142 
vn 0.0787402 0.503937 0.858268 
vn 0.133858 0.661417 0.740157 
vn 0.102362 0.661417 0.740157 
vn 0.0393701 0.511811 0.858268 
vn 0.0472441 0.661417 0.748031 
vn 0.00787402 0.511811 0.858268 
vn 0.015748 0.661417 0.748031 
vn 0 -0.0866142 -1 
vn 0 -0.149606 -0.992126 
vn 0 -0.149606 -0.992126 
vn 0 -0.0866142 -1 
vn 0 -0.149606 -0.992126 
vn 0 -0.0866142 -1 
vn 0 -0.149606 -0.992126 
vn 0 0.015748 -1 
vn 0 0.015748 -1 
vn 0 -0.0866142 -1 
vn -0.00787402 -0.149606 -0.992126 
vn -0.00787402 -0.0866142 -1 
vn -0.015748 -0.141732 -0.992126 
vn 0 0.023622 -1 
vn 0 0.015748 -1 
vn 0.00787402 0.110236 -0.992126 
vn 0.00787402 0.102362 -0.992126 
vn 0.0472441 0.275591 -0.96063 
vn 0.00787402 0.0944882 -0.992126 
vn 0.0472441 0.291339 -0.952756 
vn 0.0944882 0.496063 -0.866142 
vn 0.0787402 0.503937 -0.858268 
vn 0.133858 0.692913 -0.708661 
vn 0.023622 0.283465 -0.96063 
vn 0.110236 0.700787 -0.700787 
vn 0.15748 0.80315 -0.582677 
vn 0.125984 0.80315 -0.582677 
vn 0.0393701 0.511811 -0.858268 
vn 0.0551181 0.708661 -0.700787 
vn 0.0629921 0.811024 -0.582677 
vn 0.015748 0.708661 -0.708661 
vn 0.015748 0.811024 -0.582677 
vn 0.00787402 0.503937 -0.858268 
vn 0.00787402 0.283465 -0.96063 
vn 0 0.0944882 -0.992126 
vn 0 0.708661 -0.708661 
vn 0 0.811024 -0.582677 
vn 0 0.503937 -0.858268 
vn 0 0.283465 -0.96063 
vn 0 0.0944882 -0.992126 
vn 0 0.015748 -1 
vn 0 -0.0866142 -1 
vn 0 0.015748 -1 
vn 0 -0.0866142 -1 
vn 0 -0.149606 -0.992126 
vn 0 0.0944882 -0.992126 
vn 0 0.015748 -1 
vn -0.00787402 0.283465 -0.96063 
vn -0.00787402 0.0944882 -0.992126 
vn -0.023622 0.283465 -0.96063 
vn -0.00787402 0.503937 -0.858268 
vn -0.0393701 0.511811 -0.858268 
vn -0.015748 0.708661 -0.708661 
vn -0.015748 0.811024 -0.582677 
vn -0.0629921 0.811024 -0.582677 
vn -0.0551181 0.708661 -0.700787 
vn -0.125984 0.80315 -0.582677 
vn -0.110236 0.700787 -0.700787 
vn -0.15748 0.80315 -0.582677 
vn -0.133858 0.692913 -0.708661 
vn -0.0787402 0.503937 -0.858268 
vn -0.0944882 0.496063 -0.866142 
vn -0.0472441 0.291339 -0.952756 
vn -0.0472441 0.275591 -0.96063 
vn -0.00787402 0.102362 -0.992126 
vn -0.00787402 0.110236 -0.992126 
vn 0 0.015748 -1 
vn 0 0.023622 -1 
vn 0 -0.0866142 -1 
vn 0.00787402 -0.0866142 -1 
vn 0.00787402 -0.149606 -0.992126 
vn 0.015748 -0.141732 -0.992126 
vn 0 -0.787402 -0.614173 
vn 0 -0.787402 -0.614173 
vn 0 -0.787402 -0.614173 
vn 0 -0.787402 -0.614173 
vn 0 -0.795276 -0.614173 
vn 0 -0.787402 -0.614173 
vn 0 -0.795276 -0.606299 
vn 0 -0.787402 -0.614173 
vn 0 -0.795276 -0.606299 
vn 0 -0.787402 -0.622047 
vn 0 -0.795276 -0.606299 
vn 0 -0.787402 -0.622047 
vn 0.102362 -0.850394 -0.519685 
vn 0 -0.787402 -0.622047 
vn 0.19685 -0.88189 -0.425197 
vn 0 -0.779528 -0.622047 
vn 0.393701 -0.905512 -0.15748 
vn -0.204724 -0.88189 -0.433071 
vn 0.377953 -0.905512 -0.188976 
vn -0.102362 -0.84252 -0.527559 
vn 0.401575 -0.905512 0.149606 
vn -0.385827 -0.897638 -0.19685 
vn 0.377953 -0.905512 0.181102 
vn -0.409449 -0.897638 -0.165354 
vn 0.110236 -0.850394 0.511811 
vn -0.393701 -0.897638 0.188976 
vn 0.204724 -0.889764 0.409449 
vn -0.409449 -0.897638 0.15748 
vn 0 -0.795276 0.606299 
vn -0.212598 -0.88189 0.425197 
vn 0 -0.795276 0.606299 
vn -0.110236 -0.84252 0.527559 
vn 0 -0.795276 0.606299 
vn 0 -0.787402 0.622047 
vn 0 -0.795276 0.606299 
vn 0 -0.787402 0.622047 
vn 0 -0.787402 0.614173 
vn 0 -0.787402 0.622047 
vn 0 -0.787402 0.614173 
vn 0 -0.787402 0.622047 
vn 0 -0.787402 0.614173 
vn 0 -0.787402 0.614173 
vn 0 -0.787402 0.614173 
vn 0 -0.787402 0.614173 
vn 0 0 1 
vn 0 0 1 
vn 0 0 1 
vn 0 0 1 
vn 0 0 1 
vn 0 0 1 
vn 0 0 1 
vn 0 0 1 
vn 0 0 1 
vn 0 0 1 
vn 0 0 1 
vn 0.00787402 0.0393701 1 
vn 0 0 1 
vn 0 0 1 
vn 0 0 1 
vn 0 0 1 
vn 0 0 1 
vn 0 0 1 
vn 0 0 1 
vn 0 0 1 
vn 0 0 1 
vn 0 0 1 
vn 0 0 1 
vn 0 0 1 
vn 0 0 1 
vn 0 0 1 
vn 0 0 1 
vn 0 0 1 
vn 0 0 1 
vn 0 0 1 
vn 0 0 1 
vn -0.00787402 0.0393701 1 
vn 0 0 1 
vn -0.00787402 0.0472441 1 
vn -0.0393701 0.19685 0.976378 
vn 0 0 1 
vn 0 0.0472441 1 
vn -0.0314961 0.212598 0.976378 
vn -0.0944882 0.488189 0.866142 
vn -0.0787402 0.503937 0.858268 
vn -0.133858 0.661417 0.740157 
vn 0 -0.212598 0.976378 
vn 0 -0.212598 0.976378 
vn 0.173228 -0.354331 0.913386 
vn 0 -0.212598 0.976378 
vn 0.393701 -0.480315 0.779528 
vn 0.456693 -0.551181 0.700787 
vn 0.551181 -0.566929 0.614173 
vn 0 -0.212598 0.976378 
vn 0 -0.212598 0.976378 
vn 0 -0.212598 0.976378 
vn 0 -0.212598 0.976378 
vn 0 -0.212598 0.976378 
vn 0 -0.212598 0.976378 
vn 0 -0.212598 0.976378 
vn 0 -0.212598 0.976378 
vn 0 -0.212598 0.976378 
vn 0 -0.212598 0.976378 
vn 0 -0.212598 0.976378 
vn -0.173228 -0.354331 0.913386 
vn -0.393701 -0.480315 0.779528 
vn -0.456693 -0.551181 0.700787 
vn -0.551181 -0.566929 0.614173 
vn 0 0 -1 
vn 0 0 -1 
vn 0 0 -1 
vn 0 0 -1 
vn 0 0 -1 
vn 0 0 -1 
vn 0 0 -1 
vn 0 0 -1 
vn 0 0 -1 
vn 0 0 -1 
vn 0 0 -1 
vn 0 0 -1 
vn 0 0 -1 
vn 0 0 -1 
vn 0 0 -1 
vn 0 0 -1 
vn 0 0 -1 
vn 0 0 -1 
vn 0 0 -1 
vn 0 0 -1 
vn 0 0 -1 
vn 0 0 -1 
vn 0 0 -1 
vn 0 0 -1 
vn 0 0 -1 
vn 0 0 -1 
vn 0 0 -1 
vn 0 0 -1 
vn 0 0 -1 
vn 0 0 -1 
vn 0.346457 0 -0.937008 
vn 0 0 -1 
vn 0 0 -1 
vn 0 0 -1 
vn 0 0 -1 
vn -0.346457 0 -0.937008 
vn -0.645669 0 -0.76378 
vn -0.645669 0 -0.76378 
vn -0.645669 0 -0.76378 
vn 0.645669 0 -0.76378 
vn 0.645669 0 -0.76378 
vn 0.645669 0 -0.76378 
vn 0 0 1 
vn 0 0 1 
vn 0 0 1 
vn 0 0 1 
vn 0 0 1 
vn 0 0 1 
vn 0 0 1 
vn 0 0 1 
vn 0 0 1 
vn 0 0 1 
vn 0 0 1 
vn 0 0 1 
vn 0 0 1 
vn 0 0 1 
vn 0 0 1 
vn 0 0 1 
vn 0 0 1 
vn 0 0 1 
vn 0 0 1 
vn 0 0 1 
vn 0 0 1 
vn 0 0 1 
vn 0 0 1 
vn 0 0 1 
vn 0 0 1 
vn 0 0 1 
vn 0 0 1 
vn 0 -0.566929 -0.826772 
vn 0 -0.566929 -0.818898 
vn 0 -0.566929 -0.826772 
vn -0.00787402 -0.582677 -0.811024 
vn 0 -0.566929 -0.826772 
vn -0.00787402 -0.574803 -0.818898 
vn 0 -0.566929 -0.826772 
vn -0.0551181 -0.527559 -0.84252 
vn 0 -0.566929 -0.818898 
vn -0.102362 -0.535433 -0.834646 
vn 0.015748 -0.574803 -0.818898 
vn -0.0551181 -0.448819 -0.889764 
vn 0.00787402 -0.582677 -0.811024 
vn 0.015748 -0.559055 -0.826772 
vn 0.023622 -0.503937 -0.866142 
vn -0.0393701 -0.314961 -0.952756 
vn 0.0551181 -0.527559 -0.84252 
vn 0.102362 -0.535433 -0.834646 
vn 0.0551181 -0.448819 -0.889764 
vn -0.015748 -0.559055 -0.826772 
vn -0.023622 -0.503937 -0.866142 
vn 0.0393701 -0.314961 -0.952756 

vt 0.135103 0.935317 
vt 0.136372 0.934393 
vt 0.136372 0.934913 
vt 0.135103 0.935675 
vt 0.136372 0.936987 
vt 0.135103 0.937727 
vt 0.136372 0.94082 
vt 0.135103 0.941215 
vt 0.136372 0.94726 
vt 0.135103 0.947294 
vt 0.136372 0.952385 
vt 0.135103 0.952268 
vt 0.135103 0.956015 
vt 0.136372 0.956324 
vt 0.135103 0.958214 
vt 0.136372 0.958868 
vt 0.135103 0.95927 
vt 0.136372 0.960127 
vt 0.189119 0.935317 
vt 0.189119 0.935675 
vt 0.18785 0.934913 
vt 0.18785 0.934393 
vt 0.18785 0.936987 
vt 0.189119 0.937726 
vt 0.18785 0.94082 
vt 0.189119 0.941215 
vt 0.18785 0.94726 
vt 0.189119 0.947294 
vt 0.18785 0.952385 
vt 0.189119 0.952268 
vt 0.189119 0.956015 
vt 0.18785 0.956324 
vt 0.189119 0.958214 
vt 0.18785 0.958868 
vt 0.189119 0.95927 
vt 0.18785 0.960127 
vt 0.00228683 0.879421 
vt 0.00228683 0.867903 
vt 0.0052537 0.870415 
vt 0.00537501 0.879421 
vt 0.00228683 0.890613 
vt 0.00543242 0.890613 
vt 0.0055053 0.89851 
vt 0.00228683 0.89851 
vt 0.00561214 0.90574 
vt 0.00228683 0.90574 
vt 0.00544689 0.912719 
vt 0.00228683 0.912719 
vt 0.00228683 0.919839 
vt 0.00519727 0.919839 
vt 0.00437807 0.927503 
vt 0.00228683 0.927503 
vt 0.127072 0.879421 
vt 0.124086 0.879421 
vt 0.124295 0.870415 
vt 0.127072 0.869159 
vt 0.127072 0.890613 
vt 0.123923 0.890613 
vt 0.123779 0.89851 
vt 0.127072 0.89851 
vt 0.123616 0.90574 
vt 0.127072 0.90574 
vt 0.123629 0.912719 
vt 0.127072 0.912719 
vt 0.127072 0.91984 
vt 0.123701 0.91984 
vt 0.124181 0.927503 
vt 0.127072 0.927503 
vt 0.126399 0.989737 
vt 0.123365 0.989737 
vt 0.123365 0.928241 
vt 0.126403 0.928241 
vt 0.112017 0.989737 
vt 0.112022 0.928241 
vt 0.0994453 0.989737 
vt 0.0994443 0.928241 
vt 0.0837068 0.989737 
vt 0.0837068 0.928241 
vt 0.0646043 0.989737 
vt 0.0646043 0.928241 
vt 0.0455017 0.989737 
vt 0.0455027 0.928241 
vt 0.0297643 0.989737 
vt 0.0297643 0.928241 
vt 0.0171916 0.989737 
vt 0.0171876 0.928241 
vt 0.00584369 0.989737 
vt 0.00584465 0.928241 
vt 0.00280985 0.989737 
vt 0.00280589 0.928241 
vt 0.312937 0.879421 
vt 0.312866 0.869159 
vt 0.31438 0.869159 
vt 0.31438 0.879421 
vt 0.31283 0.890613 
vt 0.31438 0.890613 
vt 0.312713 0.89851 
vt 0.31438 0.89851 
vt 0.312464 0.90574 
vt 0.31438 0.90574 
vt 0.312266 0.912719 
vt 0.31438 0.912719 
vt 0.312245 0.91984 
vt 0.31438 0.91984 
vt 0.312592 0.927503 
vt 0.31438 0.927503 
vt 0.189734 0.879421 
vt 0.189734 0.869159 
vt 0.192092 0.869159 
vt 0.191933 0.879421 
vt 0.189734 0.890613 
vt 0.191944 0.890613 
vt 0.189734 0.89851 
vt 0.19199 0.89851 
vt 0.189734 0.90574 
vt 0.192127 0.90574 
vt 0.192248 0.912719 
vt 0.189734 0.912719 
vt 0.192225 0.91984 
vt 0.189734 0.91984 
vt 0.191889 0.927503 
vt 0.189734 0.927503 
vt 0.314361 0.879421 
vt 0.314361 0.867903 
vt 0.37664 0.867903 
vt 0.37664 0.879421 
vt 0.314361 0.890613 
vt 0.37664 0.890613 
vt 0.37664 0.89851 
vt 0.314361 0.89851 
vt 0.37664 0.90574 
vt 0.314361 0.90574 
vt 0.37664 0.912719 
vt 0.314361 0.912719 
vt 0.37664 0.919839 
vt 0.314361 0.919839 
vt 0.37664 0.927503 
vt 0.314361 0.927503 
vt 0.189734 0.879421 
vt 0.127072 0.879421 
vt 0.127072 0.869159 
vt 0.189734 0.869159 
vt 0.127072 0.890613 
vt 0.189734 0.890613 
vt 0.127072 0.89851 
vt 0.189734 0.89851 
vt 0.127072 0.90574 
vt 0.189734 0.90574 
vt 0.127072 0.912719 
vt 0.189734 0.912719 
vt 0.127072 0.91984 
vt 0.189734 0.91984 
vt 0.127072 0.927503 
vt 0.189734 0.927503 
vt 0.31438 0.858873 
vt 0.309839 0.858873 
vt 0.309854 0.851255 
vt 0.31438 0.851878 
vt 0.31438 0.851878 
vt 0.309888 0.834708 
vt 0.31438 0.834765 
vt 0.194892 0.851129 
vt 0.194818 0.858873 
vt 0.189734 0.858873 
vt 0.189733 0.851741 
vt 0.194892 0.851129 
vt 0.189733 0.851741 
vt 0.189733 0.834752 
vt 0.19505 0.834697 
vt 0.00965756 0.851874 
vt 0.00965229 0.864796 
vt 0.00228683 0.858873 
vt 0.00228683 0.851878 
vt 0.127072 0.858873 
vt 0.121226 0.865855 
vt 0.121381 0.852366 
vt 0.127072 0.85174 
vt 0.171741 0.934913 
vt 0.171741 0.934393 
vt 0.179668 0.934393 
vt 0.162111 0.934913 
vt 0.171741 0.936987 
vt 0.162111 0.936987 
vt 0.162111 0.934393 
vt 0.15248 0.934913 
vt 0.15248 0.934393 
vt 0.15248 0.936987 
vt 0.144553 0.934913 
vt 0.144553 0.934393 
vt 0.162111 0.94082 
vt 0.138249 0.934913 
vt 0.13825 0.934393 
vt 0.144553 0.936987 
vt 0.15248 0.94082 
vt 0.162111 0.94726 
vt 0.136372 0.934913 
vt 0.136372 0.934393 
vt 0.138249 0.936987 
vt 0.136372 0.936987 
vt 0.144554 0.94082 
vt 0.138249 0.94082 
vt 0.136372 0.94082 
vt 0.15248 0.94726 
vt 0.162111 0.952385 
vt 0.144554 0.94726 
vt 0.15248 0.952385 
vt 0.162111 0.956324 
vt 0.15248 0.956324 
vt 0.138249 0.94726 
vt 0.136372 0.94726 
vt 0.144554 0.952385 
vt 0.138249 0.952385 
vt 0.136372 0.952385 
vt 0.144554 0.956324 
vt 0.15248 0.958868 
vt 0.144554 0.958868 
vt 0.138249 0.956324 
vt 0.136372 0.956324 
vt 0.138248 0.958868 
vt 0.144554 0.960127 
vt 0.136372 0.958868 
vt 0.138248 0.960127 
vt 0.136372 0.960127 
vt 0.37664 0.858873 
vt 0.314361 0.858873 
vt 0.314361 0.851878 
vt 0.37664 0.851878 
vt 0.189734 0.858873 
vt 0.127072 0.858873 
vt 0.127072 0.85174 
vt 0.189733 0.851741 
vt 0.37664 0.851878 
vt 0.314361 0.851878 
vt 0.314361 0.834765 
vt 0.37664 0.834765 
vt 0.189733 0.851741 
vt 0.127072 0.85174 
vt 0.127072 0.834752 
vt 0.189733 0.834752 
vt 0.162111 0.960127 
vt 0.15248 0.960127 
vt 0.162111 0.958868 
vt 0.171741 0.960127 
vt 0.171741 0.958868 
vt 0.179668 0.960127 
vt 0.179668 0.958868 
vt 0.185973 0.960127 
vt 0.171741 0.956324 
vt 0.185973 0.958868 
vt 0.18785 0.960127 
vt 0.18785 0.958868 
vt 0.179668 0.956324 
vt 0.185973 0.956324 
vt 0.18785 0.956324 
vt 0.185973 0.952385 
vt 0.18785 0.952385 
vt 0.179668 0.952385 
vt 0.171741 0.952385 
vt 0.185973 0.94726 
vt 0.18785 0.94726 
vt 0.179668 0.94726 
vt 0.171741 0.94726 
vt 0.185972 0.94082 
vt 0.18785 0.94082 
vt 0.179668 0.94082 
vt 0.171741 0.94082 
vt 0.185972 0.936987 
vt 0.18785 0.936987 
vt 0.179668 0.936987 
vt 0.185972 0.934913 
vt 0.18785 0.934913 
vt 0.18785 0.934393 
vt 0.185972 0.934393 
vt 0.179668 0.934913 
vt 0.314361 0.867903 
vt 0.314361 0.858873 
vt 0.37664 0.858873 
vt 0.37664 0.867903 
vt 0.189734 0.869159 
vt 0.127072 0.869159 
vt 0.127072 0.858873 
vt 0.189734 0.858873 
vt 0.135103 0.95927 
vt 0.135103 0.935317 
vt 0.135103 0.935675 
vt 0.135103 0.958214 
vt 0.135103 0.937727 
vt 0.135103 0.956015 
vt 0.135103 0.952268 
vt 0.135103 0.941215 
vt 0.135103 0.947294 
vt 0.189119 0.95927 
vt 0.189119 0.958214 
vt 0.189119 0.935675 
vt 0.189119 0.935317 
vt 0.189119 0.937726 
vt 0.189119 0.956015 
vt 0.189119 0.952268 
vt 0.189119 0.941215 
vt 0.189119 0.947294 
vt 0.216892 0.91984 
vt 0.216695 0.927503 
vt 0.204236 0.927503 
vt 0.217002 0.912719 
vt 0.232613 0.912719 
vt 0.232696 0.90574 
vt 0.232531 0.91984 
vt 0.232432 0.927503 
vt 0.251727 0.90574 
vt 0.251832 0.89851 
vt 0.251662 0.912719 
vt 0.25161 0.91984 
vt 0.251569 0.927503 
vt 0.270874 0.89851 
vt 0.271023 0.890613 
vt 0.286539 0.89851 
vt 0.270743 0.90574 
vt 0.286346 0.90574 
vt 0.298672 0.90574 
vt 0.270704 0.912719 
vt 0.286295 0.912719 
vt 0.29857 0.912719 
vt 0.312266 0.912719 
vt 0.312245 0.91984 
vt 0.298638 0.91984 
vt 0.312592 0.927503 
vt 0.298916 0.927503 
vt 0.286319 0.91984 
vt 0.286437 0.927503 
vt 0.270689 0.91984 
vt 0.270707 0.927503 
vt 0.0454537 0.879421 
vt 0.0454981 0.870415 
vt 0.0648093 0.870415 
vt 0.0296739 0.879421 
vt 0.029621 0.870415 
vt 0.0646651 0.879421 
vt 0.0841086 0.870415 
vt 0.0296824 0.890613 
vt 0.0453953 0.890613 
vt 0.0171445 0.879421 
vt 0.0169469 0.870415 
vt 0.00537501 0.879421 
vt 0.0052537 0.870415 
vt 0.00543242 0.890613 
vt 0.0172309 0.890613 
vt 0.0055053 0.89851 
vt 0.0172978 0.89851 
vt 0.00561214 0.90574 
vt 0.0296654 0.89851 
vt 0.0172823 0.90574 
vt 0.00544689 0.912719 
vt 0.0170552 0.912719 
vt 0.00519727 0.919839 
vt 0.0295846 0.90574 
vt 0.0166134 0.91984 
vt 0.00437807 0.927503 
vt 0.0157627 0.927503 
vt 0.0293769 0.912719 
vt 0.0290319 0.91984 
vt 0.0284788 0.927503 
vt 0.0447653 0.91984 
vt 0.0444483 0.927503 
vt 0.0450039 0.912719 
vt 0.0451786 0.90574 
vt 0.0453059 0.89851 
vt 0.0640121 0.91984 
vt 0.0638953 0.927503 
vt 0.0641284 0.912719 
vt 0.0642382 0.90574 
vt 0.064377 0.89851 
vt 0.0645243 0.890613 
vt 0.083875 0.879421 
vt 0.0836613 0.890613 
vt 0.0996757 0.879421 
vt 0.0999877 0.870415 
vt 0.0834641 0.89851 
vt 0.0993946 0.890613 
vt 0.0833218 0.90574 
vt 0.099149 0.89851 
vt 0.0989768 0.90574 
vt 0.0832764 0.912719 
vt 0.0989618 0.912719 
vt 0.0832804 0.91984 
vt 0.0833598 0.927503 
vt 0.0993787 0.927503 
vt 0.0990691 0.91984 
vt 0.112145 0.927503 
vt 0.111536 0.91984 
vt 0.124181 0.927503 
vt 0.123701 0.91984 
vt 0.111328 0.912719 
vt 0.123629 0.912719 
vt 0.111349 0.90574 
vt 0.123616 0.90574 
vt 0.111581 0.89851 
vt 0.123779 0.89851 
vt 0.111868 0.890613 
vt 0.123923 0.890613 
vt 0.112227 0.879421 
vt 0.124086 0.879421 
vt 0.112689 0.870415 
vt 0.124295 0.870415 
vt 0.162111 0.962564 
vt 0.151034 0.962564 
vt 0.15248 0.960127 
vt 0.162111 0.960127 
vt 0.144554 0.960127 
vt 0.173187 0.962564 
vt 0.141917 0.962564 
vt 0.171741 0.960127 
vt 0.138248 0.960127 
vt 0.182304 0.962564 
vt 0.134665 0.962564 
vt 0.179668 0.960127 
vt 0.136372 0.960127 
vt 0.189557 0.962564 
vt 0.132507 0.962564 
vt 0.185973 0.960127 
vt 0.135103 0.95927 
vt 0.191715 0.962564 
vt 0.131047 0.961545 
vt 0.18785 0.960127 
vt 0.135103 0.935317 
vt 0.193174 0.961545 
vt 0.131047 0.933052 
vt 0.189119 0.95927 
vt 0.136372 0.934393 
vt 0.193174 0.933052 
vt 0.132507 0.931953 
vt 0.189119 0.935317 
vt 0.13825 0.934393 
vt 0.191715 0.931953 
vt 0.134667 0.931953 
vt 0.18785 0.934393 
vt 0.144553 0.934393 
vt 0.189555 0.931953 
vt 0.141917 0.931953 
vt 0.185972 0.934393 
vt 0.15248 0.934393 
vt 0.182304 0.931953 
vt 0.151034 0.931953 
vt 0.179668 0.934393 
vt 0.162111 0.934393 
vt 0.173188 0.931953 
vt 0.162111 0.931953 
vt 0.171741 0.934393 
vt 0.299451 0.879421 
vt 0.299904 0.869159 
vt 0.312866 0.869159 
vt 0.312937 0.879421 
vt 0.286981 0.879421 
vt 0.287341 0.869159 
vt 0.299197 0.890613 
vt 0.31283 0.890613 
vt 0.312713 0.89851 
vt 0.286736 0.890613 
vt 0.298968 0.89851 
vt 0.312464 0.90574 
vt 0.271219 0.879421 
vt 0.271452 0.869159 
vt 0.252039 0.879421 
vt 0.252146 0.869159 
vt 0.251926 0.890613 
vt 0.232842 0.879421 
vt 0.232847 0.869159 
vt 0.23281 0.890613 
vt 0.217052 0.879421 
vt 0.216956 0.869159 
vt 0.217082 0.890613 
vt 0.204543 0.879421 
vt 0.204329 0.869159 
vt 0.191933 0.879421 
vt 0.192092 0.869159 
vt 0.191944 0.890613 
vt 0.20459 0.890613 
vt 0.19199 0.89851 
vt 0.204669 0.89851 
vt 0.192127 0.90574 
vt 0.217098 0.89851 
vt 0.204775 0.90574 
vt 0.192248 0.912719 
vt 0.232767 0.89851 
vt 0.217083 0.90574 
vt 0.204753 0.912719 
vt 0.192225 0.91984 
vt 0.204592 0.91984 
vt 0.191889 0.927503 
vt 0.299904 0.869159 
vt 0.300473 0.858873 
vt 0.309839 0.858873 
vt 0.287341 0.869159 
vt 0.312866 0.869159 
vt 0.31438 0.858873 
vt 0.31438 0.869159 
vt 0.287582 0.858873 
vt 0.271452 0.869159 
vt 0.271587 0.858873 
vt 0.252146 0.869159 
vt 0.25222 0.858873 
vt 0.232847 0.869159 
vt 0.232863 0.858873 
vt 0.216956 0.869159 
vt 0.216874 0.858873 
vt 0.204329 0.869159 
vt 0.203929 0.858873 
vt 0.194818 0.858873 
vt 0.192092 0.869159 
vt 0.189734 0.858873 
vt 0.189734 0.869159 
vt 0.0650794 0.851765 
vt 0.04565 0.851703 
vt 0.0457938 0.834749 
vt 0.0653078 0.834755 
vt 0.029714 0.834748 
vt 0.0845005 0.851872 
vt 0.0296601 0.851695 
vt 0.0848223 0.834764 
vt 0.0168642 0.834757 
vt 0.100487 0.852 
vt 0.0168619 0.851789 
vt 0.00966456 0.834764 
vt 0.00965756 0.851874 
vt 0.1009 0.834776 
vt 0.113314 0.852231 
vt 0.113766 0.834797 
vt 0.121381 0.852366 
vt 0.121583 0.834809 
vt 0.0648827 0.866413 
vt 0.0455266 0.86626 
vt 0.04565 0.851703 
vt 0.0650794 0.851765 
vt 0.0296601 0.851695 
vt 0.0842224 0.866647 
vt 0.029614 0.866208 
vt 0.0845005 0.851872 
vt 0.01686 0.865591 
vt 0.10013 0.866913 
vt 0.0168619 0.851789 
vt 0.00965229 0.864796 
vt 0.00965756 0.851874 
vt 0.100487 0.852 
vt 0.112942 0.866574 
vt 0.113314 0.852231 
vt 0.121226 0.865855 
vt 0.121381 0.852366 
vt 0.127072 0.85174 
vt 0.121583 0.834809 
vt 0.127072 0.834752 
vt 0.00228683 0.834765 
vt 0.00966456 0.834764 
vt 0.00228683 0.851878 
vt 0.309839 0.858873 
vt 0.300473 0.858873 
vt 0.300505 0.851251 
vt 0.309854 0.851255 
vt 0.300574 0.834708 
vt 0.309888 0.834708 
vt 0.287707 0.834706 
vt 0.287621 0.851235 
vt 0.287582 0.858873 
vt 0.271762 0.834705 
vt 0.271642 0.851216 
vt 0.271587 0.858873 
vt 0.252436 0.834703 
vt 0.252288 0.851192 
vt 0.25222 0.858873 
vt 0.233127 0.8347 
vt 0.232947 0.851168 
vt 0.232863 0.858873 
vt 0.217209 0.834699 
vt 0.216981 0.851149 
vt 0.216874 0.858873 
vt 0.204414 0.834697 
vt 0.204084 0.851133 
vt 0.19505 0.834697 
vt 0.203929 0.858873 
vt 0.194892 0.851129 
vt 0.194818 0.858873 
vt 0.0454981 0.870415 
vt 0.0455266 0.86626 
vt 0.0648827 0.866413 
vt 0.029621 0.870415 
vt 0.0648093 0.870415 
vt 0.029614 0.866208 
vt 0.0842224 0.866647 
vt 0.0169469 0.870415 
vt 0.0841086 0.870415 
vt 0.01686 0.865591 
vt 0.10013 0.866913 
vt 0.00965229 0.864796 
vt 0.0999877 0.870415 
vt 0.0052537 0.870415 
vt 0.00228683 0.867903 
vt 0.00228683 0.858873 
vt 0.112689 0.870415 
vt 0.112942 0.866574 
vt 0.121226 0.865855 
vt 0.124295 0.870415 
vt 0.127072 0.869159 
vt 0.127072 0.858873 

usemtl Bacon1Mtl

f 2841/2841/2841 2842/2842/2842 2843/2843/2843 
f 2843/2843/2843 2844/2844/2844 2841/2841/2841 
f 2844/2844/2844 2843/2843/2843 2845/2845/2845 
f 2845/2845/2845 2846/2846/2846 2844/2844/2844 
f 2846/2846/2846 2845/2845/2845 2847/2847/2847 
f 2847/2847/2847 2848/2848/2848 2846/2846/2846 
f 2848/2848/2848 2847/2847/2847 2849/2849/2849 
f 2849/2849/2849 2850/2850/2850 2848/2848/2848 
f 2850/2850/2850 2849/2849/2849 2851/2851/2851 
f 2851/2851/2851 2852/2852/2852 2850/2850/2850 
f 2853/2853/2853 2852/2852/2852 2851/2851/2851 
f 2851/2851/2851 2854/2854/2854 2853/2853/2853 
f 2855/2855/2855 2853/2853/2853 2854/2854/2854 
f 2854/2854/2854 2856/2856/2856 2855/2855/2855 
f 2857/2857/2857 2855/2855/2855 2856/2856/2856 
f 2856/2856/2856 2858/2858/2858 2857/2857/2857 
f 2859/2859/2859 2860/2860/2860 2861/2861/2861 
f 2861/2861/2861 2862/2862/2862 2859/2859/2859 
f 2863/2863/2863 2861/2861/2861 2860/2860/2860 
f 2860/2860/2860 2864/2864/2864 2863/2863/2863 
f 2865/2865/2865 2863/2863/2863 2864/2864/2864 
f 2864/2864/2864 2866/2866/2866 2865/2865/2865 
f 2867/2867/2867 2865/2865/2865 2866/2866/2866 
f 2866/2866/2866 2868/2868/2868 2867/2867/2867 
f 2869/2869/2869 2867/2867/2867 2868/2868/2868 
f 2868/2868/2868 2870/2870/2870 2869/2869/2869 
f 2869/2869/2869 2870/2870/2870 2871/2871/2871 
f 2871/2871/2871 2872/2872/2872 2869/2869/2869 
f 2872/2872/2872 2871/2871/2871 2873/2873/2873 
f 2873/2873/2873 2874/2874/2874 2872/2872/2872 
f 2874/2874/2874 2873/2873/2873 2875/2875/2875 
f 2875/2875/2875 2876/2876/2876 2874/2874/2874 
f 2877/2877/2877 2878/2878/2878 2879/2879/2879 
f 2879/2879/2879 2880/2880/2880 2877/2877/2877 
f 2881/2881/2881 2877/2877/2877 2880/2880/2880 
f 2880/2880/2880 2882/2882/2882 2881/2881/2881 
f 2881/2881/2881 2882/2882/2882 2883/2883/2883 
f 2883/2883/2883 2884/2884/2884 2881/2881/2881 
f 2884/2884/2884 2883/2883/2883 2885/2885/2885 
f 2885/2885/2885 2886/2886/2886 2884/2884/2884 
f 2886/2886/2886 2885/2885/2885 2887/2887/2887 
f 2887/2887/2887 2888/2888/2888 2886/2886/2886 
f 2889/2889/2889 2888/2888/2888 2887/2887/2887 
f 2887/2887/2887 2890/2890/2890 2889/2889/2889 
f 2889/2889/2889 2890/2890/2890 2891/2891/2891 
f 2891/2891/2891 2892/2892/2892 2889/2889/2889 
f 2893/2893/2893 2894/2894/2894 2895/2895/2895 
f 2895/2895/2895 2896/2896/2896 2893/2893/2893 
f 2894/2894/2894 2893/2893/2893 2897/2897/2897 
f 2897/2897/2897 2898/2898/2898 2894/2894/2894 
f 2899/2899/2899 2898/2898/2898 2897/2897/2897 
f 2897/2897/2897 2900/2900/2900 2899/2899/2899 
f 2901/2901/2901 2899/2899/2899 2900/2900/2900 
f 2900/2900/2900 2902/2902/2902 2901/2901/2901 
f 2903/2903/2903 2901/2901/2901 2902/2902/2902 
f 2902/2902/2902 2904/2904/2904 2903/2903/2903 
f 2903/2903/2903 2904/2904/2904 2905/2905/2905 
f 2905/2905/2905 2906/2906/2906 2903/2903/2903 
f 2907/2907/2907 2906/2906/2906 2905/2905/2905 
f 2905/2905/2905 2908/2908/2908 2907/2907/2907 
f 2909/2909/2909 2910/2910/2910 2911/2911/2911 
f 2911/2911/2911 2912/2912/2912 2909/2909/2909 
f 2911/2911/2911 2910/2910/2910 2913/2913/2913 
f 2913/2913/2913 2914/2914/2914 2911/2911/2911 
f 2914/2914/2914 2913/2913/2913 2915/2915/2915 
f 2915/2915/2915 2916/2916/2916 2914/2914/2914 
f 2916/2916/2916 2915/2915/2915 2917/2917/2917 
f 2917/2917/2917 2918/2918/2918 2916/2916/2916 
f 2918/2918/2918 2917/2917/2917 2919/2919/2919 
f 2919/2919/2919 2920/2920/2920 2918/2918/2918 
f 2920/2920/2920 2919/2919/2919 2921/2921/2921 
f 2921/2921/2921 2922/2922/2922 2920/2920/2920 
f 2922/2922/2922 2921/2921/2921 2923/2923/2923 
f 2923/2923/2923 2924/2924/2924 2922/2922/2922 
f 2924/2924/2924 2923/2923/2923 2925/2925/2925 
f 2925/2925/2925 2926/2926/2926 2924/2924/2924 
f 2926/2926/2926 2925/2925/2925 2927/2927/2927 
f 2927/2927/2927 2928/2928/2928 2926/2926/2926 
f 2928/2928/2928 2927/2927/2927 2929/2929/2929 
f 2929/2929/2929 2930/2930/2930 2928/2928/2928 
f 2931/2931/2931 2932/2932/2932 2933/2933/2933 
f 2933/2933/2933 2934/2934/2934 2931/2931/2931 
f 2935/2935/2935 2931/2931/2931 2934/2934/2934 
f 2934/2934/2934 2936/2936/2936 2935/2935/2935 
f 2937/2937/2937 2935/2935/2935 2936/2936/2936 
f 2936/2936/2936 2938/2938/2938 2937/2937/2937 
f 2939/2939/2939 2937/2937/2937 2938/2938/2938 
f 2938/2938/2938 2940/2940/2940 2939/2939/2939 
f 2941/2941/2941 2939/2939/2939 2940/2940/2940 
f 2940/2940/2940 2942/2942/2942 2941/2941/2941 
f 2943/2943/2943 2941/2941/2941 2942/2942/2942 
f 2942/2942/2942 2944/2944/2944 2943/2943/2943 
f 2945/2945/2945 2943/2943/2943 2944/2944/2944 
f 2944/2944/2944 2946/2946/2946 2945/2945/2945 
f 2947/2947/2947 2948/2948/2948 2949/2949/2949 
f 2949/2949/2949 2950/2950/2950 2947/2947/2947 
f 2951/2951/2951 2947/2947/2947 2950/2950/2950 
f 2950/2950/2950 2952/2952/2952 2951/2951/2951 
f 2953/2953/2953 2951/2951/2951 2952/2952/2952 
f 2952/2952/2952 2954/2954/2954 2953/2953/2953 
f 2955/2955/2955 2953/2953/2953 2954/2954/2954 
f 2954/2954/2954 2956/2956/2956 2955/2955/2955 
f 2955/2955/2955 2956/2956/2956 2957/2957/2957 
f 2957/2957/2957 2958/2958/2958 2955/2955/2955 
f 2958/2958/2958 2957/2957/2957 2959/2959/2959 
f 2959/2959/2959 2960/2960/2960 2958/2958/2958 
f 2960/2960/2960 2959/2959/2959 2961/2961/2961 
f 2961/2961/2961 2962/2962/2962 2960/2960/2960 
f 2963/2963/2963 2964/2964/2964 2965/2965/2965 
f 2965/2965/2965 2966/2966/2966 2963/2963/2963 
f 2967/2967/2967 2963/2963/2963 2966/2966/2966 
f 2966/2966/2966 2968/2968/2968 2967/2967/2967 
f 2967/2967/2967 2968/2968/2968 2969/2969/2969 
f 2969/2969/2969 2970/2970/2970 2967/2967/2967 
f 2970/2970/2970 2969/2969/2969 2971/2971/2971 
f 2971/2971/2971 2972/2972/2972 2970/2970/2970 
f 2972/2972/2972 2971/2971/2971 2973/2973/2973 
f 2973/2973/2973 2974/2974/2974 2972/2972/2972 
f 2974/2974/2974 2973/2973/2973 2975/2975/2975 
f 2975/2975/2975 2976/2976/2976 2974/2974/2974 
f 2976/2976/2976 2975/2975/2975 2977/2977/2977 
f 2977/2977/2977 2978/2978/2978 2976/2976/2976 
f 2979/2979/2979 2980/2980/2980 2981/2981/2981 
f 2981/2981/2981 2982/2982/2982 2979/2979/2979 
f 2983/2983/2983 2980/2980/2980 2979/2979/2979 
f 2979/2979/2979 2984/2984/2984 2983/2983/2983 
f 2985/2985/2985 2983/2983/2983 2984/2984/2984 
f 2984/2984/2984 2986/2986/2986 2985/2985/2985 
f 2987/2987/2987 2985/2985/2985 2986/2986/2986 
f 2986/2986/2986 2988/2988/2988 2987/2987/2987 
f 2989/2989/2989 2987/2987/2987 2988/2988/2988 
f 2988/2988/2988 2990/2990/2990 2989/2989/2989 
f 2991/2991/2991 2989/2989/2989 2990/2990/2990 
f 2990/2990/2990 2992/2992/2992 2991/2991/2991 
f 2993/2993/2993 2991/2991/2991 2992/2992/2992 
f 2992/2992/2992 2994/2994/2994 2993/2993/2993 
f 2995/2995/2995 2996/2996/2996 2997/2997/2997 
f 2997/2997/2997 2998/2998/2998 2995/2995/2995 
f 2999/2999/2999 2997/2997/2997 3000/3000/3000 
f 3000/3000/3000 3001/3001/3001 2999/2999/2999 
f 3002/3002/3002 3003/3003/3003 3004/3004/3004 
f 3004/3004/3004 3005/3005/3005 3002/3002/3002 
f 3006/3006/3006 3007/3007/3007 3008/3008/3008 
f 3008/3008/3008 3009/3009/3009 3006/3006/3006 
f 3010/3010/3010 3011/3011/3011 3012/3012/3012 
f 3012/3012/3012 3013/3013/3013 3010/3010/3010 
f 3014/3014/3014 3015/3015/3015 3016/3016/3016 
f 3016/3016/3016 3017/3017/3017 3014/3014/3014 
f 3018/3018/3018 3019/3019/3019 3020/3020/3020 
f 3021/3021/3021 3018/3018/3018 3022/3022/3022 
f 3019/3019/3019 3018/3018/3018 3021/3021/3021 
f 3022/3022/3022 3023/3023/3023 3021/3021/3021 
f 3021/3021/3021 3024/3024/3024 3019/3019/3019 
f 3024/3024/3024 3021/3021/3021 3025/3025/3025 
f 3025/3025/3025 3021/3021/3021 3023/3023/3023 
f 3025/3025/3025 3026/3026/3026 3024/3024/3024 
f 3023/3023/3023 3027/3027/3027 3025/3025/3025 
f 3026/3026/3026 3025/3025/3025 3028/3028/3028 
f 3028/3028/3028 3025/3025/3025 3027/3027/3027 
f 3028/3028/3028 3029/3029/3029 3026/3026/3026 
f 3027/3027/3027 3023/3023/3023 3030/3030/3030 
f 3029/3029/3029 3028/3028/3028 3031/3031/3031 
f 3031/3031/3031 3032/3032/3032 3029/3029/3029 
f 3027/3027/3027 3033/3033/3033 3028/3028/3028 
f 3031/3031/3031 3028/3028/3028 3033/3033/3033 
f 3030/3030/3030 3034/3034/3034 3027/3027/3027 
f 3033/3033/3033 3027/3027/3027 3034/3034/3034 
f 3034/3034/3034 3030/3030/3030 3035/3035/3035 
f 3032/3032/3032 3031/3031/3031 3036/3036/3036 
f 3036/3036/3036 3037/3037/3037 3032/3032/3032 
f 3036/3036/3036 3031/3031/3031 3038/3038/3038 
f 3033/3033/3033 3038/3038/3038 3031/3031/3031 
f 3038/3038/3038 3039/3039/3039 3036/3036/3036 
f 3034/3034/3034 3040/3040/3040 3033/3033/3033 
f 3038/3038/3038 3033/3033/3033 3040/3040/3040 
f 3039/3039/3039 3038/3038/3038 3041/3041/3041 
f 3040/3040/3040 3041/3041/3041 3038/3038/3038 
f 3041/3041/3041 3042/3042/3042 3039/3039/3039 
f 3040/3040/3040 3034/3034/3034 3043/3043/3043 
f 3035/3035/3035 3043/3043/3043 3034/3034/3034 
f 3043/3043/3043 3035/3035/3035 3044/3044/3044 
f 3043/3043/3043 3045/3045/3045 3040/3040/3040 
f 3041/3041/3041 3040/3040/3040 3045/3045/3045 
f 3044/3044/3044 3046/3046/3046 3043/3043/3043 
f 3045/3045/3045 3043/3043/3043 3046/3046/3046 
f 3046/3046/3046 3044/3044/3044 3047/3047/3047 
f 3047/3047/3047 3048/3048/3048 3046/3046/3046 
f 3042/3042/3042 3041/3041/3041 3049/3049/3049 
f 3045/3045/3045 3049/3049/3049 3041/3041/3041 
f 3049/3049/3049 3050/3050/3050 3042/3042/3042 
f 3046/3046/3046 3051/3051/3051 3045/3045/3045 
f 3049/3049/3049 3045/3045/3045 3051/3051/3051 
f 3051/3051/3051 3046/3046/3046 3048/3048/3048 
f 3050/3050/3050 3049/3049/3049 3052/3052/3052 
f 3051/3051/3051 3052/3052/3052 3049/3049/3049 
f 3052/3052/3052 3053/3053/3053 3050/3050/3050 
f 3048/3048/3048 3054/3054/3054 3051/3051/3051 
f 3052/3052/3052 3051/3051/3051 3054/3054/3054 
f 3054/3054/3054 3048/3048/3048 3055/3055/3055 
f 3055/3055/3055 3056/3056/3056 3054/3054/3054 
f 3054/3054/3054 3057/3057/3057 3052/3052/3052 
f 3053/3053/3053 3052/3052/3052 3057/3057/3057 
f 3057/3057/3057 3054/3054/3054 3056/3056/3056 
f 3057/3057/3057 3058/3058/3058 3053/3053/3053 
f 3056/3056/3056 3059/3059/3059 3057/3057/3057 
f 3058/3058/3058 3057/3057/3057 3059/3059/3059 
f 3059/3059/3059 3056/3056/3056 3060/3060/3060 
f 3059/3059/3059 3061/3061/3061 3058/3058/3058 
f 3060/3060/3060 3062/3062/3062 3059/3059/3059 
f 3061/3061/3061 3059/3059/3059 3062/3062/3062 
f 3062/3062/3062 3063/3063/3063 3061/3061/3061 
f 3064/3064/3064 3065/3065/3065 3066/3066/3066 
f 3066/3066/3066 3067/3067/3067 3064/3064/3064 
f 3068/3068/3068 3069/3069/3069 3070/3070/3070 
f 3070/3070/3070 3071/3071/3071 3068/3068/3068 
f 3072/3072/3072 3073/3073/3073 3074/3074/3074 
f 3074/3074/3074 3075/3075/3075 3072/3072/3072 
f 3076/3076/3076 3077/3077/3077 3078/3078/3078 
f 3078/3078/3078 3079/3079/3079 3076/3076/3076 
f 3080/3080/3080 3081/3081/3081 3055/3055/3055 
f 3055/3055/3055 3082/3082/3082 3080/3080/3080 
f 3083/3083/3083 3080/3080/3080 3082/3082/3082 
f 3056/3056/3056 3055/3055/3055 3081/3081/3081 
f 3081/3081/3081 3060/3060/3060 3056/3056/3056 
f 3082/3082/3082 3084/3084/3084 3083/3083/3083 
f 3085/3085/3085 3083/3083/3083 3084/3084/3084 
f 3082/3082/3082 3055/3055/3055 3048/3048/3048 
f 3084/3084/3084 3086/3086/3086 3085/3085/3085 
f 3087/3087/3087 3085/3085/3085 3086/3086/3086 
f 3084/3084/3084 3082/3082/3082 3047/3047/3047 
f 3048/3048/3048 3047/3047/3047 3082/3082/3082 
f 3086/3086/3086 3084/3084/3084 3088/3088/3088 
f 3047/3047/3047 3088/3088/3088 3084/3084/3084 
f 3086/3086/3086 3089/3089/3089 3087/3087/3087 
f 3090/3090/3090 3087/3087/3087 3089/3089/3089 
f 3089/3089/3089 3091/3091/3091 3090/3090/3090 
f 3089/3089/3089 3086/3086/3086 3092/3092/3092 
f 3088/3088/3088 3092/3092/3092 3086/3086/3086 
f 3091/3091/3091 3089/3089/3089 3093/3093/3093 
f 3092/3092/3092 3093/3093/3093 3089/3089/3089 
f 3093/3093/3093 3094/3094/3094 3091/3091/3091 
f 3094/3094/3094 3093/3093/3093 3095/3095/3095 
f 3095/3095/3095 3096/3096/3096 3094/3094/3094 
f 3093/3093/3093 3092/3092/3092 3097/3097/3097 
f 3097/3097/3097 3095/3095/3095 3093/3093/3093 
f 3092/3092/3092 3088/3088/3088 3098/3098/3098 
f 3098/3098/3098 3097/3097/3097 3092/3092/3092 
f 3044/3044/3044 3098/3098/3098 3088/3088/3088 
f 3088/3088/3088 3047/3047/3047 3044/3044/3044 
f 3096/3096/3096 3095/3095/3095 3099/3099/3099 
f 3099/3099/3099 3100/3100/3100 3096/3096/3096 
f 3095/3095/3095 3097/3097/3097 3101/3101/3101 
f 3101/3101/3101 3099/3099/3099 3095/3095/3095 
f 3097/3097/3097 3098/3098/3098 3102/3102/3102 
f 3102/3102/3102 3101/3101/3101 3097/3097/3097 
f 3035/3035/3035 3102/3102/3102 3098/3098/3098 
f 3098/3098/3098 3044/3044/3044 3035/3035/3035 
f 3100/3100/3100 3099/3099/3099 3103/3103/3103 
f 3103/3103/3103 3104/3104/3104 3100/3100/3100 
f 3099/3099/3099 3101/3101/3101 3105/3105/3105 
f 3105/3105/3105 3103/3103/3103 3099/3099/3099 
f 3101/3101/3101 3102/3102/3102 3106/3106/3106 
f 3106/3106/3106 3105/3105/3105 3101/3101/3101 
f 3030/3030/3030 3106/3106/3106 3102/3102/3102 
f 3102/3102/3102 3035/3035/3035 3030/3030/3030 
f 3104/3104/3104 3103/3103/3103 3107/3107/3107 
f 3107/3107/3107 3108/3108/3108 3104/3104/3104 
f 3103/3103/3103 3105/3105/3105 3109/3109/3109 
f 3109/3109/3109 3107/3107/3107 3103/3103/3103 
f 3105/3105/3105 3106/3106/3106 3022/3022/3022 
f 3022/3022/3022 3109/3109/3109 3105/3105/3105 
f 3023/3023/3023 3022/3022/3022 3106/3106/3106 
f 3106/3106/3106 3030/3030/3030 3023/3023/3023 
f 3108/3108/3108 3107/3107/3107 3110/3110/3110 
f 3110/3110/3110 3111/3111/3111 3108/3108/3108 
f 3112/3112/3112 3111/3111/3111 3110/3110/3110 
f 3110/3110/3110 3113/3113/3113 3112/3112/3112 
f 3114/3114/3114 3110/3110/3110 3107/3107/3107 
f 3113/3113/3113 3110/3110/3110 3114/3114/3114 
f 3107/3107/3107 3109/3109/3109 3114/3114/3114 
f 3114/3114/3114 3020/3020/3020 3113/3113/3113 
f 3018/3018/3018 3114/3114/3114 3109/3109/3109 
f 3020/3020/3020 3114/3114/3114 3018/3018/3018 
f 3109/3109/3109 3022/3022/3022 3018/3018/3018 
f 3115/3115/3115 3116/3116/3116 3117/3117/3117 
f 3117/3117/3117 3118/3118/3118 3115/3115/3115 
f 3119/3119/3119 3120/3120/3120 3121/3121/3121 
f 3121/3121/3121 3122/3122/3122 3119/3119/3119 
f 3123/3123/3123 3124/3124/3124 3125/3125/3125 
f 3125/3125/3125 3126/3126/3126 3123/3123/3123 
f 3125/3125/3125 3127/3127/3127 3126/3126/3126 
f 3127/3127/3127 3128/3128/3128 3126/3126/3126 
f 3127/3127/3127 3129/3129/3129 3128/3128/3128 
f 3127/3127/3127 3130/3130/3130 3129/3129/3129 
f 3130/3130/3130 3131/3131/3131 3129/3129/3129 
f 3132/3132/3132 3133/3133/3133 3134/3134/3134 
f 3134/3134/3134 3135/3135/3135 3132/3132/3132 
f 3133/3133/3133 3136/3136/3136 3134/3134/3134 
f 3133/3133/3133 3137/3137/3137 3136/3136/3136 
f 3137/3137/3137 3138/3138/3138 3136/3136/3136 
f 3138/3138/3138 3139/3139/3139 3136/3136/3136 
f 3138/3138/3138 3140/3140/3140 3139/3139/3139 
f 3141/3141/3141 3142/3142/3142 3143/3143/3143 
f 3141/3141/3141 3144/3144/3144 3145/3145/3145 
f 3146/3146/3146 3145/3145/3145 3144/3144/3144 
f 3142/3142/3142 3141/3141/3141 3147/3147/3147 
f 3145/3145/3145 3147/3147/3147 3141/3141/3141 
f 3147/3147/3147 3148/3148/3148 3142/3142/3142 
f 3145/3145/3145 3146/3146/3146 3149/3149/3149 
f 3150/3150/3150 3149/3149/3149 3146/3146/3146 
f 3147/3147/3147 3145/3145/3145 3151/3151/3151 
f 3149/3149/3149 3151/3151/3151 3145/3145/3145 
f 3148/3148/3148 3147/3147/3147 3152/3152/3152 
f 3151/3151/3151 3152/3152/3152 3147/3147/3147 
f 3152/3152/3152 3153/3153/3153 3148/3148/3148 
f 3149/3149/3149 3150/3150/3150 3154/3154/3154 
f 3155/3155/3155 3154/3154/3154 3150/3150/3150 
f 3156/3156/3156 3154/3154/3154 3155/3155/3155 
f 3154/3154/3154 3157/3157/3157 3149/3149/3149 
f 3151/3151/3151 3149/3149/3149 3157/3157/3157 
f 3154/3154/3154 3156/3156/3156 3158/3158/3158 
f 3158/3158/3158 3157/3157/3157 3154/3154/3154 
f 3159/3159/3159 3158/3158/3158 3156/3156/3156 
f 3157/3157/3157 3160/3160/3160 3151/3151/3151 
f 3152/3152/3152 3151/3151/3151 3160/3160/3160 
f 3157/3157/3157 3158/3158/3158 3161/3161/3161 
f 3161/3161/3161 3160/3160/3160 3157/3157/3157 
f 3158/3158/3158 3159/3159/3159 3162/3162/3162 
f 3162/3162/3162 3161/3161/3161 3158/3158/3158 
f 3163/3163/3163 3162/3162/3162 3159/3159/3159 
f 3162/3162/3162 3163/3163/3163 3164/3164/3164 
f 3164/3164/3164 3165/3165/3165 3162/3162/3162 
f 3161/3161/3161 3162/3162/3162 3165/3165/3165 
f 3165/3165/3165 3164/3164/3164 3166/3166/3166 
f 3166/3166/3166 3167/3167/3167 3165/3165/3165 
f 3165/3165/3165 3168/3168/3168 3161/3161/3161 
f 3168/3168/3168 3165/3165/3165 3167/3167/3167 
f 3160/3160/3160 3161/3161/3161 3168/3168/3168 
f 3167/3167/3167 3169/3169/3169 3168/3168/3168 
f 3168/3168/3168 3170/3170/3170 3160/3160/3160 
f 3170/3170/3170 3168/3168/3168 3169/3169/3169 
f 3160/3160/3160 3170/3170/3170 3152/3152/3152 
f 3169/3169/3169 3171/3171/3171 3170/3170/3170 
f 3153/3153/3153 3152/3152/3152 3170/3170/3170 
f 3170/3170/3170 3171/3171/3171 3153/3153/3153 
f 3172/3172/3172 3173/3173/3173 3174/3174/3174 
f 3173/3173/3173 3172/3172/3172 3175/3175/3175 
f 3175/3175/3175 3176/3176/3176 3173/3173/3173 
f 3174/3174/3174 3177/3177/3177 3172/3172/3172 
f 3177/3177/3177 3174/3174/3174 3178/3178/3178 
f 3179/3179/3179 3175/3175/3175 3172/3172/3172 
f 3180/3180/3180 3172/3172/3172 3177/3177/3177 
f 3172/3172/3172 3180/3180/3180 3179/3179/3179 
f 3176/3176/3176 3175/3175/3175 3181/3181/3181 
f 3181/3181/3181 3182/3182/3182 3176/3176/3176 
f 3182/3182/3182 3181/3181/3181 3183/3183/3183 
f 3183/3183/3183 3184/3184/3184 3182/3182/3182 
f 3185/3185/3185 3183/3183/3183 3181/3181/3181 
f 3186/3186/3186 3181/3181/3181 3175/3175/3175 
f 3181/3181/3181 3186/3186/3186 3185/3185/3185 
f 3175/3175/3175 3179/3179/3179 3186/3186/3186 
f 3187/3187/3187 3185/3185/3185 3186/3186/3186 
f 3186/3186/3186 3188/3188/3188 3187/3187/3187 
f 3188/3188/3188 3186/3186/3186 3179/3179/3179 
f 3189/3189/3189 3187/3187/3187 3188/3188/3188 
f 3179/3179/3179 3190/3190/3190 3188/3188/3188 
f 3190/3190/3190 3179/3179/3179 3180/3180/3180 
f 3188/3188/3188 3191/3191/3191 3189/3189/3189 
f 3191/3191/3191 3188/3188/3188 3190/3190/3190 
f 3192/3192/3192 3189/3189/3189 3191/3191/3191 
f 3191/3191/3191 3193/3193/3193 3192/3192/3192 
f 3194/3194/3194 3192/3192/3192 3193/3193/3193 
f 3190/3190/3190 3195/3195/3195 3191/3191/3191 
f 3193/3193/3193 3191/3191/3191 3195/3195/3195 
f 3193/3193/3193 3196/3196/3196 3194/3194/3194 
f 3197/3197/3197 3194/3194/3194 3196/3196/3196 
f 3196/3196/3196 3198/3198/3198 3197/3197/3197 
f 3196/3196/3196 3193/3193/3193 3199/3199/3199 
f 3195/3195/3195 3199/3199/3199 3193/3193/3193 
f 3198/3198/3198 3196/3196/3196 3200/3200/3200 
f 3199/3199/3199 3200/3200/3200 3196/3196/3196 
f 3200/3200/3200 3201/3201/3201 3198/3198/3198 
f 3201/3201/3201 3200/3200/3200 3202/3202/3202 
f 3202/3202/3202 3203/3203/3203 3201/3201/3201 
f 3200/3200/3200 3199/3199/3199 3204/3204/3204 
f 3204/3204/3204 3202/3202/3202 3200/3200/3200 
f 3199/3199/3199 3195/3195/3195 3205/3205/3205 
f 3205/3205/3205 3204/3204/3204 3199/3199/3199 
f 3195/3195/3195 3190/3190/3190 3206/3206/3206 
f 3206/3206/3206 3205/3205/3205 3195/3195/3195 
f 3180/3180/3180 3206/3206/3206 3190/3190/3190 
f 3203/3203/3203 3202/3202/3202 3207/3207/3207 
f 3207/3207/3207 3208/3208/3208 3203/3203/3203 
f 3202/3202/3202 3204/3204/3204 3209/3209/3209 
f 3209/3209/3209 3207/3207/3207 3202/3202/3202 
f 3204/3204/3204 3205/3205/3205 3210/3210/3210 
f 3210/3210/3210 3209/3209/3209 3204/3204/3204 
f 3205/3205/3205 3206/3206/3206 3211/3211/3211 
f 3211/3211/3211 3210/3210/3210 3205/3205/3205 
f 3206/3206/3206 3180/3180/3180 3212/3212/3212 
f 3212/3212/3212 3211/3211/3211 3206/3206/3206 
f 3177/3177/3177 3212/3212/3212 3180/3180/3180 
f 3212/3212/3212 3177/3177/3177 3213/3213/3213 
f 3178/3178/3178 3213/3213/3213 3177/3177/3177 
f 3211/3211/3211 3212/3212/3212 3214/3214/3214 
f 3213/3213/3213 3214/3214/3214 3212/3212/3212 
f 3215/3215/3215 3213/3213/3213 3178/3178/3178 
f 3214/3214/3214 3213/3213/3213 3215/3215/3215 
f 3178/3178/3178 3216/3216/3216 3215/3215/3215 
f 3214/3214/3214 3217/3217/3217 3211/3211/3211 
f 3210/3210/3210 3211/3211/3211 3217/3217/3217 
f 3215/3215/3215 3218/3218/3218 3214/3214/3214 
f 3217/3217/3217 3219/3219/3219 3210/3210/3210 
f 3209/3209/3209 3210/3210/3210 3219/3219/3219 
f 3220/3220/3220 3217/3217/3217 3214/3214/3214 
f 3214/3214/3214 3218/3218/3218 3220/3220/3220 
f 3221/3221/3221 3219/3219/3219 3217/3217/3217 
f 3217/3217/3217 3220/3220/3220 3221/3221/3221 
f 3219/3219/3219 3222/3222/3222 3209/3209/3209 
f 3207/3207/3207 3209/3209/3209 3222/3222/3222 
f 3219/3219/3219 3221/3221/3221 3223/3223/3223 
f 3223/3223/3223 3222/3222/3222 3219/3219/3219 
f 3222/3222/3222 3224/3224/3224 3207/3207/3207 
f 3208/3208/3208 3207/3207/3207 3224/3224/3224 
f 3224/3224/3224 3225/3225/3225 3208/3208/3208 
f 3226/3226/3226 3225/3225/3225 3224/3224/3224 
f 3227/3227/3227 3224/3224/3224 3222/3222/3222 
f 3224/3224/3224 3227/3227/3227 3226/3226/3226 
f 3222/3222/3222 3223/3223/3223 3227/3227/3227 
f 3228/3228/3228 3226/3226/3226 3227/3227/3227 
f 3227/3227/3227 3229/3229/3229 3228/3228/3228 
f 3229/3229/3229 3227/3227/3227 3223/3223/3223 
f 3230/3230/3230 3228/3228/3228 3229/3229/3229 
f 3229/3229/3229 3231/3231/3231 3230/3230/3230 
f 3223/3223/3223 3232/3232/3232 3229/3229/3229 
f 3231/3231/3231 3229/3229/3229 3232/3232/3232 
f 3232/3232/3232 3223/3223/3223 3221/3221/3221 
f 3232/3232/3232 3233/3233/3233 3231/3231/3231 
f 3221/3221/3221 3234/3234/3234 3232/3232/3232 
f 3233/3233/3233 3232/3232/3232 3234/3234/3234 
f 3234/3234/3234 3221/3221/3221 3220/3220/3220 
f 3234/3234/3234 3235/3235/3235 3233/3233/3233 
f 3220/3220/3220 3236/3236/3236 3234/3234/3234 
f 3235/3235/3235 3234/3234/3234 3236/3236/3236 
f 3236/3236/3236 3220/3220/3220 3218/3218/3218 
f 3236/3236/3236 3237/3237/3237 3235/3235/3235 
f 3218/3218/3218 3238/3238/3238 3236/3236/3236 
f 3237/3237/3237 3236/3236/3236 3238/3238/3238 
f 3238/3238/3238 3218/3218/3218 3215/3215/3215 
f 3238/3238/3238 3239/3239/3239 3237/3237/3237 
f 3215/3215/3215 3240/3240/3240 3238/3238/3238 
f 3239/3239/3239 3238/3238/3238 3240/3240/3240 
f 3240/3240/3240 3215/3215/3215 3216/3216/3216 
f 3240/3240/3240 3241/3241/3241 3239/3239/3239 
f 3216/3216/3216 3242/3242/3242 3240/3240/3240 
f 3241/3241/3241 3240/3240/3240 3242/3242/3242 
f 3242/3242/3242 3243/3243/3243 3241/3241/3241 
f 3244/3244/3244 3245/3245/3245 3246/3246/3246 
f 3246/3246/3246 3247/3247/3247 3244/3244/3244 
f 3248/3248/3248 3246/3246/3246 3245/3245/3245 
f 3249/3249/3249 3244/3244/3244 3247/3247/3247 
f 3245/3245/3245 3250/3250/3250 3248/3248/3248 
f 3247/3247/3247 3251/3251/3251 3249/3249/3249 
f 3252/3252/3252 3248/3248/3248 3250/3250/3250 
f 3253/3253/3253 3249/3249/3249 3251/3251/3251 
f 3250/3250/3250 3254/3254/3254 3252/3252/3252 
f 3251/3251/3251 3255/3255/3255 3253/3253/3253 
f 3256/3256/3256 3252/3252/3252 3254/3254/3254 
f 3257/3257/3257 3253/3253/3253 3255/3255/3255 
f 3254/3254/3254 3258/3258/3258 3256/3256/3256 
f 3255/3255/3255 3259/3259/3259 3257/3257/3257 
f 3260/3260/3260 3256/3256/3256 3258/3258/3258 
f 3261/3261/3261 3257/3257/3257 3259/3259/3259 
f 3258/3258/3258 3262/3262/3262 3260/3260/3260 
f 3259/3259/3259 3263/3263/3263 3261/3261/3261 
f 3264/3264/3264 3260/3260/3260 3262/3262/3262 
f 3265/3265/3265 3261/3261/3261 3263/3263/3263 
f 3262/3262/3262 3266/3266/3266 3264/3264/3264 
f 3263/3263/3263 3267/3267/3267 3265/3265/3265 
f 3268/3268/3268 3264/3264/3264 3266/3266/3266 
f 3269/3269/3269 3265/3265/3265 3267/3267/3267 
f 3266/3266/3266 3270/3270/3270 3268/3268/3268 
f 3267/3267/3267 3271/3271/3271 3269/3269/3269 
f 3272/3272/3272 3268/3268/3268 3270/3270/3270 
f 3273/3273/3273 3269/3269/3269 3271/3271/3271 
f 3270/3270/3270 3274/3274/3274 3272/3272/3272 
f 3271/3271/3271 3275/3275/3275 3273/3273/3273 
f 3276/3276/3276 3272/3272/3272 3274/3274/3274 
f 3277/3277/3277 3273/3273/3273 3275/3275/3275 
f 3274/3274/3274 3278/3278/3278 3276/3276/3276 
f 3275/3275/3275 3279/3279/3279 3277/3277/3277 
f 3280/3280/3280 3276/3276/3276 3278/3278/3278 
f 3281/3281/3281 3277/3277/3277 3279/3279/3279 
f 3278/3278/3278 3282/3282/3282 3280/3280/3280 
f 3279/3279/3279 3283/3283/3283 3281/3281/3281 
f 3284/3284/3284 3280/3280/3280 3282/3282/3282 
f 3285/3285/3285 3281/3281/3281 3283/3283/3283 
f 3282/3282/3282 3286/3286/3286 3284/3284/3284 
f 3283/3283/3283 3287/3287/3287 3285/3285/3285 
f 3287/3287/3287 3284/3284/3284 3286/3286/3286 
f 3286/3286/3286 3285/3285/3285 3287/3287/3287 
f 3288/3288/3288 3289/3289/3289 3290/3290/3290 
f 3290/3290/3290 3291/3291/3291 3288/3288/3288 
f 3289/3289/3289 3288/3288/3288 3292/3292/3292 
f 3292/3292/3292 3293/3293/3293 3289/3289/3289 
f 3294/3294/3294 3288/3288/3288 3291/3291/3291 
f 3291/3291/3291 3295/3295/3295 3294/3294/3294 
f 3294/3294/3294 3295/3295/3295 3296/3296/3296 
f 3288/3288/3288 3294/3294/3294 3297/3297/3297 
f 3297/3297/3297 3292/3292/3292 3288/3288/3288 
f 3296/3296/3296 3298/3298/3298 3294/3294/3294 
f 3297/3297/3297 3294/3294/3294 3298/3298/3298 
f 3298/3298/3298 3296/3296/3296 3299/3299/3299 
f 3292/3292/3292 3297/3297/3297 3155/3155/3155 
f 3293/3293/3293 3292/3292/3292 3300/3300/3300 
f 3155/3155/3155 3300/3300/3300 3292/3292/3292 
f 3300/3300/3300 3301/3301/3301 3293/3293/3293 
f 3299/3299/3299 3159/3159/3159 3298/3298/3298 
f 3159/3159/3159 3299/3299/3299 3163/3163/3163 
f 3298/3298/3298 3156/3156/3156 3297/3297/3297 
f 3156/3156/3156 3298/3298/3298 3159/3159/3159 
f 3155/3155/3155 3297/3297/3297 3156/3156/3156 
f 3301/3301/3301 3300/3300/3300 3302/3302/3302 
f 3302/3302/3302 3303/3303/3303 3301/3301/3301 
f 3300/3300/3300 3155/3155/3155 3304/3304/3304 
f 3304/3304/3304 3302/3302/3302 3300/3300/3300 
f 3303/3303/3303 3302/3302/3302 3305/3305/3305 
f 3305/3305/3305 3306/3306/3306 3303/3303/3303 
f 3302/3302/3302 3304/3304/3304 3307/3307/3307 
f 3307/3307/3307 3305/3305/3305 3302/3302/3302 
f 3306/3306/3306 3305/3305/3305 3308/3308/3308 
f 3308/3308/3308 3309/3309/3309 3306/3306/3306 
f 3305/3305/3305 3307/3307/3307 3310/3310/3310 
f 3310/3310/3310 3308/3308/3308 3305/3305/3305 
f 3309/3309/3309 3308/3308/3308 3311/3311/3311 
f 3311/3311/3311 3312/3312/3312 3309/3309/3309 
f 3312/3312/3312 3311/3311/3311 3313/3313/3313 
f 3313/3313/3313 3314/3314/3314 3312/3312/3312 
f 3315/3315/3315 3313/3313/3313 3311/3311/3311 
f 3316/3316/3316 3311/3311/3311 3308/3308/3308 
f 3311/3311/3311 3316/3316/3316 3315/3315/3315 
f 3308/3308/3308 3310/3310/3310 3316/3316/3316 
f 3317/3317/3317 3315/3315/3315 3316/3316/3316 
f 3316/3316/3316 3318/3318/3318 3317/3317/3317 
f 3318/3318/3318 3316/3316/3316 3310/3310/3310 
f 3319/3319/3319 3317/3317/3317 3318/3318/3318 
f 3310/3310/3310 3320/3320/3320 3318/3318/3318 
f 3320/3320/3320 3310/3310/3310 3307/3307/3307 
f 3318/3318/3318 3321/3321/3321 3319/3319/3319 
f 3321/3321/3321 3318/3318/3318 3320/3320/3320 
f 3322/3322/3322 3319/3319/3319 3321/3321/3321 
f 3307/3307/3307 3323/3323/3323 3320/3320/3320 
f 3323/3323/3323 3307/3307/3307 3304/3304/3304 
f 3320/3320/3320 3324/3324/3324 3321/3321/3321 
f 3324/3324/3324 3320/3320/3320 3323/3323/3323 
f 3321/3321/3321 3325/3325/3325 3322/3322/3322 
f 3325/3325/3325 3321/3321/3321 3324/3324/3324 
f 3326/3326/3326 3322/3322/3322 3325/3325/3325 
f 3304/3304/3304 3150/3150/3150 3323/3323/3323 
f 3150/3150/3150 3304/3304/3304 3155/3155/3155 
f 3323/3323/3323 3146/3146/3146 3324/3324/3324 
f 3146/3146/3146 3323/3323/3323 3150/3150/3150 
f 3324/3324/3324 3144/3144/3144 3325/3325/3325 
f 3144/3144/3144 3324/3324/3324 3146/3146/3146 
f 3325/3325/3325 3327/3327/3327 3326/3326/3326 
f 3327/3327/3327 3325/3325/3325 3144/3144/3144 
f 3328/3328/3328 3326/3326/3326 3327/3327/3327 
f 3327/3327/3327 3143/3143/3143 3328/3328/3328 
f 3143/3143/3143 3327/3327/3327 3141/3141/3141 
f 3144/3144/3144 3141/3141/3141 3327/3327/3327 
f 3329/3329/3329 3330/3330/3330 3331/3331/3331 
f 3330/3330/3330 3329/3329/3329 3332/3332/3332 
f 3331/3331/3331 3333/3333/3333 3329/3329/3329 
f 3333/3333/3333 3331/3331/3331 3334/3334/3334 
f 3334/3334/3334 3335/3335/3335 3333/3333/3333 
f 3332/3332/3332 3336/3336/3336 3330/3330/3330 
f 3336/3336/3336 3332/3332/3332 3337/3337/3337 
f 3337/3337/3337 3338/3338/3338 3336/3336/3336 
f 3338/3338/3338 3337/3337/3337 3339/3339/3339 
f 3339/3339/3339 3340/3340/3340 3338/3338/3338 
f 3340/3340/3340 3339/3339/3339 3341/3341/3341 
f 3341/3341/3341 3342/3342/3342 3340/3340/3340 
f 3342/3342/3342 3341/3341/3341 3343/3343/3343 
f 3343/3343/3343 3344/3344/3344 3342/3342/3342 
f 3344/3344/3344 3343/3343/3343 3345/3345/3345 
f 3345/3345/3345 3346/3346/3346 3344/3344/3344 
f 3347/3347/3347 3346/3346/3346 3345/3345/3345 
f 3345/3345/3345 3348/3348/3348 3347/3347/3347 
f 3349/3349/3349 3347/3347/3347 3348/3348/3348 
f 3348/3348/3348 3350/3350/3350 3349/3349/3349 
f 3351/3351/3351 3352/3352/3352 3353/3353/3353 
f 3353/3353/3353 3354/3354/3354 3351/3351/3351 
f 3355/3355/3355 3353/3353/3353 3352/3352/3352 
f 3356/3356/3356 3351/3351/3351 3354/3354/3354 
f 3352/3352/3352 3357/3357/3357 3355/3355/3355 
f 3354/3354/3354 3358/3358/3358 3356/3356/3356 
f 3359/3359/3359 3355/3355/3355 3357/3357/3357 
f 3360/3360/3360 3356/3356/3356 3358/3358/3358 
f 3357/3357/3357 3361/3361/3361 3359/3359/3359 
f 3362/3362/3362 3359/3359/3359 3361/3361/3361 
f 3361/3361/3361 3363/3363/3363 3362/3362/3362 
f 3358/3358/3358 3364/3364/3364 3360/3360/3360 
f 3365/3365/3365 3360/3360/3360 3364/3364/3364 
f 3364/3364/3364 3366/3366/3366 3365/3365/3365 
f 3367/3367/3367 3365/3365/3365 3366/3366/3366 
f 3366/3366/3366 3368/3368/3368 3367/3367/3367 
f 3369/3369/3369 3370/3370/3370 3371/3371/3371 
f 3371/3371/3371 3372/3372/3372 3369/3369/3369 
f 3373/3373/3373 3371/3371/3371 3370/3370/3370 
f 3374/3374/3374 3369/3369/3369 3372/3372/3372 
f 3370/3370/3370 3375/3375/3375 3373/3373/3373 
f 3372/3372/3372 3376/3376/3376 3374/3374/3374 
f 3373/3373/3373 3375/3375/3375 3377/3377/3377 
f 3378/3378/3378 3374/3374/3374 3376/3376/3376 
f 3377/3377/3377 3379/3379/3379 3373/3373/3373 
f 3379/3379/3379 3377/3377/3377 3380/3380/3380 
f 3380/3380/3380 3381/3381/3381 3379/3379/3379 
f 3376/3376/3376 3382/3382/3382 3378/3378/3378 
f 3383/3383/3383 3378/3378/3378 3382/3382/3382 
f 3382/3382/3382 3384/3384/3384 3383/3383/3383 
f 3385/3385/3385 3383/3383/3383 3384/3384/3384 
f 3384/3384/3384 3386/3386/3386 3385/3385/3385 
f 3387/3387/3387 3386/3386/3386 3388/3388/3388 
f 3388/3388/3388 3389/3389/3389 3387/3387/3387 
f 3390/3390/3390 3391/3391/3391 3381/3381/3381 
f 3381/3381/3381 3392/3392/3392 3390/3390/3390 
f 3393/3393/3393 3394/3394/3394 3395/3395/3395 
f 3395/3395/3395 3396/3396/3396 3393/3393/3393 
f 3396/3396/3396 3395/3395/3395 3397/3397/3397 
f 3397/3397/3397 3398/3398/3398 3396/3396/3396 
f 3399/3399/3399 3397/3397/3397 3395/3395/3395 
f 3400/3400/3400 3395/3395/3395 3394/3394/3394 
f 3395/3395/3395 3400/3400/3400 3399/3399/3399 
f 3394/3394/3394 3401/3401/3401 3400/3400/3400 
f 3402/3402/3402 3399/3399/3399 3400/3400/3400 
f 3403/3403/3403 3400/3400/3400 3401/3401/3401 
f 3400/3400/3400 3403/3403/3403 3402/3402/3402 
f 3401/3401/3401 3404/3404/3404 3403/3403/3403 
f 3405/3405/3405 3402/3402/3402 3403/3403/3403 
f 3406/3406/3406 3403/3403/3403 3404/3404/3404 
f 3403/3403/3403 3406/3406/3406 3405/3405/3405 
f 3404/3404/3404 3407/3407/3407 3406/3406/3406 
f 3408/3408/3408 3405/3405/3405 3406/3406/3406 
f 3409/3409/3409 3406/3406/3406 3407/3407/3407 
f 3406/3406/3406 3409/3409/3409 3408/3408/3408 
f 3407/3407/3407 3410/3410/3410 3409/3409/3409 
f 3411/3411/3411 3408/3408/3408 3409/3409/3409 
f 3412/3412/3412 3409/3409/3409 3410/3410/3410 
f 3409/3409/3409 3412/3412/3412 3411/3411/3411 
f 3410/3410/3410 3413/3413/3413 3412/3412/3412 
f 3414/3414/3414 3411/3411/3411 3412/3412/3412 
f 3415/3415/3415 3412/3412/3412 3413/3413/3413 
f 3412/3412/3412 3415/3415/3415 3414/3414/3414 
f 3416/3416/3416 3414/3414/3414 3415/3415/3415 
f 3413/3413/3413 3417/3417/3417 3415/3415/3415 
f 3415/3415/3415 3418/3418/3418 3416/3416/3416 
f 3418/3418/3418 3415/3415/3415 3417/3417/3417 
f 3417/3417/3417 3419/3419/3419 3418/3418/3418 
f 3420/3420/3420 3421/3421/3421 3422/3422/3422 
f 3421/3421/3421 3420/3420/3420 3423/3423/3423 
f 3422/3422/3422 3424/3424/3424 3420/3420/3420 
f 3423/3423/3423 3425/3425/3425 3421/3421/3421 
f 3424/3424/3424 3422/3422/3422 3426/3426/3426 
f 3425/3425/3425 3423/3423/3423 3427/3427/3427 
f 3426/3426/3426 3428/3428/3428 3424/3424/3424 
f 3427/3427/3427 3429/3429/3429 3425/3425/3425 
f 3428/3428/3428 3426/3426/3426 3430/3430/3430 
f 3431/3431/3431 3429/3429/3429 3427/3427/3427 
f 3430/3430/3430 3432/3432/3432 3428/3428/3428 
f 3427/3427/3427 3433/3433/3433 3431/3431/3431 
f 3431/3431/3431 3433/3433/3433 3434/3434/3434 
f 3434/3434/3434 3435/3435/3435 3431/3431/3431 
f 3436/3436/3436 3432/3432/3432 3430/3430/3430 
f 3430/3430/3430 3437/3437/3437 3436/3436/3436 
f 3436/3436/3436 3437/3437/3437 3438/3438/3438 
f 3438/3438/3438 3439/3439/3439 3436/3436/3436 
f 3440/3440/3440 3439/3439/3439 3438/3438/3438 
f 3438/3438/3438 3441/3441/3441 3440/3440/3440 

g Handle1

v 1.07341 5.39146 1.88443 
v 1.05294 5.75268 1.95223 
v 1.13513 5.71952 1.71077 
v 1.07341 5.39146 1.88443 
v 1.13513 5.71952 1.71077 
v 1.15946 5.35612 1.6997 
v 1.13513 5.71952 1.71077 
v 1.05294 5.75268 1.95223 
v 1.07496 5.97685 1.95514 
v 1.13513 5.71952 1.71077 
v 1.07496 5.97685 1.95514 
v 1.13611 5.95934 1.70992 
v 1.23321 6.19222 1.69844 
v 1.19249 6.19453 1.94152 
v 1.43343 6.31067 1.89609 
v 1.23321 6.19222 1.69844 
v 1.43343 6.31067 1.89609 
v 1.44927 6.30415 1.65267 
v 1.98862 6.36158 1.77181 
v 1.98466 6.31796 1.543 
v 1.66572 6.34953 1.60938 
v 1.98862 6.36158 1.77181 
v 1.66572 6.34953 1.60938 
v 1.66887 6.35928 1.85305 
v 2.10939 6.2743 1.72 
v 2.10104 6.21764 1.51493 
v 1.98466 6.31796 1.543 
v 2.10939 6.2743 1.72 
v 1.98466 6.31796 1.543 
v 1.98862 6.36158 1.77181 
v 1.22189 5.39087 1.88925 
v 1.30794 5.35552 1.73046 
v 1.28394 5.71059 1.72826 
v 1.22189 5.39087 1.88925 
v 1.28394 5.71059 1.72826 
v 1.20175 5.74375 1.9588 
v 1.28394 5.71059 1.72826 
v 1.28385 5.88105 1.72572 
v 1.22269 5.89856 1.97043 
v 1.28394 5.71059 1.72826 
v 1.22269 5.89856 1.97043 
v 1.20175 5.74375 1.9588 
v 1.34351 6.04658 1.7126 
v 1.51504 6.13656 1.66752 
v 1.47945 6.14308 1.91508 
v 1.34351 6.04658 1.7126 
v 1.47945 6.14308 1.91508 
v 1.30278 6.04889 1.96527 
v 1.92162 6.16061 1.77942 
v 1.67659 6.17496 1.86842 
v 1.70827 6.16521 1.62475 
v 1.92162 6.16061 1.77942 
v 1.70827 6.16521 1.62475 
v 1.95616 6.14607 1.55061 
v 2.11701 6.14895 1.70085 
v 1.92162 6.16061 1.77942 
v 1.95616 6.14607 1.55061 
v 2.11701 6.14895 1.70085 
v 1.95616 6.14607 1.55061 
v 2.11643 6.12266 1.4997 
v 1.22189 5.39087 1.88925 
v 1.20175 5.74375 1.9588 
v 1.05294 5.75268 1.95223 
v 1.22189 5.39087 1.88925 
v 1.05294 5.75268 1.95223 
v 1.07341 5.39146 1.88443 
v 1.28394 5.71059 1.72826 
v 1.30794 5.35552 1.73046 
v 1.15946 5.35612 1.6997 
v 1.28394 5.71059 1.72826 
v 1.15946 5.35612 1.6997 
v 1.13513 5.71952 1.71077 
v 1.30794 5.35552 1.73046 
v 1.22189 5.39087 1.88925 
v 1.07341 5.39146 1.88443 
v 1.30794 5.35552 1.73046 
v 1.07341 5.39146 1.88443 
v 1.15946 5.35612 1.6997 
v 1.20175 5.74375 1.9588 
v 1.22269 5.89856 1.97043 
v 1.07496 5.97685 1.95514 
v 1.20175 5.74375 1.9588 
v 1.07496 5.97685 1.95514 
v 1.05294 5.75268 1.95223 
v 1.28385 5.88105 1.72572 
v 1.28394 5.71059 1.72826 
v 1.13513 5.71952 1.71077 
v 1.28385 5.88105 1.72572 
v 1.13513 5.71952 1.71077 
v 1.13611 5.95934 1.70992 
v 1.30278 6.04889 1.96527 
v 1.47945 6.14308 1.91508 
v 1.43343 6.31067 1.89609 
v 1.30278 6.04889 1.96527 
v 1.43343 6.31067 1.89609 
v 1.19249 6.19453 1.94152 
v 1.51504 6.13656 1.66752 
v 1.34351 6.04658 1.7126 
v 1.23321 6.19222 1.69844 
v 1.51504 6.13656 1.66752 
v 1.23321 6.19222 1.69844 
v 1.44927 6.30415 1.65267 
v 1.95616 6.14607 1.55061 
v 1.70827 6.16521 1.62475 
v 1.66572 6.34953 1.60938 
v 1.95616 6.14607 1.55061 
v 1.66572 6.34953 1.60938 
v 1.98466 6.31796 1.543 
v 1.67659 6.17496 1.86842 
v 1.92162 6.16061 1.77942 
v 1.98862 6.36158 1.77181 
v 1.67659 6.17496 1.86842 
v 1.98862 6.36158 1.77181 
v 1.66887 6.35928 1.85305 
v 2.11643 6.12266 1.4997 
v 1.95616 6.14607 1.55061 
v 1.98466 6.31796 1.543 
v 2.11643 6.12266 1.4997 
v 1.98466 6.31796 1.543 
v 2.10104 6.21764 1.51493 
v 1.92162 6.16061 1.77942 
v 2.11701 6.14895 1.70085 
v 2.10939 6.2743 1.72 
v 1.92162 6.16061 1.77942 
v 2.10939 6.2743 1.72 
v 1.98862 6.36158 1.77181 
v 2.11701 6.14895 1.70085 
v 2.11643 6.12266 1.4997 
v 2.10104 6.21764 1.51493 
v 2.11701 6.14895 1.70085 
v 2.10104 6.21764 1.51493 
v 2.10939 6.2743 1.72 
v 1.70827 6.16521 1.62475 
v 1.51504 6.13656 1.66752 
v 1.44927 6.30415 1.65267 
v 1.70827 6.16521 1.62475 
v 1.44927 6.30415 1.65267 
v 1.66572 6.34953 1.60938 
v 1.47945 6.14308 1.91508 
v 1.51504 6.13656 1.66752 
v 1.70827 6.16521 1.62475 
v 1.47945 6.14308 1.91508 
v 1.70827 6.16521 1.62475 
v 1.67659 6.17496 1.86842 
v 1.43343 6.31067 1.89609 
v 1.47945 6.14308 1.91508 
v 1.67659 6.17496 1.86842 
v 1.43343 6.31067 1.89609 
v 1.67659 6.17496 1.86842 
v 1.66887 6.35928 1.85305 
v 1.44927 6.30415 1.65267 
v 1.43343 6.31067 1.89609 
v 1.66887 6.35928 1.85305 
v 1.44927 6.30415 1.65267 
v 1.66887 6.35928 1.85305 
v 1.66572 6.34953 1.60938 
v 1.34351 6.04658 1.7126 
v 1.28385 5.88105 1.72572 
v 1.13611 5.95934 1.70992 
v 1.34351 6.04658 1.7126 
v 1.13611 5.95934 1.70992 
v 1.23321 6.19222 1.69844 
v 1.22269 5.89856 1.97043 
v 1.28385 5.88105 1.72572 
v 1.34351 6.04658 1.7126 
v 1.22269 5.89856 1.97043 
v 1.34351 6.04658 1.7126 
v 1.30278 6.04889 1.96527 
v 1.07496 5.97685 1.95514 
v 1.22269 5.89856 1.97043 
v 1.30278 6.04889 1.96527 
v 1.07496 5.97685 1.95514 
v 1.30278 6.04889 1.96527 
v 1.19249 6.19453 1.94152 
v 1.13611 5.95934 1.70992 
v 1.07496 5.97685 1.95514 
v 1.19249 6.19453 1.94152 
v 1.13611 5.95934 1.70992 
v 1.19249 6.19453 1.94152 
v 1.23321 6.19222 1.69844 
v 2.08259 6.2201 1.47934 
v 2.11643 6.12266 1.4997 
v 2.12494 6.07636 1.39468 
v 2.08259 6.2201 1.47934 
v 2.12494 6.07636 1.39468 
v 2.09215 6.16882 1.34884 
v 1.68434 6.30471 1.41525 
v 1.85753 6.3321 1.44313 
v 1.88621 6.27308 1.24182 
v 1.68434 6.30471 1.41525 
v 1.88621 6.27308 1.24182 
v 1.73714 6.24298 1.19171 
v 1.33096 6.04129 1.34534 
v 1.52861 6.23652 1.38582 
v 1.61837 6.17837 1.16505 
v 1.33096 6.04129 1.34534 
v 1.61837 6.17837 1.16505 
v 1.44493 5.99361 1.14217 
v 1.18119 5.653 1.35204 
v 1.22422 5.83242 1.34054 
v 1.35125 5.80173 1.13552 
v 1.18119 5.653 1.35204 
v 1.35125 5.80173 1.13552 
v 1.31738 5.63396 1.14895 
v 1.18879 5.51341 1.38239 
v 1.18119 5.653 1.35204 
v 1.31738 5.63396 1.14895 
v 1.18879 5.51341 1.38239 
v 1.31738 5.63396 1.14895 
v 1.31723 5.43239 1.20843 
v 1.9647 6.13727 1.49604 
v 1.97546 6.15506 1.32288 
v 2.12494 6.07636 1.39468 
v 1.9647 6.13727 1.49604 
v 2.12494 6.07636 1.39468 
v 2.11643 6.12266 1.4997 
v 1.72671 6.12962 1.47227 
v 1.7795 6.11738 1.24873 
v 1.89195 6.15889 1.28506 
v 1.72671 6.12962 1.47227 
v 1.89195 6.15889 1.28506 
v 1.86327 6.14312 1.48636 
v 1.45001 5.94636 1.40523 
v 1.52315 5.92023 1.20995 
v 1.67292 6.07327 1.22516 
v 1.45001 5.94636 1.40523 
v 1.67292 6.07327 1.22516 
v 1.58317 6.08193 1.44592 
v 1.31625 5.64961 1.41617 
v 1.41125 5.63057 1.22632 
v 1.43902 5.76363 1.20147 
v 1.31625 5.64961 1.41617 
v 1.43902 5.76363 1.20147 
v 1.35324 5.77267 1.40649 
v 1.32673 5.53222 1.43901 
v 1.41397 5.4512 1.28527 
v 1.41125 5.63057 1.22632 
v 1.32673 5.53222 1.43901 
v 1.41125 5.63057 1.22632 
v 1.31625 5.64961 1.41617 
v 1.9647 6.13727 1.49604 
v 2.11643 6.12266 1.4997 
v 2.08259 6.2201 1.47934 
v 1.9647 6.13727 1.49604 
v 2.08259 6.2201 1.47934 
v 1.98616 6.31778 1.46304 
v 2.12494 6.07636 1.39468 
v 1.97546 6.15506 1.32288 
v 1.99692 6.26079 1.28989 
v 2.12494 6.07636 1.39468 
v 1.99692 6.26079 1.28989 
v 2.09215 6.16882 1.34884 
v 1.72671 6.12962 1.47227 
v 1.86327 6.14312 1.48636 
v 1.85753 6.3321 1.44313 
v 1.72671 6.12962 1.47227 
v 1.85753 6.3321 1.44313 
v 1.68434 6.30471 1.41525 
v 1.89195 6.15889 1.28506 
v 1.7795 6.11738 1.24873 
v 1.73714 6.24298 1.19171 
v 1.89195 6.15889 1.28506 
v 1.73714 6.24298 1.19171 
v 1.88621 6.27308 1.24182 
v 1.45001 5.94636 1.40523 
v 1.58317 6.08193 1.44592 
v 1.52861 6.23652 1.38582 
v 1.45001 5.94636 1.40523 
v 1.52861 6.23652 1.38582 
v 1.33096 6.04129 1.34534 
v 1.67292 6.07327 1.22516 
v 1.52315 5.92023 1.20995 
v 1.44493 5.99361 1.14217 
v 1.67292 6.07327 1.22516 
v 1.44493 5.99361 1.14217 
v 1.61837 6.17837 1.16505 
v 1.31625 5.64961 1.41617 
v 1.35324 5.77267 1.40649 
v 1.22422 5.83242 1.34054 
v 1.31625 5.64961 1.41617 
v 1.22422 5.83242 1.34054 
v 1.18119 5.653 1.35204 
v 1.43902 5.76363 1.20147 
v 1.41125 5.63057 1.22632 
v 1.31738 5.63396 1.14895 
v 1.43902 5.76363 1.20147 
v 1.31738 5.63396 1.14895 
v 1.35125 5.80173 1.13552 
v 1.32673 5.53222 1.43901 
v 1.31625 5.64961 1.41617 
v 1.18119 5.653 1.35204 
v 1.32673 5.53222 1.43901 
v 1.18119 5.653 1.35204 
v 1.18879 5.51341 1.38239 
v 1.41125 5.63057 1.22632 
v 1.41397 5.4512 1.28527 
v 1.31723 5.43239 1.20843 
v 1.41125 5.63057 1.22632 
v 1.31723 5.43239 1.20843 
v 1.31738 5.63396 1.14895 
v 1.41397 5.4512 1.28527 
v 1.32673 5.53222 1.43901 
v 1.18879 5.51341 1.38239 
v 1.41397 5.4512 1.28527 
v 1.18879 5.51341 1.38239 
v 1.31723 5.43239 1.20843 
v 1.98616 6.31778 1.46304 
v 2.08259 6.2201 1.47934 
v 2.09215 6.16882 1.34884 
v 1.98616 6.31778 1.46304 
v 2.09215 6.16882 1.34884 
v 1.99692 6.26079 1.28989 
v 1.97546 6.15506 1.32288 
v 1.89195 6.15889 1.28506 
v 1.88621 6.27308 1.24182 
v 1.97546 6.15506 1.32288 
v 1.88621 6.27308 1.24182 
v 1.99692 6.26079 1.28989 
v 1.86327 6.14312 1.48636 
v 1.89195 6.15889 1.28506 
v 1.97546 6.15506 1.32288 
v 1.86327 6.14312 1.48636 
v 1.97546 6.15506 1.32288 
v 1.9647 6.13727 1.49604 
v 1.85753 6.3321 1.44313 
v 1.86327 6.14312 1.48636 
v 1.9647 6.13727 1.49604 
v 1.85753 6.3321 1.44313 
v 1.9647 6.13727 1.49604 
v 1.98616 6.31778 1.46304 
v 1.88621 6.27308 1.24182 
v 1.85753 6.3321 1.44313 
v 1.98616 6.31778 1.46304 
v 1.88621 6.27308 1.24182 
v 1.98616 6.31778 1.46304 
v 1.99692 6.26079 1.28989 
v 1.7795 6.11738 1.24873 
v 1.67292 6.07327 1.22516 
v 1.61837 6.17837 1.16505 
v 1.7795 6.11738 1.24873 
v 1.61837 6.17837 1.16505 
v 1.73714 6.24298 1.19171 
v 1.58317 6.08193 1.44592 
v 1.67292 6.07327 1.22516 
v 1.7795 6.11738 1.24873 
v 1.58317 6.08193 1.44592 
v 1.7795 6.11738 1.24873 
v 1.72671 6.12962 1.47227 
v 1.52861 6.23652 1.38582 
v 1.58317 6.08193 1.44592 
v 1.72671 6.12962 1.47227 
v 1.52861 6.23652 1.38582 
v 1.72671 6.12962 1.47227 
v 1.68434 6.30471 1.41525 
v 1.61837 6.17837 1.16505 
v 1.52861 6.23652 1.38582 
v 1.68434 6.30471 1.41525 
v 1.61837 6.17837 1.16505 
v 1.68434 6.30471 1.41525 
v 1.73714 6.24298 1.19171 
v 1.52315 5.92023 1.20995 
v 1.43902 5.76363 1.20147 
v 1.35125 5.80173 1.13552 
v 1.52315 5.92023 1.20995 
v 1.35125 5.80173 1.13552 
v 1.44493 5.99361 1.14217 
v 1.35324 5.77267 1.40649 
v 1.43902 5.76363 1.20147 
v 1.52315 5.92023 1.20995 
v 1.35324 5.77267 1.40649 
v 1.52315 5.92023 1.20995 
v 1.45001 5.94636 1.40523 
v 1.22422 5.83242 1.34054 
v 1.35324 5.77267 1.40649 
v 1.45001 5.94636 1.40523 
v 1.22422 5.83242 1.34054 
v 1.45001 5.94636 1.40523 
v 1.33096 6.04129 1.34534 
v 1.35125 5.80173 1.13552 
v 1.22422 5.83242 1.34054 
v 1.33096 6.04129 1.34534 
v 1.35125 5.80173 1.13552 
v 1.33096 6.04129 1.34534 
v 1.44493 5.99361 1.14217 
v 2.12895 6.16695 1.96484 
v 2.11704 6.12708 1.64421 
v 2.0895 6.24582 1.63681 
v 2.12895 6.16695 1.96484 
v 2.0895 6.24582 1.63681 
v 2.0877 6.29802 1.95786 
v 1.91867 6.37247 1.95903 
v 1.93903 6.3238 1.64205 
v 1.62637 6.33315 1.71802 
v 1.91867 6.37247 1.95903 
v 1.62637 6.33315 1.71802 
v 1.6232 6.36928 2.04244 
v 1.38567 6.2643 1.82106 
v 1.41162 6.28115 2.12925 
v 1.6232 6.36928 2.04244 
v 1.38567 6.2643 1.82106 
v 1.6232 6.36928 2.04244 
v 1.62637 6.33315 1.71802 
v 1.07739 5.97591 1.98481 
v 1.14003 5.97394 2.26614 
v 1.22764 6.14062 2.20474 
v 1.07739 5.97591 1.98481 
v 1.22764 6.14062 2.20474 
v 1.17637 6.14056 1.91065 
v 1.05609 5.33727 2.37 
v 1.06342 5.44538 2.33869 
v 0.991934 5.43857 2.08772 
v 1.05609 5.33727 2.37 
v 0.991934 5.43857 2.08772 
v 0.983339 5.33542 2.12559 
v 2.12895 6.16695 1.96484 
v 1.91155 6.24129 1.98487 
v 1.93191 6.19262 1.66789 
v 2.12895 6.16695 1.96484 
v 1.93191 6.19262 1.66789 
v 2.11704 6.12708 1.64421 
v 1.91155 6.24129 1.98487 
v 1.65354 6.23783 2.05727 
v 1.65672 6.20169 1.73286 
v 1.91155 6.24129 1.98487 
v 1.65672 6.20169 1.73286 
v 1.93191 6.19262 1.66789 
v 1.4398 6.15701 1.82478 
v 1.65672 6.20169 1.73286 
v 1.65354 6.23783 2.05727 
v 1.4398 6.15701 1.82478 
v 1.65354 6.23783 2.05727 
v 1.46574 6.17385 2.13297 
v 1.19128 5.92266 1.95989 
v 1.25117 6.05428 1.90471 
v 1.30245 6.05434 2.1988 
v 1.19128 5.92266 1.95989 
v 1.30245 6.05434 2.1988 
v 1.25393 5.92069 2.24123 
v 1.16991 5.28824 2.32649 
v 1.09717 5.28639 2.08209 
v 1.10984 5.40642 2.04527 
v 1.16991 5.28824 2.32649 
v 1.10984 5.40642 2.04527 
v 1.18133 5.41323 2.29625 
v 2.11704 6.12708 1.64421 
v 1.93191 6.19262 1.66789 
v 1.93903 6.3238 1.64205 
v 2.11704 6.12708 1.64421 
v 1.93903 6.3238 1.64205 
v 2.0895 6.24582 1.63681 
v 1.91155 6.24129 1.98487 
v 2.12895 6.16695 1.96484 
v 2.0877 6.29802 1.95786 
v 1.91155 6.24129 1.98487 
v 2.0877 6.29802 1.95786 
v 1.91867 6.37247 1.95903 
v 1.93191 6.19262 1.66789 
v 1.65672 6.20169 1.73286 
v 1.62637 6.33315 1.71802 
v 1.93191 6.19262 1.66789 
v 1.62637 6.33315 1.71802 
v 1.93903 6.3238 1.64205 
v 1.65354 6.23783 2.05727 
v 1.91155 6.24129 1.98487 
v 1.91867 6.37247 1.95903 
v 1.65354 6.23783 2.05727 
v 1.91867 6.37247 1.95903 
v 1.6232 6.36928 2.04244 
v 1.46574 6.17385 2.13297 
v 1.65354 6.23783 2.05727 
v 1.6232 6.36928 2.04244 
v 1.46574 6.17385 2.13297 
v 1.6232 6.36928 2.04244 
v 1.41162 6.28115 2.12925 
v 1.65672 6.20169 1.73286 
v 1.4398 6.15701 1.82478 
v 1.38567 6.2643 1.82106 
v 1.65672 6.20169 1.73286 
v 1.38567 6.2643 1.82106 
v 1.62637 6.33315 1.71802 
v 1.25393 5.92069 2.24123 
v 1.30245 6.05434 2.1988 
v 1.22764 6.14062 2.20474 
v 1.25393 5.92069 2.24123 
v 1.22764 6.14062 2.20474 
v 1.14003 5.97394 2.26614 
v 1.25117 6.05428 1.90471 
v 1.19128 5.92266 1.95989 
v 1.07739 5.97591 1.98481 
v 1.25117 6.05428 1.90471 
v 1.07739 5.97591 1.98481 
v 1.17637 6.14056 1.91065 
v 1.16991 5.28824 2.32649 
v 1.18133 5.41323 2.29625 
v 1.06342 5.44538 2.33869 
v 1.16991 5.28824 2.32649 
v 1.06342 5.44538 2.33869 
v 1.05609 5.33727 2.37 
v 1.10984 5.40642 2.04527 
v 1.09717 5.28639 2.08209 
v 0.983339 5.33542 2.12559 
v 1.10984 5.40642 2.04527 
v 0.983339 5.33542 2.12559 
v 0.991934 5.43857 2.08772 
v 1.09717 5.28639 2.08209 
v 1.16991 5.28824 2.32649 
v 1.05609 5.33727 2.37 
v 1.09717 5.28639 2.08209 
v 1.05609 5.33727 2.37 
v 0.983339 5.33542 2.12559 
v 2.0877 6.29802 1.95786 
v 2.0895 6.24582 1.63681 
v 1.93903 6.3238 1.64205 
v 2.0877 6.29802 1.95786 
v 1.93903 6.3238 1.64205 
v 1.91867 6.37247 1.95903 
v 1.14739 5.77258 2.00955 
v 1.12696 5.53561 2.02979 
v 1.00509 5.55133 2.07121 
v 1.14739 5.77258 2.00955 
v 1.00509 5.55133 2.07121 
v 1.0265 5.7973 2.04889 
v 1.19723 5.54724 2.28716 
v 1.12696 5.53561 2.02979 
v 1.14739 5.77258 2.00955 
v 1.19723 5.54724 2.28716 
v 1.14739 5.77258 2.00955 
v 1.21986 5.76886 2.27986 
v 1.07536 5.56296 2.32858 
v 1.19723 5.54724 2.28716 
v 1.21986 5.76886 2.27986 
v 1.07536 5.56296 2.32858 
v 1.21986 5.76886 2.27986 
v 1.09897 5.79357 2.3192 
v 1.00509 5.55133 2.07121 
v 1.07536 5.56296 2.32858 
v 1.09897 5.79357 2.3192 
v 1.00509 5.55133 2.07121 
v 1.09897 5.79357 2.3192 
v 1.0265 5.7973 2.04889 
v 1.21986 5.76886 2.27986 
v 1.25393 5.92069 2.24123 
v 1.14003 5.97394 2.26614 
v 1.21986 5.76886 2.27986 
v 1.14003 5.97394 2.26614 
v 1.09897 5.79357 2.3192 
v 1.14739 5.77258 2.00955 
v 1.19128 5.92266 1.95989 
v 1.25393 5.92069 2.24123 
v 1.14739 5.77258 2.00955 
v 1.25393 5.92069 2.24123 
v 1.21986 5.76886 2.27986 
v 1.07739 5.97591 1.98481 
v 1.19128 5.92266 1.95989 
v 1.14739 5.77258 2.00955 
v 1.07739 5.97591 1.98481 
v 1.14739 5.77258 2.00955 
v 1.0265 5.7973 2.04889 
v 1.0265 5.7973 2.04889 
v 1.09897 5.79357 2.3192 
v 1.14003 5.97394 2.26614 
v 1.0265 5.7973 2.04889 
v 1.14003 5.97394 2.26614 
v 1.07739 5.97591 1.98481 
v 1.30245 6.05434 2.1988 
v 1.46574 6.17385 2.13297 
v 1.41162 6.28115 2.12925 
v 1.30245 6.05434 2.1988 
v 1.41162 6.28115 2.12925 
v 1.22764 6.14062 2.20474 
v 1.25117 6.05428 1.90471 
v 1.4398 6.15701 1.82478 
v 1.46574 6.17385 2.13297 
v 1.25117 6.05428 1.90471 
v 1.46574 6.17385 2.13297 
v 1.30245 6.05434 2.1988 
v 1.38567 6.2643 1.82106 
v 1.4398 6.15701 1.82478 
v 1.25117 6.05428 1.90471 
v 1.38567 6.2643 1.82106 
v 1.25117 6.05428 1.90471 
v 1.17637 6.14056 1.91065 
v 1.17637 6.14056 1.91065 
v 1.22764 6.14062 2.20474 
v 1.41162 6.28115 2.12925 
v 1.17637 6.14056 1.91065 
v 1.41162 6.28115 2.12925 
v 1.38567 6.2643 1.82106 
v 1.12696 5.53561 2.02979 
v 1.10984 5.40642 2.04527 
v 0.991934 5.43857 2.08772 
v 1.12696 5.53561 2.02979 
v 0.991934 5.43857 2.08772 
v 1.00509 5.55133 2.07121 
v 1.18133 5.41323 2.29625 
v 1.10984 5.40642 2.04527 
v 1.12696 5.53561 2.02979 
v 1.18133 5.41323 2.29625 
v 1.12696 5.53561 2.02979 
v 1.19723 5.54724 2.28716 
v 1.06342 5.44538 2.33869 
v 1.18133 5.41323 2.29625 
v 1.19723 5.54724 2.28716 
v 1.06342 5.44538 2.33869 
v 1.19723 5.54724 2.28716 
v 1.07536 5.56296 2.32858 
v 0.991934 5.43857 2.08772 
v 1.06342 5.44538 2.33869 
v 1.07536 5.56296 2.32858 
v 0.991934 5.43857 2.08772 
v 1.07536 5.56296 2.32858 
v 1.00509 5.55133 2.07121 
v 1.65463 6.34962 2.26364 
v 1.96924 6.34125 2.17051 
v 1.93397 6.356 1.93987 
v 1.65463 6.34962 2.26364 
v 1.93397 6.356 1.93987 
v 1.60633 6.34889 2.03477 
v 1.34537 6.02254 2.48841 
v 1.40452 6.17318 2.41791 
v 1.26489 6.18697 2.24666 
v 1.34537 6.02254 2.48841 
v 1.26489 6.18697 2.24666 
v 1.19181 6.01935 2.32693 
v 2.06905 6.28945 1.92085 
v 2.06025 6.28438 2.16225 
v 2.1138 6.15924 2.1535 
v 2.06905 6.28945 1.92085 
v 2.1138 6.15924 2.1535 
v 2.12895 6.16695 1.9043 
v 1.35381 5.66783 2.62784 
v 1.32802 5.8723 2.55873 
v 1.16056 5.85216 2.40698 
v 1.35381 5.66783 2.62784 
v 1.16056 5.85216 2.40698 
v 1.18789 5.63397 2.46886 
v 1.41547 6.2973 2.13112 
v 1.51201 6.29036 2.32956 
v 1.65463 6.34962 2.26364 
v 1.41547 6.2973 2.13112 
v 1.65463 6.34962 2.26364 
v 1.60633 6.34889 2.03477 
v 1.67061 6.2467 2.25078 
v 1.62231 6.24597 2.02191 
v 1.91293 6.25252 1.93646 
v 1.67061 6.2467 2.25078 
v 1.91293 6.25252 1.93646 
v 1.9482 6.23776 2.16709 
v 1.404 5.96927 2.4329 
v 1.25044 5.96608 2.27142 
v 1.31496 6.11256 2.20429 
v 1.404 5.96927 2.4329 
v 1.31496 6.11256 2.20429 
v 1.45459 6.09877 2.37554 
v 1.91293 6.25252 1.93646 
v 2.12895 6.16695 1.9043 
v 2.1138 6.15924 2.1535 
v 1.91293 6.25252 1.93646 
v 2.1138 6.15924 2.1535 
v 1.9482 6.23776 2.16709 
v 1.42329 5.6539 2.55373 
v 1.25738 5.62004 2.39476 
v 1.22772 5.81999 2.33837 
v 1.42329 5.6539 2.55373 
v 1.22772 5.81999 2.33837 
v 1.39518 5.84012 2.49011 
v 1.44945 6.20944 2.10267 
v 1.62231 6.24597 2.02191 
v 1.67061 6.2467 2.25078 
v 1.44945 6.20944 2.10267 
v 1.67061 6.2467 2.25078 
v 1.54599 6.2025 2.30111 
v 1.67061 6.2467 2.25078 
v 1.9482 6.23776 2.16709 
v 1.96924 6.34125 2.17051 
v 1.67061 6.2467 2.25078 
v 1.96924 6.34125 2.17051 
v 1.65463 6.34962 2.26364 
v 1.91293 6.25252 1.93646 
v 1.62231 6.24597 2.02191 
v 1.60633 6.34889 2.03477 
v 1.91293 6.25252 1.93646 
v 1.60633 6.34889 2.03477 
v 1.93397 6.356 1.93987 
v 1.404 5.96927 2.4329 
v 1.45459 6.09877 2.37554 
v 1.40452 6.17318 2.41791 
v 1.404 5.96927 2.4329 
v 1.40452 6.17318 2.41791 
v 1.34537 6.02254 2.48841 
v 1.31496 6.11256 2.20429 
v 1.25044 5.96608 2.27142 
v 1.19181 6.01935 2.32693 
v 1.31496 6.11256 2.20429 
v 1.19181 6.01935 2.32693 
v 1.26489 6.18697 2.24666 
v 1.9482 6.23776 2.16709 
v 2.1138 6.15924 2.1535 
v 2.06025 6.28438 2.16225 
v 1.9482 6.23776 2.16709 
v 2.06025 6.28438 2.16225 
v 1.96924 6.34125 2.17051 
v 2.12895 6.16695 1.9043 
v 1.91293 6.25252 1.93646 
v 1.93397 6.356 1.93987 
v 2.12895 6.16695 1.9043 
v 1.93397 6.356 1.93987 
v 2.06905 6.28945 1.92085 
v 1.42329 5.6539 2.55373 
v 1.39518 5.84012 2.49011 
v 1.32802 5.8723 2.55873 
v 1.42329 5.6539 2.55373 
v 1.32802 5.8723 2.55873 
v 1.35381 5.66783 2.62784 
v 1.22772 5.81999 2.33837 
v 1.25738 5.62004 2.39476 
v 1.18789 5.63397 2.46886 
v 1.22772 5.81999 2.33837 
v 1.18789 5.63397 2.46886 
v 1.16056 5.85216 2.40698 
v 1.25738 5.62004 2.39476 
v 1.42329 5.6539 2.55373 
v 1.35381 5.66783 2.62784 
v 1.25738 5.62004 2.39476 
v 1.35381 5.66783 2.62784 
v 1.18789 5.63397 2.46886 
v 1.54599 6.2025 2.30111 
v 1.67061 6.2467 2.25078 
v 1.65463 6.34962 2.26364 
v 1.54599 6.2025 2.30111 
v 1.65463 6.34962 2.26364 
v 1.51201 6.29036 2.32956 
v 1.62231 6.24597 2.02191 
v 1.44945 6.20944 2.10267 
v 1.41547 6.2973 2.13112 
v 1.62231 6.24597 2.02191 
v 1.41547 6.2973 2.13112 
v 1.60633 6.34889 2.03477 
v 1.93397 6.356 1.93987 
v 1.96924 6.34125 2.17051 
v 2.06025 6.28438 2.16225 
v 1.93397 6.356 1.93987 
v 2.06025 6.28438 2.16225 
v 2.06905 6.28945 1.92085 
v 1.26489 6.18697 2.24666 
v 1.40452 6.17318 2.41791 
v 1.51201 6.29036 2.32956 
v 1.26489 6.18697 2.24666 
v 1.51201 6.29036 2.32956 
v 1.41547 6.2973 2.13112 
v 1.45459 6.09877 2.37554 
v 1.54599 6.2025 2.30111 
v 1.51201 6.29036 2.32956 
v 1.45459 6.09877 2.37554 
v 1.51201 6.29036 2.32956 
v 1.40452 6.17318 2.41791 
v 1.31496 6.11256 2.20429 
v 1.44945 6.20944 2.10267 
v 1.54599 6.2025 2.30111 
v 1.31496 6.11256 2.20429 
v 1.54599 6.2025 2.30111 
v 1.45459 6.09877 2.37554 
v 1.41547 6.2973 2.13112 
v 1.44945 6.20944 2.10267 
v 1.31496 6.11256 2.20429 
v 1.41547 6.2973 2.13112 
v 1.31496 6.11256 2.20429 
v 1.26489 6.18697 2.24666 
v 1.32802 5.8723 2.55873 
v 1.34537 6.02254 2.48841 
v 1.19181 6.01935 2.32693 
v 1.32802 5.8723 2.55873 
v 1.19181 6.01935 2.32693 
v 1.16056 5.85216 2.40698 
v 1.39518 5.84012 2.49011 
v 1.404 5.96927 2.4329 
v 1.34537 6.02254 2.48841 
v 1.39518 5.84012 2.49011 
v 1.34537 6.02254 2.48841 
v 1.32802 5.8723 2.55873 
v 1.39518 5.84012 2.49011 
v 1.22772 5.81999 2.33837 
v 1.25044 5.96608 2.27142 
v 1.39518 5.84012 2.49011 
v 1.25044 5.96608 2.27142 
v 1.404 5.96927 2.4329 
v 1.19181 6.01935 2.32693 
v 1.25044 5.96608 2.27142 
v 1.22772 5.81999 2.33837 
v 1.19181 6.01935 2.32693 
v 1.22772 5.81999 2.33837 
v 1.16056 5.85216 2.40698 
v 1.60654 5.81326 2.72357 
v 1.43351 5.81432 2.60293 
v 1.46487 5.51178 2.67047 
v 1.60654 5.81326 2.72357 
v 1.46487 5.51178 2.67047 
v 1.65667 5.5023 2.78607 
v 1.60334 6.08257 2.63581 
v 1.459 6.08975 2.49882 
v 1.43351 5.81432 2.60293 
v 1.60334 6.08257 2.63581 
v 1.43351 5.81432 2.60293 
v 1.60654 5.81326 2.72357 
v 1.65745 6.19242 2.56689 
v 1.53148 6.20597 2.40743 
v 1.459 6.08975 2.49882 
v 1.65745 6.19242 2.56689 
v 1.459 6.08975 2.49882 
v 1.60334 6.08257 2.63581 
v 1.90084 6.30411 2.46336 
v 1.82624 6.33453 2.26289 
v 1.64378 6.28223 2.33645 
v 1.90084 6.30411 2.46336 
v 1.64378 6.28223 2.33645 
v 1.74914 6.26152 2.52112 
v 2.07176 6.25551 2.171 
v 1.99406 6.32955 2.19522 
v 2.04038 6.29021 2.41023 
v 2.07176 6.25551 2.171 
v 2.04038 6.29021 2.41023 
v 2.09471 6.22466 2.39473 
v 1.66452 5.79788 2.64386 
v 1.71147 5.5002 2.70173 
v 1.51967 5.50968 2.58613 
v 1.66452 5.79788 2.64386 
v 1.51967 5.50968 2.58613 
v 1.49149 5.79894 2.52322 
v 1.65755 6.02733 2.57698 
v 1.66452 5.79788 2.64386 
v 1.49149 5.79894 2.52322 
v 1.65755 6.02733 2.57698 
v 1.49149 5.79894 2.52322 
v 1.51321 6.03451 2.43999 
v 1.57249 6.13295 2.36253 
v 1.69846 6.11939 2.52199 
v 1.65755 6.02733 2.57698 
v 1.57249 6.13295 2.36253 
v 1.65755 6.02733 2.57698 
v 1.51321 6.03451 2.43999 
v 1.90226 6.2083 2.44345 
v 1.77533 6.16851 2.49185 
v 1.66997 6.18923 2.30719 
v 1.90226 6.2083 2.44345 
v 1.66997 6.18923 2.30719 
v 1.82765 6.23872 2.24298 
v 2.1138 6.15924 2.1535 
v 2.11073 6.13635 2.38734 
v 2.019 6.1918 2.39893 
v 2.1138 6.15924 2.1535 
v 2.019 6.1918 2.39893 
v 1.97268 6.23114 2.18392 
v 1.49149 5.79894 2.52322 
v 1.51967 5.50968 2.58613 
v 1.46487 5.51178 2.67047 
v 1.49149 5.79894 2.52322 
v 1.46487 5.51178 2.67047 
v 1.43351 5.81432 2.60293 
v 1.51967 5.50968 2.58613 
v 1.71147 5.5002 2.70173 
v 1.65667 5.5023 2.78607 
v 1.51967 5.50968 2.58613 
v 1.65667 5.5023 2.78607 
v 1.46487 5.51178 2.67047 
v 1.71147 5.5002 2.70173 
v 1.66452 5.79788 2.64386 
v 1.60654 5.81326 2.72357 
v 1.71147 5.5002 2.70173 
v 1.60654 5.81326 2.72357 
v 1.65667 5.5023 2.78607 
v 1.51321 6.03451 2.43999 
v 1.49149 5.79894 2.52322 
v 1.43351 5.81432 2.60293 
v 1.51321 6.03451 2.43999 
v 1.43351 5.81432 2.60293 
v 1.459 6.08975 2.49882 
v 1.66452 5.79788 2.64386 
v 1.65755 6.02733 2.57698 
v 1.60334 6.08257 2.63581 
v 1.66452 5.79788 2.64386 
v 1.60334 6.08257 2.63581 
v 1.60654 5.81326 2.72357 
v 1.57249 6.13295 2.36253 
v 1.51321 6.03451 2.43999 
v 1.459 6.08975 2.49882 
v 1.57249 6.13295 2.36253 
v 1.459 6.08975 2.49882 
v 1.53148 6.20597 2.40743 
v 1.65755 6.02733 2.57698 
v 1.69846 6.11939 2.52199 
v 1.65745 6.19242 2.56689 
v 1.65755 6.02733 2.57698 
v 1.65745 6.19242 2.56689 
v 1.60334 6.08257 2.63581 
v 1.82765 6.23872 2.24298 
v 1.66997 6.18923 2.30719 
v 1.64378 6.28223 2.33645 
v 1.82765 6.23872 2.24298 
v 1.64378 6.28223 2.33645 
v 1.82624 6.33453 2.26289 
v 1.77533 6.16851 2.49185 
v 1.90226 6.2083 2.44345 
v 1.90084 6.30411 2.46336 
v 1.77533 6.16851 2.49185 
v 1.90084 6.30411 2.46336 
v 1.74914 6.26152 2.52112 
v 2.1138 6.15924 2.1535 
v 1.97268 6.23114 2.18392 
v 1.99406 6.32955 2.19522 
v 2.1138 6.15924 2.1535 
v 1.99406 6.32955 2.19522 
v 2.07176 6.25551 2.171 
v 2.019 6.1918 2.39893 
v 2.11073 6.13635 2.38734 
v 2.09471 6.22466 2.39473 
v 2.019 6.1918 2.39893 
v 2.09471 6.22466 2.39473 
v 2.04038 6.29021 2.41023 
v 2.1138 6.15924 2.1535 
v 2.07176 6.25551 2.171 
v 2.09471 6.22466 2.39473 
v 2.1138 6.15924 2.1535 
v 2.09471 6.22466 2.39473 
v 2.11073 6.13635 2.38734 
v 1.97268 6.23114 2.18392 
v 1.82765 6.23872 2.24298 
v 1.82624 6.33453 2.26289 
v 1.97268 6.23114 2.18392 
v 1.82624 6.33453 2.26289 
v 1.99406 6.32955 2.19522 
v 2.019 6.1918 2.39893 
v 1.90226 6.2083 2.44345 
v 1.82765 6.23872 2.24298 
v 2.019 6.1918 2.39893 
v 1.82765 6.23872 2.24298 
v 1.97268 6.23114 2.18392 
v 1.90084 6.30411 2.46336 
v 1.90226 6.2083 2.44345 
v 2.019 6.1918 2.39893 
v 1.90084 6.30411 2.46336 
v 2.019 6.1918 2.39893 
v 2.04038 6.29021 2.41023 
v 2.04038 6.29021 2.41023 
v 1.99406 6.32955 2.19522 
v 1.82624 6.33453 2.26289 
v 2.04038 6.29021 2.41023 
v 1.82624 6.33453 2.26289 
v 1.90084 6.30411 2.46336 
v 1.66997 6.18923 2.30719 
v 1.57249 6.13295 2.36253 
v 1.53148 6.20597 2.40743 
v 1.66997 6.18923 2.30719 
v 1.53148 6.20597 2.40743 
v 1.64378 6.28223 2.33645 
v 1.66997 6.18923 2.30719 
v 1.77533 6.16851 2.49185 
v 1.69846 6.11939 2.52199 
v 1.66997 6.18923 2.30719 
v 1.69846 6.11939 2.52199 
v 1.57249 6.13295 2.36253 
v 1.65745 6.19242 2.56689 
v 1.69846 6.11939 2.52199 
v 1.77533 6.16851 2.49185 
v 1.65745 6.19242 2.56689 
v 1.77533 6.16851 2.49185 
v 1.74914 6.26152 2.52112 
v 1.64378 6.28223 2.33645 
v 1.53148 6.20597 2.40743 
v 1.65745 6.19242 2.56689 
v 1.64378 6.28223 2.33645 
v 1.65745 6.19242 2.56689 
v 1.74914 6.26152 2.52112 
v 1.74786 5.79516 2.76959 
v 1.58736 5.79614 2.65769 
v 1.61645 5.5155 2.72034 
v 1.74786 5.79516 2.76959 
v 1.61645 5.5155 2.72034 
v 1.79436 5.50671 2.82758 
v 1.72645 5.98973 2.77724 
v 1.59256 5.99639 2.65016 
v 1.58736 5.79614 2.65769 
v 1.72645 5.98973 2.77724 
v 1.58736 5.79614 2.65769 
v 1.74786 5.79516 2.76959 
v 1.72197 6.17725 2.51388 
v 1.59256 5.99639 2.65016 
v 1.72645 5.98973 2.77724 
v 1.72197 6.17725 2.51388 
v 1.72645 5.98973 2.77724 
v 1.8197 6.15804 2.68517 
v 1.94522 6.22937 2.61709 
v 1.87548 6.25741 2.43141 
v 1.72197 6.17725 2.51388 
v 1.94522 6.22937 2.61709 
v 1.72197 6.17725 2.51388 
v 1.8197 6.15804 2.68517 
v 2.0944 6.198 2.38634 
v 2.02233 6.26668 2.37917 
v 2.0653 6.23018 2.57862 
v 2.0944 6.198 2.38634 
v 2.0653 6.23018 2.57862 
v 2.11569 6.16939 2.56024 
v 1.80165 5.78089 2.69566 
v 1.8452 5.50476 2.74934 
v 1.66728 5.51355 2.6421 
v 1.80165 5.78089 2.69566 
v 1.66728 5.51355 2.6421 
v 1.64114 5.78188 2.58375 
v 1.77674 5.93849 2.72267 
v 1.80165 5.78089 2.69566 
v 1.64114 5.78188 2.58375 
v 1.77674 5.93849 2.72267 
v 1.64114 5.78188 2.58375 
v 1.64285 5.94515 2.59559 
v 1.74626 6.09098 2.48673 
v 1.84399 6.07177 2.65803 
v 1.77674 5.93849 2.72267 
v 1.74626 6.09098 2.48673 
v 1.77674 5.93849 2.72267 
v 1.64285 5.94515 2.59559 
v 1.94696 6.14054 2.59846 
v 1.84399 6.07177 2.65803 
v 1.74626 6.09098 2.48673 
v 1.94696 6.14054 2.59846 
v 1.74626 6.09098 2.48673 
v 1.87722 6.16859 2.41278 
v 2.11073 6.13635 2.38734 
v 2.13055 6.08747 2.55738 
v 2.04546 6.1389 2.56814 
v 2.11073 6.13635 2.38734 
v 2.04546 6.1389 2.56814 
v 2.0025 6.1754 2.36869 
v 1.64114 5.78188 2.58375 
v 1.66728 5.51355 2.6421 
v 1.61645 5.5155 2.72034 
v 1.64114 5.78188 2.58375 
v 1.61645 5.5155 2.72034 
v 1.58736 5.79614 2.65769 
v 1.66728 5.51355 2.6421 
v 1.8452 5.50476 2.74934 
v 1.79436 5.50671 2.82758 
v 1.66728 5.51355 2.6421 
v 1.79436 5.50671 2.82758 
v 1.61645 5.5155 2.72034 
v 1.8452 5.50476 2.74934 
v 1.80165 5.78089 2.69566 
v 1.74786 5.79516 2.76959 
v 1.8452 5.50476 2.74934 
v 1.74786 5.79516 2.76959 
v 1.79436 5.50671 2.82758 
v 1.64285 5.94515 2.59559 
v 1.64114 5.78188 2.58375 
v 1.58736 5.79614 2.65769 
v 1.64285 5.94515 2.59559 
v 1.58736 5.79614 2.65769 
v 1.59256 5.99639 2.65016 
v 1.80165 5.78089 2.69566 
v 1.77674 5.93849 2.72267 
v 1.72645 5.98973 2.77724 
v 1.80165 5.78089 2.69566 
v 1.72645 5.98973 2.77724 
v 1.74786 5.79516 2.76959 
v 1.74626 6.09098 2.48673 
v 1.64285 5.94515 2.59559 
v 1.59256 5.99639 2.65016 
v 1.74626 6.09098 2.48673 
v 1.59256 5.99639 2.65016 
v 1.72197 6.17725 2.51388 
v 1.77674 5.93849 2.72267 
v 1.84399 6.07177 2.65803 
v 1.8197 6.15804 2.68517 
v 1.77674 5.93849 2.72267 
v 1.8197 6.15804 2.68517 
v 1.72645 5.98973 2.77724 
v 1.87722 6.16859 2.41278 
v 1.74626 6.09098 2.48673 
v 1.72197 6.17725 2.51388 
v 1.87722 6.16859 2.41278 
v 1.72197 6.17725 2.51388 
v 1.87548 6.25741 2.43141 
v 1.84399 6.07177 2.65803 
v 1.94696 6.14054 2.59846 
v 1.94522 6.22937 2.61709 
v 1.84399 6.07177 2.65803 
v 1.94522 6.22937 2.61709 
v 1.8197 6.15804 2.68517 
v 2.11073 6.13635 2.38734 
v 2.0025 6.1754 2.36869 
v 2.02233 6.26668 2.37917 
v 2.11073 6.13635 2.38734 
v 2.02233 6.26668 2.37917 
v 2.0944 6.198 2.38634 
v 2.04546 6.1389 2.56814 
v 2.13055 6.08747 2.55738 
v 2.11569 6.16939 2.56024 
v 2.04546 6.1389 2.56814 
v 2.11569 6.16939 2.56024 
v 2.0653 6.23018 2.57862 
v 2.11073 6.13635 2.38734 
v 2.0944 6.198 2.38634 
v 2.11569 6.16939 2.56024 
v 2.11073 6.13635 2.38734 
v 2.11569 6.16939 2.56024 
v 2.13055 6.08747 2.55738 
v 2.0653 6.23018 2.57862 
v 2.02233 6.26668 2.37917 
v 1.87548 6.25741 2.43141 
v 2.0653 6.23018 2.57862 
v 1.87548 6.25741 2.43141 
v 1.94522 6.22937 2.61709 
v 2.0025 6.1754 2.36869 
v 1.87722 6.16859 2.41278 
v 1.87548 6.25741 2.43141 
v 2.0025 6.1754 2.36869 
v 1.87548 6.25741 2.43141 
v 2.02233 6.26668 2.37917 
v 2.04546 6.1389 2.56814 
v 1.94696 6.14054 2.59846 
v 1.87722 6.16859 2.41278 
v 2.04546 6.1389 2.56814 
v 1.87722 6.16859 2.41278 
v 2.0025 6.1754 2.36869 
v 1.94522 6.22937 2.61709 
v 1.94696 6.14054 2.59846 
v 2.04546 6.1389 2.56814 
v 1.94522 6.22937 2.61709 
v 2.04546 6.1389 2.56814 
v 2.0653 6.23018 2.57862 
v 1.89605 5.91301 2.87004 
v 1.74994 5.97262 2.7858 
v 1.72461 5.80739 2.82124 
v 1.89605 5.91301 2.87004 
v 1.72461 5.80739 2.82124 
v 1.86823 5.76844 2.90125 
v 2.00528 6.10717 2.77827 
v 1.91841 6.18413 2.65836 
v 1.84197 6.14669 2.70788 
v 2.00528 6.10717 2.77827 
v 1.84197 6.14669 2.70788 
v 1.9727 6.07685 2.79786 
v 1.86823 5.76844 2.90125 
v 1.72461 5.80739 2.82124 
v 1.73621 5.5987 2.84854 
v 1.86823 5.76844 2.90125 
v 1.73621 5.5987 2.84854 
v 1.8889 5.54099 2.92941 
v 1.78416 6.07541 2.76019 
v 1.92184 6.01019 2.84758 
v 1.9727 6.07685 2.79786 
v 1.78416 6.07541 2.76019 
v 1.9727 6.07685 2.79786 
v 1.84197 6.14669 2.70788 
v 1.93402 5.87073 2.77933 
v 1.91458 5.74909 2.80705 
v 1.77096 5.78803 2.72704 
v 1.93402 5.87073 2.77933 
v 1.77096 5.78803 2.72704 
v 1.7879 5.93033 2.69509 
v 2.03379 6.04107 2.70711 
v 1.98824 5.99956 2.72936 
v 1.85751 6.06941 2.63938 
v 2.03379 6.04107 2.70711 
v 1.85751 6.06941 2.63938 
v 1.95283 6.097 2.6142 
v 1.91458 5.74909 2.80705 
v 1.93783 5.53223 2.83451 
v 1.78515 5.58994 2.75364 
v 1.91458 5.74909 2.80705 
v 1.78515 5.58994 2.75364 
v 1.77096 5.78803 2.72704 
v 1.80983 6.01392 2.68166 
v 1.85751 6.06941 2.63938 
v 1.98824 5.99956 2.72936 
v 1.80983 6.01392 2.68166 
v 1.98824 5.99956 2.72936 
v 1.94751 5.9487 2.76905 
v 1.7879 5.93033 2.69509 
v 1.77096 5.78803 2.72704 
v 1.72461 5.80739 2.82124 
v 1.7879 5.93033 2.69509 
v 1.72461 5.80739 2.82124 
v 1.74994 5.97262 2.7858 
v 1.91458 5.74909 2.80705 
v 1.93402 5.87073 2.77933 
v 1.89605 5.91301 2.87004 
v 1.91458 5.74909 2.80705 
v 1.89605 5.91301 2.87004 
v 1.86823 5.76844 2.90125 
v 1.95283 6.097 2.6142 
v 1.85751 6.06941 2.63938 
v 1.84197 6.14669 2.70788 
v 1.95283 6.097 2.6142 
v 1.84197 6.14669 2.70788 
v 1.91841 6.18413 2.65836 
v 1.98824 5.99956 2.72936 
v 2.03379 6.04107 2.70711 
v 2.00528 6.10717 2.77827 
v 1.98824 5.99956 2.72936 
v 2.00528 6.10717 2.77827 
v 1.9727 6.07685 2.79786 
v 1.77096 5.78803 2.72704 
v 1.78515 5.58994 2.75364 
v 1.73621 5.5987 2.84854 
v 1.77096 5.78803 2.72704 
v 1.73621 5.5987 2.84854 
v 1.72461 5.80739 2.82124 
v 1.78515 5.58994 2.75364 
v 1.93783 5.53223 2.83451 
v 1.8889 5.54099 2.92941 
v 1.78515 5.58994 2.75364 
v 1.8889 5.54099 2.92941 
v 1.73621 5.5987 2.84854 
v 1.93783 5.53223 2.83451 
v 1.91458 5.74909 2.80705 
v 1.86823 5.76844 2.90125 
v 1.93783 5.53223 2.83451 
v 1.86823 5.76844 2.90125 
v 1.8889 5.54099 2.92941 
v 1.94751 5.9487 2.76905 
v 1.98824 5.99956 2.72936 
v 1.9727 6.07685 2.79786 
v 1.94751 5.9487 2.76905 
v 1.9727 6.07685 2.79786 
v 1.92184 6.01019 2.84758 
v 1.85751 6.06941 2.63938 
v 1.80983 6.01392 2.68166 
v 1.78416 6.07541 2.76019 
v 1.85751 6.06941 2.63938 
v 1.78416 6.07541 2.76019 
v 1.84197 6.14669 2.70788 
v 2.11873 6.05748 2.65572 
v 2.13055 6.08747 2.55738 
v 2.06095 6.19296 2.55614 
v 2.11873 6.05748 2.65572 
v 2.06095 6.19296 2.55614 
v 2.06603 6.10273 2.73185 
v 2.13055 6.08747 2.55738 
v 1.95283 6.097 2.6142 
v 1.91841 6.18413 2.65836 
v 2.13055 6.08747 2.55738 
v 1.91841 6.18413 2.65836 
v 2.06095 6.19296 2.55614 
v 2.11873 6.05748 2.65572 
v 2.03379 6.04107 2.70711 
v 1.95283 6.097 2.6142 
v 2.11873 6.05748 2.65572 
v 1.95283 6.097 2.6142 
v 2.13055 6.08747 2.55738 
v 2.00528 6.10717 2.77827 
v 2.03379 6.04107 2.70711 
v 2.11873 6.05748 2.65572 
v 2.00528 6.10717 2.77827 
v 2.11873 6.05748 2.65572 
v 2.06603 6.10273 2.73185 
v 2.06603 6.10273 2.73185 
v 2.06095 6.19296 2.55614 
v 1.91841 6.18413 2.65836 
v 2.06603 6.10273 2.73185 
v 1.91841 6.18413 2.65836 
v 2.00528 6.10717 2.77827 
v 1.74994 5.97262 2.7858 
v 1.89605 5.91301 2.87004 
v 1.92184 6.01019 2.84758 
v 1.74994 5.97262 2.7858 
v 1.92184 6.01019 2.84758 
v 1.78416 6.07541 2.76019 
v 1.93402 5.87073 2.77933 
v 1.94751 5.9487 2.76905 
v 1.92184 6.01019 2.84758 
v 1.93402 5.87073 2.77933 
v 1.92184 6.01019 2.84758 
v 1.89605 5.91301 2.87004 
v 1.7879 5.93033 2.69509 
v 1.80983 6.01392 2.68166 
v 1.94751 5.9487 2.76905 
v 1.7879 5.93033 2.69509 
v 1.94751 5.9487 2.76905 
v 1.93402 5.87073 2.77933 
v 1.78416 6.07541 2.76019 
v 1.80983 6.01392 2.68166 
v 1.7879 5.93033 2.69509 
v 1.78416 6.07541 2.76019 
v 1.7879 5.93033 2.69509 
v 1.74994 5.97262 2.7858 
v 2.12064 5.5007 2.85494 
v 2.11387 5.7506 2.85603 
v 1.9246 5.7395 2.84184 
v 2.12064 5.5007 2.85494 
v 1.9246 5.7395 2.84184 
v 1.93577 5.50755 2.83625 
v 2.11387 5.7506 2.85603 
v 2.11732 5.92756 2.83694 
v 1.93157 5.93212 2.82936 
v 2.11387 5.7506 2.85603 
v 1.93157 5.93212 2.82936 
v 1.9246 5.7395 2.84184 
v 2.11722 6.08619 2.75412 
v 2.11873 6.05748 2.65572 
v 1.93768 6.03649 2.66777 
v 2.11722 6.08619 2.75412 
v 1.93768 6.03649 2.66777 
v 1.94231 6.08576 2.75939 
v 1.93157 5.93212 2.82936 
v 2.11732 5.92756 2.83694 
v 2.11722 6.08619 2.75412 
v 1.93157 5.93212 2.82936 
v 2.11722 6.08619 2.75412 
v 1.94231 6.08576 2.75939 
v 2.12823 5.50242 2.76844 
v 1.94335 5.50927 2.74975 
v 1.93096 5.7368 2.75537 
v 2.12823 5.50242 2.76844 
v 1.93096 5.7368 2.75537 
v 2.12023 5.74791 2.76956 
v 2.12023 5.74791 2.76956 
v 1.93096 5.7368 2.75537 
v 1.9342 5.91016 2.74641 
v 2.12023 5.74791 2.76956 
v 1.9342 5.91016 2.74641 
v 2.11995 5.9056 2.75399 
v 2.11732 6.02545 2.69828 
v 1.94241 6.02502 2.70355 
v 1.93768 6.03649 2.66777 
v 2.11732 6.02545 2.69828 
v 1.93768 6.03649 2.66777 
v 2.11873 6.05748 2.65572 
v 1.9342 5.91016 2.74641 
v 1.94241 6.02502 2.70355 
v 2.11732 6.02545 2.69828 
v 1.9342 5.91016 2.74641 
v 2.11732 6.02545 2.69828 
v 2.11995 5.9056 2.75399 
v 2.12823 5.50242 2.76844 
v 2.12023 5.74791 2.76956 
v 2.11387 5.7506 2.85603 
v 2.12823 5.50242 2.76844 
v 2.11387 5.7506 2.85603 
v 2.12064 5.5007 2.85494 
v 1.93096 5.7368 2.75537 
v 1.94335 5.50927 2.74975 
v 1.93577 5.50755 2.83625 
v 1.93096 5.7368 2.75537 
v 1.93577 5.50755 2.83625 
v 1.9246 5.7395 2.84184 
v 1.94335 5.50927 2.74975 
v 2.12823 5.50242 2.76844 
v 2.12064 5.5007 2.85494 
v 1.94335 5.50927 2.74975 
v 2.12064 5.5007 2.85494 
v 1.93577 5.50755 2.83625 
v 2.12023 5.74791 2.76956 
v 2.11995 5.9056 2.75399 
v 2.11732 5.92756 2.83694 
v 2.12023 5.74791 2.76956 
v 2.11732 5.92756 2.83694 
v 2.11387 5.7506 2.85603 
v 1.9342 5.91016 2.74641 
v 1.93096 5.7368 2.75537 
v 1.9246 5.7395 2.84184 
v 1.9342 5.91016 2.74641 
v 1.9246 5.7395 2.84184 
v 1.93157 5.93212 2.82936 
v 2.11732 6.02545 2.69828 
v 2.11873 6.05748 2.65572 
v 2.11722 6.08619 2.75412 
v 1.93768 6.03649 2.66777 
v 1.94241 6.02502 2.70355 
v 1.94231 6.08576 2.75939 
v 2.11995 5.9056 2.75399 
v 2.11732 6.02545 2.69828 
v 2.11722 6.08619 2.75412 
v 2.11995 5.9056 2.75399 
v 2.11722 6.08619 2.75412 
v 2.11732 5.92756 2.83694 
v 1.94241 6.02502 2.70355 
v 1.9342 5.91016 2.74641 
v 1.93157 5.93212 2.82936 
v 1.94241 6.02502 2.70355 
v 1.93157 5.93212 2.82936 
v 1.94231 6.08576 2.75939 
v 2.64295 5.53382 1.96295 
v 2.60365 5.49848 1.74541 
v 2.65903 5.72585 1.7433 
v 2.64295 5.53382 1.96295 
v 2.65903 5.72585 1.7433 
v 2.69493 5.73233 1.95818 
v 2.67385 5.98616 1.71709 
v 2.62771 6.15473 1.66813 
v 2.64214 6.14631 1.8888 
v 2.67385 5.98616 1.71709 
v 2.64214 6.14631 1.8888 
v 2.70585 5.95959 1.92893 
v 2.39658 6.34552 1.79624 
v 2.51377 6.29035 1.8351 
v 2.51692 6.28061 1.617 
v 2.39658 6.34552 1.79624 
v 2.51692 6.28061 1.617 
v 2.3991 6.32005 1.57654 
v 2.13058 6.2743 1.72 
v 2.26126 6.36158 1.75137 
v 2.26305 6.31796 1.543 
v 2.13058 6.2743 1.72 
v 2.26305 6.31796 1.543 
v 2.13469 6.21764 1.51493 
v 2.53708 5.53323 1.96036 
v 2.56853 5.70939 1.9574 
v 2.53264 5.70291 1.72942 
v 2.53708 5.53323 1.96036 
v 2.53264 5.70291 1.72942 
v 2.49779 5.49788 1.72667 
v 2.52397 5.93764 1.70879 
v 2.55596 5.91108 1.93021 
v 2.51457 6.05639 1.89711 
v 2.52397 5.93764 1.70879 
v 2.51457 6.05639 1.89711 
v 2.49262 6.06481 1.67165 
v 2.35469 6.18182 1.83471 
v 2.34702 6.16985 1.60785 
v 2.39667 6.14919 1.63237 
v 2.35469 6.18182 1.83471 
v 2.39667 6.14919 1.63237 
v 2.40855 6.15893 1.85047 
v 2.11015 6.14895 1.75804 
v 2.11073 6.12266 1.5484 
v 2.28968 6.14607 1.59272 
v 2.11015 6.14895 1.75804 
v 2.28968 6.14607 1.59272 
v 2.29249 6.16061 1.81652 
v 2.64295 5.53382 1.96295 
v 2.69493 5.73233 1.95818 
v 2.56853 5.70939 1.9574 
v 2.64295 5.53382 1.96295 
v 2.56853 5.70939 1.9574 
v 2.53708 5.53323 1.96036 
v 2.49779 5.49788 1.72667 
v 2.60365 5.49848 1.74541 
v 2.64295 5.53382 1.96295 
v 2.49779 5.49788 1.72667 
v 2.64295 5.53382 1.96295 
v 2.53708 5.53323 1.96036 
v 2.60365 5.49848 1.74541 
v 2.49779 5.49788 1.72667 
v 2.53264 5.70291 1.72942 
v 2.60365 5.49848 1.74541 
v 2.53264 5.70291 1.72942 
v 2.65903 5.72585 1.7433 
v 2.55596 5.91108 1.93021 
v 2.70585 5.95959 1.92893 
v 2.64214 6.14631 1.8888 
v 2.55596 5.91108 1.93021 
v 2.64214 6.14631 1.8888 
v 2.51457 6.05639 1.89711 
v 2.49262 6.06481 1.67165 
v 2.62771 6.15473 1.66813 
v 2.67385 5.98616 1.71709 
v 2.49262 6.06481 1.67165 
v 2.67385 5.98616 1.71709 
v 2.52397 5.93764 1.70879 
v 2.34702 6.16985 1.60785 
v 2.3991 6.32005 1.57654 
v 2.51692 6.28061 1.617 
v 2.34702 6.16985 1.60785 
v 2.51692 6.28061 1.617 
v 2.39667 6.14919 1.63237 
v 2.40855 6.15893 1.85047 
v 2.51377 6.29035 1.8351 
v 2.39658 6.34552 1.79624 
v 2.40855 6.15893 1.85047 
v 2.39658 6.34552 1.79624 
v 2.35469 6.18182 1.83471 
v 2.11073 6.12266 1.5484 
v 2.13469 6.21764 1.51493 
v 2.26305 6.31796 1.543 
v 2.11073 6.12266 1.5484 
v 2.26305 6.31796 1.543 
v 2.28968 6.14607 1.59272 
v 2.29249 6.16061 1.81652 
v 2.26126 6.36158 1.75137 
v 2.13058 6.2743 1.72 
v 2.29249 6.16061 1.81652 
v 2.13058 6.2743 1.72 
v 2.11015 6.14895 1.75804 
v 2.11015 6.14895 1.75804 
v 2.13058 6.2743 1.72 
v 2.13469 6.21764 1.51493 
v 2.11015 6.14895 1.75804 
v 2.13469 6.21764 1.51493 
v 2.11073 6.12266 1.5484 
v 2.28968 6.14607 1.59272 
v 2.26305 6.31796 1.543 
v 2.3991 6.32005 1.57654 
v 2.28968 6.14607 1.59272 
v 2.3991 6.32005 1.57654 
v 2.34702 6.16985 1.60785 
v 2.29249 6.16061 1.81652 
v 2.28968 6.14607 1.59272 
v 2.34702 6.16985 1.60785 
v 2.29249 6.16061 1.81652 
v 2.34702 6.16985 1.60785 
v 2.35469 6.18182 1.83471 
v 2.39658 6.34552 1.79624 
v 2.26126 6.36158 1.75137 
v 2.29249 6.16061 1.81652 
v 2.39658 6.34552 1.79624 
v 2.29249 6.16061 1.81652 
v 2.35469 6.18182 1.83471 
v 2.26126 6.36158 1.75137 
v 2.39658 6.34552 1.79624 
v 2.3991 6.32005 1.57654 
v 2.26126 6.36158 1.75137 
v 2.3991 6.32005 1.57654 
v 2.26305 6.31796 1.543 
v 2.39667 6.14919 1.63237 
v 2.51692 6.28061 1.617 
v 2.62771 6.15473 1.66813 
v 2.39667 6.14919 1.63237 
v 2.62771 6.15473 1.66813 
v 2.49262 6.06481 1.67165 
v 2.51457 6.05639 1.89711 
v 2.40855 6.15893 1.85047 
v 2.39667 6.14919 1.63237 
v 2.51457 6.05639 1.89711 
v 2.39667 6.14919 1.63237 
v 2.49262 6.06481 1.67165 
v 2.64214 6.14631 1.8888 
v 2.51377 6.29035 1.8351 
v 2.40855 6.15893 1.85047 
v 2.64214 6.14631 1.8888 
v 2.40855 6.15893 1.85047 
v 2.51457 6.05639 1.89711 
v 2.62771 6.15473 1.66813 
v 2.51692 6.28061 1.617 
v 2.51377 6.29035 1.8351 
v 2.62771 6.15473 1.66813 
v 2.51377 6.29035 1.8351 
v 2.64214 6.14631 1.8888 
v 2.65903 5.72585 1.7433 
v 2.53264 5.70291 1.72942 
v 2.52397 5.93764 1.70879 
v 2.65903 5.72585 1.7433 
v 2.52397 5.93764 1.70879 
v 2.67385 5.98616 1.71709 
v 2.56853 5.70939 1.9574 
v 2.55596 5.91108 1.93021 
v 2.52397 5.93764 1.70879 
v 2.56853 5.70939 1.9574 
v 2.52397 5.93764 1.70879 
v 2.53264 5.70291 1.72942 
v 2.69493 5.73233 1.95818 
v 2.70585 5.95959 1.92893 
v 2.55596 5.91108 1.93021 
v 2.69493 5.73233 1.95818 
v 2.55596 5.91108 1.93021 
v 2.56853 5.70939 1.9574 
v 2.65903 5.72585 1.7433 
v 2.67385 5.98616 1.71709 
v 2.70585 5.95959 1.92893 
v 2.65903 5.72585 1.7433 
v 2.70585 5.95959 1.92893 
v 2.69493 5.73233 1.95818 
v 2.1256 6.2201 1.47934 
v 2.12757 6.16882 1.34884 
v 2.12494 6.07636 1.39468 
v 2.1256 6.2201 1.47934 
v 2.12494 6.07636 1.39468 
v 2.11643 6.12266 1.4997 
v 2.39603 6.26106 1.41741 
v 2.34324 6.19933 1.21209 
v 2.20755 6.19713 1.29898 
v 2.39603 6.26106 1.41741 
v 2.20755 6.19713 1.29898 
v 2.21831 6.25413 1.4667 
v 2.54148 6.08882 1.35269 
v 2.49453 6.03606 1.15336 
v 2.44087 6.13468 1.16456 
v 2.54148 6.08882 1.35269 
v 2.44087 6.13468 1.16456 
v 2.4909 6.19217 1.37536 
v 2.49453 6.03606 1.15336 
v 2.54148 6.08882 1.35269 
v 2.54679 5.72696 1.39701 
v 2.49453 6.03606 1.15336 
v 2.54679 5.72696 1.39701 
v 2.48344 5.64593 1.25157 
v 2.23977 6.0911 1.49969 
v 2.11643 6.12266 1.4997 
v 2.12494 6.07636 1.39468 
v 2.23977 6.0911 1.49969 
v 2.12494 6.07636 1.39468 
v 2.22901 6.0914 1.32157 
v 2.35367 6.07818 1.47442 
v 2.23977 6.0911 1.49969 
v 2.22901 6.0914 1.32157 
v 2.35367 6.07818 1.47442 
v 2.22901 6.0914 1.32157 
v 2.30087 6.07374 1.27721 
v 2.43485 5.94324 1.44164 
v 2.41808 6.01954 1.44751 
v 2.36738 6.03373 1.24306 
v 2.43485 5.94324 1.44164 
v 2.36738 6.03373 1.24306 
v 2.38647 5.96246 1.24672 
v 2.38647 5.96246 1.24672 
v 2.3867 5.66474 1.29601 
v 2.45005 5.74576 1.44792 
v 2.38647 5.96246 1.24672 
v 2.45005 5.74576 1.44792 
v 2.43485 5.94324 1.44164 
v 2.23977 6.0911 1.49969 
v 2.21831 6.25413 1.4667 
v 2.1256 6.2201 1.47934 
v 2.23977 6.0911 1.49969 
v 2.1256 6.2201 1.47934 
v 2.11643 6.12266 1.4997 
v 2.12494 6.07636 1.39468 
v 2.12757 6.16882 1.34884 
v 2.20755 6.19713 1.29898 
v 2.12494 6.07636 1.39468 
v 2.20755 6.19713 1.29898 
v 2.22901 6.0914 1.32157 
v 2.35367 6.07818 1.47442 
v 2.39603 6.26106 1.41741 
v 2.21831 6.25413 1.4667 
v 2.35367 6.07818 1.47442 
v 2.21831 6.25413 1.4667 
v 2.23977 6.0911 1.49969 
v 2.22901 6.0914 1.32157 
v 2.20755 6.19713 1.29898 
v 2.34324 6.19933 1.21209 
v 2.22901 6.0914 1.32157 
v 2.34324 6.19933 1.21209 
v 2.30087 6.07374 1.27721 
v 2.43485 5.94324 1.44164 
v 2.54148 6.08882 1.35269 
v 2.4909 6.19217 1.37536 
v 2.43485 5.94324 1.44164 
v 2.4909 6.19217 1.37536 
v 2.41808 6.01954 1.44751 
v 2.36738 6.03373 1.24306 
v 2.44087 6.13468 1.16456 
v 2.49453 6.03606 1.15336 
v 2.36738 6.03373 1.24306 
v 2.49453 6.03606 1.15336 
v 2.38647 5.96246 1.24672 
v 2.49453 6.03606 1.15336 
v 2.48344 5.64593 1.25157 
v 2.3867 5.66474 1.29601 
v 2.49453 6.03606 1.15336 
v 2.3867 5.66474 1.29601 
v 2.38647 5.96246 1.24672 
v 2.54148 6.08882 1.35269 
v 2.43485 5.94324 1.44164 
v 2.45005 5.74576 1.44792 
v 2.54148 6.08882 1.35269 
v 2.45005 5.74576 1.44792 
v 2.54679 5.72696 1.39701 
v 2.3867 5.66474 1.29601 
v 2.48344 5.64593 1.25157 
v 2.54679 5.72696 1.39701 
v 2.3867 5.66474 1.29601 
v 2.54679 5.72696 1.39701 
v 2.45005 5.74576 1.44792 
v 2.21831 6.25413 1.4667 
v 2.20755 6.19713 1.29898 
v 2.12757 6.16882 1.34884 
v 2.21831 6.25413 1.4667 
v 2.12757 6.16882 1.34884 
v 2.1256 6.2201 1.47934 
v 2.30087 6.07374 1.27721 
v 2.34324 6.19933 1.21209 
v 2.44087 6.13468 1.16456 
v 2.30087 6.07374 1.27721 
v 2.44087 6.13468 1.16456 
v 2.36738 6.03373 1.24306 
v 2.41808 6.01954 1.44751 
v 2.35367 6.07818 1.47442 
v 2.30087 6.07374 1.27721 
v 2.41808 6.01954 1.44751 
v 2.30087 6.07374 1.27721 
v 2.36738 6.03373 1.24306 
v 2.4909 6.19217 1.37536 
v 2.39603 6.26106 1.41741 
v 2.35367 6.07818 1.47442 
v 2.4909 6.19217 1.37536 
v 2.35367 6.07818 1.47442 
v 2.41808 6.01954 1.44751 
v 2.44087 6.13468 1.16456 
v 2.34324 6.19933 1.21209 
v 2.39603 6.26106 1.41741 
v 2.44087 6.13468 1.16456 
v 2.39603 6.26106 1.41741 
v 2.4909 6.19217 1.37536 
v 2.11989 6.17526 2.02294 
v 2.16218 6.29802 2.01231 
v 2.16038 6.24582 1.75181 
v 2.11989 6.17526 2.02294 
v 2.16038 6.24582 1.75181 
v 2.11368 6.12708 1.7592 
v 2.27723 6.36113 2.04807 
v 2.47013 6.32451 2.10445 
v 2.46695 6.28837 1.84138 
v 2.27723 6.36113 2.04807 
v 2.46695 6.28837 1.84138 
v 2.25687 6.31247 1.77459 
v 2.57802 6.21164 1.87848 
v 2.46695 6.28837 1.84138 
v 2.47013 6.32451 2.10445 
v 2.57802 6.21164 1.87848 
v 2.47013 6.32451 2.10445 
v 2.62162 6.26956 2.14292 
v 2.69468 6.14106 2.17679 
v 2.71524 5.95065 2.21325 
v 2.66639 5.91319 1.94396 
v 2.69468 6.14106 2.17679 
v 2.66639 5.91319 1.94396 
v 2.65447 6.08244 1.91055 
v 2.73486 5.48841 2.28112 
v 2.74317 5.4878 2.01948 
v 2.64564 5.70398 1.98525 
v 2.73486 5.48841 2.28112 
v 2.64564 5.70398 1.98525 
v 2.64254 5.71526 2.25833 
v 2.11989 6.17526 2.02294 
v 2.11368 6.12708 1.7592 
v 2.26399 6.18128 1.80042 
v 2.11989 6.17526 2.02294 
v 2.26399 6.18128 1.80042 
v 2.28435 6.22996 2.0739 
v 2.28435 6.22996 2.0739 
v 2.26399 6.18128 1.80042 
v 2.41681 6.15125 1.85621 
v 2.28435 6.22996 2.0739 
v 2.41681 6.15125 1.85621 
v 2.41999 6.18739 2.11928 
v 2.49869 6.09749 1.88812 
v 2.52964 6.13602 2.15255 
v 2.41999 6.18739 2.11928 
v 2.49869 6.09749 1.88812 
v 2.41999 6.18739 2.11928 
v 2.41681 6.15125 1.85621 
v 2.62101 5.42155 2.27753 
v 2.5173 5.68033 2.25935 
v 2.5204 5.66904 1.98628 
v 2.62101 5.42155 2.27753 
v 2.5204 5.66904 1.98628 
v 2.62932 5.42094 2.01589 
v 2.11368 6.12708 1.7592 
v 2.16038 6.24582 1.75181 
v 2.25687 6.31247 1.77459 
v 2.11368 6.12708 1.7592 
v 2.25687 6.31247 1.77459 
v 2.26399 6.18128 1.80042 
v 2.28435 6.22996 2.0739 
v 2.27723 6.36113 2.04807 
v 2.16218 6.29802 2.01231 
v 2.28435 6.22996 2.0739 
v 2.16218 6.29802 2.01231 
v 2.11989 6.17526 2.02294 
v 2.26399 6.18128 1.80042 
v 2.25687 6.31247 1.77459 
v 2.46695 6.28837 1.84138 
v 2.26399 6.18128 1.80042 
v 2.46695 6.28837 1.84138 
v 2.41681 6.15125 1.85621 
v 2.41999 6.18739 2.11928 
v 2.47013 6.32451 2.10445 
v 2.27723 6.36113 2.04807 
v 2.41999 6.18739 2.11928 
v 2.27723 6.36113 2.04807 
v 2.28435 6.22996 2.0739 
v 2.52964 6.13602 2.15255 
v 2.62162 6.26956 2.14292 
v 2.47013 6.32451 2.10445 
v 2.52964 6.13602 2.15255 
v 2.47013 6.32451 2.10445 
v 2.41999 6.18739 2.11928 
v 2.41681 6.15125 1.85621 
v 2.46695 6.28837 1.84138 
v 2.57802 6.21164 1.87848 
v 2.41681 6.15125 1.85621 
v 2.57802 6.21164 1.87848 
v 2.49869 6.09749 1.88812 
v 2.65447 6.08244 1.91055 
v 2.66639 5.91319 1.94396 
v 2.54519 5.85125 1.94595 
v 2.65447 6.08244 1.91055 
v 2.54519 5.85125 1.94595 
v 2.52327 5.99865 1.91332 
v 2.62101 5.42155 2.27753 
v 2.73486 5.48841 2.28112 
v 2.64254 5.71526 2.25833 
v 2.62101 5.42155 2.27753 
v 2.64254 5.71526 2.25833 
v 2.5173 5.68033 2.25935 
v 2.5204 5.66904 1.98628 
v 2.64564 5.70398 1.98525 
v 2.74317 5.4878 2.01948 
v 2.5204 5.66904 1.98628 
v 2.74317 5.4878 2.01948 
v 2.62932 5.42094 2.01589 
v 2.62932 5.42094 2.01589 
v 2.74317 5.4878 2.01948 
v 2.73486 5.48841 2.28112 
v 2.62932 5.42094 2.01589 
v 2.73486 5.48841 2.28112 
v 2.62101 5.42155 2.27753 
v 2.16218 6.29802 2.01231 
v 2.27723 6.36113 2.04807 
v 2.25687 6.31247 1.77459 
v 2.16218 6.29802 2.01231 
v 2.25687 6.31247 1.77459 
v 2.16038 6.24582 1.75181 
v 2.58122 5.87935 2.21524 
v 2.59094 6.04034 2.17955 
v 2.52327 5.99865 1.91332 
v 2.58122 5.87935 2.21524 
v 2.52327 5.99865 1.91332 
v 2.54519 5.85125 1.94595 
v 2.69468 6.14106 2.17679 
v 2.59094 6.04034 2.17955 
v 2.58122 5.87935 2.21524 
v 2.69468 6.14106 2.17679 
v 2.58122 5.87935 2.21524 
v 2.71524 5.95065 2.21325 
v 2.59094 6.04034 2.17955 
v 2.69468 6.14106 2.17679 
v 2.62162 6.26956 2.14292 
v 2.59094 6.04034 2.17955 
v 2.62162 6.26956 2.14292 
v 2.52964 6.13602 2.15255 
v 2.52327 5.99865 1.91332 
v 2.59094 6.04034 2.17955 
v 2.52964 6.13602 2.15255 
v 2.52327 5.99865 1.91332 
v 2.52964 6.13602 2.15255 
v 2.49869 6.09749 1.88812 
v 2.57802 6.21164 1.87848 
v 2.65447 6.08244 1.91055 
v 2.52327 5.99865 1.91332 
v 2.57802 6.21164 1.87848 
v 2.52327 5.99865 1.91332 
v 2.49869 6.09749 1.88812 
v 2.65447 6.08244 1.91055 
v 2.57802 6.21164 1.87848 
v 2.62162 6.26956 2.14292 
v 2.65447 6.08244 1.91055 
v 2.62162 6.26956 2.14292 
v 2.69468 6.14106 2.17679 
v 2.71524 5.95065 2.21325 
v 2.58122 5.87935 2.21524 
v 2.5173 5.68033 2.25935 
v 2.71524 5.95065 2.21325 
v 2.5173 5.68033 2.25935 
v 2.64254 5.71526 2.25833 
v 2.5173 5.68033 2.25935 
v 2.58122 5.87935 2.21524 
v 2.54519 5.85125 1.94595 
v 2.5173 5.68033 2.25935 
v 2.54519 5.85125 1.94595 
v 2.5204 5.66904 1.98628 
v 2.66639 5.91319 1.94396 
v 2.64564 5.70398 1.98525 
v 2.5204 5.66904 1.98628 
v 2.66639 5.91319 1.94396 
v 2.5204 5.66904 1.98628 
v 2.54519 5.85125 1.94595 
v 2.71524 5.95065 2.21325 
v 2.64254 5.71526 2.25833 
v 2.64564 5.70398 1.98525 
v 2.71524 5.95065 2.21325 
v 2.64564 5.70398 1.98525 
v 2.66639 5.91319 1.94396 
v 2.28064 6.34125 2.19281 
v 2.44909 6.31904 2.25385 
v 2.4761 6.28906 2.02278 
v 2.28064 6.34125 2.19281 
v 2.4761 6.28906 2.02278 
v 2.31591 6.32458 1.93987 
v 2.65154 6.0175 2.40007 
v 2.70834 5.98637 2.20293 
v 2.64315 6.17505 2.14149 
v 2.65154 6.0175 2.40007 
v 2.64315 6.17505 2.14149 
v 2.59857 6.21797 2.34161 
v 2.18083 6.28945 1.92085 
v 2.12895 6.16695 1.9043 
v 2.1138 6.15924 2.1535 
v 2.18083 6.28945 1.92085 
v 2.1138 6.15924 2.1535 
v 2.18963 6.28438 2.16225 
v 2.56838 5.66783 2.48475 
v 2.65891 5.63397 2.29219 
v 2.71526 5.85216 2.25451 
v 2.56838 5.66783 2.48475 
v 2.71526 5.85216 2.25451 
v 2.62318 5.8723 2.43984 
v 2.51724 5.96494 2.34411 
v 2.49872 6.14356 2.30891 
v 2.59309 6.10064 2.09911 
v 2.51724 5.96494 2.34411 
v 2.59309 6.10064 2.09911 
v 2.64943 5.93381 2.16435 
v 2.33695 6.22109 1.93646 
v 2.30168 6.23776 2.18939 
v 2.1138 6.15924 2.1535 
v 2.33695 6.22109 1.93646 
v 2.1138 6.15924 2.1535 
v 2.12895 6.16695 1.9043 
v 2.49889 5.6539 2.41065 
v 2.48064 5.84012 2.37123 
v 2.64809 5.81999 2.21948 
v 2.49889 5.6539 2.41065 
v 2.64809 5.81999 2.21948 
v 2.58942 5.62004 2.25167 
v 2.39585 6.2303 2.23067 
v 2.30168 6.23776 2.18939 
v 2.33695 6.22109 1.93646 
v 2.39585 6.2303 2.23067 
v 2.33695 6.22109 1.93646 
v 2.46108 6.20032 1.99961 
v 2.31591 6.32458 1.93987 
v 2.4761 6.28906 2.02278 
v 2.46108 6.20032 1.99961 
v 2.31591 6.32458 1.93987 
v 2.46108 6.20032 1.99961 
v 2.33695 6.22109 1.93646 
v 2.51724 5.96494 2.34411 
v 2.65154 6.0175 2.40007 
v 2.59857 6.21797 2.34161 
v 2.51724 5.96494 2.34411 
v 2.59857 6.21797 2.34161 
v 2.49872 6.14356 2.30891 
v 2.59309 6.10064 2.09911 
v 2.64315 6.17505 2.14149 
v 2.70834 5.98637 2.20293 
v 2.59309 6.10064 2.09911 
v 2.70834 5.98637 2.20293 
v 2.64943 5.93381 2.16435 
v 2.30168 6.23776 2.18939 
v 2.28064 6.34125 2.19281 
v 2.18963 6.28438 2.16225 
v 2.30168 6.23776 2.18939 
v 2.18963 6.28438 2.16225 
v 2.1138 6.15924 2.1535 
v 2.12895 6.16695 1.9043 
v 2.18083 6.28945 1.92085 
v 2.31591 6.32458 1.93987 
v 2.12895 6.16695 1.9043 
v 2.31591 6.32458 1.93987 
v 2.33695 6.22109 1.93646 
v 2.49889 5.6539 2.41065 
v 2.56838 5.66783 2.48475 
v 2.62318 5.8723 2.43984 
v 2.49889 5.6539 2.41065 
v 2.62318 5.8723 2.43984 
v 2.48064 5.84012 2.37123 
v 2.64809 5.81999 2.21948 
v 2.71526 5.85216 2.25451 
v 2.65891 5.63397 2.29219 
v 2.64809 5.81999 2.21948 
v 2.65891 5.63397 2.29219 
v 2.58942 5.62004 2.25167 
v 2.58942 5.62004 2.25167 
v 2.65891 5.63397 2.29219 
v 2.56838 5.66783 2.48475 
v 2.58942 5.62004 2.25167 
v 2.56838 5.66783 2.48475 
v 2.49889 5.6539 2.41065 
v 2.28064 6.34125 2.19281 
v 2.30168 6.23776 2.18939 
v 2.39585 6.2303 2.23067 
v 2.28064 6.34125 2.19281 
v 2.39585 6.2303 2.23067 
v 2.44909 6.31904 2.25385 
v 2.31591 6.32458 1.93987 
v 2.18083 6.28945 1.92085 
v 2.18963 6.28438 2.16225 
v 2.31591 6.32458 1.93987 
v 2.18963 6.28438 2.16225 
v 2.28064 6.34125 2.19281 
v 2.44909 6.31904 2.25385 
v 2.39585 6.2303 2.23067 
v 2.49872 6.14356 2.30891 
v 2.44909 6.31904 2.25385 
v 2.49872 6.14356 2.30891 
v 2.59857 6.21797 2.34161 
v 2.49872 6.14356 2.30891 
v 2.39585 6.2303 2.23067 
v 2.46108 6.20032 1.99961 
v 2.49872 6.14356 2.30891 
v 2.46108 6.20032 1.99961 
v 2.59309 6.10064 2.09911 
v 2.4761 6.28906 2.02278 
v 2.64315 6.17505 2.14149 
v 2.59309 6.10064 2.09911 
v 2.4761 6.28906 2.02278 
v 2.59309 6.10064 2.09911 
v 2.46108 6.20032 1.99961 
v 2.44909 6.31904 2.25385 
v 2.59857 6.21797 2.34161 
v 2.64315 6.17505 2.14149 
v 2.44909 6.31904 2.25385 
v 2.64315 6.17505 2.14149 
v 2.4761 6.28906 2.02278 
v 2.62318 5.8723 2.43984 
v 2.71526 5.85216 2.25451 
v 2.70834 5.98637 2.20293 
v 2.62318 5.8723 2.43984 
v 2.70834 5.98637 2.20293 
v 2.65154 6.0175 2.40007 
v 2.48064 5.84012 2.37123 
v 2.62318 5.8723 2.43984 
v 2.65154 6.0175 2.40007 
v 2.48064 5.84012 2.37123 
v 2.65154 6.0175 2.40007 
v 2.51724 5.96494 2.34411 
v 2.48064 5.84012 2.37123 
v 2.51724 5.96494 2.34411 
v 2.64943 5.93381 2.16435 
v 2.48064 5.84012 2.37123 
v 2.64943 5.93381 2.16435 
v 2.64809 5.81999 2.21948 
v 2.70834 5.98637 2.20293 
v 2.71526 5.85216 2.25451 
v 2.64809 5.81999 2.21948 
v 2.70834 5.98637 2.20293 
v 2.64809 5.81999 2.21948 
v 2.64943 5.93381 2.16435 
v 2.49288 5.81326 2.57011 
v 2.46189 5.5023 2.58573 
v 2.65369 5.51178 2.47013 
v 2.49288 5.81326 2.57011 
v 2.65369 5.51178 2.47013 
v 2.66591 5.81432 2.44947 
v 2.47339 6.08257 2.53647 
v 2.49288 5.81326 2.57011 
v 2.66591 5.81432 2.44947 
v 2.47339 6.08257 2.53647 
v 2.66591 5.81432 2.44947 
v 2.61773 6.08975 2.36438 
v 2.56594 6.20426 2.31487 
v 2.41942 6.179 2.49666 
v 2.47339 6.08257 2.53647 
v 2.56594 6.20426 2.31487 
v 2.47339 6.08257 2.53647 
v 2.61773 6.08975 2.36438 
v 2.15329 6.20264 2.3972 
v 2.32628 6.24064 2.44377 
v 2.47478 6.28223 2.25323 
v 2.15329 6.20264 2.3972 
v 2.47478 6.28223 2.25323 
v 2.24501 6.31515 2.18347 
v 2.15521 6.2178 2.16618 
v 2.11669 6.1482 2.38833 
v 2.15329 6.20264 2.3972 
v 2.15521 6.2178 2.16618 
v 2.15329 6.20264 2.3972 
v 2.24501 6.31515 2.18347 
v 2.41772 5.79788 2.4904 
v 2.60792 5.79894 2.36977 
v 2.59888 5.50968 2.38578 
v 2.41772 5.79788 2.4904 
v 2.59888 5.50968 2.38578 
v 2.40709 5.5002 2.50139 
v 2.3988 6.02733 2.47764 
v 2.56352 6.03451 2.30554 
v 2.60792 5.79894 2.36977 
v 2.3988 6.02733 2.47764 
v 2.60792 5.79894 2.36977 
v 2.41772 5.79788 2.4904 
v 2.52646 6.12918 2.27157 
v 2.56352 6.03451 2.30554 
v 2.3988 6.02733 2.47764 
v 2.52646 6.12918 2.27157 
v 2.3988 6.02733 2.47764 
v 2.35325 6.10939 2.45465 
v 2.13484 6.14748 2.38967 
v 2.24848 6.21479 2.19113 
v 2.44859 6.18923 2.22396 
v 2.13484 6.14748 2.38967 
v 2.44859 6.18923 2.22396 
v 2.26772 6.15807 2.41695 
v 2.1138 6.15924 2.15018 
v 2.24848 6.21479 2.19113 
v 2.13484 6.14748 2.38967 
v 2.1138 6.15924 2.15018 
v 2.13484 6.14748 2.38967 
v 2.11073 6.13635 2.38734 
v 2.60792 5.79894 2.36977 
v 2.66591 5.81432 2.44947 
v 2.65369 5.51178 2.47013 
v 2.60792 5.79894 2.36977 
v 2.65369 5.51178 2.47013 
v 2.59888 5.50968 2.38578 
v 2.59888 5.50968 2.38578 
v 2.65369 5.51178 2.47013 
v 2.46189 5.5023 2.58573 
v 2.59888 5.50968 2.38578 
v 2.46189 5.5023 2.58573 
v 2.40709 5.5002 2.50139 
v 2.40709 5.5002 2.50139 
v 2.46189 5.5023 2.58573 
v 2.49288 5.81326 2.57011 
v 2.40709 5.5002 2.50139 
v 2.49288 5.81326 2.57011 
v 2.41772 5.79788 2.4904 
v 2.56352 6.03451 2.30554 
v 2.61773 6.08975 2.36438 
v 2.66591 5.81432 2.44947 
v 2.56352 6.03451 2.30554 
v 2.66591 5.81432 2.44947 
v 2.60792 5.79894 2.36977 
v 2.41772 5.79788 2.4904 
v 2.49288 5.81326 2.57011 
v 2.47339 6.08257 2.53647 
v 2.41772 5.79788 2.4904 
v 2.47339 6.08257 2.53647 
v 2.3988 6.02733 2.47764 
v 2.52646 6.12918 2.27157 
v 2.56594 6.20426 2.31487 
v 2.61773 6.08975 2.36438 
v 2.52646 6.12918 2.27157 
v 2.61773 6.08975 2.36438 
v 2.56352 6.03451 2.30554 
v 2.3988 6.02733 2.47764 
v 2.47339 6.08257 2.53647 
v 2.41942 6.179 2.49666 
v 2.3988 6.02733 2.47764 
v 2.41942 6.179 2.49666 
v 2.35325 6.10939 2.45465 
v 2.24848 6.21479 2.19113 
v 2.24501 6.31515 2.18347 
v 2.47478 6.28223 2.25323 
v 2.24848 6.21479 2.19113 
v 2.47478 6.28223 2.25323 
v 2.44859 6.18923 2.22396 
v 2.26772 6.15807 2.41695 
v 2.32628 6.24064 2.44377 
v 2.15329 6.20264 2.3972 
v 2.26772 6.15807 2.41695 
v 2.15329 6.20264 2.3972 
v 2.13484 6.14748 2.38967 
v 2.1138 6.15924 2.15018 
v 2.15521 6.2178 2.16618 
v 2.24501 6.31515 2.18347 
v 2.1138 6.15924 2.15018 
v 2.24501 6.31515 2.18347 
v 2.24848 6.21479 2.19113 
v 2.13484 6.14748 2.38967 
v 2.15329 6.20264 2.3972 
v 2.11669 6.1482 2.38833 
v 2.13484 6.14748 2.38967 
v 2.11669 6.1482 2.38833 
v 2.11073 6.13635 2.38734 
v 2.1138 6.15924 2.15018 
v 2.11073 6.13635 2.38734 
v 2.11669 6.1482 2.38833 
v 2.1138 6.15924 2.15018 
v 2.11669 6.1482 2.38833 
v 2.15521 6.2178 2.16618 
v 2.47478 6.28223 2.25323 
v 2.32628 6.24064 2.44377 
v 2.41942 6.179 2.49666 
v 2.47478 6.28223 2.25323 
v 2.41942 6.179 2.49666 
v 2.56594 6.20426 2.31487 
v 2.44859 6.18923 2.22396 
v 2.47478 6.28223 2.25323 
v 2.56594 6.20426 2.31487 
v 2.44859 6.18923 2.22396 
v 2.56594 6.20426 2.31487 
v 2.52646 6.12918 2.27157 
v 2.44859 6.18923 2.22396 
v 2.52646 6.12918 2.27157 
v 2.35325 6.10939 2.45465 
v 2.44859 6.18923 2.22396 
v 2.35325 6.10939 2.45465 
v 2.26772 6.15807 2.41695 
v 2.41942 6.179 2.49666 
v 2.32628 6.24064 2.44377 
v 2.26772 6.15807 2.41695 
v 2.41942 6.179 2.49666 
v 2.26772 6.15807 2.41695 
v 2.35325 6.10939 2.45465 
v 2.33025 5.93392 2.73779 
v 2.35807 5.78935 2.769 
v 2.51172 5.82829 2.68899 
v 2.33025 5.93392 2.73779 
v 2.51172 5.82829 2.68899 
v 2.48639 5.99353 2.65355 
v 2.21818 6.13148 2.63831 
v 2.25361 6.09776 2.66562 
v 2.38433 6.1676 2.57563 
v 2.21818 6.13148 2.63831 
v 2.38433 6.1676 2.57563 
v 2.28092 6.21234 2.52228 
v 2.35807 5.78935 2.769 
v 2.3374 5.5619 2.79717 
v 2.49008 5.61961 2.7163 
v 2.35807 5.78935 2.769 
v 2.49008 5.61961 2.7163 
v 2.51172 5.82829 2.68899 
v 2.48639 5.99353 2.65355 
v 2.38433 6.1676 2.57563 
v 2.25361 6.09776 2.66562 
v 2.48639 5.99353 2.65355 
v 2.25361 6.09776 2.66562 
v 2.33025 5.93392 2.73779 
v 2.29229 5.89163 2.64708 
v 2.44843 5.95124 2.56285 
v 2.46537 5.80894 2.59479 
v 2.29229 5.89163 2.64708 
v 2.46537 5.80894 2.59479 
v 2.31172 5.76999 2.6748 
v 2.18253 6.07152 2.56568 
v 2.24423 6.13494 2.45073 
v 2.36879 6.09031 2.50713 
v 2.18253 6.07152 2.56568 
v 2.36879 6.09031 2.50713 
v 2.23806 6.02047 2.59711 
v 2.31172 5.76999 2.6748 
v 2.46537 5.80894 2.59479 
v 2.44115 5.61084 2.62139 
v 2.31172 5.76999 2.6748 
v 2.44115 5.61084 2.62139 
v 2.28847 5.55313 2.70227 
v 2.44843 5.95124 2.56285 
v 2.29229 5.89163 2.64708 
v 2.23806 6.02047 2.59711 
v 2.44843 5.95124 2.56285 
v 2.23806 6.02047 2.59711 
v 2.36879 6.09031 2.50713 
v 2.44843 5.95124 2.56285 
v 2.48639 5.99353 2.65355 
v 2.51172 5.82829 2.68899 
v 2.44843 5.95124 2.56285 
v 2.51172 5.82829 2.68899 
v 2.46537 5.80894 2.59479 
v 2.31172 5.76999 2.6748 
v 2.35807 5.78935 2.769 
v 2.33025 5.93392 2.73779 
v 2.31172 5.76999 2.6748 
v 2.33025 5.93392 2.73779 
v 2.29229 5.89163 2.64708 
v 2.24423 6.13494 2.45073 
v 2.28092 6.21234 2.52228 
v 2.38433 6.1676 2.57563 
v 2.24423 6.13494 2.45073 
v 2.38433 6.1676 2.57563 
v 2.36879 6.09031 2.50713 
v 2.23806 6.02047 2.59711 
v 2.25361 6.09776 2.66562 
v 2.21818 6.13148 2.63831 
v 2.23806 6.02047 2.59711 
v 2.21818 6.13148 2.63831 
v 2.18253 6.07152 2.56568 
v 2.46537 5.80894 2.59479 
v 2.51172 5.82829 2.68899 
v 2.49008 5.61961 2.7163 
v 2.46537 5.80894 2.59479 
v 2.49008 5.61961 2.7163 
v 2.44115 5.61084 2.62139 
v 2.44115 5.61084 2.62139 
v 2.49008 5.61961 2.7163 
v 2.3374 5.5619 2.79717 
v 2.44115 5.61084 2.62139 
v 2.3374 5.5619 2.79717 
v 2.28847 5.55313 2.70227 
v 2.28847 5.55313 2.70227 
v 2.3374 5.5619 2.79717 
v 2.35807 5.78935 2.769 
v 2.28847 5.55313 2.70227 
v 2.35807 5.78935 2.769 
v 2.31172 5.76999 2.6748 
v 2.29229 5.89163 2.64708 
v 2.33025 5.93392 2.73779 
v 2.25361 6.09776 2.66562 
v 2.29229 5.89163 2.64708 
v 2.25361 6.09776 2.66562 
v 2.23806 6.02047 2.59711 
v 2.36879 6.09031 2.50713 
v 2.38433 6.1676 2.57563 
v 2.48639 5.99353 2.65355 
v 2.36879 6.09031 2.50713 
v 2.48639 5.99353 2.65355 
v 2.44843 5.95124 2.56285 
v 2.10757 6.07838 2.52348 
v 2.16028 6.12364 2.5996 
v 2.16535 6.21386 2.46148 
v 2.10757 6.07838 2.52348 
v 2.16535 6.21386 2.46148 
v 2.11073 6.13635 2.38734 
v 2.11073 6.13635 2.38734 
v 2.16535 6.21386 2.46148 
v 2.28092 6.21234 2.52228 
v 2.11073 6.13635 2.38734 
v 2.28092 6.21234 2.52228 
v 2.24423 6.13494 2.45073 
v 2.10757 6.07838 2.52348 
v 2.11073 6.13635 2.38734 
v 2.24423 6.13494 2.45073 
v 2.10757 6.07838 2.52348 
v 2.24423 6.13494 2.45073 
v 2.18253 6.07152 2.56568 
v 2.21818 6.13148 2.63831 
v 2.16028 6.12364 2.5996 
v 2.10757 6.07838 2.52348 
v 2.21818 6.13148 2.63831 
v 2.10757 6.07838 2.52348 
v 2.18253 6.07152 2.56568 
v 2.16028 6.12364 2.5996 
v 2.21818 6.13148 2.63831 
v 2.28092 6.21234 2.52228 
v 2.16028 6.12364 2.5996 
v 2.28092 6.21234 2.52228 
v 2.16535 6.21386 2.46148 
v 2.08079 5.47596 2.7742 
v 2.27345 5.48282 2.68942 
v 2.28581 5.71476 2.69114 
v 2.08079 5.47596 2.7742 
v 2.28581 5.71476 2.69114 
v 2.08755 5.72586 2.77307 
v 2.08755 5.72586 2.77307 
v 2.28581 5.71476 2.69114 
v 2.27522 5.90738 2.68155 
v 2.08755 5.72586 2.77307 
v 2.27522 5.90738 2.68155 
v 2.07818 5.90282 2.75609 
v 2.05177 6.06145 2.67759 
v 2.20601 6.06103 2.63107 
v 2.13055 6.08747 2.55738 
v 2.05177 6.06145 2.67759 
v 2.13055 6.08747 2.55738 
v 2.01887 6.03274 2.58485 
v 2.27522 5.90738 2.68155 
v 2.20601 6.06103 2.63107 
v 2.05177 6.06145 2.67759 
v 2.27522 5.90738 2.68155 
v 2.05177 6.06145 2.67759 
v 2.07818 5.90282 2.75609 
v 2.04593 5.47768 2.69468 
v 2.05386 5.72317 2.69319 
v 2.25213 5.71206 2.61126 
v 2.04593 5.47768 2.69468 
v 2.25213 5.71206 2.61126 
v 2.23859 5.48454 2.60989 
v 2.05386 5.72317 2.69319 
v 2.04915 5.88087 2.67834 
v 2.24619 5.88543 2.6038 
v 2.05386 5.72317 2.69319 
v 2.24619 5.88543 2.6038 
v 2.25213 5.71206 2.61126 
v 2.03382 6.00071 2.62471 
v 2.01887 6.03274 2.58485 
v 2.13055 6.08747 2.55738 
v 2.03382 6.00071 2.62471 
v 2.13055 6.08747 2.55738 
v 2.18805 6.00028 2.5782 
v 2.24619 5.88543 2.6038 
v 2.04915 5.88087 2.67834 
v 2.03382 6.00071 2.62471 
v 2.24619 5.88543 2.6038 
v 2.03382 6.00071 2.62471 
v 2.18805 6.00028 2.5782 
v 2.04593 5.47768 2.69468 
v 2.08079 5.47596 2.7742 
v 2.08755 5.72586 2.77307 
v 2.04593 5.47768 2.69468 
v 2.08755 5.72586 2.77307 
v 2.05386 5.72317 2.69319 
v 2.25213 5.71206 2.61126 
v 2.28581 5.71476 2.69114 
v 2.27345 5.48282 2.68942 
v 2.25213 5.71206 2.61126 
v 2.27345 5.48282 2.68942 
v 2.23859 5.48454 2.60989 
v 2.23859 5.48454 2.60989 
v 2.27345 5.48282 2.68942 
v 2.08079 5.47596 2.7742 
v 2.23859 5.48454 2.60989 
v 2.08079 5.47596 2.7742 
v 2.04593 5.47768 2.69468 
v 2.05386 5.72317 2.69319 
v 2.08755 5.72586 2.77307 
v 2.07818 5.90282 2.75609 
v 2.05386 5.72317 2.69319 
v 2.07818 5.90282 2.75609 
v 2.04915 5.88087 2.67834 
v 2.24619 5.88543 2.6038 
v 2.27522 5.90738 2.68155 
v 2.28581 5.71476 2.69114 
v 2.24619 5.88543 2.6038 
v 2.28581 5.71476 2.69114 
v 2.25213 5.71206 2.61126 
v 2.03382 6.00071 2.62471 
v 2.05177 6.06145 2.67759 
v 2.01887 6.03274 2.58485 
v 2.13055 6.08747 2.55738 
v 2.20601 6.06103 2.63107 
v 2.18805 6.00028 2.5782 
v 2.04915 5.88087 2.67834 
v 2.07818 5.90282 2.75609 
v 2.05177 6.06145 2.67759 
v 2.04915 5.88087 2.67834 
v 2.05177 6.06145 2.67759 
v 2.03382 6.00071 2.62471 
v 2.18805 6.00028 2.5782 
v 2.20601 6.06103 2.63107 
v 2.27522 5.90738 2.68155 
v 2.18805 6.00028 2.5782 
v 2.27522 5.90738 2.68155 
v 2.24619 5.88543 2.6038 
v 2.1256 6.2201 1.63641 
v 2.12757 6.16882 1.48786 
v 2.11643 6.12266 1.4997 
v 2.1256 6.2201 1.63641 
v 2.11643 6.12266 1.4997 
v 2.11704 6.12708 1.64421 
v 2.39603 6.26106 1.60297 
v 2.37646 6.19933 1.43668 
v 2.20755 6.19713 1.45605 
v 2.39603 6.26106 1.60297 
v 2.20755 6.19713 1.45605 
v 2.21831 6.25413 1.62377 
v 2.4535 6.15429 1.42699 
v 2.37646 6.19933 1.43668 
v 2.39603 6.26106 1.60297 
v 2.4535 6.15429 1.42699 
v 2.39603 6.26106 1.60297 
v 2.48686 6.19458 1.60343 
v 2.49453 6.06968 1.41744 
v 2.54148 6.08882 1.60387 
v 2.52364 5.89398 1.63166 
v 2.49453 6.06968 1.41744 
v 2.52364 5.89398 1.63166 
v 2.46786 5.84151 1.45052 
v 2.23977 6.1484 1.65676 
v 2.11704 6.12708 1.64421 
v 2.11643 6.12266 1.4997 
v 2.23977 6.1484 1.65676 
v 2.11643 6.12266 1.4997 
v 2.22901 6.0914 1.47864 
v 2.35367 6.13547 1.65999 
v 2.23977 6.1484 1.65676 
v 2.22901 6.0914 1.47864 
v 2.35367 6.13547 1.65999 
v 2.22901 6.0914 1.47864 
v 2.33409 6.07374 1.47744 
v 2.42911 6.09486 1.64836 
v 2.35367 6.13547 1.65999 
v 2.33409 6.07374 1.47744 
v 2.42911 6.09486 1.64836 
v 2.33409 6.07374 1.47744 
v 2.39503 6.05487 1.46979 
v 2.42017 5.99608 1.46226 
v 2.38145 5.81767 1.48201 
v 2.43789 5.86985 1.65754 
v 2.42017 5.99608 1.46226 
v 2.43789 5.86985 1.65754 
v 2.46855 6.01462 1.63689 
v 2.23977 6.1484 1.65676 
v 2.21831 6.25413 1.62377 
v 2.1256 6.2201 1.63641 
v 2.23977 6.1484 1.65676 
v 2.1256 6.2201 1.63641 
v 2.11704 6.12708 1.64421 
v 2.11643 6.12266 1.4997 
v 2.12757 6.16882 1.48786 
v 2.20755 6.19713 1.45605 
v 2.11643 6.12266 1.4997 
v 2.20755 6.19713 1.45605 
v 2.22901 6.0914 1.47864 
v 2.35367 6.13547 1.65999 
v 2.39603 6.26106 1.60297 
v 2.21831 6.25413 1.62377 
v 2.35367 6.13547 1.65999 
v 2.21831 6.25413 1.62377 
v 2.23977 6.1484 1.65676 
v 2.22901 6.0914 1.47864 
v 2.20755 6.19713 1.45605 
v 2.37646 6.19933 1.43668 
v 2.22901 6.0914 1.47864 
v 2.37646 6.19933 1.43668 
v 2.33409 6.07374 1.47744 
v 2.42911 6.09486 1.64836 
v 2.48686 6.19458 1.60343 
v 2.39603 6.26106 1.60297 
v 2.42911 6.09486 1.64836 
v 2.39603 6.26106 1.60297 
v 2.35367 6.13547 1.65999 
v 2.33409 6.07374 1.47744 
v 2.37646 6.19933 1.43668 
v 2.4535 6.15429 1.42699 
v 2.33409 6.07374 1.47744 
v 2.4535 6.15429 1.42699 
v 2.39503 6.05487 1.46979 
v 2.49453 6.06968 1.41744 
v 2.46786 5.84151 1.45052 
v 2.38145 5.81767 1.48201 
v 2.49453 6.06968 1.41744 
v 2.38145 5.81767 1.48201 
v 2.42017 5.99608 1.46226 
v 2.54148 6.08882 1.60387 
v 2.46855 6.01462 1.63689 
v 2.43789 5.86985 1.65754 
v 2.54148 6.08882 1.60387 
v 2.43789 5.86985 1.65754 
v 2.52364 5.89398 1.63166 
v 2.3867 5.66474 1.49895 
v 2.48344 5.64593 1.47888 
v 2.54679 5.72696 1.65548 
v 2.3867 5.66474 1.49895 
v 2.54679 5.72696 1.65548 
v 2.45005 5.74576 1.67523 
v 2.21831 6.25413 1.62377 
v 2.20755 6.19713 1.45605 
v 2.12757 6.16882 1.48786 
v 2.21831 6.25413 1.62377 
v 2.12757 6.16882 1.48786 
v 2.1256 6.2201 1.63641 
v 2.46855 6.01462 1.63689 
v 2.54148 6.08882 1.60387 
v 2.48686 6.19458 1.60343 
v 2.46855 6.01462 1.63689 
v 2.48686 6.19458 1.60343 
v 2.42911 6.09486 1.64836 
v 2.46855 6.01462 1.63689 
v 2.42911 6.09486 1.64836 
v 2.39503 6.05487 1.46979 
v 2.46855 6.01462 1.63689 
v 2.39503 6.05487 1.46979 
v 2.42017 5.99608 1.46226 
v 2.4535 6.15429 1.42699 
v 2.49453 6.06968 1.41744 
v 2.42017 5.99608 1.46226 
v 2.4535 6.15429 1.42699 
v 2.42017 5.99608 1.46226 
v 2.39503 6.05487 1.46979 
v 2.54148 6.08882 1.60387 
v 2.49453 6.06968 1.41744 
v 2.4535 6.15429 1.42699 
v 2.54148 6.08882 1.60387 
v 2.4535 6.15429 1.42699 
v 2.48686 6.19458 1.60343 
v 2.52364 5.89398 1.63166 
v 2.43789 5.86985 1.65754 
v 2.45005 5.74576 1.67523 
v 2.52364 5.89398 1.63166 
v 2.45005 5.74576 1.67523 
v 2.54679 5.72696 1.65548 
v 2.38145 5.81767 1.48201 
v 2.3867 5.66474 1.49895 
v 2.45005 5.74576 1.67523 
v 2.38145 5.81767 1.48201 
v 2.45005 5.74576 1.67523 
v 2.43789 5.86985 1.65754 
v 2.46786 5.84151 1.45052 
v 2.48344 5.64593 1.47888 
v 2.3867 5.66474 1.49895 
v 2.46786 5.84151 1.45052 
v 2.3867 5.66474 1.49895 
v 2.38145 5.81767 1.48201 
v 2.52364 5.89398 1.63166 
v 2.54679 5.72696 1.65548 
v 2.48344 5.64593 1.47888 
v 2.52364 5.89398 1.63166 
v 2.48344 5.64593 1.47888 
v 2.46786 5.84151 1.45052 
v 1.21995 5.70735 1.36594 
v 1.176 5.71684 1.58552 
v 1.23851 5.89291 1.573 
v 1.21995 5.70735 1.36594 
v 1.23851 5.89291 1.573 
v 1.27798 5.87604 1.35064 
v 2.08836 6.20264 1.44362 
v 1.76232 6.28159 1.38574 
v 1.73934 6.32564 1.61827 
v 2.08836 6.20264 1.44362 
v 1.73934 6.32564 1.61827 
v 2.02363 6.31515 1.66702 
v 2.11487 6.2178 1.67313 
v 2.12577 6.1482 1.44793 
v 2.08836 6.20264 1.44362 
v 2.11487 6.2178 1.67313 
v 2.08836 6.20264 1.44362 
v 2.02363 6.31515 1.66702 
v 1.31919 5.70525 1.38234 
v 1.37057 5.84011 1.36008 
v 1.32632 5.84136 1.58554 
v 1.31919 5.70525 1.38234 
v 1.32632 5.84136 1.58554 
v 1.27524 5.71473 1.60192 
v 2.15793 6.15924 1.68392 
v 2.01924 6.17585 1.65984 
v 2.1076 6.10854 1.44883 
v 2.15793 6.15924 1.68392 
v 2.1076 6.10854 1.44883 
v 2.13181 6.13635 1.44818 
v 1.27524 5.71473 1.60192 
v 1.176 5.71684 1.58552 
v 1.21995 5.70735 1.36594 
v 1.27524 5.71473 1.60192 
v 1.21995 5.70735 1.36594 
v 1.31919 5.70525 1.38234 
v 1.21995 5.70735 1.36594 
v 1.27798 5.87604 1.35064 
v 1.37057 5.84011 1.36008 
v 1.21995 5.70735 1.36594 
v 1.37057 5.84011 1.36008 
v 1.31919 5.70525 1.38234 
v 1.176 5.71684 1.58552 
v 1.27524 5.71473 1.60192 
v 1.32632 5.84136 1.58554 
v 1.176 5.71684 1.58552 
v 1.32632 5.84136 1.58554 
v 1.23851 5.89291 1.573 
v 2.02363 6.31515 1.66702 
v 1.73934 6.32564 1.61827 
v 1.78514 6.09226 1.61664 
v 2.02363 6.31515 1.66702 
v 1.78514 6.09226 1.61664 
v 2.01924 6.17585 1.65984 
v 2.15793 6.15924 1.68392 
v 2.11487 6.2178 1.67313 
v 2.02363 6.31515 1.66702 
v 2.15793 6.15924 1.68392 
v 2.02363 6.31515 1.66702 
v 2.01924 6.17585 1.65984 
v 2.1076 6.10854 1.44883 
v 2.08836 6.20264 1.44362 
v 2.12577 6.1482 1.44793 
v 2.1076 6.10854 1.44883 
v 2.12577 6.1482 1.44793 
v 2.13181 6.13635 1.44818 
v 2.15793 6.15924 1.68392 
v 2.13181 6.13635 1.44818 
v 2.12577 6.1482 1.44793 
v 2.15793 6.15924 1.68392 
v 2.12577 6.1482 1.44793 
v 2.11487 6.2178 1.67313 
v 2.1076 6.10854 1.44883 
v 2.01924 6.17585 1.65984 
v 1.78514 6.09226 1.61664 
v 2.1076 6.10854 1.44883 
v 1.78514 6.09226 1.61664 
v 1.8305 6.12127 1.36955 
v 2.08836 6.20264 1.44362 
v 2.1076 6.10854 1.44883 
v 1.8305 6.12127 1.36955 
v 2.08836 6.20264 1.44362 
v 1.8305 6.12127 1.36955 
v 1.76232 6.28159 1.38574 
v 1.35242 6.11867 1.58171 
v 1.42741 6.01164 1.58993 
v 1.61765 6.09457 1.60251 
v 1.35242 6.11867 1.58171 
v 1.61765 6.09457 1.60251 
v 1.55752 6.26591 1.5993 
v 1.472 6.01962 1.35787 
v 1.66264 6.11326 1.3628 
v 1.61765 6.09457 1.60251 
v 1.472 6.01962 1.35787 
v 1.61765 6.09457 1.60251 
v 1.42741 6.01164 1.58993 
v 1.38685 6.0935 1.35625 
v 1.58612 6.23114 1.37025 
v 1.66264 6.11326 1.3628 
v 1.38685 6.0935 1.35625 
v 1.66264 6.11326 1.3628 
v 1.472 6.01962 1.35787 
v 1.35242 6.11867 1.58171 
v 1.55752 6.26591 1.5993 
v 1.58612 6.23114 1.37025 
v 1.35242 6.11867 1.58171 
v 1.58612 6.23114 1.37025 
v 1.38685 6.0935 1.35625 
v 1.55752 6.26591 1.5993 
v 1.61765 6.09457 1.60251 
v 1.78514 6.09226 1.61664 
v 1.55752 6.26591 1.5993 
v 1.78514 6.09226 1.61664 
v 1.73934 6.32564 1.61827 
v 1.66264 6.11326 1.3628 
v 1.8305 6.12127 1.36955 
v 1.78514 6.09226 1.61664 
v 1.66264 6.11326 1.3628 
v 1.78514 6.09226 1.61664 
v 1.61765 6.09457 1.60251 
v 1.58612 6.23114 1.37025 
v 1.76232 6.28159 1.38574 
v 1.8305 6.12127 1.36955 
v 1.58612 6.23114 1.37025 
v 1.8305 6.12127 1.36955 
v 1.66264 6.11326 1.3628 
v 1.55752 6.26591 1.5993 
v 1.73934 6.32564 1.61827 
v 1.76232 6.28159 1.38574 
v 1.55752 6.26591 1.5993 
v 1.76232 6.28159 1.38574 
v 1.58612 6.23114 1.37025 
v 1.23851 5.89291 1.573 
v 1.32632 5.84136 1.58554 
v 1.42741 6.01164 1.58993 
v 1.23851 5.89291 1.573 
v 1.42741 6.01164 1.58993 
v 1.35242 6.11867 1.58171 
v 1.37057 5.84011 1.36008 
v 1.472 6.01962 1.35787 
v 1.42741 6.01164 1.58993 
v 1.37057 5.84011 1.36008 
v 1.42741 6.01164 1.58993 
v 1.32632 5.84136 1.58554 
v 1.27798 5.87604 1.35064 
v 1.38685 6.0935 1.35625 
v 1.472 6.01962 1.35787 
v 1.27798 5.87604 1.35064 
v 1.472 6.01962 1.35787 
v 1.37057 5.84011 1.36008 
v 1.23851 5.89291 1.573 
v 1.35242 6.11867 1.58171 
v 1.38685 6.0935 1.35625 
v 1.23851 5.89291 1.573 
v 1.38685 6.0935 1.35625 
v 1.27798 5.87604 1.35064 
v 2.21076 6.15421 2.04013 
v 2.10869 6.15421 2.02606 
v 2.20037 6.32162 2.0387 
v 2.21076 6.15421 2.04013 
v 2.20037 6.32162 2.0387 
v 2.27413 6.24682 2.04886 
v 2.62088 6.25951 2.09665 
v 2.62433 6.36764 2.09713 
v 2.60042 6.36764 2.27056 
v 2.62088 6.25951 2.09665 
v 2.60042 6.36764 2.27056 
v 2.59698 6.25951 2.27008 
v 2.25022 6.24682 2.22229 
v 2.17647 6.32162 2.21213 
v 2.08478 6.15421 2.19949 
v 2.25022 6.24682 2.22229 
v 2.08478 6.15421 2.19949 
v 2.18686 6.15421 2.21356 
v 2.18686 6.15421 2.21356 
v 2.08478 6.15421 2.19949 
v 2.10869 6.15421 2.02606 
v 2.18686 6.15421 2.21356 
v 2.10869 6.15421 2.02606 
v 2.21076 6.15421 2.04013 
v 2.10869 6.15421 2.02606 
v 2.08478 6.15421 2.19949 
v 2.17647 6.32162 2.21213 
v 2.10869 6.15421 2.02606 
v 2.17647 6.32162 2.21213 
v 2.20037 6.32162 2.0387 
v 2.18686 6.15421 2.21356 
v 2.21076 6.15421 2.04013 
v 2.27413 6.24682 2.04886 
v 2.18686 6.15421 2.21356 
v 2.27413 6.24682 2.04886 
v 2.25022 6.24682 2.22229 
v 2.27413 6.24682 2.04886 
v 2.20037 6.32162 2.0387 
v 2.29519 6.3727 2.05176 
v 2.27413 6.24682 2.04886 
v 2.29519 6.3727 2.05176 
v 2.32715 6.2834 2.05617 
v 2.25022 6.24682 2.22229 
v 2.27413 6.24682 2.04886 
v 2.32715 6.2834 2.05617 
v 2.25022 6.24682 2.22229 
v 2.32715 6.2834 2.05617 
v 2.30325 6.2834 2.2296 
v 2.30325 6.2834 2.2296 
v 2.27128 6.3727 2.22519 
v 2.17647 6.32162 2.21213 
v 2.30325 6.2834 2.2296 
v 2.17647 6.32162 2.21213 
v 2.25022 6.24682 2.22229 
v 2.20037 6.32162 2.0387 
v 2.17647 6.32162 2.21213 
v 2.27128 6.3727 2.22519 
v 2.20037 6.32162 2.0387 
v 2.27128 6.3727 2.22519 
v 2.29519 6.3727 2.05176 
v 2.40282 6.28931 2.0666 
v 2.40982 6.39213 2.06756 
v 2.51489 6.38836 2.08205 
v 2.40282 6.28931 2.0666 
v 2.51489 6.38836 2.08205 
v 2.50963 6.28294 2.08132 
v 2.37892 6.28931 2.24003 
v 2.40282 6.28931 2.0666 
v 2.50963 6.28294 2.08132 
v 2.37892 6.28931 2.24003 
v 2.50963 6.28294 2.08132 
v 2.48573 6.28294 2.25475 
v 2.48573 6.28294 2.25475 
v 2.49099 6.38836 2.25548 
v 2.38592 6.39213 2.24099 
v 2.48573 6.28294 2.25475 
v 2.38592 6.39213 2.24099 
v 2.37892 6.28931 2.24003 
v 2.40982 6.39213 2.06756 
v 2.38592 6.39213 2.24099 
v 2.49099 6.38836 2.25548 
v 2.40982 6.39213 2.06756 
v 2.49099 6.38836 2.25548 
v 2.51489 6.38836 2.08205 
v 2.32715 6.2834 2.05617 
v 2.29519 6.3727 2.05176 
v 2.40982 6.39213 2.06756 
v 2.32715 6.2834 2.05617 
v 2.40982 6.39213 2.06756 
v 2.40282 6.28931 2.0666 
v 2.30325 6.2834 2.2296 
v 2.32715 6.2834 2.05617 
v 2.40282 6.28931 2.0666 
v 2.30325 6.2834 2.2296 
v 2.40282 6.28931 2.0666 
v 2.37892 6.28931 2.24003 
v 2.37892 6.28931 2.24003 
v 2.38592 6.39213 2.24099 
v 2.27128 6.3727 2.22519 
v 2.37892 6.28931 2.24003 
v 2.27128 6.3727 2.22519 
v 2.30325 6.2834 2.2296 
v 2.29519 6.3727 2.05176 
v 2.27128 6.3727 2.22519 
v 2.38592 6.39213 2.24099 
v 2.29519 6.3727 2.05176 
v 2.38592 6.39213 2.24099 
v 2.40982 6.39213 2.06756 
v 2.50963 6.28294 2.08132 
v 2.51489 6.38836 2.08205 
v 2.62433 6.36764 2.09713 
v 2.50963 6.28294 2.08132 
v 2.62433 6.36764 2.09713 
v 2.62088 6.25951 2.09665 
v 2.48573 6.28294 2.25475 
v 2.50963 6.28294 2.08132 
v 2.62088 6.25951 2.09665 
v 2.48573 6.28294 2.25475 
v 2.62088 6.25951 2.09665 
v 2.59698 6.25951 2.27008 
v 2.59698 6.25951 2.27008 
v 2.60042 6.36764 2.27056 
v 2.49099 6.38836 2.25548 
v 2.59698 6.25951 2.27008 
v 2.49099 6.38836 2.25548 
v 2.48573 6.28294 2.25475 
v 2.51489 6.38836 2.08205 
v 2.49099 6.38836 2.25548 
v 2.60042 6.36764 2.27056 
v 2.51489 6.38836 2.08205 
v 2.60042 6.36764 2.27056 
v 2.62433 6.36764 2.09713 
v 1.86421 5.61796 1.08424 
v 1.7458 5.61996 1.21738 
v 1.66026 5.66362 1.13328 
v 1.86421 5.61796 1.08424 
v 1.66026 5.66362 1.13328 
v 1.77867 5.66162 1.00015 
v 2.04016 6.29783 1.2028 
v 1.85964 6.29783 1.27576 
v 1.89213 6.29695 1.32645 
v 2.04016 6.29783 1.2028 
v 1.89213 6.29695 1.32645 
v 2.05971 6.26389 1.29288 
v 2.09215 6.16882 1.34884 
v 1.92386 6.22001 1.39391 
v 1.92386 6.08618 1.39391 
v 2.09215 6.16882 1.34884 
v 1.92386 6.08618 1.39391 
v 2.12494 6.07636 1.39468 
v 2.09135 6.08106 1.31623 
v 1.89213 6.08606 1.32645 
v 1.85964 6.08594 1.27576 
v 2.09135 6.08106 1.31623 
v 1.85964 6.08594 1.27576 
v 2.03294 6.08594 1.22154 
v 1.85964 6.08594 1.27576 
v 1.89213 6.08606 1.32645 
v 1.89213 6.29695 1.32645 
v 1.85964 6.08594 1.27576 
v 1.89213 6.29695 1.32645 
v 1.85964 6.29783 1.27576 
v 2.09135 6.08106 1.31623 
v 2.03294 6.08594 1.22154 
v 2.04016 6.29783 1.2028 
v 2.09135 6.08106 1.31623 
v 2.04016 6.29783 1.2028 
v 2.05971 6.26389 1.29288 
v 2.03294 6.08594 1.22154 
v 1.85964 6.08594 1.27576 
v 1.81985 6.07354 1.24141 
v 2.03294 6.08594 1.22154 
v 1.81985 6.07354 1.24141 
v 1.99875 6.07253 1.15611 
v 1.85964 6.08594 1.27576 
v 1.85964 6.29783 1.27576 
v 1.78619 6.24516 1.17083 
v 1.85964 6.08594 1.27576 
v 1.78619 6.24516 1.17083 
v 1.81985 6.07354 1.24141 
v 1.85964 6.29783 1.27576 
v 2.04016 6.29783 1.2028 
v 1.96509 6.24416 1.08553 
v 1.85964 6.29783 1.27576 
v 1.96509 6.24416 1.08553 
v 1.78619 6.24516 1.17083 
v 2.04016 6.29783 1.2028 
v 2.03294 6.08594 1.22154 
v 1.99875 6.07253 1.15611 
v 2.04016 6.29783 1.2028 
v 1.99875 6.07253 1.15611 
v 1.96509 6.24416 1.08553 
v 1.93449 6.02399 1.10349 
v 1.76935 6.02599 1.21355 
v 1.7426 5.89696 1.20129 
v 1.93449 6.02399 1.10349 
v 1.7426 5.89696 1.20129 
v 1.88618 5.89496 1.07175 
v 1.76935 6.02599 1.21355 
v 1.70286 6.11134 1.11307 
v 1.66328 5.96334 1.11077 
v 1.76935 6.02599 1.21355 
v 1.66328 5.96334 1.11077 
v 1.7426 5.89696 1.20129 
v 1.70286 6.11134 1.11307 
v 1.868 6.10934 1.00301 
v 1.80686 5.96134 0.981237 
v 1.70286 6.11134 1.11307 
v 1.80686 5.96134 0.981237 
v 1.66328 5.96334 1.11077 
v 1.868 6.10934 1.00301 
v 1.93449 6.02399 1.10349 
v 1.88618 5.89496 1.07175 
v 1.868 6.10934 1.00301 
v 1.88618 5.89496 1.07175 
v 1.80686 5.96134 0.981237 
v 1.6517 5.78611 1.12171 
v 1.77782 5.78411 0.983227 
v 1.77867 5.66162 1.00015 
v 1.6517 5.78611 1.12171 
v 1.77867 5.66162 1.00015 
v 1.66026 5.66362 1.13328 
v 1.73824 5.74245 1.20511 
v 1.6517 5.78611 1.12171 
v 1.66026 5.66362 1.13328 
v 1.73824 5.74245 1.20511 
v 1.66026 5.66362 1.13328 
v 1.7458 5.61996 1.21738 
v 1.86437 5.74045 1.06663 
v 1.73824 5.74245 1.20511 
v 1.7458 5.61996 1.21738 
v 1.86437 5.74045 1.06663 
v 1.7458 5.61996 1.21738 
v 1.86421 5.61796 1.08424 
v 1.77782 5.78411 0.983227 
v 1.86437 5.74045 1.06663 
v 1.86421 5.61796 1.08424 
v 1.77782 5.78411 0.983227 
v 1.86421 5.61796 1.08424 
v 1.77867 5.66162 1.00015 
v 1.78619 6.24516 1.17083 
v 1.96509 6.24416 1.08553 
v 1.868 6.10934 1.00301 
v 1.78619 6.24516 1.17083 
v 1.868 6.10934 1.00301 
v 1.70286 6.11134 1.11307 
v 1.81985 6.07354 1.24141 
v 1.78619 6.24516 1.17083 
v 1.70286 6.11134 1.11307 
v 1.81985 6.07354 1.24141 
v 1.70286 6.11134 1.11307 
v 1.76935 6.02599 1.21355 
v 1.99875 6.07253 1.15611 
v 1.81985 6.07354 1.24141 
v 1.76935 6.02599 1.21355 
v 1.99875 6.07253 1.15611 
v 1.76935 6.02599 1.21355 
v 1.93449 6.02399 1.10349 
v 1.96509 6.24416 1.08553 
v 1.99875 6.07253 1.15611 
v 1.93449 6.02399 1.10349 
v 1.96509 6.24416 1.08553 
v 1.93449 6.02399 1.10349 
v 1.868 6.10934 1.00301 
v 2.12494 6.07636 1.39468 
v 2.09135 6.08106 1.31623 
v 2.05971 6.26389 1.29288 
v 2.12494 6.07636 1.39468 
v 2.05971 6.26389 1.29288 
v 2.09215 6.16882 1.34884 
v 2.12494 6.07636 1.39468 
v 1.92386 6.08618 1.39391 
v 1.89213 6.08606 1.32645 
v 2.12494 6.07636 1.39468 
v 1.89213 6.08606 1.32645 
v 2.09135 6.08106 1.31623 
v 1.89213 6.29695 1.32645 
v 1.89213 6.08606 1.32645 
v 1.92386 6.08618 1.39391 
v 1.89213 6.29695 1.32645 
v 1.92386 6.08618 1.39391 
v 1.92386 6.22001 1.39391 
v 2.05971 6.26389 1.29288 
v 1.89213 6.29695 1.32645 
v 1.92386 6.22001 1.39391 
v 2.05971 6.26389 1.29288 
v 1.92386 6.22001 1.39391 
v 2.09215 6.16882 1.34884 
v 1.66328 5.96334 1.11077 
v 1.80686 5.96134 0.981237 
v 1.77782 5.78411 0.983227 
v 1.66328 5.96334 1.11077 
v 1.77782 5.78411 0.983227 
v 1.6517 5.78611 1.12171 
v 1.7426 5.89696 1.20129 
v 1.66328 5.96334 1.11077 
v 1.6517 5.78611 1.12171 
v 1.7426 5.89696 1.20129 
v 1.6517 5.78611 1.12171 
v 1.73824 5.74245 1.20511 
v 1.88618 5.89496 1.07175 
v 1.7426 5.89696 1.20129 
v 1.73824 5.74245 1.20511 
v 1.88618 5.89496 1.07175 
v 1.73824 5.74245 1.20511 
v 1.86437 5.74045 1.06663 
v 1.80686 5.96134 0.981237 
v 1.88618 5.89496 1.07175 
v 1.86437 5.74045 1.06663 
v 1.80686 5.96134 0.981237 
v 1.86437 5.74045 1.06663 
v 1.77782 5.78411 0.983227 
v 2.41288 6.37575 1.87788 
v 2.37349 6.47507 1.86698 
v 2.3225 6.47303 2.03445 
v 2.41288 6.37575 1.87788 
v 2.3225 6.47303 2.03445 
v 2.3619 6.37371 2.04535 
v 2.21516 6.21629 1.81592 
v 2.14863 6.28932 1.79647 
v 2.24832 6.40651 1.82811 
v 2.21516 6.21629 1.81592 
v 2.24832 6.40651 1.82811 
v 2.30472 6.32079 1.84434 
v 2.16417 6.21426 1.98338 
v 2.21516 6.21629 1.81592 
v 2.30472 6.32079 1.84434 
v 2.16417 6.21426 1.98338 
v 2.30472 6.32079 1.84434 
v 2.25373 6.31876 2.01181 
v 2.25373 6.31876 2.01181 
v 2.19733 6.40447 1.99558 
v 2.09764 6.28728 1.96393 
v 2.25373 6.31876 2.01181 
v 2.09764 6.28728 1.96393 
v 2.16417 6.21426 1.98338 
v 2.14863 6.28932 1.79647 
v 2.09764 6.28728 1.96393 
v 2.19733 6.40447 1.99558 
v 2.14863 6.28932 1.79647 
v 2.19733 6.40447 1.99558 
v 2.24832 6.40651 1.82811 
v 2.17857 6.14515 1.80399 
v 2.0968 6.17813 1.77946 
v 2.14863 6.28932 1.79647 
v 2.17857 6.14515 1.80399 
v 2.14863 6.28932 1.79647 
v 2.21516 6.21629 1.81592 
v 2.12757 6.14312 1.97146 
v 2.17857 6.14515 1.80399 
v 2.21516 6.21629 1.81592 
v 2.12757 6.14312 1.97146 
v 2.21516 6.21629 1.81592 
v 2.16417 6.21426 1.98338 
v 2.16417 6.21426 1.98338 
v 2.09764 6.28728 1.96393 
v 2.0458 6.17609 1.94692 
v 2.16417 6.21426 1.98338 
v 2.0458 6.17609 1.94692 
v 2.12757 6.14312 1.97146 
v 2.0968 6.17813 1.77946 
v 2.0458 6.17609 1.94692 
v 2.09764 6.28728 1.96393 
v 2.0968 6.17813 1.77946 
v 2.09764 6.28728 1.96393 
v 2.14863 6.28932 1.79647 
v 2.30472 6.32079 1.84434 
v 2.24832 6.40651 1.82811 
v 2.37349 6.47507 1.86698 
v 2.30472 6.32079 1.84434 
v 2.37349 6.47507 1.86698 
v 2.41288 6.37575 1.87788 
v 2.25373 6.31876 2.01181 
v 2.30472 6.32079 1.84434 
v 2.41288 6.37575 1.87788 
v 2.25373 6.31876 2.01181 
v 2.41288 6.37575 1.87788 
v 2.3619 6.37371 2.04535 
v 2.3619 6.37371 2.04535 
v 2.3225 6.47303 2.03445 
v 2.19733 6.40447 1.99558 
v 2.3619 6.37371 2.04535 
v 2.19733 6.40447 1.99558 
v 2.25373 6.31876 2.01181 
v 2.24832 6.40651 1.82811 
v 2.19733 6.40447 1.99558 
v 2.3225 6.47303 2.03445 
v 2.24832 6.40651 1.82811 
v 2.3225 6.47303 2.03445 
v 2.37349 6.47507 1.86698 
v 2.00371 6.14844 2.19294 
v 1.96937 6.25068 2.22771 
v 2.05097 6.30864 2.19758 
v 2.00371 6.14844 2.19294 
v 2.05097 6.30864 2.19758 
v 2.09304 6.12834 2.14537 
v 1.6688 6.33126 2.39001 
v 1.74522 6.30145 2.54494 
v 1.76686 6.40692 2.55268 
v 1.6688 6.33126 2.39001 
v 1.76686 6.40692 2.55268 
v 1.69044 6.43672 2.39774 
v 2.04578 6.22087 2.38264 
v 2.08012 6.11863 2.34787 
v 2.16945 6.09854 2.30031 
v 2.04578 6.22087 2.38264 
v 2.16945 6.09854 2.30031 
v 2.12738 6.27884 2.35251 
v 2.09304 6.12834 2.14537 
v 2.05097 6.30864 2.19758 
v 2.12738 6.27884 2.35251 
v 2.09304 6.12834 2.14537 
v 2.12738 6.27884 2.35251 
v 2.16945 6.09854 2.30031 
v 2.08012 6.11863 2.34787 
v 2.04578 6.22087 2.38264 
v 1.96937 6.25068 2.22771 
v 2.08012 6.11863 2.34787 
v 1.96937 6.25068 2.22771 
v 2.00371 6.14844 2.19294 
v 1.96937 6.25068 2.22771 
v 1.9313 6.29656 2.25449 
v 1.97964 6.37681 2.24465 
v 1.96937 6.25068 2.22771 
v 1.97964 6.37681 2.24465 
v 2.05097 6.30864 2.19758 
v 2.04578 6.22087 2.38264 
v 2.00772 6.26676 2.40942 
v 1.9313 6.29656 2.25449 
v 2.04578 6.22087 2.38264 
v 1.9313 6.29656 2.25449 
v 1.96937 6.25068 2.22771 
v 2.00772 6.26676 2.40942 
v 2.04578 6.22087 2.38264 
v 2.12738 6.27884 2.35251 
v 2.00772 6.26676 2.40942 
v 2.12738 6.27884 2.35251 
v 2.05605 6.34701 2.39959 
v 2.05097 6.30864 2.19758 
v 1.97964 6.37681 2.24465 
v 2.05605 6.34701 2.39959 
v 2.05097 6.30864 2.19758 
v 2.05605 6.34701 2.39959 
v 2.12738 6.27884 2.35251 
v 1.86643 6.31719 2.29009 
v 1.7715 6.33205 2.3395 
v 1.79093 6.43525 2.34792 
v 1.86643 6.31719 2.29009 
v 1.79093 6.43525 2.34792 
v 1.88374 6.41821 2.29917 
v 1.94284 6.28739 2.44502 
v 1.84792 6.30224 2.49443 
v 1.7715 6.33205 2.3395 
v 1.94284 6.28739 2.44502 
v 1.7715 6.33205 2.3395 
v 1.86643 6.31719 2.29009 
v 1.84792 6.30224 2.49443 
v 1.94284 6.28739 2.44502 
v 1.96016 6.38841 2.45411 
v 1.84792 6.30224 2.49443 
v 1.96016 6.38841 2.45411 
v 1.86735 6.40545 2.50285 
v 1.88374 6.41821 2.29917 
v 1.79093 6.43525 2.34792 
v 1.86735 6.40545 2.50285 
v 1.88374 6.41821 2.29917 
v 1.86735 6.40545 2.50285 
v 1.96016 6.38841 2.45411 
v 1.9313 6.29656 2.25449 
v 1.86643 6.31719 2.29009 
v 1.88374 6.41821 2.29917 
v 1.9313 6.29656 2.25449 
v 1.88374 6.41821 2.29917 
v 1.97964 6.37681 2.24465 
v 2.00772 6.26676 2.40942 
v 1.94284 6.28739 2.44502 
v 1.86643 6.31719 2.29009 
v 2.00772 6.26676 2.40942 
v 1.86643 6.31719 2.29009 
v 1.9313 6.29656 2.25449 
v 1.94284 6.28739 2.44502 
v 2.00772 6.26676 2.40942 
v 2.05605 6.34701 2.39959 
v 1.94284 6.28739 2.44502 
v 2.05605 6.34701 2.39959 
v 1.96016 6.38841 2.45411 
v 1.97964 6.37681 2.24465 
v 1.88374 6.41821 2.29917 
v 1.96016 6.38841 2.45411 
v 1.97964 6.37681 2.24465 
v 1.96016 6.38841 2.45411 
v 2.05605 6.34701 2.39959 
v 1.7715 6.33205 2.3395 
v 1.6688 6.33126 2.39001 
v 1.69044 6.43672 2.39774 
v 1.7715 6.33205 2.3395 
v 1.69044 6.43672 2.39774 
v 1.79093 6.43525 2.34792 
v 1.84792 6.30224 2.49443 
v 1.74522 6.30145 2.54494 
v 1.6688 6.33126 2.39001 
v 1.84792 6.30224 2.49443 
v 1.6688 6.33126 2.39001 
v 1.7715 6.33205 2.3395 
v 1.74522 6.30145 2.54494 
v 1.84792 6.30224 2.49443 
v 1.86735 6.40545 2.50285 
v 1.74522 6.30145 2.54494 
v 1.86735 6.40545 2.50285 
v 1.76686 6.40692 2.55268 
v 1.79093 6.43525 2.34792 
v 1.69044 6.43672 2.39774 
v 1.76686 6.40692 2.55268 
v 1.79093 6.43525 2.34792 
v 1.76686 6.40692 2.55268 
v 1.86735 6.40545 2.50285 
v 1.88038 6.21211 1.98286 
v 2.30053 6.16341 2.15584 
v 2.31784 6.16341 2.06881 
v 1.88038 6.21211 1.98286 
v 2.2019 6.16341 2.30334 
v 2.30053 6.16341 2.15584 
v 1.88038 6.21211 1.98286 
v 2.05436 6.16341 2.40201 
v 2.2019 6.16341 2.30334 
v 1.88038 6.21211 1.98286 
v 1.88038 6.16341 2.43659 
v 2.05436 6.16341 2.40201 
v 1.88038 6.21211 1.98286 
v 2.05436 6.16341 1.56154 
v 1.88038 6.16341 1.52696 
v 2.05436 6.16341 1.56154 
v 1.88038 6.21211 1.98286 
v 2.13599 6.16341 1.61615 
v 1.88038 6.21211 1.98286 
v 2.30053 6.16341 1.80771 
v 2.2019 6.16341 1.66021 
v 1.88038 6.21211 1.98286 
v 2.33515 6.16341 1.98177 
v 2.30053 6.16341 1.80771 
v 2.31784 6.16341 2.06881 
v 2.48685 6.09262 2.10349 
v 2.51083 6.09262 1.98286 
v 2.31784 6.16341 2.06881 
v 2.51083 6.09262 1.98286 
v 2.33515 6.16341 1.98177 
v 2.2019 6.16341 2.30334 
v 2.32617 6.09262 2.4287 
v 2.46288 6.09262 2.22411 
v 2.2019 6.16341 2.30334 
v 2.46288 6.09262 2.22411 
v 2.30053 6.16341 2.15584 
v 2.05436 6.16341 2.40201 
v 2.12168 6.09262 2.56541 
v 2.32617 6.09262 2.4287 
v 2.05436 6.16341 2.40201 
v 2.32617 6.09262 2.4287 
v 2.2019 6.16341 2.30334 
v 1.88038 6.16341 2.43659 
v 1.88038 6.09262 2.61337 
v 2.12168 6.09262 2.56541 
v 1.88038 6.16341 2.43659 
v 2.12168 6.09262 2.56541 
v 2.05436 6.16341 2.40201 
v 2.05436 6.16341 1.56154 
v 2.12494 6.07636 1.39468 
v 1.88038 6.09262 1.35235 
v 2.05436 6.16341 1.56154 
v 1.88038 6.09262 1.35235 
v 1.88038 6.16341 1.52696 
v 2.05436 6.16341 1.56154 
v 2.13599 6.16341 1.61615 
v 2.2347 6.09262 1.47588 
v 2.05436 6.16341 1.56154 
v 2.2347 6.09262 1.47588 
v 2.12494 6.07636 1.39468 
v 2.30053 6.16341 1.80771 
v 2.46288 6.09262 1.7415 
v 2.32617 6.09262 1.53702 
v 2.30053 6.16341 1.80771 
v 2.32617 6.09262 1.53702 
v 2.2019 6.16341 1.66021 
v 2.33515 6.16341 1.98177 
v 2.51083 6.09262 1.98286 
v 2.46288 6.09262 1.7415 
v 2.33515 6.16341 1.98177 
v 2.46288 6.09262 1.7415 
v 2.30053 6.16341 1.80771 
v 2.48685 6.09262 2.10349 
v 2.53675 5.99296 2.11345 
v 2.56271 5.99296 1.98286 
v 2.48685 6.09262 2.10349 
v 2.56271 5.99296 1.98286 
v 2.51083 6.09262 1.98286 
v 2.32617 6.09262 2.4287 
v 2.36291 5.99296 2.46534 
v 2.5108 5.99296 2.24404 
v 2.32617 6.09262 2.4287 
v 2.5108 5.99296 2.24404 
v 2.46288 6.09262 2.22411 
v 2.12168 6.09262 2.56541 
v 2.1415 5.99296 2.61323 
v 2.36291 5.99296 2.46534 
v 2.12168 6.09262 2.56541 
v 2.36291 5.99296 2.46534 
v 2.32617 6.09262 2.4287 
v 1.88038 6.09262 2.61337 
v 1.88038 5.99296 2.66525 
v 2.1415 5.99296 2.61323 
v 1.88038 6.09262 2.61337 
v 2.1415 5.99296 2.61323 
v 2.12168 6.09262 2.56541 
v 2.12494 6.07636 1.39468 
v 2.2347 6.09262 1.47588 
v 2.26387 5.99296 1.43418 
v 2.46288 6.09262 1.7415 
v 2.5108 5.99296 1.72169 
v 2.36291 5.99296 1.50039 
v 2.46288 6.09262 1.7415 
v 2.36291 5.99296 1.50039 
v 2.32617 6.09262 1.53702 
v 2.51083 6.09262 1.98286 
v 2.56271 5.99296 1.98286 
v 2.5108 5.99296 1.72169 
v 2.51083 6.09262 1.98286 
v 2.5108 5.99296 1.72169 
v 2.46288 6.09262 1.7415 
v 2.53714 5.65896 2.13259 
v 2.56305 5.62303 2.02114 
v 2.56288 5.81326 2.00146 
v 2.53714 5.65896 2.13259 
v 2.56288 5.81326 2.00146 
v 2.53694 5.83071 2.12275 
v 2.3626 5.74947 2.46532 
v 2.36227 5.49172 2.46531 
v 2.51124 5.59748 2.24404 
v 2.3626 5.74947 2.46532 
v 2.51124 5.59748 2.24404 
v 2.51101 5.80085 2.24404 
v 2.1415 5.99296 2.61323 
v 2.15718 5.72994 2.63666 
v 2.37827 5.74233 2.48877 
v 2.1415 5.99296 2.61323 
v 2.37827 5.74233 2.48877 
v 2.36291 5.99296 2.46534 
v 1.88038 5.72817 2.66524 
v 1.88038 5.46694 2.66522 
v 2.1415 5.44019 2.6132 
v 1.88038 5.72817 2.66524 
v 2.1415 5.44019 2.6132 
v 2.1415 5.72817 2.61322 
v 2.5072 5.61752 1.72169 
v 2.50905 5.81058 1.72169 
v 2.56288 5.81326 2.00146 
v 2.5072 5.61752 1.72169 
v 2.56288 5.81326 2.00146 
v 2.56305 5.62303 2.02114 
v 2.2347 6.09262 1.47588 
v 2.13599 6.16341 1.61615 
v 2.2019 6.16341 1.66021 
v 2.2347 6.09262 1.47588 
v 2.2019 6.16341 1.66021 
v 2.32617 6.09262 1.53702 
v 2.26387 5.99296 1.43418 
v 2.2347 6.09262 1.47588 
v 2.32617 6.09262 1.53702 
v 2.26387 5.99296 1.43418 
v 2.32617 6.09262 1.53702 
v 2.36291 5.99296 1.50039 
v 2.13599 6.16341 1.61615 
v 1.88038 6.21211 1.98286 
v 2.2019 6.16341 1.66021 
v 2.50376 5.25829 1.72169 
v 2.50527 5.41626 1.74312 
v 2.56323 5.43141 1.99511 
v 2.50376 5.25829 1.72169 
v 2.56323 5.43141 1.99511 
v 2.56337 5.27758 1.94305 
v 2.5072 5.61752 1.72169 
v 2.36661 5.88589 1.50039 
v 2.3647 5.94095 1.50039 
v 2.5072 5.61752 1.72169 
v 2.3647 5.94095 1.50039 
v 2.50905 5.81058 1.72169 
v 2.26709 5.94717 1.43418 
v 2.26543 5.97072 1.43418 
v 2.3647 5.94095 1.50039 
v 2.26709 5.94717 1.43418 
v 2.3647 5.94095 1.50039 
v 2.36661 5.88589 1.50039 
v 2.12494 6.07636 1.39468 
v 2.26387 5.99296 1.43418 
v 2.26543 5.97072 1.43418 
v 2.12494 6.07636 1.39468 
v 2.26543 5.97072 1.43418 
v 2.26709 5.94717 1.43418 
v 2.36227 5.49172 2.46531 
v 2.36212 5.40593 2.46532 
v 2.50277 5.50398 2.25676 
v 2.36227 5.49172 2.46531 
v 2.50277 5.50398 2.25676 
v 2.51124 5.59748 2.24404 
v 2.1415 5.44019 2.6132 
v 2.1415 5.34256 2.6132 
v 2.36212 5.40593 2.46532 
v 2.1415 5.44019 2.6132 
v 2.36212 5.40593 2.46532 
v 2.36227 5.49172 2.46531 
v 1.88038 5.46694 2.66522 
v 1.88038 5.34256 2.66522 
v 2.1415 5.34256 2.6132 
v 1.88038 5.46694 2.66522 
v 2.1415 5.34256 2.6132 
v 2.1415 5.44019 2.6132 
v 2.50624 5.51771 1.73232 
v 2.5072 5.61752 1.72169 
v 2.56305 5.62303 2.02114 
v 2.50624 5.51771 1.73232 
v 2.56305 5.62303 2.02114 
v 2.56314 5.528 2.01042 
v 2.36212 5.40593 2.46532 
v 2.36195 5.2892 2.46532 
v 2.47532 5.41192 2.2976 
v 2.36212 5.40593 2.46532 
v 2.47532 5.41192 2.2976 
v 2.50277 5.50398 2.25676 
v 2.1415 5.34256 2.6132 
v 2.1415 5.21307 2.6132 
v 2.36195 5.2892 2.46532 
v 2.1415 5.34256 2.6132 
v 2.36195 5.2892 2.46532 
v 2.36212 5.40593 2.46532 
v 1.88038 5.34256 2.66522 
v 1.87916 5.20078 2.66776 
v 2.1415 5.21307 2.6132 
v 1.88038 5.34256 2.66522 
v 2.1415 5.21307 2.6132 
v 2.1415 5.34256 2.6132 
v 2.50527 5.41626 1.74312 
v 2.50624 5.51771 1.73232 
v 2.56314 5.528 2.01042 
v 2.50527 5.41626 1.74312 
v 2.56314 5.528 2.01042 
v 2.56323 5.43141 1.99511 
v 1.88038 6.21211 1.98286 
v 1.4256 6.16341 1.98177 
v 1.44292 6.16341 2.06881 
v 1.88038 6.21211 1.98286 
v 1.46023 6.16341 2.15584 
v 1.55886 6.16341 2.30334 
v 1.88038 6.21211 1.98286 
v 1.55886 6.16341 2.30334 
v 1.7064 6.16341 2.40201 
v 1.88038 6.21211 1.98286 
v 1.7064 6.16341 2.40201 
v 1.88038 6.16341 2.43659 
v 1.88038 6.21211 1.98286 
v 1.88038 6.16341 1.52696 
v 1.7064 6.16341 1.56154 
v 1.7064 6.16341 1.56154 
v 1.62477 6.16341 1.61615 
v 1.88038 6.21211 1.98286 
v 1.88038 6.21211 1.98286 
v 1.55886 6.16341 1.66021 
v 1.46023 6.16341 1.80771 
v 1.88038 6.21211 1.98286 
v 1.46023 6.16341 1.80771 
v 1.4256 6.16341 1.98177 
v 1.44292 6.16341 2.06881 
v 1.4256 6.16341 1.98177 
v 1.24992 6.09262 1.98286 
v 1.44292 6.16341 2.06881 
v 1.24992 6.09262 1.98286 
v 1.2739 6.09262 2.10349 
v 1.55886 6.16341 2.30334 
v 1.46023 6.16341 2.15584 
v 1.29788 6.09262 2.22411 
v 1.55886 6.16341 2.30334 
v 1.29788 6.09262 2.22411 
v 1.43459 6.09262 2.4287 
v 1.7064 6.16341 2.40201 
v 1.55886 6.16341 2.30334 
v 1.43459 6.09262 2.4287 
v 1.7064 6.16341 2.40201 
v 1.43459 6.09262 2.4287 
v 1.63908 6.09262 2.56541 
v 1.88038 6.16341 2.43659 
v 1.7064 6.16341 2.40201 
v 1.63908 6.09262 2.56541 
v 1.88038 6.16341 2.43659 
v 1.63908 6.09262 2.56541 
v 1.88038 6.09262 2.61337 
v 1.7064 6.16341 1.56154 
v 1.88038 6.16341 1.52696 
v 1.88038 6.09262 1.35235 
v 1.7064 6.16341 1.56154 
v 1.88038 6.09262 1.35235 
v 1.63908 6.09262 1.40031 
v 1.7064 6.16341 1.56154 
v 1.63908 6.09262 1.40031 
v 1.52606 6.09262 1.47588 
v 1.7064 6.16341 1.56154 
v 1.52606 6.09262 1.47588 
v 1.62477 6.16341 1.61615 
v 1.46023 6.16341 1.80771 
v 1.55886 6.16341 1.66021 
v 1.43459 6.09262 1.53702 
v 1.46023 6.16341 1.80771 
v 1.43459 6.09262 1.53702 
v 1.29788 6.09262 1.7415 
v 1.4256 6.16341 1.98177 
v 1.46023 6.16341 1.80771 
v 1.29788 6.09262 1.7415 
v 1.4256 6.16341 1.98177 
v 1.29788 6.09262 1.7415 
v 1.24992 6.09262 1.98286 
v 1.2739 6.09262 2.10349 
v 1.24992 6.09262 1.98286 
v 1.19805 5.99296 1.98286 
v 1.2739 6.09262 2.10349 
v 1.19805 5.99296 1.98286 
v 1.224 5.99296 2.11345 
v 1.43459 6.09262 2.4287 
v 1.29788 6.09262 2.22411 
v 1.24996 5.99296 2.24404 
v 1.43459 6.09262 2.4287 
v 1.24996 5.99296 2.24404 
v 1.39785 5.99296 2.46534 
v 1.63908 6.09262 2.56541 
v 1.43459 6.09262 2.4287 
v 1.39785 5.99296 2.46534 
v 1.63908 6.09262 2.56541 
v 1.39785 5.99296 2.46534 
v 1.61926 5.99296 2.61323 
v 1.88038 6.09262 2.61337 
v 1.63908 6.09262 2.56541 
v 1.61614 5.99815 2.62888 
v 1.88038 6.09262 2.61337 
v 1.61614 5.99815 2.62888 
v 1.87726 5.99815 2.6809 
v 1.63908 6.09262 1.40031 
v 1.49689 5.99296 1.43418 
v 1.52606 6.09262 1.47588 
v 1.29788 6.09262 1.7415 
v 1.43459 6.09262 1.53702 
v 1.39785 5.99296 1.50039 
v 1.29788 6.09262 1.7415 
v 1.39785 5.99296 1.50039 
v 1.24996 5.99296 1.72169 
v 1.24992 6.09262 1.98286 
v 1.29788 6.09262 1.7415 
v 1.24996 5.99296 1.72169 
v 1.24992 6.09262 1.98286 
v 1.24996 5.99296 1.72169 
v 1.19805 5.99296 1.98286 
v 1.22361 5.65896 2.13259 
v 1.22381 5.82483 2.12308 
v 1.19787 5.80674 2.00213 
v 1.22361 5.65896 2.13259 
v 1.19787 5.80674 2.00213 
v 1.19771 5.62303 2.02114 
v 1.39817 5.74064 2.46532 
v 1.24974 5.79388 2.24404 
v 1.24952 5.59748 2.24404 
v 1.39817 5.74064 2.46532 
v 1.24952 5.59748 2.24404 
v 1.39849 5.49172 2.46531 
v 1.61926 5.72817 2.61322 
v 1.39817 5.74064 2.46532 
v 1.39849 5.49172 2.46531 
v 1.61926 5.72817 2.61322 
v 1.39849 5.49172 2.46531 
v 1.61926 5.46694 2.6132 
v 1.87342 5.73074 2.70016 
v 1.6123 5.73074 2.64814 
v 1.60851 5.46694 2.65508 
v 1.87342 5.73074 2.70016 
v 1.60851 5.46694 2.65508 
v 1.86963 5.46694 2.7071 
v 1.25356 5.61752 1.72169 
v 1.19771 5.62303 2.02114 
v 1.19787 5.80674 2.00213 
v 1.25356 5.61752 1.72169 
v 1.19787 5.80674 2.00213 
v 1.25177 5.80397 1.72169 
v 1.52606 6.09262 1.47588 
v 1.43459 6.09262 1.53702 
v 1.55886 6.16341 1.66021 
v 1.52606 6.09262 1.47588 
v 1.55886 6.16341 1.66021 
v 1.62477 6.16341 1.61615 
v 1.49689 5.99296 1.43418 
v 1.39785 5.99296 1.50039 
v 1.43459 6.09262 1.53702 
v 1.49689 5.99296 1.43418 
v 1.43459 6.09262 1.53702 
v 1.52606 6.09262 1.47588 
v 1.62477 6.16341 1.61615 
v 1.55886 6.16341 1.66021 
v 1.88038 6.21211 1.98286 
v 1.257 5.25829 1.72169 
v 1.19739 5.27758 1.94305 
v 1.19753 5.43141 1.99511 
v 1.257 5.25829 1.72169 
v 1.19753 5.43141 1.99511 
v 1.25548 5.41626 1.74312 
v 1.25356 5.61752 1.72169 
v 1.25177 5.80397 1.72169 
v 1.39599 5.93906 1.50039 
v 1.25356 5.61752 1.72169 
v 1.39599 5.93906 1.50039 
v 1.39415 5.88589 1.50039 
v 1.49367 5.94717 1.43418 
v 1.39415 5.88589 1.50039 
v 1.39599 5.93906 1.50039 
v 1.49367 5.94717 1.43418 
v 1.39599 5.93906 1.50039 
v 1.49527 5.96991 1.43418 
v 1.63908 6.09262 1.40031 
v 1.49367 5.94717 1.43418 
v 1.49527 5.96991 1.43418 
v 1.63908 6.09262 1.40031 
v 1.49527 5.96991 1.43418 
v 1.49689 5.99296 1.43418 
v 1.39849 5.49172 2.46531 
v 1.24952 5.59748 2.24404 
v 1.28916 5.51838 2.28191 
v 1.39849 5.49172 2.46531 
v 1.28916 5.51838 2.28191 
v 1.39864 5.40593 2.46532 
v 1.61926 5.46694 2.6132 
v 1.39849 5.49172 2.46531 
v 1.39864 5.40593 2.46532 
v 1.61926 5.46694 2.6132 
v 1.39864 5.40593 2.46532 
v 1.61926 5.31548 2.6132 
v 1.86963 5.46694 2.7071 
v 1.60851 5.46694 2.65508 
v 1.60851 5.31548 2.66713 
v 1.86963 5.46694 2.7071 
v 1.60851 5.31548 2.66713 
v 1.86963 5.34256 2.71915 
v 1.25451 5.51771 1.73232 
v 1.19762 5.528 2.01042 
v 1.19771 5.62303 2.02114 
v 1.25451 5.51771 1.73232 
v 1.19771 5.62303 2.02114 
v 1.25356 5.61752 1.72169 
v 1.39864 5.40593 2.46532 
v 1.28916 5.51838 2.28191 
v 1.28544 5.41192 2.2976 
v 1.39864 5.40593 2.46532 
v 1.28544 5.41192 2.2976 
v 1.39881 5.2892 2.46532 
v 1.61926 5.31548 2.6132 
v 1.39864 5.40593 2.46532 
v 1.39881 5.2892 2.46532 
v 1.61926 5.31548 2.6132 
v 1.39881 5.2892 2.46532 
v 1.61926 5.21307 2.6132 
v 1.88038 5.34256 2.66522 
v 1.61926 5.31548 2.6132 
v 1.61926 5.21307 2.6132 
v 1.88038 5.34256 2.66522 
v 1.61926 5.21307 2.6132 
v 1.87916 5.20078 2.66776 
v 1.25548 5.41626 1.74312 
v 1.19753 5.43141 1.99511 
v 1.19762 5.528 2.01042 
v 1.25548 5.41626 1.74312 
v 1.19762 5.528 2.01042 
v 1.25451 5.51771 1.73232 
v 2.56337 5.27758 1.94305 
v 2.56323 5.43141 1.99511 
v 2.4608 5.42548 1.99327 
v 2.56337 5.27758 1.94305 
v 2.4608 5.42548 1.99327 
v 2.46092 5.29473 1.94902 
v 2.50277 5.50398 2.25676 
v 2.47532 5.41192 2.2976 
v 2.38608 5.40891 2.25038 
v 2.50277 5.50398 2.25676 
v 2.38608 5.40891 2.25038 
v 2.40941 5.48716 2.21567 
v 2.47532 5.41192 2.2976 
v 2.36195 5.2892 2.46532 
v 2.28971 5.3046 2.39294 
v 2.47532 5.41192 2.2976 
v 2.28971 5.3046 2.39294 
v 2.38608 5.40891 2.25038 
v 2.36195 5.2892 2.46532 
v 2.1415 5.21307 2.6132 
v 2.10233 5.23989 2.51864 
v 2.36195 5.2892 2.46532 
v 2.10233 5.23989 2.51864 
v 2.28971 5.3046 2.39294 
v 2.1415 5.15012 2.6132 
v 1.87916 5.20078 2.66776 
v 1.87916 5.22783 2.56541 
v 2.1415 5.15012 2.6132 
v 1.87916 5.22783 2.56541 
v 2.10233 5.17694 2.51864 
v 2.50624 5.51771 1.73232 
v 2.50527 5.41626 1.74312 
v 2.41154 5.4126 1.77908 
v 2.50624 5.51771 1.73232 
v 2.41154 5.4126 1.77908 
v 2.41236 5.49883 1.7699 
v 2.50527 5.41626 1.74312 
v 2.50376 5.25829 1.72169 
v 2.41025 5.27832 1.76086 
v 2.50527 5.41626 1.74312 
v 2.41025 5.27832 1.76086 
v 2.41154 5.4126 1.77908 
v 2.50376 5.25829 1.72169 
v 2.56337 5.27758 1.94305 
v 2.46092 5.29473 1.94902 
v 2.50376 5.25829 1.72169 
v 2.46092 5.29473 1.94902 
v 2.41025 5.27832 1.76086 
v 2.36661 5.88589 1.50039 
v 2.5072 5.61752 1.72169 
v 2.41318 5.58367 1.76086 
v 2.36661 5.88589 1.50039 
v 2.41318 5.58367 1.76086 
v 2.29367 5.81178 1.57276 
v 2.26709 5.94717 1.43418 
v 2.36661 5.88589 1.50039 
v 2.29367 5.81178 1.57276 
v 2.26709 5.94717 1.43418 
v 2.29367 5.81178 1.57276 
v 2.20908 5.86387 1.51648 
v 2.12494 6.07636 1.39468 
v 2.26709 5.94717 1.43418 
v 2.20908 5.86387 1.51648 
v 2.12494 6.07636 1.39468 
v 2.20908 5.86387 1.51648 
v 2.10233 6.00008 1.44696 
v 2.56314 5.528 2.01042 
v 2.56305 5.62303 2.02114 
v 2.46065 5.58836 2.0154 
v 2.56314 5.528 2.01042 
v 2.46065 5.58836 2.0154 
v 2.46072 5.50758 2.00629 
v 2.56305 5.62303 2.02114 
v 2.53714 5.65896 2.13259 
v 2.43863 5.6262 2.11013 
v 2.56305 5.62303 2.02114 
v 2.43863 5.6262 2.11013 
v 2.46065 5.58836 2.0154 
v 2.51124 5.59748 2.24404 
v 2.50277 5.50398 2.25676 
v 2.40941 5.48716 2.21567 
v 2.51124 5.59748 2.24404 
v 2.40941 5.48716 2.21567 
v 2.41661 5.56664 2.20486 
v 2.5072 5.61752 1.72169 
v 2.50624 5.51771 1.73232 
v 2.41236 5.49883 1.7699 
v 2.5072 5.61752 1.72169 
v 2.41236 5.49883 1.7699 
v 2.41318 5.58367 1.76086 
v 2.56323 5.43141 1.99511 
v 2.56314 5.528 2.01042 
v 2.46072 5.50758 2.00629 
v 2.56323 5.43141 1.99511 
v 2.46072 5.50758 2.00629 
v 2.4608 5.42548 1.99327 
v 1.19753 5.43141 1.99511 
v 1.19739 5.27758 1.94305 
v 1.29984 5.29473 1.94902 
v 1.19753 5.43141 1.99511 
v 1.29984 5.29473 1.94902 
v 1.29996 5.42548 1.99327 
v 1.28544 5.41192 2.2976 
v 1.28916 5.51838 2.28191 
v 1.38252 5.50155 2.24082 
v 1.28544 5.41192 2.2976 
v 1.38252 5.50155 2.24082 
v 1.37468 5.40891 2.25038 
v 1.39881 5.2892 2.46532 
v 1.28544 5.37152 2.2976 
v 1.37468 5.36851 2.25038 
v 1.39881 5.2892 2.46532 
v 1.37468 5.36851 2.25038 
v 1.47105 5.3046 2.39294 
v 1.61926 5.21307 2.6132 
v 1.39881 5.2892 2.46532 
v 1.47105 5.3046 2.39294 
v 1.61926 5.21307 2.6132 
v 1.47105 5.3046 2.39294 
v 1.65843 5.23989 2.51864 
v 1.87916 5.20078 2.66776 
v 1.61926 5.21307 2.6132 
v 1.65843 5.23989 2.51864 
v 1.87916 5.20078 2.66776 
v 1.65843 5.23989 2.51864 
v 1.87916 5.22783 2.56541 
v 1.25548 5.41626 1.74312 
v 1.25451 5.51771 1.73232 
v 1.34839 5.49883 1.7699 
v 1.25548 5.41626 1.74312 
v 1.34839 5.49883 1.7699 
v 1.34922 5.4126 1.77908 
v 1.257 5.25829 1.72169 
v 1.25548 5.41626 1.74312 
v 1.34922 5.4126 1.77908 
v 1.257 5.25829 1.72169 
v 1.34922 5.4126 1.77908 
v 1.3505 5.27832 1.76086 
v 1.19739 5.27758 1.94305 
v 1.257 5.25829 1.72169 
v 1.3505 5.27832 1.76086 
v 1.19739 5.27758 1.94305 
v 1.3505 5.27832 1.76086 
v 1.29984 5.29473 1.94902 
v 1.25356 5.61752 1.72169 
v 1.39415 5.88589 1.50039 
v 1.46709 5.81178 1.57276 
v 1.25356 5.61752 1.72169 
v 1.46709 5.81178 1.57276 
v 1.34758 5.58367 1.76086 
v 1.39415 5.88589 1.50039 
v 1.49367 5.94717 1.43418 
v 1.55168 5.86387 1.51648 
v 1.39415 5.88589 1.50039 
v 1.55168 5.86387 1.51648 
v 1.46709 5.81178 1.57276 
v 1.49367 5.94717 1.43418 
v 1.63908 6.09262 1.40031 
v 1.65843 6.02466 1.41915 
v 1.49367 5.94717 1.43418 
v 1.65843 6.02466 1.41915 
v 1.55168 5.86387 1.51648 
v 1.19771 5.62303 2.02114 
v 1.19762 5.528 2.01042 
v 1.30003 5.50758 2.00629 
v 1.19771 5.62303 2.02114 
v 1.30003 5.50758 2.00629 
v 1.30011 5.58836 2.0154 
v 1.22361 5.65896 2.13259 
v 1.19771 5.62303 2.02114 
v 1.30011 5.58836 2.0154 
v 1.22361 5.65896 2.13259 
v 1.30011 5.58836 2.0154 
v 1.32213 5.6262 2.11013 
v 1.28916 5.51838 2.28191 
v 1.24952 5.59748 2.24404 
v 1.34415 5.56664 2.20486 
v 1.28916 5.51838 2.28191 
v 1.34415 5.56664 2.20486 
v 1.38252 5.50155 2.24082 
v 1.25451 5.51771 1.73232 
v 1.25356 5.61752 1.72169 
v 1.34758 5.58367 1.76086 
v 1.25451 5.51771 1.73232 
v 1.34758 5.58367 1.76086 
v 1.34839 5.49883 1.7699 
v 1.19762 5.528 2.01042 
v 1.19753 5.43141 1.99511 
v 1.29996 5.42548 1.99327 
v 1.19762 5.528 2.01042 
v 1.29996 5.42548 1.99327 
v 1.30003 5.50758 2.00629 
v 1.24952 5.59748 2.24404 
v 1.22361 5.65896 2.13259 
v 1.32213 5.6262 2.11013 
v 1.24952 5.59748 2.24404 
v 1.32213 5.6262 2.11013 
v 1.34415 5.56664 2.20486 
v 1.24952 5.59748 2.24404 
v 1.24974 5.79388 2.24404 
v 1.22381 5.82483 2.12308 
v 1.24952 5.59748 2.24404 
v 1.22381 5.82483 2.12308 
v 1.22361 5.65896 2.13259 
v 1.29788 6.09262 2.22411 
v 1.2739 6.09262 2.10349 
v 1.224 5.99296 2.11345 
v 1.29788 6.09262 2.22411 
v 1.224 5.99296 2.11345 
v 1.24996 5.99296 2.24404 
v 1.46023 6.16341 2.15584 
v 1.44292 6.16341 2.06881 
v 1.2739 6.09262 2.10349 
v 1.46023 6.16341 2.15584 
v 1.2739 6.09262 2.10349 
v 1.29788 6.09262 2.22411 
v 2.30053 6.16341 2.15584 
v 2.46288 6.09262 2.22411 
v 2.48685 6.09262 2.10349 
v 2.30053 6.16341 2.15584 
v 2.48685 6.09262 2.10349 
v 2.31784 6.16341 2.06881 
v 2.46288 6.09262 2.22411 
v 2.5108 5.99296 2.24404 
v 2.53675 5.99296 2.11345 
v 2.46288 6.09262 2.22411 
v 2.53675 5.99296 2.11345 
v 2.48685 6.09262 2.10349 
v 2.51124 5.59748 2.24404 
v 2.53714 5.65896 2.13259 
v 2.53694 5.83071 2.12275 
v 2.51124 5.59748 2.24404 
v 2.53694 5.83071 2.12275 
v 2.51101 5.80085 2.24404 
v 2.43863 5.6262 2.11013 
v 2.53714 5.65896 2.13259 
v 2.51124 5.59748 2.24404 
v 2.43863 5.6262 2.11013 
v 2.51124 5.59748 2.24404 
v 2.41661 5.56664 2.20486 
v 1.88038 6.21211 1.98286 
v 2.31784 6.16341 2.06881 
v 2.33515 6.16341 1.98177 
v 1.88038 6.21211 1.98286 
v 1.44292 6.16341 2.06881 
v 1.46023 6.16341 2.15584 
v 1.88038 6.09262 1.35235 
v 2.12494 6.07636 1.39468 
v 2.10233 6.00008 1.44696 
v 1.88038 6.09262 1.35235 
v 2.10233 6.00008 1.44696 
v 1.87818 6.01122 1.396 
v 1.63908 6.09262 1.40031 
v 1.88038 6.09262 1.35235 
v 1.87818 6.01122 1.396 
v 1.63908 6.09262 1.40031 
v 1.87818 6.01122 1.396 
v 1.65843 6.02466 1.41915 
v 1.63908 6.09262 2.56541 
v 1.61926 5.99296 2.61323 
v 1.61614 5.99815 2.62888 
v 1.88038 5.99296 2.66525 
v 1.88038 6.09262 2.61337 
v 1.87726 5.99815 2.6809 
v 1.61926 5.72817 2.61322 
v 1.61926 5.46694 2.6132 
v 1.60851 5.46694 2.65508 
v 1.61926 5.72817 2.61322 
v 1.60851 5.46694 2.65508 
v 1.6123 5.73074 2.64814 
v 1.88038 5.46694 2.66522 
v 1.88038 5.72817 2.66524 
v 1.87342 5.73074 2.70016 
v 1.88038 5.46694 2.66522 
v 1.87342 5.73074 2.70016 
v 1.86963 5.46694 2.7071 
v 1.61926 5.46694 2.6132 
v 1.61926 5.31548 2.6132 
v 1.60851 5.31548 2.66713 
v 1.61926 5.46694 2.6132 
v 1.60851 5.31548 2.66713 
v 1.60851 5.46694 2.65508 
v 1.61926 5.31548 2.6132 
v 1.88038 5.34256 2.66522 
v 1.86963 5.34256 2.71915 
v 1.61926 5.31548 2.6132 
v 1.86963 5.34256 2.71915 
v 1.60851 5.31548 2.66713 
v 1.88038 5.34256 2.66522 
v 1.88038 5.46694 2.66522 
v 1.86963 5.46694 2.7071 
v 1.88038 5.34256 2.66522 
v 1.86963 5.46694 2.7071 
v 1.86963 5.34256 2.71915 
v 2.1415 5.99296 2.61323 
v 2.1415 5.72817 2.61322 
v 2.15718 5.72994 2.63666 
v 2.1415 5.44019 2.6132 
v 2.36227 5.49172 2.46531 
v 2.39363 5.4917 2.5122 
v 2.1415 5.44019 2.6132 
v 2.39363 5.4917 2.5122 
v 2.17287 5.44017 2.6601 
v 2.37827 5.74233 2.48877 
v 2.3626 5.74947 2.46532 
v 2.36291 5.99296 2.46534 
v 1.88038 5.99296 2.66525 
v 1.88038 5.72817 2.66524 
v 2.1415 5.72817 2.61322 
v 1.88038 5.99296 2.66525 
v 2.1415 5.72817 2.61322 
v 2.1415 5.99296 2.61323 
v 1.87342 5.73074 2.70016 
v 1.88038 5.72817 2.66524 
v 1.88038 5.99296 2.66525 
v 1.87342 5.73074 2.70016 
v 1.88038 5.99296 2.66525 
v 1.87726 5.99815 2.6809 
v 1.87726 5.99815 2.6809 
v 1.61614 5.99815 2.62888 
v 1.6123 5.73074 2.64814 
v 1.87726 5.99815 2.6809 
v 1.6123 5.73074 2.64814 
v 1.87342 5.73074 2.70016 
v 1.61926 5.99296 2.61323 
v 1.61926 5.72817 2.61322 
v 1.6123 5.73074 2.64814 
v 1.61926 5.99296 2.61323 
v 1.6123 5.73074 2.64814 
v 1.61614 5.99815 2.62888 
v 1.61926 5.99296 2.61323 
v 1.39785 5.99296 2.46534 
v 1.39817 5.74064 2.46532 
v 1.61926 5.99296 2.61323 
v 1.39817 5.74064 2.46532 
v 1.61926 5.72817 2.61322 
v 1.39785 5.99296 2.46534 
v 1.24996 5.99296 2.24404 
v 1.24974 5.79388 2.24404 
v 1.39785 5.99296 2.46534 
v 1.24974 5.79388 2.24404 
v 1.39817 5.74064 2.46532 
v 1.22381 5.82483 2.12308 
v 1.24974 5.79388 2.24404 
v 1.24996 5.99296 2.24404 
v 1.22381 5.82483 2.12308 
v 1.24996 5.99296 2.24404 
v 1.224 5.99296 2.11345 
v 1.19787 5.80674 2.00213 
v 1.22381 5.82483 2.12308 
v 1.224 5.99296 2.11345 
v 1.19787 5.80674 2.00213 
v 1.224 5.99296 2.11345 
v 1.19805 5.99296 1.98286 
v 1.25177 5.80397 1.72169 
v 1.19787 5.80674 2.00213 
v 1.19805 5.99296 1.98286 
v 1.25177 5.80397 1.72169 
v 1.19805 5.99296 1.98286 
v 1.24996 5.99296 1.72169 
v 1.39599 5.93906 1.50039 
v 1.25177 5.80397 1.72169 
v 1.24996 5.99296 1.72169 
v 1.39599 5.93906 1.50039 
v 1.24996 5.99296 1.72169 
v 1.39785 5.99296 1.50039 
v 1.49527 5.96991 1.43418 
v 1.39599 5.93906 1.50039 
v 1.39785 5.99296 1.50039 
v 1.49527 5.96991 1.43418 
v 1.39785 5.99296 1.50039 
v 1.49689 5.99296 1.43418 
v 2.26543 5.97072 1.43418 
v 2.26387 5.99296 1.43418 
v 2.36291 5.99296 1.50039 
v 2.26543 5.97072 1.43418 
v 2.36291 5.99296 1.50039 
v 2.3647 5.94095 1.50039 
v 2.50905 5.81058 1.72169 
v 2.3647 5.94095 1.50039 
v 2.36291 5.99296 1.50039 
v 2.50905 5.81058 1.72169 
v 2.36291 5.99296 1.50039 
v 2.5108 5.99296 1.72169 
v 2.56288 5.81326 2.00146 
v 2.50905 5.81058 1.72169 
v 2.5108 5.99296 1.72169 
v 2.56288 5.81326 2.00146 
v 2.5108 5.99296 1.72169 
v 2.56271 5.99296 1.98286 
v 2.53694 5.83071 2.12275 
v 2.56288 5.81326 2.00146 
v 2.56271 5.99296 1.98286 
v 2.53694 5.83071 2.12275 
v 2.56271 5.99296 1.98286 
v 2.53675 5.99296 2.11345 
v 2.51101 5.80085 2.24404 
v 2.53694 5.83071 2.12275 
v 2.53675 5.99296 2.11345 
v 2.51101 5.80085 2.24404 
v 2.53675 5.99296 2.11345 
v 2.5108 5.99296 2.24404 
v 2.36291 5.99296 2.46534 
v 2.3626 5.74947 2.46532 
v 2.51101 5.80085 2.24404 
v 2.36291 5.99296 2.46534 
v 2.51101 5.80085 2.24404 
v 2.5108 5.99296 2.24404 
v 2.15718 5.72994 2.63666 
v 2.1415 5.72817 2.61322 
v 2.1415 5.44019 2.6132 
v 2.15718 5.72994 2.63666 
v 2.1415 5.44019 2.6132 
v 2.17287 5.44017 2.6601 
v 2.37827 5.74233 2.48877 
v 2.15718 5.72994 2.63666 
v 2.17287 5.44017 2.6601 
v 2.37827 5.74233 2.48877 
v 2.17287 5.44017 2.6601 
v 2.39363 5.4917 2.5122 
v 2.36227 5.49172 2.46531 
v 2.3626 5.74947 2.46532 
v 2.37827 5.74233 2.48877 
v 2.36227 5.49172 2.46531 
v 2.37827 5.74233 2.48877 
v 2.39363 5.4917 2.5122 
v 2.1415 5.21307 2.6132 
v 1.87916 5.20078 2.66776 
v 2.1415 5.15012 2.6132 
v 1.87916 5.22783 2.56541 
v 2.10233 5.23989 2.51864 
v 2.10233 5.17694 2.51864 
v 2.10233 5.23989 2.51864 
v 2.1415 5.21307 2.6132 
v 2.1415 5.15012 2.6132 
v 2.10233 5.23989 2.51864 
v 2.1415 5.15012 2.6132 
v 2.10233 5.17694 2.51864 
v 1.39881 5.2892 2.46532 
v 1.28544 5.41192 2.2976 
v 1.28544 5.37152 2.2976 
v 1.28544 5.41192 2.2976 
v 1.37468 5.40891 2.25038 
v 1.37468 5.36851 2.25038 
v 1.28544 5.41192 2.2976 
v 1.37468 5.36851 2.25038 
v 1.28544 5.37152 2.2976 
v 1.37468 5.40891 2.25038 
v 1.47105 5.3046 2.39294 
v 1.37468 5.36851 2.25038 
v 2.46092 5.29473 1.94902 
v 2.4608 5.42548 1.99327 
v 2.29201 5.70918 2.04458 
v 2.46092 5.29473 1.94902 
v 2.29201 5.70918 2.04458 
v 2.29209 5.61645 2.0132 
v 2.40941 5.48716 2.21567 
v 2.38608 5.40891 2.25038 
v 2.23901 5.69743 2.22693 
v 2.40941 5.48716 2.21567 
v 2.23901 5.69743 2.22693 
v 2.25556 5.75292 2.20231 
v 2.38608 5.40891 2.25038 
v 2.28971 5.3046 2.39294 
v 2.17067 5.62345 2.32803 
v 2.38608 5.40891 2.25038 
v 2.17067 5.62345 2.32803 
v 2.23901 5.69743 2.22693 
v 2.28971 5.3046 2.39294 
v 2.10233 5.23989 2.51864 
v 2.03779 5.57756 2.41718 
v 2.28971 5.3046 2.39294 
v 2.03779 5.57756 2.41718 
v 2.17067 5.62345 2.32803 
v 2.10233 5.23989 2.51864 
v 1.87916 5.22783 2.56541 
v 1.87952 5.56901 2.45034 
v 2.10233 5.23989 2.51864 
v 1.87952 5.56901 2.45034 
v 2.03779 5.57756 2.41718 
v 2.41236 5.49883 1.7699 
v 2.41154 5.4126 1.77908 
v 2.25707 5.70005 1.89267 
v 2.41236 5.49883 1.7699 
v 2.25707 5.70005 1.89267 
v 2.25766 5.7612 1.88616 
v 2.41154 5.4126 1.77908 
v 2.41025 5.27832 1.76086 
v 2.25616 5.60482 1.87975 
v 2.41154 5.4126 1.77908 
v 2.25616 5.60482 1.87975 
v 2.25707 5.70005 1.89267 
v 2.41025 5.27832 1.76086 
v 2.46092 5.29473 1.94902 
v 2.29209 5.61645 2.0132 
v 2.41025 5.27832 1.76086 
v 2.29209 5.61645 2.0132 
v 2.25616 5.60482 1.87975 
v 2.29367 5.81178 1.57276 
v 2.41318 5.58367 1.76086 
v 2.25823 5.82137 1.87975 
v 2.29367 5.81178 1.57276 
v 2.25823 5.82137 1.87975 
v 2.17348 5.98314 1.74634 
v 2.20908 5.86387 1.51648 
v 2.29367 5.81178 1.57276 
v 2.17348 5.98314 1.74634 
v 2.20908 5.86387 1.51648 
v 2.17348 5.98314 1.74634 
v 2.11349 6.02009 1.70643 
v 2.10233 6.00008 1.44696 
v 2.20908 5.86387 1.51648 
v 2.11349 6.02009 1.70643 
v 2.10233 6.00008 1.44696 
v 2.11349 6.02009 1.70643 
v 2.03779 6.11668 1.65713 
v 2.46072 5.50758 2.00629 
v 2.46065 5.58836 2.0154 
v 2.2919 5.82469 2.06027 
v 2.46072 5.50758 2.00629 
v 2.2919 5.82469 2.06027 
v 2.29195 5.7674 2.05381 
v 2.46065 5.58836 2.0154 
v 2.43863 5.6262 2.11013 
v 2.27628 5.85153 2.12745 
v 2.46065 5.58836 2.0154 
v 2.27628 5.85153 2.12745 
v 2.2919 5.82469 2.06027 
v 2.41661 5.56664 2.20486 
v 2.40941 5.48716 2.21567 
v 2.25556 5.75292 2.20231 
v 2.41661 5.56664 2.20486 
v 2.25556 5.75292 2.20231 
v 2.26067 5.80929 2.19464 
v 2.41318 5.58367 1.76086 
v 2.41236 5.49883 1.7699 
v 2.25766 5.7612 1.88616 
v 2.41318 5.58367 1.76086 
v 2.25766 5.7612 1.88616 
v 2.25823 5.82137 1.87975 
v 2.4608 5.42548 1.99327 
v 2.46072 5.50758 2.00629 
v 2.29195 5.7674 2.05381 
v 2.4608 5.42548 1.99327 
v 2.29195 5.7674 2.05381 
v 2.29201 5.70918 2.04458 
v 1.29996 5.42548 1.99327 
v 1.29984 5.29473 1.94902 
v 1.46867 5.61645 2.0132 
v 1.29996 5.42548 1.99327 
v 1.46867 5.61645 2.0132 
v 1.46875 5.70918 2.04458 
v 1.37468 5.40891 2.25038 
v 1.38252 5.50155 2.24082 
v 1.5273 5.76313 2.22015 
v 1.37468 5.40891 2.25038 
v 1.5273 5.76313 2.22015 
v 1.52174 5.69743 2.22693 
v 1.47105 5.3046 2.39294 
v 1.37468 5.40891 2.25038 
v 1.52174 5.69743 2.22693 
v 1.47105 5.3046 2.39294 
v 1.52174 5.69743 2.22693 
v 1.59009 5.62345 2.32803 
v 1.65843 5.23989 2.51864 
v 1.47105 5.3046 2.39294 
v 1.59009 5.62345 2.32803 
v 1.65843 5.23989 2.51864 
v 1.59009 5.62345 2.32803 
v 1.72297 5.57756 2.41718 
v 1.87916 5.22783 2.56541 
v 1.65843 5.23989 2.51864 
v 1.72297 5.57756 2.41718 
v 1.87916 5.22783 2.56541 
v 1.72297 5.57756 2.41718 
v 1.87952 5.56901 2.45034 
v 1.34922 5.4126 1.77908 
v 1.34839 5.49883 1.7699 
v 1.5031 5.7612 1.88616 
v 1.34922 5.4126 1.77908 
v 1.5031 5.7612 1.88616 
v 1.50369 5.70005 1.89267 
v 1.3505 5.27832 1.76086 
v 1.34922 5.4126 1.77908 
v 1.50369 5.70005 1.89267 
v 1.3505 5.27832 1.76086 
v 1.50369 5.70005 1.89267 
v 1.5046 5.60482 1.87975 
v 1.29984 5.29473 1.94902 
v 1.3505 5.27832 1.76086 
v 1.5046 5.60482 1.87975 
v 1.29984 5.29473 1.94902 
v 1.5046 5.60482 1.87975 
v 1.46867 5.61645 2.0132 
v 1.34758 5.58367 1.76086 
v 1.46709 5.81178 1.57276 
v 1.58728 5.98314 1.74634 
v 1.34758 5.58367 1.76086 
v 1.58728 5.98314 1.74634 
v 1.50253 5.82137 1.87975 
v 1.46709 5.81178 1.57276 
v 1.55168 5.86387 1.51648 
v 1.64727 6.02009 1.70643 
v 1.46709 5.81178 1.57276 
v 1.64727 6.02009 1.70643 
v 1.58728 5.98314 1.74634 
v 1.55168 5.86387 1.51648 
v 1.65843 6.02466 1.41915 
v 1.72297 6.13412 1.63741 
v 1.55168 5.86387 1.51648 
v 1.72297 6.13412 1.63741 
v 1.64727 6.02009 1.70643 
v 1.30011 5.58836 2.0154 
v 1.30003 5.50758 2.00629 
v 1.46881 5.7674 2.05381 
v 1.30011 5.58836 2.0154 
v 1.46881 5.7674 2.05381 
v 1.46886 5.82469 2.06027 
v 1.32213 5.6262 2.11013 
v 1.30011 5.58836 2.0154 
v 1.46886 5.82469 2.06027 
v 1.32213 5.6262 2.11013 
v 1.46886 5.82469 2.06027 
v 1.48448 5.85153 2.12745 
v 1.38252 5.50155 2.24082 
v 1.34415 5.56664 2.20486 
v 1.50009 5.80929 2.19464 
v 1.38252 5.50155 2.24082 
v 1.50009 5.80929 2.19464 
v 1.5273 5.76313 2.22015 
v 1.34839 5.49883 1.7699 
v 1.34758 5.58367 1.76086 
v 1.50253 5.82137 1.87975 
v 1.34839 5.49883 1.7699 
v 1.50253 5.82137 1.87975 
v 1.5031 5.7612 1.88616 
v 1.30003 5.50758 2.00629 
v 1.29996 5.42548 1.99327 
v 1.46875 5.70918 2.04458 
v 1.30003 5.50758 2.00629 
v 1.46875 5.70918 2.04458 
v 1.46881 5.7674 2.05381 
v 1.34415 5.56664 2.20486 
v 1.32213 5.6262 2.11013 
v 1.48448 5.85153 2.12745 
v 1.34415 5.56664 2.20486 
v 1.48448 5.85153 2.12745 
v 1.50009 5.80929 2.19464 
v 2.43863 5.6262 2.11013 
v 2.41661 5.56664 2.20486 
v 2.26067 5.80929 2.19464 
v 2.43863 5.6262 2.11013 
v 2.26067 5.80929 2.19464 
v 2.27628 5.85153 2.12745 
v 1.87818 6.01122 1.396 
v 2.10233 6.00008 1.44696 
v 2.03779 6.11668 1.65713 
v 1.87818 6.01122 1.396 
v 2.03779 6.11668 1.65713 
v 1.87882 6.12458 1.62099 
v 1.65843 6.02466 1.41915 
v 1.87818 6.01122 1.396 
v 1.87882 6.12458 1.62099 
v 1.65843 6.02466 1.41915 
v 1.87882 6.12458 1.62099 
v 1.72297 6.13412 1.63741 
v 2.17348 5.98314 1.74634 
v 2.25823 5.82137 1.87975 
v 1.88033 6.08934 2.16971 
v 2.17348 5.98314 1.74634 
v 1.88033 6.08934 2.16971 
v 1.88034 6.08933 2.16971 
v 2.11349 6.02009 1.70643 
v 2.17348 5.98314 1.74634 
v 1.88034 6.08933 2.16971 
v 2.11349 6.02009 1.70643 
v 1.88034 6.08933 2.16971 
v 1.88035 6.08933 2.16971 
v 2.03779 6.11668 1.65713 
v 2.11349 6.02009 1.70643 
v 1.88035 6.08933 2.16971 
v 2.03779 6.11668 1.65713 
v 1.88035 6.08933 2.16971 
v 1.88036 6.08933 2.16971 
v 1.87882 6.12458 1.62099 
v 2.03779 6.11668 1.65713 
v 1.88036 6.08933 2.16971 
v 1.87882 6.12458 1.62099 
v 1.88036 6.08933 2.16971 
v 1.88038 6.08933 2.16971 
v 1.72297 6.13412 1.63741 
v 1.87882 6.12458 1.62099 
v 1.88038 6.08933 2.16971 
v 1.72297 6.13412 1.63741 
v 1.88038 6.08933 2.16971 
v 1.8804 6.08933 2.16971 
v 1.64727 6.02009 1.70643 
v 1.72297 6.13412 1.63741 
v 1.8804 6.08933 2.16971 
v 1.64727 6.02009 1.70643 
v 1.8804 6.08933 2.16971 
v 1.88041 6.08933 2.16971 
v 1.58728 5.98314 1.74634 
v 1.64727 6.02009 1.70643 
v 1.88041 6.08933 2.16971 
v 1.58728 5.98314 1.74634 
v 1.88041 6.08933 2.16971 
v 1.88041 6.08933 2.16971 
v 1.50253 5.82137 1.87975 
v 1.58728 5.98314 1.74634 
v 1.88041 6.08933 2.16971 
v 1.50253 5.82137 1.87975 
v 1.88041 6.08933 2.16971 
v 1.88042 6.08934 2.16971 
v 1.5031 5.7612 1.88616 
v 1.50253 5.82137 1.87975 
v 1.88042 6.08934 2.16971 
v 1.5031 5.7612 1.88616 
v 1.88042 6.08934 2.16971 
v 1.88042 6.08935 2.16971 
v 1.50369 5.70005 1.89267 
v 1.5031 5.7612 1.88616 
v 1.88042 6.08935 2.16971 
v 1.50369 5.70005 1.89267 
v 1.88042 6.08935 2.16971 
v 1.88042 6.08935 2.16971 
v 1.5046 5.60482 1.87975 
v 1.50369 5.70005 1.89267 
v 1.88042 6.08935 2.16971 
v 1.5046 5.60482 1.87975 
v 1.88042 6.08935 2.16971 
v 1.88042 6.08935 2.16971 
v 1.46867 5.61645 2.0132 
v 1.5046 5.60482 1.87975 
v 1.88042 6.08935 2.16971 
v 1.46867 5.61645 2.0132 
v 1.88042 6.08935 2.16971 
v 1.88043 6.08935 2.16971 
v 1.46875 5.70918 2.04458 
v 1.46867 5.61645 2.0132 
v 1.88043 6.08935 2.16971 
v 1.46875 5.70918 2.04458 
v 1.88043 6.08935 2.16971 
v 1.88043 6.08935 2.16971 
v 1.46881 5.7674 2.05381 
v 1.46875 5.70918 2.04458 
v 1.88043 6.08935 2.16971 
v 1.46881 5.7674 2.05381 
v 1.88043 6.08935 2.16971 
v 1.88043 6.08935 2.16971 
v 1.46886 5.82469 2.06027 
v 1.46881 5.7674 2.05381 
v 1.88043 6.08935 2.16971 
v 1.46886 5.82469 2.06027 
v 1.88043 6.08935 2.16971 
v 1.88043 6.08934 2.16971 
v 1.48448 5.85153 2.12745 
v 1.46886 5.82469 2.06027 
v 1.88043 6.08934 2.16971 
v 1.48448 5.85153 2.12745 
v 1.88043 6.08934 2.16971 
v 1.88043 6.08934 2.16972 
v 1.50009 5.80929 2.19464 
v 1.48448 5.85153 2.12745 
v 1.88043 6.08934 2.16972 
v 1.50009 5.80929 2.19464 
v 1.88043 6.08934 2.16972 
v 1.88042 6.08934 2.16972 
v 1.5273 5.76313 2.22015 
v 1.50009 5.80929 2.19464 
v 1.88042 6.08934 2.16972 
v 1.5273 5.76313 2.22015 
v 1.88042 6.08934 2.16972 
v 1.88042 6.08935 2.16972 
v 1.52174 5.69743 2.22693 
v 1.5273 5.76313 2.22015 
v 1.88042 6.08935 2.16972 
v 1.52174 5.69743 2.22693 
v 1.88042 6.08935 2.16972 
v 1.88042 6.08935 2.16972 
v 1.59009 5.62345 2.32803 
v 1.52174 5.69743 2.22693 
v 1.88042 6.08935 2.16972 
v 1.59009 5.62345 2.32803 
v 1.88042 6.08935 2.16972 
v 1.88041 6.08935 2.16972 
v 1.72297 5.57756 2.41718 
v 1.59009 5.62345 2.32803 
v 1.88041 6.08935 2.16972 
v 1.72297 5.57756 2.41718 
v 1.88041 6.08935 2.16972 
v 1.8804 6.08936 2.16972 
v 1.87952 5.56901 2.45034 
v 1.72297 5.57756 2.41718 
v 1.8804 6.08936 2.16972 
v 1.87952 5.56901 2.45034 
v 1.8804 6.08936 2.16972 
v 1.88038 6.08936 2.16972 
v 2.03779 5.57756 2.41718 
v 1.87952 5.56901 2.45034 
v 1.88038 6.08936 2.16972 
v 2.03779 5.57756 2.41718 
v 1.88038 6.08936 2.16972 
v 1.88036 6.08936 2.16972 
v 2.17067 5.62345 2.32803 
v 2.03779 5.57756 2.41718 
v 1.88036 6.08936 2.16972 
v 2.17067 5.62345 2.32803 
v 1.88036 6.08936 2.16972 
v 1.88035 6.08935 2.16972 
v 2.23901 5.69743 2.22693 
v 2.17067 5.62345 2.32803 
v 1.88035 6.08935 2.16972 
v 2.23901 5.69743 2.22693 
v 1.88035 6.08935 2.16972 
v 1.88034 6.08935 2.16972 
v 2.25556 5.75292 2.20231 
v 2.23901 5.69743 2.22693 
v 1.88034 6.08935 2.16972 
v 2.25556 5.75292 2.20231 
v 1.88034 6.08935 2.16972 
v 1.88034 6.08935 2.16972 
v 2.26067 5.80929 2.19464 
v 2.25556 5.75292 2.20231 
v 1.88034 6.08935 2.16972 
v 2.26067 5.80929 2.19464 
v 1.88034 6.08935 2.16972 
v 1.88033 6.08934 2.16972 
v 2.27628 5.85153 2.12745 
v 2.26067 5.80929 2.19464 
v 1.88033 6.08934 2.16972 
v 2.27628 5.85153 2.12745 
v 1.88033 6.08934 2.16972 
v 1.88033 6.08934 2.16972 
v 2.2919 5.82469 2.06027 
v 2.27628 5.85153 2.12745 
v 1.88033 6.08934 2.16972 
v 2.2919 5.82469 2.06027 
v 1.88033 6.08934 2.16972 
v 1.88033 6.08934 2.16971 
v 2.29195 5.7674 2.05381 
v 2.2919 5.82469 2.06027 
v 1.88033 6.08934 2.16971 
v 2.29195 5.7674 2.05381 
v 1.88033 6.08934 2.16971 
v 1.88033 6.08935 2.16971 
v 2.29201 5.70918 2.04458 
v 2.29195 5.7674 2.05381 
v 1.88033 6.08935 2.16971 
v 2.29201 5.70918 2.04458 
v 1.88033 6.08935 2.16971 
v 1.88033 6.08935 2.16971 
v 2.29209 5.61645 2.0132 
v 2.29201 5.70918 2.04458 
v 1.88033 6.08935 2.16971 
v 2.29209 5.61645 2.0132 
v 1.88033 6.08935 2.16971 
v 1.88033 6.08935 2.16971 
v 2.25616 5.60482 1.87975 
v 2.29209 5.61645 2.0132 
v 1.88033 6.08935 2.16971 
v 2.25616 5.60482 1.87975 
v 1.88033 6.08935 2.16971 
v 1.88034 6.08935 2.16971 
v 2.25707 5.70005 1.89267 
v 2.25616 5.60482 1.87975 
v 1.88034 6.08935 2.16971 
v 2.25707 5.70005 1.89267 
v 1.88034 6.08935 2.16971 
v 1.88034 6.08935 2.16971 
v 2.25766 5.7612 1.88616 
v 2.25707 5.70005 1.89267 
v 1.88034 6.08935 2.16971 
v 2.25766 5.7612 1.88616 
v 1.88034 6.08935 2.16971 
v 1.88034 6.08935 2.16971 
v 2.25823 5.82137 1.87975 
v 2.25766 5.7612 1.88616 
v 1.88034 6.08935 2.16971 
v 2.25823 5.82137 1.87975 
v 1.88034 6.08935 2.16971 
v 1.88033 6.08934 2.16971 
v 1.21835 5.33545 1.9538 
v 1.20914 5.38461 2.04857 
v 1.20932 5.53877 2.03049 
v 1.21835 5.33545 1.9538 
v 1.20932 5.53877 2.03049 
v 1.21518 5.48946 1.92158 
v 1.21518 5.48946 1.92158 
v 1.20932 5.53877 2.03049 
v 1.208 5.63318 2.01253 
v 1.21518 5.48946 1.92158 
v 1.208 5.63318 2.01253 
v 1.22321 5.58469 1.88898 
v 1.26684 5.33654 1.95691 
v 1.26371 5.49093 1.92374 
v 1.25785 5.54024 2.03264 
v 1.26684 5.33654 1.95691 
v 1.25785 5.54024 2.03264 
v 1.25763 5.38569 2.05168 
v 1.26371 5.49093 1.92374 
v 1.27178 5.58644 1.88967 
v 1.25657 5.63493 2.01322 
v 1.26371 5.49093 1.92374 
v 1.25657 5.63493 2.01322 
v 1.25785 5.54024 2.03264 
v 1.26684 5.33654 1.95691 
v 1.25763 5.38569 2.05168 
v 1.20914 5.38461 2.04857 
v 1.26684 5.33654 1.95691 
v 1.20914 5.38461 2.04857 
v 1.21835 5.33545 1.9538 
v 1.25763 5.38569 2.05168 
v 1.25785 5.54024 2.03264 
v 1.20932 5.53877 2.03049 
v 1.25763 5.38569 2.05168 
v 1.20932 5.53877 2.03049 
v 1.20914 5.38461 2.04857 
v 1.26371 5.49093 1.92374 
v 1.26684 5.33654 1.95691 
v 1.21835 5.33545 1.9538 
v 1.26371 5.49093 1.92374 
v 1.21835 5.33545 1.9538 
v 1.21518 5.48946 1.92158 
v 1.25785 5.54024 2.03264 
v 1.25657 5.63493 2.01322 
v 1.208 5.63318 2.01253 
v 1.25785 5.54024 2.03264 
v 1.208 5.63318 2.01253 
v 1.20932 5.53877 2.03049 
v 1.27178 5.58644 1.88967 
v 1.26371 5.49093 1.92374 
v 1.21518 5.48946 1.92158 
v 1.27178 5.58644 1.88967 
v 1.21518 5.48946 1.92158 
v 1.22321 5.58469 1.88898 
v 2.54241 5.33545 1.9538 
v 2.54557 5.48946 1.92158 
v 2.55143 5.53877 2.03049 
v 2.54241 5.33545 1.9538 
v 2.55143 5.53877 2.03049 
v 2.55162 5.38461 2.04857 
v 2.54557 5.48946 1.92158 
v 2.53754 5.58469 1.88898 
v 2.55275 5.63318 2.01253 
v 2.54557 5.48946 1.92158 
v 2.55275 5.63318 2.01253 
v 2.55143 5.53877 2.03049 
v 2.49391 5.33654 1.95691 
v 2.50312 5.38569 2.05168 
v 2.50291 5.54024 2.03264 
v 2.49391 5.33654 1.95691 
v 2.50291 5.54024 2.03264 
v 2.49705 5.49093 1.92374 
v 2.49705 5.49093 1.92374 
v 2.50291 5.54024 2.03264 
v 2.50419 5.63493 2.01322 
v 2.49705 5.49093 1.92374 
v 2.50419 5.63493 2.01322 
v 2.48898 5.58644 1.88967 
v 2.49391 5.33654 1.95691 
v 2.54241 5.33545 1.9538 
v 2.55162 5.38461 2.04857 
v 2.49391 5.33654 1.95691 
v 2.55162 5.38461 2.04857 
v 2.50312 5.38569 2.05168 
v 2.50312 5.38569 2.05168 
v 2.55162 5.38461 2.04857 
v 2.55143 5.53877 2.03049 
v 2.50312 5.38569 2.05168 
v 2.55143 5.53877 2.03049 
v 2.50291 5.54024 2.03264 
v 2.49705 5.49093 1.92374 
v 2.54557 5.48946 1.92158 
v 2.54241 5.33545 1.9538 
v 2.49705 5.49093 1.92374 
v 2.54241 5.33545 1.9538 
v 2.49391 5.33654 1.95691 
v 2.50291 5.54024 2.03264 
v 2.55143 5.53877 2.03049 
v 2.55275 5.63318 2.01253 
v 2.50291 5.54024 2.03264 
v 2.55275 5.63318 2.01253 
v 2.50419 5.63493 2.01322 
v 2.48898 5.58644 1.88967 
v 2.53754 5.58469 1.88898 
v 2.54557 5.48946 1.92158 
v 2.48898 5.58644 1.88967 
v 2.54557 5.48946 1.92158 
v 2.49705 5.49093 1.92374 

vn -0.944882 0.00787402 -0.322835 
vn -0.944882 0.00787402 -0.322835 
vn -0.944882 0.00787402 -0.322835 
vn -0.944882 0.00787402 -0.322835 
vn -0.944882 0.00787402 -0.322835 
vn -0.905512 -0.0472441 -0.417323 
vn -0.944882 0.00787402 -0.322835 
vn -0.944882 0.00787402 -0.322835 
vn -0.937008 0.0944882 -0.330709 
vn -0.944882 0.00787402 -0.322835 
vn -0.937008 0.0944882 -0.330709 
vn -0.968504 0 -0.244094 
vn -0.448819 0.889764 -0.0866142 
vn -0.448819 0.889764 -0.0866142 
vn -0.448819 0.889764 -0.0866142 
vn -0.448819 0.889764 -0.0866142 
vn -0.448819 0.889764 -0.0866142 
vn -0.464567 0.88189 -0.0551181 
vn 0.0551181 0.984252 -0.188976 
vn 0.0551181 0.984252 -0.188976 
vn 0.0551181 0.984252 -0.188976 
vn 0.0551181 0.984252 -0.188976 
vn 0.0551181 0.984252 -0.188976 
vn -0.015748 1 -0.0393701 
vn 0.598425 0.76378 -0.23622 
vn 0.598425 0.76378 -0.23622 
vn 0.0551181 0.984252 -0.188976 
vn 0.598425 0.76378 -0.23622 
vn 0.0551181 0.984252 -0.188976 
vn 0.0551181 0.984252 -0.188976 
vn 0.88189 0.0629921 0.464567 
vn 0.88189 0.0629921 0.464567 
vn 0.88189 0.0629921 0.464567 
vn 0.88189 0.0629921 0.464567 
vn 0.88189 0.0629921 0.464567 
vn 0.944882 -0.015748 0.338583 
vn 0.88189 0.0629921 0.464567 
vn 0.968504 0.00787402 0.244094 
vn 0.968504 0.00787402 0.244094 
vn 0.88189 0.0629921 0.464567 
vn 0.968504 0.00787402 0.244094 
vn 0.944882 -0.015748 0.338583 
vn 0.480315 -0.874016 0.0944882 
vn 0.480315 -0.874016 0.0944882 
vn 0.480315 -0.874016 0.0944882 
vn 0.480315 -0.874016 0.0944882 
vn 0.480315 -0.874016 0.0944882 
vn 0.488189 -0.866142 0.0866142 
vn -0.0472441 -1 0.0314961 
vn -0.0472441 -1 0.0314961 
vn -0.0472441 -1 0.0314961 
vn -0.0472441 -1 0.0314961 
vn -0.0472441 -1 0.0314961 
vn -0.0629921 -1 0.0551181 
vn -0.0393701 -1 0.0551181 
vn -0.0472441 -1 0.0314961 
vn -0.0629921 -1 0.0551181 
vn -0.0393701 -1 0.0551181 
vn -0.0629921 -1 0.0551181 
vn -0.102362 -0.984252 0.125984 
vn 0.88189 0.0629921 0.464567 
vn 0.944882 -0.015748 0.338583 
vn -0.944882 0.00787402 -0.322835 
vn 0.88189 0.0629921 0.464567 
vn -0.944882 0.00787402 -0.322835 
vn -0.944882 0.00787402 -0.322835 
vn 0.88189 0.0629921 0.464567 
vn 0.88189 0.0629921 0.464567 
vn -0.905512 -0.0472441 -0.417323 
vn 0.88189 0.0629921 0.464567 
vn -0.905512 -0.0472441 -0.417323 
vn -0.944882 0.00787402 -0.322835 
vn 0.88189 0.0629921 0.464567 
vn 0.88189 0.0629921 0.464567 
vn -0.944882 0.00787402 -0.322835 
vn 0.88189 0.0629921 0.464567 
vn -0.944882 0.00787402 -0.322835 
vn -0.905512 -0.0472441 -0.417323 
vn 0.944882 -0.015748 0.338583 
vn 0.968504 0.00787402 0.244094 
vn -0.937008 0.0944882 -0.330709 
vn 0.944882 -0.015748 0.338583 
vn -0.937008 0.0944882 -0.330709 
vn -0.944882 0.00787402 -0.322835 
vn 0.968504 0.00787402 0.244094 
vn 0.88189 0.0629921 0.464567 
vn -0.944882 0.00787402 -0.322835 
vn 0.968504 0.00787402 0.244094 
vn -0.944882 0.00787402 -0.322835 
vn -0.968504 0 -0.244094 
vn 0.488189 -0.866142 0.0866142 
vn 0.480315 -0.874016 0.0944882 
vn -0.448819 0.889764 -0.0866142 
vn 0.488189 -0.866142 0.0866142 
vn -0.448819 0.889764 -0.0866142 
vn -0.448819 0.889764 -0.0866142 
vn 0.480315 -0.874016 0.0944882 
vn 0.480315 -0.874016 0.0944882 
vn -0.448819 0.889764 -0.0866142 
vn 0.480315 -0.874016 0.0944882 
vn -0.448819 0.889764 -0.0866142 
vn -0.464567 0.88189 -0.0551181 
vn -0.0629921 -1 0.0551181 
vn -0.0472441 -1 0.0314961 
vn 0.0551181 0.984252 -0.188976 
vn -0.0629921 -1 0.0551181 
vn 0.0551181 0.984252 -0.188976 
vn 0.0551181 0.984252 -0.188976 
vn -0.0472441 -1 0.0314961 
vn -0.0472441 -1 0.0314961 
vn 0.0551181 0.984252 -0.188976 
vn -0.0472441 -1 0.0314961 
vn 0.0551181 0.984252 -0.188976 
vn -0.015748 1 -0.0393701 
vn -0.102362 -0.984252 0.125984 
vn -0.0629921 -1 0.0551181 
vn 0.0551181 0.984252 -0.188976 
vn -0.102362 -0.984252 0.125984 
vn 0.0551181 0.984252 -0.188976 
vn 0.598425 0.76378 -0.23622 
vn -0.0472441 -1 0.0314961 
vn -0.0393701 -1 0.0551181 
vn 0.598425 0.76378 -0.23622 
vn -0.0472441 -1 0.0314961 
vn 0.598425 0.76378 -0.23622 
vn 0.0551181 0.984252 -0.188976 
vn -0.0393701 -1 0.0551181 
vn -0.102362 -0.984252 0.125984 
vn 0.598425 0.76378 -0.23622 
vn -0.0393701 -1 0.0551181 
vn 0.598425 0.76378 -0.23622 
vn 0.598425 0.76378 -0.23622 
vn -0.0472441 -1 0.0314961 
vn 0.480315 -0.874016 0.0944882 
vn -0.464567 0.88189 -0.0551181 
vn -0.0472441 -1 0.0314961 
vn -0.464567 0.88189 -0.0551181 
vn 0.0551181 0.984252 -0.188976 
vn 0.480315 -0.874016 0.0944882 
vn 0.480315 -0.874016 0.0944882 
vn -0.0472441 -1 0.0314961 
vn 0.480315 -0.874016 0.0944882 
vn -0.0472441 -1 0.0314961 
vn -0.0472441 -1 0.0314961 
vn -0.448819 0.889764 -0.0866142 
vn 0.480315 -0.874016 0.0944882 
vn -0.0472441 -1 0.0314961 
vn -0.448819 0.889764 -0.0866142 
vn -0.0472441 -1 0.0314961 
vn -0.015748 1 -0.0393701 
vn -0.464567 0.88189 -0.0551181 
vn -0.448819 0.889764 -0.0866142 
vn -0.015748 1 -0.0393701 
vn -0.464567 0.88189 -0.0551181 
vn -0.015748 1 -0.0393701 
vn 0.0551181 0.984252 -0.188976 
vn 0.480315 -0.874016 0.0944882 
vn 0.968504 0.00787402 0.244094 
vn -0.968504 0 -0.244094 
vn 0.480315 -0.874016 0.0944882 
vn -0.968504 0 -0.244094 
vn -0.448819 0.889764 -0.0866142 
vn 0.968504 0.00787402 0.244094 
vn 0.968504 0.00787402 0.244094 
vn 0.480315 -0.874016 0.0944882 
vn 0.968504 0.00787402 0.244094 
vn 0.480315 -0.874016 0.0944882 
vn 0.488189 -0.866142 0.0866142 
vn -0.937008 0.0944882 -0.330709 
vn 0.968504 0.00787402 0.244094 
vn 0.488189 -0.866142 0.0866142 
vn -0.937008 0.0944882 -0.330709 
vn 0.488189 -0.866142 0.0866142 
vn -0.448819 0.889764 -0.0866142 
vn -0.968504 0 -0.244094 
vn -0.937008 0.0944882 -0.330709 
vn -0.448819 0.889764 -0.0866142 
vn -0.968504 0 -0.244094 
vn -0.448819 0.889764 -0.0866142 
vn -0.448819 0.889764 -0.0866142 
vn 0.944882 0.314961 -0.0629921 
vn 0.944882 0.314961 -0.0629921 
vn 0.944882 0.314961 -0.0629921 
vn 0.944882 0.314961 -0.0629921 
vn 0.944882 0.314961 -0.0629921 
vn 0.952756 0.307087 -0.0551181 
vn -0.102362 0.952756 -0.291339 
vn -0.102362 0.952756 -0.291339 
vn -0.102362 0.952756 -0.291339 
vn -0.102362 0.952756 -0.291339 
vn -0.102362 0.952756 -0.291339 
vn -0.0944882 0.952756 -0.283465 
vn -0.590551 0.685039 -0.425197 
vn -0.590551 0.685039 -0.425197 
vn -0.590551 0.685039 -0.425197 
vn -0.590551 0.685039 -0.425197 
vn -0.590551 0.685039 -0.425197 
vn -0.606299 0.629921 -0.488189 
vn -0.826772 0.165354 -0.535433 
vn -0.826772 0.165354 -0.535433 
vn -0.826772 0.165354 -0.535433 
vn -0.826772 0.165354 -0.535433 
vn -0.826772 0.165354 -0.535433 
vn -0.818898 0.11811 -0.559055 
vn -0.826772 -0.165354 -0.535433 
vn -0.826772 0.165354 -0.535433 
vn -0.818898 0.11811 -0.559055 
vn -0.826772 -0.165354 -0.535433 
vn -0.818898 0.11811 -0.559055 
vn -0.826772 -0.15748 -0.535433 
vn -0.417323 -0.897638 -0.11811 
vn -0.417323 -0.897638 -0.11811 
vn 0.944882 0.314961 -0.0629921 
vn -0.417323 -0.897638 -0.11811 
vn 0.944882 0.314961 -0.0629921 
vn 0.944882 0.314961 -0.0629921 
vn 0.307087 -0.944882 0.125984 
vn 0.307087 -0.944882 0.125984 
vn 0.307087 -0.944882 0.125984 
vn 0.307087 -0.944882 0.125984 
vn 0.307087 -0.944882 0.125984 
vn 0.102362 -0.992126 -0.0629921 
vn 0.653543 -0.677165 0.338583 
vn 0.653543 -0.677165 0.338583 
vn 0.653543 -0.677165 0.338583 
vn 0.653543 -0.677165 0.338583 
vn 0.653543 -0.677165 0.338583 
vn 0.637795 -0.716535 0.291339 
vn 0.88189 -0.102362 0.456693 
vn 0.88189 -0.102362 0.456693 
vn 0.88189 -0.102362 0.456693 
vn 0.88189 -0.102362 0.456693 
vn 0.88189 -0.102362 0.456693 
vn 0.889764 -0.23622 0.385827 
vn 0.889764 0.149606 0.425197 
vn 0.889764 0.149606 0.425197 
vn 0.88189 -0.102362 0.456693 
vn 0.889764 0.149606 0.425197 
vn 0.88189 -0.102362 0.456693 
vn 0.88189 -0.102362 0.456693 
vn -0.417323 -0.897638 -0.11811 
vn 0.944882 0.314961 -0.0629921 
vn 0.944882 0.314961 -0.0629921 
vn -0.417323 -0.897638 -0.11811 
vn 0.944882 0.314961 -0.0629921 
vn 0.015748 0.181102 0.984252 
vn 0.944882 0.314961 -0.0629921 
vn -0.417323 -0.897638 -0.11811 
vn 0.259843 -0.338583 -0.905512 
vn 0.944882 0.314961 -0.0629921 
vn 0.259843 -0.338583 -0.905512 
vn 0.952756 0.307087 -0.0551181 
vn 0.307087 -0.944882 0.125984 
vn 0.102362 -0.992126 -0.0629921 
vn -0.102362 0.952756 -0.291339 
vn 0.307087 -0.944882 0.125984 
vn -0.102362 0.952756 -0.291339 
vn -0.102362 0.952756 -0.291339 
vn 0.307087 -0.944882 0.125984 
vn 0.307087 -0.944882 0.125984 
vn -0.0944882 0.952756 -0.283465 
vn 0.307087 -0.944882 0.125984 
vn -0.0944882 0.952756 -0.283465 
vn -0.102362 0.952756 -0.291339 
vn 0.653543 -0.677165 0.338583 
vn 0.637795 -0.716535 0.291339 
vn -0.590551 0.685039 -0.425197 
vn 0.653543 -0.677165 0.338583 
vn -0.590551 0.685039 -0.425197 
vn -0.590551 0.685039 -0.425197 
vn 0.653543 -0.677165 0.338583 
vn 0.653543 -0.677165 0.338583 
vn -0.606299 0.629921 -0.488189 
vn 0.653543 -0.677165 0.338583 
vn -0.606299 0.629921 -0.488189 
vn -0.590551 0.685039 -0.425197 
vn 0.88189 -0.102362 0.456693 
vn 0.889764 -0.23622 0.385827 
vn -0.826772 0.165354 -0.535433 
vn 0.88189 -0.102362 0.456693 
vn -0.826772 0.165354 -0.535433 
vn -0.826772 0.165354 -0.535433 
vn 0.88189 -0.102362 0.456693 
vn 0.88189 -0.102362 0.456693 
vn -0.818898 0.11811 -0.559055 
vn 0.88189 -0.102362 0.456693 
vn -0.818898 0.11811 -0.559055 
vn -0.826772 0.165354 -0.535433 
vn 0.889764 0.149606 0.425197 
vn 0.88189 -0.102362 0.456693 
vn -0.826772 0.165354 -0.535433 
vn 0.889764 0.149606 0.425197 
vn -0.826772 0.165354 -0.535433 
vn -0.826772 -0.165354 -0.535433 
vn 0.88189 -0.102362 0.456693 
vn 0.889764 0.149606 0.425197 
vn -0.826772 -0.15748 -0.535433 
vn 0.88189 -0.102362 0.456693 
vn -0.826772 -0.15748 -0.535433 
vn -0.818898 0.11811 -0.559055 
vn 0.889764 0.149606 0.425197 
vn 0.889764 0.149606 0.425197 
vn -0.826772 -0.165354 -0.535433 
vn 0.889764 0.149606 0.425197 
vn -0.826772 -0.165354 -0.535433 
vn -0.826772 -0.15748 -0.535433 
vn 0.015748 0.181102 0.984252 
vn 0.944882 0.314961 -0.0629921 
vn 0.952756 0.307087 -0.0551181 
vn 0.015748 0.181102 0.984252 
vn 0.952756 0.307087 -0.0551181 
vn 0.259843 -0.338583 -0.905512 
vn -0.417323 -0.897638 -0.11811 
vn 0.307087 -0.944882 0.125984 
vn -0.102362 0.952756 -0.291339 
vn -0.417323 -0.897638 -0.11811 
vn -0.102362 0.952756 -0.291339 
vn 0.259843 -0.338583 -0.905512 
vn 0.102362 -0.992126 -0.0629921 
vn 0.307087 -0.944882 0.125984 
vn -0.417323 -0.897638 -0.11811 
vn 0.102362 -0.992126 -0.0629921 
vn -0.417323 -0.897638 -0.11811 
vn -0.417323 -0.897638 -0.11811 
vn -0.102362 0.952756 -0.291339 
vn 0.102362 -0.992126 -0.0629921 
vn -0.417323 -0.897638 -0.11811 
vn -0.102362 0.952756 -0.291339 
vn -0.417323 -0.897638 -0.11811 
vn 0.015748 0.181102 0.984252 
vn -0.102362 0.952756 -0.291339 
vn -0.102362 0.952756 -0.291339 
vn 0.015748 0.181102 0.984252 
vn -0.102362 0.952756 -0.291339 
vn 0.015748 0.181102 0.984252 
vn 0.259843 -0.338583 -0.905512 
vn 0.307087 -0.944882 0.125984 
vn 0.653543 -0.677165 0.338583 
vn -0.590551 0.685039 -0.425197 
vn 0.307087 -0.944882 0.125984 
vn -0.590551 0.685039 -0.425197 
vn -0.0944882 0.952756 -0.283465 
vn 0.637795 -0.716535 0.291339 
vn 0.653543 -0.677165 0.338583 
vn 0.307087 -0.944882 0.125984 
vn 0.637795 -0.716535 0.291339 
vn 0.307087 -0.944882 0.125984 
vn 0.307087 -0.944882 0.125984 
vn -0.590551 0.685039 -0.425197 
vn 0.637795 -0.716535 0.291339 
vn 0.307087 -0.944882 0.125984 
vn -0.590551 0.685039 -0.425197 
vn 0.307087 -0.944882 0.125984 
vn -0.102362 0.952756 -0.291339 
vn -0.590551 0.685039 -0.425197 
vn -0.590551 0.685039 -0.425197 
vn -0.102362 0.952756 -0.291339 
vn -0.590551 0.685039 -0.425197 
vn -0.102362 0.952756 -0.291339 
vn -0.0944882 0.952756 -0.283465 
vn 0.653543 -0.677165 0.338583 
vn 0.88189 -0.102362 0.456693 
vn -0.826772 0.165354 -0.535433 
vn 0.653543 -0.677165 0.338583 
vn -0.826772 0.165354 -0.535433 
vn -0.606299 0.629921 -0.488189 
vn 0.889764 -0.23622 0.385827 
vn 0.88189 -0.102362 0.456693 
vn 0.653543 -0.677165 0.338583 
vn 0.889764 -0.23622 0.385827 
vn 0.653543 -0.677165 0.338583 
vn 0.653543 -0.677165 0.338583 
vn -0.826772 0.165354 -0.535433 
vn 0.889764 -0.23622 0.385827 
vn 0.653543 -0.677165 0.338583 
vn -0.826772 0.165354 -0.535433 
vn 0.653543 -0.677165 0.338583 
vn -0.590551 0.685039 -0.425197 
vn -0.826772 0.165354 -0.535433 
vn -0.826772 0.165354 -0.535433 
vn -0.590551 0.685039 -0.425197 
vn -0.826772 0.165354 -0.535433 
vn -0.590551 0.685039 -0.425197 
vn -0.606299 0.629921 -0.488189 
vn 0.976378 0.220472 -0.0629921 
vn 0.976378 0.220472 -0.0629921 
vn 0.976378 0.220472 -0.0629921 
vn 0.976378 0.220472 -0.0629921 
vn 0.976378 0.220472 -0.0629921 
vn 0.952756 0.299213 -0.0393701 
vn -0.00787402 0.992126 -0.149606 
vn -0.00787402 0.992126 -0.149606 
vn -0.00787402 0.992126 -0.149606 
vn -0.00787402 0.992126 -0.149606 
vn -0.00787402 0.992126 -0.149606 
vn -0.0393701 0.992126 -0.110236 
vn -0.393701 0.92126 -0.015748 
vn -0.393701 0.92126 -0.015748 
vn -0.0393701 0.992126 -0.110236 
vn -0.393701 0.92126 -0.015748 
vn -0.0393701 0.992126 -0.110236 
vn -0.00787402 0.992126 -0.149606 
vn -0.834646 0.511811 0.188976 
vn -0.834646 0.511811 0.188976 
vn -0.834646 0.511811 0.188976 
vn -0.834646 0.511811 0.188976 
vn -0.834646 0.511811 0.188976 
vn -0.818898 0.559055 0.141732 
vn -0.952756 0.141732 0.267717 
vn -0.952756 0.141732 0.267717 
vn -0.952756 0.141732 0.267717 
vn -0.952756 0.141732 0.267717 
vn -0.952756 0.141732 0.267717 
vn -0.944882 0.181102 0.275591 
vn 0.976378 0.220472 -0.0629921 
vn -0.307087 -0.944882 0.125984 
vn -0.307087 -0.944882 0.125984 
vn 0.976378 0.220472 -0.0629921 
vn -0.307087 -0.944882 0.125984 
vn 0.976378 0.220472 -0.0629921 
vn -0.307087 -0.944882 0.125984 
vn 0.0472441 -0.992126 0.110236 
vn 0.0472441 -0.992126 0.110236 
vn -0.307087 -0.944882 0.125984 
vn 0.0472441 -0.992126 0.110236 
vn -0.307087 -0.944882 0.125984 
vn 0.244094 -0.96063 0.110236 
vn 0.0472441 -0.992126 0.110236 
vn 0.0472441 -0.992126 0.110236 
vn 0.244094 -0.96063 0.110236 
vn 0.0472441 -0.992126 0.110236 
vn 0.330709 -0.944882 0.023622 
vn 0.874016 -0.464567 -0.149606 
vn 0.874016 -0.464567 -0.149606 
vn 0.874016 -0.464567 -0.149606 
vn 0.874016 -0.464567 -0.149606 
vn 0.874016 -0.464567 -0.149606 
vn 0.897638 -0.393701 -0.204724 
vn 0.944882 -0.188976 -0.275591 
vn 0.944882 -0.188976 -0.275591 
vn 0.944882 -0.188976 -0.275591 
vn 0.944882 -0.188976 -0.275591 
vn 0.944882 -0.188976 -0.275591 
vn 0.952756 -0.149606 -0.267717 
vn 0.976378 0.220472 -0.0629921 
vn -0.307087 -0.944882 0.125984 
vn -0.00787402 0.992126 -0.149606 
vn 0.976378 0.220472 -0.0629921 
vn -0.00787402 0.992126 -0.149606 
vn 0.976378 0.220472 -0.0629921 
vn -0.307087 -0.944882 0.125984 
vn 0.976378 0.220472 -0.0629921 
vn 0.952756 0.299213 -0.0393701 
vn -0.307087 -0.944882 0.125984 
vn 0.952756 0.299213 -0.0393701 
vn -0.00787402 0.992126 -0.149606 
vn -0.307087 -0.944882 0.125984 
vn 0.0472441 -0.992126 0.110236 
vn -0.00787402 0.992126 -0.149606 
vn -0.307087 -0.944882 0.125984 
vn -0.00787402 0.992126 -0.149606 
vn -0.00787402 0.992126 -0.149606 
vn 0.0472441 -0.992126 0.110236 
vn -0.307087 -0.944882 0.125984 
vn -0.00787402 0.992126 -0.149606 
vn 0.0472441 -0.992126 0.110236 
vn -0.00787402 0.992126 -0.149606 
vn -0.0393701 0.992126 -0.110236 
vn 0.330709 -0.944882 0.023622 
vn 0.0472441 -0.992126 0.110236 
vn -0.0393701 0.992126 -0.110236 
vn 0.330709 -0.944882 0.023622 
vn -0.0393701 0.992126 -0.110236 
vn -0.393701 0.92126 -0.015748 
vn 0.0472441 -0.992126 0.110236 
vn 0.244094 -0.96063 0.110236 
vn -0.393701 0.92126 -0.015748 
vn 0.0472441 -0.992126 0.110236 
vn -0.393701 0.92126 -0.015748 
vn -0.00787402 0.992126 -0.149606 
vn 0.897638 -0.393701 -0.204724 
vn 0.874016 -0.464567 -0.149606 
vn -0.834646 0.511811 0.188976 
vn 0.897638 -0.393701 -0.204724 
vn -0.834646 0.511811 0.188976 
vn -0.834646 0.511811 0.188976 
vn 0.874016 -0.464567 -0.149606 
vn 0.874016 -0.464567 -0.149606 
vn -0.834646 0.511811 0.188976 
vn 0.874016 -0.464567 -0.149606 
vn -0.834646 0.511811 0.188976 
vn -0.818898 0.559055 0.141732 
vn 0.944882 -0.188976 -0.275591 
vn 0.952756 -0.149606 -0.267717 
vn -0.952756 0.141732 0.267717 
vn 0.944882 -0.188976 -0.275591 
vn -0.952756 0.141732 0.267717 
vn -0.952756 0.141732 0.267717 
vn 0.944882 -0.188976 -0.275591 
vn 0.944882 -0.188976 -0.275591 
vn -0.944882 0.181102 0.275591 
vn 0.944882 -0.188976 -0.275591 
vn -0.944882 0.181102 0.275591 
vn -0.952756 0.141732 0.267717 
vn 0.944882 -0.188976 -0.275591 
vn 0.944882 -0.188976 -0.275591 
vn -0.952756 0.141732 0.267717 
vn 0.944882 -0.188976 -0.275591 
vn -0.952756 0.141732 0.267717 
vn -0.944882 0.181102 0.275591 
vn 0.952756 0.299213 -0.0393701 
vn 0.976378 0.220472 -0.0629921 
vn -0.00787402 0.992126 -0.149606 
vn 0.952756 0.299213 -0.0393701 
vn -0.00787402 0.992126 -0.149606 
vn -0.00787402 0.992126 -0.149606 
vn -0.330709 -0.0551181 -0.944882 
vn -0.330709 -0.0551181 -0.944882 
vn -0.330709 -0.0551181 -0.944882 
vn -0.330709 -0.0551181 -0.944882 
vn -0.330709 -0.0551181 -0.944882 
vn -0.322835 -0.0551181 -0.944882 
vn 0.96063 -0.102362 -0.259843 
vn -0.330709 -0.0551181 -0.944882 
vn -0.330709 -0.0551181 -0.944882 
vn 0.96063 -0.102362 -0.259843 
vn -0.330709 -0.0551181 -0.944882 
vn 0.96063 -0.110236 -0.259843 
vn 0.322835 0 0.944882 
vn 0.96063 -0.102362 -0.259843 
vn 0.96063 -0.110236 -0.259843 
vn 0.322835 0 0.944882 
vn 0.96063 -0.110236 -0.259843 
vn 0.307087 0.00787402 0.952756 
vn -0.330709 -0.0551181 -0.944882 
vn 0.322835 0 0.944882 
vn 0.307087 0.00787402 0.952756 
vn -0.330709 -0.0551181 -0.944882 
vn 0.307087 0.00787402 0.952756 
vn -0.322835 -0.0551181 -0.944882 
vn 0.96063 -0.110236 -0.259843 
vn 0.897638 -0.393701 -0.204724 
vn -0.834646 0.511811 0.188976 
vn 0.96063 -0.110236 -0.259843 
vn -0.834646 0.511811 0.188976 
vn 0.307087 0.00787402 0.952756 
vn -0.330709 -0.0551181 -0.944882 
vn 0.874016 -0.464567 -0.149606 
vn 0.897638 -0.393701 -0.204724 
vn -0.330709 -0.0551181 -0.944882 
vn 0.897638 -0.393701 -0.204724 
vn 0.96063 -0.110236 -0.259843 
vn -0.834646 0.511811 0.188976 
vn 0.874016 -0.464567 -0.149606 
vn -0.330709 -0.0551181 -0.944882 
vn -0.834646 0.511811 0.188976 
vn -0.330709 -0.0551181 -0.944882 
vn -0.322835 -0.0551181 -0.944882 
vn -0.322835 -0.0551181 -0.944882 
vn 0.307087 0.00787402 0.952756 
vn -0.834646 0.511811 0.188976 
vn -0.322835 -0.0551181 -0.944882 
vn -0.834646 0.511811 0.188976 
vn -0.834646 0.511811 0.188976 
vn 0.874016 -0.464567 -0.149606 
vn 0.330709 -0.944882 0.023622 
vn -0.393701 0.92126 -0.015748 
vn 0.874016 -0.464567 -0.149606 
vn -0.393701 0.92126 -0.015748 
vn -0.834646 0.511811 0.188976 
vn 0.874016 -0.464567 -0.149606 
vn 0.244094 -0.96063 0.110236 
vn 0.330709 -0.944882 0.023622 
vn 0.874016 -0.464567 -0.149606 
vn 0.330709 -0.944882 0.023622 
vn 0.874016 -0.464567 -0.149606 
vn -0.393701 0.92126 -0.015748 
vn 0.244094 -0.96063 0.110236 
vn 0.874016 -0.464567 -0.149606 
vn -0.393701 0.92126 -0.015748 
vn 0.874016 -0.464567 -0.149606 
vn -0.818898 0.559055 0.141732 
vn -0.818898 0.559055 0.141732 
vn -0.834646 0.511811 0.188976 
vn -0.393701 0.92126 -0.015748 
vn -0.818898 0.559055 0.141732 
vn -0.393701 0.92126 -0.015748 
vn -0.393701 0.92126 -0.015748 
vn -0.330709 -0.0551181 -0.944882 
vn 0.944882 -0.188976 -0.275591 
vn -0.952756 0.141732 0.267717 
vn -0.330709 -0.0551181 -0.944882 
vn -0.952756 0.141732 0.267717 
vn -0.330709 -0.0551181 -0.944882 
vn 0.952756 -0.149606 -0.267717 
vn 0.944882 -0.188976 -0.275591 
vn -0.330709 -0.0551181 -0.944882 
vn 0.952756 -0.149606 -0.267717 
vn -0.330709 -0.0551181 -0.944882 
vn 0.96063 -0.102362 -0.259843 
vn -0.952756 0.141732 0.267717 
vn 0.952756 -0.149606 -0.267717 
vn 0.96063 -0.102362 -0.259843 
vn -0.952756 0.141732 0.267717 
vn 0.96063 -0.102362 -0.259843 
vn 0.322835 0 0.944882 
vn -0.952756 0.141732 0.267717 
vn -0.952756 0.141732 0.267717 
vn 0.322835 0 0.944882 
vn -0.952756 0.141732 0.267717 
vn 0.322835 0 0.944882 
vn -0.330709 -0.0551181 -0.944882 
vn 0.0472441 1 0.0551181 
vn 0.0472441 1 0.0551181 
vn 0.0472441 1 0.0551181 
vn 0.0472441 1 0.0551181 
vn 0.0472441 1 0.0551181 
vn -0.023622 1 0 
vn -0.645669 0.519685 0.566929 
vn -0.645669 0.519685 0.566929 
vn -0.645669 0.519685 0.566929 
vn -0.645669 0.519685 0.566929 
vn -0.645669 0.519685 0.566929 
vn -0.614173 0.543307 0.574803 
vn 0.92126 0.393701 0.0393701 
vn 0.92126 0.393701 0.0393701 
vn 0.92126 0.393701 0.0393701 
vn 0.92126 0.393701 0.0393701 
vn 0.92126 0.393701 0.0393701 
vn 0.897638 0.433071 0.0708661 
vn -0.677165 0.15748 0.724409 
vn -0.677165 0.15748 0.724409 
vn -0.677165 0.15748 0.724409 
vn -0.677165 0.15748 0.724409 
vn -0.677165 0.15748 0.724409 
vn -0.700787 0.110236 0.708661 
vn -0.307087 0.937008 0.181102 
vn -0.307087 0.937008 0.181102 
vn 0.0472441 1 0.0551181 
vn -0.307087 0.937008 0.181102 
vn 0.0472441 1 0.0551181 
vn -0.023622 1 0 
vn 0.023622 -1 0 
vn 0.023622 -1 0 
vn 0.023622 -1 0 
vn 0.023622 -1 0 
vn 0.023622 -1 0 
vn -0.0472441 -1 -0.0551181 
vn 0.614173 -0.535433 -0.574803 
vn 0.614173 -0.535433 -0.574803 
vn 0.614173 -0.535433 -0.574803 
vn 0.614173 -0.535433 -0.574803 
vn 0.614173 -0.535433 -0.574803 
vn 0.645669 -0.503937 -0.566929 
vn 0.023622 -1 0 
vn 0.897638 0.433071 0.0708661 
vn 0.92126 0.393701 0.0393701 
vn 0.023622 -1 0 
vn 0.92126 0.393701 0.0393701 
vn -0.0472441 -1 -0.0551181 
vn 0.700787 -0.0944882 -0.708661 
vn 0.700787 -0.0944882 -0.708661 
vn 0.700787 -0.0944882 -0.708661 
vn 0.700787 -0.0944882 -0.708661 
vn 0.700787 -0.0944882 -0.708661 
vn 0.677165 -0.149606 -0.724409 
vn 0.188976 -0.984252 -0.0393701 
vn 0.023622 -1 0 
vn 0.023622 -1 0 
vn 0.188976 -0.984252 -0.0393701 
vn 0.023622 -1 0 
vn 0.267717 -0.944882 -0.165354 
vn 0.023622 -1 0 
vn -0.0472441 -1 -0.0551181 
vn 0.0472441 1 0.0551181 
vn 0.023622 -1 0 
vn 0.0472441 1 0.0551181 
vn 0.0472441 1 0.0551181 
vn 0.023622 -1 0 
vn 0.023622 -1 0 
vn -0.023622 1 0 
vn 0.023622 -1 0 
vn -0.023622 1 0 
vn 0.0472441 1 0.0551181 
vn 0.614173 -0.535433 -0.574803 
vn 0.645669 -0.503937 -0.566929 
vn -0.645669 0.519685 0.566929 
vn 0.614173 -0.535433 -0.574803 
vn -0.645669 0.519685 0.566929 
vn -0.645669 0.519685 0.566929 
vn 0.614173 -0.535433 -0.574803 
vn 0.614173 -0.535433 -0.574803 
vn -0.614173 0.543307 0.574803 
vn 0.614173 -0.535433 -0.574803 
vn -0.614173 0.543307 0.574803 
vn -0.645669 0.519685 0.566929 
vn -0.0472441 -1 -0.0551181 
vn 0.92126 0.393701 0.0393701 
vn 0.92126 0.393701 0.0393701 
vn -0.0472441 -1 -0.0551181 
vn 0.92126 0.393701 0.0393701 
vn 0.0472441 1 0.0551181 
vn 0.897638 0.433071 0.0708661 
vn 0.023622 -1 0 
vn 0.0472441 1 0.0551181 
vn 0.897638 0.433071 0.0708661 
vn 0.0472441 1 0.0551181 
vn 0.92126 0.393701 0.0393701 
vn 0.700787 -0.0944882 -0.708661 
vn 0.677165 -0.149606 -0.724409 
vn -0.677165 0.15748 0.724409 
vn 0.700787 -0.0944882 -0.708661 
vn -0.677165 0.15748 0.724409 
vn -0.677165 0.15748 0.724409 
vn 0.700787 -0.0944882 -0.708661 
vn 0.700787 -0.0944882 -0.708661 
vn -0.700787 0.110236 0.708661 
vn 0.700787 -0.0944882 -0.708661 
vn -0.700787 0.110236 0.708661 
vn -0.677165 0.15748 0.724409 
vn 0.700787 -0.0944882 -0.708661 
vn 0.700787 -0.0944882 -0.708661 
vn -0.677165 0.15748 0.724409 
vn 0.700787 -0.0944882 -0.708661 
vn -0.677165 0.15748 0.724409 
vn -0.700787 0.110236 0.708661 
vn 0.267717 -0.944882 -0.165354 
vn 0.023622 -1 0 
vn 0.0472441 1 0.0551181 
vn 0.267717 -0.944882 -0.165354 
vn 0.0472441 1 0.0551181 
vn -0.307087 0.937008 0.181102 
vn 0.023622 -1 0 
vn 0.188976 -0.984252 -0.0393701 
vn -0.307087 0.937008 0.181102 
vn 0.023622 -1 0 
vn -0.307087 0.937008 0.181102 
vn -0.023622 1 0 
vn 0.0472441 1 0.0551181 
vn 0.0472441 1 0.0551181 
vn 0.92126 0.393701 0.0393701 
vn 0.0472441 1 0.0551181 
vn 0.92126 0.393701 0.0393701 
vn 0.92126 0.393701 0.0393701 
vn -0.645669 0.519685 0.566929 
vn -0.645669 0.519685 0.566929 
vn -0.307087 0.937008 0.181102 
vn -0.645669 0.519685 0.566929 
vn -0.307087 0.937008 0.181102 
vn -0.307087 0.937008 0.181102 
vn 0.645669 -0.503937 -0.566929 
vn 0.267717 -0.944882 -0.165354 
vn -0.307087 0.937008 0.181102 
vn 0.645669 -0.503937 -0.566929 
vn -0.307087 0.937008 0.181102 
vn -0.645669 0.519685 0.566929 
vn 0.614173 -0.535433 -0.574803 
vn 0.188976 -0.984252 -0.0393701 
vn 0.267717 -0.944882 -0.165354 
vn 0.614173 -0.535433 -0.574803 
vn 0.267717 -0.944882 -0.165354 
vn 0.645669 -0.503937 -0.566929 
vn -0.307087 0.937008 0.181102 
vn 0.188976 -0.984252 -0.0393701 
vn 0.614173 -0.535433 -0.574803 
vn -0.307087 0.937008 0.181102 
vn 0.614173 -0.535433 -0.574803 
vn -0.645669 0.519685 0.566929 
vn -0.677165 0.15748 0.724409 
vn -0.645669 0.519685 0.566929 
vn -0.614173 0.543307 0.574803 
vn -0.677165 0.15748 0.724409 
vn -0.614173 0.543307 0.574803 
vn -0.677165 0.15748 0.724409 
vn 0.677165 -0.149606 -0.724409 
vn 0.614173 -0.535433 -0.574803 
vn -0.645669 0.519685 0.566929 
vn 0.677165 -0.149606 -0.724409 
vn -0.645669 0.519685 0.566929 
vn -0.677165 0.15748 0.724409 
vn 0.677165 -0.149606 -0.724409 
vn 0.700787 -0.0944882 -0.708661 
vn 0.614173 -0.535433 -0.574803 
vn 0.677165 -0.149606 -0.724409 
vn 0.614173 -0.535433 -0.574803 
vn 0.614173 -0.535433 -0.574803 
vn -0.614173 0.543307 0.574803 
vn 0.614173 -0.535433 -0.574803 
vn 0.700787 -0.0944882 -0.708661 
vn -0.614173 0.543307 0.574803 
vn 0.700787 -0.0944882 -0.708661 
vn -0.677165 0.15748 0.724409 
vn -0.566929 0.125984 0.811024 
vn -0.566929 0.125984 0.811024 
vn -0.566929 0.125984 0.811024 
vn -0.566929 0.125984 0.811024 
vn -0.566929 0.125984 0.811024 
vn -0.511811 0.0866142 0.858268 
vn -0.645669 0.322835 0.692913 
vn -0.645669 0.322835 0.692913 
vn -0.566929 0.125984 0.811024 
vn -0.645669 0.322835 0.692913 
vn -0.566929 0.125984 0.811024 
vn -0.566929 0.125984 0.811024 
vn -0.527559 0.700787 0.480315 
vn -0.527559 0.700787 0.480315 
vn -0.645669 0.322835 0.692913 
vn -0.527559 0.700787 0.480315 
vn -0.645669 0.322835 0.692913 
vn -0.645669 0.322835 0.692913 
vn -0.188976 0.96063 0.212598 
vn -0.188976 0.96063 0.212598 
vn -0.188976 0.96063 0.212598 
vn -0.188976 0.96063 0.212598 
vn -0.188976 0.96063 0.212598 
vn -0.188976 0.96063 0.212598 
vn 0.685039 0.724409 -0.015748 
vn 0.685039 0.724409 -0.015748 
vn 0.685039 0.724409 -0.015748 
vn 0.685039 0.724409 -0.015748 
vn 0.685039 0.724409 -0.015748 
vn 0.771654 0.637795 0.00787402 
vn 0.511811 -0.0866142 -0.858268 
vn 0.511811 -0.0866142 -0.858268 
vn 0.511811 -0.0866142 -0.858268 
vn 0.511811 -0.0866142 -0.858268 
vn 0.511811 -0.0866142 -0.858268 
vn 0.566929 -0.11811 -0.811024 
vn 0.559055 -0.220472 -0.80315 
vn 0.511811 -0.0866142 -0.858268 
vn 0.566929 -0.11811 -0.811024 
vn 0.559055 -0.220472 -0.80315 
vn 0.566929 -0.11811 -0.811024 
vn 0.645669 -0.307087 -0.700787 
vn 0.606299 -0.590551 -0.527559 
vn 0.606299 -0.590551 -0.527559 
vn 0.559055 -0.220472 -0.80315 
vn 0.606299 -0.590551 -0.527559 
vn 0.559055 -0.220472 -0.80315 
vn 0.645669 -0.307087 -0.700787 
vn 0.212598 -0.952756 -0.228346 
vn 0.212598 -0.952756 -0.228346 
vn 0.212598 -0.952756 -0.228346 
vn 0.212598 -0.952756 -0.228346 
vn 0.212598 -0.952756 -0.228346 
vn 0.204724 -0.952756 -0.220472 
vn -0.519685 -0.850394 -0.0866142 
vn -0.519685 -0.850394 -0.0866142 
vn -0.519685 -0.850394 -0.0866142 
vn -0.519685 -0.850394 -0.0866142 
vn -0.519685 -0.850394 -0.0866142 
vn -0.464567 -0.88189 -0.0629921 
vn 0.566929 -0.11811 -0.811024 
vn 0.511811 -0.0866142 -0.858268 
vn -0.566929 0.125984 0.811024 
vn 0.566929 -0.11811 -0.811024 
vn -0.566929 0.125984 0.811024 
vn -0.566929 0.125984 0.811024 
vn 0.511811 -0.0866142 -0.858268 
vn 0.511811 -0.0866142 -0.858268 
vn -0.511811 0.0866142 0.858268 
vn 0.511811 -0.0866142 -0.858268 
vn -0.511811 0.0866142 0.858268 
vn -0.566929 0.125984 0.811024 
vn 0.511811 -0.0866142 -0.858268 
vn 0.511811 -0.0866142 -0.858268 
vn -0.566929 0.125984 0.811024 
vn 0.511811 -0.0866142 -0.858268 
vn -0.566929 0.125984 0.811024 
vn -0.511811 0.0866142 0.858268 
vn 0.645669 -0.307087 -0.700787 
vn 0.566929 -0.11811 -0.811024 
vn -0.566929 0.125984 0.811024 
vn 0.645669 -0.307087 -0.700787 
vn -0.566929 0.125984 0.811024 
vn -0.645669 0.322835 0.692913 
vn 0.511811 -0.0866142 -0.858268 
vn 0.559055 -0.220472 -0.80315 
vn -0.645669 0.322835 0.692913 
vn 0.511811 -0.0866142 -0.858268 
vn -0.645669 0.322835 0.692913 
vn -0.566929 0.125984 0.811024 
vn 0.606299 -0.590551 -0.527559 
vn 0.645669 -0.307087 -0.700787 
vn -0.645669 0.322835 0.692913 
vn 0.606299 -0.590551 -0.527559 
vn -0.645669 0.322835 0.692913 
vn -0.527559 0.700787 0.480315 
vn 0.559055 -0.220472 -0.80315 
vn 0.606299 -0.590551 -0.527559 
vn -0.527559 0.700787 0.480315 
vn 0.559055 -0.220472 -0.80315 
vn -0.527559 0.700787 0.480315 
vn -0.645669 0.322835 0.692913 
vn 0.204724 -0.952756 -0.220472 
vn 0.212598 -0.952756 -0.228346 
vn -0.188976 0.96063 0.212598 
vn 0.204724 -0.952756 -0.220472 
vn -0.188976 0.96063 0.212598 
vn -0.188976 0.96063 0.212598 
vn 0.212598 -0.952756 -0.228346 
vn 0.212598 -0.952756 -0.228346 
vn -0.188976 0.96063 0.212598 
vn 0.212598 -0.952756 -0.228346 
vn -0.188976 0.96063 0.212598 
vn -0.188976 0.96063 0.212598 
vn -0.519685 -0.850394 -0.0866142 
vn -0.464567 -0.88189 -0.0629921 
vn 0.685039 0.724409 -0.015748 
vn -0.519685 -0.850394 -0.0866142 
vn 0.685039 0.724409 -0.015748 
vn 0.685039 0.724409 -0.015748 
vn -0.519685 -0.850394 -0.0866142 
vn -0.519685 -0.850394 -0.0866142 
vn 0.771654 0.637795 0.00787402 
vn -0.519685 -0.850394 -0.0866142 
vn 0.771654 0.637795 0.00787402 
vn 0.685039 0.724409 -0.015748 
vn -0.519685 -0.850394 -0.0866142 
vn 0.685039 0.724409 -0.015748 
vn 0.771654 0.637795 0.00787402 
vn -0.519685 -0.850394 -0.0866142 
vn 0.771654 0.637795 0.00787402 
vn -0.519685 -0.850394 -0.0866142 
vn -0.464567 -0.88189 -0.0629921 
vn 0.204724 -0.952756 -0.220472 
vn -0.188976 0.96063 0.212598 
vn -0.464567 -0.88189 -0.0629921 
vn -0.188976 0.96063 0.212598 
vn 0.685039 0.724409 -0.015748 
vn -0.519685 -0.850394 -0.0866142 
vn 0.212598 -0.952756 -0.228346 
vn 0.204724 -0.952756 -0.220472 
vn -0.519685 -0.850394 -0.0866142 
vn 0.204724 -0.952756 -0.220472 
vn -0.464567 -0.88189 -0.0629921 
vn -0.188976 0.96063 0.212598 
vn 0.212598 -0.952756 -0.228346 
vn -0.519685 -0.850394 -0.0866142 
vn -0.188976 0.96063 0.212598 
vn -0.519685 -0.850394 -0.0866142 
vn 0.685039 0.724409 -0.015748 
vn 0.685039 0.724409 -0.015748 
vn 0.685039 0.724409 -0.015748 
vn -0.188976 0.96063 0.212598 
vn 0.685039 0.724409 -0.015748 
vn -0.188976 0.96063 0.212598 
vn -0.188976 0.96063 0.212598 
vn 0.212598 -0.952756 -0.228346 
vn 0.606299 -0.590551 -0.527559 
vn -0.527559 0.700787 0.480315 
vn 0.212598 -0.952756 -0.228346 
vn -0.527559 0.700787 0.480315 
vn -0.188976 0.96063 0.212598 
vn 0.212598 -0.952756 -0.228346 
vn 0.212598 -0.952756 -0.228346 
vn 0.606299 -0.590551 -0.527559 
vn 0.212598 -0.952756 -0.228346 
vn 0.606299 -0.590551 -0.527559 
vn 0.606299 -0.590551 -0.527559 
vn -0.527559 0.700787 0.480315 
vn 0.606299 -0.590551 -0.527559 
vn 0.212598 -0.952756 -0.228346 
vn -0.527559 0.700787 0.480315 
vn 0.212598 -0.952756 -0.228346 
vn -0.188976 0.96063 0.212598 
vn -0.188976 0.96063 0.212598 
vn -0.527559 0.700787 0.480315 
vn -0.527559 0.700787 0.480315 
vn -0.188976 0.96063 0.212598 
vn -0.527559 0.700787 0.480315 
vn -0.188976 0.96063 0.212598 
vn -0.566929 0.125984 0.811024 
vn -0.566929 0.125984 0.811024 
vn -0.566929 0.125984 0.811024 
vn -0.566929 0.125984 0.811024 
vn -0.566929 0.125984 0.811024 
vn -0.511811 0.0866142 0.858268 
vn -0.685039 0.0472441 0.724409 
vn -0.685039 0.0472441 0.724409 
vn -0.566929 0.125984 0.811024 
vn -0.685039 0.0472441 0.724409 
vn -0.566929 0.125984 0.811024 
vn -0.566929 0.125984 0.811024 
vn -0.456693 0.716535 0.519685 
vn -0.685039 0.0472441 0.724409 
vn -0.685039 0.0472441 0.724409 
vn -0.456693 0.716535 0.519685 
vn -0.685039 0.0472441 0.724409 
vn -0.661417 0.606299 0.440945 
vn -0.330709 0.905512 0.259843 
vn -0.330709 0.905512 0.259843 
vn -0.456693 0.716535 0.519685 
vn -0.330709 0.905512 0.259843 
vn -0.456693 0.716535 0.519685 
vn -0.661417 0.606299 0.440945 
vn 0.692913 0.724409 -0.015748 
vn 0.692913 0.724409 -0.015748 
vn 0.692913 0.724409 -0.015748 
vn 0.692913 0.724409 -0.015748 
vn 0.692913 0.724409 -0.015748 
vn 0.771654 0.637795 0.00787402 
vn 0.511811 -0.0866142 -0.858268 
vn 0.511811 -0.0866142 -0.858268 
vn 0.511811 -0.0866142 -0.858268 
vn 0.511811 -0.0866142 -0.858268 
vn 0.511811 -0.0866142 -0.858268 
vn 0.566929 -0.11811 -0.811024 
vn 0.559055 0.228346 -0.795276 
vn 0.511811 -0.0866142 -0.858268 
vn 0.566929 -0.11811 -0.811024 
vn 0.559055 0.228346 -0.795276 
vn 0.566929 -0.11811 -0.811024 
vn 0.685039 0.0472441 -0.724409 
vn 0.685039 -0.566929 -0.456693 
vn 0.685039 -0.566929 -0.456693 
vn 0.559055 0.228346 -0.795276 
vn 0.685039 -0.566929 -0.456693 
vn 0.559055 0.228346 -0.795276 
vn 0.685039 0.0472441 -0.724409 
vn 0.393701 -0.866142 -0.322835 
vn 0.685039 -0.566929 -0.456693 
vn 0.685039 -0.566929 -0.456693 
vn 0.393701 -0.866142 -0.322835 
vn 0.685039 -0.566929 -0.456693 
vn 0.370079 -0.889764 -0.275591 
vn -0.527559 -0.834646 -0.181102 
vn -0.527559 -0.834646 -0.181102 
vn -0.527559 -0.834646 -0.181102 
vn -0.527559 -0.834646 -0.181102 
vn -0.527559 -0.834646 -0.181102 
vn -0.322835 -0.944882 -0.102362 
vn 0.566929 -0.11811 -0.811024 
vn 0.511811 -0.0866142 -0.858268 
vn -0.566929 0.125984 0.811024 
vn 0.566929 -0.11811 -0.811024 
vn -0.566929 0.125984 0.811024 
vn -0.566929 0.125984 0.811024 
vn 0.511811 -0.0866142 -0.858268 
vn 0.511811 -0.0866142 -0.858268 
vn -0.511811 0.0866142 0.858268 
vn 0.511811 -0.0866142 -0.858268 
vn -0.511811 0.0866142 0.858268 
vn -0.566929 0.125984 0.811024 
vn 0.511811 -0.0866142 -0.858268 
vn 0.511811 -0.0866142 -0.858268 
vn -0.566929 0.125984 0.811024 
vn 0.511811 -0.0866142 -0.858268 
vn -0.566929 0.125984 0.811024 
vn -0.511811 0.0866142 0.858268 
vn 0.685039 0.0472441 -0.724409 
vn 0.566929 -0.11811 -0.811024 
vn -0.566929 0.125984 0.811024 
vn 0.685039 0.0472441 -0.724409 
vn -0.566929 0.125984 0.811024 
vn -0.685039 0.0472441 0.724409 
vn 0.511811 -0.0866142 -0.858268 
vn 0.559055 0.228346 -0.795276 
vn -0.685039 0.0472441 0.724409 
vn 0.511811 -0.0866142 -0.858268 
vn -0.685039 0.0472441 0.724409 
vn -0.566929 0.125984 0.811024 
vn 0.685039 -0.566929 -0.456693 
vn 0.685039 0.0472441 -0.724409 
vn -0.685039 0.0472441 0.724409 
vn 0.685039 -0.566929 -0.456693 
vn -0.685039 0.0472441 0.724409 
vn -0.456693 0.716535 0.519685 
vn 0.559055 0.228346 -0.795276 
vn 0.685039 -0.566929 -0.456693 
vn -0.661417 0.606299 0.440945 
vn 0.559055 0.228346 -0.795276 
vn -0.661417 0.606299 0.440945 
vn -0.685039 0.0472441 0.724409 
vn 0.370079 -0.889764 -0.275591 
vn 0.685039 -0.566929 -0.456693 
vn -0.456693 0.716535 0.519685 
vn 0.370079 -0.889764 -0.275591 
vn -0.456693 0.716535 0.519685 
vn -0.330709 0.905512 0.259843 
vn 0.685039 -0.566929 -0.456693 
vn 0.393701 -0.866142 -0.322835 
vn -0.330709 0.905512 0.259843 
vn 0.685039 -0.566929 -0.456693 
vn -0.330709 0.905512 0.259843 
vn -0.661417 0.606299 0.440945 
vn -0.527559 -0.834646 -0.181102 
vn -0.322835 -0.944882 -0.102362 
vn 0.692913 0.724409 -0.015748 
vn -0.527559 -0.834646 -0.181102 
vn 0.692913 0.724409 -0.015748 
vn 0.692913 0.724409 -0.015748 
vn -0.527559 -0.834646 -0.181102 
vn -0.527559 -0.834646 -0.181102 
vn 0.771654 0.637795 0.00787402 
vn -0.527559 -0.834646 -0.181102 
vn 0.771654 0.637795 0.00787402 
vn 0.692913 0.724409 -0.015748 
vn -0.527559 -0.834646 -0.181102 
vn 0.692913 0.724409 -0.015748 
vn 0.771654 0.637795 0.00787402 
vn -0.527559 -0.834646 -0.181102 
vn 0.771654 0.637795 0.00787402 
vn -0.527559 -0.834646 -0.181102 
vn 0.692913 0.724409 -0.015748 
vn 0.692913 0.724409 -0.015748 
vn -0.330709 0.905512 0.259843 
vn 0.692913 0.724409 -0.015748 
vn -0.330709 0.905512 0.259843 
vn -0.330709 0.905512 0.259843 
vn -0.322835 -0.944882 -0.102362 
vn 0.370079 -0.889764 -0.275591 
vn -0.330709 0.905512 0.259843 
vn -0.322835 -0.944882 -0.102362 
vn -0.330709 0.905512 0.259843 
vn 0.692913 0.724409 -0.015748 
vn -0.527559 -0.834646 -0.181102 
vn 0.393701 -0.866142 -0.322835 
vn 0.370079 -0.889764 -0.275591 
vn -0.527559 -0.834646 -0.181102 
vn 0.370079 -0.889764 -0.275591 
vn -0.322835 -0.944882 -0.102362 
vn -0.330709 0.905512 0.259843 
vn 0.393701 -0.866142 -0.322835 
vn -0.527559 -0.834646 -0.181102 
vn -0.330709 0.905512 0.259843 
vn -0.527559 -0.834646 -0.181102 
vn 0.692913 0.724409 -0.015748 
vn -0.401575 0.251969 0.88189 
vn -0.401575 0.251969 0.88189 
vn -0.401575 0.251969 0.88189 
vn -0.401575 0.251969 0.88189 
vn -0.401575 0.251969 0.88189 
vn -0.409449 0.267717 0.874016 
vn -0.0393701 0.826772 0.559055 
vn -0.0393701 0.826772 0.559055 
vn -0.0393701 0.826772 0.559055 
vn -0.0393701 0.826772 0.559055 
vn -0.0393701 0.826772 0.559055 
vn -0.165354 0.653543 0.740157 
vn -0.409449 0.267717 0.874016 
vn -0.401575 0.251969 0.88189 
vn -0.464567 0.0866142 0.88189 
vn -0.409449 0.267717 0.874016 
vn -0.464567 0.0866142 0.88189 
vn -0.448819 0.0708661 0.889764 
vn -0.149606 0.661417 0.732283 
vn -0.149606 0.661417 0.732283 
vn -0.165354 0.653543 0.740157 
vn -0.149606 0.661417 0.732283 
vn -0.165354 0.653543 0.740157 
vn -0.0393701 0.826772 0.559055 
vn 0.417323 -0.267717 -0.874016 
vn 0.417323 -0.267717 -0.874016 
vn 0.417323 -0.267717 -0.874016 
vn 0.417323 -0.267717 -0.874016 
vn 0.417323 -0.267717 -0.874016 
vn 0.409449 -0.244094 -0.88189 
vn 0.188976 -0.622047 -0.76378 
vn 0.188976 -0.622047 -0.76378 
vn 0.188976 -0.622047 -0.76378 
vn 0.188976 -0.622047 -0.76378 
vn 0.188976 -0.622047 -0.76378 
vn 0.0866142 -0.818898 -0.566929 
vn 0.417323 -0.267717 -0.874016 
vn 0.448819 -0.0629921 -0.889764 
vn 0.448819 -0.0629921 -0.889764 
vn 0.417323 -0.267717 -0.874016 
vn 0.448819 -0.0629921 -0.889764 
vn 0.417323 -0.267717 -0.874016 
vn 0.141732 -0.677165 -0.724409 
vn 0.188976 -0.622047 -0.76378 
vn 0.188976 -0.622047 -0.76378 
vn 0.141732 -0.677165 -0.724409 
vn 0.188976 -0.622047 -0.76378 
vn 0.141732 -0.677165 -0.724409 
vn 0.409449 -0.244094 -0.88189 
vn 0.417323 -0.267717 -0.874016 
vn -0.401575 0.251969 0.88189 
vn 0.409449 -0.244094 -0.88189 
vn -0.401575 0.251969 0.88189 
vn -0.401575 0.251969 0.88189 
vn 0.417323 -0.267717 -0.874016 
vn 0.417323 -0.267717 -0.874016 
vn -0.401575 0.251969 0.88189 
vn 0.417323 -0.267717 -0.874016 
vn -0.401575 0.251969 0.88189 
vn -0.409449 0.267717 0.874016 
vn 0.0866142 -0.818898 -0.566929 
vn 0.188976 -0.622047 -0.76378 
vn -0.0393701 0.826772 0.559055 
vn 0.0866142 -0.818898 -0.566929 
vn -0.0393701 0.826772 0.559055 
vn -0.0393701 0.826772 0.559055 
vn 0.188976 -0.622047 -0.76378 
vn 0.188976 -0.622047 -0.76378 
vn -0.0393701 0.826772 0.559055 
vn 0.188976 -0.622047 -0.76378 
vn -0.0393701 0.826772 0.559055 
vn -0.165354 0.653543 0.740157 
vn 0.417323 -0.267717 -0.874016 
vn 0.448819 -0.0629921 -0.889764 
vn -0.464567 0.0866142 0.88189 
vn 0.417323 -0.267717 -0.874016 
vn -0.464567 0.0866142 0.88189 
vn -0.401575 0.251969 0.88189 
vn 0.448819 -0.0629921 -0.889764 
vn 0.448819 -0.0629921 -0.889764 
vn -0.448819 0.0708661 0.889764 
vn 0.448819 -0.0629921 -0.889764 
vn -0.448819 0.0708661 0.889764 
vn -0.464567 0.0866142 0.88189 
vn 0.448819 -0.0629921 -0.889764 
vn 0.417323 -0.267717 -0.874016 
vn -0.409449 0.267717 0.874016 
vn 0.448819 -0.0629921 -0.889764 
vn -0.409449 0.267717 0.874016 
vn -0.448819 0.0708661 0.889764 
vn 0.141732 -0.677165 -0.724409 
vn 0.188976 -0.622047 -0.76378 
vn -0.165354 0.653543 0.740157 
vn 0.141732 -0.677165 -0.724409 
vn -0.165354 0.653543 0.740157 
vn -0.149606 0.661417 0.732283 
vn 0.188976 -0.622047 -0.76378 
vn 0.141732 -0.677165 -0.724409 
vn -0.149606 0.661417 0.732283 
vn 0.188976 -0.622047 -0.76378 
vn -0.149606 0.661417 0.732283 
vn -0.0393701 0.826772 0.559055 
vn 0.80315 0.535433 0.259843 
vn 0.80315 0.535433 0.259843 
vn 0.80315 0.535433 0.259843 
vn 0.80315 0.535433 0.259843 
vn 0.80315 0.535433 0.259843 
vn 0.811024 0.527559 0.244094 
vn 0.80315 0.535433 0.259843 
vn 0.0866142 -0.818898 -0.566929 
vn -0.0393701 0.826772 0.559055 
vn 0.80315 0.535433 0.259843 
vn -0.0393701 0.826772 0.559055 
vn 0.80315 0.535433 0.259843 
vn 0.80315 0.535433 0.259843 
vn 0.188976 -0.622047 -0.76378 
vn 0.0866142 -0.818898 -0.566929 
vn 0.80315 0.535433 0.259843 
vn 0.0866142 -0.818898 -0.566929 
vn 0.80315 0.535433 0.259843 
vn -0.0393701 0.826772 0.559055 
vn 0.188976 -0.622047 -0.76378 
vn 0.80315 0.535433 0.259843 
vn -0.0393701 0.826772 0.559055 
vn 0.80315 0.535433 0.259843 
vn 0.811024 0.527559 0.244094 
vn 0.811024 0.527559 0.244094 
vn 0.80315 0.535433 0.259843 
vn -0.0393701 0.826772 0.559055 
vn 0.811024 0.527559 0.244094 
vn -0.0393701 0.826772 0.559055 
vn -0.0393701 0.826772 0.559055 
vn -0.401575 0.251969 0.88189 
vn -0.401575 0.251969 0.88189 
vn -0.149606 0.661417 0.732283 
vn -0.401575 0.251969 0.88189 
vn -0.149606 0.661417 0.732283 
vn -0.149606 0.661417 0.732283 
vn 0.417323 -0.267717 -0.874016 
vn 0.141732 -0.677165 -0.724409 
vn -0.149606 0.661417 0.732283 
vn 0.417323 -0.267717 -0.874016 
vn -0.149606 0.661417 0.732283 
vn -0.401575 0.251969 0.88189 
vn 0.409449 -0.244094 -0.88189 
vn 0.141732 -0.677165 -0.724409 
vn 0.141732 -0.677165 -0.724409 
vn 0.409449 -0.244094 -0.88189 
vn 0.141732 -0.677165 -0.724409 
vn 0.417323 -0.267717 -0.874016 
vn -0.149606 0.661417 0.732283 
vn 0.141732 -0.677165 -0.724409 
vn 0.409449 -0.244094 -0.88189 
vn -0.149606 0.661417 0.732283 
vn 0.409449 -0.244094 -0.88189 
vn -0.401575 0.251969 0.88189 
vn -0.0708661 -0.00787402 1 
vn -0.0708661 -0.00787402 1 
vn -0.0708661 -0.00787402 1 
vn -0.0708661 -0.00787402 1 
vn -0.0708661 -0.00787402 1 
vn -0.102362 -0.0314961 0.992126 
vn -0.0708661 -0.00787402 1 
vn -0.0393701 0.110236 0.992126 
vn -0.0393701 0.110236 0.992126 
vn -0.0708661 -0.00787402 1 
vn -0.0393701 0.110236 0.992126 
vn -0.0708661 -0.00787402 1 
vn -0.125984 0.952756 -0.283465 
vn -0.125984 0.952756 -0.283465 
vn -0.125984 0.952756 -0.283465 
vn -0.125984 0.952756 -0.283465 
vn -0.125984 0.952756 -0.283465 
vn -0.015748 0.88189 -0.472441 
vn -0.0393701 0.110236 0.992126 
vn -0.0393701 0.110236 0.992126 
vn -0.125984 0.952756 -0.283465 
vn -0.0393701 0.110236 0.992126 
vn -0.125984 0.952756 -0.283465 
vn -0.015748 0.88189 -0.472441 
vn 0.102362 0.0314961 -0.992126 
vn 0.102362 0.0314961 -0.992126 
vn 0.102362 0.0314961 -0.992126 
vn 0.102362 0.0314961 -0.992126 
vn 0.102362 0.0314961 -0.992126 
vn 0.0708661 0.00787402 -1 
vn 0.0708661 0.00787402 -1 
vn 0.102362 0.0314961 -0.992126 
vn 0.0787402 -0.0551181 -0.992126 
vn 0.0708661 0.00787402 -1 
vn 0.0787402 -0.0551181 -0.992126 
vn 0.0393701 -0.0944882 -0.992126 
vn -0.00787402 -0.952756 -0.307087 
vn -0.00787402 -0.952756 -0.307087 
vn -0.125984 0.952756 -0.283465 
vn -0.00787402 -0.952756 -0.307087 
vn -0.125984 0.952756 -0.283465 
vn -0.125984 0.952756 -0.283465 
vn 0.0787402 -0.0551181 -0.992126 
vn -0.00787402 -0.952756 -0.307087 
vn -0.00787402 -0.952756 -0.307087 
vn 0.0787402 -0.0551181 -0.992126 
vn -0.00787402 -0.952756 -0.307087 
vn 0.0393701 -0.0944882 -0.992126 
vn 0.102362 0.0314961 -0.992126 
vn 0.0708661 0.00787402 -1 
vn -0.0708661 -0.00787402 1 
vn 0.102362 0.0314961 -0.992126 
vn -0.0708661 -0.00787402 1 
vn -0.0708661 -0.00787402 1 
vn 0.102362 0.0314961 -0.992126 
vn 0.102362 0.0314961 -0.992126 
vn -0.102362 -0.0314961 0.992126 
vn 0.102362 0.0314961 -0.992126 
vn -0.102362 -0.0314961 0.992126 
vn -0.0708661 -0.00787402 1 
vn 0.102362 0.0314961 -0.992126 
vn 0.102362 0.0314961 -0.992126 
vn -0.0708661 -0.00787402 1 
vn 0.102362 0.0314961 -0.992126 
vn -0.0708661 -0.00787402 1 
vn -0.102362 -0.0314961 0.992126 
vn 0.0708661 0.00787402 -1 
vn 0.0393701 -0.0944882 -0.992126 
vn -0.0393701 0.110236 0.992126 
vn 0.0708661 0.00787402 -1 
vn -0.0393701 0.110236 0.992126 
vn -0.0708661 -0.00787402 1 
vn 0.0787402 -0.0551181 -0.992126 
vn 0.102362 0.0314961 -0.992126 
vn -0.0708661 -0.00787402 1 
vn 0.0787402 -0.0551181 -0.992126 
vn -0.0708661 -0.00787402 1 
vn -0.0393701 0.110236 0.992126 
vn -0.00787402 -0.952756 -0.307087 
vn -0.125984 0.952756 -0.283465 
vn -0.125984 0.952756 -0.283465 
vn -0.125984 0.952756 -0.283465 
vn -0.00787402 -0.952756 -0.307087 
vn -0.015748 0.88189 -0.472441 
vn 0.0393701 -0.0944882 -0.992126 
vn -0.00787402 -0.952756 -0.307087 
vn -0.125984 0.952756 -0.283465 
vn 0.0393701 -0.0944882 -0.992126 
vn -0.125984 0.952756 -0.283465 
vn -0.0393701 0.110236 0.992126 
vn -0.00787402 -0.952756 -0.307087 
vn 0.0787402 -0.0551181 -0.992126 
vn -0.0393701 0.110236 0.992126 
vn -0.00787402 -0.952756 -0.307087 
vn -0.0393701 0.110236 0.992126 
vn -0.015748 0.88189 -0.472441 
vn 0.700787 -0.165354 0.692913 
vn 0.96063 -0.23622 -0.133858 
vn 0.96063 -0.244094 -0.141732 
vn 0.700787 -0.165354 0.692913 
vn 0.96063 -0.244094 -0.141732 
vn 0.755906 -0.0629921 0.653543 
vn 0.96063 0.275591 -0.0787402 
vn 0.968504 0.251969 -0.0551181 
vn 0.80315 0.488189 0.346457 
vn 0.96063 0.275591 -0.0787402 
vn 0.80315 0.488189 0.346457 
vn 0.76378 0.188976 0.622047 
vn 0.307087 0.952756 -0.0787402 
vn 0.629921 0.771654 -0.023622 
vn 0.551181 0.834646 -0.0551181 
vn 0.307087 0.952756 -0.0787402 
vn 0.551181 0.834646 -0.0551181 
vn 0.19685 0.968504 -0.141732 
vn -0.818898 0.551181 -0.149606 
vn -0.149606 0.976378 -0.165354 
vn -0.322835 0.92126 -0.220472 
vn -0.818898 0.551181 -0.149606 
vn -0.322835 0.92126 -0.220472 
vn -0.850394 0.503937 -0.133858 
vn -0.716535 0.133858 0.685039 
vn -0.614173 0.0944882 0.779528 
vn -0.976378 0.165354 0.141732 
vn -0.716535 0.133858 0.685039 
vn -0.976378 0.165354 0.141732 
vn -0.976378 0.165354 0.141732 
vn -0.968504 -0.228346 0.0944882 
vn -0.645669 0.0314961 0.76378 
vn -0.771654 -0.251969 0.590551 
vn -0.968504 -0.228346 0.0944882 
vn -0.771654 -0.251969 0.590551 
vn -0.976378 -0.212598 0.0866142 
vn -0.125984 -0.992126 0.0551181 
vn 0.0787402 -0.992126 0.0629921 
vn -0.519685 -0.850394 0.0551181 
vn -0.125984 -0.992126 0.0551181 
vn -0.519685 -0.850394 0.0551181 
vn -0.598425 -0.795276 0.0708661 
vn -0.622047 -0.779528 0.0472441 
vn -0.889764 -0.448819 0.0551181 
vn 0.19685 -0.976378 0.0787402 
vn -0.622047 -0.779528 0.0472441 
vn 0.19685 -0.976378 0.0787402 
vn 0.212598 -0.976378 0.0551181 
vn 0.700787 -0.165354 0.692913 
vn 0.755906 -0.0629921 0.653543 
vn -0.614173 0.0944882 0.779528 
vn 0.700787 -0.165354 0.692913 
vn -0.614173 0.0944882 0.779528 
vn -0.716535 0.133858 0.685039 
vn -0.976378 0.165354 0.141732 
vn 0.96063 -0.23622 -0.133858 
vn 0.700787 -0.165354 0.692913 
vn -0.976378 0.165354 0.141732 
vn 0.700787 -0.165354 0.692913 
vn -0.716535 0.133858 0.685039 
vn 0.96063 -0.23622 -0.133858 
vn -0.976378 0.165354 0.141732 
vn -0.976378 0.165354 0.141732 
vn 0.96063 -0.23622 -0.133858 
vn -0.976378 0.165354 0.141732 
vn 0.96063 -0.244094 -0.141732 
vn -0.645669 0.0314961 0.76378 
vn 0.76378 0.188976 0.622047 
vn 0.80315 0.488189 0.346457 
vn -0.645669 0.0314961 0.76378 
vn 0.80315 0.488189 0.346457 
vn -0.771654 -0.251969 0.590551 
vn -0.976378 -0.212598 0.0866142 
vn 0.968504 0.251969 -0.0551181 
vn 0.96063 0.275591 -0.0787402 
vn -0.976378 -0.212598 0.0866142 
vn 0.96063 0.275591 -0.0787402 
vn -0.968504 -0.228346 0.0944882 
vn 0.0787402 -0.992126 0.0629921 
vn 0.19685 0.968504 -0.141732 
vn 0.551181 0.834646 -0.0551181 
vn 0.0787402 -0.992126 0.0629921 
vn 0.551181 0.834646 -0.0551181 
vn -0.519685 -0.850394 0.0551181 
vn -0.598425 -0.795276 0.0708661 
vn 0.629921 0.771654 -0.023622 
vn 0.307087 0.952756 -0.0787402 
vn -0.598425 -0.795276 0.0708661 
vn 0.307087 0.952756 -0.0787402 
vn -0.125984 -0.992126 0.0551181 
vn -0.889764 -0.448819 0.0551181 
vn -0.850394 0.503937 -0.133858 
vn -0.322835 0.92126 -0.220472 
vn -0.889764 -0.448819 0.0551181 
vn -0.322835 0.92126 -0.220472 
vn 0.19685 -0.976378 0.0787402 
vn 0.212598 -0.976378 0.0551181 
vn -0.149606 0.976378 -0.165354 
vn -0.818898 0.551181 -0.149606 
vn 0.212598 -0.976378 0.0551181 
vn -0.818898 0.551181 -0.149606 
vn -0.622047 -0.779528 0.0472441 
vn -0.622047 -0.779528 0.0472441 
vn -0.818898 0.551181 -0.149606 
vn -0.850394 0.503937 -0.133858 
vn -0.622047 -0.779528 0.0472441 
vn -0.850394 0.503937 -0.133858 
vn -0.889764 -0.448819 0.0551181 
vn 0.19685 -0.976378 0.0787402 
vn -0.322835 0.92126 -0.220472 
vn 0.19685 0.968504 -0.141732 
vn 0.19685 -0.976378 0.0787402 
vn 0.19685 0.968504 -0.141732 
vn 0.0787402 -0.992126 0.0629921 
vn 0.212598 -0.976378 0.0551181 
vn 0.19685 -0.976378 0.0787402 
vn 0.0787402 -0.992126 0.0629921 
vn 0.212598 -0.976378 0.0551181 
vn 0.0787402 -0.992126 0.0629921 
vn -0.125984 -0.992126 0.0551181 
vn 0.307087 0.952756 -0.0787402 
vn -0.149606 0.976378 -0.165354 
vn 0.212598 -0.976378 0.0551181 
vn 0.307087 0.952756 -0.0787402 
vn 0.212598 -0.976378 0.0551181 
vn -0.125984 -0.992126 0.0551181 
vn -0.149606 0.976378 -0.165354 
vn 0.307087 0.952756 -0.0787402 
vn 0.19685 0.968504 -0.141732 
vn -0.149606 0.976378 -0.165354 
vn 0.19685 0.968504 -0.141732 
vn -0.322835 0.92126 -0.220472 
vn -0.519685 -0.850394 0.0551181 
vn 0.551181 0.834646 -0.0551181 
vn 0.968504 0.251969 -0.0551181 
vn -0.519685 -0.850394 0.0551181 
vn 0.968504 0.251969 -0.0551181 
vn -0.976378 -0.212598 0.0866142 
vn -0.771654 -0.251969 0.590551 
vn -0.598425 -0.795276 0.0708661 
vn -0.519685 -0.850394 0.0551181 
vn -0.771654 -0.251969 0.590551 
vn -0.519685 -0.850394 0.0551181 
vn -0.976378 -0.212598 0.0866142 
vn 0.80315 0.488189 0.346457 
vn 0.629921 0.771654 -0.023622 
vn -0.598425 -0.795276 0.0708661 
vn 0.80315 0.488189 0.346457 
vn -0.598425 -0.795276 0.0708661 
vn -0.771654 -0.251969 0.590551 
vn 0.968504 0.251969 -0.0551181 
vn 0.551181 0.834646 -0.0551181 
vn 0.629921 0.771654 -0.023622 
vn 0.968504 0.251969 -0.0551181 
vn 0.629921 0.771654 -0.023622 
vn 0.80315 0.488189 0.346457 
vn 0.96063 -0.244094 -0.141732 
vn -0.976378 0.165354 0.141732 
vn -0.968504 -0.228346 0.0944882 
vn 0.96063 -0.244094 -0.141732 
vn -0.968504 -0.228346 0.0944882 
vn 0.96063 0.275591 -0.0787402 
vn -0.614173 0.0944882 0.779528 
vn -0.645669 0.0314961 0.76378 
vn -0.968504 -0.228346 0.0944882 
vn -0.614173 0.0944882 0.779528 
vn -0.968504 -0.228346 0.0944882 
vn -0.976378 0.165354 0.141732 
vn 0.755906 -0.0629921 0.653543 
vn 0.76378 0.188976 0.622047 
vn -0.645669 0.0314961 0.76378 
vn 0.755906 -0.0629921 0.653543 
vn -0.645669 0.0314961 0.76378 
vn -0.614173 0.0944882 0.779528 
vn 0.96063 -0.244094 -0.141732 
vn 0.96063 0.275591 -0.0787402 
vn 0.76378 0.188976 0.622047 
vn 0.96063 -0.244094 -0.141732 
vn 0.76378 0.188976 0.622047 
vn 0.755906 -0.0629921 0.653543 
vn -0.795276 0.551181 -0.251969 
vn -0.795276 0.574803 -0.204724 
vn -0.637795 -0.76378 0.0866142 
vn -0.795276 0.551181 -0.251969 
vn -0.637795 -0.76378 0.0866142 
vn -0.874016 -0.464567 0.133858 
vn 0.338583 0.937008 0.110236 
vn -0.110236 0.724409 -0.677165 
vn -0.267717 0.92126 -0.267717 
vn 0.338583 0.937008 0.110236 
vn -0.267717 0.92126 -0.267717 
vn -0.275591 0.905512 -0.314961 
vn 0.937008 0.23622 0.259843 
vn 0.393701 0.0393701 -0.913386 
vn 0.149606 0.385827 -0.913386 
vn 0.937008 0.23622 0.259843 
vn 0.149606 0.385827 -0.913386 
vn 0.76378 0.574803 0.291339 
vn 0.393701 0.0393701 -0.913386 
vn 0.937008 0.23622 0.259843 
vn 0.968504 0 0.259843 
vn 0.393701 0.0393701 -0.913386 
vn 0.968504 0 0.259843 
vn 0.291339 -0.244094 -0.92126 
vn -0.0787402 -0.992126 0.102362 
vn -0.874016 -0.464567 0.133858 
vn -0.637795 -0.76378 0.0866142 
vn -0.0787402 -0.992126 0.102362 
vn -0.637795 -0.76378 0.0866142 
vn -0.0708661 -1 0.0314961 
vn -0.0472441 -0.755906 0.653543 
vn -0.0787402 -0.992126 0.102362 
vn -0.0708661 -1 0.0314961 
vn -0.0472441 -0.755906 0.653543 
vn -0.0708661 -1 0.0314961 
vn -0.527559 -0.80315 -0.267717 
vn -0.314961 -0.0551181 0.944882 
vn -0.0866142 -0.322835 0.944882 
vn -0.748031 -0.417323 -0.511811 
vn -0.314961 -0.0551181 0.944882 
vn -0.748031 -0.417323 -0.511811 
vn -0.913386 -0.181102 -0.362205 
vn -0.913386 -0.181102 -0.362205 
vn -0.897638 -0.110236 -0.433071 
vn -0.401575 0.0866142 0.913386 
vn -0.913386 -0.181102 -0.362205 
vn -0.401575 0.0866142 0.913386 
vn -0.314961 -0.0551181 0.944882 
vn -0.0787402 -0.992126 0.102362 
vn -0.275591 0.905512 -0.314961 
vn -0.795276 0.551181 -0.251969 
vn -0.0787402 -0.992126 0.102362 
vn -0.795276 0.551181 -0.251969 
vn -0.874016 -0.464567 0.133858 
vn -0.637795 -0.76378 0.0866142 
vn -0.795276 0.574803 -0.204724 
vn -0.267717 0.92126 -0.267717 
vn -0.637795 -0.76378 0.0866142 
vn -0.267717 0.92126 -0.267717 
vn -0.0708661 -1 0.0314961 
vn -0.0472441 -0.755906 0.653543 
vn 0.338583 0.937008 0.110236 
vn -0.275591 0.905512 -0.314961 
vn -0.0472441 -0.755906 0.653543 
vn -0.275591 0.905512 -0.314961 
vn -0.0787402 -0.992126 0.102362 
vn -0.0708661 -1 0.0314961 
vn -0.267717 0.92126 -0.267717 
vn -0.110236 0.724409 -0.677165 
vn -0.0708661 -1 0.0314961 
vn -0.110236 0.724409 -0.677165 
vn -0.527559 -0.80315 -0.267717 
vn -0.314961 -0.0551181 0.944882 
vn 0.937008 0.23622 0.259843 
vn 0.76378 0.574803 0.291339 
vn -0.314961 -0.0551181 0.944882 
vn 0.76378 0.574803 0.291339 
vn -0.0866142 -0.322835 0.944882 
vn -0.748031 -0.417323 -0.511811 
vn 0.149606 0.385827 -0.913386 
vn 0.393701 0.0393701 -0.913386 
vn -0.748031 -0.417323 -0.511811 
vn 0.393701 0.0393701 -0.913386 
vn -0.913386 -0.181102 -0.362205 
vn 0.393701 0.0393701 -0.913386 
vn 0.291339 -0.244094 -0.92126 
vn -0.897638 -0.110236 -0.433071 
vn 0.393701 0.0393701 -0.913386 
vn -0.897638 -0.110236 -0.433071 
vn -0.913386 -0.181102 -0.362205 
vn 0.937008 0.23622 0.259843 
vn -0.314961 -0.0551181 0.944882 
vn -0.401575 0.0866142 0.913386 
vn 0.937008 0.23622 0.259843 
vn -0.401575 0.0866142 0.913386 
vn 0.968504 0 0.259843 
vn -0.897638 -0.110236 -0.433071 
vn 0.291339 -0.244094 -0.92126 
vn 0.968504 0 0.259843 
vn -0.897638 -0.110236 -0.433071 
vn 0.968504 0 0.259843 
vn -0.401575 0.0866142 0.913386 
vn -0.275591 0.905512 -0.314961 
vn -0.267717 0.92126 -0.267717 
vn -0.795276 0.574803 -0.204724 
vn -0.275591 0.905512 -0.314961 
vn -0.795276 0.574803 -0.204724 
vn -0.795276 0.551181 -0.251969 
vn -0.527559 -0.80315 -0.267717 
vn -0.110236 0.724409 -0.677165 
vn 0.149606 0.385827 -0.913386 
vn -0.527559 -0.80315 -0.267717 
vn 0.149606 0.385827 -0.913386 
vn -0.748031 -0.417323 -0.511811 
vn -0.0866142 -0.322835 0.944882 
vn -0.0472441 -0.755906 0.653543 
vn -0.527559 -0.80315 -0.267717 
vn -0.0866142 -0.322835 0.944882 
vn -0.527559 -0.80315 -0.267717 
vn -0.748031 -0.417323 -0.511811 
vn 0.76378 0.574803 0.291339 
vn 0.338583 0.937008 0.110236 
vn -0.0472441 -0.755906 0.653543 
vn 0.76378 0.574803 0.291339 
vn -0.0472441 -0.755906 0.653543 
vn -0.0866142 -0.322835 0.944882 
vn 0.149606 0.385827 -0.913386 
vn -0.110236 0.724409 -0.677165 
vn 0.338583 0.937008 0.110236 
vn 0.149606 0.385827 -0.913386 
vn 0.338583 0.937008 0.110236 
vn 0.76378 0.574803 0.291339 
vn -0.645669 -0.748031 0.125984 
vn -0.732283 0.677165 -0.110236 
vn -0.80315 0.582677 -0.102362 
vn -0.645669 -0.748031 0.125984 
vn -0.80315 0.582677 -0.102362 
vn -0.858268 -0.503937 0.110236 
vn -0.0472441 0.984252 -0.149606 
vn 0.354331 0.913386 -0.181102 
vn 0.370079 0.92126 -0.149606 
vn -0.0472441 0.984252 -0.149606 
vn 0.370079 0.92126 -0.149606 
vn -0.267717 0.944882 -0.173228 
vn 0.527559 0.834646 -0.165354 
vn 0.370079 0.92126 -0.149606 
vn 0.354331 0.913386 -0.181102 
vn 0.527559 0.834646 -0.165354 
vn 0.354331 0.913386 -0.181102 
vn 0.385827 0.88189 -0.259843 
vn 0.984252 0.0629921 -0.181102 
vn 0.976378 0.0708661 -0.188976 
vn 0.984252 0.0472441 -0.165354 
vn 0.984252 0.0629921 -0.181102 
vn 0.984252 0.0472441 -0.165354 
vn 0.984252 0.0393701 -0.15748 
vn 0.92126 0.393701 0.00787402 
vn 0.913386 0.417323 0.0314961 
vn 0.92126 0.393701 0.015748 
vn 0.92126 0.393701 0.00787402 
vn 0.92126 0.393701 0.015748 
vn 0.929134 0.377953 -0.00787402 
vn -0.645669 -0.748031 0.125984 
vn -0.858268 -0.503937 0.110236 
vn 0.0866142 -0.984252 0.173228 
vn -0.645669 -0.748031 0.125984 
vn 0.0866142 -0.984252 0.173228 
vn -0.0944882 -0.984252 0.15748 
vn -0.0944882 -0.984252 0.15748 
vn 0.0866142 -0.984252 0.173228 
vn -0.409449 -0.897638 0.149606 
vn -0.0944882 -0.984252 0.15748 
vn -0.409449 -0.897638 0.149606 
vn -0.425197 -0.889764 0.149606 
vn -0.787402 -0.598425 0.149606 
vn -0.464567 -0.866142 0.181102 
vn -0.425197 -0.889764 0.149606 
vn -0.787402 -0.598425 0.149606 
vn -0.425197 -0.889764 0.149606 
vn -0.409449 -0.897638 0.149606 
vn -0.92126 -0.385827 -0.00787402 
vn -0.929134 -0.370079 0.00787402 
vn -0.92126 -0.385827 -0.00787402 
vn -0.92126 -0.385827 -0.00787402 
vn -0.92126 -0.385827 -0.00787402 
vn -0.913386 -0.401575 -0.0314961 
vn -0.858268 -0.503937 0.110236 
vn -0.80315 0.582677 -0.102362 
vn -0.267717 0.944882 -0.173228 
vn -0.858268 -0.503937 0.110236 
vn -0.267717 0.944882 -0.173228 
vn 0.0866142 -0.984252 0.173228 
vn -0.0944882 -0.984252 0.15748 
vn -0.0472441 0.984252 -0.149606 
vn -0.732283 0.677165 -0.110236 
vn -0.0944882 -0.984252 0.15748 
vn -0.732283 0.677165 -0.110236 
vn -0.645669 -0.748031 0.125984 
vn 0.0866142 -0.984252 0.173228 
vn -0.267717 0.944882 -0.173228 
vn 0.370079 0.92126 -0.149606 
vn 0.0866142 -0.984252 0.173228 
vn 0.370079 0.92126 -0.149606 
vn -0.409449 -0.897638 0.149606 
vn -0.425197 -0.889764 0.149606 
vn 0.354331 0.913386 -0.181102 
vn -0.0472441 0.984252 -0.149606 
vn -0.425197 -0.889764 0.149606 
vn -0.0472441 0.984252 -0.149606 
vn -0.0944882 -0.984252 0.15748 
vn -0.464567 -0.866142 0.181102 
vn 0.385827 0.88189 -0.259843 
vn 0.354331 0.913386 -0.181102 
vn -0.464567 -0.866142 0.181102 
vn 0.354331 0.913386 -0.181102 
vn -0.425197 -0.889764 0.149606 
vn -0.409449 -0.897638 0.149606 
vn 0.370079 0.92126 -0.149606 
vn 0.527559 0.834646 -0.165354 
vn -0.409449 -0.897638 0.149606 
vn 0.527559 0.834646 -0.165354 
vn -0.787402 -0.598425 0.149606 
vn 0.984252 0.0393701 -0.15748 
vn 0.984252 0.0472441 -0.165354 
vn 0.0944882 -0.19685 -0.976378 
vn 0.984252 0.0393701 -0.15748 
vn 0.0944882 -0.19685 -0.976378 
vn 0.110236 -0.19685 -0.976378 
vn -0.92126 -0.385827 -0.00787402 
vn 0.92126 0.393701 0.00787402 
vn 0.929134 0.377953 -0.00787402 
vn -0.92126 -0.385827 -0.00787402 
vn 0.929134 0.377953 -0.00787402 
vn -0.929134 -0.370079 0.00787402 
vn -0.92126 -0.385827 -0.00787402 
vn 0.92126 0.393701 0.015748 
vn 0.913386 0.417323 0.0314961 
vn -0.92126 -0.385827 -0.00787402 
vn 0.913386 0.417323 0.0314961 
vn -0.913386 -0.401575 -0.0314961 
vn -0.913386 -0.401575 -0.0314961 
vn 0.913386 0.417323 0.0314961 
vn 0.92126 0.393701 0.00787402 
vn -0.913386 -0.401575 -0.0314961 
vn 0.92126 0.393701 0.00787402 
vn -0.92126 -0.385827 -0.00787402 
vn -0.732283 0.677165 -0.110236 
vn -0.0472441 0.984252 -0.149606 
vn -0.267717 0.944882 -0.173228 
vn -0.732283 0.677165 -0.110236 
vn -0.267717 0.944882 -0.173228 
vn -0.80315 0.582677 -0.102362 
vn -0.976378 0.0393701 0.204724 
vn -0.968504 0.110236 0.228346 
vn 0.110236 -0.19685 -0.976378 
vn -0.976378 0.0393701 0.204724 
vn 0.110236 -0.19685 -0.976378 
vn 0.0944882 -0.19685 -0.976378 
vn 0.984252 0.0629921 -0.181102 
vn -0.968504 0.110236 0.228346 
vn -0.976378 0.0393701 0.204724 
vn 0.984252 0.0629921 -0.181102 
vn -0.976378 0.0393701 0.204724 
vn 0.976378 0.0708661 -0.188976 
vn -0.968504 0.110236 0.228346 
vn 0.984252 0.0629921 -0.181102 
vn 0.385827 0.88189 -0.259843 
vn -0.968504 0.110236 0.228346 
vn 0.385827 0.88189 -0.259843 
vn -0.464567 -0.866142 0.181102 
vn 0.110236 -0.19685 -0.976378 
vn -0.968504 0.110236 0.228346 
vn -0.464567 -0.866142 0.181102 
vn 0.110236 -0.19685 -0.976378 
vn -0.464567 -0.866142 0.181102 
vn -0.787402 -0.598425 0.149606 
vn 0.527559 0.834646 -0.165354 
vn 0.984252 0.0393701 -0.15748 
vn 0.110236 -0.19685 -0.976378 
vn 0.527559 0.834646 -0.165354 
vn 0.110236 -0.19685 -0.976378 
vn -0.787402 -0.598425 0.149606 
vn 0.984252 0.0393701 -0.15748 
vn 0.527559 0.834646 -0.165354 
vn 0.385827 0.88189 -0.259843 
vn 0.984252 0.0393701 -0.15748 
vn 0.385827 0.88189 -0.259843 
vn 0.984252 0.0629921 -0.181102 
vn 0.976378 0.0708661 -0.188976 
vn -0.976378 0.0393701 0.204724 
vn -0.929134 -0.370079 0.00787402 
vn 0.976378 0.0708661 -0.188976 
vn -0.929134 -0.370079 0.00787402 
vn 0.929134 0.377953 -0.00787402 
vn -0.929134 -0.370079 0.00787402 
vn -0.976378 0.0393701 0.204724 
vn 0.0944882 -0.19685 -0.976378 
vn -0.929134 -0.370079 0.00787402 
vn 0.0944882 -0.19685 -0.976378 
vn -0.92126 -0.385827 -0.00787402 
vn 0.984252 0.0472441 -0.165354 
vn 0.92126 0.393701 0.015748 
vn -0.92126 -0.385827 -0.00787402 
vn 0.984252 0.0472441 -0.165354 
vn -0.92126 -0.385827 -0.00787402 
vn 0.0944882 -0.19685 -0.976378 
vn 0.976378 0.0708661 -0.188976 
vn 0.929134 0.377953 -0.00787402 
vn 0.92126 0.393701 0.015748 
vn 0.976378 0.0708661 -0.188976 
vn 0.92126 0.393701 0.015748 
vn 0.984252 0.0472441 -0.165354 
vn -0.11811 0.984252 -0.102362 
vn 0.141732 0.913386 0.377953 
vn 0.527559 0.779528 -0.338583 
vn -0.11811 0.984252 -0.102362 
vn 0.527559 0.779528 -0.338583 
vn -0.0787402 1 -0.023622 
vn 0.488189 0.244094 0.834646 
vn 0.96063 0.0472441 -0.283465 
vn 0.834646 0.409449 -0.370079 
vn 0.488189 0.244094 0.834646 
vn 0.834646 0.409449 -0.370079 
vn 0.385827 0.582677 0.708661 
vn -0.677165 0.740157 0.00787402 
vn -0.779528 -0.622047 -0.0629921 
vn -0.740157 -0.669291 0.0944882 
vn -0.677165 0.740157 0.00787402 
vn -0.740157 -0.669291 0.0944882 
vn -0.653543 0.755906 -0.023622 
vn 0.00787402 0.204724 0.976378 
vn 0.92126 -0.291339 -0.275591 
vn 0.976378 -0.133858 -0.181102 
vn 0.00787402 0.204724 0.976378 
vn 0.976378 -0.133858 -0.181102 
vn 0.322835 0.149606 0.937008 
vn -0.952756 0.125984 0.267717 
vn -0.80315 -0.173228 0.574803 
vn 0.0393701 -0.440945 -0.897638 
vn -0.952756 0.125984 0.267717 
vn 0.0393701 -0.440945 -0.897638 
vn 0.015748 -0.385827 -0.92126 
vn 0.0944882 -0.992126 0.0551181 
vn 0.110236 -0.992126 0.0787402 
vn -0.740157 -0.669291 0.0944882 
vn 0.0944882 -0.992126 0.0551181 
vn -0.740157 -0.669291 0.0944882 
vn -0.779528 -0.622047 -0.0629921 
vn -0.984252 0.15748 0.0944882 
vn -0.992126 0.0629921 0.133858 
vn -0.0393701 -0.322835 -0.944882 
vn -0.984252 0.15748 0.0944882 
vn -0.0393701 -0.322835 -0.944882 
vn -0.377953 -0.0393701 -0.92126 
vn -0.590551 -0.724409 0.354331 
vn 0.110236 -0.992126 0.0787402 
vn 0.0944882 -0.992126 0.0551181 
vn -0.590551 -0.724409 0.354331 
vn 0.0944882 -0.992126 0.0551181 
vn 0.0314961 -0.88189 -0.472441 
vn -0.0787402 1 -0.023622 
vn 0.527559 0.779528 -0.338583 
vn 0.0314961 -0.88189 -0.472441 
vn -0.0787402 1 -0.023622 
vn 0.0314961 -0.88189 -0.472441 
vn 0.0944882 -0.992126 0.0551181 
vn -0.952756 0.125984 0.267717 
vn 0.488189 0.244094 0.834646 
vn 0.385827 0.582677 0.708661 
vn -0.952756 0.125984 0.267717 
vn 0.385827 0.582677 0.708661 
vn -0.80315 -0.173228 0.574803 
vn 0.0393701 -0.440945 -0.897638 
vn 0.834646 0.409449 -0.370079 
vn 0.96063 0.0472441 -0.283465 
vn 0.0393701 -0.440945 -0.897638 
vn 0.96063 0.0472441 -0.283465 
vn 0.015748 -0.385827 -0.92126 
vn 0.110236 -0.992126 0.0787402 
vn -0.11811 0.984252 -0.102362 
vn -0.653543 0.755906 -0.023622 
vn 0.110236 -0.992126 0.0787402 
vn -0.653543 0.755906 -0.023622 
vn -0.740157 -0.669291 0.0944882 
vn -0.779528 -0.622047 -0.0629921 
vn -0.677165 0.740157 0.00787402 
vn -0.0787402 1 -0.023622 
vn -0.779528 -0.622047 -0.0629921 
vn -0.0787402 1 -0.023622 
vn 0.0944882 -0.992126 0.0551181 
vn -0.984252 0.15748 0.0944882 
vn 0.00787402 0.204724 0.976378 
vn 0.322835 0.149606 0.937008 
vn -0.984252 0.15748 0.0944882 
vn 0.322835 0.149606 0.937008 
vn -0.992126 0.0629921 0.133858 
vn -0.0393701 -0.322835 -0.944882 
vn 0.976378 -0.133858 -0.181102 
vn 0.92126 -0.291339 -0.275591 
vn -0.0393701 -0.322835 -0.944882 
vn 0.92126 -0.291339 -0.275591 
vn -0.377953 -0.0393701 -0.92126 
vn -0.377953 -0.0393701 -0.92126 
vn 0.92126 -0.291339 -0.275591 
vn 0.00787402 0.204724 0.976378 
vn -0.377953 -0.0393701 -0.92126 
vn 0.00787402 0.204724 0.976378 
vn -0.984252 0.15748 0.0944882 
vn -0.11811 0.984252 -0.102362 
vn 0.110236 -0.992126 0.0787402 
vn -0.590551 -0.724409 0.354331 
vn -0.11811 0.984252 -0.102362 
vn -0.590551 -0.724409 0.354331 
vn 0.141732 0.913386 0.377953 
vn -0.0787402 1 -0.023622 
vn -0.677165 0.740157 0.00787402 
vn -0.653543 0.755906 -0.023622 
vn -0.0787402 1 -0.023622 
vn -0.653543 0.755906 -0.023622 
vn -0.11811 0.984252 -0.102362 
vn 0.141732 0.913386 0.377953 
vn -0.590551 -0.724409 0.354331 
vn -0.80315 -0.173228 0.574803 
vn 0.141732 0.913386 0.377953 
vn -0.80315 -0.173228 0.574803 
vn 0.385827 0.582677 0.708661 
vn -0.80315 -0.173228 0.574803 
vn -0.590551 -0.724409 0.354331 
vn 0.0314961 -0.88189 -0.472441 
vn -0.80315 -0.173228 0.574803 
vn 0.0314961 -0.88189 -0.472441 
vn 0.0393701 -0.440945 -0.897638 
vn 0.527559 0.779528 -0.338583 
vn 0.834646 0.409449 -0.370079 
vn 0.0393701 -0.440945 -0.897638 
vn 0.527559 0.779528 -0.338583 
vn 0.0393701 -0.440945 -0.897638 
vn 0.0314961 -0.88189 -0.472441 
vn 0.141732 0.913386 0.377953 
vn 0.385827 0.582677 0.708661 
vn 0.834646 0.409449 -0.370079 
vn 0.141732 0.913386 0.377953 
vn 0.834646 0.409449 -0.370079 
vn 0.527559 0.779528 -0.338583 
vn 0.322835 0.149606 0.937008 
vn 0.976378 -0.133858 -0.181102 
vn 0.96063 0.0472441 -0.283465 
vn 0.322835 0.149606 0.937008 
vn 0.96063 0.0472441 -0.283465 
vn 0.488189 0.244094 0.834646 
vn -0.992126 0.0629921 0.133858 
vn 0.322835 0.149606 0.937008 
vn 0.488189 0.244094 0.834646 
vn -0.992126 0.0629921 0.133858 
vn 0.488189 0.244094 0.834646 
vn -0.952756 0.125984 0.267717 
vn -0.992126 0.0629921 0.133858 
vn -0.952756 0.125984 0.267717 
vn 0.015748 -0.385827 -0.92126 
vn -0.992126 0.0629921 0.133858 
vn 0.015748 -0.385827 -0.92126 
vn -0.0393701 -0.322835 -0.944882 
vn 0.96063 0.0472441 -0.283465 
vn 0.976378 -0.133858 -0.181102 
vn -0.0393701 -0.322835 -0.944882 
vn 0.96063 0.0472441 -0.283465 
vn -0.0393701 -0.322835 -0.944882 
vn 0.015748 -0.385827 -0.92126 
vn -0.0866142 0.0866142 0.992126 
vn -0.283465 0.0787402 0.96063 
vn 0.968504 -0.0314961 0.251969 
vn -0.0866142 0.0866142 0.992126 
vn 0.968504 -0.0314961 0.251969 
vn 0.984252 0.0629921 0.173228 
vn 0.0866142 0.291339 0.952756 
vn -0.0866142 0.0866142 0.992126 
vn 0.984252 0.0629921 0.173228 
vn 0.0866142 0.291339 0.952756 
vn 0.984252 0.0629921 0.173228 
vn 0.96063 0.283465 -0.0393701 
vn 0.755906 0.629921 0.181102 
vn 0.181102 0.606299 0.771654 
vn 0.0866142 0.291339 0.952756 
vn 0.755906 0.629921 0.181102 
vn 0.0866142 0.291339 0.952756 
vn 0.96063 0.283465 -0.0393701 
vn -0.582677 0.80315 0.133858 
vn 0.015748 0.976378 0.220472 
vn 0.173228 0.905512 0.393701 
vn -0.582677 0.80315 0.133858 
vn 0.173228 0.905512 0.393701 
vn -0.346457 0.88189 0.314961 
vn -0.787402 0.614173 0.0393701 
vn -0.858268 0.503937 0.0314961 
vn -0.582677 0.80315 0.133858 
vn -0.787402 0.614173 0.0393701 
vn -0.582677 0.80315 0.133858 
vn -0.346457 0.88189 0.314961 
vn -0.992126 -0.015748 -0.11811 
vn 0.220472 -0.110236 -0.968504 
vn 0.19685 -0.0551181 -0.976378 
vn -0.992126 -0.015748 -0.11811 
vn 0.19685 -0.0551181 -0.976378 
vn -0.984252 0.0629921 -0.181102 
vn -0.944882 -0.283465 0.149606 
vn 0.11811 -0.283465 -0.952756 
vn 0.220472 -0.110236 -0.968504 
vn -0.944882 -0.283465 0.149606 
vn 0.220472 -0.110236 -0.968504 
vn -0.992126 -0.015748 -0.11811 
vn -0.00787402 -0.527559 -0.850394 
vn 0.11811 -0.283465 -0.952756 
vn -0.944882 -0.283465 0.149606 
vn -0.00787402 -0.527559 -0.850394 
vn -0.944882 -0.283465 0.149606 
vn -0.700787 -0.708661 -0.0629921 
vn 0.275591 -0.952756 -0.125984 
vn 0.125984 -0.96063 -0.251969 
vn -0.228346 -0.897638 -0.377953 
vn 0.275591 -0.952756 -0.125984 
vn -0.228346 -0.897638 -0.377953 
vn -0.0629921 -0.976378 -0.212598 
vn -0.858268 -0.511811 -0.0708661 
vn 0.125984 -0.96063 -0.251969 
vn 0.275591 -0.952756 -0.125984 
vn -0.858268 -0.511811 -0.0708661 
vn 0.275591 -0.952756 -0.125984 
vn -0.716535 -0.692913 -0.0787402 
vn 0.220472 -0.110236 -0.968504 
vn 0.984252 0.0629921 0.173228 
vn 0.968504 -0.0314961 0.251969 
vn 0.220472 -0.110236 -0.968504 
vn 0.968504 -0.0314961 0.251969 
vn 0.19685 -0.0551181 -0.976378 
vn 0.19685 -0.0551181 -0.976378 
vn 0.968504 -0.0314961 0.251969 
vn -0.283465 0.0787402 0.96063 
vn 0.19685 -0.0551181 -0.976378 
vn -0.283465 0.0787402 0.96063 
vn -0.984252 0.0629921 -0.181102 
vn -0.984252 0.0629921 -0.181102 
vn -0.283465 0.0787402 0.96063 
vn -0.0866142 0.0866142 0.992126 
vn -0.984252 0.0629921 -0.181102 
vn -0.0866142 0.0866142 0.992126 
vn -0.992126 -0.015748 -0.11811 
vn 0.11811 -0.283465 -0.952756 
vn 0.96063 0.283465 -0.0393701 
vn 0.984252 0.0629921 0.173228 
vn 0.11811 -0.283465 -0.952756 
vn 0.984252 0.0629921 0.173228 
vn 0.220472 -0.110236 -0.968504 
vn -0.992126 -0.015748 -0.11811 
vn -0.0866142 0.0866142 0.992126 
vn 0.0866142 0.291339 0.952756 
vn -0.992126 -0.015748 -0.11811 
vn 0.0866142 0.291339 0.952756 
vn -0.944882 -0.283465 0.149606 
vn -0.00787402 -0.527559 -0.850394 
vn 0.755906 0.629921 0.181102 
vn 0.96063 0.283465 -0.0393701 
vn -0.00787402 -0.527559 -0.850394 
vn 0.96063 0.283465 -0.0393701 
vn 0.11811 -0.283465 -0.952756 
vn -0.944882 -0.283465 0.149606 
vn 0.0866142 0.291339 0.952756 
vn 0.181102 0.606299 0.771654 
vn -0.944882 -0.283465 0.149606 
vn 0.181102 0.606299 0.771654 
vn -0.700787 -0.708661 -0.0629921 
vn 0.125984 -0.96063 -0.251969 
vn -0.346457 0.88189 0.314961 
vn 0.173228 0.905512 0.393701 
vn 0.125984 -0.96063 -0.251969 
vn 0.173228 0.905512 0.393701 
vn -0.228346 -0.897638 -0.377953 
vn -0.0629921 -0.976378 -0.212598 
vn 0.015748 0.976378 0.220472 
vn -0.582677 0.80315 0.133858 
vn -0.0629921 -0.976378 -0.212598 
vn -0.582677 0.80315 0.133858 
vn 0.275591 -0.952756 -0.125984 
vn -0.858268 -0.511811 -0.0708661 
vn -0.787402 0.614173 0.0393701 
vn -0.346457 0.88189 0.314961 
vn -0.858268 -0.511811 -0.0708661 
vn -0.346457 0.88189 0.314961 
vn 0.125984 -0.96063 -0.251969 
vn 0.275591 -0.952756 -0.125984 
vn -0.582677 0.80315 0.133858 
vn -0.858268 0.503937 0.0314961 
vn 0.275591 -0.952756 -0.125984 
vn -0.858268 0.503937 0.0314961 
vn -0.716535 -0.692913 -0.0787402 
vn -0.858268 -0.511811 -0.0708661 
vn -0.716535 -0.692913 -0.0787402 
vn -0.858268 0.503937 0.0314961 
vn -0.858268 -0.511811 -0.0708661 
vn -0.858268 0.503937 0.0314961 
vn -0.787402 0.614173 0.0393701 
vn 0.173228 0.905512 0.393701 
vn 0.015748 0.976378 0.220472 
vn 0.181102 0.606299 0.771654 
vn 0.173228 0.905512 0.393701 
vn 0.181102 0.606299 0.771654 
vn 0.755906 0.629921 0.181102 
vn -0.228346 -0.897638 -0.377953 
vn 0.173228 0.905512 0.393701 
vn 0.755906 0.629921 0.181102 
vn -0.228346 -0.897638 -0.377953 
vn 0.755906 0.629921 0.181102 
vn -0.00787402 -0.527559 -0.850394 
vn -0.228346 -0.897638 -0.377953 
vn -0.00787402 -0.527559 -0.850394 
vn -0.700787 -0.708661 -0.0629921 
vn -0.228346 -0.897638 -0.377953 
vn -0.700787 -0.708661 -0.0629921 
vn -0.0629921 -0.976378 -0.212598 
vn 0.181102 0.606299 0.771654 
vn 0.015748 0.976378 0.220472 
vn -0.0629921 -0.976378 -0.212598 
vn 0.181102 0.606299 0.771654 
vn -0.0629921 -0.976378 -0.212598 
vn -0.700787 -0.708661 -0.0629921 
vn -0.330709 0.181102 0.929134 
vn -0.267717 0.141732 0.952756 
vn 0.937008 0.0866142 0.330709 
vn -0.330709 0.181102 0.929134 
vn 0.937008 0.0866142 0.330709 
vn 0.866142 0.401575 0.299213 
vn -0.464567 0.385827 0.795276 
vn -0.370079 0.259843 0.889764 
vn 0.637795 0.76378 0.0787402 
vn -0.464567 0.385827 0.795276 
vn 0.637795 0.76378 0.0787402 
vn 0.267717 0.952756 -0.141732 
vn -0.267717 0.141732 0.952756 
vn -0.464567 0.149606 0.874016 
vn 0.897638 -0.0393701 0.440945 
vn -0.267717 0.141732 0.952756 
vn 0.897638 -0.0393701 0.440945 
vn 0.937008 0.0866142 0.330709 
vn 0.866142 0.401575 0.299213 
vn 0.637795 0.76378 0.0787402 
vn -0.370079 0.259843 0.889764 
vn 0.866142 0.401575 0.299213 
vn -0.370079 0.259843 0.889764 
vn -0.330709 0.181102 0.929134 
vn -0.889764 -0.338583 -0.307087 
vn 0.456693 -0.110236 -0.88189 
vn 0.393701 -0.173228 -0.905512 
vn -0.889764 -0.338583 -0.307087 
vn 0.393701 -0.173228 -0.905512 
vn -0.944882 -0.0787402 -0.330709 
vn -0.401575 -0.905512 0.125984 
vn 0.370079 -0.204724 -0.905512 
vn 0.417323 -0.0551181 -0.905512 
vn -0.401575 -0.905512 0.125984 
vn 0.417323 -0.0551181 -0.905512 
vn -0.76378 -0.606299 -0.212598 
vn -0.944882 -0.0787402 -0.330709 
vn 0.393701 -0.173228 -0.905512 
vn 0.173228 -0.149606 -0.976378 
vn -0.944882 -0.0787402 -0.330709 
vn 0.173228 -0.149606 -0.976378 
vn -0.984252 0.0787402 -0.15748 
vn 0.456693 -0.110236 -0.88189 
vn -0.889764 -0.338583 -0.307087 
vn -0.76378 -0.606299 -0.212598 
vn 0.456693 -0.110236 -0.88189 
vn -0.76378 -0.606299 -0.212598 
vn 0.417323 -0.0551181 -0.905512 
vn 0.456693 -0.110236 -0.88189 
vn 0.866142 0.401575 0.299213 
vn 0.937008 0.0866142 0.330709 
vn 0.456693 -0.110236 -0.88189 
vn 0.937008 0.0866142 0.330709 
vn 0.393701 -0.173228 -0.905512 
vn -0.944882 -0.0787402 -0.330709 
vn -0.267717 0.141732 0.952756 
vn -0.330709 0.181102 0.929134 
vn -0.944882 -0.0787402 -0.330709 
vn -0.330709 0.181102 0.929134 
vn -0.889764 -0.338583 -0.307087 
vn 0.370079 -0.204724 -0.905512 
vn 0.267717 0.952756 -0.141732 
vn 0.637795 0.76378 0.0787402 
vn 0.370079 -0.204724 -0.905512 
vn 0.637795 0.76378 0.0787402 
vn 0.417323 -0.0551181 -0.905512 
vn -0.76378 -0.606299 -0.212598 
vn -0.370079 0.259843 0.889764 
vn -0.464567 0.385827 0.795276 
vn -0.76378 -0.606299 -0.212598 
vn -0.464567 0.385827 0.795276 
vn -0.401575 -0.905512 0.125984 
vn 0.393701 -0.173228 -0.905512 
vn 0.937008 0.0866142 0.330709 
vn 0.897638 -0.0393701 0.440945 
vn 0.393701 -0.173228 -0.905512 
vn 0.897638 -0.0393701 0.440945 
vn 0.173228 -0.149606 -0.976378 
vn 0.173228 -0.149606 -0.976378 
vn 0.897638 -0.0393701 0.440945 
vn -0.464567 0.149606 0.874016 
vn 0.173228 -0.149606 -0.976378 
vn -0.464567 0.149606 0.874016 
vn -0.984252 0.0787402 -0.15748 
vn -0.984252 0.0787402 -0.15748 
vn -0.464567 0.149606 0.874016 
vn -0.267717 0.141732 0.952756 
vn -0.984252 0.0787402 -0.15748 
vn -0.267717 0.141732 0.952756 
vn -0.944882 -0.0787402 -0.330709 
vn -0.889764 -0.338583 -0.307087 
vn -0.330709 0.181102 0.929134 
vn -0.370079 0.259843 0.889764 
vn -0.889764 -0.338583 -0.307087 
vn -0.370079 0.259843 0.889764 
vn -0.76378 -0.606299 -0.212598 
vn 0.417323 -0.0551181 -0.905512 
vn 0.637795 0.76378 0.0787402 
vn 0.866142 0.401575 0.299213 
vn 0.417323 -0.0551181 -0.905512 
vn 0.866142 0.401575 0.299213 
vn 0.456693 -0.110236 -0.88189 
vn -0.818898 -0.566929 0.0787402 
vn -0.653543 0.0944882 0.755906 
vn -0.275591 0.92126 -0.275591 
vn -0.818898 -0.566929 0.0787402 
vn -0.275591 0.92126 -0.275591 
vn -0.535433 -0.0787402 -0.84252 
vn -0.535433 -0.0787402 -0.84252 
vn -0.275591 0.92126 -0.275591 
vn 0.267717 0.952756 -0.141732 
vn -0.535433 -0.0787402 -0.84252 
vn 0.267717 0.952756 -0.141732 
vn 0.370079 -0.204724 -0.905512 
vn -0.818898 -0.566929 0.0787402 
vn -0.535433 -0.0787402 -0.84252 
vn 0.370079 -0.204724 -0.905512 
vn -0.818898 -0.566929 0.0787402 
vn 0.370079 -0.204724 -0.905512 
vn -0.401575 -0.905512 0.125984 
vn -0.464567 0.385827 0.795276 
vn -0.653543 0.0944882 0.755906 
vn -0.818898 -0.566929 0.0787402 
vn -0.464567 0.385827 0.795276 
vn -0.818898 -0.566929 0.0787402 
vn -0.401575 -0.905512 0.125984 
vn -0.653543 0.0944882 0.755906 
vn -0.464567 0.385827 0.795276 
vn 0.267717 0.952756 -0.141732 
vn -0.653543 0.0944882 0.755906 
vn 0.267717 0.952756 -0.141732 
vn -0.275591 0.92126 -0.275591 
vn -0.307087 -0.566929 0.76378 
vn 0.76378 -0.574803 0.299213 
vn 0.92126 0.00787402 0.377953 
vn -0.307087 -0.566929 0.76378 
vn 0.92126 0.00787402 0.377953 
vn -0.362205 0.0393701 0.929134 
vn -0.362205 0.0393701 0.929134 
vn 0.92126 0.00787402 0.377953 
vn 0.716535 0.23622 0.653543 
vn -0.362205 0.0393701 0.929134 
vn 0.716535 0.23622 0.653543 
vn -0.0944882 0.259843 0.96063 
vn 0.023622 0.84252 0.535433 
vn 0.220472 0.661417 0.716535 
vn -0.307087 0.637795 -0.700787 
vn 0.023622 0.84252 0.535433 
vn -0.307087 0.637795 -0.700787 
vn -0.220472 -0.0472441 -0.976378 
vn 0.716535 0.23622 0.653543 
vn 0.220472 0.661417 0.716535 
vn 0.023622 0.84252 0.535433 
vn 0.716535 0.23622 0.653543 
vn 0.023622 0.84252 0.535433 
vn -0.0944882 0.259843 0.96063 
vn -0.771654 -0.551181 -0.307087 
vn -0.929134 -0.015748 -0.377953 
vn 0.401575 -0.023622 -0.913386 
vn -0.771654 -0.551181 -0.307087 
vn 0.401575 -0.023622 -0.913386 
vn 0.283465 -0.551181 -0.787402 
vn -0.929134 -0.015748 -0.377953 
vn -0.755906 -0.220472 -0.622047 
vn 0.212598 -0.15748 -0.96063 
vn -0.929134 -0.015748 -0.377953 
vn 0.212598 -0.15748 -0.96063 
vn 0.401575 -0.023622 -0.913386 
vn -0.141732 -0.519685 -0.84252 
vn -0.220472 -0.0472441 -0.976378 
vn -0.307087 0.637795 -0.700787 
vn -0.141732 -0.519685 -0.84252 
vn -0.307087 0.637795 -0.700787 
vn -0.267717 -0.354331 -0.897638 
vn 0.212598 -0.15748 -0.96063 
vn -0.755906 -0.220472 -0.622047 
vn -0.141732 -0.519685 -0.84252 
vn 0.212598 -0.15748 -0.96063 
vn -0.141732 -0.519685 -0.84252 
vn -0.267717 -0.354331 -0.897638 
vn -0.771654 -0.551181 -0.307087 
vn -0.307087 -0.566929 0.76378 
vn -0.362205 0.0393701 0.929134 
vn -0.771654 -0.551181 -0.307087 
vn -0.362205 0.0393701 0.929134 
vn -0.929134 -0.015748 -0.377953 
vn 0.401575 -0.023622 -0.913386 
vn 0.92126 0.00787402 0.377953 
vn 0.76378 -0.574803 0.299213 
vn 0.401575 -0.023622 -0.913386 
vn 0.76378 -0.574803 0.299213 
vn 0.283465 -0.551181 -0.787402 
vn 0.283465 -0.551181 -0.787402 
vn 0.76378 -0.574803 0.299213 
vn -0.307087 -0.566929 0.76378 
vn 0.283465 -0.551181 -0.787402 
vn -0.307087 -0.566929 0.76378 
vn -0.771654 -0.551181 -0.307087 
vn -0.929134 -0.015748 -0.377953 
vn -0.362205 0.0393701 0.929134 
vn -0.0944882 0.259843 0.96063 
vn -0.929134 -0.015748 -0.377953 
vn -0.0944882 0.259843 0.96063 
vn -0.755906 -0.220472 -0.622047 
vn 0.212598 -0.15748 -0.96063 
vn 0.716535 0.23622 0.653543 
vn 0.92126 0.00787402 0.377953 
vn 0.212598 -0.15748 -0.96063 
vn 0.92126 0.00787402 0.377953 
vn 0.401575 -0.023622 -0.913386 
vn -0.141732 -0.519685 -0.84252 
vn 0.023622 0.84252 0.535433 
vn -0.220472 -0.0472441 -0.976378 
vn -0.307087 0.637795 -0.700787 
vn 0.220472 0.661417 0.716535 
vn -0.267717 -0.354331 -0.897638 
vn -0.755906 -0.220472 -0.622047 
vn -0.0944882 0.259843 0.96063 
vn 0.023622 0.84252 0.535433 
vn -0.755906 -0.220472 -0.622047 
vn 0.023622 0.84252 0.535433 
vn -0.141732 -0.519685 -0.84252 
vn -0.267717 -0.354331 -0.897638 
vn 0.220472 0.661417 0.716535 
vn 0.716535 0.23622 0.653543 
vn -0.267717 -0.354331 -0.897638 
vn 0.716535 0.23622 0.653543 
vn 0.212598 -0.15748 -0.96063 
vn -0.771654 0.606299 -0.19685 
vn -0.755906 0.622047 -0.212598 
vn -0.811024 -0.574803 0.110236 
vn -0.771654 0.606299 -0.19685 
vn -0.811024 -0.574803 0.110236 
vn -0.653543 -0.755906 0.023622 
vn 0.23622 0.913386 -0.330709 
vn 0.212598 0.905512 -0.362205 
vn -0.228346 0.92126 -0.307087 
vn 0.23622 0.913386 -0.330709 
vn -0.228346 0.92126 -0.307087 
vn -0.228346 0.92126 -0.307087 
vn 0.708661 0.629921 -0.307087 
vn 0.212598 0.905512 -0.362205 
vn 0.23622 0.913386 -0.330709 
vn 0.708661 0.629921 -0.307087 
vn 0.23622 0.913386 -0.330709 
vn 0.732283 0.622047 -0.283465 
vn 0.952756 0.15748 -0.259843 
vn 0.952756 0.15748 -0.259843 
vn 0.952756 -0.0472441 -0.291339 
vn 0.952756 0.15748 -0.259843 
vn 0.952756 -0.0472441 -0.291339 
vn 0.96063 -0.0551181 -0.283465 
vn -0.0629921 -0.968504 0.244094 
vn -0.653543 -0.755906 0.023622 
vn -0.811024 -0.574803 0.110236 
vn -0.0629921 -0.968504 0.244094 
vn -0.811024 -0.574803 0.110236 
vn -0.165354 -0.937008 0.314961 
vn -0.267717 -0.905512 0.330709 
vn -0.0629921 -0.968504 0.244094 
vn -0.165354 -0.937008 0.314961 
vn -0.267717 -0.905512 0.330709 
vn -0.165354 -0.937008 0.314961 
vn -0.228346 -0.92126 0.307087 
vn -0.622047 -0.716535 0.307087 
vn -0.267717 -0.905512 0.330709 
vn -0.228346 -0.92126 0.307087 
vn -0.622047 -0.716535 0.307087 
vn -0.228346 -0.92126 0.307087 
vn -0.637795 -0.708661 0.291339 
vn -0.96063 -0.0787402 0.275591 
vn -0.952756 0.0944882 0.291339 
vn -0.952756 0.102362 0.275591 
vn -0.96063 -0.0787402 0.275591 
vn -0.952756 0.102362 0.275591 
vn -0.952756 -0.125984 0.267717 
vn -0.0629921 -0.968504 0.244094 
vn -0.228346 0.92126 -0.307087 
vn -0.771654 0.606299 -0.19685 
vn -0.0629921 -0.968504 0.244094 
vn -0.771654 0.606299 -0.19685 
vn -0.653543 -0.755906 0.023622 
vn -0.811024 -0.574803 0.110236 
vn -0.755906 0.622047 -0.212598 
vn -0.228346 0.92126 -0.307087 
vn -0.811024 -0.574803 0.110236 
vn -0.228346 0.92126 -0.307087 
vn -0.165354 -0.937008 0.314961 
vn -0.267717 -0.905512 0.330709 
vn 0.23622 0.913386 -0.330709 
vn -0.228346 0.92126 -0.307087 
vn -0.267717 -0.905512 0.330709 
vn -0.228346 0.92126 -0.307087 
vn -0.0629921 -0.968504 0.244094 
vn -0.165354 -0.937008 0.314961 
vn -0.228346 0.92126 -0.307087 
vn 0.212598 0.905512 -0.362205 
vn -0.165354 -0.937008 0.314961 
vn 0.212598 0.905512 -0.362205 
vn -0.228346 -0.92126 0.307087 
vn -0.622047 -0.716535 0.307087 
vn 0.732283 0.622047 -0.283465 
vn 0.23622 0.913386 -0.330709 
vn -0.622047 -0.716535 0.307087 
vn 0.23622 0.913386 -0.330709 
vn -0.267717 -0.905512 0.330709 
vn -0.228346 -0.92126 0.307087 
vn 0.212598 0.905512 -0.362205 
vn 0.708661 0.629921 -0.307087 
vn -0.228346 -0.92126 0.307087 
vn 0.708661 0.629921 -0.307087 
vn -0.637795 -0.708661 0.291339 
vn 0.952756 0.15748 -0.259843 
vn 0.96063 -0.0551181 -0.283465 
vn -0.952756 0.0944882 0.291339 
vn 0.952756 0.15748 -0.259843 
vn -0.952756 0.0944882 0.291339 
vn -0.96063 -0.0787402 0.275591 
vn 0.952756 0.15748 -0.259843 
vn -0.952756 -0.125984 0.267717 
vn -0.952756 0.102362 0.275591 
vn 0.952756 0.15748 -0.259843 
vn -0.952756 0.102362 0.275591 
vn 0.952756 -0.0472441 -0.291339 
vn -0.0787402 -0.897638 0.440945 
vn -0.0787402 -0.897638 0.440945 
vn -0.0787402 -0.897638 0.440945 
vn -0.0787402 -0.897638 0.440945 
vn -0.0787402 -0.897638 0.440945 
vn -0.0866142 -0.889764 0.440945 
vn -0.228346 0.92126 -0.307087 
vn -0.228346 0.92126 -0.307087 
vn -0.755906 0.622047 -0.212598 
vn -0.228346 0.92126 -0.307087 
vn -0.755906 0.622047 -0.212598 
vn -0.771654 0.606299 -0.19685 
vn -0.952756 -0.125984 0.267717 
vn 0.952756 0.15748 -0.259843 
vn 0.732283 0.622047 -0.283465 
vn -0.952756 -0.125984 0.267717 
vn 0.732283 0.622047 -0.283465 
vn -0.622047 -0.716535 0.307087 
vn -0.952756 -0.125984 0.267717 
vn -0.622047 -0.716535 0.307087 
vn -0.637795 -0.708661 0.291339 
vn -0.952756 -0.125984 0.267717 
vn -0.637795 -0.708661 0.291339 
vn -0.96063 -0.0787402 0.275591 
vn 0.708661 0.629921 -0.307087 
vn 0.952756 0.15748 -0.259843 
vn -0.96063 -0.0787402 0.275591 
vn 0.708661 0.629921 -0.307087 
vn -0.96063 -0.0787402 0.275591 
vn -0.637795 -0.708661 0.291339 
vn 0.952756 0.15748 -0.259843 
vn 0.952756 0.15748 -0.259843 
vn 0.708661 0.629921 -0.307087 
vn 0.952756 0.15748 -0.259843 
vn 0.708661 0.629921 -0.307087 
vn 0.732283 0.622047 -0.283465 
vn 0.952756 -0.0472441 -0.291339 
vn -0.952756 0.102362 0.275591 
vn -0.0866142 -0.889764 0.440945 
vn 0.952756 -0.0472441 -0.291339 
vn -0.0866142 -0.889764 0.440945 
vn -0.0787402 -0.897638 0.440945 
vn -0.952756 0.0944882 0.291339 
vn -0.0787402 -0.897638 0.440945 
vn -0.0866142 -0.889764 0.440945 
vn -0.952756 0.0944882 0.291339 
vn -0.0866142 -0.889764 0.440945 
vn -0.952756 0.102362 0.275591 
vn 0.96063 -0.0551181 -0.283465 
vn -0.0787402 -0.897638 0.440945 
vn -0.0787402 -0.897638 0.440945 
vn 0.96063 -0.0551181 -0.283465 
vn -0.0787402 -0.897638 0.440945 
vn -0.952756 0.0944882 0.291339 
vn 0.952756 -0.0472441 -0.291339 
vn -0.0787402 -0.897638 0.440945 
vn -0.0787402 -0.897638 0.440945 
vn 0.952756 -0.0472441 -0.291339 
vn -0.0787402 -0.897638 0.440945 
vn 0.96063 -0.0551181 -0.283465 
vn -0.929134 0.307087 -0.19685 
vn -0.929134 0.314961 -0.19685 
vn -0.905512 0.377953 -0.188976 
vn -0.929134 0.307087 -0.19685 
vn -0.905512 0.377953 -0.188976 
vn -0.905512 0.377953 -0.188976 
vn 0.590551 0.779528 -0.220472 
vn -0.015748 0.984252 -0.181102 
vn -0.0314961 0.968504 -0.244094 
vn 0.590551 0.779528 -0.220472 
vn -0.0314961 0.968504 -0.244094 
vn 0.377953 0.866142 -0.322835 
vn 0.771654 0.614173 -0.133858 
vn 0.850394 0.503937 -0.133858 
vn 0.590551 0.779528 -0.220472 
vn 0.771654 0.614173 -0.133858 
vn 0.590551 0.779528 -0.220472 
vn 0.377953 0.866142 -0.322835 
vn 0.92126 -0.330709 0.188976 
vn 0.889764 -0.417323 0.173228 
vn 0.889764 -0.417323 0.181102 
vn 0.92126 -0.330709 0.188976 
vn 0.889764 -0.417323 0.181102 
vn 0.92126 -0.346457 0.19685 
vn 0.929134 -0.362205 0.0708661 
vn 0.0708661 -0.944882 0.330709 
vn 0.354331 -0.929134 0.102362 
vn 0.929134 -0.362205 0.0708661 
vn 0.354331 -0.929134 0.102362 
vn 0.984252 -0.149606 -0.0944882 
vn 0.92126 -0.346457 0.19685 
vn -0.929134 0.314961 -0.19685 
vn -0.929134 0.307087 -0.19685 
vn 0.92126 -0.346457 0.19685 
vn -0.929134 0.307087 -0.19685 
vn 0.92126 -0.330709 0.188976 
vn -0.929134 0.307087 -0.19685 
vn -0.905512 0.377953 -0.188976 
vn 0.889764 -0.417323 0.173228 
vn -0.929134 0.307087 -0.19685 
vn 0.889764 -0.417323 0.173228 
vn 0.92126 -0.330709 0.188976 
vn -0.929134 0.314961 -0.19685 
vn 0.92126 -0.346457 0.19685 
vn 0.889764 -0.417323 0.181102 
vn -0.929134 0.314961 -0.19685 
vn 0.889764 -0.417323 0.181102 
vn -0.905512 0.377953 -0.188976 
vn 0.377953 0.866142 -0.322835 
vn -0.0314961 0.968504 -0.244094 
vn -0.173228 -0.0393701 0.984252 
vn 0.377953 0.866142 -0.322835 
vn -0.173228 -0.0393701 0.984252 
vn 0.0708661 -0.944882 0.330709 
vn 0.929134 -0.362205 0.0708661 
vn 0.771654 0.614173 -0.133858 
vn 0.377953 0.866142 -0.322835 
vn 0.929134 -0.362205 0.0708661 
vn 0.377953 0.866142 -0.322835 
vn 0.0708661 -0.944882 0.330709 
vn 0.354331 -0.929134 0.102362 
vn 0.590551 0.779528 -0.220472 
vn 0.850394 0.503937 -0.133858 
vn 0.354331 -0.929134 0.102362 
vn 0.850394 0.503937 -0.133858 
vn 0.984252 -0.149606 -0.0944882 
vn 0.929134 -0.362205 0.0708661 
vn 0.984252 -0.149606 -0.0944882 
vn 0.850394 0.503937 -0.133858 
vn 0.929134 -0.362205 0.0708661 
vn 0.850394 0.503937 -0.133858 
vn 0.771654 0.614173 -0.133858 
vn 0.354331 -0.929134 0.102362 
vn 0.0708661 -0.944882 0.330709 
vn -0.173228 -0.0393701 0.984252 
vn 0.354331 -0.929134 0.102362 
vn -0.173228 -0.0393701 0.984252 
vn 0.015748 -0.992126 -0.110236 
vn 0.590551 0.779528 -0.220472 
vn 0.354331 -0.929134 0.102362 
vn 0.015748 -0.992126 -0.110236 
vn 0.590551 0.779528 -0.220472 
vn 0.015748 -0.992126 -0.110236 
vn -0.015748 0.984252 -0.181102 
vn -0.0787402 0.023622 1 
vn -0.0787402 0.023622 1 
vn -0.0787402 0.023622 1 
vn -0.0787402 0.023622 1 
vn -0.0787402 0.023622 1 
vn -0.0787402 -0.00787402 1 
vn 0.653543 -0.748031 0.0866142 
vn 0.220472 -0.976378 -0.0472441 
vn -0.0787402 0.023622 1 
vn 0.653543 -0.748031 0.0866142 
vn -0.0787402 0.023622 1 
vn -0.0787402 0.023622 1 
vn 0.015748 0.0787402 -1 
vn 0.015748 0.0787402 -1 
vn 0.220472 -0.976378 -0.0472441 
vn 0.015748 0.0787402 -1 
vn 0.220472 -0.976378 -0.0472441 
vn 0.653543 -0.748031 0.0866142 
vn -0.0787402 0.023622 1 
vn -0.0787402 -0.00787402 1 
vn 0.015748 0.0787402 -1 
vn -0.0787402 0.023622 1 
vn 0.015748 0.0787402 -1 
vn 0.015748 0.0787402 -1 
vn -0.0787402 -0.00787402 1 
vn -0.0787402 0.023622 1 
vn -0.173228 -0.0393701 0.984252 
vn -0.0787402 -0.00787402 1 
vn -0.173228 -0.0393701 0.984252 
vn -0.0314961 0.968504 -0.244094 
vn 0.220472 -0.976378 -0.0472441 
vn 0.015748 -0.992126 -0.110236 
vn -0.173228 -0.0393701 0.984252 
vn 0.220472 -0.976378 -0.0472441 
vn -0.173228 -0.0393701 0.984252 
vn -0.0787402 0.023622 1 
vn 0.015748 0.0787402 -1 
vn -0.015748 0.984252 -0.181102 
vn 0.015748 -0.992126 -0.110236 
vn 0.015748 0.0787402 -1 
vn 0.015748 -0.992126 -0.110236 
vn 0.220472 -0.976378 -0.0472441 
vn -0.0787402 -0.00787402 1 
vn -0.0314961 0.968504 -0.244094 
vn -0.015748 0.984252 -0.181102 
vn -0.0787402 -0.00787402 1 
vn -0.015748 0.984252 -0.181102 
vn 0.015748 0.0787402 -1 
vn -0.905512 0.377953 -0.188976 
vn 0.889764 -0.417323 0.181102 
vn -0.0787402 0.023622 1 
vn -0.905512 0.377953 -0.188976 
vn -0.0787402 0.023622 1 
vn -0.0787402 0.023622 1 
vn 0.889764 -0.417323 0.173228 
vn 0.653543 -0.748031 0.0866142 
vn -0.0787402 0.023622 1 
vn 0.889764 -0.417323 0.173228 
vn -0.0787402 0.023622 1 
vn 0.889764 -0.417323 0.181102 
vn -0.905512 0.377953 -0.188976 
vn 0.015748 0.0787402 -1 
vn 0.653543 -0.748031 0.0866142 
vn -0.905512 0.377953 -0.188976 
vn 0.653543 -0.748031 0.0866142 
vn 0.889764 -0.417323 0.173228 
vn -0.905512 0.377953 -0.188976 
vn -0.0787402 0.023622 1 
vn 0.015748 0.0787402 -1 
vn -0.905512 0.377953 -0.188976 
vn 0.015748 0.0787402 -1 
vn -0.905512 0.377953 -0.188976 
vn 0.133858 0 -0.992126 
vn 0.133858 0 -0.992126 
vn 0.133858 0 -0.992126 
vn 0.133858 0 -0.992126 
vn 0.133858 0 -0.992126 
vn 0.133858 0 -0.992126 
vn 0.992126 -0.0314961 0.133858 
vn 0.992126 -0.0314961 0.133858 
vn 0.992126 -0.0314961 0.133858 
vn 0.992126 -0.0314961 0.133858 
vn 0.992126 -0.0314961 0.133858 
vn 0.992126 -0.0314961 0.133858 
vn -0.133858 0 0.992126 
vn -0.133858 0 0.992126 
vn -0.133858 0 0.992126 
vn -0.133858 0 0.992126 
vn -0.133858 0 0.992126 
vn -0.133858 0 0.992126 
vn -0.133858 0 0.992126 
vn -0.133858 0 0.992126 
vn 0.133858 0 -0.992126 
vn -0.133858 0 0.992126 
vn 0.133858 0 -0.992126 
vn 0.133858 0 -0.992126 
vn 0.133858 0 -0.992126 
vn -0.133858 0 0.992126 
vn -0.133858 0 0.992126 
vn 0.133858 0 -0.992126 
vn -0.133858 0 0.992126 
vn 0.133858 0 -0.992126 
vn -0.133858 0 0.992126 
vn 0.133858 0 -0.992126 
vn 0.133858 0 -0.992126 
vn -0.133858 0 0.992126 
vn 0.133858 0 -0.992126 
vn -0.133858 0 0.992126 
vn 0.133858 0 -0.992126 
vn 0.133858 0 -0.992126 
vn 0.133858 0 -0.992126 
vn 0.133858 0 -0.992126 
vn 0.133858 0 -0.992126 
vn 0.133858 0 -0.992126 
vn -0.133858 0 0.992126 
vn 0.133858 0 -0.992126 
vn 0.133858 0 -0.992126 
vn -0.133858 0 0.992126 
vn 0.133858 0 -0.992126 
vn 0.559055 -0.826772 0.0787402 
vn 0.559055 -0.826772 0.0787402 
vn -0.133858 0 0.992126 
vn -0.133858 0 0.992126 
vn 0.559055 -0.826772 0.0787402 
vn -0.133858 0 0.992126 
vn -0.133858 0 0.992126 
vn 0.133858 0 -0.992126 
vn -0.133858 0 0.992126 
vn -0.133858 0 0.992126 
vn 0.133858 0 -0.992126 
vn -0.133858 0 0.992126 
vn 0.133858 0 -0.992126 
vn 0.133858 0 -0.992126 
vn 0.133858 0 -0.992126 
vn 0.133858 0 -0.992126 
vn 0.133858 0 -0.992126 
vn 0.133858 0 -0.992126 
vn 0.133858 0 -0.992126 
vn -0.0551181 -1 -0.00787402 
vn 0.133858 0 -0.992126 
vn 0.133858 0 -0.992126 
vn -0.0551181 -1 -0.00787402 
vn 0.133858 0 -0.992126 
vn -0.0551181 -1 -0.00787402 
vn -0.0551181 -1 -0.00787402 
vn -0.133858 0 0.992126 
vn -0.133858 0 0.992126 
vn -0.0551181 -1 -0.00787402 
vn -0.133858 0 0.992126 
vn -0.0551181 -1 -0.00787402 
vn 0.133858 0 -0.992126 
vn -0.133858 0 0.992126 
vn -0.133858 0 0.992126 
vn 0.133858 0 -0.992126 
vn -0.133858 0 0.992126 
vn 0.133858 0 -0.992126 
vn 0.133858 0 -0.992126 
vn 0.133858 0 -0.992126 
vn 0.133858 0 -0.992126 
vn 0.133858 0 -0.992126 
vn 0.133858 0 -0.992126 
vn 0.133858 0 -0.992126 
vn 0.559055 -0.826772 0.0787402 
vn 0.133858 0 -0.992126 
vn 0.133858 0 -0.992126 
vn 0.559055 -0.826772 0.0787402 
vn 0.133858 0 -0.992126 
vn -0.0551181 -1 -0.00787402 
vn -0.0551181 -1 -0.00787402 
vn -0.133858 0 0.992126 
vn -0.133858 0 0.992126 
vn -0.0551181 -1 -0.00787402 
vn -0.133858 0 0.992126 
vn 0.559055 -0.826772 0.0787402 
vn 0.133858 0 -0.992126 
vn -0.133858 0 0.992126 
vn -0.133858 0 0.992126 
vn 0.133858 0 -0.992126 
vn -0.133858 0 0.992126 
vn 0.133858 0 -0.992126 
vn 0.133858 0 -0.992126 
vn 0.133858 0 -0.992126 
vn 0.992126 -0.0314961 0.133858 
vn 0.133858 0 -0.992126 
vn 0.992126 -0.0314961 0.133858 
vn 0.992126 -0.0314961 0.133858 
vn -0.0551181 -1 -0.00787402 
vn 0.133858 0 -0.992126 
vn 0.992126 -0.0314961 0.133858 
vn -0.0551181 -1 -0.00787402 
vn 0.992126 -0.0314961 0.133858 
vn 0.992126 -0.0314961 0.133858 
vn 0.992126 -0.0314961 0.133858 
vn 0.992126 -0.0314961 0.133858 
vn -0.133858 0 0.992126 
vn 0.992126 -0.0314961 0.133858 
vn -0.133858 0 0.992126 
vn -0.0551181 -1 -0.00787402 
vn 0.133858 0 -0.992126 
vn -0.133858 0 0.992126 
vn 0.992126 -0.0314961 0.133858 
vn 0.133858 0 -0.992126 
vn 0.992126 -0.0314961 0.133858 
vn 0.992126 -0.0314961 0.133858 
vn -0.259843 -0.937008 -0.220472 
vn -0.259843 -0.937008 -0.220472 
vn -0.259843 -0.937008 -0.220472 
vn -0.259843 -0.937008 -0.220472 
vn -0.259843 -0.937008 -0.220472 
vn -0.259843 -0.937008 -0.220472 
vn 0.00787402 1 0.015748 
vn 0.00787402 1 0.015748 
vn 0.00787402 1 0.015748 
vn 0.00787402 1 0.015748 
vn 0.00787402 1 0.015748 
vn 0.244094 0.92126 0.299213 
vn 0.259843 0 0.968504 
vn 0.259843 0 0.968504 
vn 0.259843 0 0.968504 
vn 0.259843 0 0.968504 
vn 0.259843 0 0.968504 
vn 0.015748 0.448819 0.889764 
vn -0.023622 -1 0.015748 
vn -0.023622 -1 0.015748 
vn -0.023622 -1 0.015748 
vn -0.023622 -1 0.015748 
vn -0.023622 -1 0.015748 
vn -0.015748 -1 -0.0393701 
vn -0.023622 -1 0.015748 
vn -0.023622 -1 0.015748 
vn 0.00787402 1 0.015748 
vn -0.023622 -1 0.015748 
vn 0.00787402 1 0.015748 
vn 0.00787402 1 0.015748 
vn -0.023622 -1 0.015748 
vn -0.015748 -1 -0.0393701 
vn 0.00787402 1 0.015748 
vn -0.023622 -1 0.015748 
vn 0.00787402 1 0.015748 
vn 0.244094 0.92126 0.299213 
vn -0.015748 -1 -0.0393701 
vn -0.023622 -1 0.015748 
vn 0.0787402 -0.96063 0.251969 
vn -0.015748 -1 -0.0393701 
vn 0.0787402 -0.96063 0.251969 
vn 0.0708661 -0.984252 0.165354 
vn -0.023622 -1 0.015748 
vn 0.00787402 1 0.015748 
vn -0.818898 0 0.574803 
vn -0.023622 -1 0.015748 
vn -0.818898 0 0.574803 
vn 0.0787402 -0.96063 0.251969 
vn 0.00787402 1 0.015748 
vn 0.00787402 1 0.015748 
vn -0.133858 0.929134 -0.338583 
vn 0.00787402 1 0.015748 
vn -0.133858 0.929134 -0.338583 
vn -0.818898 0 0.574803 
vn 0.00787402 1 0.015748 
vn -0.015748 -1 -0.0393701 
vn 0.0708661 -0.984252 0.165354 
vn 0.00787402 1 0.015748 
vn 0.0708661 -0.984252 0.165354 
vn -0.133858 0.929134 -0.338583 
vn 0.543307 -0.188976 0.818898 
vn 0.543307 -0.188976 0.818898 
vn 0.543307 -0.188976 0.818898 
vn 0.543307 -0.188976 0.818898 
vn 0.543307 -0.188976 0.818898 
vn 0.614173 -0.393701 0.685039 
vn 0.543307 -0.188976 0.818898 
vn -0.740157 0.188976 0.645669 
vn -0.740157 0.188976 0.645669 
vn 0.543307 -0.188976 0.818898 
vn -0.740157 0.188976 0.645669 
vn 0.543307 -0.188976 0.818898 
vn -0.740157 0.188976 0.645669 
vn -0.519685 0.330709 -0.787402 
vn -0.519685 0.330709 -0.787402 
vn -0.740157 0.188976 0.645669 
vn -0.519685 0.330709 -0.787402 
vn -0.740157 0.188976 0.645669 
vn -0.519685 0.330709 -0.787402 
vn 0.543307 -0.188976 0.818898 
vn 0.614173 -0.393701 0.685039 
vn -0.519685 0.330709 -0.787402 
vn 0.614173 -0.393701 0.685039 
vn -0.519685 0.330709 -0.787402 
vn -0.740157 -0.0944882 -0.669291 
vn -0.740157 -0.0944882 -0.669291 
vn -0.259843 -0.937008 -0.220472 
vn -0.740157 -0.0944882 -0.669291 
vn -0.259843 -0.937008 -0.220472 
vn -0.259843 -0.937008 -0.220472 
vn -0.685039 0.023622 0.724409 
vn -0.740157 -0.0944882 -0.669291 
vn -0.259843 -0.937008 -0.220472 
vn -0.685039 0.023622 0.724409 
vn -0.259843 -0.937008 -0.220472 
vn -0.259843 -0.937008 -0.220472 
vn 0.732283 0.110236 0.669291 
vn -0.685039 0.023622 0.724409 
vn -0.259843 -0.937008 -0.220472 
vn 0.732283 0.110236 0.669291 
vn -0.259843 -0.937008 -0.220472 
vn -0.259843 -0.937008 -0.220472 
vn -0.740157 -0.0944882 -0.669291 
vn 0.732283 0.110236 0.669291 
vn -0.259843 -0.937008 -0.220472 
vn -0.740157 -0.0944882 -0.669291 
vn -0.259843 -0.937008 -0.220472 
vn -0.259843 -0.937008 -0.220472 
vn -0.818898 0 0.574803 
vn -0.133858 0.929134 -0.338583 
vn -0.519685 0.330709 -0.787402 
vn -0.818898 0 0.574803 
vn -0.519685 0.330709 -0.787402 
vn -0.740157 0.188976 0.645669 
vn 0.0787402 -0.96063 0.251969 
vn -0.818898 0 0.574803 
vn -0.740157 0.188976 0.645669 
vn 0.0787402 -0.96063 0.251969 
vn -0.740157 0.188976 0.645669 
vn 0.543307 -0.188976 0.818898 
vn 0.0708661 -0.984252 0.165354 
vn 0.0787402 -0.96063 0.251969 
vn 0.543307 -0.188976 0.818898 
vn 0.0708661 -0.984252 0.165354 
vn 0.543307 -0.188976 0.818898 
vn 0.543307 -0.188976 0.818898 
vn -0.133858 0.929134 -0.338583 
vn 0.0708661 -0.984252 0.165354 
vn 0.543307 -0.188976 0.818898 
vn -0.133858 0.929134 -0.338583 
vn 0.543307 -0.188976 0.818898 
vn -0.519685 0.330709 -0.787402 
vn 0.015748 0.448819 0.889764 
vn -0.023622 -1 0.015748 
vn 0.244094 0.92126 0.299213 
vn 0.015748 0.448819 0.889764 
vn 0.244094 0.92126 0.299213 
vn 0.259843 0 0.968504 
vn 0.015748 0.448819 0.889764 
vn 0.259843 0 0.968504 
vn -0.023622 -1 0.015748 
vn 0.015748 0.448819 0.889764 
vn -0.023622 -1 0.015748 
vn -0.023622 -1 0.015748 
vn 0.00787402 1 0.015748 
vn -0.023622 -1 0.015748 
vn 0.259843 0 0.968504 
vn 0.00787402 1 0.015748 
vn 0.259843 0 0.968504 
vn 0.259843 0 0.968504 
vn 0.244094 0.92126 0.299213 
vn 0.00787402 1 0.015748 
vn 0.259843 0 0.968504 
vn 0.244094 0.92126 0.299213 
vn 0.259843 0 0.968504 
vn 0.259843 0 0.968504 
vn -0.740157 0.188976 0.645669 
vn -0.519685 0.330709 -0.787402 
vn -0.740157 -0.0944882 -0.669291 
vn -0.740157 0.188976 0.645669 
vn -0.740157 -0.0944882 -0.669291 
vn -0.740157 -0.0944882 -0.669291 
vn 0.543307 -0.188976 0.818898 
vn -0.740157 0.188976 0.645669 
vn -0.740157 -0.0944882 -0.669291 
vn 0.543307 -0.188976 0.818898 
vn -0.740157 -0.0944882 -0.669291 
vn -0.685039 0.023622 0.724409 
vn 0.614173 -0.393701 0.685039 
vn 0.543307 -0.188976 0.818898 
vn -0.685039 0.023622 0.724409 
vn 0.614173 -0.393701 0.685039 
vn -0.685039 0.023622 0.724409 
vn 0.732283 0.110236 0.669291 
vn -0.519685 0.330709 -0.787402 
vn 0.614173 -0.393701 0.685039 
vn 0.732283 0.110236 0.669291 
vn -0.519685 0.330709 -0.787402 
vn 0.732283 0.110236 0.669291 
vn -0.740157 -0.0944882 -0.669291 
vn 0.88189 0.377953 0.275591 
vn 0.88189 0.377953 0.275591 
vn 0.88189 0.377953 0.275591 
vn 0.88189 0.377953 0.275591 
vn 0.88189 0.377953 0.275591 
vn 0.88189 0.377953 0.275591 
vn 0.291339 0.00787402 -0.952756 
vn 0.291339 0.00787402 -0.952756 
vn 0.291339 0.00787402 -0.952756 
vn 0.291339 0.00787402 -0.952756 
vn 0.291339 0.00787402 -0.952756 
vn 0.291339 0.00787402 -0.952756 
vn 0.716535 -0.669291 0.212598 
vn 0.291339 0.00787402 -0.952756 
vn 0.291339 0.00787402 -0.952756 
vn 0.716535 -0.669291 0.212598 
vn 0.291339 0.00787402 -0.952756 
vn 0.716535 -0.669291 0.212598 
vn 0.716535 -0.669291 0.212598 
vn -0.291339 -0.00787402 0.952756 
vn -0.291339 -0.00787402 0.952756 
vn 0.716535 -0.669291 0.212598 
vn -0.291339 -0.00787402 0.952756 
vn 0.716535 -0.669291 0.212598 
vn 0.291339 0.00787402 -0.952756 
vn -0.291339 -0.00787402 0.952756 
vn -0.291339 -0.00787402 0.952756 
vn 0.291339 0.00787402 -0.952756 
vn -0.291339 -0.00787402 0.952756 
vn 0.291339 0.00787402 -0.952756 
vn 0.291339 0.00787402 -0.952756 
vn 0.291339 0.00787402 -0.952756 
vn 0.291339 0.00787402 -0.952756 
vn 0.291339 0.00787402 -0.952756 
vn 0.291339 0.00787402 -0.952756 
vn 0.291339 0.00787402 -0.952756 
vn 0.84252 -0.472441 0.251969 
vn 0.291339 0.00787402 -0.952756 
vn 0.291339 0.00787402 -0.952756 
vn 0.84252 -0.472441 0.251969 
vn 0.291339 0.00787402 -0.952756 
vn 0.716535 -0.669291 0.212598 
vn 0.716535 -0.669291 0.212598 
vn -0.291339 -0.00787402 0.952756 
vn -0.291339 -0.00787402 0.952756 
vn 0.716535 -0.669291 0.212598 
vn -0.291339 -0.00787402 0.952756 
vn 0.84252 -0.472441 0.251969 
vn 0.291339 0.00787402 -0.952756 
vn -0.291339 -0.00787402 0.952756 
vn -0.291339 -0.00787402 0.952756 
vn 0.291339 0.00787402 -0.952756 
vn -0.291339 -0.00787402 0.952756 
vn 0.291339 0.00787402 -0.952756 
vn 0.291339 0.00787402 -0.952756 
vn 0.291339 0.00787402 -0.952756 
vn 0.88189 0.377953 0.275591 
vn 0.291339 0.00787402 -0.952756 
vn 0.88189 0.377953 0.275591 
vn 0.88189 0.377953 0.275591 
vn 0.716535 -0.669291 0.212598 
vn 0.291339 0.00787402 -0.952756 
vn 0.88189 0.377953 0.275591 
vn 0.716535 -0.669291 0.212598 
vn 0.88189 0.377953 0.275591 
vn 0.88189 0.377953 0.275591 
vn 0.88189 0.377953 0.275591 
vn 0.88189 0.377953 0.275591 
vn -0.291339 -0.00787402 0.952756 
vn 0.88189 0.377953 0.275591 
vn -0.291339 -0.00787402 0.952756 
vn 0.716535 -0.669291 0.212598 
vn 0.291339 0.00787402 -0.952756 
vn -0.291339 -0.00787402 0.952756 
vn 0.88189 0.377953 0.275591 
vn 0.291339 0.00787402 -0.952756 
vn 0.88189 0.377953 0.275591 
vn 0.88189 0.377953 0.275591 
vn -0.440945 0.15748 -0.889764 
vn -0.440945 0.15748 -0.889764 
vn -0.440945 0.15748 -0.889764 
vn -0.440945 0.15748 -0.889764 
vn -0.440945 0.15748 -0.889764 
vn -0.440945 0.15748 -0.889764 
vn -0.874016 0.149606 0.456693 
vn -0.874016 0.149606 0.456693 
vn -0.874016 0.149606 0.456693 
vn -0.874016 0.149606 0.456693 
vn -0.874016 0.149606 0.456693 
vn -0.874016 0.149606 0.456693 
vn 0.440945 -0.15748 0.889764 
vn 0.440945 -0.15748 0.889764 
vn 0.440945 -0.15748 0.889764 
vn 0.440945 -0.15748 0.889764 
vn 0.440945 -0.15748 0.889764 
vn 0.440945 -0.15748 0.889764 
vn -0.440945 0.15748 -0.889764 
vn -0.440945 0.15748 -0.889764 
vn 0.440945 -0.15748 0.889764 
vn -0.440945 0.15748 -0.889764 
vn 0.440945 -0.15748 0.889764 
vn 0.440945 -0.15748 0.889764 
vn 0.440945 -0.15748 0.889764 
vn 0.440945 -0.15748 0.889764 
vn -0.440945 0.15748 -0.889764 
vn 0.440945 -0.15748 0.889764 
vn -0.440945 0.15748 -0.889764 
vn -0.440945 0.15748 -0.889764 
vn -0.440945 0.15748 -0.889764 
vn -0.440945 0.15748 -0.889764 
vn -0.440945 0.15748 -0.889764 
vn -0.440945 0.15748 -0.889764 
vn -0.440945 0.15748 -0.889764 
vn -0.440945 0.15748 -0.889764 
vn 0.440945 -0.15748 0.889764 
vn -0.519685 -0.850394 0.0944882 
vn -0.440945 0.15748 -0.889764 
vn 0.440945 -0.15748 0.889764 
vn -0.440945 0.15748 -0.889764 
vn -0.440945 0.15748 -0.889764 
vn -0.519685 -0.850394 0.0944882 
vn 0.440945 -0.15748 0.889764 
vn 0.440945 -0.15748 0.889764 
vn -0.519685 -0.850394 0.0944882 
vn 0.440945 -0.15748 0.889764 
vn 0.440945 -0.15748 0.889764 
vn -0.440945 0.15748 -0.889764 
vn -0.440945 0.15748 -0.889764 
vn 0.440945 -0.15748 0.889764 
vn -0.440945 0.15748 -0.889764 
vn 0.440945 -0.15748 0.889764 
vn 0.440945 -0.15748 0.889764 
vn -0.440945 0.15748 -0.889764 
vn -0.440945 0.15748 -0.889764 
vn -0.440945 0.15748 -0.889764 
vn -0.440945 0.15748 -0.889764 
vn -0.440945 0.15748 -0.889764 
vn -0.440945 0.15748 -0.889764 
vn -0.259843 -0.96063 -0.0551181 
vn -0.133858 -0.984252 -0.125984 
vn -0.440945 0.15748 -0.889764 
vn -0.259843 -0.96063 -0.0551181 
vn -0.440945 0.15748 -0.889764 
vn -0.440945 0.15748 -0.889764 
vn -0.133858 -0.984252 -0.125984 
vn -0.259843 -0.96063 -0.0551181 
vn 0.440945 -0.15748 0.889764 
vn -0.133858 -0.984252 -0.125984 
vn 0.440945 -0.15748 0.889764 
vn 0.440945 -0.15748 0.889764 
vn -0.440945 0.15748 -0.889764 
vn -0.440945 0.15748 -0.889764 
vn 0.440945 -0.15748 0.889764 
vn -0.440945 0.15748 -0.889764 
vn 0.440945 -0.15748 0.889764 
vn 0.440945 -0.15748 0.889764 
vn -0.440945 0.15748 -0.889764 
vn -0.440945 0.15748 -0.889764 
vn -0.440945 0.15748 -0.889764 
vn -0.440945 0.15748 -0.889764 
vn -0.440945 0.15748 -0.889764 
vn -0.440945 0.15748 -0.889764 
vn -0.519685 -0.850394 0.0944882 
vn -0.259843 -0.96063 -0.0551181 
vn -0.440945 0.15748 -0.889764 
vn -0.519685 -0.850394 0.0944882 
vn -0.440945 0.15748 -0.889764 
vn -0.440945 0.15748 -0.889764 
vn -0.259843 -0.96063 -0.0551181 
vn -0.519685 -0.850394 0.0944882 
vn 0.440945 -0.15748 0.889764 
vn -0.259843 -0.96063 -0.0551181 
vn 0.440945 -0.15748 0.889764 
vn 0.440945 -0.15748 0.889764 
vn -0.440945 0.15748 -0.889764 
vn -0.440945 0.15748 -0.889764 
vn 0.440945 -0.15748 0.889764 
vn -0.440945 0.15748 -0.889764 
vn 0.440945 -0.15748 0.889764 
vn 0.440945 -0.15748 0.889764 
vn -0.440945 0.15748 -0.889764 
vn -0.874016 0.149606 0.456693 
vn -0.874016 0.149606 0.456693 
vn -0.440945 0.15748 -0.889764 
vn -0.874016 0.149606 0.456693 
vn -0.440945 0.15748 -0.889764 
vn -0.133858 -0.984252 -0.125984 
vn -0.874016 0.149606 0.456693 
vn -0.874016 0.149606 0.456693 
vn -0.133858 -0.984252 -0.125984 
vn -0.874016 0.149606 0.456693 
vn -0.440945 0.15748 -0.889764 
vn -0.874016 0.149606 0.456693 
vn -0.133858 -0.984252 -0.125984 
vn 0.440945 -0.15748 0.889764 
vn -0.874016 0.149606 0.456693 
vn 0.440945 -0.15748 0.889764 
vn -0.874016 0.149606 0.456693 
vn -0.440945 0.15748 -0.889764 
vn -0.874016 0.149606 0.456693 
vn -0.874016 0.149606 0.456693 
vn -0.440945 0.15748 -0.889764 
vn -0.874016 0.149606 0.456693 
vn 0.440945 -0.15748 0.889764 
vn 0.110236 0.992126 0.023622 
vn 0.110236 0.992126 0.023622 
vn 0.110236 0.992126 0.023622 
vn 0.110236 0.992126 0.023622 
vn 0.0866142 0.992126 0.0629921 
vn 0.110236 0.992126 0.023622 
vn 0.110236 0.992126 0.023622 
vn 0.0629921 0.992126 0.0866142 
vn 0.0866142 0.992126 0.0629921 
vn 0.110236 0.992126 0.023622 
vn 0.023622 0.992126 0.110236 
vn 0.0629921 0.992126 0.0866142 
vn 0.110236 0.992126 0.023622 
vn 0.023622 0.992126 -0.102362 
vn 0.023622 0.992126 -0.102362 
vn 0.023622 0.992126 -0.102362 
vn 0.110236 0.992126 0.023622 
vn 0.0629921 0.992126 -0.0866142 
vn 0.110236 0.992126 0.023622 
vn 0.0866142 0.992126 -0.0629921 
vn 0.0866142 0.992126 -0.0629921 
vn 0.110236 0.992126 0.023622 
vn 0.110236 0.992126 -0.023622 
vn 0.0866142 0.992126 -0.0629921 
vn 0.110236 0.992126 0.023622 
vn 0.370079 0.92126 0.0708661 
vn 0.370079 0.92126 0.0708661 
vn 0.110236 0.992126 0.023622 
vn 0.370079 0.92126 0.0708661 
vn 0.110236 0.992126 -0.023622 
vn 0.0866142 0.992126 0.0629921 
vn 0.314961 0.929134 0.212598 
vn 0.314961 0.929134 0.212598 
vn 0.0866142 0.992126 0.0629921 
vn 0.314961 0.929134 0.212598 
vn 0.110236 0.992126 0.023622 
vn 0.0629921 0.992126 0.0866142 
vn 0.212598 0.929134 0.314961 
vn 0.314961 0.929134 0.212598 
vn 0.0629921 0.992126 0.0866142 
vn 0.314961 0.929134 0.212598 
vn 0.0866142 0.992126 0.0629921 
vn 0.023622 0.992126 0.110236 
vn 0.0708661 0.929134 0.370079 
vn 0.212598 0.929134 0.314961 
vn 0.023622 0.992126 0.110236 
vn 0.212598 0.929134 0.314961 
vn 0.0629921 0.992126 0.0866142 
vn 0.023622 0.992126 -0.102362 
vn 0.133858 0.897638 -0.417323 
vn 0.133858 0.897638 -0.417323 
vn 0.023622 0.992126 -0.102362 
vn 0.133858 0.897638 -0.417323 
vn 0.023622 0.992126 -0.102362 
vn 0.023622 0.992126 -0.102362 
vn 0.0629921 0.992126 -0.0866142 
vn 0.212598 0.92126 -0.314961 
vn 0.023622 0.992126 -0.102362 
vn 0.212598 0.92126 -0.314961 
vn 0.133858 0.897638 -0.417323 
vn 0.0866142 0.992126 -0.0629921 
vn 0.314961 0.92126 -0.212598 
vn 0.314961 0.92126 -0.212598 
vn 0.0866142 0.992126 -0.0629921 
vn 0.314961 0.92126 -0.212598 
vn 0.0866142 0.992126 -0.0629921 
vn 0.110236 0.992126 -0.023622 
vn 0.370079 0.92126 0.0708661 
vn 0.314961 0.92126 -0.212598 
vn 0.110236 0.992126 -0.023622 
vn 0.314961 0.92126 -0.212598 
vn 0.0866142 0.992126 -0.0629921 
vn 0.370079 0.92126 0.0708661 
vn 0.874016 0.456693 0.173228 
vn 0.874016 0.456693 0.173228 
vn 0.370079 0.92126 0.0708661 
vn 0.874016 0.456693 0.173228 
vn 0.370079 0.92126 0.0708661 
vn 0.314961 0.929134 0.212598 
vn 0.740157 0.456693 0.496063 
vn 0.740157 0.456693 0.496063 
vn 0.314961 0.929134 0.212598 
vn 0.740157 0.456693 0.496063 
vn 0.314961 0.929134 0.212598 
vn 0.212598 0.929134 0.314961 
vn 0.496063 0.456693 0.740157 
vn 0.740157 0.456693 0.496063 
vn 0.212598 0.929134 0.314961 
vn 0.740157 0.456693 0.496063 
vn 0.314961 0.929134 0.212598 
vn 0.0708661 0.929134 0.370079 
vn 0.173228 0.456693 0.874016 
vn 0.496063 0.456693 0.740157 
vn 0.0708661 0.929134 0.370079 
vn 0.496063 0.456693 0.740157 
vn 0.212598 0.929134 0.314961 
vn 0.133858 0.897638 -0.417323 
vn 0.212598 0.92126 -0.314961 
vn 0.488189 0.456693 -0.748031 
vn 0.314961 0.92126 -0.212598 
vn 0.740157 0.456693 -0.496063 
vn 0.740157 0.456693 -0.496063 
vn 0.314961 0.92126 -0.212598 
vn 0.740157 0.456693 -0.496063 
vn 0.314961 0.92126 -0.212598 
vn 0.370079 0.92126 0.0708661 
vn 0.874016 0.456693 0.173228 
vn 0.740157 0.456693 -0.496063 
vn 0.370079 0.92126 0.0708661 
vn 0.740157 0.456693 -0.496063 
vn 0.314961 0.92126 -0.212598 
vn 0.976378 0.023622 0.220472 
vn 0.976378 0.023622 0.220472 
vn 0.976378 0.023622 0.220472 
vn 0.976378 0.023622 0.220472 
vn 0.976378 0.023622 0.220472 
vn 0.976378 0.015748 0.204724 
vn 0.826772 0 0.559055 
vn 0.826772 0 0.559055 
vn 0.826772 0 0.559055 
vn 0.826772 0 0.559055 
vn 0.826772 0 0.559055 
vn 0.826772 0 0.559055 
vn 0.496063 0.456693 0.740157 
vn 0.551181 0.110236 0.826772 
vn 0.551181 0.110236 0.826772 
vn 0.496063 0.456693 0.740157 
vn 0.551181 0.110236 0.826772 
vn 0.740157 0.456693 0.496063 
vn 0.19685 0 0.984252 
vn 0.19685 0 0.984252 
vn 0.19685 0 0.984252 
vn 0.19685 0 0.984252 
vn 0.19685 0 0.984252 
vn 0.19685 0 0.984252 
vn 0.984252 -0.00787402 -0.188976 
vn 0.984252 -0.00787402 -0.188976 
vn 0.976378 0.023622 0.220472 
vn 0.984252 -0.00787402 -0.188976 
vn 0.976378 0.023622 0.220472 
vn 0.976378 0.023622 0.220472 
vn 0.212598 0.92126 -0.314961 
vn 0.0629921 0.992126 -0.0866142 
vn 0.0866142 0.992126 -0.0629921 
vn 0.212598 0.92126 -0.314961 
vn 0.0866142 0.992126 -0.0629921 
vn 0.314961 0.92126 -0.212598 
vn 0.488189 0.456693 -0.748031 
vn 0.212598 0.92126 -0.314961 
vn 0.314961 0.92126 -0.212598 
vn 0.488189 0.456693 -0.748031 
vn 0.314961 0.92126 -0.212598 
vn 0.740157 0.456693 -0.496063 
vn 0.0629921 0.992126 -0.0866142 
vn 0.110236 0.992126 0.023622 
vn 0.0866142 0.992126 -0.0629921 
vn 0.976378 0.023622 -0.228346 
vn 0.976378 0.023622 -0.228346 
vn 0.976378 0.023622 -0.228346 
vn 0.976378 0.023622 -0.228346 
vn 0.976378 0.023622 -0.228346 
vn 0.96063 0.0944882 -0.267717 
vn 0.984252 -0.00787402 -0.188976 
vn 0.858268 0.0314961 -0.511811 
vn 0.858268 0.0314961 -0.511811 
vn 0.984252 -0.00787402 -0.188976 
vn 0.858268 0.0314961 -0.511811 
vn 0.984252 -0.00787402 -0.188976 
vn 0.559055 0.0393701 -0.826772 
vn 0.559055 0.0393701 -0.826772 
vn 0.858268 0.0314961 -0.511811 
vn 0.559055 0.0393701 -0.826772 
vn 0.858268 0.0314961 -0.511811 
vn 0.858268 0.0314961 -0.511811 
vn 0.133858 0.897638 -0.417323 
vn 0.488189 0.456693 -0.748031 
vn 0.559055 0.0393701 -0.826772 
vn 0.133858 0.897638 -0.417323 
vn 0.559055 0.0393701 -0.826772 
vn 0.559055 0.0393701 -0.826772 
vn 0.826772 0 0.559055 
vn 0.826772 0 0.559055 
vn 0.826772 0 0.559055 
vn 0.826772 0 0.559055 
vn 0.826772 0 0.559055 
vn 0.826772 0 0.559055 
vn 0.19685 0 0.984252 
vn 0.559055 0 0.826772 
vn 0.826772 0 0.559055 
vn 0.19685 0 0.984252 
vn 0.826772 0 0.559055 
vn 0.826772 0 0.559055 
vn 0.19685 0 0.984252 
vn 0.19685 0 0.984252 
vn 0.559055 0 0.826772 
vn 0.19685 0 0.984252 
vn 0.559055 0 0.826772 
vn 0.19685 0 0.984252 
vn 0.984252 -0.0314961 -0.181102 
vn 0.984252 -0.00787402 -0.188976 
vn 0.976378 0.023622 0.220472 
vn 0.984252 -0.0314961 -0.181102 
vn 0.976378 0.023622 0.220472 
vn 0.976378 0.023622 -0.204724 
vn 0.826772 0 0.559055 
vn 0.826772 0 0.559055 
vn 0.826772 0 0.559055 
vn 0.826772 0 0.559055 
vn 0.826772 0 0.559055 
vn 0.826772 0 0.559055 
vn 0.559055 0 0.826772 
vn 0.559055 0 0.826772 
vn 0.826772 0 0.559055 
vn 0.559055 0 0.826772 
vn 0.826772 0 0.559055 
vn 0.826772 0 0.559055 
vn 0.19685 0 0.984252 
vn 0.204724 0.015748 0.976378 
vn 0.559055 0 0.826772 
vn 0.19685 0 0.984252 
vn 0.559055 0 0.826772 
vn 0.559055 0 0.826772 
vn 0.976378 0.023622 -0.228346 
vn 0.984252 -0.0314961 -0.181102 
vn 0.976378 0.023622 -0.204724 
vn 0.976378 0.023622 -0.228346 
vn 0.976378 0.023622 -0.204724 
vn 0.976378 0.023622 -0.228346 
vn 0.110236 0.992126 0.023622 
vn -0.110236 0.992126 0.023622 
vn -0.110236 0.992126 0.023622 
vn 0.110236 0.992126 0.023622 
vn -0.0866142 0.992126 0.0629921 
vn -0.0866142 0.992126 0.0629921 
vn 0.110236 0.992126 0.023622 
vn -0.0866142 0.992126 0.0629921 
vn -0.0629921 0.992126 0.0866142 
vn 0.110236 0.992126 0.023622 
vn -0.0629921 0.992126 0.0866142 
vn 0.023622 0.992126 0.110236 
vn 0.110236 0.992126 0.023622 
vn 0.023622 0.992126 -0.102362 
vn -0.023622 0.992126 -0.102362 
vn -0.023622 0.992126 -0.102362 
vn -0.0629921 0.992126 -0.0866142 
vn 0.110236 0.992126 0.023622 
vn 0.110236 0.992126 0.023622 
vn -0.0866142 0.992126 -0.0629921 
vn -0.0866142 0.992126 -0.0629921 
vn 0.110236 0.992126 0.023622 
vn -0.0866142 0.992126 -0.0629921 
vn -0.110236 0.992126 0.023622 
vn -0.110236 0.992126 0.023622 
vn -0.110236 0.992126 0.023622 
vn -0.370079 0.92126 0.0708661 
vn -0.110236 0.992126 0.023622 
vn -0.370079 0.92126 0.0708661 
vn -0.370079 0.92126 0.0708661 
vn -0.0866142 0.992126 0.0629921 
vn -0.0866142 0.992126 0.0629921 
vn -0.314961 0.929134 0.212598 
vn -0.0866142 0.992126 0.0629921 
vn -0.314961 0.929134 0.212598 
vn -0.314961 0.929134 0.212598 
vn -0.0629921 0.992126 0.0866142 
vn -0.0866142 0.992126 0.0629921 
vn -0.314961 0.929134 0.212598 
vn -0.0629921 0.992126 0.0866142 
vn -0.314961 0.929134 0.212598 
vn -0.212598 0.929134 0.314961 
vn 0.023622 0.992126 0.110236 
vn -0.0629921 0.992126 0.0866142 
vn -0.212598 0.929134 0.314961 
vn 0.023622 0.992126 0.110236 
vn -0.212598 0.929134 0.314961 
vn 0.0708661 0.929134 0.370079 
vn -0.023622 0.992126 -0.102362 
vn 0.023622 0.992126 -0.102362 
vn 0.133858 0.897638 -0.417323 
vn -0.023622 0.992126 -0.102362 
vn 0.133858 0.897638 -0.417323 
vn -0.0708661 0.92126 -0.377953 
vn -0.023622 0.992126 -0.102362 
vn -0.0708661 0.92126 -0.377953 
vn -0.212598 0.92126 -0.314961 
vn -0.023622 0.992126 -0.102362 
vn -0.212598 0.92126 -0.314961 
vn -0.0629921 0.992126 -0.0866142 
vn -0.0866142 0.992126 -0.0629921 
vn -0.0866142 0.992126 -0.0629921 
vn -0.314961 0.92126 -0.212598 
vn -0.0866142 0.992126 -0.0629921 
vn -0.314961 0.92126 -0.212598 
vn -0.314961 0.92126 -0.212598 
vn -0.110236 0.992126 0.023622 
vn -0.0866142 0.992126 -0.0629921 
vn -0.314961 0.92126 -0.212598 
vn -0.110236 0.992126 0.023622 
vn -0.314961 0.92126 -0.212598 
vn -0.370079 0.92126 0.0708661 
vn -0.370079 0.92126 0.0708661 
vn -0.370079 0.92126 0.0708661 
vn -0.874016 0.456693 0.173228 
vn -0.370079 0.92126 0.0708661 
vn -0.874016 0.456693 0.173228 
vn -0.874016 0.456693 0.173228 
vn -0.314961 0.929134 0.212598 
vn -0.314961 0.929134 0.212598 
vn -0.740157 0.456693 0.496063 
vn -0.314961 0.929134 0.212598 
vn -0.740157 0.456693 0.496063 
vn -0.740157 0.456693 0.496063 
vn -0.212598 0.929134 0.314961 
vn -0.314961 0.929134 0.212598 
vn -0.740157 0.456693 0.496063 
vn -0.212598 0.929134 0.314961 
vn -0.740157 0.456693 0.496063 
vn -0.496063 0.456693 0.740157 
vn 0.0708661 0.929134 0.370079 
vn -0.212598 0.929134 0.314961 
vn -0.15748 0.574803 0.80315 
vn 0.0708661 0.929134 0.370079 
vn -0.15748 0.574803 0.80315 
vn -0.15748 0.574803 0.80315 
vn -0.0708661 0.92126 -0.377953 
vn -0.496063 0.456693 -0.740157 
vn -0.212598 0.92126 -0.314961 
vn -0.314961 0.92126 -0.212598 
vn -0.314961 0.92126 -0.212598 
vn -0.740157 0.456693 -0.496063 
vn -0.314961 0.92126 -0.212598 
vn -0.740157 0.456693 -0.496063 
vn -0.740157 0.456693 -0.496063 
vn -0.370079 0.92126 0.0708661 
vn -0.314961 0.92126 -0.212598 
vn -0.740157 0.456693 -0.496063 
vn -0.370079 0.92126 0.0708661 
vn -0.740157 0.456693 -0.496063 
vn -0.874016 0.456693 0.173228 
vn -0.976378 0.015748 0.204724 
vn -0.976378 0.015748 0.204724 
vn -0.976378 0.015748 0.204724 
vn -0.976378 0.015748 0.204724 
vn -0.976378 0.015748 0.204724 
vn -0.976378 0.023622 0.220472 
vn -0.826772 0 0.559055 
vn -0.826772 0 0.559055 
vn -0.826772 0 0.559055 
vn -0.826772 0 0.559055 
vn -0.826772 0 0.559055 
vn -0.826772 0 0.559055 
vn -0.559055 0 0.834646 
vn -0.826772 0 0.559055 
vn -0.826772 0 0.559055 
vn -0.559055 0 0.834646 
vn -0.826772 0 0.559055 
vn -0.559055 0 0.834646 
vn -0.19685 0.0314961 0.984252 
vn -0.19685 0.0314961 0.984252 
vn -0.19685 0.0314961 0.984252 
vn -0.19685 0.0314961 0.984252 
vn -0.19685 0.0314961 0.984252 
vn -0.19685 0.0314961 0.984252 
vn -0.984252 -0.015748 -0.181102 
vn -0.976378 0.023622 0.220472 
vn -0.976378 0.015748 0.204724 
vn -0.984252 -0.015748 -0.181102 
vn -0.976378 0.015748 0.204724 
vn -0.984252 -0.00787402 -0.188976 
vn -0.212598 0.92126 -0.314961 
vn -0.314961 0.92126 -0.212598 
vn -0.0866142 0.992126 -0.0629921 
vn -0.212598 0.92126 -0.314961 
vn -0.0866142 0.992126 -0.0629921 
vn -0.0629921 0.992126 -0.0866142 
vn -0.496063 0.456693 -0.740157 
vn -0.740157 0.456693 -0.496063 
vn -0.314961 0.92126 -0.212598 
vn -0.496063 0.456693 -0.740157 
vn -0.314961 0.92126 -0.212598 
vn -0.212598 0.92126 -0.314961 
vn -0.0629921 0.992126 -0.0866142 
vn -0.0866142 0.992126 -0.0629921 
vn 0.110236 0.992126 0.023622 
vn -0.96063 0.0944882 -0.267717 
vn -0.96063 0.0944882 -0.267717 
vn -0.96063 0.0944882 -0.267717 
vn -0.96063 0.0944882 -0.267717 
vn -0.96063 0.0944882 -0.267717 
vn -0.976378 0.023622 -0.228346 
vn -0.984252 -0.015748 -0.181102 
vn -0.984252 -0.00787402 -0.188976 
vn -0.834646 -0.00787402 -0.551181 
vn -0.984252 -0.015748 -0.181102 
vn -0.834646 -0.00787402 -0.551181 
vn -0.858268 0.0314961 -0.511811 
vn -0.559055 0.015748 -0.826772 
vn -0.858268 0.0314961 -0.511811 
vn -0.834646 -0.00787402 -0.551181 
vn -0.559055 0.015748 -0.826772 
vn -0.834646 -0.00787402 -0.551181 
vn -0.559055 0.0393701 -0.826772 
vn -0.0708661 0.92126 -0.377953 
vn -0.559055 0.015748 -0.826772 
vn -0.559055 0.0393701 -0.826772 
vn -0.0708661 0.92126 -0.377953 
vn -0.559055 0.0393701 -0.826772 
vn -0.496063 0.456693 -0.740157 
vn -0.826772 0 0.559055 
vn -0.826772 0 0.559055 
vn -0.858268 -0.19685 0.480315 
vn -0.826772 0 0.559055 
vn -0.858268 -0.19685 0.480315 
vn -0.858268 0 0.511811 
vn -0.559055 0 0.834646 
vn -0.826772 0 0.559055 
vn -0.858268 0 0.511811 
vn -0.559055 0 0.834646 
vn -0.858268 0 0.511811 
vn -0.559055 0 0.826772 
vn -0.19685 0.0314961 0.984252 
vn -0.19685 0.0314961 0.984252 
vn -0.19685 0.0787402 0.976378 
vn -0.19685 0.0314961 0.984252 
vn -0.19685 0.0787402 0.976378 
vn -0.204724 0.0944882 0.976378 
vn -0.976378 0.023622 -0.204724 
vn -0.976378 0.023622 -0.204724 
vn -0.976378 0.023622 0.220472 
vn -0.976378 0.023622 -0.204724 
vn -0.976378 0.023622 0.220472 
vn -0.984252 -0.015748 -0.181102 
vn -0.858268 0 0.511811 
vn -0.858268 -0.19685 0.480315 
vn -0.818898 0.110236 0.559055 
vn -0.858268 0 0.511811 
vn -0.818898 0.110236 0.559055 
vn -0.826772 0 0.559055 
vn -0.559055 0 0.826772 
vn -0.858268 0 0.511811 
vn -0.826772 0 0.559055 
vn -0.559055 0 0.826772 
vn -0.826772 0 0.559055 
vn -0.559055 0 0.826772 
vn 0.19685 0 0.984252 
vn -0.559055 0 0.826772 
vn -0.559055 0 0.826772 
vn 0.19685 0 0.984252 
vn -0.559055 0 0.826772 
vn 0.204724 0.015748 0.976378 
vn -0.976378 0.023622 -0.228346 
vn -0.96063 0.0944882 -0.267717 
vn -0.976378 0.023622 -0.204724 
vn -0.976378 0.023622 -0.228346 
vn -0.976378 0.023622 -0.204724 
vn -0.976378 0.023622 -0.204724 
vn 0.96063 0.0944882 -0.267717 
vn 0.976378 0.023622 -0.228346 
vn 0 -0.322835 0.944882 
vn 0.96063 0.0944882 -0.267717 
vn 0 -0.322835 0.944882 
vn 0 -0.322835 0.944882 
vn 0.826772 0 0.559055 
vn 0.826772 0 0.559055 
vn 0.425197 -0.472441 -0.771654 
vn 0.826772 0 0.559055 
vn 0.425197 -0.472441 -0.771654 
vn 0.425197 -0.472441 -0.771654 
vn 0.826772 0 0.559055 
vn 0.826772 0 0.559055 
vn 0.267717 -0.858268 -0.448819 
vn 0.826772 0 0.559055 
vn 0.267717 -0.858268 -0.448819 
vn 0.425197 -0.472441 -0.771654 
vn 0.826772 0 0.559055 
vn 0.559055 0 0.826772 
vn 0.11811 -0.944882 -0.314961 
vn 0.826772 0 0.559055 
vn 0.11811 -0.944882 -0.314961 
vn 0.267717 -0.858268 -0.448819 
vn -0.23622 -0.937008 -0.251969 
vn 0.204724 0.015748 0.976378 
vn -0.23622 -0.937008 -0.251969 
vn -0.23622 -0.937008 -0.251969 
vn -0.23622 -0.937008 -0.251969 
vn -0.251969 -0.952756 -0.165354 
vn 0.984252 -0.0314961 -0.181102 
vn 0.976378 0.023622 -0.228346 
vn -0.354331 -0.0944882 -0.929134 
vn 0.984252 -0.0314961 -0.181102 
vn -0.354331 -0.0944882 -0.929134 
vn -0.354331 -0.0944882 -0.929134 
vn 0.976378 0.023622 -0.228346 
vn 0.976378 0.023622 -0.228346 
vn -0.362205 0.125984 -0.92126 
vn 0.976378 0.023622 -0.228346 
vn -0.362205 0.125984 -0.92126 
vn -0.354331 -0.0944882 -0.929134 
vn 0.976378 0.023622 -0.228346 
vn 0.96063 0.0944882 -0.267717 
vn 0 -0.322835 0.944882 
vn 0.976378 0.023622 -0.228346 
vn 0 -0.322835 0.944882 
vn -0.362205 0.125984 -0.92126 
vn 0.858268 0.0314961 -0.511811 
vn 0.984252 -0.00787402 -0.188976 
vn -0.0787402 -0.661417 -0.748031 
vn 0.858268 0.0314961 -0.511811 
vn -0.0787402 -0.661417 -0.748031 
vn -0.0787402 -0.661417 -0.748031 
vn 0.559055 0.0393701 -0.826772 
vn 0.858268 0.0314961 -0.511811 
vn -0.0787402 -0.661417 -0.748031 
vn 0.559055 0.0393701 -0.826772 
vn -0.0787402 -0.661417 -0.748031 
vn 0.0314961 -0.708661 -0.700787 
vn 0.133858 0.897638 -0.417323 
vn 0.559055 0.0393701 -0.826772 
vn 0.0314961 -0.708661 -0.700787 
vn 0.133858 0.897638 -0.417323 
vn 0.0314961 -0.708661 -0.700787 
vn -0.133858 -0.535433 -0.834646 
vn 0.976378 0.023622 -0.204724 
vn 0.976378 0.023622 0.220472 
vn -0.015748 -0.110236 0.992126 
vn 0.976378 0.023622 -0.204724 
vn -0.015748 -0.110236 0.992126 
vn -0.015748 -0.110236 0.992126 
vn 0.976378 0.023622 0.220472 
vn 0.976378 0.023622 0.220472 
vn 0.220472 -0.913386 0.346457 
vn 0.976378 0.023622 0.220472 
vn 0.220472 -0.913386 0.346457 
vn -0.015748 -0.110236 0.992126 
vn 0.826772 0 0.559055 
vn 0.826772 0 0.559055 
vn 0.425197 -0.472441 -0.771654 
vn 0.826772 0 0.559055 
vn 0.425197 -0.472441 -0.771654 
vn 0.425197 -0.15748 -0.889764 
vn 0.984252 -0.00787402 -0.188976 
vn 0.984252 -0.0314961 -0.181102 
vn -0.354331 -0.0944882 -0.929134 
vn 0.984252 -0.00787402 -0.188976 
vn -0.354331 -0.0944882 -0.929134 
vn -0.0787402 -0.661417 -0.748031 
vn 0.976378 0.023622 -0.228346 
vn 0.976378 0.023622 -0.204724 
vn -0.015748 -0.110236 0.992126 
vn 0.976378 0.023622 -0.228346 
vn -0.015748 -0.110236 0.992126 
vn 0 -0.322835 0.944882 
vn -0.96063 0.0944882 -0.267717 
vn -0.96063 0.0944882 -0.267717 
vn 0 -0.322835 0.944882 
vn -0.96063 0.0944882 -0.267717 
vn 0 -0.322835 0.944882 
vn 0 -0.322835 0.944882 
vn -0.818898 0.110236 0.559055 
vn -0.858268 -0.19685 0.480315 
vn -0.417323 -0.11811 -0.897638 
vn -0.818898 0.110236 0.559055 
vn -0.417323 -0.11811 -0.897638 
vn -0.464567 -0.0551181 -0.88189 
vn -0.826772 0 0.559055 
vn -0.19685 -0.929134 -0.322835 
vn -0.19685 -0.929134 -0.322835 
vn -0.826772 0 0.559055 
vn -0.19685 -0.929134 -0.322835 
vn -0.133858 -0.937008 -0.330709 
vn -0.559055 0 0.826772 
vn -0.826772 0 0.559055 
vn -0.133858 -0.937008 -0.330709 
vn -0.559055 0 0.826772 
vn -0.133858 -0.937008 -0.330709 
vn -0.11811 -0.944882 -0.314961 
vn 0.204724 0.015748 0.976378 
vn -0.559055 0 0.826772 
vn -0.11811 -0.944882 -0.314961 
vn 0.204724 0.015748 0.976378 
vn -0.11811 -0.944882 -0.314961 
vn -0.23622 -0.937008 -0.251969 
vn -0.976378 0.023622 -0.228346 
vn -0.976378 0.023622 -0.204724 
vn 0.354331 -0.0944882 -0.929134 
vn -0.976378 0.023622 -0.228346 
vn 0.354331 -0.0944882 -0.929134 
vn 0.354331 -0.0944882 -0.929134 
vn -0.96063 0.0944882 -0.267717 
vn -0.976378 0.023622 -0.228346 
vn 0.354331 -0.0944882 -0.929134 
vn -0.96063 0.0944882 -0.267717 
vn 0.354331 -0.0944882 -0.929134 
vn 0.362205 0.125984 -0.92126 
vn -0.96063 0.0944882 -0.267717 
vn -0.96063 0.0944882 -0.267717 
vn 0.362205 0.125984 -0.92126 
vn -0.96063 0.0944882 -0.267717 
vn 0.362205 0.125984 -0.92126 
vn 0 -0.322835 0.944882 
vn -0.984252 -0.015748 -0.181102 
vn -0.858268 0.0314961 -0.511811 
vn 0.0787402 -0.661417 -0.748031 
vn -0.984252 -0.015748 -0.181102 
vn 0.0787402 -0.661417 -0.748031 
vn 0.0787402 -0.661417 -0.748031 
vn -0.858268 0.0314961 -0.511811 
vn -0.559055 0.015748 -0.826772 
vn -0.0314961 -0.708661 -0.700787 
vn -0.858268 0.0314961 -0.511811 
vn -0.0314961 -0.708661 -0.700787 
vn 0.0787402 -0.661417 -0.748031 
vn -0.559055 0.015748 -0.826772 
vn -0.0708661 0.92126 -0.377953 
vn 0.0314961 -0.259843 -0.968504 
vn -0.559055 0.015748 -0.826772 
vn 0.0314961 -0.259843 -0.968504 
vn -0.0314961 -0.708661 -0.700787 
vn -0.976378 0.023622 0.220472 
vn -0.976378 0.023622 -0.204724 
vn 0.015748 -0.110236 0.992126 
vn -0.976378 0.023622 0.220472 
vn 0.015748 -0.110236 0.992126 
vn 0.015748 -0.110236 0.992126 
vn -0.976378 0.015748 0.204724 
vn -0.976378 0.023622 0.220472 
vn 0.015748 -0.110236 0.992126 
vn -0.976378 0.015748 0.204724 
vn 0.015748 -0.110236 0.992126 
vn -0.204724 -0.889764 0.401575 
vn -0.858268 -0.19685 0.480315 
vn -0.826772 0 0.559055 
vn -0.464567 -0.559055 -0.685039 
vn -0.858268 -0.19685 0.480315 
vn -0.464567 -0.559055 -0.685039 
vn -0.417323 -0.11811 -0.897638 
vn -0.976378 0.023622 -0.204724 
vn -0.984252 -0.015748 -0.181102 
vn 0.0787402 -0.661417 -0.748031 
vn -0.976378 0.023622 -0.204724 
vn 0.0787402 -0.661417 -0.748031 
vn 0.354331 -0.0944882 -0.929134 
vn -0.976378 0.023622 -0.204724 
vn -0.96063 0.0944882 -0.267717 
vn 0 -0.322835 0.944882 
vn -0.976378 0.023622 -0.204724 
vn 0 -0.322835 0.944882 
vn 0.015748 -0.110236 0.992126 
vn -0.826772 0 0.559055 
vn -0.976378 0.015748 0.204724 
vn -0.204724 -0.889764 0.401575 
vn -0.826772 0 0.559055 
vn -0.204724 -0.889764 0.401575 
vn -0.464567 -0.559055 -0.685039 
vn -0.826772 0 0.559055 
vn -0.826772 0 0.559055 
vn -0.976378 0.015748 0.204724 
vn -0.826772 0 0.559055 
vn -0.976378 0.015748 0.204724 
vn -0.976378 0.015748 0.204724 
vn -0.314961 0.929134 0.212598 
vn -0.370079 0.92126 0.0708661 
vn -0.874016 0.456693 0.173228 
vn -0.314961 0.929134 0.212598 
vn -0.874016 0.456693 0.173228 
vn -0.740157 0.456693 0.496063 
vn -0.0866142 0.992126 0.0629921 
vn -0.110236 0.992126 0.023622 
vn -0.370079 0.92126 0.0708661 
vn -0.0866142 0.992126 0.0629921 
vn -0.370079 0.92126 0.0708661 
vn -0.314961 0.929134 0.212598 
vn 0.110236 0.992126 0.023622 
vn 0.314961 0.929134 0.212598 
vn 0.370079 0.92126 0.0708661 
vn 0.110236 0.992126 0.023622 
vn 0.370079 0.92126 0.0708661 
vn 0.110236 0.992126 0.023622 
vn 0.314961 0.929134 0.212598 
vn 0.740157 0.456693 0.496063 
vn 0.874016 0.456693 0.173228 
vn 0.314961 0.929134 0.212598 
vn 0.874016 0.456693 0.173228 
vn 0.370079 0.92126 0.0708661 
vn 0.826772 0 0.559055 
vn 0.976378 0.023622 0.220472 
vn 0.976378 0.015748 0.204724 
vn 0.826772 0 0.559055 
vn 0.976378 0.015748 0.204724 
vn 0.826772 0 0.559055 
vn 0.220472 -0.913386 0.346457 
vn 0.976378 0.023622 0.220472 
vn 0.826772 0 0.559055 
vn 0.220472 -0.913386 0.346457 
vn 0.826772 0 0.559055 
vn 0.425197 -0.15748 -0.889764 
vn 0.110236 0.992126 0.023622 
vn 0.110236 0.992126 0.023622 
vn 0.110236 0.992126 -0.023622 
vn 0.110236 0.992126 0.023622 
vn -0.110236 0.992126 0.023622 
vn -0.0866142 0.992126 0.0629921 
vn 0.133858 0.897638 -0.417323 
vn 0.133858 0.897638 -0.417323 
vn -0.133858 -0.535433 -0.834646 
vn 0.133858 0.897638 -0.417323 
vn -0.133858 -0.535433 -0.834646 
vn 0.173228 -0.472441 -0.866142 
vn -0.0708661 0.92126 -0.377953 
vn 0.133858 0.897638 -0.417323 
vn 0.173228 -0.472441 -0.866142 
vn -0.0708661 0.92126 -0.377953 
vn 0.173228 -0.472441 -0.866142 
vn 0.0314961 -0.259843 -0.968504 
vn -0.212598 0.929134 0.314961 
vn -0.496063 0.456693 0.740157 
vn -0.15748 0.574803 0.80315 
vn 0.173228 0.456693 0.874016 
vn 0.0708661 0.929134 0.370079 
vn -0.15748 0.574803 0.80315 
vn -0.559055 0 0.834646 
vn -0.559055 0 0.834646 
vn -0.19685 0.0314961 0.984252 
vn -0.559055 0 0.834646 
vn -0.19685 0.0314961 0.984252 
vn -0.19685 0.0314961 0.984252 
vn 0.19685 0 0.984252 
vn 0.19685 0 0.984252 
vn -0.19685 0.0314961 0.984252 
vn 0.19685 0 0.984252 
vn -0.19685 0.0314961 0.984252 
vn -0.19685 0.0314961 0.984252 
vn -0.559055 0 0.834646 
vn -0.559055 0 0.826772 
vn -0.19685 0.0787402 0.976378 
vn -0.559055 0 0.834646 
vn -0.19685 0.0787402 0.976378 
vn -0.19685 0.0314961 0.984252 
vn -0.559055 0 0.826772 
vn 0.19685 0 0.984252 
vn -0.204724 0.0944882 0.976378 
vn -0.559055 0 0.826772 
vn -0.204724 0.0944882 0.976378 
vn -0.19685 0.0787402 0.976378 
vn 0.19685 0 0.984252 
vn 0.19685 0 0.984252 
vn -0.19685 0.0314961 0.984252 
vn 0.19685 0 0.984252 
vn -0.19685 0.0314961 0.984252 
vn -0.204724 0.0944882 0.976378 
vn 0.496063 0.456693 0.740157 
vn 0.19685 0 0.984252 
vn 0.551181 0.110236 0.826772 
vn 0.19685 0 0.984252 
vn 0.826772 0 0.559055 
vn 0.15748 -0.984252 -0.102362 
vn 0.19685 0 0.984252 
vn 0.15748 -0.984252 -0.102362 
vn 0.15748 -0.984252 -0.102362 
vn 0.551181 0.110236 0.826772 
vn 0.826772 0 0.559055 
vn 0.740157 0.456693 0.496063 
vn 0.173228 0.456693 0.874016 
vn 0.19685 0 0.984252 
vn 0.19685 0 0.984252 
vn 0.173228 0.456693 0.874016 
vn 0.19685 0 0.984252 
vn 0.496063 0.456693 0.740157 
vn -0.19685 0.0314961 0.984252 
vn 0.19685 0 0.984252 
vn 0.173228 0.456693 0.874016 
vn -0.19685 0.0314961 0.984252 
vn 0.173228 0.456693 0.874016 
vn -0.15748 0.574803 0.80315 
vn -0.15748 0.574803 0.80315 
vn -0.15748 0.574803 0.80315 
vn -0.19685 0.0314961 0.984252 
vn -0.15748 0.574803 0.80315 
vn -0.19685 0.0314961 0.984252 
vn -0.19685 0.0314961 0.984252 
vn -0.496063 0.456693 0.740157 
vn -0.559055 0 0.834646 
vn -0.19685 0.0314961 0.984252 
vn -0.496063 0.456693 0.740157 
vn -0.19685 0.0314961 0.984252 
vn -0.15748 0.574803 0.80315 
vn -0.496063 0.456693 0.740157 
vn -0.740157 0.456693 0.496063 
vn -0.826772 0 0.559055 
vn -0.496063 0.456693 0.740157 
vn -0.826772 0 0.559055 
vn -0.559055 0 0.834646 
vn -0.740157 0.456693 0.496063 
vn -0.740157 0.456693 0.496063 
vn -0.826772 0 0.559055 
vn -0.740157 0.456693 0.496063 
vn -0.826772 0 0.559055 
vn -0.826772 0 0.559055 
vn -0.976378 0.015748 0.204724 
vn -0.826772 0 0.559055 
vn -0.740157 0.456693 0.496063 
vn -0.976378 0.015748 0.204724 
vn -0.740157 0.456693 0.496063 
vn -0.874016 0.456693 0.173228 
vn -0.976378 0.015748 0.204724 
vn -0.976378 0.015748 0.204724 
vn -0.874016 0.456693 0.173228 
vn -0.976378 0.015748 0.204724 
vn -0.874016 0.456693 0.173228 
vn -0.874016 0.456693 0.173228 
vn -0.984252 -0.00787402 -0.188976 
vn -0.976378 0.015748 0.204724 
vn -0.874016 0.456693 0.173228 
vn -0.984252 -0.00787402 -0.188976 
vn -0.874016 0.456693 0.173228 
vn -0.740157 0.456693 -0.496063 
vn -0.834646 -0.00787402 -0.551181 
vn -0.984252 -0.00787402 -0.188976 
vn -0.740157 0.456693 -0.496063 
vn -0.834646 -0.00787402 -0.551181 
vn -0.740157 0.456693 -0.496063 
vn -0.740157 0.456693 -0.496063 
vn -0.559055 0.0393701 -0.826772 
vn -0.834646 -0.00787402 -0.551181 
vn -0.740157 0.456693 -0.496063 
vn -0.559055 0.0393701 -0.826772 
vn -0.740157 0.456693 -0.496063 
vn -0.496063 0.456693 -0.740157 
vn 0.559055 0.0393701 -0.826772 
vn 0.488189 0.456693 -0.748031 
vn 0.740157 0.456693 -0.496063 
vn 0.559055 0.0393701 -0.826772 
vn 0.740157 0.456693 -0.496063 
vn 0.858268 0.0314961 -0.511811 
vn 0.984252 -0.00787402 -0.188976 
vn 0.858268 0.0314961 -0.511811 
vn 0.740157 0.456693 -0.496063 
vn 0.984252 -0.00787402 -0.188976 
vn 0.740157 0.456693 -0.496063 
vn 0.740157 0.456693 -0.496063 
vn 0.976378 0.023622 0.220472 
vn 0.984252 -0.00787402 -0.188976 
vn 0.740157 0.456693 -0.496063 
vn 0.976378 0.023622 0.220472 
vn 0.740157 0.456693 -0.496063 
vn 0.874016 0.456693 0.173228 
vn 0.976378 0.015748 0.204724 
vn 0.976378 0.023622 0.220472 
vn 0.874016 0.456693 0.173228 
vn 0.976378 0.015748 0.204724 
vn 0.874016 0.456693 0.173228 
vn 0.874016 0.456693 0.173228 
vn 0.826772 0 0.559055 
vn 0.976378 0.015748 0.204724 
vn 0.874016 0.456693 0.173228 
vn 0.826772 0 0.559055 
vn 0.874016 0.456693 0.173228 
vn 0.740157 0.456693 0.496063 
vn 0.740157 0.456693 0.496063 
vn 0.826772 0 0.559055 
vn 0.826772 0 0.559055 
vn 0.740157 0.456693 0.496063 
vn 0.826772 0 0.559055 
vn 0.740157 0.456693 0.496063 
vn 0.551181 0.110236 0.826772 
vn 0.19685 0 0.984252 
vn 0.19685 0 0.984252 
vn 0.551181 0.110236 0.826772 
vn 0.19685 0 0.984252 
vn 0.15748 -0.984252 -0.102362 
vn 0.551181 0.110236 0.826772 
vn 0.551181 0.110236 0.826772 
vn 0.15748 -0.984252 -0.102362 
vn 0.551181 0.110236 0.826772 
vn 0.15748 -0.984252 -0.102362 
vn 0.15748 -0.984252 -0.102362 
vn 0.826772 0 0.559055 
vn 0.826772 0 0.559055 
vn 0.551181 0.110236 0.826772 
vn 0.826772 0 0.559055 
vn 0.551181 0.110236 0.826772 
vn 0.15748 -0.984252 -0.102362 
vn 0.559055 0 0.826772 
vn 0.204724 0.015748 0.976378 
vn -0.23622 -0.937008 -0.251969 
vn -0.23622 -0.937008 -0.251969 
vn 0.11811 -0.944882 -0.314961 
vn -0.251969 -0.952756 -0.165354 
vn 0.11811 -0.944882 -0.314961 
vn 0.559055 0 0.826772 
vn -0.23622 -0.937008 -0.251969 
vn 0.11811 -0.944882 -0.314961 
vn -0.23622 -0.937008 -0.251969 
vn -0.251969 -0.952756 -0.165354 
vn -0.826772 0 0.559055 
vn -0.818898 0.110236 0.559055 
vn -0.19685 -0.929134 -0.322835 
vn -0.818898 0.110236 0.559055 
vn -0.464567 -0.0551181 -0.88189 
vn -0.19685 -0.929134 -0.322835 
vn -0.818898 0.110236 0.559055 
vn -0.19685 -0.929134 -0.322835 
vn -0.19685 -0.929134 -0.322835 
vn -0.464567 -0.0551181 -0.88189 
vn -0.133858 -0.937008 -0.330709 
vn -0.19685 -0.929134 -0.322835 
vn 0 -0.322835 0.944882 
vn 0 -0.322835 0.944882 
vn -0.244094 -0.314961 0.92126 
vn 0 -0.322835 0.944882 
vn -0.244094 -0.314961 0.92126 
vn -0.244094 -0.314961 0.92126 
vn 0.425197 -0.472441 -0.771654 
vn 0.425197 -0.472441 -0.771654 
vn -0.393701 -0.275591 -0.88189 
vn 0.425197 -0.472441 -0.771654 
vn -0.393701 -0.275591 -0.88189 
vn -0.393701 -0.275591 -0.88189 
vn 0.425197 -0.472441 -0.771654 
vn 0.267717 -0.858268 -0.448819 
vn -0.622047 -0.370079 -0.692913 
vn 0.425197 -0.472441 -0.771654 
vn -0.622047 -0.370079 -0.692913 
vn -0.393701 -0.275591 -0.88189 
vn 0.267717 -0.858268 -0.448819 
vn 0.11811 -0.944882 -0.314961 
vn -0.440945 -0.330709 -0.834646 
vn 0.267717 -0.858268 -0.448819 
vn -0.440945 -0.330709 -0.834646 
vn -0.622047 -0.370079 -0.692913 
vn 0.11811 -0.944882 -0.314961 
vn -0.23622 -0.937008 -0.251969 
vn -0.181102 -0.314961 -0.929134 
vn 0.11811 -0.944882 -0.314961 
vn -0.181102 -0.314961 -0.929134 
vn -0.440945 -0.330709 -0.834646 
vn -0.354331 -0.0944882 -0.929134 
vn -0.354331 -0.0944882 -0.929134 
vn -0.677165 -0.0708661 -0.732283 
vn -0.354331 -0.0944882 -0.929134 
vn -0.677165 -0.0708661 -0.732283 
vn -0.677165 -0.0708661 -0.732283 
vn -0.354331 -0.0944882 -0.929134 
vn -0.362205 0.125984 -0.92126 
vn -0.425197 0.125984 -0.897638 
vn -0.354331 -0.0944882 -0.929134 
vn -0.425197 0.125984 -0.897638 
vn -0.677165 -0.0708661 -0.732283 
vn -0.362205 0.125984 -0.92126 
vn 0 -0.322835 0.944882 
vn -0.244094 -0.314961 0.92126 
vn -0.362205 0.125984 -0.92126 
vn -0.244094 -0.314961 0.92126 
vn -0.425197 0.125984 -0.897638 
vn -0.0787402 -0.661417 -0.748031 
vn -0.0787402 -0.661417 -0.748031 
vn -0.850394 -0.511811 -0.0787402 
vn -0.0787402 -0.661417 -0.748031 
vn -0.850394 -0.511811 -0.0787402 
vn -0.850394 -0.511811 -0.0787402 
vn 0.0314961 -0.708661 -0.700787 
vn -0.0787402 -0.661417 -0.748031 
vn -0.850394 -0.511811 -0.0787402 
vn 0.0314961 -0.708661 -0.700787 
vn -0.850394 -0.511811 -0.0787402 
vn -0.629921 -0.724409 0.275591 
vn -0.133858 -0.535433 -0.834646 
vn 0.0314961 -0.708661 -0.700787 
vn -0.629921 -0.724409 0.275591 
vn -0.133858 -0.535433 -0.834646 
vn -0.629921 -0.724409 0.275591 
vn -0.80315 -0.590551 0.0787402 
vn -0.015748 -0.110236 0.992126 
vn -0.015748 -0.110236 0.992126 
vn 0.110236 -0.110236 0.984252 
vn -0.015748 -0.110236 0.992126 
vn 0.110236 -0.110236 0.984252 
vn 0.110236 -0.110236 0.984252 
vn -0.015748 -0.110236 0.992126 
vn 0.220472 -0.913386 0.346457 
vn -0.811024 -0.582677 0.0472441 
vn -0.015748 -0.110236 0.992126 
vn -0.811024 -0.582677 0.0472441 
vn 0.110236 -0.110236 0.984252 
vn 0.425197 -0.15748 -0.889764 
vn 0.425197 -0.472441 -0.771654 
vn -0.393701 -0.275591 -0.88189 
vn 0.425197 -0.15748 -0.889764 
vn -0.393701 -0.275591 -0.88189 
vn -0.125984 -0.125984 -0.984252 
vn -0.0787402 -0.661417 -0.748031 
vn -0.354331 -0.0944882 -0.929134 
vn -0.677165 -0.0708661 -0.732283 
vn -0.0787402 -0.661417 -0.748031 
vn -0.677165 -0.0708661 -0.732283 
vn -0.850394 -0.511811 -0.0787402 
vn 0 -0.322835 0.944882 
vn -0.015748 -0.110236 0.992126 
vn 0.110236 -0.110236 0.984252 
vn 0 -0.322835 0.944882 
vn 0.110236 -0.110236 0.984252 
vn -0.244094 -0.314961 0.92126 
vn 0 -0.322835 0.944882 
vn 0 -0.322835 0.944882 
vn 0.244094 -0.314961 0.92126 
vn 0 -0.322835 0.944882 
vn 0.244094 -0.314961 0.92126 
vn 0.244094 -0.314961 0.92126 
vn -0.464567 -0.0551181 -0.88189 
vn -0.417323 -0.11811 -0.897638 
vn 0.0472441 -0.110236 -0.992126 
vn -0.464567 -0.0551181 -0.88189 
vn 0.0472441 -0.110236 -0.992126 
vn 0.0472441 -0.110236 -0.992126 
vn -0.133858 -0.937008 -0.330709 
vn -0.464567 -0.0551181 -0.88189 
vn 0.0472441 -0.110236 -0.992126 
vn -0.133858 -0.937008 -0.330709 
vn 0.0472441 -0.110236 -0.992126 
vn 0.622047 -0.370079 -0.692913 
vn -0.11811 -0.944882 -0.314961 
vn -0.133858 -0.937008 -0.330709 
vn 0.622047 -0.370079 -0.692913 
vn -0.11811 -0.944882 -0.314961 
vn 0.622047 -0.370079 -0.692913 
vn 0.440945 -0.330709 -0.834646 
vn -0.23622 -0.937008 -0.251969 
vn -0.11811 -0.944882 -0.314961 
vn 0.440945 -0.330709 -0.834646 
vn -0.23622 -0.937008 -0.251969 
vn 0.440945 -0.330709 -0.834646 
vn -0.181102 -0.314961 -0.929134 
vn 0.354331 -0.0944882 -0.929134 
vn 0.354331 -0.0944882 -0.929134 
vn 0.677165 -0.0708661 -0.732283 
vn 0.354331 -0.0944882 -0.929134 
vn 0.677165 -0.0708661 -0.732283 
vn 0.677165 -0.0708661 -0.732283 
vn 0.362205 0.125984 -0.92126 
vn 0.354331 -0.0944882 -0.929134 
vn 0.677165 -0.0708661 -0.732283 
vn 0.362205 0.125984 -0.92126 
vn 0.677165 -0.0708661 -0.732283 
vn 0.425197 0.125984 -0.897638 
vn 0 -0.322835 0.944882 
vn 0.362205 0.125984 -0.92126 
vn 0.425197 0.125984 -0.897638 
vn 0 -0.322835 0.944882 
vn 0.425197 0.125984 -0.897638 
vn 0.244094 -0.314961 0.92126 
vn 0.0787402 -0.661417 -0.748031 
vn 0.0787402 -0.661417 -0.748031 
vn 0.850394 -0.511811 -0.0787402 
vn 0.0787402 -0.661417 -0.748031 
vn 0.850394 -0.511811 -0.0787402 
vn 0.850394 -0.511811 -0.0787402 
vn 0.0787402 -0.661417 -0.748031 
vn -0.0314961 -0.708661 -0.700787 
vn 0.629921 -0.724409 0.275591 
vn 0.0787402 -0.661417 -0.748031 
vn 0.629921 -0.724409 0.275591 
vn 0.850394 -0.511811 -0.0787402 
vn -0.0314961 -0.708661 -0.700787 
vn 0.0314961 -0.259843 -0.968504 
vn 0.84252 -0.543307 0.023622 
vn -0.0314961 -0.708661 -0.700787 
vn 0.84252 -0.543307 0.023622 
vn 0.629921 -0.724409 0.275591 
vn 0.015748 -0.110236 0.992126 
vn 0.015748 -0.110236 0.992126 
vn -0.110236 -0.110236 0.984252 
vn 0.015748 -0.110236 0.992126 
vn -0.110236 -0.110236 0.984252 
vn -0.110236 -0.110236 0.984252 
vn -0.204724 -0.889764 0.401575 
vn 0.015748 -0.110236 0.992126 
vn -0.110236 -0.110236 0.984252 
vn -0.204724 -0.889764 0.401575 
vn -0.110236 -0.110236 0.984252 
vn 0.811024 -0.582677 0.0472441 
vn -0.417323 -0.11811 -0.897638 
vn -0.464567 -0.559055 -0.685039 
vn 0.370079 -0.275591 -0.889764 
vn -0.417323 -0.11811 -0.897638 
vn 0.370079 -0.275591 -0.889764 
vn 0.0472441 -0.110236 -0.992126 
vn 0.354331 -0.0944882 -0.929134 
vn 0.0787402 -0.661417 -0.748031 
vn 0.850394 -0.511811 -0.0787402 
vn 0.354331 -0.0944882 -0.929134 
vn 0.850394 -0.511811 -0.0787402 
vn 0.677165 -0.0708661 -0.732283 
vn 0.015748 -0.110236 0.992126 
vn 0 -0.322835 0.944882 
vn 0.244094 -0.314961 0.92126 
vn 0.015748 -0.110236 0.992126 
vn 0.244094 -0.314961 0.92126 
vn -0.110236 -0.110236 0.984252 
vn -0.464567 -0.559055 -0.685039 
vn -0.204724 -0.889764 0.401575 
vn 0.811024 -0.582677 0.0472441 
vn -0.464567 -0.559055 -0.685039 
vn 0.811024 -0.582677 0.0472441 
vn 0.370079 -0.275591 -0.889764 
vn 0.220472 -0.913386 0.346457 
vn 0.425197 -0.15748 -0.889764 
vn -0.125984 -0.125984 -0.984252 
vn 0.220472 -0.913386 0.346457 
vn -0.125984 -0.125984 -0.984252 
vn -0.811024 -0.582677 0.0472441 
vn 0.173228 -0.472441 -0.866142 
vn -0.133858 -0.535433 -0.834646 
vn -0.80315 -0.590551 0.0787402 
vn 0.173228 -0.472441 -0.866142 
vn -0.80315 -0.590551 0.0787402 
vn -0.141732 -0.88189 0.448819 
vn 0.0314961 -0.259843 -0.968504 
vn 0.173228 -0.472441 -0.866142 
vn -0.141732 -0.88189 0.448819 
vn 0.0314961 -0.259843 -0.968504 
vn -0.141732 -0.88189 0.448819 
vn 0.84252 -0.543307 0.023622 
vn -0.850394 -0.511811 -0.0787402 
vn -0.850394 -0.511811 -0.0787402 
vn -0.700787 -0.637795 -0.322835 
vn -0.850394 -0.511811 -0.0787402 
vn -0.700787 -0.637795 -0.322835 
vn 0.629921 0.732283 0.251969 
vn -0.629921 -0.724409 0.275591 
vn -0.850394 -0.511811 -0.0787402 
vn 0.629921 0.732283 0.251969 
vn -0.629921 -0.724409 0.275591 
vn 0.629921 0.732283 0.251969 
vn 0.212598 0.976378 -0.0393701 
vn -0.80315 -0.590551 0.0787402 
vn -0.629921 -0.724409 0.275591 
vn 0.212598 0.976378 -0.0393701 
vn -0.80315 -0.590551 0.0787402 
vn 0.212598 0.976378 -0.0393701 
vn 0.503937 0.84252 0.19685 
vn -0.141732 -0.88189 0.448819 
vn -0.80315 -0.590551 0.0787402 
vn 0.503937 0.84252 0.19685 
vn -0.141732 -0.88189 0.448819 
vn 0.503937 0.84252 0.19685 
vn 0.0314961 1 0.0629921 
vn 0.84252 -0.543307 0.023622 
vn -0.141732 -0.88189 0.448819 
vn 0.0314961 1 0.0629921 
vn 0.84252 -0.543307 0.023622 
vn 0.0314961 1 0.0629921 
vn 0.0314961 1 0.0787402 
vn 0.629921 -0.724409 0.275591 
vn 0.84252 -0.543307 0.023622 
vn 0.0314961 1 0.0787402 
vn 0.629921 -0.724409 0.275591 
vn 0.0314961 1 0.0787402 
vn -0.574803 0.80315 0.165354 
vn 0.850394 -0.511811 -0.0787402 
vn 0.629921 -0.724409 0.275591 
vn -0.574803 0.80315 0.165354 
vn 0.850394 -0.511811 -0.0787402 
vn -0.574803 0.80315 0.165354 
vn -0.212598 0.976378 -0.0944882 
vn 0.850394 -0.511811 -0.0787402 
vn 0.850394 -0.511811 -0.0787402 
vn -0.212598 0.976378 -0.0944882 
vn 0.850394 -0.511811 -0.0787402 
vn -0.212598 0.976378 -0.0944882 
vn -0.637795 0.755906 0.141732 
vn 0.677165 -0.0708661 -0.732283 
vn 0.850394 -0.511811 -0.0787402 
vn -0.637795 0.755906 0.141732 
vn 0.677165 -0.0708661 -0.732283 
vn -0.637795 0.755906 0.141732 
vn -0.551181 -0.0866142 0.834646 
vn 0.677165 -0.0708661 -0.732283 
vn 0.677165 -0.0708661 -0.732283 
vn -0.551181 -0.0866142 0.834646 
vn 0.677165 -0.0708661 -0.732283 
vn -0.551181 -0.0866142 0.834646 
vn -0.590551 0 0.80315 
vn 0.425197 0.125984 -0.897638 
vn 0.677165 -0.0708661 -0.732283 
vn -0.590551 0 0.80315 
vn 0.425197 0.125984 -0.897638 
vn -0.590551 0 0.80315 
vn -0.614173 0 0.795276 
vn 0.244094 -0.314961 0.92126 
vn 0.425197 0.125984 -0.897638 
vn -0.614173 0 0.795276 
vn 0.244094 -0.314961 0.92126 
vn -0.614173 0 0.795276 
vn 0.228346 0.11811 -0.968504 
vn 0.244094 -0.314961 0.92126 
vn 0.244094 -0.314961 0.92126 
vn 0.228346 0.11811 -0.968504 
vn 0.244094 -0.314961 0.92126 
vn 0.228346 0.11811 -0.968504 
vn 0.291339 0 -0.96063 
vn -0.110236 -0.110236 0.984252 
vn 0.244094 -0.314961 0.92126 
vn 0.291339 0 -0.96063 
vn -0.110236 -0.110236 0.984252 
vn 0.291339 0 -0.96063 
vn 0.267717 0 -0.96063 
vn -0.110236 -0.110236 0.984252 
vn -0.110236 -0.110236 0.984252 
vn 0.267717 0 -0.96063 
vn -0.110236 -0.110236 0.984252 
vn 0.267717 0 -0.96063 
vn 0.259843 0 -0.968504 
vn 0.811024 -0.582677 0.0472441 
vn -0.110236 -0.110236 0.984252 
vn 0.259843 0 -0.968504 
vn 0.811024 -0.582677 0.0472441 
vn 0.259843 0 -0.968504 
vn 0.503937 -0.755906 -0.417323 
vn 0.370079 -0.275591 -0.889764 
vn 0.811024 -0.582677 0.0472441 
vn 0.503937 -0.755906 -0.417323 
vn 0.370079 -0.275591 -0.889764 
vn 0.503937 -0.755906 -0.417323 
vn 0.133858 -0.0866142 0.984252 
vn 0.0472441 -0.110236 -0.992126 
vn 0.370079 -0.275591 -0.889764 
vn 0.133858 -0.0866142 0.984252 
vn 0.0472441 -0.110236 -0.992126 
vn 0.133858 -0.0866142 0.984252 
vn 0.0629921 0.0866142 0.992126 
vn 0.0472441 -0.110236 -0.992126 
vn 0.0472441 -0.110236 -0.992126 
vn 0.0629921 0.0866142 0.992126 
vn 0.0472441 -0.110236 -0.992126 
vn 0.0629921 0.0866142 0.992126 
vn 0.181102 -0.023622 0.984252 
vn 0.622047 -0.370079 -0.692913 
vn 0.0472441 -0.110236 -0.992126 
vn 0.181102 -0.023622 0.984252 
vn 0.622047 -0.370079 -0.692913 
vn 0.181102 -0.023622 0.984252 
vn 0.212598 0.19685 0.96063 
vn 0.440945 -0.330709 -0.834646 
vn 0.622047 -0.370079 -0.692913 
vn 0.212598 0.19685 0.96063 
vn 0.440945 -0.330709 -0.834646 
vn 0.212598 0.19685 0.96063 
vn 0.0944882 0.409449 0.905512 
vn -0.181102 -0.314961 -0.929134 
vn 0.440945 -0.330709 -0.834646 
vn 0.0944882 0.409449 0.905512 
vn -0.181102 -0.314961 -0.929134 
vn 0.0944882 0.409449 0.905512 
vn 0 0.472441 0.88189 
vn -0.440945 -0.330709 -0.834646 
vn -0.181102 -0.314961 -0.929134 
vn 0 0.472441 0.88189 
vn -0.440945 -0.330709 -0.834646 
vn 0 0.472441 0.88189 
vn 0 0.433071 0.897638 
vn -0.622047 -0.370079 -0.692913 
vn -0.440945 -0.330709 -0.834646 
vn 0 0.433071 0.897638 
vn -0.622047 -0.370079 -0.692913 
vn 0 0.433071 0.897638 
vn -0.0787402 0.275591 0.96063 
vn -0.393701 -0.275591 -0.88189 
vn -0.622047 -0.370079 -0.692913 
vn -0.0787402 0.275591 0.96063 
vn -0.393701 -0.275591 -0.88189 
vn -0.0787402 0.275591 0.96063 
vn -0.133858 0.023622 0.992126 
vn -0.393701 -0.275591 -0.88189 
vn -0.393701 -0.275591 -0.88189 
vn -0.133858 0.023622 0.992126 
vn -0.393701 -0.275591 -0.88189 
vn -0.133858 0.023622 0.992126 
vn -0.0551181 0.0314961 1 
vn -0.125984 -0.125984 -0.984252 
vn -0.393701 -0.275591 -0.88189 
vn -0.0551181 0.0314961 1 
vn -0.125984 -0.125984 -0.984252 
vn -0.0551181 0.0314961 1 
vn -0.0551181 0.00787402 1 
vn -0.811024 -0.582677 0.0472441 
vn -0.125984 -0.125984 -0.984252 
vn -0.0551181 0.00787402 1 
vn -0.811024 -0.582677 0.0472441 
vn -0.0551181 0.00787402 1 
vn -0.00787402 -0.181102 0.984252 
vn 0.110236 -0.110236 0.984252 
vn -0.811024 -0.582677 0.0472441 
vn -0.00787402 -0.181102 0.984252 
vn 0.110236 -0.110236 0.984252 
vn -0.00787402 -0.181102 0.984252 
vn -0.566929 -0.787402 -0.23622 
vn 0.110236 -0.110236 0.984252 
vn 0.110236 -0.110236 0.984252 
vn -0.566929 -0.787402 -0.23622 
vn 0.110236 -0.110236 0.984252 
vn -0.566929 -0.787402 -0.23622 
vn -0.267717 0 -0.96063 
vn -0.244094 -0.314961 0.92126 
vn 0.110236 -0.110236 0.984252 
vn -0.267717 0 -0.96063 
vn -0.244094 -0.314961 0.92126 
vn -0.267717 0 -0.96063 
vn -0.291339 0 -0.96063 
vn -0.244094 -0.314961 0.92126 
vn -0.244094 -0.314961 0.92126 
vn -0.291339 0 -0.96063 
vn -0.244094 -0.314961 0.92126 
vn -0.291339 0 -0.96063 
vn -0.354331 0 -0.937008 
vn -0.425197 0.125984 -0.897638 
vn -0.244094 -0.314961 0.92126 
vn -0.354331 0 -0.937008 
vn -0.425197 0.125984 -0.897638 
vn -0.354331 0 -0.937008 
vn -0.244094 0.354331 -0.905512 
vn -0.677165 -0.0708661 -0.732283 
vn -0.425197 0.125984 -0.897638 
vn -0.244094 0.354331 -0.905512 
vn -0.677165 -0.0708661 -0.732283 
vn -0.244094 0.354331 -0.905512 
vn 0.590551 0 0.80315 
vn -0.677165 -0.0708661 -0.732283 
vn -0.677165 -0.0708661 -0.732283 
vn 0.590551 0 0.80315 
vn -0.677165 -0.0708661 -0.732283 
vn 0.590551 0 0.80315 
vn 0.598425 0 0.80315 
vn -0.850394 -0.511811 -0.0787402 
vn -0.677165 -0.0708661 -0.732283 
vn 0.598425 0 0.80315 
vn -0.850394 -0.511811 -0.0787402 
vn 0.598425 0 0.80315 
vn -0.700787 -0.637795 -0.322835 
vn -0.992126 -0.00787402 -0.0944882 
vn -0.992126 -0.00787402 -0.0944882 
vn -0.992126 -0.00787402 -0.0944882 
vn -0.992126 -0.00787402 -0.0944882 
vn -0.992126 -0.00787402 -0.0944882 
vn -1 -0.0314961 -0.0393701 
vn -1 -0.0314961 -0.0393701 
vn -0.992126 -0.00787402 -0.0944882 
vn -1 -0.023622 -0.0472441 
vn -1 -0.0314961 -0.0393701 
vn -1 -0.023622 -0.0472441 
vn -0.992126 0.0393701 -0.133858 
vn 1 0.0314961 0.0393701 
vn 1 0.0314961 0.0393701 
vn 1 0.0314961 0.0393701 
vn 1 0.0314961 0.0393701 
vn 1 0.0314961 0.0393701 
vn 0.992126 0.00787402 0.0944882 
vn 1 0.0314961 0.0393701 
vn 0.992126 -0.0314961 0.133858 
vn 0.992126 -0.0314961 0.133858 
vn 1 0.0314961 0.0393701 
vn 0.992126 -0.0314961 0.133858 
vn 1 0.0314961 0.0393701 
vn 1 0.0314961 0.0393701 
vn 0.992126 0.00787402 0.0944882 
vn -0.992126 -0.00787402 -0.0944882 
vn 1 0.0314961 0.0393701 
vn -0.992126 -0.00787402 -0.0944882 
vn -0.992126 -0.00787402 -0.0944882 
vn 0.992126 0.00787402 0.0944882 
vn 1 0.0314961 0.0393701 
vn -0.992126 -0.00787402 -0.0944882 
vn 0.992126 0.00787402 0.0944882 
vn -0.992126 -0.00787402 -0.0944882 
vn -0.992126 -0.00787402 -0.0944882 
vn 1 0.0314961 0.0393701 
vn 1 0.0314961 0.0393701 
vn -0.992126 -0.00787402 -0.0944882 
vn 1 0.0314961 0.0393701 
vn -0.992126 -0.00787402 -0.0944882 
vn -1 -0.0314961 -0.0393701 
vn 1 0.0314961 0.0393701 
vn 0.992126 -0.0314961 0.133858 
vn -1 -0.023622 -0.0472441 
vn 1 0.0314961 0.0393701 
vn -1 -0.023622 -0.0472441 
vn -0.992126 -0.00787402 -0.0944882 
vn 0.992126 -0.0314961 0.133858 
vn 1 0.0314961 0.0393701 
vn -1 -0.0314961 -0.0393701 
vn 0.992126 -0.0314961 0.133858 
vn -1 -0.0314961 -0.0393701 
vn -0.992126 0.0393701 -0.133858 
vn 1 -0.0314961 -0.0393701 
vn 1 -0.0314961 -0.0393701 
vn 1 -0.0314961 -0.0393701 
vn 1 -0.0314961 -0.0393701 
vn 1 -0.0314961 -0.0393701 
vn 0.992126 -0.00787402 -0.0944882 
vn 1 -0.0314961 -0.0393701 
vn 0.992126 0.0393701 -0.133858 
vn 0.992126 0.0393701 -0.133858 
vn 1 -0.0314961 -0.0393701 
vn 0.992126 0.0393701 -0.133858 
vn 1 -0.0314961 -0.0393701 
vn -0.992126 0.00787402 0.0944882 
vn -0.992126 0.00787402 0.0944882 
vn -0.992126 0.00787402 0.0944882 
vn -0.992126 0.00787402 0.0944882 
vn -0.992126 0.00787402 0.0944882 
vn -1 0.0314961 0.0393701 
vn -1 0.0314961 0.0393701 
vn -0.992126 0.00787402 0.0944882 
vn -1 0.023622 0.0472441 
vn -1 0.0314961 0.0393701 
vn -1 0.023622 0.0472441 
vn -0.992126 -0.0314961 0.133858 
vn -0.992126 0.00787402 0.0944882 
vn 1 -0.0314961 -0.0393701 
vn 0.992126 -0.00787402 -0.0944882 
vn -0.992126 0.00787402 0.0944882 
vn 0.992126 -0.00787402 -0.0944882 
vn -0.992126 0.00787402 0.0944882 
vn -0.992126 0.00787402 0.0944882 
vn 0.992126 -0.00787402 -0.0944882 
vn 1 -0.0314961 -0.0393701 
vn -0.992126 0.00787402 0.0944882 
vn 1 -0.0314961 -0.0393701 
vn -0.992126 0.00787402 0.0944882 
vn -1 0.0314961 0.0393701 
vn 1 -0.0314961 -0.0393701 
vn 1 -0.0314961 -0.0393701 
vn -1 0.0314961 0.0393701 
vn 1 -0.0314961 -0.0393701 
vn -0.992126 0.00787402 0.0944882 
vn -0.992126 0.00787402 0.0944882 
vn 1 -0.0314961 -0.0393701 
vn 0.992126 0.0393701 -0.133858 
vn -0.992126 0.00787402 0.0944882 
vn 0.992126 0.0393701 -0.133858 
vn -1 0.023622 0.0472441 
vn -0.992126 -0.0314961 0.133858 
vn 0.992126 0.0393701 -0.133858 
vn 1 -0.0314961 -0.0393701 
vn -0.992126 -0.0314961 0.133858 
vn 1 -0.0314961 -0.0393701 
vn -1 0.0314961 0.0393701 

vt 0.102117 0.26675 
vt 0.0981717 0.288057 
vt 0.109351 0.28824 
vt 0.102117 0.26675 
vt 0.109351 0.28824 
vt 0.111387 0.266199 
vt 0.109351 0.28824 
vt 0.0981717 0.288057 
vt 0.0974052 0.296243 
vt 0.109351 0.28824 
vt 0.0974052 0.296243 
vt 0.107687 0.297293 
vt 0.10783 0.307085 
vt 0.0961325 0.306045 
vt 0.098538 0.316426 
vt 0.10783 0.307085 
vt 0.098538 0.316426 
vt 0.109028 0.316823 
vt 0.102806 0.339044 
vt 0.11155 0.339541 
vt 0.110365 0.326528 
vt 0.102806 0.339044 
vt 0.110365 0.326528 
vt 0.0998333 0.326609 
vt 0.103499 0.345658 
vt 0.113433 0.345124 
vt 0.11155 0.339541 
vt 0.103499 0.345658 
vt 0.11155 0.339541 
vt 0.102806 0.339044 
vt 0.0542143 0.407312 
vt 0.058682 0.407601 
vt 0.0553972 0.419255 
vt 0.0542143 0.407312 
vt 0.0553972 0.419255 
vt 0.049429 0.418517 
vt 0.0553972 0.419255 
vt 0.054469 0.423101 
vt 0.0484063 0.422011 
vt 0.0553972 0.419255 
vt 0.0484063 0.422011 
vt 0.049429 0.418517 
vt 0.0541762 0.427211 
vt 0.0550022 0.431939 
vt 0.048997 0.430887 
vt 0.0541762 0.427211 
vt 0.048997 0.430887 
vt 0.0480587 0.425995 
vt 0.0519617 0.441822 
vt 0.0499563 0.435785 
vt 0.0558732 0.436729 
vt 0.0519617 0.441822 
vt 0.0558732 0.436729 
vt 0.0575192 0.442832 
vt 0.0537453 0.446643 
vt 0.0519617 0.441822 
vt 0.0575192 0.442832 
vt 0.0537453 0.446643 
vt 0.0575192 0.442832 
vt 0.058682 0.446797 
vt 0.0957017 0.26574 
vt 0.0917123 0.287271 
vt 0.0981717 0.288057 
vt 0.0957017 0.26574 
vt 0.0981717 0.288057 
vt 0.102117 0.26675 
vt 0.115732 0.288803 
vt 0.117986 0.266904 
vt 0.111387 0.266199 
vt 0.115732 0.288803 
vt 0.111387 0.266199 
vt 0.109351 0.28824 
vt 0.112142 0.259596 
vt 0.104077 0.260592 
vt 0.102117 0.26675 
vt 0.112142 0.259596 
vt 0.102117 0.26675 
vt 0.111387 0.266199 
vt 0.0917123 0.287271 
vt 0.0906378 0.294233 
vt 0.0974052 0.296243 
vt 0.0917123 0.287271 
vt 0.0974052 0.296243 
vt 0.0981717 0.288057 
vt 0.114507 0.295859 
vt 0.115732 0.288803 
vt 0.109351 0.28824 
vt 0.114507 0.295859 
vt 0.109351 0.28824 
vt 0.107687 0.297293 
vt 0.0890248 0.309806 
vt 0.0914593 0.318132 
vt 0.098538 0.316426 
vt 0.0890248 0.309806 
vt 0.098538 0.316426 
vt 0.0961325 0.306045 
vt 0.116318 0.317801 
vt 0.116064 0.308661 
vt 0.10783 0.307085 
vt 0.116318 0.317801 
vt 0.10783 0.307085 
vt 0.109028 0.316823 
vt 0.117986 0.338339 
vt 0.117623 0.327157 
vt 0.110365 0.326528 
vt 0.117986 0.338339 
vt 0.110365 0.326528 
vt 0.11155 0.339541 
vt 0.0924947 0.327558 
vt 0.0946435 0.339444 
vt 0.102806 0.339044 
vt 0.0924947 0.327558 
vt 0.102806 0.339044 
vt 0.0998333 0.326609 
vt 0.117151 0.345765 
vt 0.117986 0.338339 
vt 0.11155 0.339541 
vt 0.117151 0.345765 
vt 0.11155 0.339541 
vt 0.113433 0.345124 
vt 0.0946435 0.339444 
vt 0.0992165 0.34816 
vt 0.103499 0.345658 
vt 0.0946435 0.339444 
vt 0.103499 0.345658 
vt 0.102806 0.339044 
vt 0.105614 0.350004 
vt 0.114798 0.348348 
vt 0.113433 0.345124 
vt 0.105614 0.350004 
vt 0.113433 0.345124 
vt 0.103499 0.345658 
vt 0.117623 0.327157 
vt 0.116318 0.317801 
vt 0.109028 0.316823 
vt 0.117623 0.327157 
vt 0.109028 0.316823 
vt 0.110365 0.326528 
vt 0.048997 0.430887 
vt 0.0550022 0.431939 
vt 0.0558732 0.436729 
vt 0.048997 0.430887 
vt 0.0558732 0.436729 
vt 0.0499563 0.435785 
vt 0.098538 0.316426 
vt 0.0914593 0.318132 
vt 0.0924947 0.327558 
vt 0.098538 0.316426 
vt 0.0924947 0.327558 
vt 0.0998333 0.326609 
vt 0.109028 0.316823 
vt 0.098538 0.316426 
vt 0.0998333 0.326609 
vt 0.109028 0.316823 
vt 0.0998333 0.326609 
vt 0.110365 0.326528 
vt 0.114767 0.303465 
vt 0.114507 0.295859 
vt 0.107687 0.297293 
vt 0.114767 0.303465 
vt 0.107687 0.297293 
vt 0.10783 0.307085 
vt 0.0484063 0.422011 
vt 0.054469 0.423101 
vt 0.0541762 0.427211 
vt 0.0484063 0.422011 
vt 0.0541762 0.427211 
vt 0.0480587 0.425995 
vt 0.0974052 0.296243 
vt 0.0906378 0.294233 
vt 0.088799 0.301716 
vt 0.0974052 0.296243 
vt 0.088799 0.301716 
vt 0.0961325 0.306045 
vt 0.107687 0.297293 
vt 0.0974052 0.296243 
vt 0.0961325 0.306045 
vt 0.107687 0.297293 
vt 0.0961325 0.306045 
vt 0.10783 0.307085 
vt 0.044142 0.345817 
vt 0.0419012 0.350076 
vt 0.036517 0.347971 
vt 0.044142 0.345817 
vt 0.036517 0.347971 
vt 0.0369415 0.34314 
vt 0.0493018 0.328243 
vt 0.046814 0.335362 
vt 0.0383988 0.333153 
vt 0.0493018 0.328243 
vt 0.0383988 0.333153 
vt 0.0376753 0.32648 
vt 0.0493192 0.311539 
vt 0.0488525 0.321486 
vt 0.0385185 0.320537 
vt 0.0493192 0.311539 
vt 0.0385185 0.320537 
vt 0.039221 0.311219 
vt 0.0502668 0.295068 
vt 0.049888 0.30292 
vt 0.0397505 0.303239 
vt 0.0502668 0.295068 
vt 0.0397505 0.303239 
vt 0.039868 0.295388 
vt 0.0510295 0.272687 
vt 0.0502668 0.295068 
vt 0.039868 0.295388 
vt 0.0510295 0.272687 
vt 0.039868 0.295388 
vt 0.0409122 0.270204 
vt 0.046256 0.410569 
vt 0.0420712 0.411295 
vt 0.0430368 0.406966 
vt 0.046256 0.410569 
vt 0.0430368 0.406966 
vt 0.0458185 0.406881 
vt 0.0470465 0.416362 
vt 0.0414445 0.416518 
vt 0.0416395 0.413489 
vt 0.0470465 0.416362 
vt 0.0416395 0.413489 
vt 0.046587 0.413034 
vt 0.0469085 0.424691 
vt 0.0417962 0.424466 
vt 0.0415103 0.419368 
vt 0.0469085 0.424691 
vt 0.0415103 0.419368 
vt 0.0472772 0.420079 
vt 0.0470845 0.432977 
vt 0.0419165 0.432479 
vt 0.041703 0.428643 
vt 0.0470845 0.432977 
vt 0.041703 0.428643 
vt 0.0470752 0.429359 
vt 0.0460165 0.445543 
vt 0.0414445 0.446633 
vt 0.0419165 0.432479 
vt 0.0460165 0.445543 
vt 0.0419165 0.432479 
vt 0.0470845 0.432977 
vt 0.0517125 0.343117 
vt 0.0465113 0.350163 
vt 0.044142 0.345817 
vt 0.0517125 0.343117 
vt 0.044142 0.345817 
vt 0.045383 0.33998 
vt 0.0342887 0.346794 
vt 0.0338375 0.338099 
vt 0.0384037 0.33754 
vt 0.0342887 0.346794 
vt 0.0384037 0.33754 
vt 0.0369415 0.34314 
vt 0.0567177 0.333279 
vt 0.0543637 0.338886 
vt 0.046814 0.335362 
vt 0.0567177 0.333279 
vt 0.046814 0.335362 
vt 0.0493018 0.328243 
vt 0.0333285 0.334086 
vt 0.0317108 0.32884 
vt 0.0376753 0.32648 
vt 0.0333285 0.334086 
vt 0.0376753 0.32648 
vt 0.0383988 0.333153 
vt 0.0563737 0.311728 
vt 0.05635 0.320456 
vt 0.0488525 0.321486 
vt 0.0563737 0.311728 
vt 0.0488525 0.321486 
vt 0.0493192 0.311539 
vt 0.0329303 0.319364 
vt 0.0337755 0.310378 
vt 0.039221 0.311219 
vt 0.0329303 0.319364 
vt 0.039221 0.311219 
vt 0.0385185 0.320537 
vt 0.056461 0.295649 
vt 0.0564808 0.302613 
vt 0.049888 0.30292 
vt 0.056461 0.295649 
vt 0.049888 0.30292 
vt 0.0502668 0.295068 
vt 0.0346717 0.302714 
vt 0.034681 0.295344 
vt 0.039868 0.295388 
vt 0.0346717 0.302714 
vt 0.039868 0.295388 
vt 0.0397505 0.303239 
vt 0.05731 0.273693 
vt 0.056461 0.295649 
vt 0.0502668 0.295068 
vt 0.05731 0.273693 
vt 0.0502668 0.295068 
vt 0.0510295 0.272687 
vt 0.034681 0.295344 
vt 0.0355578 0.270663 
vt 0.0409122 0.270204 
vt 0.034681 0.295344 
vt 0.0409122 0.270204 
vt 0.039868 0.295388 
vt 0.0427655 0.265247 
vt 0.0512925 0.266441 
vt 0.0510295 0.272687 
vt 0.0427655 0.265247 
vt 0.0510295 0.272687 
vt 0.0409122 0.270204 
vt 0.045383 0.33998 
vt 0.044142 0.345817 
vt 0.0369415 0.34314 
vt 0.045383 0.33998 
vt 0.0369415 0.34314 
vt 0.0384037 0.33754 
vt 0.0338375 0.338099 
vt 0.0333285 0.334086 
vt 0.0383988 0.333153 
vt 0.0338375 0.338099 
vt 0.0383988 0.333153 
vt 0.0384037 0.33754 
vt 0.046587 0.413034 
vt 0.0416395 0.413489 
vt 0.0420712 0.411295 
vt 0.046587 0.413034 
vt 0.0420712 0.411295 
vt 0.046256 0.410569 
vt 0.046814 0.335362 
vt 0.0543637 0.338886 
vt 0.0517125 0.343117 
vt 0.046814 0.335362 
vt 0.0517125 0.343117 
vt 0.045383 0.33998 
vt 0.0383988 0.333153 
vt 0.046814 0.335362 
vt 0.045383 0.33998 
vt 0.0383988 0.333153 
vt 0.045383 0.33998 
vt 0.0384037 0.33754 
vt 0.031422 0.324553 
vt 0.0329303 0.319364 
vt 0.0385185 0.320537 
vt 0.031422 0.324553 
vt 0.0385185 0.320537 
vt 0.0376753 0.32648 
vt 0.0472772 0.420079 
vt 0.0415103 0.419368 
vt 0.0414445 0.416518 
vt 0.0472772 0.420079 
vt 0.0414445 0.416518 
vt 0.0470465 0.416362 
vt 0.0488525 0.321486 
vt 0.05635 0.320456 
vt 0.0573102 0.327114 
vt 0.0488525 0.321486 
vt 0.0573102 0.327114 
vt 0.0493018 0.328243 
vt 0.0385185 0.320537 
vt 0.0488525 0.321486 
vt 0.0493018 0.328243 
vt 0.0385185 0.320537 
vt 0.0493018 0.328243 
vt 0.0376753 0.32648 
vt 0.0337755 0.310378 
vt 0.0346717 0.302714 
vt 0.0397505 0.303239 
vt 0.0337755 0.310378 
vt 0.0397505 0.303239 
vt 0.039221 0.311219 
vt 0.0470752 0.429359 
vt 0.041703 0.428643 
vt 0.0417962 0.424466 
vt 0.0470752 0.429359 
vt 0.0417962 0.424466 
vt 0.0469085 0.424691 
vt 0.049888 0.30292 
vt 0.0564808 0.302613 
vt 0.0563737 0.311728 
vt 0.049888 0.30292 
vt 0.0563737 0.311728 
vt 0.0493192 0.311539 
vt 0.0397505 0.303239 
vt 0.049888 0.30292 
vt 0.0493192 0.311539 
vt 0.0397505 0.303239 
vt 0.0493192 0.311539 
vt 0.039221 0.311219 
vt 0.140547 0.345206 
vt 0.126015 0.347626 
vt 0.125461 0.342602 
vt 0.140547 0.345206 
vt 0.125461 0.342602 
vt 0.140256 0.339594 
vt 0.138671 0.331944 
vt 0.125878 0.335658 
vt 0.125532 0.322716 
vt 0.138671 0.331944 
vt 0.125532 0.322716 
vt 0.138572 0.319196 
vt 0.125862 0.311823 
vt 0.138933 0.309491 
vt 0.138572 0.319196 
vt 0.125862 0.311823 
vt 0.138572 0.319196 
vt 0.125532 0.322716 
vt 0.127064 0.293959 
vt 0.138848 0.292103 
vt 0.138598 0.299874 
vt 0.127064 0.293959 
vt 0.138598 0.299874 
vt 0.126721 0.301836 
vt 0.139443 0.265352 
vt 0.13959 0.27088 
vt 0.127175 0.271526 
vt 0.139443 0.265352 
vt 0.127175 0.271526 
vt 0.128153 0.26632 
vt 0.0309435 0.44557 
vt 0.0317675 0.440038 
vt 0.0391425 0.442645 
vt 0.0309435 0.44557 
vt 0.0391425 0.442645 
vt 0.0385985 0.44741 
vt 0.0317675 0.440038 
vt 0.0318115 0.433507 
vt 0.0394363 0.435759 
vt 0.0317675 0.440038 
vt 0.0394363 0.435759 
vt 0.0391425 0.442645 
vt 0.038889 0.42995 
vt 0.0394363 0.435759 
vt 0.0318115 0.433507 
vt 0.038889 0.42995 
vt 0.0318115 0.433507 
vt 0.0315108 0.428364 
vt 0.038115 0.420817 
vt 0.0386147 0.424425 
vt 0.031435 0.423255 
vt 0.038115 0.420817 
vt 0.031435 0.423255 
vt 0.031167 0.419789 
vt 0.031839 0.404355 
vt 0.0380143 0.405049 
vt 0.03818 0.408419 
vt 0.031839 0.404355 
vt 0.03818 0.408419 
vt 0.0318502 0.407788 
vt 0.12093 0.344716 
vt 0.120579 0.335767 
vt 0.125878 0.335658 
vt 0.12093 0.344716 
vt 0.125878 0.335658 
vt 0.125461 0.342602 
vt 0.14405 0.331457 
vt 0.145554 0.341864 
vt 0.140256 0.339594 
vt 0.14405 0.331457 
vt 0.140256 0.339594 
vt 0.138671 0.331944 
vt 0.120579 0.335767 
vt 0.119969 0.323027 
vt 0.125532 0.322716 
vt 0.120579 0.335767 
vt 0.125532 0.322716 
vt 0.125878 0.335658 
vt 0.144195 0.319016 
vt 0.14405 0.331457 
vt 0.138671 0.331944 
vt 0.144195 0.319016 
vt 0.138671 0.331944 
vt 0.138572 0.319196 
vt 0.143809 0.309187 
vt 0.144195 0.319016 
vt 0.138572 0.319196 
vt 0.143809 0.309187 
vt 0.138572 0.319196 
vt 0.138933 0.309491 
vt 0.119969 0.323027 
vt 0.120863 0.312003 
vt 0.125862 0.311823 
vt 0.119969 0.323027 
vt 0.125862 0.311823 
vt 0.125532 0.322716 
vt 0.144164 0.292935 
vt 0.143232 0.299675 
vt 0.138598 0.299874 
vt 0.144164 0.292935 
vt 0.138598 0.299874 
vt 0.138848 0.292103 
vt 0.121915 0.301556 
vt 0.121744 0.294566 
vt 0.127064 0.293959 
vt 0.121915 0.301556 
vt 0.127064 0.293959 
vt 0.126721 0.301836 
vt 0.145162 0.265287 
vt 0.145554 0.271397 
vt 0.13959 0.27088 
vt 0.145162 0.265287 
vt 0.13959 0.27088 
vt 0.139443 0.265352 
vt 0.12129 0.271612 
vt 0.12241 0.265749 
vt 0.128153 0.26632 
vt 0.12129 0.271612 
vt 0.128153 0.26632 
vt 0.127175 0.271526 
vt 0.127209 0.260685 
vt 0.138551 0.259789 
vt 0.139443 0.265352 
vt 0.127209 0.260685 
vt 0.139443 0.265352 
vt 0.128153 0.26632 
vt 0.140256 0.339594 
vt 0.125461 0.342602 
vt 0.125878 0.335658 
vt 0.140256 0.339594 
vt 0.125878 0.335658 
vt 0.138671 0.331944 
vt 0.121918 0.287226 
vt 0.12136 0.277177 
vt 0.127088 0.276278 
vt 0.121918 0.287226 
vt 0.127088 0.276278 
vt 0.127609 0.286112 
vt 0.0315675 0.410917 
vt 0.0380507 0.411467 
vt 0.0376975 0.417001 
vt 0.0315675 0.410917 
vt 0.0376975 0.417001 
vt 0.0309435 0.416055 
vt 0.13949 0.275778 
vt 0.145159 0.276947 
vt 0.14466 0.286068 
vt 0.13949 0.275778 
vt 0.14466 0.286068 
vt 0.139418 0.284893 
vt 0.127088 0.276278 
vt 0.13949 0.275778 
vt 0.139418 0.284893 
vt 0.127088 0.276278 
vt 0.139418 0.284893 
vt 0.127609 0.286112 
vt 0.14466 0.286068 
vt 0.144164 0.292935 
vt 0.138848 0.292103 
vt 0.14466 0.286068 
vt 0.138848 0.292103 
vt 0.139418 0.284893 
vt 0.0376975 0.417001 
vt 0.038115 0.420817 
vt 0.031167 0.419789 
vt 0.0376975 0.417001 
vt 0.031167 0.419789 
vt 0.0309435 0.416055 
vt 0.127064 0.293959 
vt 0.121744 0.294566 
vt 0.121918 0.287226 
vt 0.127064 0.293959 
vt 0.121918 0.287226 
vt 0.127609 0.286112 
vt 0.127609 0.286112 
vt 0.139418 0.284893 
vt 0.138848 0.292103 
vt 0.127609 0.286112 
vt 0.138848 0.292103 
vt 0.127064 0.293959 
vt 0.143232 0.299675 
vt 0.143809 0.309187 
vt 0.138933 0.309491 
vt 0.143232 0.299675 
vt 0.138933 0.309491 
vt 0.138598 0.299874 
vt 0.0386147 0.424425 
vt 0.038889 0.42995 
vt 0.0315108 0.428364 
vt 0.0386147 0.424425 
vt 0.0315108 0.428364 
vt 0.031435 0.423255 
vt 0.125862 0.311823 
vt 0.120863 0.312003 
vt 0.121915 0.301556 
vt 0.125862 0.311823 
vt 0.121915 0.301556 
vt 0.126721 0.301836 
vt 0.126721 0.301836 
vt 0.138598 0.299874 
vt 0.138933 0.309491 
vt 0.126721 0.301836 
vt 0.138933 0.309491 
vt 0.125862 0.311823 
vt 0.12136 0.277177 
vt 0.12129 0.271612 
vt 0.127175 0.271526 
vt 0.12136 0.277177 
vt 0.127175 0.271526 
vt 0.127088 0.276278 
vt 0.0318502 0.407788 
vt 0.03818 0.408419 
vt 0.0380507 0.411467 
vt 0.0318502 0.407788 
vt 0.0380507 0.411467 
vt 0.0315675 0.410917 
vt 0.13959 0.27088 
vt 0.145554 0.271397 
vt 0.145159 0.276947 
vt 0.13959 0.27088 
vt 0.145159 0.276947 
vt 0.13949 0.275778 
vt 0.127175 0.271526 
vt 0.13959 0.27088 
vt 0.13949 0.275778 
vt 0.127175 0.271526 
vt 0.13949 0.275778 
vt 0.127088 0.276278 
vt 0.160947 0.313843 
vt 0.162743 0.32753 
vt 0.153242 0.330148 
vt 0.160947 0.313843 
vt 0.153242 0.330148 
vt 0.151104 0.316598 
vt 0.161682 0.292789 
vt 0.16091 0.299881 
vt 0.151726 0.299848 
vt 0.161682 0.292789 
vt 0.151726 0.299848 
vt 0.151994 0.292433 
vt 0.153896 0.33632 
vt 0.164348 0.331723 
vt 0.166036 0.337121 
vt 0.153896 0.33632 
vt 0.166036 0.337121 
vt 0.155478 0.341766 
vt 0.165117 0.277627 
vt 0.162751 0.286102 
vt 0.153295 0.285294 
vt 0.165117 0.277627 
vt 0.153295 0.285294 
vt 0.154368 0.276504 
vt 0.151035 0.308044 
vt 0.160586 0.307203 
vt 0.160947 0.313843 
vt 0.151035 0.308044 
vt 0.160947 0.313843 
vt 0.151104 0.316598 
vt 0.0608713 0.423637 
vt 0.05552 0.421674 
vt 0.0575035 0.414563 
vt 0.0608713 0.423637 
vt 0.0575035 0.414563 
vt 0.0627337 0.416819 
vt 0.0612745 0.434218 
vt 0.05591 0.435063 
vt 0.0552175 0.431036 
vt 0.0612745 0.434218 
vt 0.0552175 0.431036 
vt 0.0606037 0.430746 
vt 0.0575035 0.414563 
vt 0.0598745 0.409401 
vt 0.0648452 0.412913 
vt 0.0575035 0.414563 
vt 0.0648452 0.412913 
vt 0.0627337 0.416819 
vt 0.0648452 0.441316 
vt 0.059446 0.442993 
vt 0.0572345 0.438628 
vt 0.0648452 0.441316 
vt 0.0572345 0.438628 
vt 0.0625893 0.437259 
vt 0.0549222 0.426362 
vt 0.05552 0.421674 
vt 0.0608713 0.423637 
vt 0.0549222 0.426362 
vt 0.0608713 0.423637 
vt 0.0602623 0.427014 
vt 0.165094 0.313486 
vt 0.166799 0.326468 
vt 0.162743 0.32753 
vt 0.165094 0.313486 
vt 0.162743 0.32753 
vt 0.160947 0.313843 
vt 0.148804 0.330486 
vt 0.146927 0.317148 
vt 0.151104 0.316598 
vt 0.148804 0.330486 
vt 0.151104 0.316598 
vt 0.153242 0.330148 
vt 0.165725 0.293327 
vt 0.164916 0.300078 
vt 0.16091 0.299881 
vt 0.165725 0.293327 
vt 0.16091 0.299881 
vt 0.161682 0.292789 
vt 0.14747 0.299661 
vt 0.147947 0.292103 
vt 0.151994 0.292433 
vt 0.14747 0.299661 
vt 0.151994 0.292433 
vt 0.151726 0.299848 
vt 0.166799 0.326468 
vt 0.169409 0.334222 
vt 0.164348 0.331723 
vt 0.166799 0.326468 
vt 0.164348 0.331723 
vt 0.162743 0.32753 
vt 0.150464 0.340766 
vt 0.148804 0.330486 
vt 0.153242 0.330148 
vt 0.150464 0.340766 
vt 0.153242 0.330148 
vt 0.153896 0.33632 
vt 0.169409 0.279281 
vt 0.166925 0.287272 
vt 0.162751 0.286102 
vt 0.169409 0.279281 
vt 0.162751 0.286102 
vt 0.165117 0.277627 
vt 0.148848 0.285249 
vt 0.149726 0.276407 
vt 0.154368 0.276504 
vt 0.148848 0.285249 
vt 0.154368 0.276504 
vt 0.153295 0.285294 
vt 0.15454 0.272107 
vt 0.165205 0.272999 
vt 0.165117 0.277627 
vt 0.15454 0.272107 
vt 0.165117 0.277627 
vt 0.154368 0.276504 
vt 0.164634 0.307055 
vt 0.165094 0.313486 
vt 0.160947 0.313843 
vt 0.164634 0.307055 
vt 0.160947 0.313843 
vt 0.160586 0.307203 
vt 0.146927 0.317148 
vt 0.146976 0.308301 
vt 0.151035 0.308044 
vt 0.146927 0.317148 
vt 0.151035 0.308044 
vt 0.151104 0.316598 
vt 0.153242 0.330148 
vt 0.162743 0.32753 
vt 0.164348 0.331723 
vt 0.153242 0.330148 
vt 0.164348 0.331723 
vt 0.153896 0.33632 
vt 0.151726 0.299848 
vt 0.16091 0.299881 
vt 0.160586 0.307203 
vt 0.151726 0.299848 
vt 0.160586 0.307203 
vt 0.151035 0.308044 
vt 0.164916 0.300078 
vt 0.164634 0.307055 
vt 0.160586 0.307203 
vt 0.164916 0.300078 
vt 0.160586 0.307203 
vt 0.16091 0.299881 
vt 0.0552175 0.431036 
vt 0.0549222 0.426362 
vt 0.0602623 0.427014 
vt 0.0552175 0.431036 
vt 0.0602623 0.427014 
vt 0.0606037 0.430746 
vt 0.151035 0.308044 
vt 0.146976 0.308301 
vt 0.14747 0.299661 
vt 0.151035 0.308044 
vt 0.14747 0.299661 
vt 0.151726 0.299848 
vt 0.162751 0.286102 
vt 0.161682 0.292789 
vt 0.151994 0.292433 
vt 0.162751 0.286102 
vt 0.151994 0.292433 
vt 0.153295 0.285294 
vt 0.166925 0.287272 
vt 0.165725 0.293327 
vt 0.161682 0.292789 
vt 0.166925 0.287272 
vt 0.161682 0.292789 
vt 0.162751 0.286102 
vt 0.0625893 0.437259 
vt 0.0572345 0.438628 
vt 0.05591 0.435063 
vt 0.0625893 0.437259 
vt 0.05591 0.435063 
vt 0.0612745 0.434218 
vt 0.151994 0.292433 
vt 0.147947 0.292103 
vt 0.148848 0.285249 
vt 0.151994 0.292433 
vt 0.148848 0.285249 
vt 0.153295 0.285294 
vt 0.183798 0.288873 
vt 0.174648 0.289117 
vt 0.17621 0.276777 
vt 0.183798 0.288873 
vt 0.17621 0.276777 
vt 0.186408 0.276338 
vt 0.181751 0.300321 
vt 0.173575 0.30053 
vt 0.174648 0.289117 
vt 0.181751 0.300321 
vt 0.174648 0.289117 
vt 0.183798 0.288873 
vt 0.18155 0.305871 
vt 0.172763 0.306637 
vt 0.173575 0.30053 
vt 0.18155 0.305871 
vt 0.173575 0.30053 
vt 0.181751 0.300321 
vt 0.183726 0.317483 
vt 0.175151 0.320497 
vt 0.172465 0.312922 
vt 0.183726 0.317483 
vt 0.172465 0.312922 
vt 0.182581 0.310816 
vt 0.178262 0.331765 
vt 0.177174 0.327478 
vt 0.185205 0.323613 
vt 0.178262 0.331765 
vt 0.185205 0.323613 
vt 0.187312 0.326266 
vt 0.069309 0.419506 
vt 0.0718687 0.412836 
vt 0.0664265 0.412373 
vt 0.069309 0.419506 
vt 0.0664265 0.412373 
vt 0.0642022 0.418926 
vt 0.0676025 0.424809 
vt 0.069309 0.419506 
vt 0.0642022 0.418926 
vt 0.0676025 0.424809 
vt 0.0642022 0.418926 
vt 0.0627562 0.424601 
vt 0.0622665 0.427861 
vt 0.0672135 0.427493 
vt 0.0676025 0.424809 
vt 0.0622665 0.427861 
vt 0.0676025 0.424809 
vt 0.0627562 0.424601 
vt 0.0690518 0.432942 
vt 0.0678965 0.429703 
vt 0.0628188 0.430838 
vt 0.0690518 0.432942 
vt 0.0628188 0.430838 
vt 0.064178 0.434923 
vt 0.06771 0.441719 
vt 0.0718687 0.437787 
vt 0.0702313 0.435772 
vt 0.06771 0.441719 
vt 0.0702313 0.435772 
vt 0.065526 0.438496 
vt 0.170419 0.289464 
vt 0.171645 0.277125 
vt 0.17621 0.276777 
vt 0.170419 0.289464 
vt 0.17621 0.276777 
vt 0.174648 0.289117 
vt 0.176035 0.272444 
vt 0.186118 0.271823 
vt 0.186408 0.276338 
vt 0.176035 0.272444 
vt 0.186408 0.276338 
vt 0.17621 0.276777 
vt 0.190669 0.277695 
vt 0.187923 0.290199 
vt 0.183798 0.288873 
vt 0.190669 0.277695 
vt 0.183798 0.288873 
vt 0.186408 0.276338 
vt 0.169477 0.300171 
vt 0.170419 0.289464 
vt 0.174648 0.289117 
vt 0.169477 0.300171 
vt 0.174648 0.289117 
vt 0.173575 0.30053 
vt 0.187923 0.290199 
vt 0.185752 0.300264 
vt 0.181751 0.300321 
vt 0.187923 0.290199 
vt 0.181751 0.300321 
vt 0.183798 0.288873 
vt 0.168929 0.306437 
vt 0.169477 0.300171 
vt 0.173575 0.30053 
vt 0.168929 0.306437 
vt 0.173575 0.30053 
vt 0.172763 0.306637 
vt 0.185752 0.300264 
vt 0.185641 0.305328 
vt 0.18155 0.305871 
vt 0.185752 0.300264 
vt 0.18155 0.305871 
vt 0.181751 0.300321 
vt 0.171347 0.321968 
vt 0.168825 0.31471 
vt 0.172465 0.312922 
vt 0.171347 0.321968 
vt 0.172465 0.312922 
vt 0.175151 0.320497 
vt 0.186917 0.31091 
vt 0.187653 0.316991 
vt 0.183726 0.317483 
vt 0.186917 0.31091 
vt 0.183726 0.317483 
vt 0.182581 0.310816 
vt 0.176806 0.33617 
vt 0.173932 0.328725 
vt 0.177174 0.327478 
vt 0.176806 0.33617 
vt 0.177174 0.327478 
vt 0.178262 0.331765 
vt 0.188902 0.322871 
vt 0.190669 0.327279 
vt 0.187312 0.326266 
vt 0.188902 0.322871 
vt 0.187312 0.326266 
vt 0.185205 0.323613 
vt 0.180274 0.335534 
vt 0.178262 0.331765 
vt 0.187312 0.326266 
vt 0.180274 0.335534 
vt 0.187312 0.326266 
vt 0.188963 0.329301 
vt 0.173932 0.328725 
vt 0.171347 0.321968 
vt 0.175151 0.320497 
vt 0.173932 0.328725 
vt 0.175151 0.320497 
vt 0.177174 0.327478 
vt 0.0702313 0.435772 
vt 0.0690518 0.432942 
vt 0.064178 0.434923 
vt 0.0702313 0.435772 
vt 0.064178 0.434923 
vt 0.065526 0.438496 
vt 0.183726 0.317483 
vt 0.187653 0.316991 
vt 0.188902 0.322871 
vt 0.183726 0.317483 
vt 0.188902 0.322871 
vt 0.185205 0.323613 
vt 0.185205 0.323613 
vt 0.177174 0.327478 
vt 0.175151 0.320497 
vt 0.185205 0.323613 
vt 0.175151 0.320497 
vt 0.183726 0.317483 
vt 0.16825 0.311935 
vt 0.168929 0.306437 
vt 0.172763 0.306637 
vt 0.16825 0.311935 
vt 0.172763 0.306637 
vt 0.172465 0.312922 
vt 0.0628188 0.430838 
vt 0.0678965 0.429703 
vt 0.0672135 0.427493 
vt 0.0628188 0.430838 
vt 0.0672135 0.427493 
vt 0.0622665 0.427861 
vt 0.18155 0.305871 
vt 0.185641 0.305328 
vt 0.186651 0.309355 
vt 0.18155 0.305871 
vt 0.186651 0.309355 
vt 0.182581 0.310816 
vt 0.172465 0.312922 
vt 0.172763 0.306637 
vt 0.18155 0.305871 
vt 0.172465 0.312922 
vt 0.18155 0.305871 
vt 0.182581 0.310816 
vt 0.203399 0.292331 
vt 0.194451 0.29234 
vt 0.196247 0.280803 
vt 0.203399 0.292331 
vt 0.196247 0.280803 
vt 0.20507 0.279814 
vt 0.20229 0.300328 
vt 0.193761 0.300159 
vt 0.194451 0.29234 
vt 0.20229 0.300328 
vt 0.194451 0.29234 
vt 0.203399 0.292331 
vt 0.193918 0.310214 
vt 0.193761 0.300159 
vt 0.20229 0.300328 
vt 0.193918 0.310214 
vt 0.20229 0.300328 
vt 0.201883 0.308613 
vt 0.202735 0.3154 
vt 0.194863 0.31802 
vt 0.193918 0.310214 
vt 0.202735 0.3154 
vt 0.193918 0.310214 
vt 0.201883 0.308613 
vt 0.198265 0.327295 
vt 0.196807 0.323247 
vt 0.20378 0.320498 
vt 0.198265 0.327295 
vt 0.20378 0.320498 
vt 0.205653 0.322675 
vt 0.093227 0.417722 
vt 0.095378 0.411454 
vt 0.0903187 0.411206 
vt 0.093227 0.417722 
vt 0.0903187 0.411206 
vt 0.088474 0.417355 
vt 0.092851 0.421469 
vt 0.093227 0.417722 
vt 0.088474 0.417355 
vt 0.092851 0.421469 
vt 0.088474 0.417355 
vt 0.0883612 0.421154 
vt 0.087823 0.426109 
vt 0.09258 0.425298 
vt 0.092851 0.421469 
vt 0.087823 0.426109 
vt 0.092851 0.421469 
vt 0.0883612 0.421154 
vt 0.0929732 0.428585 
vt 0.09258 0.425298 
vt 0.087823 0.426109 
vt 0.0929732 0.428585 
vt 0.087823 0.426109 
vt 0.0883555 0.430157 
vt 0.091636 0.434992 
vt 0.095378 0.432828 
vt 0.0939287 0.430907 
vt 0.091636 0.434992 
vt 0.0939287 0.430907 
vt 0.0894425 0.433211 
vt 0.190393 0.291882 
vt 0.192165 0.280661 
vt 0.196247 0.280803 
vt 0.190393 0.291882 
vt 0.196247 0.280803 
vt 0.194451 0.29234 
vt 0.195825 0.276839 
vt 0.204687 0.275813 
vt 0.20507 0.279814 
vt 0.195825 0.276839 
vt 0.20507 0.279814 
vt 0.196247 0.280803 
vt 0.209166 0.280472 
vt 0.207598 0.292534 
vt 0.203399 0.292331 
vt 0.209166 0.280472 
vt 0.203399 0.292331 
vt 0.20507 0.279814 
vt 0.190503 0.298649 
vt 0.190393 0.291882 
vt 0.194451 0.29234 
vt 0.190503 0.298649 
vt 0.194451 0.29234 
vt 0.193761 0.300159 
vt 0.207598 0.292534 
vt 0.205608 0.298692 
vt 0.20229 0.300328 
vt 0.207598 0.292534 
vt 0.20229 0.300328 
vt 0.203399 0.292331 
vt 0.190341 0.310701 
vt 0.190107 0.302016 
vt 0.193761 0.300159 
vt 0.190341 0.310701 
vt 0.193761 0.300159 
vt 0.193918 0.310214 
vt 0.206033 0.301389 
vt 0.205393 0.30801 
vt 0.201883 0.308613 
vt 0.206033 0.301389 
vt 0.201883 0.308613 
vt 0.20229 0.300328 
vt 0.191421 0.318057 
vt 0.190341 0.310701 
vt 0.193918 0.310214 
vt 0.191421 0.318057 
vt 0.193918 0.310214 
vt 0.194863 0.31802 
vt 0.205393 0.30801 
vt 0.206051 0.314246 
vt 0.202735 0.3154 
vt 0.205393 0.30801 
vt 0.202735 0.3154 
vt 0.201883 0.308613 
vt 0.196804 0.32963 
vt 0.193527 0.324437 
vt 0.196807 0.323247 
vt 0.196804 0.32963 
vt 0.196807 0.323247 
vt 0.198265 0.327295 
vt 0.207308 0.319103 
vt 0.209166 0.32301 
vt 0.205653 0.322675 
vt 0.207308 0.319103 
vt 0.205653 0.322675 
vt 0.20378 0.320498 
vt 0.199993 0.329102 
vt 0.198265 0.327295 
vt 0.205653 0.322675 
vt 0.199993 0.329102 
vt 0.205653 0.322675 
vt 0.207441 0.325325 
vt 0.20378 0.320498 
vt 0.196807 0.323247 
vt 0.194863 0.31802 
vt 0.20378 0.320498 
vt 0.194863 0.31802 
vt 0.202735 0.3154 
vt 0.193527 0.324437 
vt 0.191421 0.318057 
vt 0.194863 0.31802 
vt 0.193527 0.324437 
vt 0.194863 0.31802 
vt 0.196807 0.323247 
vt 0.0939287 0.430907 
vt 0.0929732 0.428585 
vt 0.0883555 0.430157 
vt 0.0939287 0.430907 
vt 0.0883555 0.430157 
vt 0.0894425 0.433211 
vt 0.202735 0.3154 
vt 0.206051 0.314246 
vt 0.207308 0.319103 
vt 0.202735 0.3154 
vt 0.207308 0.319103 
vt 0.20378 0.320498 
vt 0.220796 0.300565 
vt 0.213261 0.301796 
vt 0.213982 0.295332 
vt 0.220796 0.300565 
vt 0.213982 0.295332 
vt 0.220924 0.294254 
vt 0.221384 0.310825 
vt 0.215352 0.31381 
vt 0.214159 0.31018 
vt 0.221384 0.310825 
vt 0.214159 0.31018 
vt 0.221091 0.308778 
vt 0.220924 0.294254 
vt 0.213982 0.295332 
vt 0.214887 0.286887 
vt 0.220924 0.294254 
vt 0.214887 0.286887 
vt 0.222524 0.284965 
vt 0.213024 0.306196 
vt 0.220671 0.304603 
vt 0.221091 0.308778 
vt 0.213024 0.306196 
vt 0.221091 0.308778 
vt 0.214159 0.31018 
vt 0.0645455 0.395488 
vt 0.0649125 0.392568 
vt 0.0608143 0.392811 
vt 0.0645455 0.395488 
vt 0.0608143 0.392811 
vt 0.0602648 0.396183 
vt 0.0652767 0.40059 
vt 0.064672 0.39914 
vt 0.060617 0.400207 
vt 0.0652767 0.40059 
vt 0.060617 0.400207 
vt 0.062328 0.402011 
vt 0.0649125 0.392568 
vt 0.0665423 0.387727 
vt 0.062169 0.388355 
vt 0.0649125 0.392568 
vt 0.062169 0.388355 
vt 0.0608143 0.392811 
vt 0.060255 0.398223 
vt 0.060617 0.400207 
vt 0.064672 0.39914 
vt 0.060255 0.398223 
vt 0.064672 0.39914 
vt 0.0644132 0.397339 
vt 0.208846 0.300865 
vt 0.209585 0.294945 
vt 0.213982 0.295332 
vt 0.208846 0.300865 
vt 0.213982 0.295332 
vt 0.213261 0.301796 
vt 0.225416 0.294797 
vt 0.225322 0.300151 
vt 0.220796 0.300565 
vt 0.225416 0.294797 
vt 0.220796 0.300565 
vt 0.220924 0.294254 
vt 0.212185 0.316444 
vt 0.21032 0.311999 
vt 0.214159 0.31018 
vt 0.212185 0.316444 
vt 0.214159 0.31018 
vt 0.215352 0.31381 
vt 0.225439 0.308368 
vt 0.225445 0.311357 
vt 0.221384 0.310825 
vt 0.225439 0.308368 
vt 0.221384 0.310825 
vt 0.221091 0.308778 
vt 0.209585 0.294945 
vt 0.210325 0.286779 
vt 0.214887 0.286887 
vt 0.209585 0.294945 
vt 0.214887 0.286887 
vt 0.213982 0.295332 
vt 0.213685 0.282536 
vt 0.22125 0.280503 
vt 0.222524 0.284965 
vt 0.213685 0.282536 
vt 0.222524 0.284965 
vt 0.214887 0.286887 
vt 0.227038 0.285905 
vt 0.225416 0.294797 
vt 0.220924 0.294254 
vt 0.227038 0.285905 
vt 0.220924 0.294254 
vt 0.222524 0.284965 
vt 0.225135 0.305054 
vt 0.225439 0.308368 
vt 0.221091 0.308778 
vt 0.225135 0.305054 
vt 0.221091 0.308778 
vt 0.220671 0.304603 
vt 0.21032 0.311999 
vt 0.208924 0.308442 
vt 0.213024 0.306196 
vt 0.21032 0.311999 
vt 0.213024 0.306196 
vt 0.214159 0.31018 
vt 0.224783 0.317694 
vt 0.222937 0.321826 
vt 0.217645 0.320758 
vt 0.224783 0.317694 
vt 0.217645 0.320758 
vt 0.223032 0.313588 
vt 0.213878 0.324428 
vt 0.212185 0.316444 
vt 0.215352 0.31381 
vt 0.213878 0.324428 
vt 0.215352 0.31381 
vt 0.217645 0.320758 
vt 0.0665423 0.402683 
vt 0.0652767 0.40059 
vt 0.062328 0.402011 
vt 0.0665423 0.402683 
vt 0.062328 0.402011 
vt 0.0657137 0.405055 
vt 0.221384 0.310825 
vt 0.225445 0.311357 
vt 0.227038 0.315591 
vt 0.221384 0.310825 
vt 0.227038 0.315591 
vt 0.223032 0.313588 
vt 0.223032 0.313588 
vt 0.217645 0.320758 
vt 0.215352 0.31381 
vt 0.223032 0.313588 
vt 0.215352 0.31381 
vt 0.221384 0.310825 
vt 0.213261 0.301796 
vt 0.220796 0.300565 
vt 0.220671 0.304603 
vt 0.213261 0.301796 
vt 0.220671 0.304603 
vt 0.213024 0.306196 
vt 0.225322 0.300151 
vt 0.224896 0.303429 
vt 0.220671 0.304603 
vt 0.225322 0.300151 
vt 0.220671 0.304603 
vt 0.220796 0.300565 
vt 0.0602648 0.396183 
vt 0.060255 0.398223 
vt 0.0644132 0.397339 
vt 0.0602648 0.396183 
vt 0.0644132 0.397339 
vt 0.0645455 0.395488 
vt 0.213024 0.306196 
vt 0.208846 0.304523 
vt 0.208846 0.300865 
vt 0.213024 0.306196 
vt 0.208846 0.300865 
vt 0.213261 0.301796 
vt 0.232401 0.221465 
vt 0.232001 0.231575 
vt 0.224075 0.231053 
vt 0.232401 0.221465 
vt 0.224075 0.231053 
vt 0.224349 0.221672 
vt 0.232001 0.231575 
vt 0.232081 0.238815 
vt 0.224016 0.23891 
vt 0.232001 0.231575 
vt 0.224016 0.23891 
vt 0.224075 0.231053 
vt 0.231818 0.246165 
vt 0.231863 0.250553 
vt 0.224008 0.250236 
vt 0.231818 0.246165 
vt 0.224008 0.250236 
vt 0.224303 0.245821 
vt 0.224016 0.23891 
vt 0.232081 0.238815 
vt 0.231818 0.246165 
vt 0.224016 0.23891 
vt 0.231818 0.246165 
vt 0.224303 0.245821 
vt 0.0540828 0.373754 
vt 0.058608 0.374009 
vt 0.0587815 0.379296 
vt 0.0540828 0.373754 
vt 0.0587815 0.379296 
vt 0.054152 0.379453 
vt 0.054152 0.379453 
vt 0.0587815 0.379296 
vt 0.0586318 0.383324 
vt 0.054152 0.379453 
vt 0.0586318 0.383324 
vt 0.054105 0.383132 
vt 0.054151 0.386227 
vt 0.0584163 0.386185 
vt 0.0585133 0.387099 
vt 0.054151 0.386227 
vt 0.0585133 0.387099 
vt 0.0540828 0.387501 
vt 0.0586318 0.383324 
vt 0.0584163 0.386185 
vt 0.054151 0.386227 
vt 0.0586318 0.383324 
vt 0.054151 0.386227 
vt 0.054105 0.383132 
vt 0.236082 0.221767 
vt 0.235645 0.231683 
vt 0.232001 0.231575 
vt 0.236082 0.221767 
vt 0.232001 0.231575 
vt 0.232401 0.221465 
vt 0.22042 0.230935 
vt 0.220647 0.221632 
vt 0.224349 0.221672 
vt 0.22042 0.230935 
vt 0.224349 0.221672 
vt 0.224075 0.231053 
vt 0.224199 0.217983 
vt 0.232223 0.217763 
vt 0.232401 0.221465 
vt 0.224199 0.217983 
vt 0.232401 0.221465 
vt 0.224349 0.221672 
vt 0.235645 0.231683 
vt 0.235712 0.238165 
vt 0.232081 0.238815 
vt 0.235645 0.231683 
vt 0.232081 0.238815 
vt 0.232001 0.231575 
vt 0.220355 0.2381 
vt 0.22042 0.230935 
vt 0.224075 0.231053 
vt 0.220355 0.2381 
vt 0.224075 0.231053 
vt 0.224016 0.23891 
vt 0.235171 0.245233 
vt 0.236082 0.24728 
vt 0.231818 0.246165 
vt 0.219849 0.245869 
vt 0.221003 0.244728 
vt 0.224303 0.245821 
vt 0.235612 0.239769 
vt 0.235171 0.245233 
vt 0.231818 0.246165 
vt 0.235612 0.239769 
vt 0.231818 0.246165 
vt 0.232081 0.238815 
vt 0.221003 0.244728 
vt 0.220433 0.239703 
vt 0.224016 0.23891 
vt 0.221003 0.244728 
vt 0.224016 0.23891 
vt 0.224303 0.245821 
vt 0.0612077 0.201811 
vt 0.071649 0.202139 
vt 0.0698207 0.211197 
vt 0.0612077 0.201811 
vt 0.0698207 0.211197 
vt 0.0603692 0.209722 
vt 0.0683182 0.221252 
vt 0.0678765 0.228109 
vt 0.0596762 0.225552 
vt 0.0683182 0.221252 
vt 0.0596762 0.225552 
vt 0.0599945 0.218109 
vt 0.058773 0.238609 
vt 0.0593095 0.233001 
vt 0.0680797 0.234888 
vt 0.058773 0.238609 
vt 0.0680797 0.234888 
vt 0.0695992 0.239925 
vt 0.0604898 0.250835 
vt 0.060693 0.244333 
vt 0.0690725 0.245834 
vt 0.0604898 0.250835 
vt 0.0690725 0.245834 
vt 0.0707897 0.252136 
vt 0.0175938 0.418183 
vt 0.0166105 0.422225 
vt 0.022123 0.423348 
vt 0.0175938 0.418183 
vt 0.022123 0.423348 
vt 0.0234045 0.418686 
vt 0.0214118 0.428774 
vt 0.0162375 0.426948 
vt 0.0163567 0.430557 
vt 0.0214118 0.428774 
vt 0.0163567 0.430557 
vt 0.021705 0.43194 
vt 0.0171153 0.435659 
vt 0.0225923 0.436471 
vt 0.0221778 0.435102 
vt 0.0171153 0.435659 
vt 0.0221778 0.435102 
vt 0.0169262 0.434205 
vt 0.0182988 0.441874 
vt 0.0234045 0.44249 
vt 0.0228138 0.438003 
vt 0.0182988 0.441874 
vt 0.0228138 0.438003 
vt 0.0173967 0.437289 
vt 0.0612077 0.201811 
vt 0.0603692 0.209722 
vt 0.055301 0.208531 
vt 0.0612077 0.201811 
vt 0.055301 0.208531 
vt 0.0565757 0.20088 
vt 0.073218 0.1979 
vt 0.071649 0.202139 
vt 0.0612077 0.201811 
vt 0.073218 0.1979 
vt 0.0612077 0.201811 
vt 0.0623235 0.197493 
vt 0.071649 0.202139 
vt 0.0764432 0.202456 
vt 0.0752915 0.211162 
vt 0.071649 0.202139 
vt 0.0752915 0.211162 
vt 0.0698207 0.211197 
vt 0.0536795 0.217449 
vt 0.0599945 0.218109 
vt 0.0596762 0.225552 
vt 0.0536795 0.217449 
vt 0.0596762 0.225552 
vt 0.053296 0.224712 
vt 0.074633 0.22754 
vt 0.0678765 0.228109 
vt 0.0683182 0.221252 
vt 0.074633 0.22754 
vt 0.0683182 0.221252 
vt 0.0748995 0.221416 
vt 0.0760757 0.236276 
vt 0.0695992 0.239925 
vt 0.0680797 0.234888 
vt 0.0760757 0.236276 
vt 0.0680797 0.234888 
vt 0.0753905 0.233713 
vt 0.0528133 0.231718 
vt 0.0593095 0.233001 
vt 0.058773 0.238609 
vt 0.0528133 0.231718 
vt 0.058773 0.238609 
vt 0.0522095 0.23432 
vt 0.0749795 0.253731 
vt 0.0707897 0.252136 
vt 0.0690725 0.245834 
vt 0.0749795 0.253731 
vt 0.0690725 0.245834 
vt 0.0764432 0.245167 
vt 0.052142 0.24436 
vt 0.060693 0.244333 
vt 0.0604898 0.250835 
vt 0.052142 0.24436 
vt 0.0604898 0.250835 
vt 0.0551975 0.252905 
vt 0.059426 0.256281 
vt 0.0604898 0.250835 
vt 0.0707897 0.252136 
vt 0.059426 0.256281 
vt 0.0707897 0.252136 
vt 0.0695112 0.256661 
vt 0.0764432 0.245167 
vt 0.0690725 0.245834 
vt 0.0695992 0.239925 
vt 0.0764432 0.245167 
vt 0.0695992 0.239925 
vt 0.076079 0.242334 
vt 0.0173967 0.437289 
vt 0.0228138 0.438003 
vt 0.0225923 0.436471 
vt 0.0173967 0.437289 
vt 0.0225923 0.436471 
vt 0.0171153 0.435659 
vt 0.058773 0.238609 
vt 0.060693 0.244333 
vt 0.052142 0.24436 
vt 0.058773 0.238609 
vt 0.052142 0.24436 
vt 0.051998 0.24118 
vt 0.060693 0.244333 
vt 0.058773 0.238609 
vt 0.0695992 0.239925 
vt 0.060693 0.244333 
vt 0.0695992 0.239925 
vt 0.0690725 0.245834 
vt 0.0753905 0.233713 
vt 0.0680797 0.234888 
vt 0.0678765 0.228109 
vt 0.0753905 0.233713 
vt 0.0678765 0.228109 
vt 0.074633 0.22754 
vt 0.0163567 0.430557 
vt 0.0169262 0.434205 
vt 0.0221778 0.435102 
vt 0.0163567 0.430557 
vt 0.0221778 0.435102 
vt 0.021705 0.43194 
vt 0.0596762 0.225552 
vt 0.0593095 0.233001 
vt 0.0528133 0.231718 
vt 0.0596762 0.225552 
vt 0.0528133 0.231718 
vt 0.053296 0.224712 
vt 0.0678765 0.228109 
vt 0.0680797 0.234888 
vt 0.0593095 0.233001 
vt 0.0678765 0.228109 
vt 0.0593095 0.233001 
vt 0.0596762 0.225552 
vt 0.0698207 0.211197 
vt 0.0752915 0.211162 
vt 0.0748995 0.221416 
vt 0.0698207 0.211197 
vt 0.0748995 0.221416 
vt 0.0683182 0.221252 
vt 0.0166105 0.422225 
vt 0.0162375 0.426948 
vt 0.0214118 0.428774 
vt 0.0166105 0.422225 
vt 0.0214118 0.428774 
vt 0.022123 0.423348 
vt 0.0603692 0.209722 
vt 0.0599945 0.218109 
vt 0.0536795 0.217449 
vt 0.0603692 0.209722 
vt 0.0536795 0.217449 
vt 0.055301 0.208531 
vt 0.0698207 0.211197 
vt 0.0683182 0.221252 
vt 0.0599945 0.218109 
vt 0.0698207 0.211197 
vt 0.0599945 0.218109 
vt 0.0603692 0.209722 
vt 0.014528 0.249272 
vt 0.0088565 0.247588 
vt 0.00823475 0.251711 
vt 0.014528 0.249272 
vt 0.00823475 0.251711 
vt 0.0128925 0.252994 
vt 0.0168833 0.237855 
vt 0.00722375 0.236755 
vt 0.00862525 0.243473 
vt 0.0168833 0.237855 
vt 0.00862525 0.243473 
vt 0.015293 0.245394 
vt 0.0154158 0.227935 
vt 0.0060005 0.227169 
vt 0.00715825 0.231445 
vt 0.0154158 0.227935 
vt 0.00715825 0.231445 
vt 0.0155982 0.232754 
vt 0.0060005 0.227169 
vt 0.0154158 0.227935 
vt 0.0149973 0.213096 
vt 0.0060005 0.227169 
vt 0.0149973 0.213096 
vt 0.0076725 0.210674 
vt 0.0590393 0.402161 
vt 0.058517 0.40521 
vt 0.055888 0.404297 
vt 0.0590393 0.402161 
vt 0.055888 0.404297 
vt 0.0547595 0.40139 
vt 0.0591013 0.399303 
vt 0.0590393 0.402161 
vt 0.0547595 0.40139 
vt 0.0591013 0.399303 
vt 0.0547595 0.40139 
vt 0.0541252 0.39939 
vt 0.0587908 0.395321 
vt 0.0588073 0.397144 
vt 0.05367 0.397397 
vt 0.0587908 0.395321 
vt 0.05367 0.397397 
vt 0.0538917 0.395691 
vt 0.0538917 0.395691 
vt 0.055121 0.388785 
vt 0.0591013 0.390731 
vt 0.0538917 0.395691 
vt 0.0591013 0.390731 
vt 0.0587908 0.395321 
vt 0.0214003 0.24706 
vt 0.015293 0.245394 
vt 0.014528 0.249272 
vt 0.0214003 0.24706 
vt 0.014528 0.249272 
vt 0.0179112 0.251297 
vt 0.0053045 0.249723 
vt 0.0088565 0.247588 
vt 0.00862525 0.243473 
vt 0.0053045 0.249723 
vt 0.00862525 0.243473 
vt 0.0042915 0.244268 
vt 0.0235975 0.242528 
vt 0.0168833 0.237855 
vt 0.015293 0.245394 
vt 0.0235975 0.242528 
vt 0.015293 0.245394 
vt 0.0214003 0.24706 
vt 0.0042915 0.244268 
vt 0.00862525 0.243473 
vt 0.00722375 0.236755 
vt 0.0042915 0.244268 
vt 0.00722375 0.236755 
vt 0.0026575 0.240905 
vt 0.024 0.226442 
vt 0.0154158 0.227935 
vt 0.0155982 0.232754 
vt 0.024 0.226442 
vt 0.0155982 0.232754 
vt 0.0229475 0.22949 
vt 0.00138325 0.232471 
vt 0.00715825 0.231445 
vt 0.0060005 0.227169 
vt 0.00138325 0.232471 
vt 0.0060005 0.227169 
vt -0.00047475 0.230033 
vt 0.0060005 0.227169 
vt 0.0076725 0.210674 
vt 0.0029745 0.210452 
vt 0.0060005 0.227169 
vt 0.0029745 0.210452 
vt 0.00086025 0.222708 
vt 0.0154158 0.227935 
vt 0.0208795 0.221716 
vt 0.0198197 0.213611 
vt 0.0154158 0.227935 
vt 0.0198197 0.213611 
vt 0.0149973 0.213096 
vt 0.009549 0.206481 
vt 0.0076725 0.210674 
vt 0.0149973 0.213096 
vt 0.009549 0.206481 
vt 0.0149973 0.213096 
vt 0.017132 0.208842 
vt 0.015293 0.245394 
vt 0.00862525 0.243473 
vt 0.0088565 0.247588 
vt 0.015293 0.245394 
vt 0.0088565 0.247588 
vt 0.014528 0.249272 
vt 0.00093975 0.236239 
vt 0.00722375 0.236755 
vt 0.00715825 0.231445 
vt 0.00093975 0.236239 
vt 0.00715825 0.231445 
vt 0.00138325 0.232471 
vt 0.0588073 0.397144 
vt 0.0591013 0.399303 
vt 0.0541252 0.39939 
vt 0.0588073 0.397144 
vt 0.0541252 0.39939 
vt 0.05367 0.397397 
vt 0.0155982 0.232754 
vt 0.0168833 0.237855 
vt 0.024 0.233442 
vt 0.0155982 0.232754 
vt 0.024 0.233442 
vt 0.0229475 0.22949 
vt 0.00715825 0.231445 
vt 0.00722375 0.236755 
vt 0.0168833 0.237855 
vt 0.00715825 0.231445 
vt 0.0168833 0.237855 
vt 0.0155982 0.232754 
vt 0.0875643 0.260011 
vt 0.0874757 0.254669 
vt 0.0994437 0.255632 
vt 0.0875643 0.260011 
vt 0.0994437 0.255632 
vt 0.099402 0.260661 
vt 0.0871177 0.249323 
vt 0.0857617 0.241073 
vt 0.0963857 0.242195 
vt 0.0871177 0.249323 
vt 0.0963857 0.242195 
vt 0.097736 0.251035 
vt 0.096291 0.236256 
vt 0.0963857 0.242195 
vt 0.0857617 0.241073 
vt 0.096291 0.236256 
vt 0.0857617 0.241073 
vt 0.085755 0.234863 
vt 0.0846555 0.229277 
vt 0.086044 0.221796 
vt 0.097316 0.223584 
vt 0.0846555 0.229277 
vt 0.097316 0.223584 
vt 0.0970408 0.230194 
vt 0.0886623 0.201815 
vt 0.099171 0.204955 
vt 0.0988842 0.214935 
vt 0.0886623 0.201815 
vt 0.0988842 0.214935 
vt 0.0856237 0.211944 
vt 0.0735352 0.411896 
vt 0.080044 0.411436 
vt 0.0790235 0.415305 
vt 0.0735352 0.411896 
vt 0.0790235 0.415305 
vt 0.0722925 0.416099 
vt 0.0722925 0.416099 
vt 0.0790235 0.415305 
vt 0.077978 0.419192 
vt 0.0722925 0.416099 
vt 0.077978 0.419192 
vt 0.07153 0.419642 
vt 0.0775125 0.421626 
vt 0.0710438 0.422639 
vt 0.07153 0.419642 
vt 0.0775125 0.421626 
vt 0.07153 0.419642 
vt 0.077978 0.419192 
vt 0.0740715 0.44037 
vt 0.0721065 0.434142 
vt 0.0784008 0.431963 
vt 0.0740715 0.44037 
vt 0.0784008 0.431963 
vt 0.080044 0.438128 
vt 0.104905 0.257198 
vt 0.0994437 0.255632 
vt 0.097736 0.251035 
vt 0.104905 0.257198 
vt 0.097736 0.251035 
vt 0.103158 0.249407 
vt 0.0818933 0.249075 
vt 0.0871177 0.249323 
vt 0.0874757 0.254669 
vt 0.0818933 0.249075 
vt 0.0874757 0.254669 
vt 0.082796 0.2576 
vt 0.103158 0.249407 
vt 0.097736 0.251035 
vt 0.0963857 0.242195 
vt 0.103158 0.249407 
vt 0.0963857 0.242195 
vt 0.102131 0.241676 
vt 0.0803768 0.241934 
vt 0.0857617 0.241073 
vt 0.0871177 0.249323 
vt 0.0803768 0.241934 
vt 0.0871177 0.249323 
vt 0.0818933 0.249075 
vt 0.0796088 0.236497 
vt 0.085755 0.234863 
vt 0.0857617 0.241073 
vt 0.0796088 0.236497 
vt 0.0857617 0.241073 
vt 0.0803768 0.241934 
vt 0.102131 0.241676 
vt 0.0963857 0.242195 
vt 0.096291 0.236256 
vt 0.102131 0.241676 
vt 0.096291 0.236256 
vt 0.101824 0.236526 
vt 0.0970408 0.230194 
vt 0.097316 0.223584 
vt 0.102582 0.222381 
vt 0.0970408 0.230194 
vt 0.102582 0.222381 
vt 0.102989 0.228572 
vt 0.083688 0.199532 
vt 0.0886623 0.201815 
vt 0.0856237 0.211944 
vt 0.083688 0.199532 
vt 0.0856237 0.211944 
vt 0.0799692 0.210279 
vt 0.104905 0.215195 
vt 0.0988842 0.214935 
vt 0.099171 0.204955 
vt 0.104905 0.215195 
vt 0.099171 0.204955 
vt 0.104594 0.204215 
vt 0.100883 0.199511 
vt 0.099171 0.204955 
vt 0.0886623 0.201815 
vt 0.100883 0.199511 
vt 0.0886623 0.201815 
vt 0.0901837 0.196525 
vt 0.0874757 0.254669 
vt 0.0871177 0.249323 
vt 0.097736 0.251035 
vt 0.0874757 0.254669 
vt 0.097736 0.251035 
vt 0.0994437 0.255632 
vt 0.0713615 0.429207 
vt 0.070898 0.425392 
vt 0.0775322 0.424078 
vt 0.0713615 0.429207 
vt 0.0775322 0.424078 
vt 0.077821 0.427617 
vt 0.0846555 0.229277 
vt 0.0804828 0.225795 
vt 0.0812258 0.218984 
vt 0.0846555 0.229277 
vt 0.0812258 0.218984 
vt 0.086044 0.221796 
vt 0.0783805 0.231624 
vt 0.0846555 0.229277 
vt 0.085755 0.234863 
vt 0.0783805 0.231624 
vt 0.085755 0.234863 
vt 0.0796088 0.236497 
vt 0.0775322 0.424078 
vt 0.070898 0.425392 
vt 0.0710438 0.422639 
vt 0.0775322 0.424078 
vt 0.0710438 0.422639 
vt 0.0775125 0.421626 
vt 0.096291 0.236256 
vt 0.0970408 0.230194 
vt 0.103913 0.232934 
vt 0.096291 0.236256 
vt 0.103913 0.232934 
vt 0.101824 0.236526 
vt 0.0970408 0.230194 
vt 0.096291 0.236256 
vt 0.085755 0.234863 
vt 0.0970408 0.230194 
vt 0.085755 0.234863 
vt 0.0846555 0.229277 
vt 0.086044 0.221796 
vt 0.0812258 0.218984 
vt 0.0799692 0.210279 
vt 0.086044 0.221796 
vt 0.0799692 0.210279 
vt 0.0856237 0.211944 
vt 0.0721065 0.434142 
vt 0.0713615 0.429207 
vt 0.077821 0.427617 
vt 0.0721065 0.434142 
vt 0.077821 0.427617 
vt 0.0784008 0.431963 
vt 0.097316 0.223584 
vt 0.0988842 0.214935 
vt 0.104905 0.215195 
vt 0.097316 0.223584 
vt 0.104905 0.215195 
vt 0.102582 0.222381 
vt 0.086044 0.221796 
vt 0.0856237 0.211944 
vt 0.0988842 0.214935 
vt 0.086044 0.221796 
vt 0.0988842 0.214935 
vt 0.097316 0.223584 
vt 0.135834 0.243742 
vt 0.136259 0.236349 
vt 0.125173 0.239636 
vt 0.135834 0.243742 
vt 0.125173 0.239636 
vt 0.126726 0.247133 
vt 0.134306 0.220456 
vt 0.125648 0.221981 
vt 0.126604 0.230238 
vt 0.134306 0.220456 
vt 0.126604 0.230238 
vt 0.134544 0.228544 
vt 0.127647 0.252841 
vt 0.129578 0.258174 
vt 0.13934 0.253585 
vt 0.127647 0.252841 
vt 0.13934 0.253585 
vt 0.137203 0.248237 
vt 0.135422 0.206146 
vt 0.125499 0.207148 
vt 0.125982 0.216202 
vt 0.135422 0.206146 
vt 0.125982 0.216202 
vt 0.134839 0.214467 
vt 0.0861985 0.419444 
vt 0.0863505 0.423698 
vt 0.0806573 0.423718 
vt 0.0861985 0.419444 
vt 0.0806573 0.423718 
vt 0.0807145 0.419313 
vt 0.0801293 0.431767 
vt 0.086087 0.429932 
vt 0.0872275 0.434805 
vt 0.0801293 0.431767 
vt 0.0872275 0.434805 
vt 0.0815013 0.436867 
vt 0.0872275 0.412015 
vt 0.0870532 0.416462 
vt 0.0815262 0.416463 
vt 0.0872275 0.412015 
vt 0.0815262 0.416463 
vt 0.0827132 0.411691 
vt 0.0860168 0.427421 
vt 0.086087 0.429932 
vt 0.0801293 0.431767 
vt 0.0860168 0.427421 
vt 0.0801293 0.431767 
vt 0.0801973 0.42834 
vt 0.126726 0.247133 
vt 0.125173 0.239636 
vt 0.121433 0.240824 
vt 0.126726 0.247133 
vt 0.121433 0.240824 
vt 0.122535 0.247185 
vt 0.140504 0.220037 
vt 0.134306 0.220456 
vt 0.134544 0.228544 
vt 0.140504 0.220037 
vt 0.134544 0.228544 
vt 0.13971 0.228406 
vt 0.122478 0.229855 
vt 0.126604 0.230238 
vt 0.125648 0.221981 
vt 0.122478 0.229855 
vt 0.125648 0.221981 
vt 0.122148 0.221352 
vt 0.139888 0.243019 
vt 0.135834 0.243742 
vt 0.137203 0.248237 
vt 0.139888 0.243019 
vt 0.137203 0.248237 
vt 0.141664 0.252034 
vt 0.123716 0.256626 
vt 0.127647 0.252841 
vt 0.126726 0.247133 
vt 0.123716 0.256626 
vt 0.126726 0.247133 
vt 0.122535 0.247185 
vt 0.140149 0.206062 
vt 0.135422 0.206146 
vt 0.134839 0.214467 
vt 0.140149 0.206062 
vt 0.134839 0.214467 
vt 0.141664 0.214352 
vt 0.122699 0.215504 
vt 0.125982 0.216202 
vt 0.125499 0.207148 
vt 0.122699 0.215504 
vt 0.125499 0.207148 
vt 0.121777 0.206607 
vt 0.124752 0.203729 
vt 0.125499 0.207148 
vt 0.135422 0.206146 
vt 0.124752 0.203729 
vt 0.135422 0.206146 
vt 0.133022 0.20204 
vt 0.135834 0.243742 
vt 0.139888 0.243019 
vt 0.140126 0.238499 
vt 0.135834 0.243742 
vt 0.140126 0.238499 
vt 0.136259 0.236349 
vt 0.126726 0.247133 
vt 0.127647 0.252841 
vt 0.137203 0.248237 
vt 0.126726 0.247133 
vt 0.137203 0.248237 
vt 0.135834 0.243742 
vt 0.136259 0.236349 
vt 0.140831 0.235336 
vt 0.13971 0.228406 
vt 0.136259 0.236349 
vt 0.13971 0.228406 
vt 0.134544 0.228544 
vt 0.0863505 0.423698 
vt 0.0860168 0.427421 
vt 0.0801973 0.42834 
vt 0.0863505 0.423698 
vt 0.0801973 0.42834 
vt 0.0806573 0.423718 
vt 0.125173 0.239636 
vt 0.126604 0.230238 
vt 0.122478 0.229855 
vt 0.125173 0.239636 
vt 0.122478 0.229855 
vt 0.121496 0.238203 
vt 0.136259 0.236349 
vt 0.134544 0.228544 
vt 0.126604 0.230238 
vt 0.136259 0.236349 
vt 0.126604 0.230238 
vt 0.125173 0.239636 
vt 0.134839 0.214467 
vt 0.125982 0.216202 
vt 0.125648 0.221981 
vt 0.134839 0.214467 
vt 0.125648 0.221981 
vt 0.134306 0.220456 
vt 0.141664 0.214352 
vt 0.134839 0.214467 
vt 0.134306 0.220456 
vt 0.141664 0.214352 
vt 0.134306 0.220456 
vt 0.140504 0.220037 
vt 0.0870532 0.416462 
vt 0.0861985 0.419444 
vt 0.0807145 0.419313 
vt 0.0870532 0.416462 
vt 0.0807145 0.419313 
vt 0.0815262 0.416463 
vt 0.125648 0.221981 
vt 0.125982 0.216202 
vt 0.122699 0.215504 
vt 0.125648 0.221981 
vt 0.122699 0.215504 
vt 0.122148 0.221352 
vt 0.17593 0.220078 
vt 0.177548 0.207507 
vt 0.167269 0.207654 
vt 0.17593 0.220078 
vt 0.167269 0.207654 
vt 0.16672 0.219756 
vt 0.174825 0.230944 
vt 0.17593 0.220078 
vt 0.16672 0.219756 
vt 0.174825 0.230944 
vt 0.16672 0.219756 
vt 0.165404 0.231467 
vt 0.165452 0.236511 
vt 0.175153 0.235422 
vt 0.174825 0.230944 
vt 0.165452 0.236511 
vt 0.174825 0.230944 
vt 0.165404 0.231467 
vt 0.179871 0.247553 
vt 0.176778 0.239601 
vt 0.165282 0.242564 
vt 0.179871 0.247553 
vt 0.165282 0.242564 
vt 0.170947 0.249186 
vt 0.17265 0.254484 
vt 0.181677 0.24939 
vt 0.179871 0.247553 
vt 0.17265 0.254484 
vt 0.179871 0.247553 
vt 0.170947 0.249186 
vt 0.0140475 0.424853 
vt 0.00866325 0.423786 
vt 0.0103843 0.417282 
vt 0.0140475 0.424853 
vt 0.0103843 0.417282 
vt 0.0157767 0.418154 
vt 0.0132035 0.43014 
vt 0.00743675 0.429443 
vt 0.00866325 0.423786 
vt 0.0132035 0.43014 
vt 0.00866325 0.423786 
vt 0.0140475 0.424853 
vt 0.0071 0.431936 
vt 0.00743675 0.429443 
vt 0.0132035 0.43014 
vt 0.0071 0.431936 
vt 0.0132035 0.43014 
vt 0.0132407 0.432414 
vt 0.01537 0.437787 
vt 0.009691 0.438898 
vt 0.0072535 0.434556 
vt 0.01537 0.437787 
vt 0.0072535 0.434556 
vt 0.0137305 0.434908 
vt 0.0114223 0.442124 
vt 0.009691 0.438898 
vt 0.01537 0.437787 
vt 0.0114223 0.442124 
vt 0.01537 0.437787 
vt 0.0157767 0.438286 
vt 0.162457 0.220009 
vt 0.16672 0.219756 
vt 0.167269 0.207654 
vt 0.162457 0.220009 
vt 0.167269 0.207654 
vt 0.16274 0.207836 
vt 0.167323 0.203264 
vt 0.167269 0.207654 
vt 0.177548 0.207507 
vt 0.167323 0.203264 
vt 0.177548 0.207507 
vt 0.177501 0.202973 
vt 0.182078 0.20807 
vt 0.177548 0.207507 
vt 0.17593 0.220078 
vt 0.182078 0.20807 
vt 0.17593 0.220078 
vt 0.180671 0.220679 
vt 0.161374 0.230835 
vt 0.165404 0.231467 
vt 0.16672 0.219756 
vt 0.161374 0.230835 
vt 0.16672 0.219756 
vt 0.162457 0.220009 
vt 0.180671 0.220679 
vt 0.17593 0.220078 
vt 0.174825 0.230944 
vt 0.180671 0.220679 
vt 0.174825 0.230944 
vt 0.179296 0.230617 
vt 0.161502 0.235879 
vt 0.165452 0.236511 
vt 0.165404 0.231467 
vt 0.161502 0.235879 
vt 0.165404 0.231467 
vt 0.161374 0.230835 
vt 0.179296 0.230617 
vt 0.174825 0.230944 
vt 0.175153 0.235422 
vt 0.179296 0.230617 
vt 0.175153 0.235422 
vt 0.179599 0.234989 
vt 0.168718 0.252237 
vt 0.170947 0.249186 
vt 0.165282 0.242564 
vt 0.168718 0.252237 
vt 0.165282 0.242564 
vt 0.162707 0.245758 
vt 0.180814 0.242467 
vt 0.176778 0.239601 
vt 0.179871 0.247553 
vt 0.180814 0.242467 
vt 0.179871 0.247553 
vt 0.181846 0.248626 
vt 0.173255 0.257535 
vt 0.17265 0.254484 
vt 0.170947 0.249186 
vt 0.173255 0.257535 
vt 0.170947 0.249186 
vt 0.168718 0.252237 
vt 0.181846 0.248626 
vt 0.179871 0.247553 
vt 0.181677 0.24939 
vt 0.181846 0.248626 
vt 0.181677 0.24939 
vt 0.182078 0.249709 
vt 0.174247 0.257064 
vt 0.181961 0.249785 
vt 0.181677 0.24939 
vt 0.174247 0.257064 
vt 0.181677 0.24939 
vt 0.17265 0.254484 
vt 0.165282 0.242564 
vt 0.176778 0.239601 
vt 0.175153 0.235422 
vt 0.165282 0.242564 
vt 0.175153 0.235422 
vt 0.165452 0.236511 
vt 0.160773 0.241048 
vt 0.165282 0.242564 
vt 0.165452 0.236511 
vt 0.160773 0.241048 
vt 0.165452 0.236511 
vt 0.161502 0.235879 
vt 0.0072535 0.434556 
vt 0.0071 0.431936 
vt 0.0132407 0.432414 
vt 0.0072535 0.434556 
vt 0.0132407 0.432414 
vt 0.0137305 0.434908 
vt 0.175153 0.235422 
vt 0.176778 0.239601 
vt 0.181397 0.239371 
vt 0.175153 0.235422 
vt 0.181397 0.239371 
vt 0.179599 0.234989 
vt 0.195347 0.230013 
vt 0.195588 0.223733 
vt 0.188406 0.224669 
vt 0.195347 0.230013 
vt 0.188406 0.224669 
vt 0.187979 0.230984 
vt 0.195785 0.240496 
vt 0.195611 0.238126 
vt 0.187569 0.239537 
vt 0.195785 0.240496 
vt 0.187569 0.239537 
vt 0.190333 0.24412 
vt 0.195588 0.223733 
vt 0.19708 0.214585 
vt 0.189389 0.216409 
vt 0.195588 0.223733 
vt 0.189389 0.216409 
vt 0.188406 0.224669 
vt 0.187979 0.230984 
vt 0.187569 0.239537 
vt 0.195611 0.238126 
vt 0.187979 0.230984 
vt 0.195611 0.238126 
vt 0.195347 0.230013 
vt 0.070541 0.394457 
vt 0.0660433 0.395075 
vt 0.066603 0.391702 
vt 0.070541 0.394457 
vt 0.066603 0.391702 
vt 0.0709163 0.391541 
vt 0.071389 0.399758 
vt 0.0686117 0.401896 
vt 0.0666128 0.399037 
vt 0.071389 0.399758 
vt 0.0666128 0.399037 
vt 0.0706597 0.397945 
vt 0.0709163 0.391541 
vt 0.066603 0.391702 
vt 0.0682053 0.387307 
vt 0.0709163 0.391541 
vt 0.0682053 0.387307 
vt 0.0725847 0.386713 
vt 0.0660433 0.395075 
vt 0.070541 0.394457 
vt 0.0706597 0.397945 
vt 0.0660433 0.395075 
vt 0.0706597 0.397945 
vt 0.0666128 0.399037 
vt 0.183638 0.230519 
vt 0.187979 0.230984 
vt 0.188406 0.224669 
vt 0.183638 0.230519 
vt 0.188406 0.224669 
vt 0.18409 0.224505 
vt 0.199994 0.224476 
vt 0.195588 0.223733 
vt 0.195347 0.230013 
vt 0.199994 0.224476 
vt 0.195347 0.230013 
vt 0.199727 0.229918 
vt 0.187911 0.247821 
vt 0.190333 0.24412 
vt 0.187569 0.239537 
vt 0.187911 0.247821 
vt 0.187569 0.239537 
vt 0.184079 0.242294 
vt 0.200188 0.237696 
vt 0.195611 0.238126 
vt 0.195785 0.240496 
vt 0.200188 0.237696 
vt 0.195785 0.240496 
vt 0.199977 0.241393 
vt 0.18409 0.224505 
vt 0.188406 0.224669 
vt 0.189389 0.216409 
vt 0.18409 0.224505 
vt 0.189389 0.216409 
vt 0.184861 0.216369 
vt 0.188153 0.212197 
vt 0.189389 0.216409 
vt 0.19708 0.214585 
vt 0.188153 0.212197 
vt 0.19708 0.214585 
vt 0.195726 0.210166 
vt 0.201537 0.215659 
vt 0.19708 0.214585 
vt 0.195588 0.223733 
vt 0.201537 0.215659 
vt 0.195588 0.223733 
vt 0.199994 0.224476 
vt 0.199727 0.229918 
vt 0.195347 0.230013 
vt 0.195611 0.238126 
vt 0.199727 0.229918 
vt 0.195611 0.238126 
vt 0.199811 0.236336 
vt 0.183245 0.237575 
vt 0.187569 0.239537 
vt 0.187979 0.230984 
vt 0.183245 0.237575 
vt 0.187979 0.230984 
vt 0.183638 0.230519 
vt 0.199617 0.246825 
vt 0.197442 0.242936 
vt 0.192907 0.248865 
vt 0.199617 0.246825 
vt 0.192907 0.248865 
vt 0.196386 0.252607 
vt 0.191001 0.253839 
vt 0.192907 0.248865 
vt 0.190333 0.24412 
vt 0.191001 0.253839 
vt 0.190333 0.24412 
vt 0.187911 0.247821 
vt 0.0725847 0.401487 
vt 0.0709243 0.404659 
vt 0.0686117 0.401896 
vt 0.0725847 0.401487 
vt 0.0686117 0.401896 
vt 0.071389 0.399758 
vt 0.195785 0.240496 
vt 0.197442 0.242936 
vt 0.201537 0.244954 
vt 0.195785 0.240496 
vt 0.201537 0.244954 
vt 0.199977 0.241393 
vt 0.197442 0.242936 
vt 0.195785 0.240496 
vt 0.190333 0.24412 
vt 0.197442 0.242936 
vt 0.190333 0.24412 
vt 0.192907 0.248865 
vt 0.215233 0.223245 
vt 0.206104 0.223455 
vt 0.20583 0.232888 
vt 0.215233 0.223245 
vt 0.20583 0.232888 
vt 0.214788 0.233407 
vt 0.214788 0.233407 
vt 0.20583 0.232888 
vt 0.205787 0.240672 
vt 0.214788 0.233407 
vt 0.205787 0.240672 
vt 0.214883 0.240639 
vt 0.214678 0.247947 
vt 0.207754 0.247631 
vt 0.209763 0.251831 
vt 0.214678 0.247947 
vt 0.209763 0.251831 
vt 0.215178 0.252297 
vt 0.205787 0.240672 
vt 0.207754 0.247631 
vt 0.214678 0.247947 
vt 0.205787 0.240672 
vt 0.214678 0.247947 
vt 0.214883 0.240639 
vt 0.0868957 0.409361 
vt 0.0867722 0.403661 
vt 0.0815415 0.403857 
vt 0.0868957 0.409361 
vt 0.0815415 0.403857 
vt 0.0817702 0.40914 
vt 0.0867722 0.403661 
vt 0.086788 0.399983 
vt 0.0816545 0.399827 
vt 0.0867722 0.403661 
vt 0.0816545 0.399827 
vt 0.0815415 0.403857 
vt 0.0867175 0.396888 
vt 0.0868957 0.395624 
vt 0.0839498 0.394733 
vt 0.0867175 0.396888 
vt 0.0839498 0.394733 
vt 0.0827918 0.396963 
vt 0.0816545 0.399827 
vt 0.086788 0.399983 
vt 0.0867175 0.396888 
vt 0.0816545 0.399827 
vt 0.0867175 0.396888 
vt 0.0827918 0.396963 
vt 0.218929 0.223504 
vt 0.215233 0.223245 
vt 0.214788 0.233407 
vt 0.218929 0.223504 
vt 0.214788 0.233407 
vt 0.218469 0.233532 
vt 0.202185 0.232752 
vt 0.20583 0.232888 
vt 0.206104 0.223455 
vt 0.202185 0.232752 
vt 0.206104 0.223455 
vt 0.202392 0.223398 
vt 0.206018 0.219743 
vt 0.206104 0.223455 
vt 0.215233 0.223245 
vt 0.206018 0.219743 
vt 0.215233 0.223245 
vt 0.215117 0.219514 
vt 0.218469 0.233532 
vt 0.214788 0.233407 
vt 0.214883 0.240639 
vt 0.218469 0.233532 
vt 0.214883 0.240639 
vt 0.218518 0.240022 
vt 0.202151 0.239892 
vt 0.205787 0.240672 
vt 0.20583 0.232888 
vt 0.202151 0.239892 
vt 0.20583 0.232888 
vt 0.202185 0.232752 
vt 0.218008 0.247002 
vt 0.214678 0.247947 
vt 0.218929 0.249055 
vt 0.205425 0.251659 
vt 0.207754 0.247631 
vt 0.204301 0.247352 
vt 0.218432 0.241605 
vt 0.214883 0.240639 
vt 0.214678 0.247947 
vt 0.218432 0.241605 
vt 0.214678 0.247947 
vt 0.218008 0.247002 
vt 0.204301 0.247352 
vt 0.207754 0.247631 
vt 0.205787 0.240672 
vt 0.204301 0.247352 
vt 0.205787 0.240672 
vt 0.202507 0.242247 
vt 0.0412475 0.253694 
vt 0.0342968 0.251621 
vt 0.0337775 0.253469 
vt 0.0412475 0.253694 
vt 0.0337775 0.253469 
vt 0.0393195 0.256958 
vt 0.0426968 0.24251 
vt 0.0361532 0.240908 
vt 0.0349682 0.24773 
vt 0.0426968 0.24251 
vt 0.0349682 0.24773 
vt 0.0419373 0.249819 
vt 0.035921 0.237419 
vt 0.0361532 0.240908 
vt 0.0426968 0.24251 
vt 0.035921 0.237419 
vt 0.0426968 0.24251 
vt 0.0442218 0.2385 
vt 0.0363425 0.233747 
vt 0.043676 0.233889 
vt 0.0443183 0.225882 
vt 0.0363425 0.233747 
vt 0.0443183 0.225882 
vt 0.0351163 0.22471 
vt 0.0793745 0.395811 
vt 0.0782302 0.392987 
vt 0.0748415 0.393948 
vt 0.0793745 0.395811 
vt 0.0748415 0.393948 
vt 0.0749457 0.396831 
vt 0.0801455 0.398496 
vt 0.0793745 0.395811 
vt 0.0749457 0.396831 
vt 0.0801455 0.398496 
vt 0.0749457 0.396831 
vt 0.075528 0.399358 
vt 0.080161 0.400581 
vt 0.0801455 0.398496 
vt 0.075528 0.399358 
vt 0.080161 0.400581 
vt 0.075528 0.399358 
vt 0.075646 0.400913 
vt 0.07541 0.402401 
vt 0.074962 0.406649 
vt 0.0795845 0.406141 
vt 0.07541 0.402401 
vt 0.0795845 0.406141 
vt 0.079839 0.40267 
vt 0.046227 0.249843 
vt 0.0419373 0.249819 
vt 0.0412475 0.253694 
vt 0.046227 0.249843 
vt 0.0412475 0.253694 
vt 0.044535 0.255118 
vt 0.0324273 0.252003 
vt 0.0342968 0.251621 
vt 0.0349682 0.24773 
vt 0.0324273 0.252003 
vt 0.0349682 0.24773 
vt 0.030933 0.246707 
vt 0.0477558 0.244843 
vt 0.0426968 0.24251 
vt 0.0419373 0.249819 
vt 0.0477558 0.244843 
vt 0.0419373 0.249819 
vt 0.046227 0.249843 
vt 0.030933 0.246707 
vt 0.0349682 0.24773 
vt 0.0361532 0.240908 
vt 0.030933 0.246707 
vt 0.0361532 0.240908 
vt 0.030629 0.241932 
vt 0.0488358 0.241319 
vt 0.0442218 0.2385 
vt 0.0426968 0.24251 
vt 0.0488358 0.241319 
vt 0.0426968 0.24251 
vt 0.0477558 0.244843 
vt 0.030629 0.241932 
vt 0.0361532 0.240908 
vt 0.035921 0.237419 
vt 0.030629 0.241932 
vt 0.035921 0.237419 
vt 0.0308193 0.239125 
vt 0.0363425 0.233747 
vt 0.0351163 0.22471 
vt 0.0308708 0.224344 
vt 0.0363425 0.233747 
vt 0.0308708 0.224344 
vt 0.032606 0.231807 
vt 0.043676 0.233889 
vt 0.0470437 0.231725 
vt 0.0486063 0.225477 
vt 0.043676 0.233889 
vt 0.0486063 0.225477 
vt 0.0443183 0.225882 
vt 0.035777 0.212299 
vt 0.0351675 0.21679 
vt 0.044177 0.218933 
vt 0.035777 0.212299 
vt 0.044177 0.218933 
vt 0.044995 0.214208 
vt 0.0419373 0.249819 
vt 0.0349682 0.24773 
vt 0.0342968 0.251621 
vt 0.0419373 0.249819 
vt 0.0342968 0.251621 
vt 0.0412475 0.253694 
vt 0.0470437 0.231725 
vt 0.043676 0.233889 
vt 0.0442218 0.2385 
vt 0.0470437 0.231725 
vt 0.0442218 0.2385 
vt 0.0482545 0.235678 
vt 0.079839 0.40267 
vt 0.080161 0.400581 
vt 0.075646 0.400913 
vt 0.079839 0.40267 
vt 0.075646 0.400913 
vt 0.07541 0.402401 
vt 0.035921 0.237419 
vt 0.0363425 0.233747 
vt 0.032606 0.231807 
vt 0.035921 0.237419 
vt 0.032606 0.231807 
vt 0.0318612 0.234461 
vt 0.043676 0.233889 
vt 0.0363425 0.233747 
vt 0.035921 0.237419 
vt 0.043676 0.233889 
vt 0.035921 0.237419 
vt 0.0442218 0.2385 
vt 0.0443183 0.225882 
vt 0.0486063 0.225477 
vt 0.0487048 0.219874 
vt 0.0443183 0.225882 
vt 0.0487048 0.219874 
vt 0.044177 0.218933 
vt 0.074962 0.406649 
vt 0.0748415 0.410225 
vt 0.0796405 0.409068 
vt 0.074962 0.406649 
vt 0.0796405 0.409068 
vt 0.0795845 0.406141 
vt 0.0351163 0.22471 
vt 0.0351675 0.21679 
vt 0.030629 0.217775 
vt 0.0351163 0.22471 
vt 0.030629 0.217775 
vt 0.0308708 0.224344 
vt 0.0443183 0.225882 
vt 0.044177 0.218933 
vt 0.0351675 0.21679 
vt 0.0443183 0.225882 
vt 0.0351675 0.21679 
vt 0.0351163 0.22471 
vt 0.0809577 0.295675 
vt 0.0707915 0.295228 
vt 0.0712665 0.302544 
vt 0.0809577 0.295675 
vt 0.0712665 0.302544 
vt 0.081083 0.3027 
vt 0.0816095 0.343406 
vt 0.0817955 0.329192 
vt 0.0706152 0.330354 
vt 0.0816095 0.343406 
vt 0.0706152 0.330354 
vt 0.0706165 0.342646 
vt 0.0729585 0.348091 
vt 0.0830012 0.34569 
vt 0.0816095 0.343406 
vt 0.0729585 0.348091 
vt 0.0816095 0.343406 
vt 0.0706165 0.342646 
vt 0.0243037 0.416512 
vt 0.0237475 0.419881 
vt 0.0293382 0.419541 
vt 0.0243037 0.416512 
vt 0.0293382 0.419541 
vt 0.0297632 0.416353 
vt 0.0297632 0.442865 
vt 0.0294992 0.439424 
vt 0.0239 0.440897 
vt 0.0297632 0.442865 
vt 0.0239 0.440897 
vt 0.0240657 0.441756 
vt 0.0712347 0.291069 
vt 0.0707915 0.295228 
vt 0.0809577 0.295675 
vt 0.0712347 0.291069 
vt 0.0809577 0.295675 
vt 0.0812055 0.291454 
vt 0.0809577 0.295675 
vt 0.081083 0.3027 
vt 0.0851235 0.303476 
vt 0.0809577 0.295675 
vt 0.0851235 0.303476 
vt 0.0851725 0.297382 
vt 0.0707915 0.295228 
vt 0.0666552 0.297302 
vt 0.0668913 0.302933 
vt 0.0707915 0.295228 
vt 0.0668913 0.302933 
vt 0.0712665 0.302544 
vt 0.0706165 0.342646 
vt 0.0706152 0.330354 
vt 0.06089 0.331997 
vt 0.0706165 0.342646 
vt 0.06089 0.331997 
vt 0.0647798 0.342476 
vt 0.0739043 0.35117 
vt 0.0729585 0.348091 
vt 0.0706165 0.342646 
vt 0.0739043 0.35117 
vt 0.0706165 0.342646 
vt 0.0682878 0.348027 
vt 0.0849195 0.345546 
vt 0.0816095 0.343406 
vt 0.0830012 0.34569 
vt 0.0849195 0.345546 
vt 0.0830012 0.34569 
vt 0.0833742 0.346122 
vt 0.0740085 0.350988 
vt 0.0832615 0.346172 
vt 0.0830012 0.34569 
vt 0.0740085 0.350988 
vt 0.0830012 0.34569 
vt 0.0729585 0.348091 
vt 0.0239 0.440897 
vt 0.0294992 0.439424 
vt 0.0290997 0.433321 
vt 0.0239 0.440897 
vt 0.0290997 0.433321 
vt 0.0229715 0.43393 
vt 0.0816095 0.343406 
vt 0.0849195 0.345546 
vt 0.0877147 0.333215 
vt 0.0816095 0.343406 
vt 0.0877147 0.333215 
vt 0.0817955 0.329192 
vt 0.0715702 0.312542 
vt 0.0665037 0.311537 
vt 0.0639018 0.320578 
vt 0.0715702 0.312542 
vt 0.0639018 0.320578 
vt 0.071272 0.322521 
vt 0.0235332 0.42472 
vt 0.0231615 0.429836 
vt 0.0290882 0.429224 
vt 0.0235332 0.42472 
vt 0.0290882 0.429224 
vt 0.0292703 0.424199 
vt 0.0807322 0.312106 
vt 0.0811435 0.321629 
vt 0.0867248 0.321865 
vt 0.0807322 0.312106 
vt 0.0867248 0.321865 
vt 0.0852828 0.31234 
vt 0.0715702 0.312542 
vt 0.071272 0.322521 
vt 0.0811435 0.321629 
vt 0.0715702 0.312542 
vt 0.0811435 0.321629 
vt 0.0807322 0.312106 
vt 0.071272 0.322521 
vt 0.0639018 0.320578 
vt 0.0608812 0.327244 
vt 0.071272 0.322521 
vt 0.0608812 0.327244 
vt 0.0706152 0.330354 
vt 0.0231615 0.429836 
vt 0.0229715 0.43393 
vt 0.0290997 0.433321 
vt 0.0231615 0.429836 
vt 0.0290997 0.433321 
vt 0.0290882 0.429224 
vt 0.0811435 0.321629 
vt 0.0817955 0.329192 
vt 0.0892138 0.328861 
vt 0.0811435 0.321629 
vt 0.0892138 0.328861 
vt 0.0867248 0.321865 
vt 0.071272 0.322521 
vt 0.0706152 0.330354 
vt 0.0817955 0.329192 
vt 0.071272 0.322521 
vt 0.0817955 0.329192 
vt 0.0811435 0.321629 
vt 0.0712665 0.302544 
vt 0.0668913 0.302933 
vt 0.0665037 0.311537 
vt 0.0712665 0.302544 
vt 0.0665037 0.311537 
vt 0.0715702 0.312542 
vt 0.0237475 0.419881 
vt 0.0235332 0.42472 
vt 0.0292703 0.424199 
vt 0.0237475 0.419881 
vt 0.0292703 0.424199 
vt 0.0293382 0.419541 
vt 0.081083 0.3027 
vt 0.0807322 0.312106 
vt 0.0852828 0.31234 
vt 0.081083 0.3027 
vt 0.0852828 0.31234 
vt 0.0851235 0.303476 
vt 0.0712665 0.302544 
vt 0.0715702 0.312542 
vt 0.0807322 0.312106 
vt 0.0712665 0.302544 
vt 0.0807322 0.312106 
vt 0.081083 0.3027 
vt 0.158479 0.254873 
vt 0.154553 0.258107 
vt 0.153938 0.250417 
vt 0.158479 0.254873 
vt 0.153938 0.250417 
vt 0.158046 0.250057 
vt 0.15386 0.227469 
vt 0.154017 0.231747 
vt 0.146219 0.231931 
vt 0.15386 0.227469 
vt 0.146219 0.231931 
vt 0.146212 0.227663 
vt 0.142889 0.250165 
vt 0.146981 0.25059 
vt 0.146434 0.258083 
vt 0.142889 0.250165 
vt 0.146434 0.258083 
vt 0.142545 0.255063 
vt 0.0920765 0.405257 
vt 0.0920758 0.407768 
vt 0.087811 0.407768 
vt 0.0920765 0.405257 
vt 0.087811 0.407768 
vt 0.08781 0.405258 
vt 0.154553 0.258107 
vt 0.146434 0.258083 
vt 0.146981 0.25059 
vt 0.154553 0.258107 
vt 0.146981 0.25059 
vt 0.153938 0.250417 
vt 0.0920765 0.405257 
vt 0.08781 0.405258 
vt 0.0878095 0.402604 
vt 0.0920765 0.405257 
vt 0.0878095 0.402604 
vt 0.092077 0.402602 
vt 0.158046 0.250057 
vt 0.153938 0.250417 
vt 0.154359 0.246024 
vt 0.158046 0.250057 
vt 0.154359 0.246024 
vt 0.158234 0.247288 
vt 0.092077 0.402602 
vt 0.0878095 0.402604 
vt 0.0878107 0.401047 
vt 0.092077 0.402602 
vt 0.0878107 0.401047 
vt 0.0920765 0.401046 
vt 0.14257 0.247307 
vt 0.146351 0.24612 
vt 0.146981 0.25059 
vt 0.14257 0.247307 
vt 0.146981 0.25059 
vt 0.142889 0.250165 
vt 0.153938 0.250417 
vt 0.146981 0.25059 
vt 0.146351 0.24612 
vt 0.153938 0.250417 
vt 0.146351 0.24612 
vt 0.154359 0.246024 
vt 0.158073 0.241535 
vt 0.153983 0.240981 
vt 0.153919 0.23656 
vt 0.158073 0.241535 
vt 0.153919 0.23656 
vt 0.15823 0.236724 
vt 0.0920793 0.399179 
vt 0.0878128 0.399179 
vt 0.087811 0.396549 
vt 0.0920793 0.399179 
vt 0.087811 0.396549 
vt 0.0920762 0.396549 
vt 0.142238 0.236899 
vt 0.146457 0.236661 
vt 0.146551 0.241082 
vt 0.142238 0.236899 
vt 0.146551 0.241082 
vt 0.142537 0.241641 
vt 0.153983 0.240981 
vt 0.146551 0.241082 
vt 0.146457 0.236661 
vt 0.153983 0.240981 
vt 0.146457 0.236661 
vt 0.153919 0.23656 
vt 0.158171 0.244968 
vt 0.154359 0.246024 
vt 0.153983 0.240981 
vt 0.158171 0.244968 
vt 0.153983 0.240981 
vt 0.158073 0.241535 
vt 0.0920765 0.401046 
vt 0.0878107 0.401047 
vt 0.0878128 0.399179 
vt 0.0920765 0.401046 
vt 0.0878128 0.399179 
vt 0.0920793 0.399179 
vt 0.142537 0.241641 
vt 0.146551 0.241082 
vt 0.146351 0.24612 
vt 0.142537 0.241641 
vt 0.146351 0.24612 
vt 0.142549 0.24499 
vt 0.154359 0.246024 
vt 0.146351 0.24612 
vt 0.146551 0.241082 
vt 0.154359 0.246024 
vt 0.146551 0.241082 
vt 0.153983 0.240981 
vt 0.15823 0.236724 
vt 0.153919 0.23656 
vt 0.154017 0.231747 
vt 0.15823 0.236724 
vt 0.154017 0.231747 
vt 0.158479 0.231682 
vt 0.0920762 0.396549 
vt 0.087811 0.396549 
vt 0.0878095 0.393761 
vt 0.0920762 0.396549 
vt 0.0878095 0.393761 
vt 0.092078 0.393757 
vt 0.141869 0.231994 
vt 0.146219 0.231931 
vt 0.146457 0.236661 
vt 0.141869 0.231994 
vt 0.146457 0.236661 
vt 0.142238 0.236899 
vt 0.153919 0.23656 
vt 0.146457 0.236661 
vt 0.146219 0.231931 
vt 0.153919 0.23656 
vt 0.146219 0.231931 
vt 0.154017 0.231747 
vt 0.013641 0.288979 
vt 0.0218445 0.289222 
vt 0.0215045 0.294645 
vt 0.013641 0.288979 
vt 0.0215045 0.294645 
vt 0.013031 0.294398 
vt 0.009031 0.330009 
vt 0.0185362 0.329842 
vt 0.017646 0.332157 
vt 0.009031 0.330009 
vt 0.017646 0.332157 
vt 0.0106867 0.334216 
vt 0.0103368 0.338691 
vt 0.0182822 0.336084 
vt 0.018676 0.341655 
vt 0.0103368 0.338691 
vt 0.018676 0.341655 
vt 0.009614 0.343251 
vt 0.0485475 0.407425 
vt 0.0524767 0.404562 
vt 0.0523148 0.403103 
vt 0.0485475 0.407425 
vt 0.0523148 0.403103 
vt 0.0482027 0.404733 
vt 0.0267485 0.333006 
vt 0.0253573 0.335548 
vt 0.017646 0.332157 
vt 0.0267485 0.333006 
vt 0.017646 0.332157 
vt 0.0185362 0.329842 
vt 0.006646 0.340465 
vt 0.00282625 0.336438 
vt 0.009031 0.330009 
vt 0.006646 0.340465 
vt 0.009031 0.330009 
vt 0.0106867 0.334216 
vt 0.0482027 0.404733 
vt 0.0523148 0.403103 
vt 0.052532 0.40181 
vt 0.0482027 0.404733 
vt 0.052532 0.40181 
vt 0.0478388 0.402947 
vt 0.026441 0.323135 
vt 0.0185362 0.329842 
vt 0.0180118 0.324101 
vt 0.026441 0.323135 
vt 0.0180118 0.324101 
vt 0.0255433 0.321123 
vt 0.0185362 0.329842 
vt 0.009031 0.330009 
vt 0.0104195 0.324693 
vt 0.0185362 0.329842 
vt 0.0104195 0.324693 
vt 0.0180118 0.324101 
vt 0.009031 0.330009 
vt 0.00236375 0.322958 
vt 0.00413125 0.320598 
vt 0.009031 0.330009 
vt 0.00413125 0.320598 
vt 0.0104195 0.324693 
vt 0.0481597 0.400649 
vt 0.0529652 0.400076 
vt 0.0529895 0.396996 
vt 0.0481597 0.400649 
vt 0.0529895 0.396996 
vt 0.048291 0.397345 
vt 0.025001 0.317566 
vt 0.018913 0.318002 
vt 0.020271 0.31233 
vt 0.025001 0.317566 
vt 0.020271 0.31233 
vt 0.025919 0.311357 
vt 0.018913 0.318002 
vt 0.0113692 0.318181 
vt 0.0119293 0.311756 
vt 0.018913 0.318002 
vt 0.0119293 0.311756 
vt 0.020271 0.31233 
vt 0.0113692 0.318181 
vt 0.00559025 0.316761 
vt 0.00674825 0.310057 
vt 0.0113692 0.318181 
vt 0.00674825 0.310057 
vt 0.0119293 0.311756 
vt 0.0212028 0.305621 
vt 0.0127003 0.305023 
vt 0.013031 0.294398 
vt 0.0212028 0.305621 
vt 0.013031 0.294398 
vt 0.0215045 0.294645 
vt 0.0264117 0.304612 
vt 0.0212028 0.305621 
vt 0.0215045 0.294645 
vt 0.0264117 0.304612 
vt 0.0215045 0.294645 
vt 0.0267485 0.292882 
vt 0.0482972 0.393718 
vt 0.0528532 0.393412 
vt 0.0521687 0.387159 
vt 0.0482972 0.393718 
vt 0.0521687 0.387159 
vt 0.0478388 0.387458 
vt 0.0127003 0.305023 
vt 0.007826 0.303557 
vt 0.008135 0.292471 
vt 0.0127003 0.305023 
vt 0.008135 0.292471 
vt 0.013031 0.294398 
vt 0.0180118 0.324101 
vt 0.0104195 0.324693 
vt 0.0113692 0.318181 
vt 0.0180118 0.324101 
vt 0.0113692 0.318181 
vt 0.018913 0.318002 
vt 0.0255433 0.321123 
vt 0.0180118 0.324101 
vt 0.018913 0.318002 
vt 0.0255433 0.321123 
vt 0.018913 0.318002 
vt 0.025001 0.317566 
vt 0.0478388 0.402947 
vt 0.052532 0.40181 
vt 0.0529652 0.400076 
vt 0.0478388 0.402947 
vt 0.0529652 0.400076 
vt 0.0481597 0.400649 
vt 0.0104195 0.324693 
vt 0.00413125 0.320598 
vt 0.00559025 0.316761 
vt 0.0104195 0.324693 
vt 0.00559025 0.316761 
vt 0.0113692 0.318181 
vt 0.00951475 0.343383 
vt 0.006646 0.340465 
vt 0.0106867 0.334216 
vt 0.00951475 0.343383 
vt 0.0106867 0.334216 
vt 0.0103368 0.338691 
vt 0.0491127 0.409428 
vt 0.052912 0.406326 
vt 0.0524767 0.404562 
vt 0.0491127 0.409428 
vt 0.0524767 0.404562 
vt 0.0485475 0.407425 
vt 0.017646 0.332157 
vt 0.0253573 0.335548 
vt 0.023591 0.338674 
vt 0.017646 0.332157 
vt 0.023591 0.338674 
vt 0.0182822 0.336084 
vt 0.0106867 0.334216 
vt 0.017646 0.332157 
vt 0.0182822 0.336084 
vt 0.0106867 0.334216 
vt 0.0182822 0.336084 
vt 0.0103368 0.338691 
vt 0.020271 0.31233 
vt 0.0119293 0.311756 
vt 0.0127003 0.305023 
vt 0.020271 0.31233 
vt 0.0127003 0.305023 
vt 0.0212028 0.305621 
vt 0.025919 0.311357 
vt 0.020271 0.31233 
vt 0.0212028 0.305621 
vt 0.025919 0.311357 
vt 0.0212028 0.305621 
vt 0.0264117 0.304612 
vt 0.048291 0.397345 
vt 0.0529895 0.396996 
vt 0.0528532 0.393412 
vt 0.048291 0.397345 
vt 0.0528532 0.393412 
vt 0.0482972 0.393718 
vt 0.0119293 0.311756 
vt 0.00674825 0.310057 
vt 0.007826 0.303557 
vt 0.0119293 0.311756 
vt 0.007826 0.303557 
vt 0.0127003 0.305023 
vt 0.115709 0.236128 
vt 0.116114 0.24052 
vt 0.108117 0.241046 
vt 0.115709 0.236128 
vt 0.108117 0.241046 
vt 0.107991 0.236623 
vt 0.120496 0.253204 
vt 0.116435 0.253035 
vt 0.116041 0.246828 
vt 0.120496 0.253204 
vt 0.116041 0.246828 
vt 0.12034 0.246992 
vt 0.0524135 0.38116 
vt 0.0481493 0.38116 
vt 0.0481475 0.377826 
vt 0.0524135 0.38116 
vt 0.0481475 0.377826 
vt 0.0524122 0.377823 
vt 0.104636 0.247703 
vt 0.108792 0.247125 
vt 0.109051 0.25337 
vt 0.104636 0.247703 
vt 0.109051 0.25337 
vt 0.105127 0.253898 
vt 0.116435 0.253035 
vt 0.109051 0.25337 
vt 0.108792 0.247125 
vt 0.116435 0.253035 
vt 0.108792 0.247125 
vt 0.116041 0.246828 
vt 0.120742 0.256551 
vt 0.116894 0.257935 
vt 0.116435 0.253035 
vt 0.120742 0.256551 
vt 0.116435 0.253035 
vt 0.120496 0.253204 
vt 0.0524158 0.383057 
vt 0.0481493 0.38306 
vt 0.0481493 0.38116 
vt 0.0524158 0.383057 
vt 0.0481493 0.38116 
vt 0.0524135 0.38116 
vt 0.105127 0.253898 
vt 0.109051 0.25337 
vt 0.109127 0.258387 
vt 0.105127 0.253898 
vt 0.109127 0.258387 
vt 0.105191 0.257349 
vt 0.116894 0.257935 
vt 0.109127 0.258387 
vt 0.109051 0.25337 
vt 0.116894 0.257935 
vt 0.109051 0.25337 
vt 0.116435 0.253035 
vt 0.12034 0.246992 
vt 0.116041 0.246828 
vt 0.116114 0.24052 
vt 0.12034 0.246992 
vt 0.116114 0.24052 
vt 0.120742 0.241402 
vt 0.0524122 0.377823 
vt 0.0481475 0.377826 
vt 0.0481455 0.374785 
vt 0.0524122 0.377823 
vt 0.0481455 0.374785 
vt 0.0524158 0.374782 
vt 0.103705 0.242355 
vt 0.108117 0.241046 
vt 0.108792 0.247125 
vt 0.103705 0.242355 
vt 0.108792 0.247125 
vt 0.104636 0.247703 
vt 0.116041 0.246828 
vt 0.108792 0.247125 
vt 0.108117 0.241046 
vt 0.116041 0.246828 
vt 0.108117 0.241046 
vt 0.116114 0.24052 
vt 0.245842 0.312138 
vt 0.245389 0.307352 
vt 0.241299 0.307755 
vt 0.245842 0.312138 
vt 0.241299 0.307755 
vt 0.242059 0.315245 
vt 0.241172 0.284689 
vt 0.233543 0.28494 
vt 0.233611 0.28919 
vt 0.241172 0.284689 
vt 0.233611 0.28919 
vt 0.241385 0.288969 
vt 0.230215 0.307241 
vt 0.229876 0.312284 
vt 0.23388 0.315409 
vt 0.230215 0.307241 
vt 0.23388 0.315409 
vt 0.234346 0.307707 
vt 0.242059 0.315245 
vt 0.241299 0.307755 
vt 0.234346 0.307707 
vt 0.242059 0.315245 
vt 0.234346 0.307707 
vt 0.23388 0.315409 
vt 0.0967513 0.405217 
vt 0.0967543 0.402562 
vt 0.0924873 0.402561 
vt 0.0967513 0.405217 
vt 0.0924873 0.402561 
vt 0.092487 0.405218 
vt 0.245389 0.307352 
vt 0.245622 0.304536 
vt 0.241762 0.303226 
vt 0.245389 0.307352 
vt 0.241762 0.303226 
vt 0.241299 0.307755 
vt 0.0967543 0.402562 
vt 0.0967532 0.401007 
vt 0.0924873 0.401006 
vt 0.0967543 0.402562 
vt 0.0924873 0.401006 
vt 0.0924873 0.402561 
vt 0.229962 0.304414 
vt 0.230215 0.307241 
vt 0.234346 0.307707 
vt 0.229962 0.304414 
vt 0.234346 0.307707 
vt 0.233787 0.303342 
vt 0.241299 0.307755 
vt 0.241762 0.303226 
vt 0.233787 0.303342 
vt 0.241299 0.307755 
vt 0.233787 0.303342 
vt 0.234346 0.307707 
vt 0.245477 0.298697 
vt 0.245623 0.293894 
vt 0.241349 0.293781 
vt 0.245477 0.298697 
vt 0.241349 0.293781 
vt 0.241407 0.298174 
vt 0.0967527 0.39914 
vt 0.0967538 0.39651 
vt 0.0924878 0.396511 
vt 0.0967527 0.39914 
vt 0.0924878 0.396511 
vt 0.0924867 0.399141 
vt 0.229653 0.294178 
vt 0.229962 0.2989 
vt 0.233995 0.298316 
vt 0.229653 0.294178 
vt 0.233995 0.298316 
vt 0.233895 0.29388 
vt 0.241407 0.298174 
vt 0.241349 0.293781 
vt 0.233895 0.29388 
vt 0.241407 0.298174 
vt 0.233895 0.29388 
vt 0.233995 0.298316 
vt 0.245576 0.302129 
vt 0.245477 0.298697 
vt 0.241407 0.298174 
vt 0.245576 0.302129 
vt 0.241407 0.298174 
vt 0.241762 0.303226 
vt 0.0967532 0.401007 
vt 0.0967527 0.39914 
vt 0.0924867 0.399141 
vt 0.0967532 0.401007 
vt 0.0924867 0.399141 
vt 0.0924873 0.401006 
vt 0.229962 0.2989 
vt 0.229972 0.30223 
vt 0.233787 0.303342 
vt 0.229962 0.2989 
vt 0.233787 0.303342 
vt 0.233995 0.298316 
vt 0.241762 0.303226 
vt 0.241407 0.298174 
vt 0.233995 0.298316 
vt 0.241762 0.303226 
vt 0.233995 0.298316 
vt 0.233787 0.303342 
vt 0.245623 0.293894 
vt 0.245842 0.288843 
vt 0.241385 0.288969 
vt 0.245623 0.293894 
vt 0.241385 0.288969 
vt 0.241349 0.293781 
vt 0.0967538 0.39651 
vt 0.0967543 0.393721 
vt 0.0924883 0.393722 
vt 0.0967538 0.39651 
vt 0.0924883 0.393722 
vt 0.0924878 0.396511 
vt 0.229246 0.289308 
vt 0.229653 0.294178 
vt 0.233895 0.29388 
vt 0.229246 0.289308 
vt 0.233895 0.29388 
vt 0.233611 0.28919 
vt 0.241349 0.293781 
vt 0.241385 0.288969 
vt 0.233611 0.28919 
vt 0.241349 0.293781 
vt 0.233611 0.28919 
vt 0.233895 0.29388 
vt 0.176731 0.407458 
vt 0.196396 0.399671 
vt 0.197145 0.403435 
vt 0.176731 0.407458 
vt 0.192174 0.392909 
vt 0.196396 0.399671 
vt 0.176731 0.407458 
vt 0.186322 0.387249 
vt 0.192174 0.392909 
vt 0.176731 0.407458 
vt 0.17892 0.383718 
vt 0.186322 0.387249 
vt 0.176731 0.407458 
vt 0.187327 0.427406 
vt 0.180254 0.430269 
vt 0.187327 0.427406 
vt 0.176731 0.407458 
vt 0.190522 0.42431 
vt 0.176731 0.407458 
vt 0.196552 0.414631 
vt 0.192887 0.421644 
vt 0.176731 0.407458 
vt 0.197975 0.407252 
vt 0.196552 0.414631 
vt 0.197145 0.403435 
vt 0.206148 0.402294 
vt 0.207103 0.407266 
vt 0.197145 0.403435 
vt 0.207103 0.407266 
vt 0.197975 0.407252 
vt 0.192174 0.392909 
vt 0.199577 0.388196 
vt 0.205029 0.397364 
vt 0.192174 0.392909 
vt 0.205029 0.397364 
vt 0.196396 0.399671 
vt 0.186322 0.387249 
vt 0.191621 0.380061 
vt 0.199577 0.388196 
vt 0.186322 0.387249 
vt 0.199577 0.388196 
vt 0.192174 0.392909 
vt 0.17892 0.383718 
vt 0.182912 0.37422 
vt 0.191621 0.380061 
vt 0.17892 0.383718 
vt 0.191621 0.380061 
vt 0.186322 0.387249 
vt 0.187327 0.427406 
vt 0.194291 0.43501 
vt 0.184085 0.439337 
vt 0.187327 0.427406 
vt 0.184085 0.439337 
vt 0.180254 0.430269 
vt 0.187327 0.427406 
vt 0.190522 0.42431 
vt 0.197272 0.430343 
vt 0.187327 0.427406 
vt 0.197272 0.430343 
vt 0.194291 0.43501 
vt 0.196552 0.414631 
vt 0.205346 0.417273 
vt 0.200519 0.426671 
vt 0.196552 0.414631 
vt 0.200519 0.426671 
vt 0.192887 0.421644 
vt 0.197975 0.407252 
vt 0.207103 0.407266 
vt 0.205346 0.417273 
vt 0.197975 0.407252 
vt 0.205346 0.417273 
vt 0.196552 0.414631 
vt 0.206148 0.402294 
vt 0.211762 0.401797 
vt 0.212573 0.40747 
vt 0.206148 0.402294 
vt 0.212573 0.40747 
vt 0.207103 0.407266 
vt 0.199577 0.388196 
vt 0.204058 0.386047 
vt 0.210152 0.396386 
vt 0.199577 0.388196 
vt 0.210152 0.396386 
vt 0.205029 0.397364 
vt 0.191621 0.380061 
vt 0.195333 0.376417 
vt 0.204058 0.386047 
vt 0.191621 0.380061 
vt 0.204058 0.386047 
vt 0.199577 0.388196 
vt 0.182912 0.37422 
vt 0.185927 0.369274 
vt 0.195333 0.376417 
vt 0.182912 0.37422 
vt 0.195333 0.376417 
vt 0.191621 0.380061 
vt 0.194291 0.43501 
vt 0.197272 0.430343 
vt 0.201453 0.432848 
vt 0.205346 0.417273 
vt 0.210257 0.418547 
vt 0.205087 0.429326 
vt 0.205346 0.417273 
vt 0.205087 0.429326 
vt 0.200519 0.426671 
vt 0.207103 0.407266 
vt 0.212573 0.40747 
vt 0.210257 0.418547 
vt 0.207103 0.407266 
vt 0.210257 0.418547 
vt 0.205346 0.417273 
vt 0.226682 0.398571 
vt 0.229348 0.405356 
vt 0.22057 0.40638 
vt 0.226682 0.398571 
vt 0.22057 0.40638 
vt 0.218859 0.400629 
vt 0.213697 0.382154 
vt 0.221926 0.375338 
vt 0.226729 0.391164 
vt 0.213697 0.382154 
vt 0.226729 0.391164 
vt 0.218262 0.394622 
vt 0.195333 0.376417 
vt 0.204792 0.369476 
vt 0.213139 0.38086 
vt 0.195333 0.376417 
vt 0.213139 0.38086 
vt 0.204058 0.386047 
vt 0.195536 0.359702 
vt 0.206398 0.352587 
vt 0.216501 0.362432 
vt 0.195536 0.359702 
vt 0.216501 0.362432 
vt 0.204002 0.36838 
vt 0.22672 0.422491 
vt 0.218467 0.420414 
vt 0.22057 0.40638 
vt 0.22672 0.422491 
vt 0.22057 0.40638 
vt 0.229348 0.405356 
vt 0.197272 0.430343 
vt 0.190522 0.42431 
vt 0.192887 0.421644 
vt 0.197272 0.430343 
vt 0.192887 0.421644 
vt 0.200519 0.426671 
vt 0.201453 0.432848 
vt 0.197272 0.430343 
vt 0.200519 0.426671 
vt 0.201453 0.432848 
vt 0.200519 0.426671 
vt 0.205087 0.429326 
vt 0.190522 0.42431 
vt 0.176731 0.407458 
vt 0.192887 0.421644 
vt 0.243752 0.424515 
vt 0.236031 0.422792 
vt 0.237617 0.409939 
vt 0.243752 0.424515 
vt 0.237617 0.409939 
vt 0.24412 0.413281 
vt 0.22672 0.422491 
vt 0.20906 0.43119 
vt 0.207113 0.430341 
vt 0.22672 0.422491 
vt 0.207113 0.430341 
vt 0.218467 0.420414 
vt 0.203211 0.433826 
vt 0.202305 0.433322 
vt 0.207113 0.430341 
vt 0.203211 0.433826 
vt 0.207113 0.430341 
vt 0.20906 0.43119 
vt 0.194291 0.43501 
vt 0.201453 0.432848 
vt 0.202305 0.433322 
vt 0.194291 0.43501 
vt 0.202305 0.433322 
vt 0.203211 0.433826 
vt 0.221926 0.375338 
vt 0.224703 0.373244 
vt 0.22869 0.386971 
vt 0.221926 0.375338 
vt 0.22869 0.386971 
vt 0.226729 0.391164 
vt 0.216501 0.362432 
vt 0.220465 0.359786 
vt 0.224703 0.373244 
vt 0.216501 0.362432 
vt 0.224703 0.373244 
vt 0.221926 0.375338 
vt 0.206398 0.352587 
vt 0.211076 0.349562 
vt 0.220465 0.359786 
vt 0.206398 0.352587 
vt 0.220465 0.359786 
vt 0.216501 0.362432 
vt 0.231298 0.422486 
vt 0.22672 0.422491 
vt 0.229348 0.405356 
vt 0.231298 0.422486 
vt 0.229348 0.405356 
vt 0.233423 0.407923 
vt 0.224703 0.373244 
vt 0.228481 0.370284 
vt 0.230549 0.382088 
vt 0.224703 0.373244 
vt 0.230549 0.382088 
vt 0.22869 0.386971 
vt 0.220465 0.359786 
vt 0.226434 0.356196 
vt 0.228481 0.370284 
vt 0.220465 0.359786 
vt 0.228481 0.370284 
vt 0.224703 0.373244 
vt 0.211076 0.349562 
vt 0.215537 0.34561 
vt 0.226434 0.356196 
vt 0.211076 0.349562 
vt 0.226434 0.356196 
vt 0.220465 0.359786 
vt 0.236031 0.422792 
vt 0.231298 0.422486 
vt 0.233423 0.407923 
vt 0.236031 0.422792 
vt 0.233423 0.407923 
vt 0.237617 0.409939 
vt 0.175795 0.408517 
vt 0.153668 0.40863 
vt 0.154429 0.404914 
vt 0.175795 0.408517 
vt 0.155212 0.401132 
vt 0.159309 0.394352 
vt 0.175795 0.408517 
vt 0.159309 0.394352 
vt 0.1654 0.388339 
vt 0.175795 0.408517 
vt 0.1654 0.388339 
vt 0.172999 0.384499 
vt 0.175795 0.408517 
vt 0.172621 0.431751 
vt 0.165382 0.429034 
vt 0.165382 0.429034 
vt 0.161873 0.425759 
vt 0.175795 0.408517 
vt 0.175795 0.408517 
vt 0.158794 0.423305 
vt 0.155168 0.415754 
vt 0.175795 0.408517 
vt 0.155168 0.415754 
vt 0.153668 0.40863 
vt 0.154429 0.404914 
vt 0.153668 0.40863 
vt 0.143827 0.40901 
vt 0.154429 0.404914 
vt 0.143827 0.40901 
vt 0.144831 0.403923 
vt 0.159309 0.394352 
vt 0.155212 0.401132 
vt 0.145979 0.398944 
vt 0.159309 0.394352 
vt 0.145979 0.398944 
vt 0.151589 0.390056 
vt 0.1654 0.388339 
vt 0.159309 0.394352 
vt 0.151589 0.390056 
vt 0.1654 0.388339 
vt 0.151589 0.390056 
vt 0.15963 0.381677 
vt 0.172999 0.384499 
vt 0.1654 0.388339 
vt 0.15963 0.381677 
vt 0.172999 0.384499 
vt 0.15963 0.381677 
vt 0.169117 0.374996 
vt 0.165382 0.429034 
vt 0.172621 0.431751 
vt 0.168664 0.441197 
vt 0.165382 0.429034 
vt 0.168664 0.441197 
vt 0.158809 0.436264 
vt 0.165382 0.429034 
vt 0.158809 0.436264 
vt 0.154545 0.431792 
vt 0.165382 0.429034 
vt 0.154545 0.431792 
vt 0.161873 0.425759 
vt 0.155168 0.415754 
vt 0.158794 0.423305 
vt 0.151022 0.428362 
vt 0.155168 0.415754 
vt 0.151022 0.428362 
vt 0.145877 0.418725 
vt 0.153668 0.40863 
vt 0.155168 0.415754 
vt 0.145877 0.418725 
vt 0.153668 0.40863 
vt 0.145877 0.418725 
vt 0.143827 0.40901 
vt 0.144831 0.403923 
vt 0.143827 0.40901 
vt 0.138667 0.409199 
vt 0.144831 0.403923 
vt 0.138667 0.409199 
vt 0.139556 0.403472 
vt 0.151589 0.390056 
vt 0.145979 0.398944 
vt 0.1411 0.397986 
vt 0.151589 0.390056 
vt 0.1411 0.397986 
vt 0.146993 0.387808 
vt 0.15963 0.381677 
vt 0.151589 0.390056 
vt 0.146993 0.387808 
vt 0.15963 0.381677 
vt 0.146993 0.387808 
vt 0.155831 0.378237 
vt 0.169117 0.374996 
vt 0.15963 0.381677 
vt 0.156438 0.377694 
vt 0.169117 0.374996 
vt 0.156438 0.377694 
vt 0.164641 0.370494 
vt 0.158809 0.436264 
vt 0.150391 0.434517 
vt 0.154545 0.431792 
vt 0.145877 0.418725 
vt 0.151022 0.428362 
vt 0.146749 0.430499 
vt 0.145877 0.418725 
vt 0.146749 0.430499 
vt 0.140638 0.420284 
vt 0.143827 0.40901 
vt 0.145877 0.418725 
vt 0.140638 0.420284 
vt 0.143827 0.40901 
vt 0.140638 0.420284 
vt 0.138667 0.409199 
vt 0.125068 0.400271 
vt 0.131834 0.402409 
vt 0.130123 0.408291 
vt 0.125068 0.400271 
vt 0.130123 0.408291 
vt 0.122409 0.407015 
vt 0.137371 0.384016 
vt 0.13238 0.396362 
vt 0.125005 0.393162 
vt 0.137371 0.384016 
vt 0.125005 0.393162 
vt 0.128927 0.37851 
vt 0.145831 0.372963 
vt 0.137371 0.384016 
vt 0.128927 0.37851 
vt 0.145831 0.372963 
vt 0.128927 0.37851 
vt 0.136654 0.367337 
vt 0.155692 0.361113 
vt 0.147096 0.371534 
vt 0.13815 0.365716 
vt 0.155692 0.361113 
vt 0.13815 0.365716 
vt 0.144888 0.354234 
vt 0.124991 0.424229 
vt 0.122409 0.407015 
vt 0.130123 0.408291 
vt 0.124991 0.424229 
vt 0.130123 0.408291 
vt 0.132847 0.421867 
vt 0.154545 0.431792 
vt 0.151022 0.428362 
vt 0.158794 0.423305 
vt 0.154545 0.431792 
vt 0.158794 0.423305 
vt 0.161873 0.425759 
vt 0.150391 0.434517 
vt 0.146749 0.430499 
vt 0.151022 0.428362 
vt 0.150391 0.434517 
vt 0.151022 0.428362 
vt 0.154545 0.431792 
vt 0.161873 0.425759 
vt 0.158794 0.423305 
vt 0.175795 0.408517 
vt 0.107867 0.426954 
vt 0.10751 0.415456 
vt 0.11443 0.411961 
vt 0.107867 0.426954 
vt 0.11443 0.411961 
vt 0.115718 0.424807 
vt 0.124991 0.424229 
vt 0.132847 0.421867 
vt 0.144715 0.431435 
vt 0.124991 0.424229 
vt 0.144715 0.431435 
vt 0.142652 0.432419 
vt 0.148776 0.43546 
vt 0.142652 0.432419 
vt 0.144715 0.431435 
vt 0.148776 0.43546 
vt 0.144715 0.431435 
vt 0.149577 0.434996 
vt 0.158809 0.436264 
vt 0.148776 0.43546 
vt 0.149577 0.434996 
vt 0.158809 0.436264 
vt 0.149577 0.434996 
vt 0.150391 0.434517 
vt 0.128927 0.37851 
vt 0.125005 0.393162 
vt 0.123297 0.388428 
vt 0.128927 0.37851 
vt 0.123297 0.388428 
vt 0.126299 0.376102 
vt 0.136654 0.367337 
vt 0.128927 0.37851 
vt 0.126299 0.376102 
vt 0.136654 0.367337 
vt 0.126299 0.376102 
vt 0.131468 0.362054 
vt 0.144888 0.354234 
vt 0.13815 0.365716 
vt 0.134802 0.361486 
vt 0.144888 0.354234 
vt 0.134802 0.361486 
vt 0.140226 0.353533 
vt 0.120597 0.423931 
vt 0.118304 0.409643 
vt 0.122409 0.407015 
vt 0.120597 0.423931 
vt 0.122409 0.407015 
vt 0.124991 0.424229 
vt 0.126299 0.376102 
vt 0.123297 0.388428 
vt 0.120517 0.382679 
vt 0.126299 0.376102 
vt 0.120517 0.382679 
vt 0.123117 0.372204 
vt 0.131468 0.362054 
vt 0.126299 0.376102 
vt 0.123117 0.372204 
vt 0.131468 0.362054 
vt 0.123117 0.372204 
vt 0.127538 0.360211 
vt 0.139574 0.350941 
vt 0.131468 0.362054 
vt 0.127538 0.360211 
vt 0.139574 0.350941 
vt 0.127538 0.360211 
vt 0.134017 0.348965 
vt 0.115718 0.424807 
vt 0.11443 0.411961 
vt 0.118304 0.409643 
vt 0.115718 0.424807 
vt 0.118304 0.409643 
vt 0.120597 0.423931 
vt 0.24412 0.413281 
vt 0.237617 0.409939 
vt 0.240081 0.405339 
vt 0.24412 0.413281 
vt 0.240081 0.405339 
vt 0.245886 0.408185 
vt 0.22869 0.386971 
vt 0.230549 0.382088 
vt 0.234813 0.383776 
vt 0.22869 0.386971 
vt 0.234813 0.383776 
vt 0.23315 0.388104 
vt 0.230549 0.382088 
vt 0.228481 0.370284 
vt 0.232937 0.370149 
vt 0.230549 0.382088 
vt 0.232937 0.370149 
vt 0.2349 0.380349 
vt 0.228481 0.370284 
vt 0.226434 0.356196 
vt 0.231857 0.358969 
vt 0.228481 0.370284 
vt 0.231857 0.358969 
vt 0.232937 0.370149 
vt 0.227849 0.3535 
vt 0.215537 0.34561 
vt 0.219168 0.341931 
vt 0.227849 0.3535 
vt 0.219168 0.341931 
vt 0.229537 0.348556 
vt 0.231298 0.422486 
vt 0.236031 0.422792 
vt 0.235497 0.428339 
vt 0.231298 0.422486 
vt 0.235497 0.428339 
vt 0.231732 0.427893 
vt 0.236031 0.422792 
vt 0.243752 0.424515 
vt 0.24206 0.42939 
vt 0.236031 0.422792 
vt 0.24206 0.42939 
vt 0.235497 0.428339 
vt 0.243752 0.424515 
vt 0.24412 0.413281 
vt 0.249497 0.414281 
vt 0.243752 0.424515 
vt 0.249497 0.414281 
vt 0.249108 0.424104 
vt 0.20906 0.43119 
vt 0.22672 0.422491 
vt 0.227987 0.427743 
vt 0.20906 0.43119 
vt 0.227987 0.427743 
vt 0.212423 0.434835 
vt 0.203211 0.433826 
vt 0.20906 0.43119 
vt 0.212423 0.434835 
vt 0.203211 0.433826 
vt 0.212423 0.434835 
vt 0.206911 0.438289 
vt 0.194291 0.43501 
vt 0.203211 0.433826 
vt 0.206911 0.438289 
vt 0.194291 0.43501 
vt 0.206911 0.438289 
vt 0.197065 0.43879 
vt 0.233423 0.407923 
vt 0.229348 0.405356 
vt 0.233484 0.401862 
vt 0.233423 0.407923 
vt 0.233484 0.401862 
vt 0.236677 0.403651 
vt 0.229348 0.405356 
vt 0.226682 0.398571 
vt 0.23132 0.397354 
vt 0.229348 0.405356 
vt 0.23132 0.397354 
vt 0.233484 0.401862 
vt 0.226729 0.391164 
vt 0.22869 0.386971 
vt 0.23315 0.388104 
vt 0.226729 0.391164 
vt 0.23315 0.388104 
vt 0.231663 0.391746 
vt 0.22672 0.422491 
vt 0.231298 0.422486 
vt 0.231732 0.427893 
vt 0.22672 0.422491 
vt 0.231732 0.427893 
vt 0.227987 0.427743 
vt 0.237617 0.409939 
vt 0.233423 0.407923 
vt 0.236677 0.403651 
vt 0.237617 0.409939 
vt 0.236677 0.403651 
vt 0.240081 0.405339 
vt 0.11443 0.411961 
vt 0.10751 0.415456 
vt 0.105595 0.41008 
vt 0.11443 0.411961 
vt 0.105595 0.41008 
vt 0.112016 0.407314 
vt 0.120517 0.382679 
vt 0.123297 0.388428 
vt 0.118563 0.38941 
vt 0.120517 0.382679 
vt 0.118563 0.38941 
vt 0.117099 0.385009 
vt 0.123117 0.372204 
vt 0.119474 0.380989 
vt 0.115746 0.377562 
vt 0.123117 0.372204 
vt 0.115746 0.377562 
vt 0.119285 0.369565 
vt 0.127538 0.360211 
vt 0.123117 0.372204 
vt 0.119285 0.369565 
vt 0.127538 0.360211 
vt 0.119285 0.369565 
vt 0.123741 0.358616 
vt 0.134017 0.348965 
vt 0.127538 0.360211 
vt 0.123741 0.358616 
vt 0.134017 0.348965 
vt 0.123741 0.358616 
vt 0.128746 0.348323 
vt 0.115718 0.424807 
vt 0.120597 0.423931 
vt 0.120218 0.429612 
vt 0.115718 0.424807 
vt 0.120218 0.429612 
vt 0.11625 0.430405 
vt 0.107867 0.426954 
vt 0.115718 0.424807 
vt 0.11625 0.430405 
vt 0.107867 0.426954 
vt 0.11625 0.430405 
vt 0.109698 0.431687 
vt 0.10751 0.415456 
vt 0.107867 0.426954 
vt 0.102101 0.426748 
vt 0.10751 0.415456 
vt 0.102101 0.426748 
vt 0.101823 0.416382 
vt 0.124991 0.424229 
vt 0.142652 0.432419 
vt 0.139257 0.436548 
vt 0.124991 0.424229 
vt 0.139257 0.436548 
vt 0.123789 0.429615 
vt 0.142652 0.432419 
vt 0.148776 0.43546 
vt 0.145268 0.440162 
vt 0.142652 0.432419 
vt 0.145268 0.440162 
vt 0.139257 0.436548 
vt 0.148776 0.43546 
vt 0.158809 0.436264 
vt 0.156797 0.439219 
vt 0.148776 0.43546 
vt 0.156797 0.439219 
vt 0.145268 0.440162 
vt 0.122409 0.407015 
vt 0.118304 0.409643 
vt 0.115277 0.405407 
vt 0.122409 0.407015 
vt 0.115277 0.405407 
vt 0.118249 0.403385 
vt 0.125068 0.400271 
vt 0.122409 0.407015 
vt 0.118249 0.403385 
vt 0.125068 0.400271 
vt 0.118249 0.403385 
vt 0.12042 0.398688 
vt 0.123297 0.388428 
vt 0.125005 0.393162 
vt 0.12046 0.393017 
vt 0.123297 0.388428 
vt 0.12046 0.393017 
vt 0.118563 0.38941 
vt 0.120597 0.423931 
vt 0.124991 0.424229 
vt 0.123789 0.429615 
vt 0.120597 0.423931 
vt 0.123789 0.429615 
vt 0.120218 0.429612 
vt 0.118304 0.409643 
vt 0.11443 0.411961 
vt 0.112016 0.407314 
vt 0.118304 0.409643 
vt 0.112016 0.407314 
vt 0.115277 0.405407 
vt 0.125005 0.393162 
vt 0.125068 0.400271 
vt 0.12042 0.398688 
vt 0.125005 0.393162 
vt 0.12042 0.398688 
vt 0.12046 0.393017 
vt 0.125005 0.393162 
vt 0.13238 0.396362 
vt 0.131834 0.402409 
vt 0.125005 0.393162 
vt 0.131834 0.402409 
vt 0.125068 0.400271 
vt 0.145979 0.398944 
vt 0.144831 0.403923 
vt 0.139556 0.403472 
vt 0.145979 0.398944 
vt 0.139556 0.403472 
vt 0.1411 0.397986 
vt 0.155212 0.401132 
vt 0.154429 0.404914 
vt 0.144831 0.403923 
vt 0.155212 0.401132 
vt 0.144831 0.403923 
vt 0.145979 0.398944 
vt 0.196396 0.399671 
vt 0.205029 0.397364 
vt 0.206148 0.402294 
vt 0.196396 0.399671 
vt 0.206148 0.402294 
vt 0.197145 0.403435 
vt 0.205029 0.397364 
vt 0.210152 0.396386 
vt 0.211762 0.401797 
vt 0.205029 0.397364 
vt 0.211762 0.401797 
vt 0.206148 0.402294 
vt 0.226729 0.391164 
vt 0.226682 0.398571 
vt 0.218859 0.400629 
vt 0.226729 0.391164 
vt 0.218859 0.400629 
vt 0.218262 0.394622 
vt 0.23132 0.397354 
vt 0.226682 0.398571 
vt 0.226729 0.391164 
vt 0.23132 0.397354 
vt 0.226729 0.391164 
vt 0.231663 0.391746 
vt 0.176731 0.407458 
vt 0.197145 0.403435 
vt 0.197975 0.407252 
vt 0.175795 0.408517 
vt 0.154429 0.404914 
vt 0.155212 0.401132 
vt 0.184085 0.439337 
vt 0.194291 0.43501 
vt 0.197065 0.43879 
vt 0.184085 0.439337 
vt 0.197065 0.43879 
vt 0.187095 0.443067 
vt 0.158809 0.436264 
vt 0.168664 0.441197 
vt 0.165605 0.444723 
vt 0.158809 0.436264 
vt 0.165605 0.444723 
vt 0.156797 0.439219 
vt 0.15963 0.381677 
vt 0.155831 0.378237 
vt 0.156438 0.377694 
vt 0.165202 0.370011 
vt 0.169117 0.374996 
vt 0.164641 0.370494 
vt 0.145831 0.372963 
vt 0.136654 0.367337 
vt 0.13815 0.365716 
vt 0.145831 0.372963 
vt 0.13815 0.365716 
vt 0.147096 0.371534 
vt 0.14575 0.352136 
vt 0.156667 0.359802 
vt 0.155692 0.361113 
vt 0.14575 0.352136 
vt 0.155692 0.361113 
vt 0.144888 0.354234 
vt 0.136654 0.367337 
vt 0.131468 0.362054 
vt 0.134802 0.361486 
vt 0.136654 0.367337 
vt 0.134802 0.361486 
vt 0.13815 0.365716 
vt 0.131468 0.362054 
vt 0.139574 0.350941 
vt 0.140226 0.353533 
vt 0.131468 0.362054 
vt 0.140226 0.353533 
vt 0.134802 0.361486 
vt 0.139574 0.350941 
vt 0.14575 0.352136 
vt 0.144888 0.354234 
vt 0.139574 0.350941 
vt 0.144888 0.354234 
vt 0.140226 0.353533 
vt 0.195333 0.376417 
vt 0.204002 0.36838 
vt 0.204792 0.369476 
vt 0.216501 0.362432 
vt 0.221926 0.375338 
vt 0.219401 0.374406 
vt 0.216501 0.362432 
vt 0.219401 0.374406 
vt 0.215041 0.365806 
vt 0.213139 0.38086 
vt 0.213697 0.382154 
vt 0.204058 0.386047 
vt 0.185927 0.369274 
vt 0.195536 0.359702 
vt 0.204002 0.36838 
vt 0.185927 0.369274 
vt 0.204002 0.36838 
vt 0.195333 0.376417 
vt 0.155692 0.361113 
vt 0.156667 0.359802 
vt 0.165202 0.370011 
vt 0.155692 0.361113 
vt 0.165202 0.370011 
vt 0.164641 0.370494 
vt 0.164641 0.370494 
vt 0.156438 0.377694 
vt 0.147096 0.371534 
vt 0.164641 0.370494 
vt 0.147096 0.371534 
vt 0.155692 0.361113 
vt 0.155831 0.378237 
vt 0.145831 0.372963 
vt 0.147096 0.371534 
vt 0.155831 0.378237 
vt 0.147096 0.371534 
vt 0.156438 0.377694 
vt 0.155831 0.378237 
vt 0.146993 0.387808 
vt 0.137371 0.384016 
vt 0.155831 0.378237 
vt 0.137371 0.384016 
vt 0.145831 0.372963 
vt 0.146993 0.387808 
vt 0.1411 0.397986 
vt 0.13238 0.396362 
vt 0.146993 0.387808 
vt 0.13238 0.396362 
vt 0.137371 0.384016 
vt 0.131834 0.402409 
vt 0.13238 0.396362 
vt 0.1411 0.397986 
vt 0.131834 0.402409 
vt 0.1411 0.397986 
vt 0.139556 0.403472 
vt 0.130123 0.408291 
vt 0.131834 0.402409 
vt 0.139556 0.403472 
vt 0.130123 0.408291 
vt 0.139556 0.403472 
vt 0.138667 0.409199 
vt 0.132847 0.421867 
vt 0.130123 0.408291 
vt 0.138667 0.409199 
vt 0.132847 0.421867 
vt 0.138667 0.409199 
vt 0.140638 0.420284 
vt 0.144715 0.431435 
vt 0.132847 0.421867 
vt 0.140638 0.420284 
vt 0.144715 0.431435 
vt 0.140638 0.420284 
vt 0.146749 0.430499 
vt 0.149577 0.434996 
vt 0.144715 0.431435 
vt 0.146749 0.430499 
vt 0.149577 0.434996 
vt 0.146749 0.430499 
vt 0.150391 0.434517 
vt 0.202305 0.433322 
vt 0.201453 0.432848 
vt 0.205087 0.429326 
vt 0.202305 0.433322 
vt 0.205087 0.429326 
vt 0.207113 0.430341 
vt 0.218467 0.420414 
vt 0.207113 0.430341 
vt 0.205087 0.429326 
vt 0.218467 0.420414 
vt 0.205087 0.429326 
vt 0.210257 0.418547 
vt 0.22057 0.40638 
vt 0.218467 0.420414 
vt 0.210257 0.418547 
vt 0.22057 0.40638 
vt 0.210257 0.418547 
vt 0.212573 0.40747 
vt 0.218859 0.400629 
vt 0.22057 0.40638 
vt 0.212573 0.40747 
vt 0.218859 0.400629 
vt 0.212573 0.40747 
vt 0.211762 0.401797 
vt 0.218262 0.394622 
vt 0.218859 0.400629 
vt 0.211762 0.401797 
vt 0.218262 0.394622 
vt 0.211762 0.401797 
vt 0.210152 0.396386 
vt 0.204058 0.386047 
vt 0.213697 0.382154 
vt 0.218262 0.394622 
vt 0.204058 0.386047 
vt 0.218262 0.394622 
vt 0.210152 0.396386 
vt 0.204792 0.369476 
vt 0.204002 0.36838 
vt 0.216501 0.362432 
vt 0.204792 0.369476 
vt 0.216501 0.362432 
vt 0.215041 0.365806 
vt 0.213139 0.38086 
vt 0.204792 0.369476 
vt 0.215041 0.365806 
vt 0.213139 0.38086 
vt 0.215041 0.365806 
vt 0.219401 0.374406 
vt 0.221926 0.375338 
vt 0.213697 0.382154 
vt 0.213139 0.38086 
vt 0.221926 0.375338 
vt 0.213139 0.38086 
vt 0.219401 0.374406 
vt 0.226434 0.356196 
vt 0.215537 0.34561 
vt 0.227849 0.3535 
vt 0.0466243 0.384046 
vt 0.0454907 0.378386 
vt 0.0469302 0.378152 
vt 0.231857 0.358969 
vt 0.226434 0.356196 
vt 0.227849 0.3535 
vt 0.231857 0.358969 
vt 0.227849 0.3535 
vt 0.232295 0.356325 
vt 0.123117 0.372204 
vt 0.120517 0.382679 
vt 0.119474 0.380989 
vt 0.120517 0.382679 
vt 0.117099 0.385009 
vt 0.116098 0.383296 
vt 0.120517 0.382679 
vt 0.116098 0.383296 
vt 0.119474 0.380989 
vt 0.117099 0.385009 
vt 0.107997 0.38542 
vt 0.116098 0.383296 
vt 0.0246185 0.360911 
vt 0.0261222 0.363586 
vt 0.0257972 0.371631 
vt 0.0246185 0.360911 
vt 0.0257972 0.371631 
vt 0.0243523 0.369696 
vt 0.0356592 0.369899 
vt 0.037837 0.370079 
vt 0.032511 0.375603 
vt 0.0356592 0.369899 
vt 0.032511 0.375603 
vt 0.0310118 0.375408 
vt 0.037837 0.370079 
vt 0.0422128 0.373202 
vt 0.0354865 0.377459 
vt 0.037837 0.370079 
vt 0.0354865 0.377459 
vt 0.032511 0.375603 
vt 0.0422128 0.373202 
vt 0.0454907 0.378386 
vt 0.0375413 0.380978 
vt 0.0422128 0.373202 
vt 0.0375413 0.380978 
vt 0.0354865 0.377459 
vt 0.0454907 0.378386 
vt 0.0466243 0.384046 
vt 0.038134 0.384896 
vt 0.0454907 0.378386 
vt 0.038134 0.384896 
vt 0.0375413 0.380978 
vt 0.017722 0.364644 
vt 0.0188538 0.362954 
vt 0.019598 0.371049 
vt 0.017722 0.364644 
vt 0.019598 0.371049 
vt 0.0187523 0.372156 
vt 0.0188538 0.362954 
vt 0.0201435 0.360124 
vt 0.0207235 0.369098 
vt 0.0188538 0.362954 
vt 0.0207235 0.369098 
vt 0.019598 0.371049 
vt 0.0201435 0.360124 
vt 0.0246185 0.360911 
vt 0.0243523 0.369696 
vt 0.0201435 0.360124 
vt 0.0243523 0.369696 
vt 0.0207235 0.369098 
vt 0.0106503 0.371745 
vt 0.0166055 0.366326 
vt 0.0179157 0.373286 
vt 0.0106503 0.371745 
vt 0.0179157 0.373286 
vt 0.0142385 0.376812 
vt 0.00891525 0.374009 
vt 0.0106503 0.371745 
vt 0.0142385 0.376812 
vt 0.00891525 0.374009 
vt 0.0142385 0.376812 
vt 0.0131557 0.378366 
vt 0.006992 0.378129 
vt 0.00891525 0.374009 
vt 0.0131557 0.378366 
vt 0.006992 0.378129 
vt 0.0131557 0.378366 
vt 0.01182 0.381131 
vt 0.0271298 0.365331 
vt 0.028138 0.367123 
vt 0.027241 0.373865 
vt 0.0271298 0.365331 
vt 0.027241 0.373865 
vt 0.0265645 0.372787 
vt 0.028138 0.367123 
vt 0.0305082 0.369272 
vt 0.0282023 0.375037 
vt 0.028138 0.367123 
vt 0.0282023 0.375037 
vt 0.027241 0.373865 
vt 0.0337535 0.370257 
vt 0.0356592 0.369899 
vt 0.0310118 0.375408 
vt 0.0337535 0.370257 
vt 0.0310118 0.375408 
vt 0.0297408 0.375546 
vt 0.0166055 0.366326 
vt 0.017722 0.364644 
vt 0.0187523 0.372156 
vt 0.0166055 0.366326 
vt 0.0187523 0.372156 
vt 0.0179157 0.373286 
vt 0.0261222 0.363586 
vt 0.0271298 0.365331 
vt 0.0265645 0.372787 
vt 0.0261222 0.363586 
vt 0.0265645 0.372787 
vt 0.0257972 0.371631 
vt 0.0262893 0.40654 
vt 0.024842 0.409306 
vt 0.0247348 0.400702 
vt 0.0262893 0.40654 
vt 0.0247348 0.400702 
vt 0.0260695 0.398704 
vt 0.037705 0.399736 
vt 0.0358782 0.399183 
vt 0.0310468 0.394583 
vt 0.037705 0.399736 
vt 0.0310468 0.394583 
vt 0.0325993 0.394896 
vt 0.0422103 0.396561 
vt 0.037705 0.399736 
vt 0.0325993 0.394896 
vt 0.0422103 0.396561 
vt 0.0325993 0.394896 
vt 0.0353765 0.392812 
vt 0.0454397 0.391351 
vt 0.0422103 0.396561 
vt 0.0353765 0.392812 
vt 0.0454397 0.391351 
vt 0.0353765 0.392812 
vt 0.0372588 0.389239 
vt 0.0462835 0.385769 
vt 0.0454397 0.391351 
vt 0.0372588 0.389239 
vt 0.0462835 0.385769 
vt 0.0372588 0.389239 
vt 0.0377965 0.385174 
vt 0.0189488 0.407349 
vt 0.0179445 0.405693 
vt 0.0189868 0.398219 
vt 0.0189488 0.407349 
vt 0.0189868 0.398219 
vt 0.0200552 0.399314 
vt 0.0202677 0.410298 
vt 0.0189488 0.407349 
vt 0.0200552 0.399314 
vt 0.0202677 0.410298 
vt 0.0200552 0.399314 
vt 0.0214527 0.401239 
vt 0.024842 0.409306 
vt 0.0202677 0.410298 
vt 0.0214527 0.401239 
vt 0.024842 0.409306 
vt 0.0214527 0.401239 
vt 0.0247348 0.400702 
vt 0.0169463 0.404072 
vt 0.010816 0.398799 
vt 0.0142883 0.393689 
vt 0.0169463 0.404072 
vt 0.0142883 0.393689 
vt 0.0179547 0.397166 
vt 0.010816 0.398799 
vt 0.008925 0.39662 
vt 0.0131918 0.392018 
vt 0.010816 0.398799 
vt 0.0131918 0.392018 
vt 0.0142883 0.393689 
vt 0.008925 0.39662 
vt 0.00619575 0.391843 
vt 0.011198 0.388892 
vt 0.008925 0.39662 
vt 0.011198 0.388892 
vt 0.0131918 0.392018 
vt 0.028142 0.40332 
vt 0.027209 0.404941 
vt 0.0268075 0.397574 
vt 0.028142 0.40332 
vt 0.0268075 0.397574 
vt 0.0274427 0.39659 
vt 0.0303775 0.401297 
vt 0.028142 0.40332 
vt 0.0274427 0.39659 
vt 0.0303775 0.401297 
vt 0.0274427 0.39659 
vt 0.0283103 0.395535 
vt 0.0358782 0.399183 
vt 0.0336502 0.40009 
vt 0.02985 0.395112 
vt 0.0358782 0.399183 
vt 0.02985 0.395112 
vt 0.0310468 0.394583 
vt 0.0179445 0.405693 
vt 0.0169463 0.404072 
vt 0.0179547 0.397166 
vt 0.0179445 0.405693 
vt 0.0179547 0.397166 
vt 0.0189868 0.398219 
vt 0.027209 0.404941 
vt 0.0262893 0.40654 
vt 0.0260695 0.398704 
vt 0.027209 0.404941 
vt 0.0260695 0.398704 
vt 0.0268075 0.397574 
vt 0.0336502 0.40009 
vt 0.0303775 0.401297 
vt 0.0283103 0.395535 
vt 0.0336502 0.40009 
vt 0.0283103 0.395535 
vt 0.02985 0.395112 
vt 0.0305082 0.369272 
vt 0.0337535 0.370257 
vt 0.0297408 0.375546 
vt 0.0305082 0.369272 
vt 0.0297408 0.375546 
vt 0.0282023 0.375037 
vt 0.00483675 0.383372 
vt 0.006992 0.378129 
vt 0.01182 0.381131 
vt 0.00483675 0.383372 
vt 0.01182 0.381131 
vt 0.0105875 0.384911 
vt 0.00619575 0.391843 
vt 0.004307 0.386371 
vt 0.010596 0.385174 
vt 0.00619575 0.391843 
vt 0.010596 0.385174 
vt 0.011198 0.388892 
vt 0.0142385 0.376812 
vt 0.0179157 0.373286 
vt 0.0242047 0.38491 
vt 0.0142385 0.376812 
vt 0.0242047 0.38491 
vt 0.0242045 0.38491 
vt 0.0131557 0.378366 
vt 0.0142385 0.376812 
vt 0.0242045 0.38491 
vt 0.0131557 0.378366 
vt 0.0242045 0.38491 
vt 0.0242043 0.38491 
vt 0.01182 0.381131 
vt 0.0131557 0.378366 
vt 0.0242043 0.38491 
vt 0.01182 0.381131 
vt 0.0242043 0.38491 
vt 0.024204 0.38491 
vt 0.0105875 0.384911 
vt 0.01182 0.381131 
vt 0.024204 0.38491 
vt 0.0105875 0.384911 
vt 0.024204 0.38491 
vt 0.024204 0.384911 
vt 0.011198 0.388892 
vt 0.010596 0.385174 
vt 0.024214 0.385444 
vt 0.011198 0.388892 
vt 0.024214 0.385444 
vt 0.024214 0.385444 
vt 0.0131918 0.392018 
vt 0.011198 0.388892 
vt 0.024214 0.385444 
vt 0.0131918 0.392018 
vt 0.024214 0.385444 
vt 0.0242142 0.385445 
vt 0.0142883 0.393689 
vt 0.0131918 0.392018 
vt 0.0242142 0.385445 
vt 0.0142883 0.393689 
vt 0.0242142 0.385445 
vt 0.0242145 0.385445 
vt 0.0179547 0.397166 
vt 0.0142883 0.393689 
vt 0.0242145 0.385445 
vt 0.0179547 0.397166 
vt 0.0242145 0.385445 
vt 0.0242148 0.385445 
vt 0.0189868 0.398219 
vt 0.0179547 0.397166 
vt 0.0242148 0.385445 
vt 0.0189868 0.398219 
vt 0.0242148 0.385445 
vt 0.0242148 0.385445 
vt 0.0200552 0.399314 
vt 0.0189868 0.398219 
vt 0.0242148 0.385445 
vt 0.0200552 0.399314 
vt 0.0242148 0.385445 
vt 0.0242148 0.385445 
vt 0.0214527 0.401239 
vt 0.0200552 0.399314 
vt 0.0242148 0.385445 
vt 0.0214527 0.401239 
vt 0.0242148 0.385445 
vt 0.024215 0.385445 
vt 0.0247348 0.400702 
vt 0.0214527 0.401239 
vt 0.024215 0.385445 
vt 0.0247348 0.400702 
vt 0.024215 0.385445 
vt 0.024215 0.385445 
vt 0.0260695 0.398704 
vt 0.0247348 0.400702 
vt 0.024215 0.385445 
vt 0.0260695 0.398704 
vt 0.024215 0.385445 
vt 0.024215 0.385445 
vt 0.0268075 0.397574 
vt 0.0260695 0.398704 
vt 0.024215 0.385445 
vt 0.0268075 0.397574 
vt 0.024215 0.385445 
vt 0.0242152 0.385445 
vt 0.0274427 0.39659 
vt 0.0268075 0.397574 
vt 0.0242152 0.385445 
vt 0.0274427 0.39659 
vt 0.0242152 0.385445 
vt 0.0242152 0.385445 
vt 0.0283103 0.395535 
vt 0.0274427 0.39659 
vt 0.0242152 0.385445 
vt 0.0283103 0.395535 
vt 0.0242152 0.385445 
vt 0.0242152 0.385445 
vt 0.02985 0.395112 
vt 0.0283103 0.395535 
vt 0.0242152 0.385445 
vt 0.02985 0.395112 
vt 0.0242152 0.385445 
vt 0.0242152 0.385445 
vt 0.0310468 0.394583 
vt 0.02985 0.395112 
vt 0.0242152 0.385445 
vt 0.0310468 0.394583 
vt 0.0242152 0.385445 
vt 0.0242152 0.385445 
vt 0.0325993 0.394896 
vt 0.0310468 0.394583 
vt 0.0242152 0.385445 
vt 0.0325993 0.394896 
vt 0.0242152 0.385445 
vt 0.0242152 0.385445 
vt 0.0353765 0.392812 
vt 0.0325993 0.394896 
vt 0.0242152 0.385445 
vt 0.0353765 0.392812 
vt 0.0242152 0.385445 
vt 0.0242155 0.385445 
vt 0.0372588 0.389239 
vt 0.0353765 0.392812 
vt 0.0242155 0.385445 
vt 0.0372588 0.389239 
vt 0.0242155 0.385445 
vt 0.0242158 0.385444 
vt 0.0377965 0.385174 
vt 0.0372588 0.389239 
vt 0.0242158 0.385444 
vt 0.0377965 0.385174 
vt 0.0242158 0.385444 
vt 0.0242158 0.385444 
vt 0.0375413 0.380978 
vt 0.038134 0.384896 
vt 0.0242057 0.384911 
vt 0.0375413 0.380978 
vt 0.0242057 0.384911 
vt 0.0242057 0.38491 
vt 0.0354865 0.377459 
vt 0.0375413 0.380978 
vt 0.0242057 0.38491 
vt 0.0354865 0.377459 
vt 0.0242057 0.38491 
vt 0.0242055 0.38491 
vt 0.032511 0.375603 
vt 0.0354865 0.377459 
vt 0.0242055 0.38491 
vt 0.032511 0.375603 
vt 0.0242055 0.38491 
vt 0.0242055 0.38491 
vt 0.0310118 0.375408 
vt 0.032511 0.375603 
vt 0.0242055 0.38491 
vt 0.0310118 0.375408 
vt 0.0242055 0.38491 
vt 0.0242053 0.38491 
vt 0.0297408 0.375546 
vt 0.0310118 0.375408 
vt 0.0242053 0.38491 
vt 0.0297408 0.375546 
vt 0.0242053 0.38491 
vt 0.0242053 0.38491 
vt 0.0282023 0.375037 
vt 0.0297408 0.375546 
vt 0.0242053 0.38491 
vt 0.0282023 0.375037 
vt 0.0242053 0.38491 
vt 0.0242053 0.38491 
vt 0.027241 0.373865 
vt 0.0282023 0.375037 
vt 0.0242053 0.38491 
vt 0.027241 0.373865 
vt 0.0242053 0.38491 
vt 0.0242053 0.38491 
vt 0.0265645 0.372787 
vt 0.027241 0.373865 
vt 0.0242053 0.38491 
vt 0.0265645 0.372787 
vt 0.0242053 0.38491 
vt 0.0242053 0.38491 
vt 0.0257972 0.371631 
vt 0.0265645 0.372787 
vt 0.0242053 0.38491 
vt 0.0257972 0.371631 
vt 0.0242053 0.38491 
vt 0.0242053 0.38491 
vt 0.0243523 0.369696 
vt 0.0257972 0.371631 
vt 0.0242053 0.38491 
vt 0.0243523 0.369696 
vt 0.0242053 0.38491 
vt 0.024205 0.38491 
vt 0.0207235 0.369098 
vt 0.0243523 0.369696 
vt 0.024205 0.38491 
vt 0.0207235 0.369098 
vt 0.024205 0.38491 
vt 0.0242047 0.38491 
vt 0.019598 0.371049 
vt 0.0207235 0.369098 
vt 0.0242047 0.38491 
vt 0.019598 0.371049 
vt 0.0242047 0.38491 
vt 0.0242047 0.38491 
vt 0.0187523 0.372156 
vt 0.019598 0.371049 
vt 0.0242047 0.38491 
vt 0.0187523 0.372156 
vt 0.0242047 0.38491 
vt 0.0242047 0.38491 
vt 0.0179157 0.373286 
vt 0.0187523 0.372156 
vt 0.0242047 0.38491 
vt 0.0179157 0.373286 
vt 0.0242047 0.38491 
vt 0.0242047 0.38491 
vt 0.239299 0.233843 
vt 0.243619 0.235168 
vt 0.243834 0.241457 
vt 0.239299 0.233843 
vt 0.243834 0.241457 
vt 0.238906 0.240289 
vt 0.238906 0.240289 
vt 0.243834 0.241457 
vt 0.243825 0.245354 
vt 0.238906 0.240289 
vt 0.243825 0.245354 
vt 0.238227 0.244383 
vt 0.0738738 0.392031 
vt 0.0739138 0.395294 
vt 0.0713938 0.395802 
vt 0.0738738 0.392031 
vt 0.0713938 0.395802 
vt 0.0716472 0.392599 
vt 0.0739138 0.395294 
vt 0.0742365 0.39738 
vt 0.0713938 0.397799 
vt 0.0739138 0.395294 
vt 0.0713938 0.397799 
vt 0.0713938 0.395802 
vt 0.239868 0.231848 
vt 0.244191 0.233173 
vt 0.243619 0.235168 
vt 0.239868 0.231848 
vt 0.243619 0.235168 
vt 0.239299 0.233843 
vt 0.245695 0.235124 
vt 0.2459 0.241456 
vt 0.243834 0.241457 
vt 0.245695 0.235124 
vt 0.243834 0.241457 
vt 0.243619 0.235168 
vt 0.236835 0.240155 
vt 0.237222 0.233692 
vt 0.239299 0.233843 
vt 0.236835 0.240155 
vt 0.239299 0.233843 
vt 0.238906 0.240289 
vt 0.2459 0.241456 
vt 0.2459 0.245391 
vt 0.243825 0.245354 
vt 0.2459 0.241456 
vt 0.243825 0.245354 
vt 0.243834 0.241457 
vt 0.23615 0.244269 
vt 0.236835 0.240155 
vt 0.238906 0.240289 
vt 0.23615 0.244269 
vt 0.238906 0.240289 
vt 0.238227 0.244383 
vt 0.239299 0.233843 
vt 0.238906 0.240289 
vt 0.243834 0.241457 
vt 0.239299 0.233843 
vt 0.243834 0.241457 
vt 0.243619 0.235168 
vt 0.238906 0.240289 
vt 0.238227 0.244383 
vt 0.243825 0.245354 
vt 0.238906 0.240289 
vt 0.243825 0.245354 
vt 0.243834 0.241457 
vt 0.0738738 0.392031 
vt 0.0716472 0.392599 
vt 0.0713938 0.395802 
vt 0.0738738 0.392031 
vt 0.0713938 0.395802 
vt 0.0739138 0.395294 
vt 0.0739138 0.395294 
vt 0.0713938 0.395802 
vt 0.0713938 0.397799 
vt 0.0739138 0.395294 
vt 0.0713938 0.397799 
vt 0.0742365 0.39738 
vt 0.239868 0.231848 
vt 0.239299 0.233843 
vt 0.243619 0.235168 
vt 0.239868 0.231848 
vt 0.243619 0.235168 
vt 0.244191 0.233173 
vt 0.245695 0.235124 
vt 0.243619 0.235168 
vt 0.243834 0.241457 
vt 0.245695 0.235124 
vt 0.243834 0.241457 
vt 0.2459 0.241456 
vt 0.236835 0.240155 
vt 0.238906 0.240289 
vt 0.239299 0.233843 
vt 0.236835 0.240155 
vt 0.239299 0.233843 
vt 0.237222 0.233692 
vt 0.2459 0.241456 
vt 0.243834 0.241457 
vt 0.243825 0.245354 
vt 0.2459 0.241456 
vt 0.243825 0.245354 
vt 0.2459 0.245391 
vt 0.23615 0.244269 
vt 0.238227 0.244383 
vt 0.238906 0.240289 
vt 0.23615 0.244269 
vt 0.238906 0.240289 
vt 0.236835 0.240155 

usemtl Bacon1Mtl

f 3442/3442/3442 3443/3443/3443 3444/3444/3444 
f 3445/3445/3445 3446/3446/3446 3447/3447/3447 
f 3448/3448/3448 3449/3449/3449 3450/3450/3450 
f 3451/3451/3451 3452/3452/3452 3453/3453/3453 
f 3454/3454/3454 3455/3455/3455 3456/3456/3456 
f 3457/3457/3457 3458/3458/3458 3459/3459/3459 
f 3460/3460/3460 3461/3461/3461 3462/3462/3462 
f 3463/3463/3463 3464/3464/3464 3465/3465/3465 
f 3466/3466/3466 3467/3467/3467 3468/3468/3468 
f 3469/3469/3469 3470/3470/3470 3471/3471/3471 
f 3472/3472/3472 3473/3473/3473 3474/3474/3474 
f 3475/3475/3475 3476/3476/3476 3477/3477/3477 
f 3478/3478/3478 3479/3479/3479 3480/3480/3480 
f 3481/3481/3481 3482/3482/3482 3483/3483/3483 
f 3484/3484/3484 3485/3485/3485 3486/3486/3486 
f 3487/3487/3487 3488/3488/3488 3489/3489/3489 
f 3490/3490/3490 3491/3491/3491 3492/3492/3492 
f 3493/3493/3493 3494/3494/3494 3495/3495/3495 
f 3496/3496/3496 3497/3497/3497 3498/3498/3498 
f 3499/3499/3499 3500/3500/3500 3501/3501/3501 
f 3502/3502/3502 3503/3503/3503 3504/3504/3504 
f 3505/3505/3505 3506/3506/3506 3507/3507/3507 
f 3508/3508/3508 3509/3509/3509 3510/3510/3510 
f 3511/3511/3511 3512/3512/3512 3513/3513/3513 
f 3514/3514/3514 3515/3515/3515 3516/3516/3516 
f 3517/3517/3517 3518/3518/3518 3519/3519/3519 
f 3520/3520/3520 3521/3521/3521 3522/3522/3522 
f 3523/3523/3523 3524/3524/3524 3525/3525/3525 
f 3526/3526/3526 3527/3527/3527 3528/3528/3528 
f 3529/3529/3529 3530/3530/3530 3531/3531/3531 
f 3532/3532/3532 3533/3533/3533 3534/3534/3534 
f 3535/3535/3535 3536/3536/3536 3537/3537/3537 
f 3538/3538/3538 3539/3539/3539 3540/3540/3540 
f 3541/3541/3541 3542/3542/3542 3543/3543/3543 
f 3544/3544/3544 3545/3545/3545 3546/3546/3546 
f 3547/3547/3547 3548/3548/3548 3549/3549/3549 
f 3550/3550/3550 3551/3551/3551 3552/3552/3552 
f 3553/3553/3553 3554/3554/3554 3555/3555/3555 
f 3556/3556/3556 3557/3557/3557 3558/3558/3558 
f 3559/3559/3559 3560/3560/3560 3561/3561/3561 
f 3562/3562/3562 3563/3563/3563 3564/3564/3564 
f 3565/3565/3565 3566/3566/3566 3567/3567/3567 
f 3568/3568/3568 3569/3569/3569 3570/3570/3570 
f 3571/3571/3571 3572/3572/3572 3573/3573/3573 
f 3574/3574/3574 3575/3575/3575 3576/3576/3576 
f 3577/3577/3577 3578/3578/3578 3579/3579/3579 
f 3580/3580/3580 3581/3581/3581 3582/3582/3582 
f 3583/3583/3583 3584/3584/3584 3585/3585/3585 
f 3586/3586/3586 3587/3587/3587 3588/3588/3588 
f 3589/3589/3589 3590/3590/3590 3591/3591/3591 
f 3592/3592/3592 3593/3593/3593 3594/3594/3594 
f 3595/3595/3595 3596/3596/3596 3597/3597/3597 
f 3598/3598/3598 3599/3599/3599 3600/3600/3600 
f 3601/3601/3601 3602/3602/3602 3603/3603/3603 
f 3604/3604/3604 3605/3605/3605 3606/3606/3606 
f 3607/3607/3607 3608/3608/3608 3609/3609/3609 
f 3610/3610/3610 3611/3611/3611 3612/3612/3612 
f 3613/3613/3613 3614/3614/3614 3615/3615/3615 
f 3616/3616/3616 3617/3617/3617 3618/3618/3618 
f 3619/3619/3619 3620/3620/3620 3621/3621/3621 
f 3622/3622/3622 3623/3623/3623 3624/3624/3624 
f 3625/3625/3625 3626/3626/3626 3627/3627/3627 
f 3628/3628/3628 3629/3629/3629 3630/3630/3630 
f 3631/3631/3631 3632/3632/3632 3633/3633/3633 
f 3634/3634/3634 3635/3635/3635 3636/3636/3636 
f 3637/3637/3637 3638/3638/3638 3639/3639/3639 
f 3640/3640/3640 3641/3641/3641 3642/3642/3642 
f 3643/3643/3643 3644/3644/3644 3645/3645/3645 
f 3646/3646/3646 3647/3647/3647 3648/3648/3648 
f 3649/3649/3649 3650/3650/3650 3651/3651/3651 
f 3652/3652/3652 3653/3653/3653 3654/3654/3654 
f 3655/3655/3655 3656/3656/3656 3657/3657/3657 
f 3658/3658/3658 3659/3659/3659 3660/3660/3660 
f 3661/3661/3661 3662/3662/3662 3663/3663/3663 
f 3664/3664/3664 3665/3665/3665 3666/3666/3666 
f 3667/3667/3667 3668/3668/3668 3669/3669/3669 
f 3670/3670/3670 3671/3671/3671 3672/3672/3672 
f 3673/3673/3673 3674/3674/3674 3675/3675/3675 
f 3676/3676/3676 3677/3677/3677 3678/3678/3678 
f 3679/3679/3679 3680/3680/3680 3681/3681/3681 
f 3682/3682/3682 3683/3683/3683 3684/3684/3684 
f 3685/3685/3685 3686/3686/3686 3687/3687/3687 
f 3688/3688/3688 3689/3689/3689 3690/3690/3690 
f 3691/3691/3691 3692/3692/3692 3693/3693/3693 
f 3694/3694/3694 3695/3695/3695 3696/3696/3696 
f 3697/3697/3697 3698/3698/3698 3699/3699/3699 
f 3700/3700/3700 3701/3701/3701 3702/3702/3702 
f 3703/3703/3703 3704/3704/3704 3705/3705/3705 
f 3706/3706/3706 3707/3707/3707 3708/3708/3708 
f 3709/3709/3709 3710/3710/3710 3711/3711/3711 
f 3712/3712/3712 3713/3713/3713 3714/3714/3714 
f 3715/3715/3715 3716/3716/3716 3717/3717/3717 
f 3718/3718/3718 3719/3719/3719 3720/3720/3720 
f 3721/3721/3721 3722/3722/3722 3723/3723/3723 
f 3724/3724/3724 3725/3725/3725 3726/3726/3726 
f 3727/3727/3727 3728/3728/3728 3729/3729/3729 
f 3730/3730/3730 3731/3731/3731 3732/3732/3732 
f 3733/3733/3733 3734/3734/3734 3735/3735/3735 
f 3736/3736/3736 3737/3737/3737 3738/3738/3738 
f 3739/3739/3739 3740/3740/3740 3741/3741/3741 
f 3742/3742/3742 3743/3743/3743 3744/3744/3744 
f 3745/3745/3745 3746/3746/3746 3747/3747/3747 
f 3748/3748/3748 3749/3749/3749 3750/3750/3750 
f 3751/3751/3751 3752/3752/3752 3753/3753/3753 
f 3754/3754/3754 3755/3755/3755 3756/3756/3756 
f 3757/3757/3757 3758/3758/3758 3759/3759/3759 
f 3760/3760/3760 3761/3761/3761 3762/3762/3762 
f 3763/3763/3763 3764/3764/3764 3765/3765/3765 
f 3766/3766/3766 3767/3767/3767 3768/3768/3768 
f 3769/3769/3769 3770/3770/3770 3771/3771/3771 
f 3772/3772/3772 3773/3773/3773 3774/3774/3774 
f 3775/3775/3775 3776/3776/3776 3777/3777/3777 
f 3778/3778/3778 3779/3779/3779 3780/3780/3780 
f 3781/3781/3781 3782/3782/3782 3783/3783/3783 
f 3784/3784/3784 3785/3785/3785 3786/3786/3786 
f 3787/3787/3787 3788/3788/3788 3789/3789/3789 
f 3790/3790/3790 3791/3791/3791 3792/3792/3792 
f 3793/3793/3793 3794/3794/3794 3795/3795/3795 
f 3796/3796/3796 3797/3797/3797 3798/3798/3798 
f 3799/3799/3799 3800/3800/3800 3801/3801/3801 
f 3802/3802/3802 3803/3803/3803 3804/3804/3804 
f 3805/3805/3805 3806/3806/3806 3807/3807/3807 
f 3808/3808/3808 3809/3809/3809 3810/3810/3810 
f 3811/3811/3811 3812/3812/3812 3813/3813/3813 
f 3814/3814/3814 3815/3815/3815 3816/3816/3816 
f 3817/3817/3817 3818/3818/3818 3819/3819/3819 
f 3820/3820/3820 3821/3821/3821 3822/3822/3822 
f 3823/3823/3823 3824/3824/3824 3825/3825/3825 
f 3826/3826/3826 3827/3827/3827 3828/3828/3828 
f 3829/3829/3829 3830/3830/3830 3831/3831/3831 
f 3832/3832/3832 3833/3833/3833 3834/3834/3834 
f 3835/3835/3835 3836/3836/3836 3837/3837/3837 
f 3838/3838/3838 3839/3839/3839 3840/3840/3840 
f 3841/3841/3841 3842/3842/3842 3843/3843/3843 
f 3844/3844/3844 3845/3845/3845 3846/3846/3846 
f 3847/3847/3847 3848/3848/3848 3849/3849/3849 
f 3850/3850/3850 3851/3851/3851 3852/3852/3852 
f 3853/3853/3853 3854/3854/3854 3855/3855/3855 
f 3856/3856/3856 3857/3857/3857 3858/3858/3858 
f 3859/3859/3859 3860/3860/3860 3861/3861/3861 
f 3862/3862/3862 3863/3863/3863 3864/3864/3864 
f 3865/3865/3865 3866/3866/3866 3867/3867/3867 
f 3868/3868/3868 3869/3869/3869 3870/3870/3870 
f 3871/3871/3871 3872/3872/3872 3873/3873/3873 
f 3874/3874/3874 3875/3875/3875 3876/3876/3876 
f 3877/3877/3877 3878/3878/3878 3879/3879/3879 
f 3880/3880/3880 3881/3881/3881 3882/3882/3882 
f 3883/3883/3883 3884/3884/3884 3885/3885/3885 
f 3886/3886/3886 3887/3887/3887 3888/3888/3888 
f 3889/3889/3889 3890/3890/3890 3891/3891/3891 
f 3892/3892/3892 3893/3893/3893 3894/3894/3894 
f 3895/3895/3895 3896/3896/3896 3897/3897/3897 
f 3898/3898/3898 3899/3899/3899 3900/3900/3900 
f 3901/3901/3901 3902/3902/3902 3903/3903/3903 
f 3904/3904/3904 3905/3905/3905 3906/3906/3906 
f 3907/3907/3907 3908/3908/3908 3909/3909/3909 
f 3910/3910/3910 3911/3911/3911 3912/3912/3912 
f 3913/3913/3913 3914/3914/3914 3915/3915/3915 
f 3916/3916/3916 3917/3917/3917 3918/3918/3918 
f 3919/3919/3919 3920/3920/3920 3921/3921/3921 
f 3922/3922/3922 3923/3923/3923 3924/3924/3924 
f 3925/3925/3925 3926/3926/3926 3927/3927/3927 
f 3928/3928/3928 3929/3929/3929 3930/3930/3930 
f 3931/3931/3931 3932/3932/3932 3933/3933/3933 
f 3934/3934/3934 3935/3935/3935 3936/3936/3936 
f 3937/3937/3937 3938/3938/3938 3939/3939/3939 
f 3940/3940/3940 3941/3941/3941 3942/3942/3942 
f 3943/3943/3943 3944/3944/3944 3945/3945/3945 
f 3946/3946/3946 3947/3947/3947 3948/3948/3948 
f 3949/3949/3949 3950/3950/3950 3951/3951/3951 
f 3952/3952/3952 3953/3953/3953 3954/3954/3954 
f 3955/3955/3955 3956/3956/3956 3957/3957/3957 
f 3958/3958/3958 3959/3959/3959 3960/3960/3960 
f 3961/3961/3961 3962/3962/3962 3963/3963/3963 
f 3964/3964/3964 3965/3965/3965 3966/3966/3966 
f 3967/3967/3967 3968/3968/3968 3969/3969/3969 
f 3970/3970/3970 3971/3971/3971 3972/3972/3972 
f 3973/3973/3973 3974/3974/3974 3975/3975/3975 
f 3976/3976/3976 3977/3977/3977 3978/3978/3978 
f 3979/3979/3979 3980/3980/3980 3981/3981/3981 
f 3982/3982/3982 3983/3983/3983 3984/3984/3984 
f 3985/3985/3985 3986/3986/3986 3987/3987/3987 
f 3988/3988/3988 3989/3989/3989 3990/3990/3990 
f 3991/3991/3991 3992/3992/3992 3993/3993/3993 
f 3994/3994/3994 3995/3995/3995 3996/3996/3996 
f 3997/3997/3997 3998/3998/3998 3999/3999/3999 
f 4000/4000/4000 4001/4001/4001 4002/4002/4002 
f 4003/4003/4003 4004/4004/4004 4005/4005/4005 
f 4006/4006/4006 4007/4007/4007 4008/4008/4008 
f 4009/4009/4009 4010/4010/4010 4011/4011/4011 
f 4012/4012/4012 4013/4013/4013 4014/4014/4014 
f 4015/4015/4015 4016/4016/4016 4017/4017/4017 
f 4018/4018/4018 4019/4019/4019 4020/4020/4020 
f 4021/4021/4021 4022/4022/4022 4023/4023/4023 
f 4024/4024/4024 4025/4025/4025 4026/4026/4026 
f 4027/4027/4027 4028/4028/4028 4029/4029/4029 
f 4030/4030/4030 4031/4031/4031 4032/4032/4032 
f 4033/4033/4033 4034/4034/4034 4035/4035/4035 
f 4036/4036/4036 4037/4037/4037 4038/4038/4038 
f 4039/4039/4039 4040/4040/4040 4041/4041/4041 
f 4042/4042/4042 4043/4043/4043 4044/4044/4044 
f 4045/4045/4045 4046/4046/4046 4047/4047/4047 
f 4048/4048/4048 4049/4049/4049 4050/4050/4050 
f 4051/4051/4051 4052/4052/4052 4053/4053/4053 
f 4054/4054/4054 4055/4055/4055 4056/4056/4056 
f 4057/4057/4057 4058/4058/4058 4059/4059/4059 
f 4060/4060/4060 4061/4061/4061 4062/4062/4062 
f 4063/4063/4063 4064/4064/4064 4065/4065/4065 
f 4066/4066/4066 4067/4067/4067 4068/4068/4068 
f 4069/4069/4069 4070/4070/4070 4071/4071/4071 
f 4072/4072/4072 4073/4073/4073 4074/4074/4074 
f 4075/4075/4075 4076/4076/4076 4077/4077/4077 
f 4078/4078/4078 4079/4079/4079 4080/4080/4080 
f 4081/4081/4081 4082/4082/4082 4083/4083/4083 
f 4084/4084/4084 4085/4085/4085 4086/4086/4086 
f 4087/4087/4087 4088/4088/4088 4089/4089/4089 
f 4090/4090/4090 4091/4091/4091 4092/4092/4092 
f 4093/4093/4093 4094/4094/4094 4095/4095/4095 
f 4096/4096/4096 4097/4097/4097 4098/4098/4098 
f 4099/4099/4099 4100/4100/4100 4101/4101/4101 
f 4102/4102/4102 4103/4103/4103 4104/4104/4104 
f 4105/4105/4105 4106/4106/4106 4107/4107/4107 
f 4108/4108/4108 4109/4109/4109 4110/4110/4110 
f 4111/4111/4111 4112/4112/4112 4113/4113/4113 
f 4114/4114/4114 4115/4115/4115 4116/4116/4116 
f 4117/4117/4117 4118/4118/4118 4119/4119/4119 
f 4120/4120/4120 4121/4121/4121 4122/4122/4122 
f 4123/4123/4123 4124/4124/4124 4125/4125/4125 
f 4126/4126/4126 4127/4127/4127 4128/4128/4128 
f 4129/4129/4129 4130/4130/4130 4131/4131/4131 
f 4132/4132/4132 4133/4133/4133 4134/4134/4134 
f 4135/4135/4135 4136/4136/4136 4137/4137/4137 
f 4138/4138/4138 4139/4139/4139 4140/4140/4140 
f 4141/4141/4141 4142/4142/4142 4143/4143/4143 
f 4144/4144/4144 4145/4145/4145 4146/4146/4146 
f 4147/4147/4147 4148/4148/4148 4149/4149/4149 
f 4150/4150/4150 4151/4151/4151 4152/4152/4152 
f 4153/4153/4153 4154/4154/4154 4155/4155/4155 
f 4156/4156/4156 4157/4157/4157 4158/4158/4158 
f 4159/4159/4159 4160/4160/4160 4161/4161/4161 
f 4162/4162/4162 4163/4163/4163 4164/4164/4164 
f 4165/4165/4165 4166/4166/4166 4167/4167/4167 
f 4168/4168/4168 4169/4169/4169 4170/4170/4170 
f 4171/4171/4171 4172/4172/4172 4173/4173/4173 
f 4174/4174/4174 4175/4175/4175 4176/4176/4176 
f 4177/4177/4177 4178/4178/4178 4179/4179/4179 
f 4180/4180/4180 4181/4181/4181 4182/4182/4182 
f 4183/4183/4183 4184/4184/4184 4185/4185/4185 
f 4186/4186/4186 4187/4187/4187 4188/4188/4188 
f 4189/4189/4189 4190/4190/4190 4191/4191/4191 
f 4192/4192/4192 4193/4193/4193 4194/4194/4194 
f 4195/4195/4195 4196/4196/4196 4197/4197/4197 
f 4198/4198/4198 4199/4199/4199 4200/4200/4200 
f 4201/4201/4201 4202/4202/4202 4203/4203/4203 
f 4204/4204/4204 4205/4205/4205 4206/4206/4206 
f 4207/4207/4207 4208/4208/4208 4209/4209/4209 
f 4210/4210/4210 4211/4211/4211 4212/4212/4212 
f 4213/4213/4213 4214/4214/4214 4215/4215/4215 
f 4216/4216/4216 4217/4217/4217 4218/4218/4218 
f 4219/4219/4219 4220/4220/4220 4221/4221/4221 
f 4222/4222/4222 4223/4223/4223 4224/4224/4224 
f 4225/4225/4225 4226/4226/4226 4227/4227/4227 
f 4228/4228/4228 4229/4229/4229 4230/4230/4230 
f 4231/4231/4231 4232/4232/4232 4233/4233/4233 
f 4234/4234/4234 4235/4235/4235 4236/4236/4236 
f 4237/4237/4237 4238/4238/4238 4239/4239/4239 
f 4240/4240/4240 4241/4241/4241 4242/4242/4242 
f 4243/4243/4243 4244/4244/4244 4245/4245/4245 
f 4246/4246/4246 4247/4247/4247 4248/4248/4248 
f 4249/4249/4249 4250/4250/4250 4251/4251/4251 
f 4252/4252/4252 4253/4253/4253 4254/4254/4254 
f 4255/4255/4255 4256/4256/4256 4257/4257/4257 
f 4258/4258/4258 4259/4259/4259 4260/4260/4260 
f 4261/4261/4261 4262/4262/4262 4263/4263/4263 
f 4264/4264/4264 4265/4265/4265 4266/4266/4266 
f 4267/4267/4267 4268/4268/4268 4269/4269/4269 
f 4270/4270/4270 4271/4271/4271 4272/4272/4272 
f 4273/4273/4273 4274/4274/4274 4275/4275/4275 
f 4276/4276/4276 4277/4277/4277 4278/4278/4278 
f 4279/4279/4279 4280/4280/4280 4281/4281/4281 
f 4282/4282/4282 4283/4283/4283 4284/4284/4284 
f 4285/4285/4285 4286/4286/4286 4287/4287/4287 
f 4288/4288/4288 4289/4289/4289 4290/4290/4290 
f 4291/4291/4291 4292/4292/4292 4293/4293/4293 
f 4294/4294/4294 4295/4295/4295 4296/4296/4296 
f 4297/4297/4297 4298/4298/4298 4299/4299/4299 
f 4300/4300/4300 4301/4301/4301 4302/4302/4302 
f 4303/4303/4303 4304/4304/4304 4305/4305/4305 
f 4306/4306/4306 4307/4307/4307 4308/4308/4308 
f 4309/4309/4309 4310/4310/4310 4311/4311/4311 
f 4312/4312/4312 4313/4313/4313 4314/4314/4314 
f 4315/4315/4315 4316/4316/4316 4317/4317/4317 
f 4318/4318/4318 4319/4319/4319 4320/4320/4320 
f 4321/4321/4321 4322/4322/4322 4323/4323/4323 
f 4324/4324/4324 4325/4325/4325 4326/4326/4326 
f 4327/4327/4327 4328/4328/4328 4329/4329/4329 
f 4330/4330/4330 4331/4331/4331 4332/4332/4332 
f 4333/4333/4333 4334/4334/4334 4335/4335/4335 
f 4336/4336/4336 4337/4337/4337 4338/4338/4338 
f 4339/4339/4339 4340/4340/4340 4341/4341/4341 
f 4342/4342/4342 4343/4343/4343 4344/4344/4344 
f 4345/4345/4345 4346/4346/4346 4347/4347/4347 
f 4348/4348/4348 4349/4349/4349 4350/4350/4350 
f 4351/4351/4351 4352/4352/4352 4353/4353/4353 
f 4354/4354/4354 4355/4355/4355 4356/4356/4356 
f 4357/4357/4357 4358/4358/4358 4359/4359/4359 
f 4360/4360/4360 4361/4361/4361 4362/4362/4362 
f 4363/4363/4363 4364/4364/4364 4365/4365/4365 
f 4366/4366/4366 4367/4367/4367 4368/4368/4368 
f 4369/4369/4369 4370/4370/4370 4371/4371/4371 
f 4372/4372/4372 4373/4373/4373 4374/4374/4374 
f 4375/4375/4375 4376/4376/4376 4377/4377/4377 
f 4378/4378/4378 4379/4379/4379 4380/4380/4380 
f 4381/4381/4381 4382/4382/4382 4383/4383/4383 
f 4384/4384/4384 4385/4385/4385 4386/4386/4386 
f 4387/4387/4387 4388/4388/4388 4389/4389/4389 
f 4390/4390/4390 4391/4391/4391 4392/4392/4392 
f 4393/4393/4393 4394/4394/4394 4395/4395/4395 
f 4396/4396/4396 4397/4397/4397 4398/4398/4398 
f 4399/4399/4399 4400/4400/4400 4401/4401/4401 
f 4402/4402/4402 4403/4403/4403 4404/4404/4404 
f 4405/4405/4405 4406/4406/4406 4407/4407/4407 
f 4408/4408/4408 4409/4409/4409 4410/4410/4410 
f 4411/4411/4411 4412/4412/4412 4413/4413/4413 
f 4414/4414/4414 4415/4415/4415 4416/4416/4416 
f 4417/4417/4417 4418/4418/4418 4419/4419/4419 
f 4420/4420/4420 4421/4421/4421 4422/4422/4422 
f 4423/4423/4423 4424/4424/4424 4425/4425/4425 
f 4426/4426/4426 4427/4427/4427 4428/4428/4428 
f 4429/4429/4429 4430/4430/4430 4431/4431/4431 
f 4432/4432/4432 4433/4433/4433 4434/4434/4434 
f 4435/4435/4435 4436/4436/4436 4437/4437/4437 
f 4438/4438/4438 4439/4439/4439 4440/4440/4440 
f 4441/4441/4441 4442/4442/4442 4443/4443/4443 
f 4444/4444/4444 4445/4445/4445 4446/4446/4446 
f 4447/4447/4447 4448/4448/4448 4449/4449/4449 
f 4450/4450/4450 4451/4451/4451 4452/4452/4452 
f 4453/4453/4453 4454/4454/4454 4455/4455/4455 
f 4456/4456/4456 4457/4457/4457 4458/4458/4458 
f 4459/4459/4459 4460/4460/4460 4461/4461/4461 
f 4462/4462/4462 4463/4463/4463 4464/4464/4464 
f 4465/4465/4465 4466/4466/4466 4467/4467/4467 
f 4468/4468/4468 4469/4469/4469 4470/4470/4470 
f 4471/4471/4471 4472/4472/4472 4473/4473/4473 
f 4474/4474/4474 4475/4475/4475 4476/4476/4476 
f 4477/4477/4477 4478/4478/4478 4479/4479/4479 
f 4480/4480/4480 4481/4481/4481 4482/4482/4482 
f 4483/4483/4483 4484/4484/4484 4485/4485/4485 
f 4486/4486/4486 4487/4487/4487 4488/4488/4488 
f 4489/4489/4489 4490/4490/4490 4491/4491/4491 
f 4492/4492/4492 4493/4493/4493 4494/4494/4494 
f 4495/4495/4495 4496/4496/4496 4497/4497/4497 
f 4498/4498/4498 4499/4499/4499 4500/4500/4500 
f 4501/4501/4501 4502/4502/4502 4503/4503/4503 
f 4504/4504/4504 4505/4505/4505 4506/4506/4506 
f 4507/4507/4507 4508/4508/4508 4509/4509/4509 
f 4510/4510/4510 4511/4511/4511 4512/4512/4512 
f 4513/4513/4513 4514/4514/4514 4515/4515/4515 
f 4516/4516/4516 4517/4517/4517 4518/4518/4518 
f 4519/4519/4519 4520/4520/4520 4521/4521/4521 
f 4522/4522/4522 4523/4523/4523 4524/4524/4524 
f 4525/4525/4525 4526/4526/4526 4527/4527/4527 
f 4528/4528/4528 4529/4529/4529 4530/4530/4530 
f 4531/4531/4531 4532/4532/4532 4533/4533/4533 
f 4534/4534/4534 4535/4535/4535 4536/4536/4536 
f 4537/4537/4537 4538/4538/4538 4539/4539/4539 
f 4540/4540/4540 4541/4541/4541 4542/4542/4542 
f 4543/4543/4543 4544/4544/4544 4545/4545/4545 
f 4546/4546/4546 4547/4547/4547 4548/4548/4548 
f 4549/4549/4549 4550/4550/4550 4551/4551/4551 
f 4552/4552/4552 4553/4553/4553 4554/4554/4554 
f 4555/4555/4555 4556/4556/4556 4557/4557/4557 
f 4558/4558/4558 4559/4559/4559 4560/4560/4560 
f 4561/4561/4561 4562/4562/4562 4563/4563/4563 
f 4564/4564/4564 4565/4565/4565 4566/4566/4566 
f 4567/4567/4567 4568/4568/4568 4569/4569/4569 
f 4570/4570/4570 4571/4571/4571 4572/4572/4572 
f 4573/4573/4573 4574/4574/4574 4575/4575/4575 
f 4576/4576/4576 4577/4577/4577 4578/4578/4578 
f 4579/4579/4579 4580/4580/4580 4581/4581/4581 
f 4582/4582/4582 4583/4583/4583 4584/4584/4584 
f 4585/4585/4585 4586/4586/4586 4587/4587/4587 
f 4588/4588/4588 4589/4589/4589 4590/4590/4590 
f 4591/4591/4591 4592/4592/4592 4593/4593/4593 
f 4594/4594/4594 4595/4595/4595 4596/4596/4596 
f 4597/4597/4597 4598/4598/4598 4599/4599/4599 
f 4600/4600/4600 4601/4601/4601 4602/4602/4602 
f 4603/4603/4603 4604/4604/4604 4605/4605/4605 
f 4606/4606/4606 4607/4607/4607 4608/4608/4608 
f 4609/4609/4609 4610/4610/4610 4611/4611/4611 
f 4612/4612/4612 4613/4613/4613 4614/4614/4614 
f 4615/4615/4615 4616/4616/4616 4617/4617/4617 
f 4618/4618/4618 4619/4619/4619 4620/4620/4620 
f 4621/4621/4621 4622/4622/4622 4623/4623/4623 
f 4624/4624/4624 4625/4625/4625 4626/4626/4626 
f 4627/4627/4627 4628/4628/4628 4629/4629/4629 
f 4630/4630/4630 4631/4631/4631 4632/4632/4632 
f 4633/4633/4633 4634/4634/4634 4635/4635/4635 
f 4636/4636/4636 4637/4637/4637 4638/4638/4638 
f 4639/4639/4639 4640/4640/4640 4641/4641/4641 
f 4642/4642/4642 4643/4643/4643 4644/4644/4644 
f 4645/4645/4645 4646/4646/4646 4647/4647/4647 
f 4648/4648/4648 4649/4649/4649 4650/4650/4650 
f 4651/4651/4651 4652/4652/4652 4653/4653/4653 
f 4654/4654/4654 4655/4655/4655 4656/4656/4656 
f 4657/4657/4657 4658/4658/4658 4659/4659/4659 
f 4660/4660/4660 4661/4661/4661 4662/4662/4662 
f 4663/4663/4663 4664/4664/4664 4665/4665/4665 
f 4666/4666/4666 4667/4667/4667 4668/4668/4668 
f 4669/4669/4669 4670/4670/4670 4671/4671/4671 
f 4672/4672/4672 4673/4673/4673 4674/4674/4674 
f 4675/4675/4675 4676/4676/4676 4677/4677/4677 
f 4678/4678/4678 4679/4679/4679 4680/4680/4680 
f 4681/4681/4681 4682/4682/4682 4683/4683/4683 
f 4684/4684/4684 4685/4685/4685 4686/4686/4686 
f 4687/4687/4687 4688/4688/4688 4689/4689/4689 
f 4690/4690/4690 4691/4691/4691 4692/4692/4692 
f 4693/4693/4693 4694/4694/4694 4695/4695/4695 
f 4696/4696/4696 4697/4697/4697 4698/4698/4698 
f 4699/4699/4699 4700/4700/4700 4701/4701/4701 
f 4702/4702/4702 4703/4703/4703 4704/4704/4704 
f 4705/4705/4705 4706/4706/4706 4707/4707/4707 
f 4708/4708/4708 4709/4709/4709 4710/4710/4710 
f 4711/4711/4711 4712/4712/4712 4713/4713/4713 
f 4714/4714/4714 4715/4715/4715 4716/4716/4716 
f 4717/4717/4717 4718/4718/4718 4719/4719/4719 
f 4720/4720/4720 4721/4721/4721 4722/4722/4722 
f 4723/4723/4723 4724/4724/4724 4725/4725/4725 
f 4726/4726/4726 4727/4727/4727 4728/4728/4728 
f 4729/4729/4729 4730/4730/4730 4731/4731/4731 
f 4732/4732/4732 4733/4733/4733 4734/4734/4734 
f 4735/4735/4735 4736/4736/4736 4737/4737/4737 
f 4738/4738/4738 4739/4739/4739 4740/4740/4740 
f 4741/4741/4741 4742/4742/4742 4743/4743/4743 
f 4744/4744/4744 4745/4745/4745 4746/4746/4746 
f 4747/4747/4747 4748/4748/4748 4749/4749/4749 
f 4750/4750/4750 4751/4751/4751 4752/4752/4752 
f 4753/4753/4753 4754/4754/4754 4755/4755/4755 
f 4756/4756/4756 4757/4757/4757 4758/4758/4758 
f 4759/4759/4759 4760/4760/4760 4761/4761/4761 
f 4762/4762/4762 4763/4763/4763 4764/4764/4764 
f 4765/4765/4765 4766/4766/4766 4767/4767/4767 
f 4768/4768/4768 4769/4769/4769 4770/4770/4770 
f 4771/4771/4771 4772/4772/4772 4773/4773/4773 
f 4774/4774/4774 4775/4775/4775 4776/4776/4776 
f 4777/4777/4777 4778/4778/4778 4779/4779/4779 
f 4780/4780/4780 4781/4781/4781 4782/4782/4782 
f 4783/4783/4783 4784/4784/4784 4785/4785/4785 
f 4786/4786/4786 4787/4787/4787 4788/4788/4788 
f 4789/4789/4789 4790/4790/4790 4791/4791/4791 
f 4792/4792/4792 4793/4793/4793 4794/4794/4794 
f 4795/4795/4795 4796/4796/4796 4797/4797/4797 
f 4798/4798/4798 4799/4799/4799 4800/4800/4800 
f 4801/4801/4801 4802/4802/4802 4803/4803/4803 
f 4804/4804/4804 4805/4805/4805 4806/4806/4806 
f 4807/4807/4807 4808/4808/4808 4809/4809/4809 
f 4810/4810/4810 4811/4811/4811 4812/4812/4812 
f 4813/4813/4813 4814/4814/4814 4815/4815/4815 
f 4816/4816/4816 4817/4817/4817 4818/4818/4818 
f 4819/4819/4819 4820/4820/4820 4821/4821/4821 
f 4822/4822/4822 4823/4823/4823 4824/4824/4824 
f 4825/4825/4825 4826/4826/4826 4827/4827/4827 
f 4828/4828/4828 4829/4829/4829 4830/4830/4830 
f 4831/4831/4831 4832/4832/4832 4833/4833/4833 
f 4834/4834/4834 4835/4835/4835 4836/4836/4836 
f 4837/4837/4837 4838/4838/4838 4839/4839/4839 
f 4840/4840/4840 4841/4841/4841 4842/4842/4842 
f 4843/4843/4843 4844/4844/4844 4845/4845/4845 
f 4846/4846/4846 4847/4847/4847 4848/4848/4848 
f 4849/4849/4849 4850/4850/4850 4851/4851/4851 
f 4852/4852/4852 4853/4853/4853 4854/4854/4854 
f 4855/4855/4855 4856/4856/4856 4857/4857/4857 
f 4858/4858/4858 4859/4859/4859 4860/4860/4860 
f 4861/4861/4861 4862/4862/4862 4863/4863/4863 
f 4864/4864/4864 4865/4865/4865 4866/4866/4866 
f 4867/4867/4867 4868/4868/4868 4869/4869/4869 
f 4870/4870/4870 4871/4871/4871 4872/4872/4872 
f 4873/4873/4873 4874/4874/4874 4875/4875/4875 
f 4876/4876/4876 4877/4877/4877 4878/4878/4878 
f 4879/4879/4879 4880/4880/4880 4881/4881/4881 
f 4882/4882/4882 4883/4883/4883 4884/4884/4884 
f 4885/4885/4885 4886/4886/4886 4887/4887/4887 
f 4888/4888/4888 4889/4889/4889 4890/4890/4890 
f 4891/4891/4891 4892/4892/4892 4893/4893/4893 
f 4894/4894/4894 4895/4895/4895 4896/4896/4896 
f 4897/4897/4897 4898/4898/4898 4899/4899/4899 
f 4900/4900/4900 4901/4901/4901 4902/4902/4902 
f 4903/4903/4903 4904/4904/4904 4905/4905/4905 
f 4906/4906/4906 4907/4907/4907 4908/4908/4908 
f 4909/4909/4909 4910/4910/4910 4911/4911/4911 
f 4912/4912/4912 4913/4913/4913 4914/4914/4914 
f 4915/4915/4915 4916/4916/4916 4917/4917/4917 
f 4918/4918/4918 4919/4919/4919 4920/4920/4920 
f 4921/4921/4921 4922/4922/4922 4923/4923/4923 
f 4924/4924/4924 4925/4925/4925 4926/4926/4926 
f 4927/4927/4927 4928/4928/4928 4929/4929/4929 
f 4930/4930/4930 4931/4931/4931 4932/4932/4932 
f 4933/4933/4933 4934/4934/4934 4935/4935/4935 
f 4936/4936/4936 4937/4937/4937 4938/4938/4938 
f 4939/4939/4939 4940/4940/4940 4941/4941/4941 
f 4942/4942/4942 4943/4943/4943 4944/4944/4944 
f 4945/4945/4945 4946/4946/4946 4947/4947/4947 
f 4948/4948/4948 4949/4949/4949 4950/4950/4950 
f 4951/4951/4951 4952/4952/4952 4953/4953/4953 
f 4954/4954/4954 4955/4955/4955 4956/4956/4956 
f 4957/4957/4957 4958/4958/4958 4959/4959/4959 
f 4960/4960/4960 4961/4961/4961 4962/4962/4962 
f 4963/4963/4963 4964/4964/4964 4965/4965/4965 
f 4966/4966/4966 4967/4967/4967 4968/4968/4968 
f 4969/4969/4969 4970/4970/4970 4971/4971/4971 
f 4972/4972/4972 4973/4973/4973 4974/4974/4974 
f 4975/4975/4975 4976/4976/4976 4977/4977/4977 
f 4978/4978/4978 4979/4979/4979 4980/4980/4980 
f 4981/4981/4981 4982/4982/4982 4983/4983/4983 
f 4984/4984/4984 4985/4985/4985 4986/4986/4986 
f 4987/4987/4987 4988/4988/4988 4989/4989/4989 
f 4990/4990/4990 4991/4991/4991 4992/4992/4992 
f 4993/4993/4993 4994/4994/4994 4995/4995/4995 
f 4996/4996/4996 4997/4997/4997 4998/4998/4998 
f 4999/4999/4999 5000/5000/5000 5001/5001/5001 
f 5002/5002/5002 5003/5003/5003 5004/5004/5004 
f 5005/5005/5005 5006/5006/5006 5007/5007/5007 
f 5008/5008/5008 5009/5009/5009 5010/5010/5010 
f 5011/5011/5011 5012/5012/5012 5013/5013/5013 
f 5014/5014/5014 5015/5015/5015 5016/5016/5016 
f 5017/5017/5017 5018/5018/5018 5019/5019/5019 
f 5020/5020/5020 5021/5021/5021 5022/5022/5022 
f 5023/5023/5023 5024/5024/5024 5025/5025/5025 
f 5026/5026/5026 5027/5027/5027 5028/5028/5028 
f 5029/5029/5029 5030/5030/5030 5031/5031/5031 
f 5032/5032/5032 5033/5033/5033 5034/5034/5034 
f 5035/5035/5035 5036/5036/5036 5037/5037/5037 
f 5038/5038/5038 5039/5039/5039 5040/5040/5040 
f 5041/5041/5041 5042/5042/5042 5043/5043/5043 
f 5044/5044/5044 5045/5045/5045 5046/5046/5046 
f 5047/5047/5047 5048/5048/5048 5049/5049/5049 
f 5050/5050/5050 5051/5051/5051 5052/5052/5052 
f 5053/5053/5053 5054/5054/5054 5055/5055/5055 
f 5056/5056/5056 5057/5057/5057 5058/5058/5058 
f 5059/5059/5059 5060/5060/5060 5061/5061/5061 
f 5062/5062/5062 5063/5063/5063 5064/5064/5064 
f 5065/5065/5065 5066/5066/5066 5067/5067/5067 
f 5068/5068/5068 5069/5069/5069 5070/5070/5070 
f 5071/5071/5071 5072/5072/5072 5073/5073/5073 
f 5074/5074/5074 5075/5075/5075 5076/5076/5076 
f 5077/5077/5077 5078/5078/5078 5079/5079/5079 
f 5080/5080/5080 5081/5081/5081 5082/5082/5082 
f 5083/5083/5083 5084/5084/5084 5085/5085/5085 
f 5086/5086/5086 5087/5087/5087 5088/5088/5088 
f 5089/5089/5089 5090/5090/5090 5091/5091/5091 
f 5092/5092/5092 5093/5093/5093 5094/5094/5094 
f 5095/5095/5095 5096/5096/5096 5097/5097/5097 
f 5098/5098/5098 5099/5099/5099 5100/5100/5100 
f 5101/5101/5101 5102/5102/5102 5103/5103/5103 
f 5104/5104/5104 5105/5105/5105 5106/5106/5106 
f 5107/5107/5107 5108/5108/5108 5109/5109/5109 
f 5110/5110/5110 5111/5111/5111 5112/5112/5112 
f 5113/5113/5113 5114/5114/5114 5115/5115/5115 
f 5116/5116/5116 5117/5117/5117 5118/5118/5118 
f 5119/5119/5119 5120/5120/5120 5121/5121/5121 
f 5122/5122/5122 5123/5123/5123 5124/5124/5124 
f 5125/5125/5125 5126/5126/5126 5127/5127/5127 
f 5128/5128/5128 5129/5129/5129 5130/5130/5130 
f 5131/5131/5131 5132/5132/5132 5133/5133/5133 
f 5134/5134/5134 5135/5135/5135 5136/5136/5136 
f 5137/5137/5137 5138/5138/5138 5139/5139/5139 
f 5140/5140/5140 5141/5141/5141 5142/5142/5142 
f 5143/5143/5143 5144/5144/5144 5145/5145/5145 
f 5146/5146/5146 5147/5147/5147 5148/5148/5148 
f 5149/5149/5149 5150/5150/5150 5151/5151/5151 
f 5152/5152/5152 5153/5153/5153 5154/5154/5154 
f 5155/5155/5155 5156/5156/5156 5157/5157/5157 
f 5158/5158/5158 5159/5159/5159 5160/5160/5160 
f 5161/5161/5161 5162/5162/5162 5163/5163/5163 
f 5164/5164/5164 5165/5165/5165 5166/5166/5166 
f 5167/5167/5167 5168/5168/5168 5169/5169/5169 
f 5170/5170/5170 5171/5171/5171 5172/5172/5172 
f 5173/5173/5173 5174/5174/5174 5175/5175/5175 
f 5176/5176/5176 5177/5177/5177 5178/5178/5178 
f 5179/5179/5179 5180/5180/5180 5181/5181/5181 
f 5182/5182/5182 5183/5183/5183 5184/5184/5184 
f 5185/5185/5185 5186/5186/5186 5187/5187/5187 
f 5188/5188/5188 5189/5189/5189 5190/5190/5190 
f 5191/5191/5191 5192/5192/5192 5193/5193/5193 
f 5194/5194/5194 5195/5195/5195 5196/5196/5196 
f 5197/5197/5197 5198/5198/5198 5199/5199/5199 
f 5200/5200/5200 5201/5201/5201 5202/5202/5202 
f 5203/5203/5203 5204/5204/5204 5205/5205/5205 
f 5206/5206/5206 5207/5207/5207 5208/5208/5208 
f 5209/5209/5209 5210/5210/5210 5211/5211/5211 
f 5212/5212/5212 5213/5213/5213 5214/5214/5214 
f 5215/5215/5215 5216/5216/5216 5217/5217/5217 
f 5218/5218/5218 5219/5219/5219 5220/5220/5220 
f 5221/5221/5221 5222/5222/5222 5223/5223/5223 
f 5224/5224/5224 5225/5225/5225 5226/5226/5226 
f 5227/5227/5227 5228/5228/5228 5229/5229/5229 
f 5230/5230/5230 5231/5231/5231 5232/5232/5232 
f 5233/5233/5233 5234/5234/5234 5235/5235/5235 
f 5236/5236/5236 5237/5237/5237 5238/5238/5238 
f 5239/5239/5239 5240/5240/5240 5241/5241/5241 
f 5242/5242/5242 5243/5243/5243 5244/5244/5244 
f 5245/5245/5245 5246/5246/5246 5247/5247/5247 
f 5248/5248/5248 5249/5249/5249 5250/5250/5250 
f 5251/5251/5251 5252/5252/5252 5253/5253/5253 
f 5254/5254/5254 5255/5255/5255 5256/5256/5256 
f 5257/5257/5257 5258/5258/5258 5259/5259/5259 
f 5260/5260/5260 5261/5261/5261 5262/5262/5262 
f 5263/5263/5263 5264/5264/5264 5265/5265/5265 
f 5266/5266/5266 5267/5267/5267 5268/5268/5268 
f 5269/5269/5269 5270/5270/5270 5271/5271/5271 
f 5272/5272/5272 5273/5273/5273 5274/5274/5274 
f 5275/5275/5275 5276/5276/5276 5277/5277/5277 
f 5278/5278/5278 5279/5279/5279 5280/5280/5280 
f 5281/5281/5281 5282/5282/5282 5283/5283/5283 
f 5284/5284/5284 5285/5285/5285 5286/5286/5286 
f 5287/5287/5287 5288/5288/5288 5289/5289/5289 
f 5290/5290/5290 5291/5291/5291 5292/5292/5292 
f 5293/5293/5293 5294/5294/5294 5295/5295/5295 
f 5296/5296/5296 5297/5297/5297 5298/5298/5298 
f 5299/5299/5299 5300/5300/5300 5301/5301/5301 
f 5302/5302/5302 5303/5303/5303 5304/5304/5304 
f 5305/5305/5305 5306/5306/5306 5307/5307/5307 
f 5308/5308/5308 5309/5309/5309 5310/5310/5310 
f 5311/5311/5311 5312/5312/5312 5313/5313/5313 
f 5314/5314/5314 5315/5315/5315 5316/5316/5316 
f 5317/5317/5317 5318/5318/5318 5319/5319/5319 
f 5320/5320/5320 5321/5321/5321 5322/5322/5322 
f 5323/5323/5323 5324/5324/5324 5325/5325/5325 
f 5326/5326/5326 5327/5327/5327 5328/5328/5328 
f 5329/5329/5329 5330/5330/5330 5331/5331/5331 
f 5332/5332/5332 5333/5333/5333 5334/5334/5334 
f 5335/5335/5335 5336/5336/5336 5337/5337/5337 
f 5338/5338/5338 5339/5339/5339 5340/5340/5340 
f 5341/5341/5341 5342/5342/5342 5343/5343/5343 
f 5344/5344/5344 5345/5345/5345 5346/5346/5346 
f 5347/5347/5347 5348/5348/5348 5349/5349/5349 
f 5350/5350/5350 5351/5351/5351 5352/5352/5352 
f 5353/5353/5353 5354/5354/5354 5355/5355/5355 
f 5356/5356/5356 5357/5357/5357 5358/5358/5358 
f 5359/5359/5359 5360/5360/5360 5361/5361/5361 
f 5362/5362/5362 5363/5363/5363 5364/5364/5364 
f 5365/5365/5365 5366/5366/5366 5367/5367/5367 
f 5368/5368/5368 5369/5369/5369 5370/5370/5370 
f 5371/5371/5371 5372/5372/5372 5373/5373/5373 
f 5374/5374/5374 5375/5375/5375 5376/5376/5376 
f 5377/5377/5377 5378/5378/5378 5379/5379/5379 
f 5380/5380/5380 5381/5381/5381 5382/5382/5382 
f 5383/5383/5383 5384/5384/5384 5385/5385/5385 
f 5386/5386/5386 5387/5387/5387 5388/5388/5388 
f 5389/5389/5389 5390/5390/5390 5391/5391/5391 
f 5392/5392/5392 5393/5393/5393 5394/5394/5394 
f 5395/5395/5395 5396/5396/5396 5397/5397/5397 
f 5398/5398/5398 5399/5399/5399 5400/5400/5400 
f 5401/5401/5401 5402/5402/5402 5403/5403/5403 
f 5404/5404/5404 5405/5405/5405 5406/5406/5406 
f 5407/5407/5407 5408/5408/5408 5409/5409/5409 
f 5410/5410/5410 5411/5411/5411 5412/5412/5412 
f 5413/5413/5413 5414/5414/5414 5415/5415/5415 
f 5416/5416/5416 5417/5417/5417 5418/5418/5418 
f 5419/5419/5419 5420/5420/5420 5421/5421/5421 
f 5422/5422/5422 5423/5423/5423 5424/5424/5424 
f 5425/5425/5425 5426/5426/5426 5427/5427/5427 
f 5428/5428/5428 5429/5429/5429 5430/5430/5430 
f 5431/5431/5431 5432/5432/5432 5433/5433/5433 
f 5434/5434/5434 5435/5435/5435 5436/5436/5436 
f 5437/5437/5437 5438/5438/5438 5439/5439/5439 
f 5440/5440/5440 5441/5441/5441 5442/5442/5442 
f 5443/5443/5443 5444/5444/5444 5445/5445/5445 
f 5446/5446/5446 5447/5447/5447 5448/5448/5448 
f 5449/5449/5449 5450/5450/5450 5451/5451/5451 
f 5452/5452/5452 5453/5453/5453 5454/5454/5454 
f 5455/5455/5455 5456/5456/5456 5457/5457/5457 
f 5458/5458/5458 5459/5459/5459 5460/5460/5460 
f 5461/5461/5461 5462/5462/5462 5463/5463/5463 
f 5464/5464/5464 5465/5465/5465 5466/5466/5466 
f 5467/5467/5467 5468/5468/5468 5469/5469/5469 
f 5470/5470/5470 5471/5471/5471 5472/5472/5472 
f 5473/5473/5473 5474/5474/5474 5475/5475/5475 
f 5476/5476/5476 5477/5477/5477 5478/5478/5478 
f 5479/5479/5479 5480/5480/5480 5481/5481/5481 
f 5482/5482/5482 5483/5483/5483 5484/5484/5484 
f 5485/5485/5485 5486/5486/5486 5487/5487/5487 
f 5488/5488/5488 5489/5489/5489 5490/5490/5490 
f 5491/5491/5491 5492/5492/5492 5493/5493/5493 
f 5494/5494/5494 5495/5495/5495 5496/5496/5496 
f 5497/5497/5497 5498/5498/5498 5499/5499/5499 
f 5500/5500/5500 5501/5501/5501 5502/5502/5502 
f 5503/5503/5503 5504/5504/5504 5505/5505/5505 
f 5506/5506/5506 5507/5507/5507 5508/5508/5508 
f 5509/5509/5509 5510/5510/5510 5511/5511/5511 
f 5512/5512/5512 5513/5513/5513 5514/5514/5514 
f 5515/5515/5515 5516/5516/5516 5517/5517/5517 
f 5518/5518/5518 5519/5519/5519 5520/5520/5520 
f 5521/5521/5521 5522/5522/5522 5523/5523/5523 
f 5524/5524/5524 5525/5525/5525 5526/5526/5526 
f 5527/5527/5527 5528/5528/5528 5529/5529/5529 
f 5530/5530/5530 5531/5531/5531 5532/5532/5532 
f 5533/5533/5533 5534/5534/5534 5535/5535/5535 
f 5536/5536/5536 5537/5537/5537 5538/5538/5538 
f 5539/5539/5539 5540/5540/5540 5541/5541/5541 
f 5542/5542/5542 5543/5543/5543 5544/5544/5544 
f 5545/5545/5545 5546/5546/5546 5547/5547/5547 
f 5548/5548/5548 5549/5549/5549 5550/5550/5550 
f 5551/5551/5551 5552/5552/5552 5553/5553/5553 
f 5554/5554/5554 5555/5555/5555 5556/5556/5556 
f 5557/5557/5557 5558/5558/5558 5559/5559/5559 
f 5560/5560/5560 5561/5561/5561 5562/5562/5562 
f 5563/5563/5563 5564/5564/5564 5565/5565/5565 
f 5566/5566/5566 5567/5567/5567 5568/5568/5568 
f 5569/5569/5569 5570/5570/5570 5571/5571/5571 
f 5572/5572/5572 5573/5573/5573 5574/5574/5574 
f 5575/5575/5575 5576/5576/5576 5577/5577/5577 
f 5578/5578/5578 5579/5579/5579 5580/5580/5580 
f 5581/5581/5581 5582/5582/5582 5583/5583/5583 
f 5584/5584/5584 5585/5585/5585 5586/5586/5586 
f 5587/5587/5587 5588/5588/5588 5589/5589/5589 
f 5590/5590/5590 5591/5591/5591 5592/5592/5592 
f 5593/5593/5593 5594/5594/5594 5595/5595/5595 
f 5596/5596/5596 5597/5597/5597 5598/5598/5598 
f 5599/5599/5599 5600/5600/5600 5601/5601/5601 
f 5602/5602/5602 5603/5603/5603 5604/5604/5604 
f 5605/5605/5605 5606/5606/5606 5607/5607/5607 
f 5608/5608/5608 5609/5609/5609 5610/5610/5610 
f 5611/5611/5611 5612/5612/5612 5613/5613/5613 
f 5614/5614/5614 5615/5615/5615 5616/5616/5616 
f 5617/5617/5617 5618/5618/5618 5619/5619/5619 
f 5620/5620/5620 5621/5621/5621 5622/5622/5622 
f 5623/5623/5623 5624/5624/5624 5625/5625/5625 
f 5626/5626/5626 5627/5627/5627 5628/5628/5628 
f 5629/5629/5629 5630/5630/5630 5631/5631/5631 
f 5632/5632/5632 5633/5633/5633 5634/5634/5634 
f 5635/5635/5635 5636/5636/5636 5637/5637/5637 
f 5638/5638/5638 5639/5639/5639 5640/5640/5640 
f 5641/5641/5641 5642/5642/5642 5643/5643/5643 
f 5644/5644/5644 5645/5645/5645 5646/5646/5646 
f 5647/5647/5647 5648/5648/5648 5649/5649/5649 
f 5650/5650/5650 5651/5651/5651 5652/5652/5652 
f 5653/5653/5653 5654/5654/5654 5655/5655/5655 
f 5656/5656/5656 5657/5657/5657 5658/5658/5658 
f 5659/5659/5659 5660/5660/5660 5661/5661/5661 
f 5662/5662/5662 5663/5663/5663 5664/5664/5664 
f 5665/5665/5665 5666/5666/5666 5667/5667/5667 
f 5668/5668/5668 5669/5669/5669 5670/5670/5670 
f 5671/5671/5671 5672/5672/5672 5673/5673/5673 
f 5674/5674/5674 5675/5675/5675 5676/5676/5676 
f 5677/5677/5677 5678/5678/5678 5679/5679/5679 
f 5680/5680/5680 5681/5681/5681 5682/5682/5682 
f 5683/5683/5683 5684/5684/5684 5685/5685/5685 
f 5686/5686/5686 5687/5687/5687 5688/5688/5688 
f 5689/5689/5689 5690/5690/5690 5691/5691/5691 
f 5692/5692/5692 5693/5693/5693 5694/5694/5694 
f 5695/5695/5695 5696/5696/5696 5697/5697/5697 
f 5698/5698/5698 5699/5699/5699 5700/5700/5700 
f 5701/5701/5701 5702/5702/5702 5703/5703/5703 
f 5704/5704/5704 5705/5705/5705 5706/5706/5706 
f 5707/5707/5707 5708/5708/5708 5709/5709/5709 
f 5710/5710/5710 5711/5711/5711 5712/5712/5712 
f 5713/5713/5713 5714/5714/5714 5715/5715/5715 
f 5716/5716/5716 5717/5717/5717 5718/5718/5718 
f 5719/5719/5719 5720/5720/5720 5721/5721/5721 
f 5722/5722/5722 5723/5723/5723 5724/5724/5724 
f 5725/5725/5725 5726/5726/5726 5727/5727/5727 
f 5728/5728/5728 5729/5729/5729 5730/5730/5730 
f 5731/5731/5731 5732/5732/5732 5733/5733/5733 
f 5734/5734/5734 5735/5735/5735 5736/5736/5736 
f 5737/5737/5737 5738/5738/5738 5739/5739/5739 
f 5740/5740/5740 5741/5741/5741 5742/5742/5742 
f 5743/5743/5743 5744/5744/5744 5745/5745/5745 
f 5746/5746/5746 5747/5747/5747 5748/5748/5748 
f 5749/5749/5749 5750/5750/5750 5751/5751/5751 
f 5752/5752/5752 5753/5753/5753 5754/5754/5754 
f 5755/5755/5755 5756/5756/5756 5757/5757/5757 
f 5758/5758/5758 5759/5759/5759 5760/5760/5760 
f 5761/5761/5761 5762/5762/5762 5763/5763/5763 
f 5764/5764/5764 5765/5765/5765 5766/5766/5766 
f 5767/5767/5767 5768/5768/5768 5769/5769/5769 
f 5770/5770/5770 5771/5771/5771 5772/5772/5772 
f 5773/5773/5773 5774/5774/5774 5775/5775/5775 
f 5776/5776/5776 5777/5777/5777 5778/5778/5778 
f 5779/5779/5779 5780/5780/5780 5781/5781/5781 
f 5782/5782/5782 5783/5783/5783 5784/5784/5784 
f 5785/5785/5785 5786/5786/5786 5787/5787/5787 
f 5788/5788/5788 5789/5789/5789 5790/5790/5790 
f 5791/5791/5791 5792/5792/5792 5793/5793/5793 
f 5794/5794/5794 5795/5795/5795 5796/5796/5796 
f 5797/5797/5797 5798/5798/5798 5799/5799/5799 
f 5800/5800/5800 5801/5801/5801 5802/5802/5802 
f 5803/5803/5803 5804/5804/5804 5805/5805/5805 
f 5806/5806/5806 5807/5807/5807 5808/5808/5808 
f 5809/5809/5809 5810/5810/5810 5811/5811/5811 
f 5812/5812/5812 5813/5813/5813 5814/5814/5814 
f 5815/5815/5815 5816/5816/5816 5817/5817/5817 
f 5818/5818/5818 5819/5819/5819 5820/5820/5820 
f 5821/5821/5821 5822/5822/5822 5823/5823/5823 
f 5824/5824/5824 5825/5825/5825 5826/5826/5826 
f 5827/5827/5827 5828/5828/5828 5829/5829/5829 
f 5830/5830/5830 5831/5831/5831 5832/5832/5832 
f 5833/5833/5833 5834/5834/5834 5835/5835/5835 
f 5836/5836/5836 5837/5837/5837 5838/5838/5838 
f 5839/5839/5839 5840/5840/5840 5841/5841/5841 
f 5842/5842/5842 5843/5843/5843 5844/5844/5844 
f 5845/5845/5845 5846/5846/5846 5847/5847/5847 
f 5848/5848/5848 5849/5849/5849 5850/5850/5850 
f 5851/5851/5851 5852/5852/5852 5853/5853/5853 
f 5854/5854/5854 5855/5855/5855 5856/5856/5856 
f 5857/5857/5857 5858/5858/5858 5859/5859/5859 
f 5860/5860/5860 5861/5861/5861 5862/5862/5862 
f 5863/5863/5863 5864/5864/5864 5865/5865/5865 
f 5866/5866/5866 5867/5867/5867 5868/5868/5868 
f 5869/5869/5869 5870/5870/5870 5871/5871/5871 
f 5872/5872/5872 5873/5873/5873 5874/5874/5874 
f 5875/5875/5875 5876/5876/5876 5877/5877/5877 
f 5878/5878/5878 5879/5879/5879 5880/5880/5880 
f 5881/5881/5881 5882/5882/5882 5883/5883/5883 
f 5884/5884/5884 5885/5885/5885 5886/5886/5886 
f 5887/5887/5887 5888/5888/5888 5889/5889/5889 
f 5890/5890/5890 5891/5891/5891 5892/5892/5892 
f 5893/5893/5893 5894/5894/5894 5895/5895/5895 
f 5896/5896/5896 5897/5897/5897 5898/5898/5898 
f 5899/5899/5899 5900/5900/5900 5901/5901/5901 
f 5902/5902/5902 5903/5903/5903 5904/5904/5904 
f 5905/5905/5905 5906/5906/5906 5907/5907/5907 
f 5908/5908/5908 5909/5909/5909 5910/5910/5910 
f 5911/5911/5911 5912/5912/5912 5913/5913/5913 
f 5914/5914/5914 5915/5915/5915 5916/5916/5916 
f 5917/5917/5917 5918/5918/5918 5919/5919/5919 
f 5920/5920/5920 5921/5921/5921 5922/5922/5922 
f 5923/5923/5923 5924/5924/5924 5925/5925/5925 
f 5926/5926/5926 5927/5927/5927 5928/5928/5928 
f 5929/5929/5929 5930/5930/5930 5931/5931/5931 
f 5932/5932/5932 5933/5933/5933 5934/5934/5934 
f 5935/5935/5935 5936/5936/5936 5937/5937/5937 
f 5938/5938/5938 5939/5939/5939 5940/5940/5940 
f 5941/5941/5941 5942/5942/5942 5943/5943/5943 
f 5944/5944/5944 5945/5945/5945 5946/5946/5946 
f 5947/5947/5947 5948/5948/5948 5949/5949/5949 
f 5950/5950/5950 5951/5951/5951 5952/5952/5952 
f 5953/5953/5953 5954/5954/5954 5955/5955/5955 
f 5956/5956/5956 5957/5957/5957 5958/5958/5958 
f 5959/5959/5959 5960/5960/5960 5961/5961/5961 
f 5962/5962/5962 5963/5963/5963 5964/5964/5964 
f 5965/5965/5965 5966/5966/5966 5967/5967/5967 
f 5968/5968/5968 5969/5969/5969 5970/5970/5970 
f 5971/5971/5971 5972/5972/5972 5973/5973/5973 
f 5974/5974/5974 5975/5975/5975 5976/5976/5976 
f 5977/5977/5977 5978/5978/5978 5979/5979/5979 
f 5980/5980/5980 5981/5981/5981 5982/5982/5982 
f 5983/5983/5983 5984/5984/5984 5985/5985/5985 
f 5986/5986/5986 5987/5987/5987 5988/5988/5988 
f 5989/5989/5989 5990/5990/5990 5991/5991/5991 
f 5992/5992/5992 5993/5993/5993 5994/5994/5994 
f 5995/5995/5995 5996/5996/5996 5997/5997/5997 
f 5998/5998/5998 5999/5999/5999 6000/6000/6000 
f 6001/6001/6001 6002/6002/6002 6003/6003/6003 
f 6004/6004/6004 6005/6005/6005 6006/6006/6006 
f 6007/6007/6007 6008/6008/6008 6009/6009/6009 
f 6010/6010/6010 6011/6011/6011 6012/6012/6012 
f 6013/6013/6013 6014/6014/6014 6015/6015/6015 
f 6016/6016/6016 6017/6017/6017 6018/6018/6018 
f 6019/6019/6019 6020/6020/6020 6021/6021/6021 
f 6022/6022/6022 6023/6023/6023 6024/6024/6024 
f 6025/6025/6025 6026/6026/6026 6027/6027/6027 
f 6028/6028/6028 6029/6029/6029 6030/6030/6030 
f 6031/6031/6031 6032/6032/6032 6033/6033/6033 
f 6034/6034/6034 6035/6035/6035 6036/6036/6036 
f 6037/6037/6037 6038/6038/6038 6039/6039/6039 
f 6040/6040/6040 6041/6041/6041 6042/6042/6042 
f 6043/6043/6043 6044/6044/6044 6045/6045/6045 
f 6046/6046/6046 6047/6047/6047 6048/6048/6048 
f 6049/6049/6049 6050/6050/6050 6051/6051/6051 
f 6052/6052/6052 6053/6053/6053 6054/6054/6054 
f 6055/6055/6055 6056/6056/6056 6057/6057/6057 
f 6058/6058/6058 6059/6059/6059 6060/6060/6060 
f 6061/6061/6061 6062/6062/6062 6063/6063/6063 
f 6064/6064/6064 6065/6065/6065 6066/6066/6066 
f 6067/6067/6067 6068/6068/6068 6069/6069/6069 
f 6070/6070/6070 6071/6071/6071 6072/6072/6072 
f 6073/6073/6073 6074/6074/6074 6075/6075/6075 
f 6076/6076/6076 6077/6077/6077 6078/6078/6078 
f 6079/6079/6079 6080/6080/6080 6081/6081/6081 
f 6082/6082/6082 6083/6083/6083 6084/6084/6084 
f 6085/6085/6085 6086/6086/6086 6087/6087/6087 
f 6088/6088/6088 6089/6089/6089 6090/6090/6090 
f 6091/6091/6091 6092/6092/6092 6093/6093/6093 
f 6094/6094/6094 6095/6095/6095 6096/6096/6096 
f 6097/6097/6097 6098/6098/6098 6099/6099/6099 
f 6100/6100/6100 6101/6101/6101 6102/6102/6102 
f 6103/6103/6103 6104/6104/6104 6105/6105/6105 
f 6106/6106/6106 6107/6107/6107 6108/6108/6108 
f 6109/6109/6109 6110/6110/6110 6111/6111/6111 
f 6112/6112/6112 6113/6113/6113 6114/6114/6114 
f 6115/6115/6115 6116/6116/6116 6117/6117/6117 
f 6118/6118/6118 6119/6119/6119 6120/6120/6120 
f 6121/6121/6121 6122/6122/6122 6123/6123/6123 
f 6124/6124/6124 6125/6125/6125 6126/6126/6126 
f 6127/6127/6127 6128/6128/6128 6129/6129/6129 
f 6130/6130/6130 6131/6131/6131 6132/6132/6132 
f 6133/6133/6133 6134/6134/6134 6135/6135/6135 
f 6136/6136/6136 6137/6137/6137 6138/6138/6138 
f 6139/6139/6139 6140/6140/6140 6141/6141/6141 
f 6142/6142/6142 6143/6143/6143 6144/6144/6144 
f 6145/6145/6145 6146/6146/6146 6147/6147/6147 
f 6148/6148/6148 6149/6149/6149 6150/6150/6150 
f 6151/6151/6151 6152/6152/6152 6153/6153/6153 
f 6154/6154/6154 6155/6155/6155 6156/6156/6156 
f 6157/6157/6157 6158/6158/6158 6159/6159/6159 
f 6160/6160/6160 6161/6161/6161 6162/6162/6162 
f 6163/6163/6163 6164/6164/6164 6165/6165/6165 
f 6166/6166/6166 6167/6167/6167 6168/6168/6168 
f 6169/6169/6169 6170/6170/6170 6171/6171/6171 
f 6172/6172/6172 6173/6173/6173 6174/6174/6174 
f 6175/6175/6175 6176/6176/6176 6177/6177/6177 
f 6178/6178/6178 6179/6179/6179 6180/6180/6180 
f 6181/6181/6181 6182/6182/6182 6183/6183/6183 
f 6184/6184/6184 6185/6185/6185 6186/6186/6186 
f 6187/6187/6187 6188/6188/6188 6189/6189/6189 
f 6190/6190/6190 6191/6191/6191 6192/6192/6192 
f 6193/6193/6193 6194/6194/6194 6195/6195/6195 
f 6196/6196/6196 6197/6197/6197 6198/6198/6198 
f 6199/6199/6199 6200/6200/6200 6201/6201/6201 
f 6202/6202/6202 6203/6203/6203 6204/6204/6204 
f 6205/6205/6205 6206/6206/6206 6207/6207/6207 
f 6208/6208/6208 6209/6209/6209 6210/6210/6210 
f 6211/6211/6211 6212/6212/6212 6213/6213/6213 
f 6214/6214/6214 6215/6215/6215 6216/6216/6216 
f 6217/6217/6217 6218/6218/6218 6219/6219/6219 
f 6220/6220/6220 6221/6221/6221 6222/6222/6222 
f 6223/6223/6223 6224/6224/6224 6225/6225/6225 
f 6226/6226/6226 6227/6227/6227 6228/6228/6228 
f 6229/6229/6229 6230/6230/6230 6231/6231/6231 
f 6232/6232/6232 6233/6233/6233 6234/6234/6234 
f 6235/6235/6235 6236/6236/6236 6237/6237/6237 
f 6238/6238/6238 6239/6239/6239 6240/6240/6240 
f 6241/6241/6241 6242/6242/6242 6243/6243/6243 
f 6244/6244/6244 6245/6245/6245 6246/6246/6246 
f 6247/6247/6247 6248/6248/6248 6249/6249/6249 
f 6250/6250/6250 6251/6251/6251 6252/6252/6252 
f 6253/6253/6253 6254/6254/6254 6255/6255/6255 
f 6256/6256/6256 6257/6257/6257 6258/6258/6258 
f 6259/6259/6259 6260/6260/6260 6261/6261/6261 
f 6262/6262/6262 6263/6263/6263 6264/6264/6264 
f 6265/6265/6265 6266/6266/6266 6267/6267/6267 
f 6268/6268/6268 6269/6269/6269 6270/6270/6270 
f 6271/6271/6271 6272/6272/6272 6273/6273/6273 
f 6274/6274/6274 6275/6275/6275 6276/6276/6276 
f 6277/6277/6277 6278/6278/6278 6279/6279/6279 
f 6280/6280/6280 6281/6281/6281 6282/6282/6282 
f 6283/6283/6283 6284/6284/6284 6285/6285/6285 
f 6286/6286/6286 6287/6287/6287 6288/6288/6288 
f 6289/6289/6289 6290/6290/6290 6291/6291/6291 
f 6292/6292/6292 6293/6293/6293 6294/6294/6294 
f 6295/6295/6295 6296/6296/6296 6297/6297/6297 
f 6298/6298/6298 6299/6299/6299 6300/6300/6300 
f 6301/6301/6301 6302/6302/6302 6303/6303/6303 
f 6304/6304/6304 6305/6305/6305 6306/6306/6306 
f 6307/6307/6307 6308/6308/6308 6309/6309/6309 
f 6310/6310/6310 6311/6311/6311 6312/6312/6312 
f 6313/6313/6313 6314/6314/6314 6315/6315/6315 
f 6316/6316/6316 6317/6317/6317 6318/6318/6318 
f 6319/6319/6319 6320/6320/6320 6321/6321/6321 
f 6322/6322/6322 6323/6323/6323 6324/6324/6324 
f 6325/6325/6325 6326/6326/6326 6327/6327/6327 
f 6328/6328/6328 6329/6329/6329 6330/6330/6330 
f 6331/6331/6331 6332/6332/6332 6333/6333/6333 
f 6334/6334/6334 6335/6335/6335 6336/6336/6336 
f 6337/6337/6337 6338/6338/6338 6339/6339/6339 
f 6340/6340/6340 6341/6341/6341 6342/6342/6342 
f 6343/6343/6343 6344/6344/6344 6345/6345/6345 
f 6346/6346/6346 6347/6347/6347 6348/6348/6348 
f 6349/6349/6349 6350/6350/6350 6351/6351/6351 
f 6352/6352/6352 6353/6353/6353 6354/6354/6354 
f 6355/6355/6355 6356/6356/6356 6357/6357/6357 
f 6358/6358/6358 6359/6359/6359 6360/6360/6360 
f 6361/6361/6361 6362/6362/6362 6363/6363/6363 
f 6364/6364/6364 6365/6365/6365 6366/6366/6366 
f 6367/6367/6367 6368/6368/6368 6369/6369/6369 
f 6370/6370/6370 6371/6371/6371 6372/6372/6372 
f 6373/6373/6373 6374/6374/6374 6375/6375/6375 
f 6376/6376/6376 6377/6377/6377 6378/6378/6378 
f 6379/6379/6379 6380/6380/6380 6381/6381/6381 
f 6382/6382/6382 6383/6383/6383 6384/6384/6384 
f 6385/6385/6385 6386/6386/6386 6387/6387/6387 
f 6388/6388/6388 6389/6389/6389 6390/6390/6390 
f 6391/6391/6391 6392/6392/6392 6393/6393/6393 
f 6394/6394/6394 6395/6395/6395 6396/6396/6396 
f 6397/6397/6397 6398/6398/6398 6399/6399/6399 
f 6400/6400/6400 6401/6401/6401 6402/6402/6402 
f 6403/6403/6403 6404/6404/6404 6405/6405/6405 
f 6406/6406/6406 6407/6407/6407 6408/6408/6408 
f 6409/6409/6409 6410/6410/6410 6411/6411/6411 
f 6412/6412/6412 6413/6413/6413 6414/6414/6414 
f 6415/6415/6415 6416/6416/6416 6417/6417/6417 
f 6418/6418/6418 6419/6419/6419 6420/6420/6420 
f 6421/6421/6421 6422/6422/6422 6423/6423/6423 
f 6424/6424/6424 6425/6425/6425 6426/6426/6426 
f 6427/6427/6427 6428/6428/6428 6429/6429/6429 
f 6430/6430/6430 6431/6431/6431 6432/6432/6432 
f 6433/6433/6433 6434/6434/6434 6435/6435/6435 
f 6436/6436/6436 6437/6437/6437 6438/6438/6438 
f 6439/6439/6439 6440/6440/6440 6441/6441/6441 
f 6442/6442/6442 6443/6443/6443 6444/6444/6444 
f 6445/6445/6445 6446/6446/6446 6447/6447/6447 
f 6448/6448/6448 6449/6449/6449 6450/6450/6450 
f 6451/6451/6451 6452/6452/6452 6453/6453/6453 
f 6454/6454/6454 6455/6455/6455 6456/6456/6456 
f 6457/6457/6457 6458/6458/6458 6459/6459/6459 
f 6460/6460/6460 6461/6461/6461 6462/6462/6462 
f 6463/6463/6463 6464/6464/6464 6465/6465/6465 
f 6466/6466/6466 6467/6467/6467 6468/6468/6468 
f 6469/6469/6469 6470/6470/6470 6471/6471/6471 
f 6472/6472/6472 6473/6473/6473 6474/6474/6474 
f 6475/6475/6475 6476/6476/6476 6477/6477/6477 
f 6478/6478/6478 6479/6479/6479 6480/6480/6480 
f 6481/6481/6481 6482/6482/6482 6483/6483/6483 
f 6484/6484/6484 6485/6485/6485 6486/6486/6486 
f 6487/6487/6487 6488/6488/6488 6489/6489/6489 
f 6490/6490/6490 6491/6491/6491 6492/6492/6492 
f 6493/6493/6493 6494/6494/6494 6495/6495/6495 
f 6496/6496/6496 6497/6497/6497 6498/6498/6498 
f 6499/6499/6499 6500/6500/6500 6501/6501/6501 
f 6502/6502/6502 6503/6503/6503 6504/6504/6504 
f 6505/6505/6505 6506/6506/6506 6507/6507/6507 
f 6508/6508/6508 6509/6509/6509 6510/6510/6510 
f 6511/6511/6511 6512/6512/6512 6513/6513/6513 
f 6514/6514/6514 6515/6515/6515 6516/6516/6516 
f 6517/6517/6517 6518/6518/6518 6519/6519/6519 
f 6520/6520/6520 6521/6521/6521 6522/6522/6522 
f 6523/6523/6523 6524/6524/6524 6525/6525/6525 
f 6526/6526/6526 6527/6527/6527 6528/6528/6528 
f 6529/6529/6529 6530/6530/6530 6531/6531/6531 
f 6532/6532/6532 6533/6533/6533 6534/6534/6534 
f 6535/6535/6535 6536/6536/6536 6537/6537/6537 
f 6538/6538/6538 6539/6539/6539 6540/6540/6540 
f 6541/6541/6541 6542/6542/6542 6543/6543/6543 
f 6544/6544/6544 6545/6545/6545 6546/6546/6546 
f 6547/6547/6547 6548/6548/6548 6549/6549/6549 
f 6550/6550/6550 6551/6551/6551 6552/6552/6552 
f 6553/6553/6553 6554/6554/6554 6555/6555/6555 
f 6556/6556/6556 6557/6557/6557 6558/6558/6558 
f 6559/6559/6559 6560/6560/6560 6561/6561/6561 
f 6562/6562/6562 6563/6563/6563 6564/6564/6564 
f 6565/6565/6565 6566/6566/6566 6567/6567/6567 
f 6568/6568/6568 6569/6569/6569 6570/6570/6570 
f 6571/6571/6571 6572/6572/6572 6573/6573/6573 
f 6574/6574/6574 6575/6575/6575 6576/6576/6576 
f 6577/6577/6577 6578/6578/6578 6579/6579/6579 
f 6580/6580/6580 6581/6581/6581 6582/6582/6582 
f 6583/6583/6583 6584/6584/6584 6585/6585/6585 
f 6586/6586/6586 6587/6587/6587 6588/6588/6588 
f 6589/6589/6589 6590/6590/6590 6591/6591/6591 
f 6592/6592/6592 6593/6593/6593 6594/6594/6594 
f 6595/6595/6595 6596/6596/6596 6597/6597/6597 
f 6598/6598/6598 6599/6599/6599 6600/6600/6600 
f 6601/6601/6601 6602/6602/6602 6603/6603/6603 
f 6604/6604/6604 6605/6605/6605 6606/6606/6606 
f 6607/6607/6607 6608/6608/6608 6609/6609/6609 
f 6610/6610/6610 6611/6611/6611 6612/6612/6612 
f 6613/6613/6613 6614/6614/6614 6615/6615/6615 
f 6616/6616/6616 6617/6617/6617 6618/6618/6618 
f 6619/6619/6619 6620/6620/6620 6621/6621/6621 
f 6622/6622/6622 6623/6623/6623 6624/6624/6624 
f 6625/6625/6625 6626/6626/6626 6627/6627/6627 
f 6628/6628/6628 6629/6629/6629 6630/6630/6630 
f 6631/6631/6631 6632/6632/6632 6633/6633/6633 
f 6634/6634/6634 6635/6635/6635 6636/6636/6636 
f 6637/6637/6637 6638/6638/6638 6639/6639/6639 
f 6640/6640/6640 6641/6641/6641 6642/6642/6642 
f 6643/6643/6643 6644/6644/6644 6645/6645/6645 
f 6646/6646/6646 6647/6647/6647 6648/6648/6648 
f 6649/6649/6649 6650/6650/6650 6651/6651/6651 
f 6652/6652/6652 6653/6653/6653 6654/6654/6654 
f 6655/6655/6655 6656/6656/6656 6657/6657/6657 
f 6658/6658/6658 6659/6659/6659 6660/6660/6660 
f 6661/6661/6661 6662/6662/6662 6663/6663/6663 
f 6664/6664/6664 6665/6665/6665 6666/6666/6666 
f 6667/6667/6667 6668/6668/6668 6669/6669/6669 
f 6670/6670/6670 6671/6671/6671 6672/6672/6672 
f 6673/6673/6673 6674/6674/6674 6675/6675/6675 
f 6676/6676/6676 6677/6677/6677 6678/6678/6678 
f 6679/6679/6679 6680/6680/6680 6681/6681/6681 
f 6682/6682/6682 6683/6683/6683 6684/6684/6684 
f 6685/6685/6685 6686/6686/6686 6687/6687/6687 
f 6688/6688/6688 6689/6689/6689 6690/6690/6690 
f 6691/6691/6691 6692/6692/6692 6693/6693/6693 
f 6694/6694/6694 6695/6695/6695 6696/6696/6696 
f 6697/6697/6697 6698/6698/6698 6699/6699/6699 
f 6700/6700/6700 6701/6701/6701 6702/6702/6702 
f 6703/6703/6703 6704/6704/6704 6705/6705/6705 
f 6706/6706/6706 6707/6707/6707 6708/6708/6708 
f 6709/6709/6709 6710/6710/6710 6711/6711/6711 
f 6712/6712/6712 6713/6713/6713 6714/6714/6714 
f 6715/6715/6715 6716/6716/6716 6717/6717/6717 
f 6718/6718/6718 6719/6719/6719 6720/6720/6720 
f 6721/6721/6721 6722/6722/6722 6723/6723/6723 
f 6724/6724/6724 6725/6725/6725 6726/6726/6726 
f 6727/6727/6727 6728/6728/6728 6729/6729/6729 
f 6730/6730/6730 6731/6731/6731 6732/6732/6732 
f 6733/6733/6733 6734/6734/6734 6735/6735/6735 
f 6736/6736/6736 6737/6737/6737 6738/6738/6738 
f 6739/6739/6739 6740/6740/6740 6741/6741/6741 
f 6742/6742/6742 6743/6743/6743 6744/6744/6744 
f 6745/6745/6745 6746/6746/6746 6747/6747/6747 
f 6748/6748/6748 6749/6749/6749 6750/6750/6750 
f 6751/6751/6751 6752/6752/6752 6753/6753/6753 
f 6754/6754/6754 6755/6755/6755 6756/6756/6756 
f 6757/6757/6757 6758/6758/6758 6759/6759/6759 
f 6760/6760/6760 6761/6761/6761 6762/6762/6762 
f 6763/6763/6763 6764/6764/6764 6765/6765/6765 
f 6766/6766/6766 6767/6767/6767 6768/6768/6768 
f 6769/6769/6769 6770/6770/6770 6771/6771/6771 
f 6772/6772/6772 6773/6773/6773 6774/6774/6774 
f 6775/6775/6775 6776/6776/6776 6777/6777/6777 
f 6778/6778/6778 6779/6779/6779 6780/6780/6780 
f 6781/6781/6781 6782/6782/6782 6783/6783/6783 
f 6784/6784/6784 6785/6785/6785 6786/6786/6786 
f 6787/6787/6787 6788/6788/6788 6789/6789/6789 
f 6790/6790/6790 6791/6791/6791 6792/6792/6792 
f 6793/6793/6793 6794/6794/6794 6795/6795/6795 
f 6796/6796/6796 6797/6797/6797 6798/6798/6798 
f 6799/6799/6799 6800/6800/6800 6801/6801/6801 
f 6802/6802/6802 6803/6803/6803 6804/6804/6804 
f 6805/6805/6805 6806/6806/6806 6807/6807/6807 
f 6808/6808/6808 6809/6809/6809 6810/6810/6810 
f 6811/6811/6811 6812/6812/6812 6813/6813/6813 
f 6814/6814/6814 6815/6815/6815 6816/6816/6816 
f 6817/6817/6817 6818/6818/6818 6819/6819/6819 
f 6820/6820/6820 6821/6821/6821 6822/6822/6822 
f 6823/6823/6823 6824/6824/6824 6825/6825/6825 
f 6826/6826/6826 6827/6827/6827 6828/6828/6828 
f 6829/6829/6829 6830/6830/6830 6831/6831/6831 
f 6832/6832/6832 6833/6833/6833 6834/6834/6834 
f 6835/6835/6835 6836/6836/6836 6837/6837/6837 
f 6838/6838/6838 6839/6839/6839 6840/6840/6840 
f 6841/6841/6841 6842/6842/6842 6843/6843/6843 
f 6844/6844/6844 6845/6845/6845 6846/6846/6846 
f 6847/6847/6847 6848/6848/6848 6849/6849/6849 
f 6850/6850/6850 6851/6851/6851 6852/6852/6852 
f 6853/6853/6853 6854/6854/6854 6855/6855/6855 
f 6856/6856/6856 6857/6857/6857 6858/6858/6858 
f 6859/6859/6859 6860/6860/6860 6861/6861/6861 
f 6862/6862/6862 6863/6863/6863 6864/6864/6864 
f 6865/6865/6865 6866/6866/6866 6867/6867/6867 
f 6868/6868/6868 6869/6869/6869 6870/6870/6870 
f 6871/6871/6871 6872/6872/6872 6873/6873/6873 
f 6874/6874/6874 6875/6875/6875 6876/6876/6876 
f 6877/6877/6877 6878/6878/6878 6879/6879/6879 
f 6880/6880/6880 6881/6881/6881 6882/6882/6882 
f 6883/6883/6883 6884/6884/6884 6885/6885/6885 
f 6886/6886/6886 6887/6887/6887 6888/6888/6888 
f 6889/6889/6889 6890/6890/6890 6891/6891/6891 
f 6892/6892/6892 6893/6893/6893 6894/6894/6894 
f 6895/6895/6895 6896/6896/6896 6897/6897/6897 
f 6898/6898/6898 6899/6899/6899 6900/6900/6900 
f 6901/6901/6901 6902/6902/6902 6903/6903/6903 
f 6904/6904/6904 6905/6905/6905 6906/6906/6906 
f 6907/6907/6907 6908/6908/6908 6909/6909/6909 
f 6910/6910/6910 6911/6911/6911 6912/6912/6912 
f 6913/6913/6913 6914/6914/6914 6915/6915/6915 
f 6916/6916/6916 6917/6917/6917 6918/6918/6918 
f 6919/6919/6919 6920/6920/6920 6921/6921/6921 
f 6922/6922/6922 6923/6923/6923 6924/6924/6924 
f 6925/6925/6925 6926/6926/6926 6927/6927/6927 
f 6928/6928/6928 6929/6929/6929 6930/6930/6930 
f 6931/6931/6931 6932/6932/6932 6933/6933/6933 
f 6934/6934/6934 6935/6935/6935 6936/6936/6936 
f 6937/6937/6937 6938/6938/6938 6939/6939/6939 
f 6940/6940/6940 6941/6941/6941 6942/6942/6942 
f 6943/6943/6943 6944/6944/6944 6945/6945/6945 
f 6946/6946/6946 6947/6947/6947 6948/6948/6948 
f 6949/6949/6949 6950/6950/6950 6951/6951/6951 
f 6952/6952/6952 6953/6953/6953 6954/6954/6954 
f 6955/6955/6955 6956/6956/6956 6957/6957/6957 
f 6958/6958/6958 6959/6959/6959 6960/6960/6960 
f 6961/6961/6961 6962/6962/6962 6963/6963/6963 
f 6964/6964/6964 6965/6965/6965 6966/6966/6966 
f 6967/6967/6967 6968/6968/6968 6969/6969/6969 
f 6970/6970/6970 6971/6971/6971 6972/6972/6972 
f 6973/6973/6973 6974/6974/6974 6975/6975/6975 
f 6976/6976/6976 6977/6977/6977 6978/6978/6978 
f 6979/6979/6979 6980/6980/6980 6981/6981/6981 
f 6982/6982/6982 6983/6983/6983 6984/6984/6984 
f 6985/6985/6985 6986/6986/6986 6987/6987/6987 
f 6988/6988/6988 6989/6989/6989 6990/6990/6990 
f 6991/6991/6991 6992/6992/6992 6993/6993/6993 
f 6994/6994/6994 6995/6995/6995 6996/6996/6996 
f 6997/6997/6997 6998/6998/6998 6999/6999/6999 
f 7000/7000/7000 7001/7001/7001 7002/7002/7002 
f 7003/7003/7003 7004/7004/7004 7005/7005/7005 
f 7006/7006/7006 7007/7007/7007 7008/7008/7008 
f 7009/7009/7009 7010/7010/7010 7011/7011/7011 
f 7012/7012/7012 7013/7013/7013 7014/7014/7014 
f 7015/7015/7015 7016/7016/7016 7017/7017/7017 
f 7018/7018/7018 7019/7019/7019 7020/7020/7020 
f 7021/7021/7021 7022/7022/7022 7023/7023/7023 
f 7024/7024/7024 7025/7025/7025 7026/7026/7026 
f 7027/7027/7027 7028/7028/7028 7029/7029/7029 
f 7030/7030/7030 7031/7031/7031 7032/7032/7032 
f 7033/7033/7033 7034/7034/7034 7035/7035/7035 
f 7036/7036/7036 7037/7037/7037 7038/7038/7038 
f 7039/7039/7039 7040/7040/7040 7041/7041/7041 
f 7042/7042/7042 7043/7043/7043 7044/7044/7044 
f 7045/7045/7045 7046/7046/7046 7047/7047/7047 
f 7048/7048/7048 7049/7049/7049 7050/7050/7050 
f 7051/7051/7051 7052/7052/7052 7053/7053/7053 
f 7054/7054/7054 7055/7055/7055 7056/7056/7056 
f 7057/7057/7057 7058/7058/7058 7059/7059/7059 
f 7060/7060/7060 7061/7061/7061 7062/7062/7062 
f 7063/7063/7063 7064/7064/7064 7065/7065/7065 
f 7066/7066/7066 7067/7067/7067 7068/7068/7068 
f 7069/7069/7069 7070/7070/7070 7071/7071/7071 
f 7072/7072/7072 7073/7073/7073 7074/7074/7074 
f 7075/7075/7075 7076/7076/7076 7077/7077/7077 
f 7078/7078/7078 7079/7079/7079 7080/7080/7080 
f 7081/7081/7081 7082/7082/7082 7083/7083/7083 
f 7084/7084/7084 7085/7085/7085 7086/7086/7086 
f 7087/7087/7087 7088/7088/7088 7089/7089/7089 
f 7090/7090/7090 7091/7091/7091 7092/7092/7092 
f 7093/7093/7093 7094/7094/7094 7095/7095/7095 
f 7096/7096/7096 7097/7097/7097 7098/7098/7098 
f 7099/7099/7099 7100/7100/7100 7101/7101/7101 
f 7102/7102/7102 7103/7103/7103 7104/7104/7104 
f 7105/7105/7105 7106/7106/7106 7107/7107/7107 
f 7108/7108/7108 7109/7109/7109 7110/7110/7110 
f 7111/7111/7111 7112/7112/7112 7113/7113/7113 
f 7114/7114/7114 7115/7115/7115 7116/7116/7116 
f 7117/7117/7117 7118/7118/7118 7119/7119/7119 
f 7120/7120/7120 7121/7121/7121 7122/7122/7122 
f 7123/7123/7123 7124/7124/7124 7125/7125/7125 
f 7126/7126/7126 7127/7127/7127 7128/7128/7128 
f 7129/7129/7129 7130/7130/7130 7131/7131/7131 
f 7132/7132/7132 7133/7133/7133 7134/7134/7134 
f 7135/7135/7135 7136/7136/7136 7137/7137/7137 
f 7138/7138/7138 7139/7139/7139 7140/7140/7140 
f 7141/7141/7141 7142/7142/7142 7143/7143/7143 
f 7144/7144/7144 7145/7145/7145 7146/7146/7146 
f 7147/7147/7147 7148/7148/7148 7149/7149/7149 
f 7150/7150/7150 7151/7151/7151 7152/7152/7152 
f 7153/7153/7153 7154/7154/7154 7155/7155/7155 
f 7156/7156/7156 7157/7157/7157 7158/7158/7158 
f 7159/7159/7159 7160/7160/7160 7161/7161/7161 
f 7162/7162/7162 7163/7163/7163 7164/7164/7164 
f 7165/7165/7165 7166/7166/7166 7167/7167/7167 
f 7168/7168/7168 7169/7169/7169 7170/7170/7170 
f 7171/7171/7171 7172/7172/7172 7173/7173/7173 
f 7174/7174/7174 7175/7175/7175 7176/7176/7176 
f 7177/7177/7177 7178/7178/7178 7179/7179/7179 
f 7180/7180/7180 7181/7181/7181 7182/7182/7182 
f 7183/7183/7183 7184/7184/7184 7185/7185/7185 
f 7186/7186/7186 7187/7187/7187 7188/7188/7188 
f 7189/7189/7189 7190/7190/7190 7191/7191/7191 
f 7192/7192/7192 7193/7193/7193 7194/7194/7194 
f 7195/7195/7195 7196/7196/7196 7197/7197/7197 
f 7198/7198/7198 7199/7199/7199 7200/7200/7200 
f 7201/7201/7201 7202/7202/7202 7203/7203/7203 
f 7204/7204/7204 7205/7205/7205 7206/7206/7206 
f 7207/7207/7207 7208/7208/7208 7209/7209/7209 
f 7210/7210/7210 7211/7211/7211 7212/7212/7212 
f 7213/7213/7213 7214/7214/7214 7215/7215/7215 
f 7216/7216/7216 7217/7217/7217 7218/7218/7218 
f 7219/7219/7219 7220/7220/7220 7221/7221/7221 
f 7222/7222/7222 7223/7223/7223 7224/7224/7224 
f 7225/7225/7225 7226/7226/7226 7227/7227/7227 
f 7228/7228/7228 7229/7229/7229 7230/7230/7230 
f 7231/7231/7231 7232/7232/7232 7233/7233/7233 
f 7234/7234/7234 7235/7235/7235 7236/7236/7236 
f 7237/7237/7237 7238/7238/7238 7239/7239/7239 
f 7240/7240/7240 7241/7241/7241 7242/7242/7242 
f 7243/7243/7243 7244/7244/7244 7245/7245/7245 
f 7246/7246/7246 7247/7247/7247 7248/7248/7248 
f 7249/7249/7249 7250/7250/7250 7251/7251/7251 
f 7252/7252/7252 7253/7253/7253 7254/7254/7254 
f 7255/7255/7255 7256/7256/7256 7257/7257/7257 
f 7258/7258/7258 7259/7259/7259 7260/7260/7260 
f 7261/7261/7261 7262/7262/7262 7263/7263/7263 
f 7264/7264/7264 7265/7265/7265 7266/7266/7266 
f 7267/7267/7267 7268/7268/7268 7269/7269/7269 
f 7270/7270/7270 7271/7271/7271 7272/7272/7272 
f 7273/7273/7273 7274/7274/7274 7275/7275/7275 
f 7276/7276/7276 7277/7277/7277 7278/7278/7278 
f 7279/7279/7279 7280/7280/7280 7281/7281/7281 
f 7282/7282/7282 7283/7283/7283 7284/7284/7284 
f 7285/7285/7285 7286/7286/7286 7287/7287/7287 
f 7288/7288/7288 7289/7289/7289 7290/7290/7290 
f 7291/7291/7291 7292/7292/7292 7293/7293/7293 
f 7294/7294/7294 7295/7295/7295 7296/7296/7296 
f 7297/7297/7297 7298/7298/7298 7299/7299/7299 
f 7300/7300/7300 7301/7301/7301 7302/7302/7302 
f 7303/7303/7303 7304/7304/7304 7305/7305/7305 
f 7306/7306/7306 7307/7307/7307 7308/7308/7308 
f 7309/7309/7309 7310/7310/7310 7311/7311/7311 
f 7312/7312/7312 7313/7313/7313 7314/7314/7314 
f 7315/7315/7315 7316/7316/7316 7317/7317/7317 
f 7318/7318/7318 7319/7319/7319 7320/7320/7320 
f 7321/7321/7321 7322/7322/7322 7323/7323/7323 
f 7324/7324/7324 7325/7325/7325 7326/7326/7326 
f 7327/7327/7327 7328/7328/7328 7329/7329/7329 
f 7330/7330/7330 7331/7331/7331 7332/7332/7332 
f 7333/7333/7333 7334/7334/7334 7335/7335/7335 
f 7336/7336/7336 7337/7337/7337 7338/7338/7338 
f 7339/7339/7339 7340/7340/7340 7341/7341/7341 
f 7342/7342/7342 7343/7343/7343 7344/7344/7344 
f 7345/7345/7345 7346/7346/7346 7347/7347/7347 
f 7348/7348/7348 7349/7349/7349 7350/7350/7350 
f 7351/7351/7351 7352/7352/7352 7353/7353/7353 
f 7354/7354/7354 7355/7355/7355 7356/7356/7356 
f 7357/7357/7357 7358/7358/7358 7359/7359/7359 
f 7360/7360/7360 7361/7361/7361 7362/7362/7362 
f 7363/7363/7363 7364/7364/7364 7365/7365/7365 
f 7366/7366/7366 7367/7367/7367 7368/7368/7368 
f 7369/7369/7369 7370/7370/7370 7371/7371/7371 
f 7372/7372/7372 7373/7373/7373 7374/7374/7374 
f 7375/7375/7375 7376/7376/7376 7377/7377/7377 
f 7378/7378/7378 7379/7379/7379 7380/7380/7380 
f 7381/7381/7381 7382/7382/7382 7383/7383/7383 
f 7384/7384/7384 7385/7385/7385 7386/7386/7386 
f 7387/7387/7387 7388/7388/7388 7389/7389/7389 
f 7390/7390/7390 7391/7391/7391 7392/7392/7392 
f 7393/7393/7393 7394/7394/7394 7395/7395/7395 
f 7396/7396/7396 7397/7397/7397 7398/7398/7398 
f 7399/7399/7399 7400/7400/7400 7401/7401/7401 
f 7402/7402/7402 7403/7403/7403 7404/7404/7404 
f 7405/7405/7405 7406/7406/7406 7407/7407/7407 
f 7408/7408/7408 7409/7409/7409 7410/7410/7410 
f 7411/7411/7411 7412/7412/7412 7413/7413/7413 
f 7414/7414/7414 7415/7415/7415 7416/7416/7416 
f 7417/7417/7417 7418/7418/7418 7419/7419/7419 
f 7420/7420/7420 7421/7421/7421 7422/7422/7422 
f 7423/7423/7423 7424/7424/7424 7425/7425/7425 
f 7426/7426/7426 7427/7427/7427 7428/7428/7428 
f 7429/7429/7429 7430/7430/7430 7431/7431/7431 
f 7432/7432/7432 7433/7433/7433 7434/7434/7434 
f 7435/7435/7435 7436/7436/7436 7437/7437/7437 
f 7438/7438/7438 7439/7439/7439 7440/7440/7440 
f 7441/7441/7441 7442/7442/7442 7443/7443/7443 
f 7444/7444/7444 7445/7445/7445 7446/7446/7446 
f 7447/7447/7447 7448/7448/7448 7449/7449/7449 
f 7450/7450/7450 7451/7451/7451 7452/7452/7452 
f 7453/7453/7453 7454/7454/7454 7455/7455/7455 
f 7456/7456/7456 7457/7457/7457 7458/7458/7458 
f 7459/7459/7459 7460/7460/7460 7461/7461/7461 
f 7462/7462/7462 7463/7463/7463 7464/7464/7464 
f 7465/7465/7465 7466/7466/7466 7467/7467/7467 
f 7468/7468/7468 7469/7469/7469 7470/7470/7470 
f 7471/7471/7471 7472/7472/7472 7473/7473/7473 
f 7474/7474/7474 7475/7475/7475 7476/7476/7476 
f 7477/7477/7477 7478/7478/7478 7479/7479/7479 
f 7480/7480/7480 7481/7481/7481 7482/7482/7482 
f 7483/7483/7483 7484/7484/7484 7485/7485/7485 
f 7486/7486/7486 7487/7487/7487 7488/7488/7488 
f 7489/7489/7489 7490/7490/7490 7491/7491/7491 
f 7492/7492/7492 7493/7493/7493 7494/7494/7494 
f 7495/7495/7495 7496/7496/7496 7497/7497/7497 
f 7498/7498/7498 7499/7499/7499 7500/7500/7500 
f 7501/7501/7501 7502/7502/7502 7503/7503/7503 
f 7504/7504/7504 7505/7505/7505 7506/7506/7506 
f 7507/7507/7507 7508/7508/7508 7509/7509/7509 
f 7510/7510/7510 7511/7511/7511 7512/7512/7512 
f 7513/7513/7513 7514/7514/7514 7515/7515/7515 
f 7516/7516/7516 7517/7517/7517 7518/7518/7518 
f 7519/7519/7519 7520/7520/7520 7521/7521/7521 
f 7522/7522/7522 7523/7523/7523 7524/7524/7524 
f 7525/7525/7525 7526/7526/7526 7527/7527/7527 
f 7528/7528/7528 7529/7529/7529 7530/7530/7530 
f 7531/7531/7531 7532/7532/7532 7533/7533/7533 
f 7534/7534/7534 7535/7535/7535 7536/7536/7536 
f 7537/7537/7537 7538/7538/7538 7539/7539/7539 
f 7540/7540/7540 7541/7541/7541 7542/7542/7542 
f 7543/7543/7543 7544/7544/7544 7545/7545/7545 
f 7546/7546/7546 7547/7547/7547 7548/7548/7548 
f 7549/7549/7549 7550/7550/7550 7551/7551/7551 
f 7552/7552/7552 7553/7553/7553 7554/7554/7554 
f 7555/7555/7555 7556/7556/7556 7557/7557/7557 
f 7558/7558/7558 7559/7559/7559 7560/7560/7560 
f 7561/7561/7561 7562/7562/7562 7563/7563/7563 
f 7564/7564/7564 7565/7565/7565 7566/7566/7566 
f 7567/7567/7567 7568/7568/7568 7569/7569/7569 
f 7570/7570/7570 7571/7571/7571 7572/7572/7572 
f 7573/7573/7573 7574/7574/7574 7575/7575/7575 
f 7576/7576/7576 7577/7577/7577 7578/7578/7578 
f 7579/7579/7579 7580/7580/7580 7581/7581/7581 
f 7582/7582/7582 7583/7583/7583 7584/7584/7584 
f 7585/7585/7585 7586/7586/7586 7587/7587/7587 
f 7588/7588/7588 7589/7589/7589 7590/7590/7590 
f 7591/7591/7591 7592/7592/7592 7593/7593/7593 
f 7594/7594/7594 7595/7595/7595 7596/7596/7596 
f 7597/7597/7597 7598/7598/7598 7599/7599/7599 
f 7600/7600/7600 7601/7601/7601 7602/7602/7602 
f 7603/7603/7603 7604/7604/7604 7605/7605/7605 
f 7606/7606/7606 7607/7607/7607 7608/7608/7608 
f 7609/7609/7609 7610/7610/7610 7611/7611/7611 
f 7612/7612/7612 7613/7613/7613 7614/7614/7614 
f 7615/7615/7615 7616/7616/7616 7617/7617/7617 
f 7618/7618/7618 7619/7619/7619 7620/7620/7620 
f 7621/7621/7621 7622/7622/7622 7623/7623/7623 
f 7624/7624/7624 7625/7625/7625 7626/7626/7626 
f 7627/7627/7627 7628/7628/7628 7629/7629/7629 
f 7630/7630/7630 7631/7631/7631 7632/7632/7632 
f 7633/7633/7633 7634/7634/7634 7635/7635/7635 
f 7636/7636/7636 7637/7637/7637 7638/7638/7638 
f 7639/7639/7639 7640/7640/7640 7641/7641/7641 
f 7642/7642/7642 7643/7643/7643 7644/7644/7644 
f 7645/7645/7645 7646/7646/7646 7647/7647/7647 
f 7648/7648/7648 7649/7649/7649 7650/7650/7650 
f 7651/7651/7651 7652/7652/7652 7653/7653/7653 
f 7654/7654/7654 7655/7655/7655 7656/7656/7656 
f 7657/7657/7657 7658/7658/7658 7659/7659/7659 
f 7660/7660/7660 7661/7661/7661 7662/7662/7662 
f 7663/7663/7663 7664/7664/7664 7665/7665/7665 
f 7666/7666/7666 7667/7667/7667 7668/7668/7668 
f 7669/7669/7669 7670/7670/7670 7671/7671/7671 
f 7672/7672/7672 7673/7673/7673 7674/7674/7674 
f 7675/7675/7675 7676/7676/7676 7677/7677/7677 
f 7678/7678/7678 7679/7679/7679 7680/7680/7680 
f 7681/7681/7681 7682/7682/7682 7683/7683/7683 
f 7684/7684/7684 7685/7685/7685 7686/7686/7686 
f 7687/7687/7687 7688/7688/7688 7689/7689/7689 
f 7690/7690/7690 7691/7691/7691 7692/7692/7692 
f 7693/7693/7693 7694/7694/7694 7695/7695/7695 
f 7696/7696/7696 7697/7697/7697 7698/7698/7698 
f 7699/7699/7699 7700/7700/7700 7701/7701/7701 
f 7702/7702/7702 7703/7703/7703 7704/7704/7704 
f 7705/7705/7705 7706/7706/7706 7707/7707/7707 
f 7708/7708/7708 7709/7709/7709 7710/7710/7710 
f 7711/7711/7711 7712/7712/7712 7713/7713/7713 
f 7714/7714/7714 7715/7715/7715 7716/7716/7716 
f 7717/7717/7717 7718/7718/7718 7719/7719/7719 
f 7720/7720/7720 7721/7721/7721 7722/7722/7722 
f 7723/7723/7723 7724/7724/7724 7725/7725/7725 
f 7726/7726/7726 7727/7727/7727 7728/7728/7728 
f 7729/7729/7729 7730/7730/7730 7731/7731/7731 
f 7732/7732/7732 7733/7733/7733 7734/7734/7734 
f 7735/7735/7735 7736/7736/7736 7737/7737/7737 
f 7738/7738/7738 7739/7739/7739 7740/7740/7740 
f 7741/7741/7741 7742/7742/7742 7743/7743/7743 
f 7744/7744/7744 7745/7745/7745 7746/7746/7746 
f 7747/7747/7747 7748/7748/7748 7749/7749/7749 
f 7750/7750/7750 7751/7751/7751 7752/7752/7752 
f 7753/7753/7753 7754/7754/7754 7755/7755/7755 
f 7756/7756/7756 7757/7757/7757 7758/7758/7758 
f 7759/7759/7759 7760/7760/7760 7761/7761/7761 
f 7762/7762/7762 7763/7763/7763 7764/7764/7764 
f 7765/7765/7765 7766/7766/7766 7767/7767/7767 
f 7768/7768/7768 7769/7769/7769 7770/7770/7770 
f 7771/7771/7771 7772/7772/7772 7773/7773/7773 
f 7774/7774/7774 7775/7775/7775 7776/7776/7776 
f 7777/7777/7777 7778/7778/7778 7779/7779/7779 
f 7780/7780/7780 7781/7781/7781 7782/7782/7782 
f 7783/7783/7783 7784/7784/7784 7785/7785/7785 
f 7786/7786/7786 7787/7787/7787 7788/7788/7788 
f 7789/7789/7789 7790/7790/7790 7791/7791/7791 
f 7792/7792/7792 7793/7793/7793 7794/7794/7794 
f 7795/7795/7795 7796/7796/7796 7797/7797/7797 
f 7798/7798/7798 7799/7799/7799 7800/7800/7800 
f 7801/7801/7801 7802/7802/7802 7803/7803/7803 
f 7804/7804/7804 7805/7805/7805 7806/7806/7806 
f 7807/7807/7807 7808/7808/7808 7809/7809/7809 
f 7810/7810/7810 7811/7811/7811 7812/7812/7812 
f 7813/7813/7813 7814/7814/7814 7815/7815/7815 
f 7816/7816/7816 7817/7817/7817 7818/7818/7818 
f 7819/7819/7819 7820/7820/7820 7821/7821/7821 
f 7822/7822/7822 7823/7823/7823 7824/7824/7824 
f 7825/7825/7825 7826/7826/7826 7827/7827/7827 
f 7828/7828/7828 7829/7829/7829 7830/7830/7830 
f 7831/7831/7831 7832/7832/7832 7833/7833/7833 
f 7834/7834/7834 7835/7835/7835 7836/7836/7836 
f 7837/7837/7837 7838/7838/7838 7839/7839/7839 
f 7840/7840/7840 7841/7841/7841 7842/7842/7842 
f 7843/7843/7843 7844/7844/7844 7845/7845/7845 
f 7846/7846/7846 7847/7847/7847 7848/7848/7848 
f 7849/7849/7849 7850/7850/7850 7851/7851/7851 
f 7852/7852/7852 7853/7853/7853 7854/7854/7854 
f 7855/7855/7855 7856/7856/7856 7857/7857/7857 
f 7858/7858/7858 7859/7859/7859 7860/7860/7860 
f 7861/7861/7861 7862/7862/7862 7863/7863/7863 
f 7864/7864/7864 7865/7865/7865 7866/7866/7866 
f 7867/7867/7867 7868/7868/7868 7869/7869/7869 
f 7870/7870/7870 7871/7871/7871 7872/7872/7872 
f 7873/7873/7873 7874/7874/7874 7875/7875/7875 
f 7876/7876/7876 7877/7877/7877 7878/7878/7878 
f 7879/7879/7879 7880/7880/7880 7881/7881/7881 
f 7882/7882/7882 7883/7883/7883 7884/7884/7884 
f 7885/7885/7885 7886/7886/7886 7887/7887/7887 
f 7888/7888/7888 7889/7889/7889 7890/7890/7890 
f 7891/7891/7891 7892/7892/7892 7893/7893/7893 
f 7894/7894/7894 7895/7895/7895 7896/7896/7896 
f 7897/7897/7897 7898/7898/7898 7899/7899/7899 
f 7900/7900/7900 7901/7901/7901 7902/7902/7902 
f 7903/7903/7903 7904/7904/7904 7905/7905/7905 
f 7906/7906/7906 7907/7907/7907 7908/7908/7908 
f 7909/7909/7909 7910/7910/7910 7911/7911/7911 
f 7912/7912/7912 7913/7913/7913 7914/7914/7914 
f 7915/7915/7915 7916/7916/7916 7917/7917/7917 
f 7918/7918/7918 7919/7919/7919 7920/7920/7920 
f 7921/7921/7921 7922/7922/7922 7923/7923/7923 
f 7924/7924/7924 7925/7925/7925 7926/7926/7926 
f 7927/7927/7927 7928/7928/7928 7929/7929/7929 
f 7930/7930/7930 7931/7931/7931 7932/7932/7932 
f 7933/7933/7933 7934/7934/7934 7935/7935/7935 
f 7936/7936/7936 7937/7937/7937 7938/7938/7938 
f 7939/7939/7939 7940/7940/7940 7941/7941/7941 
f 7942/7942/7942 7943/7943/7943 7944/7944/7944 
f 7945/7945/7945 7946/7946/7946 7947/7947/7947 
f 7948/7948/7948 7949/7949/7949 7950/7950/7950 
f 7951/7951/7951 7952/7952/7952 7953/7953/7953 
f 7954/7954/7954 7955/7955/7955 7956/7956/7956 
f 7957/7957/7957 7958/7958/7958 7959/7959/7959 
f 7960/7960/7960 7961/7961/7961 7962/7962/7962 
f 7963/7963/7963 7964/7964/7964 7965/7965/7965 
f 7966/7966/7966 7967/7967/7967 7968/7968/7968 
f 7969/7969/7969 7970/7970/7970 7971/7971/7971 
f 7972/7972/7972 7973/7973/7973 7974/7974/7974 
f 7975/7975/7975 7976/7976/7976 7977/7977/7977 
f 7978/7978/7978 7979/7979/7979 7980/7980/7980 
f 7981/7981/7981 7982/7982/7982 7983/7983/7983 
f 7984/7984/7984 7985/7985/7985 7986/7986/7986 
f 7987/7987/7987 7988/7988/7988 7989/7989/7989 
f 7990/7990/7990 7991/7991/7991 7992/7992/7992 
f 7993/7993/7993 7994/7994/7994 7995/7995/7995 
f 7996/7996/7996 7997/7997/7997 7998/7998/7998 
f 7999/7999/7999 8000/8000/8000 8001/8001/8001 
f 8002/8002/8002 8003/8003/8003 8004/8004/8004 
f 8005/8005/8005 8006/8006/8006 8007/8007/8007 
f 8008/8008/8008 8009/8009/8009 8010/8010/8010 
f 8011/8011/8011 8012/8012/8012 8013/8013/8013 
f 8014/8014/8014 8015/8015/8015 8016/8016/8016 
f 8017/8017/8017 8018/8018/8018 8019/8019/8019 
f 8020/8020/8020 8021/8021/8021 8022/8022/8022 
f 8023/8023/8023 8024/8024/8024 8025/8025/8025 
f 8026/8026/8026 8027/8027/8027 8028/8028/8028 
f 8029/8029/8029 8030/8030/8030 8031/8031/8031 
f 8032/8032/8032 8033/8033/8033 8034/8034/8034 
f 8035/8035/8035 8036/8036/8036 8037/8037/8037 
f 8038/8038/8038 8039/8039/8039 8040/8040/8040 
f 8041/8041/8041 8042/8042/8042 8043/8043/8043 
f 8044/8044/8044 8045/8045/8045 8046/8046/8046 
f 8047/8047/8047 8048/8048/8048 8049/8049/8049 
f 8050/8050/8050 8051/8051/8051 8052/8052/8052 
f 8053/8053/8053 8054/8054/8054 8055/8055/8055 
f 8056/8056/8056 8057/8057/8057 8058/8058/8058 
f 8059/8059/8059 8060/8060/8060 8061/8061/8061 
f 8062/8062/8062 8063/8063/8063 8064/8064/8064 
f 8065/8065/8065 8066/8066/8066 8067/8067/8067 
f 8068/8068/8068 8069/8069/8069 8070/8070/8070 
f 8071/8071/8071 8072/8072/8072 8073/8073/8073 
f 8074/8074/8074 8075/8075/8075 8076/8076/8076 
f 8077/8077/8077 8078/8078/8078 8079/8079/8079 
f 8080/8080/8080 8081/8081/8081 8082/8082/8082 
f 8083/8083/8083 8084/8084/8084 8085/8085/8085 
f 8086/8086/8086 8087/8087/8087 8088/8088/8088 
f 8089/8089/8089 8090/8090/8090 8091/8091/8091 
f 8092/8092/8092 8093/8093/8093 8094/8094/8094 
f 8095/8095/8095 8096/8096/8096 8097/8097/8097 
f 8098/8098/8098 8099/8099/8099 8100/8100/8100 
f 8101/8101/8101 8102/8102/8102 8103/8103/8103 
f 8104/8104/8104 8105/8105/8105 8106/8106/8106 
f 8107/8107/8107 8108/8108/8108 8109/8109/8109 
f 8110/8110/8110 8111/8111/8111 8112/8112/8112 
f 8113/8113/8113 8114/8114/8114 8115/8115/8115 
f 8116/8116/8116 8117/8117/8117 8118/8118/8118 
f 8119/8119/8119 8120/8120/8120 8121/8121/8121 
f 8122/8122/8122 8123/8123/8123 8124/8124/8124 
f 8125/8125/8125 8126/8126/8126 8127/8127/8127 

g Bacon15

v 1.88292 6.03896 1.99771 
v 1.40173 6.03896 1.99771 
v 1.4384 6.03896 2.18191 
v 1.88292 6.03896 1.99771 
v 1.4384 6.03896 2.18191 
v 1.54266 6.03896 2.33793 
v 1.88292 6.03896 1.99771 
v 1.54266 6.03896 2.33793 
v 1.69882 6.03896 2.44233 
v 1.88292 6.03896 1.99771 
v 1.69882 6.03896 2.44233 
v 1.88292 6.03896 2.4789 
v 1.88292 6.03896 1.99771 
v 1.88292 6.03896 1.51652 
v 1.69882 6.03896 1.55314 
v 1.69882 6.03896 1.55314 
v 1.61244 6.03896 1.61086 
v 1.88292 6.03896 1.99771 
v 1.88292 6.03896 1.99771 
v 1.54266 6.03896 1.6575 
v 1.4384 6.03896 1.81361 
v 1.88292 6.03896 1.99771 
v 1.4384 6.03896 1.81361 
v 1.40173 6.03896 1.99771 
v 1.37287 6.00961 2.20896 
v 1.4384 6.03896 2.18191 
v 1.40173 6.03896 1.99771 
v 1.37287 6.00961 2.20896 
v 1.40173 6.03896 1.99771 
v 1.33087 6.00961 1.99771 
v 1.49261 6.00961 2.38808 
v 1.54266 6.03896 2.33793 
v 1.4384 6.03896 2.18191 
v 1.49261 6.00961 2.38808 
v 1.4384 6.03896 2.18191 
v 1.37287 6.00961 2.20896 
v 1.67163 6.00961 2.50771 
v 1.69882 6.03896 2.44233 
v 1.54266 6.03896 2.33793 
v 1.67163 6.00961 2.50771 
v 1.54266 6.03896 2.33793 
v 1.49261 6.00961 2.38808 
v 1.88292 6.00961 2.54981 
v 1.88292 6.03896 2.4789 
v 1.69882 6.03896 2.44233 
v 1.88292 6.00961 2.54981 
v 1.69882 6.03896 2.44233 
v 1.67163 6.00961 2.50771 
v 1.67163 6.00961 1.48771 
v 1.69882 6.03896 1.55314 
v 1.88292 6.03896 1.51652 
v 1.67163 6.00961 1.48771 
v 1.88292 6.03896 1.51652 
v 1.88292 6.00961 1.44571 
v 1.69882 6.03896 1.55314 
v 1.67163 6.00961 1.48771 
v 1.57264 6.00961 1.55383 
v 1.69882 6.03896 1.55314 
v 1.57264 6.00961 1.55383 
v 1.61244 6.03896 1.61086 
v 1.37287 6.00961 1.78641 
v 1.4384 6.03896 1.81361 
v 1.54266 6.03896 1.6575 
v 1.37287 6.00961 1.78641 
v 1.54266 6.03896 1.6575 
v 1.49261 6.00961 1.6074 
v 1.33087 6.00961 1.99771 
v 1.40173 6.03896 1.99771 
v 1.4384 6.03896 1.81361 
v 1.33087 6.00961 1.99771 
v 1.4384 6.03896 1.81361 
v 1.37287 6.00961 1.78641 
v 1.34572 5.93866 2.22024 
v 1.37287 6.00961 2.20896 
v 1.33087 6.00961 1.99771 
v 1.34572 5.93866 2.22024 
v 1.33087 6.00961 1.99771 
v 1.30148 5.93866 1.99771 
v 1.47171 5.93866 2.40888 
v 1.49261 6.00961 2.38808 
v 1.37287 6.00961 2.20896 
v 1.47171 5.93866 2.40888 
v 1.37287 6.00961 2.20896 
v 1.34572 5.93866 2.22024 
v 1.66035 5.93866 2.53482 
v 1.67163 6.00961 2.50771 
v 1.49261 6.00961 2.38808 
v 1.66035 5.93866 2.53482 
v 1.49261 6.00961 2.38808 
v 1.47171 5.93866 2.40888 
v 1.88292 5.93866 2.57916 
v 1.88292 6.00961 2.54981 
v 1.67163 6.00961 2.50771 
v 1.88292 5.93866 2.57916 
v 1.67163 6.00961 2.50771 
v 1.66035 5.93866 2.53482 
v 1.66035 5.93866 1.46051 
v 1.67163 6.00961 1.48771 
v 1.88292 6.00961 1.44571 
v 1.66035 5.93866 1.46051 
v 1.88292 6.00961 1.44571 
v 1.88292 5.93866 1.41627 
v 1.67163 6.00961 1.48771 
v 1.66035 5.93866 1.46051 
v 1.55614 5.93866 1.53019 
v 1.67163 6.00961 1.48771 
v 1.55614 5.93866 1.53019 
v 1.57264 6.00961 1.55383 
v 1.34572 5.93866 1.77523 
v 1.37287 6.00961 1.78641 
v 1.49261 6.00961 1.6074 
v 1.34572 5.93866 1.77523 
v 1.49261 6.00961 1.6074 
v 1.47171 5.93866 1.58664 
v 1.30148 5.93866 1.99771 
v 1.33087 6.00961 1.99771 
v 1.37287 6.00961 1.78641 
v 1.30148 5.93866 1.99771 
v 1.37287 6.00961 1.78641 
v 1.34572 5.93866 1.77523 
v 1.34469 5.13688 2.22024 
v 1.34572 5.93866 2.22024 
v 1.30148 5.93866 1.99771 
v 1.34469 5.13688 2.22024 
v 1.30148 5.93866 1.99771 
v 1.3007 5.13205 1.99771 
v 1.47322 5.13474 2.40888 
v 1.47171 5.93866 2.40888 
v 1.34572 5.93866 2.22024 
v 1.47322 5.13474 2.40888 
v 1.34572 5.93866 2.22024 
v 1.34469 5.13688 2.22024 
v 1.66035 5.13454 2.53482 
v 1.66035 5.93866 2.53482 
v 1.47171 5.93866 2.40888 
v 1.66035 5.13454 2.53482 
v 1.47171 5.93866 2.40888 
v 1.47322 5.13474 2.40888 
v 1.88292 5.13454 2.57916 
v 1.88292 5.93866 2.57916 
v 1.66035 5.93866 2.53482 
v 1.88292 5.13454 2.57916 
v 1.66035 5.93866 2.53482 
v 1.66035 5.13454 2.53482 
v 1.55843 4.96543 1.46051 
v 1.66035 5.93866 1.46051 
v 1.88292 5.93866 1.41627 
v 1.55843 4.96543 1.46051 
v 1.88292 5.93866 1.41627 
v 1.88292 4.97086 1.41627 
v 1.55843 4.96543 1.46051 
v 1.48748 5.00992 1.53019 
v 1.55614 5.93866 1.53019 
v 1.55843 4.96543 1.46051 
v 1.55614 5.93866 1.53019 
v 1.66035 5.93866 1.46051 
v 1.35402 5.11027 1.77523 
v 1.34572 5.93866 1.77523 
v 1.47171 5.93866 1.58664 
v 1.35402 5.11027 1.77523 
v 1.47171 5.93866 1.58664 
v 1.43923 5.04239 1.58664 
v 1.3007 5.13205 1.99771 
v 1.30148 5.93866 1.99771 
v 1.34572 5.93866 1.77523 
v 1.3007 5.13205 1.99771 
v 1.34572 5.93866 1.77523 
v 1.35402 5.11027 1.77523 
v 1.34679 5.08034 2.20896 
v 1.34469 5.13688 2.22024 
v 1.3007 5.13205 1.99771 
v 1.34679 5.08034 2.20896 
v 1.3007 5.13205 1.99771 
v 1.3087 5.07853 1.99771 
v 1.47893 5.08019 2.38808 
v 1.47322 5.13474 2.40888 
v 1.34469 5.13688 2.22024 
v 1.47893 5.08019 2.38808 
v 1.34469 5.13688 2.22024 
v 1.34679 5.08034 2.20896 
v 1.67163 5.08156 2.50771 
v 1.66035 5.13454 2.53482 
v 1.47322 5.13474 2.40888 
v 1.67163 5.08156 2.50771 
v 1.47322 5.13474 2.40888 
v 1.47893 5.08019 2.38808 
v 1.88292 5.08156 2.54981 
v 1.88292 5.13454 2.57916 
v 1.66035 5.13454 2.53482 
v 1.88292 5.08156 2.54981 
v 1.66035 5.13454 2.53482 
v 1.67163 5.08156 2.50771 
v 1.56483 4.92124 1.48771 
v 1.55843 4.96543 1.46051 
v 1.88292 4.97086 1.41627 
v 1.56483 4.92124 1.48771 
v 1.88292 4.97086 1.41627 
v 1.88292 4.92554 1.44571 
v 1.56483 4.92124 1.48771 
v 1.48328 4.96553 1.55383 
v 1.48748 5.00992 1.53019 
v 1.56483 4.92124 1.48771 
v 1.48748 5.00992 1.53019 
v 1.55843 4.96543 1.46051 
v 1.36252 5.0568 1.78641 
v 1.35402 5.11027 1.77523 
v 1.43923 5.04239 1.58664 
v 1.36252 5.0568 1.78641 
v 1.43923 5.04239 1.58664 
v 1.43904 4.99312 1.6074 
v 1.3087 5.07853 1.99771 
v 1.3007 5.13205 1.99771 
v 1.35402 5.11027 1.77523 
v 1.3087 5.07853 1.99771 
v 1.35402 5.11027 1.77523 
v 1.36252 5.0568 1.78641 
v 1.39372 5.05397 2.18191 
v 1.34679 5.08034 2.20896 
v 1.3087 5.07853 1.99771 
v 1.39372 5.05397 2.18191 
v 1.3087 5.07853 1.99771 
v 1.36052 5.03971 1.99771 
v 1.51204 5.05597 2.33793 
v 1.47893 5.08019 2.38808 
v 1.34679 5.08034 2.20896 
v 1.51204 5.05597 2.33793 
v 1.34679 5.08034 2.20896 
v 1.39372 5.05397 2.18191 
v 1.69882 5.05968 2.44233 
v 1.67163 5.08156 2.50771 
v 1.47893 5.08019 2.38808 
v 1.69882 5.05968 2.44233 
v 1.47893 5.08019 2.38808 
v 1.51204 5.05597 2.33793 
v 1.88292 5.05968 2.4789 
v 1.88292 5.08156 2.54981 
v 1.67163 5.08156 2.50771 
v 1.88292 5.05968 2.4789 
v 1.67163 5.08156 2.50771 
v 1.69882 5.05968 2.44233 
v 1.59852 4.89336 1.55314 
v 1.56483 4.92124 1.48771 
v 1.88292 4.92554 1.44571 
v 1.59852 4.89336 1.55314 
v 1.88292 4.92554 1.44571 
v 1.88292 4.89614 1.51652 
v 1.59852 4.89336 1.55314 
v 1.50408 4.92905 1.61086 
v 1.48328 4.96553 1.55383 
v 1.59852 4.89336 1.55314 
v 1.48328 4.96553 1.55383 
v 1.56483 4.92124 1.48771 
v 1.40534 5.00719 1.81361 
v 1.36252 5.0568 1.78641 
v 1.43904 4.99312 1.6074 
v 1.40534 5.00719 1.81361 
v 1.43904 4.99312 1.6074 
v 1.4638 4.95352 1.6575 
v 1.36052 5.03971 1.99771 
v 1.3087 5.07853 1.99771 
v 1.36252 5.0568 1.78641 
v 1.36052 5.03971 1.99771 
v 1.36252 5.0568 1.78641 
v 1.40534 5.00719 1.81361 
v 1.36052 5.03971 1.99771 
v 1.88292 4.89756 1.99771 
v 1.39372 5.05397 2.18191 
v 1.39372 5.05397 2.18191 
v 1.88292 4.89756 1.99771 
v 1.51204 5.05597 2.33793 
v 1.51204 5.05597 2.33793 
v 1.88292 4.89756 1.99771 
v 1.69882 5.05968 2.44233 
v 1.69882 5.05968 2.44233 
v 1.88292 4.89756 1.99771 
v 1.88292 5.05968 2.4789 
v 1.88292 4.89614 1.51652 
v 1.88292 4.89756 1.99771 
v 1.59852 4.89336 1.55314 
v 1.88292 4.89756 1.99771 
v 1.4638 4.95352 1.6575 
v 1.50408 4.92905 1.61086 
v 1.4638 4.95352 1.6575 
v 1.88292 4.89756 1.99771 
v 1.40534 5.00719 1.81361 
v 1.40534 5.00719 1.81361 
v 1.88292 4.89756 1.99771 
v 1.36052 5.03971 1.99771 
v 1.57264 6.00961 1.55383 
v 1.49261 6.00961 1.6074 
v 1.54266 6.03896 1.6575 
v 1.57264 6.00961 1.55383 
v 1.54266 6.03896 1.6575 
v 1.61244 6.03896 1.61086 
v 1.55614 5.93866 1.53019 
v 1.47171 5.93866 1.58664 
v 1.49261 6.00961 1.6074 
v 1.55614 5.93866 1.53019 
v 1.49261 6.00961 1.6074 
v 1.57264 6.00961 1.55383 
v 1.43923 5.04239 1.58664 
v 1.47171 5.93866 1.58664 
v 1.55614 5.93866 1.53019 
v 1.43923 5.04239 1.58664 
v 1.55614 5.93866 1.53019 
v 1.48748 5.00992 1.53019 
v 1.43904 4.99312 1.6074 
v 1.43923 5.04239 1.58664 
v 1.48748 5.00992 1.53019 
v 1.43904 4.99312 1.6074 
v 1.48748 5.00992 1.53019 
v 1.48328 4.96553 1.55383 
v 1.4638 4.95352 1.6575 
v 1.43904 4.99312 1.6074 
v 1.48328 4.96553 1.55383 
v 1.4638 4.95352 1.6575 
v 1.48328 4.96553 1.55383 
v 1.50408 4.92905 1.61086 
v 1.61244 6.03896 1.61086 
v 1.54266 6.03896 1.6575 
v 1.88292 6.03896 1.99771 
v 1.50408 4.92905 1.61086 
v 1.59852 4.89336 1.55314 
v 1.88292 4.89756 1.99771 
v 1.88292 6.03896 1.99771 
v 2.32734 6.03896 2.18191 
v 2.36411 6.03896 1.99771 
v 1.88292 6.03896 1.99771 
v 2.22314 6.03896 2.33793 
v 2.32734 6.03896 2.18191 
v 1.88292 6.03896 1.99771 
v 2.06707 6.03896 2.44233 
v 2.22314 6.03896 2.33793 
v 1.88292 6.03896 1.99771 
v 1.88292 6.03896 2.4789 
v 2.06707 6.03896 2.44233 
v 1.88292 6.03896 1.99771 
v 2.06707 6.03896 1.55314 
v 1.88292 6.03896 1.51652 
v 1.88292 6.03896 1.99771 
v 2.15331 6.03896 1.61086 
v 2.06707 6.03896 1.55314 
v 1.88292 6.03896 1.99771 
v 2.32734 6.03896 1.81361 
v 2.22314 6.03896 1.6575 
v 1.88292 6.03896 1.99771 
v 2.36411 6.03896 1.99771 
v 2.32734 6.03896 1.81361 
v 2.39293 6.00961 2.20896 
v 2.43492 6.00961 1.99771 
v 2.36411 6.03896 1.99771 
v 2.39293 6.00961 2.20896 
v 2.36411 6.03896 1.99771 
v 2.32734 6.03896 2.18191 
v 2.27329 6.00961 2.38808 
v 2.39293 6.00961 2.20896 
v 2.32734 6.03896 2.18191 
v 2.27329 6.00961 2.38808 
v 2.32734 6.03896 2.18191 
v 2.22314 6.03896 2.33793 
v 2.09412 6.00961 2.50771 
v 2.27329 6.00961 2.38808 
v 2.22314 6.03896 2.33793 
v 2.09412 6.00961 2.50771 
v 2.22314 6.03896 2.33793 
v 2.06707 6.03896 2.44233 
v 1.88292 6.00961 2.54981 
v 2.09412 6.00961 2.50771 
v 2.06707 6.03896 2.44233 
v 1.88292 6.00961 2.54981 
v 2.06707 6.03896 2.44233 
v 1.88292 6.03896 2.4789 
v 2.09412 6.00961 1.48771 
v 1.88292 6.00961 1.44571 
v 1.88292 6.03896 1.51652 
v 2.09412 6.00961 1.48771 
v 1.88292 6.03896 1.51652 
v 2.06707 6.03896 1.55314 
v 2.06707 6.03896 1.55314 
v 2.15331 6.03896 1.61086 
v 2.19315 6.00961 1.55383 
v 2.06707 6.03896 1.55314 
v 2.19315 6.00961 1.55383 
v 2.09412 6.00961 1.48771 
v 2.39293 6.00961 1.78641 
v 2.27329 6.00961 1.6074 
v 2.22314 6.03896 1.6575 
v 2.39293 6.00961 1.78641 
v 2.22314 6.03896 1.6575 
v 2.32734 6.03896 1.81361 
v 2.43492 6.00961 1.99771 
v 2.39293 6.00961 1.78641 
v 2.32734 6.03896 1.81361 
v 2.43492 6.00961 1.99771 
v 2.32734 6.03896 1.81361 
v 2.36411 6.03896 1.99771 
v 2.42003 5.93866 2.22024 
v 2.46432 5.93866 1.99771 
v 2.43492 6.00961 1.99771 
v 2.42003 5.93866 2.22024 
v 2.43492 6.00961 1.99771 
v 2.39293 6.00961 2.20896 
v 2.29404 5.93866 2.40888 
v 2.42003 5.93866 2.22024 
v 2.39293 6.00961 2.20896 
v 2.29404 5.93866 2.40888 
v 2.39293 6.00961 2.20896 
v 2.27329 6.00961 2.38808 
v 2.1054 5.93866 2.53482 
v 2.29404 5.93866 2.40888 
v 2.27329 6.00961 2.38808 
v 2.1054 5.93866 2.53482 
v 2.27329 6.00961 2.38808 
v 2.09412 6.00961 2.50771 
v 1.88292 5.93866 2.57916 
v 2.1054 5.93866 2.53482 
v 2.09412 6.00961 2.50771 
v 1.88292 5.93866 2.57916 
v 2.09412 6.00961 2.50771 
v 1.88292 6.00961 2.54981 
v 2.1054 5.93866 1.46051 
v 1.88292 5.93866 1.41627 
v 1.88292 6.00961 1.44571 
v 2.1054 5.93866 1.46051 
v 1.88292 6.00961 1.44571 
v 2.09412 6.00961 1.48771 
v 2.09412 6.00961 1.48771 
v 2.19315 6.00961 1.55383 
v 2.20961 5.93866 1.53019 
v 2.09412 6.00961 1.48771 
v 2.20961 5.93866 1.53019 
v 2.1054 5.93866 1.46051 
v 2.42003 5.93866 1.77523 
v 2.29404 5.93866 1.58664 
v 2.27329 6.00961 1.6074 
v 2.42003 5.93866 1.77523 
v 2.27329 6.00961 1.6074 
v 2.39293 6.00961 1.78641 
v 2.46432 5.93866 1.99771 
v 2.42003 5.93866 1.77523 
v 2.39293 6.00961 1.78641 
v 2.46432 5.93866 1.99771 
v 2.39293 6.00961 1.78641 
v 2.43492 6.00961 1.99771 
v 2.42105 5.13688 2.22024 
v 2.46505 5.13205 1.99771 
v 2.46432 5.93866 1.99771 
v 2.42105 5.13688 2.22024 
v 2.46432 5.93866 1.99771 
v 2.42003 5.93866 2.22024 
v 2.29262 5.13474 2.40888 
v 2.42105 5.13688 2.22024 
v 2.42003 5.93866 2.22024 
v 2.29262 5.13474 2.40888 
v 2.42003 5.93866 2.22024 
v 2.29404 5.93866 2.40888 
v 2.1054 5.13454 2.53482 
v 2.29262 5.13474 2.40888 
v 2.29404 5.93866 2.40888 
v 2.1054 5.13454 2.53482 
v 2.29404 5.93866 2.40888 
v 2.1054 5.93866 2.53482 
v 1.88292 5.13454 2.57916 
v 2.1054 5.13454 2.53482 
v 2.1054 5.93866 2.53482 
v 1.88292 5.13454 2.57916 
v 2.1054 5.93866 2.53482 
v 1.88292 5.93866 2.57916 
v 2.20731 4.96543 1.46051 
v 1.88292 4.97086 1.41627 
v 1.88292 5.93866 1.41627 
v 2.20731 4.96543 1.46051 
v 1.88292 5.93866 1.41627 
v 2.1054 5.93866 1.46051 
v 2.20731 4.96543 1.46051 
v 2.1054 5.93866 1.46051 
v 2.20961 5.93866 1.53019 
v 2.20731 4.96543 1.46051 
v 2.20961 5.93866 1.53019 
v 2.27827 5.00992 1.53019 
v 2.41173 5.11027 1.77523 
v 2.32656 5.04239 1.58664 
v 2.29404 5.93866 1.58664 
v 2.41173 5.11027 1.77523 
v 2.29404 5.93866 1.58664 
v 2.42003 5.93866 1.77523 
v 2.46505 5.13205 1.99771 
v 2.41173 5.11027 1.77523 
v 2.42003 5.93866 1.77523 
v 2.46505 5.13205 1.99771 
v 2.42003 5.93866 1.77523 
v 2.46432 5.93866 1.99771 
v 2.41895 5.08034 2.20896 
v 2.45704 5.07853 1.99771 
v 2.46505 5.13205 1.99771 
v 2.41895 5.08034 2.20896 
v 2.46505 5.13205 1.99771 
v 2.42105 5.13688 2.22024 
v 2.28681 5.08019 2.38808 
v 2.41895 5.08034 2.20896 
v 2.42105 5.13688 2.22024 
v 2.28681 5.08019 2.38808 
v 2.42105 5.13688 2.22024 
v 2.29262 5.13474 2.40888 
v 2.09412 5.08156 2.50771 
v 2.28681 5.08019 2.38808 
v 2.29262 5.13474 2.40888 
v 2.09412 5.08156 2.50771 
v 2.29262 5.13474 2.40888 
v 2.1054 5.13454 2.53482 
v 1.88292 5.08156 2.54981 
v 2.09412 5.08156 2.50771 
v 2.1054 5.13454 2.53482 
v 1.88292 5.08156 2.54981 
v 2.1054 5.13454 2.53482 
v 1.88292 5.13454 2.57916 
v 2.20092 4.92124 1.48771 
v 1.88292 4.92554 1.44571 
v 1.88292 4.97086 1.41627 
v 2.20092 4.92124 1.48771 
v 1.88292 4.97086 1.41627 
v 2.20731 4.96543 1.46051 
v 2.20092 4.92124 1.48771 
v 2.20731 4.96543 1.46051 
v 2.27827 5.00992 1.53019 
v 2.20092 4.92124 1.48771 
v 2.27827 5.00992 1.53019 
v 2.28247 4.96553 1.55383 
v 2.40328 5.0568 1.78641 
v 2.32671 4.99312 1.6074 
v 2.32656 5.04239 1.58664 
v 2.40328 5.0568 1.78641 
v 2.32656 5.04239 1.58664 
v 2.41173 5.11027 1.77523 
v 2.45704 5.07853 1.99771 
v 2.40328 5.0568 1.78641 
v 2.41173 5.11027 1.77523 
v 2.45704 5.07853 1.99771 
v 2.41173 5.11027 1.77523 
v 2.46505 5.13205 1.99771 
v 2.37203 5.05397 2.18191 
v 2.40523 5.03971 1.99771 
v 2.45704 5.07853 1.99771 
v 2.37203 5.05397 2.18191 
v 2.45704 5.07853 1.99771 
v 2.41895 5.08034 2.20896 
v 2.25385 5.05597 2.33793 
v 2.37203 5.05397 2.18191 
v 2.41895 5.08034 2.20896 
v 2.25385 5.05597 2.33793 
v 2.41895 5.08034 2.20896 
v 2.28681 5.08019 2.38808 
v 2.06707 5.05968 2.44233 
v 2.25385 5.05597 2.33793 
v 2.28681 5.08019 2.38808 
v 2.06707 5.05968 2.44233 
v 2.28681 5.08019 2.38808 
v 2.09412 5.08156 2.50771 
v 1.88292 5.05968 2.4789 
v 2.06707 5.05968 2.44233 
v 2.09412 5.08156 2.50771 
v 1.88292 5.05968 2.4789 
v 2.09412 5.08156 2.50771 
v 1.88292 5.08156 2.54981 
v 2.16722 4.89336 1.55314 
v 1.88292 4.89614 1.51652 
v 1.88292 4.92554 1.44571 
v 2.16722 4.89336 1.55314 
v 1.88292 4.92554 1.44571 
v 2.20092 4.92124 1.48771 
v 2.16722 4.89336 1.55314 
v 2.20092 4.92124 1.48771 
v 2.28247 4.96553 1.55383 
v 2.16722 4.89336 1.55314 
v 2.28247 4.96553 1.55383 
v 2.26166 4.92905 1.61086 
v 2.3605 5.00719 1.81361 
v 2.3021 4.95352 1.6575 
v 2.32671 4.99312 1.6074 
v 2.3605 5.00719 1.81361 
v 2.32671 4.99312 1.6074 
v 2.40328 5.0568 1.78641 
v 2.40523 5.03971 1.99771 
v 2.3605 5.00719 1.81361 
v 2.40328 5.0568 1.78641 
v 2.40523 5.03971 1.99771 
v 2.40328 5.0568 1.78641 
v 2.45704 5.07853 1.99771 
v 2.40523 5.03971 1.99771 
v 2.37203 5.05397 2.18191 
v 1.88292 4.89756 1.99771 
v 2.37203 5.05397 2.18191 
v 2.25385 5.05597 2.33793 
v 1.88292 4.89756 1.99771 
v 2.25385 5.05597 2.33793 
v 2.06707 5.05968 2.44233 
v 1.88292 4.89756 1.99771 
v 2.06707 5.05968 2.44233 
v 1.88292 5.05968 2.4789 
v 1.88292 4.89756 1.99771 
v 1.88292 4.89614 1.51652 
v 2.16722 4.89336 1.55314 
v 1.88292 4.89756 1.99771 
v 1.88292 4.89756 1.99771 
v 2.26166 4.92905 1.61086 
v 2.3021 4.95352 1.6575 
v 2.3021 4.95352 1.6575 
v 2.3605 5.00719 1.81361 
v 1.88292 4.89756 1.99771 
v 2.3605 5.00719 1.81361 
v 2.40523 5.03971 1.99771 
v 1.88292 4.89756 1.99771 
v 2.19315 6.00961 1.55383 
v 2.15331 6.03896 1.61086 
v 2.22314 6.03896 1.6575 
v 2.19315 6.00961 1.55383 
v 2.22314 6.03896 1.6575 
v 2.27329 6.00961 1.6074 
v 2.20961 5.93866 1.53019 
v 2.19315 6.00961 1.55383 
v 2.27329 6.00961 1.6074 
v 2.20961 5.93866 1.53019 
v 2.27329 6.00961 1.6074 
v 2.29404 5.93866 1.58664 
v 2.32656 5.04239 1.58664 
v 2.27827 5.00992 1.53019 
v 2.20961 5.93866 1.53019 
v 2.32656 5.04239 1.58664 
v 2.20961 5.93866 1.53019 
v 2.29404 5.93866 1.58664 
v 2.32671 4.99312 1.6074 
v 2.28247 4.96553 1.55383 
v 2.27827 5.00992 1.53019 
v 2.32671 4.99312 1.6074 
v 2.27827 5.00992 1.53019 
v 2.32656 5.04239 1.58664 
v 2.3021 4.95352 1.6575 
v 2.26166 4.92905 1.61086 
v 2.28247 4.96553 1.55383 
v 2.3021 4.95352 1.6575 
v 2.28247 4.96553 1.55383 
v 2.32671 4.99312 1.6074 
v 2.15331 6.03896 1.61086 
v 1.88292 6.03896 1.99771 
v 2.22314 6.03896 1.6575 
v 2.26166 4.92905 1.61086 
v 1.88292 4.89756 1.99771 
v 2.16722 4.89336 1.55314 

vn 0 1 0 
vn -0.220472 0.976378 0 
vn -0.204724 0.976378 0.0866142 
vn 0 1 0 
vn -0.204724 0.976378 0.0866142 
vn -0.15748 0.976378 0.15748 
vn 0 1 0 
vn -0.15748 0.976378 0.15748 
vn -0.0866142 0.976378 0.204724 
vn 0 1 0 
vn -0.0866142 0.976378 0.204724 
vn 0 0.976378 0.220472 
vn 0 1 0 
vn 0 0.976378 -0.220472 
vn -0.0866142 0.976378 -0.204724 
vn -0.0866142 0.976378 -0.204724 
vn -0.110236 0.976378 -0.165354 
vn 0 1 0 
vn 0 1 0 
vn -0.15748 0.976378 -0.15748 
vn -0.204724 0.976378 -0.0866142 
vn 0 1 0 
vn -0.204724 0.976378 -0.0866142 
vn -0.220472 0.976378 0 
vn -0.354331 0.92126 0.149606 
vn -0.204724 0.976378 0.0866142 
vn -0.220472 0.976378 0 
vn -0.354331 0.92126 0.149606 
vn -0.220472 0.976378 0 
vn -0.385827 0.92126 0 
vn -0.267717 0.92126 0.267717 
vn -0.15748 0.976378 0.15748 
vn -0.204724 0.976378 0.0866142 
vn -0.267717 0.92126 0.267717 
vn -0.204724 0.976378 0.0866142 
vn -0.354331 0.92126 0.149606 
vn -0.149606 0.92126 0.354331 
vn -0.0866142 0.976378 0.204724 
vn -0.15748 0.976378 0.15748 
vn -0.149606 0.92126 0.354331 
vn -0.15748 0.976378 0.15748 
vn -0.267717 0.92126 0.267717 
vn -0.0787402 0.92126 0.377953 
vn 0 0.976378 0.220472 
vn -0.0866142 0.976378 0.204724 
vn -0.0787402 0.92126 0.377953 
vn -0.0866142 0.976378 0.204724 
vn -0.149606 0.92126 0.354331 
vn -0.149606 0.92126 -0.354331 
vn -0.0866142 0.976378 -0.204724 
vn 0 0.976378 -0.220472 
vn -0.149606 0.92126 -0.354331 
vn 0 0.976378 -0.220472 
vn -0.0787402 0.92126 -0.377953 
vn -0.0866142 0.976378 -0.204724 
vn -0.149606 0.92126 -0.354331 
vn -0.212598 0.92126 -0.322835 
vn -0.0866142 0.976378 -0.204724 
vn -0.212598 0.92126 -0.322835 
vn -0.110236 0.976378 -0.165354 
vn -0.354331 0.92126 -0.149606 
vn -0.204724 0.976378 -0.0866142 
vn -0.15748 0.976378 -0.15748 
vn -0.354331 0.92126 -0.149606 
vn -0.15748 0.976378 -0.15748 
vn -0.322835 0.92126 -0.212598 
vn -0.385827 0.92126 0 
vn -0.220472 0.976378 0 
vn -0.204724 0.976378 -0.0866142 
vn -0.385827 0.92126 0 
vn -0.204724 0.976378 -0.0866142 
vn -0.354331 0.92126 -0.149606 
vn -0.905512 0.188976 0.377953 
vn -0.354331 0.92126 0.149606 
vn -0.385827 0.92126 0 
vn -0.905512 0.188976 0.377953 
vn -0.385827 0.92126 0 
vn -0.984252 0.188976 0 
vn -0.692913 0.188976 0.692913 
vn -0.267717 0.92126 0.267717 
vn -0.354331 0.92126 0.149606 
vn -0.692913 0.188976 0.692913 
vn -0.354331 0.92126 0.149606 
vn -0.905512 0.188976 0.377953 
vn -0.377953 0.188976 0.905512 
vn -0.149606 0.92126 0.354331 
vn -0.267717 0.92126 0.267717 
vn -0.377953 0.188976 0.905512 
vn -0.267717 0.92126 0.267717 
vn -0.692913 0.188976 0.692913 
vn 0 0.188976 0.984252 
vn -0.0787402 0.92126 0.377953 
vn -0.149606 0.92126 0.354331 
vn 0 0.188976 0.984252 
vn -0.149606 0.92126 0.354331 
vn -0.377953 0.188976 0.905512 
vn -0.370079 0.212598 -0.905512 
vn -0.149606 0.92126 -0.354331 
vn -0.0787402 0.92126 -0.377953 
vn -0.370079 0.212598 -0.905512 
vn -0.0787402 0.92126 -0.377953 
vn 0 0.19685 -0.976378 
vn -0.149606 0.92126 -0.354331 
vn -0.370079 0.212598 -0.905512 
vn -0.551181 0.212598 -0.811024 
vn -0.149606 0.92126 -0.354331 
vn -0.551181 0.212598 -0.811024 
vn -0.212598 0.92126 -0.322835 
vn -0.905512 0.188976 -0.377953 
vn -0.354331 0.92126 -0.149606 
vn -0.322835 0.92126 -0.212598 
vn -0.905512 0.188976 -0.377953 
vn -0.322835 0.92126 -0.212598 
vn -0.692913 0.19685 -0.692913 
vn -0.984252 0.188976 0 
vn -0.385827 0.92126 0 
vn -0.354331 0.92126 -0.149606 
vn -0.984252 0.188976 0 
vn -0.354331 0.92126 -0.149606 
vn -0.905512 0.188976 -0.377953 
vn -0.913386 -0.0629921 0.401575 
vn -0.905512 0.188976 0.377953 
vn -0.984252 0.188976 0 
vn -0.913386 -0.0629921 0.401575 
vn -0.984252 0.188976 0 
vn -1 -0.0708661 -0.015748 
vn -0.685039 -0.173228 0.708661 
vn -0.692913 0.188976 0.692913 
vn -0.905512 0.188976 0.377953 
vn -0.685039 -0.173228 0.708661 
vn -0.905512 0.188976 0.377953 
vn -0.913386 -0.0629921 0.401575 
vn -0.370079 -0.244094 0.897638 
vn -0.377953 0.188976 0.905512 
vn -0.692913 0.188976 0.692913 
vn -0.370079 -0.244094 0.897638 
vn -0.692913 0.188976 0.692913 
vn -0.685039 -0.173228 0.708661 
vn 0 -0.244094 0.968504 
vn 0 0.188976 0.984252 
vn -0.377953 0.188976 0.905512 
vn 0 -0.244094 0.968504 
vn -0.377953 0.188976 0.905512 
vn -0.370079 -0.244094 0.897638 
vn -0.401575 0.023622 -0.913386 
vn -0.370079 0.212598 -0.905512 
vn 0 0.19685 -0.976378 
vn -0.401575 0.023622 -0.913386 
vn 0 0.19685 -0.976378 
vn -0.133858 0 -0.992126 
vn -0.401575 0.023622 -0.913386 
vn -0.748031 -0.110236 -0.661417 
vn -0.551181 0.212598 -0.811024 
vn -0.401575 0.023622 -0.913386 
vn -0.551181 0.212598 -0.811024 
vn -0.370079 0.212598 -0.905512 
vn -0.944882 -0.0866142 -0.322835 
vn -0.905512 0.188976 -0.377953 
vn -0.692913 0.19685 -0.692913 
vn -0.944882 -0.0866142 -0.322835 
vn -0.692913 0.19685 -0.692913 
vn -0.850394 -0.0708661 -0.527559 
vn -1 -0.0708661 -0.015748 
vn -0.984252 0.188976 0 
vn -0.905512 0.188976 -0.377953 
vn -1 -0.0708661 -0.015748 
vn -0.905512 0.188976 -0.377953 
vn -0.944882 -0.0866142 -0.322835 
vn -0.92126 -0.11811 0.377953 
vn -0.913386 -0.0629921 0.401575 
vn -1 -0.0708661 -0.015748 
vn -0.92126 -0.11811 0.377953 
vn -1 -0.0708661 -0.015748 
vn -0.984252 -0.149606 -0.0314961 
vn -0.669291 -0.314961 0.669291 
vn -0.685039 -0.173228 0.708661 
vn -0.913386 -0.0629921 0.401575 
vn -0.669291 -0.314961 0.669291 
vn -0.913386 -0.0629921 0.401575 
vn -0.92126 -0.11811 0.377953 
vn -0.338583 -0.472441 0.811024 
vn -0.370079 -0.244094 0.897638 
vn -0.685039 -0.173228 0.708661 
vn -0.338583 -0.472441 0.811024 
vn -0.685039 -0.173228 0.708661 
vn -0.669291 -0.314961 0.669291 
vn -0.173228 -0.480315 0.858268 
vn 0 -0.244094 0.968504 
vn -0.370079 -0.244094 0.897638 
vn -0.173228 -0.480315 0.858268 
vn -0.370079 -0.244094 0.897638 
vn -0.338583 -0.472441 0.811024 
vn -0.102362 -0.535433 -0.84252 
vn -0.401575 0.023622 -0.913386 
vn -0.133858 0 -0.992126 
vn -0.102362 -0.535433 -0.84252 
vn -0.133858 0 -0.992126 
vn -0.102362 -0.543307 -0.834646 
vn -0.102362 -0.535433 -0.84252 
vn -0.692913 -0.283465 -0.661417 
vn -0.748031 -0.110236 -0.661417 
vn -0.102362 -0.535433 -0.84252 
vn -0.748031 -0.110236 -0.661417 
vn -0.401575 0.023622 -0.913386 
vn -0.937008 -0.204724 -0.283465 
vn -0.944882 -0.0866142 -0.322835 
vn -0.850394 -0.0708661 -0.527559 
vn -0.937008 -0.204724 -0.283465 
vn -0.850394 -0.0708661 -0.527559 
vn -0.929134 -0.141732 -0.346457 
vn -0.984252 -0.149606 -0.0314961 
vn -1 -0.0708661 -0.015748 
vn -0.944882 -0.0866142 -0.322835 
vn -0.984252 -0.149606 -0.0314961 
vn -0.944882 -0.0866142 -0.322835 
vn -0.937008 -0.204724 -0.283465 
vn -0.346457 -0.92126 0.173228 
vn -0.92126 -0.11811 0.377953 
vn -0.984252 -0.149606 -0.0314961 
vn -0.346457 -0.92126 0.173228 
vn -0.984252 -0.149606 -0.0314961 
vn -0.472441 -0.88189 0.0787402 
vn -0.228346 -0.937008 0.259843 
vn -0.669291 -0.314961 0.669291 
vn -0.92126 -0.11811 0.377953 
vn -0.228346 -0.937008 0.259843 
vn -0.92126 -0.11811 0.377953 
vn -0.346457 -0.92126 0.173228 
vn -0.102362 -0.952756 0.291339 
vn -0.338583 -0.472441 0.811024 
vn -0.669291 -0.314961 0.669291 
vn -0.102362 -0.952756 0.291339 
vn -0.669291 -0.314961 0.669291 
vn -0.228346 -0.937008 0.259843 
vn 0 -0.952756 0.307087 
vn -0.173228 -0.480315 0.858268 
vn -0.338583 -0.472441 0.811024 
vn 0 -0.952756 0.307087 
vn -0.338583 -0.472441 0.811024 
vn -0.102362 -0.952756 0.291339 
vn -0.212598 -0.968504 -0.11811 
vn -0.102362 -0.535433 -0.84252 
vn -0.102362 -0.543307 -0.834646 
vn -0.212598 -0.968504 -0.11811 
vn -0.102362 -0.543307 -0.834646 
vn 0 -0.976378 -0.212598 
vn -0.212598 -0.968504 -0.11811 
vn -0.472441 -0.88189 -0.0551181 
vn -0.692913 -0.283465 -0.661417 
vn -0.212598 -0.968504 -0.11811 
vn -0.692913 -0.283465 -0.661417 
vn -0.102362 -0.535433 -0.84252 
vn -0.543307 -0.834646 0.0393701 
vn -0.937008 -0.204724 -0.283465 
vn -0.929134 -0.141732 -0.346457 
vn -0.543307 -0.834646 0.0393701 
vn -0.929134 -0.141732 -0.346457 
vn -0.574803 -0.818898 0.023622 
vn -0.472441 -0.88189 0.0787402 
vn -0.984252 -0.149606 -0.0314961 
vn -0.937008 -0.204724 -0.283465 
vn -0.472441 -0.88189 0.0787402 
vn -0.937008 -0.204724 -0.283465 
vn -0.543307 -0.834646 0.0393701 
vn -0.472441 -0.88189 0.0787402 
vn 0 -0.984252 0.173228 
vn -0.346457 -0.92126 0.173228 
vn -0.346457 -0.92126 0.173228 
vn 0 -0.984252 0.173228 
vn -0.228346 -0.937008 0.259843 
vn -0.228346 -0.937008 0.259843 
vn 0 -0.984252 0.173228 
vn -0.102362 -0.952756 0.291339 
vn -0.102362 -0.952756 0.291339 
vn 0 -0.984252 0.173228 
vn 0 -0.952756 0.307087 
vn 0 -0.976378 -0.212598 
vn 0 -0.984252 0.173228 
vn -0.212598 -0.968504 -0.11811 
vn 0 -0.984252 0.173228 
vn -0.574803 -0.818898 0.023622 
vn -0.472441 -0.88189 -0.0551181 
vn -0.574803 -0.818898 0.023622 
vn 0 -0.984252 0.173228 
vn -0.543307 -0.834646 0.0393701 
vn -0.543307 -0.834646 0.0393701 
vn 0 -0.984252 0.173228 
vn -0.472441 -0.88189 0.0787402 
vn -0.212598 0.92126 -0.322835 
vn -0.322835 0.92126 -0.212598 
vn -0.15748 0.976378 -0.15748 
vn -0.212598 0.92126 -0.322835 
vn -0.15748 0.976378 -0.15748 
vn -0.110236 0.976378 -0.165354 
vn -0.551181 0.212598 -0.811024 
vn -0.692913 0.19685 -0.692913 
vn -0.322835 0.92126 -0.212598 
vn -0.551181 0.212598 -0.811024 
vn -0.322835 0.92126 -0.212598 
vn -0.212598 0.92126 -0.322835 
vn -0.850394 -0.0708661 -0.527559 
vn -0.692913 0.19685 -0.692913 
vn -0.551181 0.212598 -0.811024 
vn -0.850394 -0.0708661 -0.527559 
vn -0.551181 0.212598 -0.811024 
vn -0.748031 -0.110236 -0.661417 
vn -0.929134 -0.141732 -0.346457 
vn -0.850394 -0.0708661 -0.527559 
vn -0.748031 -0.110236 -0.661417 
vn -0.929134 -0.141732 -0.346457 
vn -0.748031 -0.110236 -0.661417 
vn -0.692913 -0.283465 -0.661417 
vn -0.574803 -0.818898 0.023622 
vn -0.929134 -0.141732 -0.346457 
vn -0.692913 -0.283465 -0.661417 
vn -0.574803 -0.818898 0.023622 
vn -0.692913 -0.283465 -0.661417 
vn -0.472441 -0.88189 -0.0551181 
vn -0.110236 0.976378 -0.165354 
vn -0.15748 0.976378 -0.15748 
vn 0 1 0 
vn -0.472441 -0.88189 -0.0551181 
vn -0.212598 -0.968504 -0.11811 
vn 0 -0.984252 0.173228 
vn 0 1 0 
vn 0.204724 0.976378 0.0866142 
vn 0.220472 0.976378 0 
vn 0 1 0 
vn 0.15748 0.976378 0.15748 
vn 0.204724 0.976378 0.0866142 
vn 0 1 0 
vn 0.0866142 0.976378 0.204724 
vn 0.15748 0.976378 0.15748 
vn 0 1 0 
vn 0 0.976378 0.220472 
vn 0.0866142 0.976378 0.204724 
vn 0 1 0 
vn 0.0866142 0.976378 -0.204724 
vn 0 0.976378 -0.220472 
vn 0 1 0 
vn 0.110236 0.976378 -0.165354 
vn 0.0866142 0.976378 -0.204724 
vn 0 1 0 
vn 0.204724 0.976378 -0.0866142 
vn 0.15748 0.976378 -0.15748 
vn 0 1 0 
vn 0.220472 0.976378 0 
vn 0.204724 0.976378 -0.0866142 
vn 0.354331 0.92126 0.149606 
vn 0.385827 0.92126 0 
vn 0.220472 0.976378 0 
vn 0.354331 0.92126 0.149606 
vn 0.220472 0.976378 0 
vn 0.204724 0.976378 0.0866142 
vn 0.267717 0.92126 0.267717 
vn 0.354331 0.92126 0.149606 
vn 0.204724 0.976378 0.0866142 
vn 0.267717 0.92126 0.267717 
vn 0.204724 0.976378 0.0866142 
vn 0.15748 0.976378 0.15748 
vn 0.149606 0.92126 0.354331 
vn 0.267717 0.92126 0.267717 
vn 0.15748 0.976378 0.15748 
vn 0.149606 0.92126 0.354331 
vn 0.15748 0.976378 0.15748 
vn 0.0866142 0.976378 0.204724 
vn -0.0787402 0.92126 0.377953 
vn 0.149606 0.92126 0.354331 
vn 0.0866142 0.976378 0.204724 
vn -0.0787402 0.92126 0.377953 
vn 0.0866142 0.976378 0.204724 
vn 0 0.976378 0.220472 
vn 0.149606 0.92126 -0.354331 
vn -0.0787402 0.92126 -0.377953 
vn 0 0.976378 -0.220472 
vn 0.149606 0.92126 -0.354331 
vn 0 0.976378 -0.220472 
vn 0.0866142 0.976378 -0.204724 
vn 0.0866142 0.976378 -0.204724 
vn 0.110236 0.976378 -0.165354 
vn 0.212598 0.92126 -0.322835 
vn 0.0866142 0.976378 -0.204724 
vn 0.212598 0.92126 -0.322835 
vn 0.149606 0.92126 -0.354331 
vn 0.354331 0.92126 -0.149606 
vn 0.322835 0.92126 -0.212598 
vn 0.15748 0.976378 -0.15748 
vn 0.354331 0.92126 -0.149606 
vn 0.15748 0.976378 -0.15748 
vn 0.204724 0.976378 -0.0866142 
vn 0.385827 0.92126 0 
vn 0.354331 0.92126 -0.149606 
vn 0.204724 0.976378 -0.0866142 
vn 0.385827 0.92126 0 
vn 0.204724 0.976378 -0.0866142 
vn 0.220472 0.976378 0 
vn 0.905512 0.188976 0.377953 
vn 0.984252 0.188976 0 
vn 0.385827 0.92126 0 
vn 0.905512 0.188976 0.377953 
vn 0.385827 0.92126 0 
vn 0.354331 0.92126 0.149606 
vn 0.692913 0.188976 0.692913 
vn 0.905512 0.188976 0.377953 
vn 0.354331 0.92126 0.149606 
vn 0.692913 0.188976 0.692913 
vn 0.354331 0.92126 0.149606 
vn 0.267717 0.92126 0.267717 
vn 0.377953 0.188976 0.905512 
vn 0.692913 0.188976 0.692913 
vn 0.267717 0.92126 0.267717 
vn 0.377953 0.188976 0.905512 
vn 0.267717 0.92126 0.267717 
vn 0.149606 0.92126 0.354331 
vn 0 0.188976 0.984252 
vn 0.377953 0.188976 0.905512 
vn 0.149606 0.92126 0.354331 
vn 0 0.188976 0.984252 
vn 0.149606 0.92126 0.354331 
vn -0.0787402 0.92126 0.377953 
vn 0.370079 0.212598 -0.905512 
vn 0 0.19685 -0.976378 
vn -0.0787402 0.92126 -0.377953 
vn 0.370079 0.212598 -0.905512 
vn -0.0787402 0.92126 -0.377953 
vn 0.149606 0.92126 -0.354331 
vn 0.149606 0.92126 -0.354331 
vn 0.212598 0.92126 -0.322835 
vn 0.551181 0.212598 -0.811024 
vn 0.149606 0.92126 -0.354331 
vn 0.551181 0.212598 -0.811024 
vn 0.370079 0.212598 -0.905512 
vn 0.905512 0.188976 -0.377953 
vn 0.700787 0.19685 -0.692913 
vn 0.322835 0.92126 -0.212598 
vn 0.905512 0.188976 -0.377953 
vn 0.322835 0.92126 -0.212598 
vn 0.354331 0.92126 -0.149606 
vn 0.984252 0.188976 0 
vn 0.905512 0.188976 -0.377953 
vn 0.354331 0.92126 -0.149606 
vn 0.984252 0.188976 0 
vn 0.354331 0.92126 -0.149606 
vn 0.385827 0.92126 0 
vn 0.913386 -0.0629921 0.401575 
vn 1 -0.0708661 -0.015748 
vn 0.984252 0.188976 0 
vn 0.913386 -0.0629921 0.401575 
vn 0.984252 0.188976 0 
vn 0.905512 0.188976 0.377953 
vn 0.685039 -0.173228 0.708661 
vn 0.913386 -0.0629921 0.401575 
vn 0.905512 0.188976 0.377953 
vn 0.685039 -0.173228 0.708661 
vn 0.905512 0.188976 0.377953 
vn 0.692913 0.188976 0.692913 
vn 0.370079 -0.244094 0.897638 
vn 0.685039 -0.173228 0.708661 
vn 0.692913 0.188976 0.692913 
vn 0.370079 -0.244094 0.897638 
vn 0.692913 0.188976 0.692913 
vn 0.377953 0.188976 0.905512 
vn 0 -0.244094 0.968504 
vn 0.370079 -0.244094 0.897638 
vn 0.377953 0.188976 0.905512 
vn 0 -0.244094 0.968504 
vn 0.377953 0.188976 0.905512 
vn 0 0.188976 0.984252 
vn 0.401575 0.023622 -0.913386 
vn -0.133858 0 -0.992126 
vn 0 0.19685 -0.976378 
vn 0.401575 0.023622 -0.913386 
vn 0 0.19685 -0.976378 
vn 0.370079 0.212598 -0.905512 
vn 0.401575 0.023622 -0.913386 
vn 0.370079 0.212598 -0.905512 
vn 0.551181 0.212598 -0.811024 
vn 0.401575 0.023622 -0.913386 
vn 0.551181 0.212598 -0.811024 
vn 0.748031 -0.110236 -0.661417 
vn 0.944882 -0.0866142 -0.322835 
vn 0.850394 -0.0708661 -0.527559 
vn 0.700787 0.19685 -0.692913 
vn 0.944882 -0.0866142 -0.322835 
vn 0.700787 0.19685 -0.692913 
vn 0.905512 0.188976 -0.377953 
vn 1 -0.0708661 -0.015748 
vn 0.944882 -0.0866142 -0.322835 
vn 0.905512 0.188976 -0.377953 
vn 1 -0.0708661 -0.015748 
vn 0.905512 0.188976 -0.377953 
vn 0.984252 0.188976 0 
vn 0.92126 -0.11811 0.377953 
vn 0.984252 -0.149606 -0.0314961 
vn 1 -0.0708661 -0.015748 
vn 0.92126 -0.11811 0.377953 
vn 1 -0.0708661 -0.015748 
vn 0.913386 -0.0629921 0.401575 
vn 0.669291 -0.314961 0.669291 
vn 0.92126 -0.11811 0.377953 
vn 0.913386 -0.0629921 0.401575 
vn 0.669291 -0.314961 0.669291 
vn 0.913386 -0.0629921 0.401575 
vn 0.685039 -0.173228 0.708661 
vn 0.338583 -0.472441 0.811024 
vn 0.669291 -0.314961 0.669291 
vn 0.685039 -0.173228 0.708661 
vn 0.338583 -0.472441 0.811024 
vn 0.685039 -0.173228 0.708661 
vn 0.370079 -0.244094 0.897638 
vn -0.173228 -0.480315 0.858268 
vn 0.338583 -0.472441 0.811024 
vn 0.370079 -0.244094 0.897638 
vn -0.173228 -0.480315 0.858268 
vn 0.370079 -0.244094 0.897638 
vn 0 -0.244094 0.968504 
vn 0.102362 -0.535433 -0.84252 
vn -0.102362 -0.543307 -0.834646 
vn -0.133858 0 -0.992126 
vn 0.102362 -0.535433 -0.84252 
vn -0.133858 0 -0.992126 
vn 0.401575 0.023622 -0.913386 
vn 0.102362 -0.535433 -0.84252 
vn 0.401575 0.023622 -0.913386 
vn 0.748031 -0.110236 -0.661417 
vn 0.102362 -0.535433 -0.84252 
vn 0.748031 -0.110236 -0.661417 
vn 0.692913 -0.283465 -0.661417 
vn 0.937008 -0.204724 -0.283465 
vn 0.929134 -0.141732 -0.346457 
vn 0.850394 -0.0708661 -0.527559 
vn 0.937008 -0.204724 -0.283465 
vn 0.850394 -0.0708661 -0.527559 
vn 0.944882 -0.0866142 -0.322835 
vn 0.984252 -0.149606 -0.0314961 
vn 0.937008 -0.204724 -0.283465 
vn 0.944882 -0.0866142 -0.322835 
vn 0.984252 -0.149606 -0.0314961 
vn 0.944882 -0.0866142 -0.322835 
vn 1 -0.0708661 -0.015748 
vn 0.346457 -0.92126 0.173228 
vn 0.472441 -0.88189 0.0787402 
vn 0.984252 -0.149606 -0.0314961 
vn 0.346457 -0.92126 0.173228 
vn 0.984252 -0.149606 -0.0314961 
vn 0.92126 -0.11811 0.377953 
vn 0.228346 -0.937008 0.259843 
vn 0.346457 -0.92126 0.173228 
vn 0.92126 -0.11811 0.377953 
vn 0.228346 -0.937008 0.259843 
vn 0.92126 -0.11811 0.377953 
vn 0.669291 -0.314961 0.669291 
vn 0.102362 -0.952756 0.291339 
vn 0.228346 -0.937008 0.259843 
vn 0.669291 -0.314961 0.669291 
vn 0.102362 -0.952756 0.291339 
vn 0.669291 -0.314961 0.669291 
vn 0.338583 -0.472441 0.811024 
vn 0 -0.952756 0.307087 
vn 0.102362 -0.952756 0.291339 
vn 0.338583 -0.472441 0.811024 
vn 0 -0.952756 0.307087 
vn 0.338583 -0.472441 0.811024 
vn -0.173228 -0.480315 0.858268 
vn 0.212598 -0.968504 -0.11811 
vn 0 -0.976378 -0.212598 
vn -0.102362 -0.543307 -0.834646 
vn 0.212598 -0.968504 -0.11811 
vn -0.102362 -0.543307 -0.834646 
vn 0.102362 -0.535433 -0.84252 
vn 0.212598 -0.968504 -0.11811 
vn 0.102362 -0.535433 -0.84252 
vn 0.692913 -0.283465 -0.661417 
vn 0.212598 -0.968504 -0.11811 
vn 0.692913 -0.283465 -0.661417 
vn 0.472441 -0.88189 -0.0551181 
vn 0.543307 -0.834646 0.0393701 
vn 0.574803 -0.818898 0.023622 
vn 0.929134 -0.141732 -0.346457 
vn 0.543307 -0.834646 0.0393701 
vn 0.929134 -0.141732 -0.346457 
vn 0.937008 -0.204724 -0.283465 
vn 0.472441 -0.88189 0.0787402 
vn 0.543307 -0.834646 0.0393701 
vn 0.937008 -0.204724 -0.283465 
vn 0.472441 -0.88189 0.0787402 
vn 0.937008 -0.204724 -0.283465 
vn 0.984252 -0.149606 -0.0314961 
vn 0.472441 -0.88189 0.0787402 
vn 0.346457 -0.92126 0.173228 
vn 0 -0.984252 0.173228 
vn 0.346457 -0.92126 0.173228 
vn 0.228346 -0.937008 0.259843 
vn 0 -0.984252 0.173228 
vn 0.228346 -0.937008 0.259843 
vn 0.102362 -0.952756 0.291339 
vn 0 -0.984252 0.173228 
vn 0.102362 -0.952756 0.291339 
vn 0 -0.952756 0.307087 
vn 0 -0.984252 0.173228 
vn 0 -0.976378 -0.212598 
vn 0.212598 -0.968504 -0.11811 
vn 0 -0.984252 0.173228 
vn 0 -0.984252 0.173228 
vn 0.472441 -0.88189 -0.0551181 
vn 0.574803 -0.818898 0.023622 
vn 0.574803 -0.818898 0.023622 
vn 0.543307 -0.834646 0.0393701 
vn 0 -0.984252 0.173228 
vn 0.543307 -0.834646 0.0393701 
vn 0.472441 -0.88189 0.0787402 
vn 0 -0.984252 0.173228 
vn 0.212598 0.92126 -0.322835 
vn 0.110236 0.976378 -0.165354 
vn 0.15748 0.976378 -0.15748 
vn 0.212598 0.92126 -0.322835 
vn 0.15748 0.976378 -0.15748 
vn 0.322835 0.92126 -0.212598 
vn 0.551181 0.212598 -0.811024 
vn 0.212598 0.92126 -0.322835 
vn 0.322835 0.92126 -0.212598 
vn 0.551181 0.212598 -0.811024 
vn 0.322835 0.92126 -0.212598 
vn 0.700787 0.19685 -0.692913 
vn 0.850394 -0.0708661 -0.527559 
vn 0.748031 -0.110236 -0.661417 
vn 0.551181 0.212598 -0.811024 
vn 0.850394 -0.0708661 -0.527559 
vn 0.551181 0.212598 -0.811024 
vn 0.700787 0.19685 -0.692913 
vn 0.929134 -0.141732 -0.346457 
vn 0.692913 -0.283465 -0.661417 
vn 0.748031 -0.110236 -0.661417 
vn 0.929134 -0.141732 -0.346457 
vn 0.748031 -0.110236 -0.661417 
vn 0.850394 -0.0708661 -0.527559 
vn 0.574803 -0.818898 0.023622 
vn 0.472441 -0.88189 -0.0551181 
vn 0.692913 -0.283465 -0.661417 
vn 0.574803 -0.818898 0.023622 
vn 0.692913 -0.283465 -0.661417 
vn 0.929134 -0.141732 -0.346457 
vn 0.110236 0.976378 -0.165354 
vn 0 1 0 
vn 0.15748 0.976378 -0.15748 
vn 0.472441 -0.88189 -0.0551181 
vn 0 -0.984252 0.173228 
vn 0.212598 -0.968504 -0.11811 

vt 0.24627 0.464226 
vt 0.24627 0.464226 
vt 0.24627 0.464226 
vt 0.24627 0.464226 
vt 0.24627 0.464226 
vt 0.24627 0.464226 
vt 0.24627 0.464226 
vt 0.24627 0.464226 
vt 0.24627 0.464226 
vt 0.24627 0.464226 
vt 0.24627 0.464226 
vt 0.24627 0.464226 
vt 0.24627 0.464226 
vt 0.24627 0.464226 
vt 0.24627 0.464226 
vt 0.24627 0.464226 
vt 0.24627 0.464226 
vt 0.24627 0.464226 
vt 0.24627 0.464226 
vt 0.24627 0.464226 
vt 0.24627 0.464226 
vt 0.24627 0.464226 
vt 0.24627 0.464226 
vt 0.24627 0.464226 
vt 0.24627 0.464226 
vt 0.24627 0.464226 
vt 0.24627 0.464226 
vt 0.24627 0.464226 
vt 0.24627 0.464226 
vt 0.24627 0.464226 
vt 0.24627 0.464226 
vt 0.24627 0.464226 
vt 0.24627 0.464226 
vt 0.24627 0.464226 
vt 0.24627 0.464226 
vt 0.24627 0.464226 
vt 0.24627 0.464226 
vt 0.24627 0.464226 
vt 0.24627 0.464226 
vt 0.24627 0.464226 
vt 0.24627 0.464226 
vt 0.24627 0.464226 
vt 0.24627 0.464226 
vt 0.24627 0.464226 
vt 0.24627 0.464226 
vt 0.24627 0.464226 
vt 0.24627 0.464226 
vt 0.24627 0.464226 
vt 0.24627 0.464226 
vt 0.24627 0.464226 
vt 0.24627 0.464226 
vt 0.24627 0.464226 
vt 0.24627 0.464226 
vt 0.24627 0.464226 
vt 0.24627 0.464226 
vt 0.24627 0.464226 
vt 0.24627 0.464226 
vt 0.24627 0.464226 
vt 0.24627 0.464226 
vt 0.24627 0.464226 
vt 0.24627 0.464226 
vt 0.24627 0.464226 
vt 0.24627 0.464226 
vt 0.24627 0.464226 
vt 0.24627 0.464226 
vt 0.24627 0.464226 
vt 0.24627 0.464226 
vt 0.24627 0.464226 
vt 0.24627 0.464226 
vt 0.24627 0.464226 
vt 0.24627 0.464226 
vt 0.24627 0.464226 
vt 0.24627 0.464226 
vt 0.24627 0.464226 
vt 0.24627 0.464226 
vt 0.24627 0.464226 
vt 0.24627 0.464226 
vt 0.24627 0.464226 
vt 0.24627 0.464226 
vt 0.24627 0.464226 
vt 0.24627 0.464226 
vt 0.24627 0.464226 
vt 0.24627 0.464226 
vt 0.24627 0.464226 
vt 0.24627 0.464226 
vt 0.24627 0.464226 
vt 0.24627 0.464226 
vt 0.24627 0.464226 
vt 0.24627 0.464226 
vt 0.24627 0.464226 
vt 0.24627 0.464226 
vt 0.24627 0.464226 
vt 0.24627 0.464226 
vt 0.24627 0.464226 
vt 0.24627 0.464226 
vt 0.24627 0.464226 
vt 0.24627 0.464226 
vt 0.24627 0.464226 
vt 0.24627 0.464226 
vt 0.24627 0.464226 
vt 0.24627 0.464226 
vt 0.24627 0.464226 
vt 0.24627 0.464226 
vt 0.24627 0.464226 
vt 0.24627 0.464226 
vt 0.24627 0.464226 
vt 0.24627 0.464226 
vt 0.24627 0.464226 
vt 0.24627 0.464226 
vt 0.24627 0.464226 
vt 0.24627 0.464226 
vt 0.24627 0.464226 
vt 0.24627 0.464226 
vt 0.24627 0.464226 
vt 0.24627 0.464226 
vt 0.24627 0.464226 
vt 0.24627 0.464226 
vt 0.24627 0.464226 
vt 0.24627 0.464226 
vt 0.24627 0.464226 
vt 0.24627 0.464226 
vt 0.24627 0.464226 
vt 0.24627 0.464226 
vt 0.24627 0.464226 
vt 0.24627 0.464226 
vt 0.24627 0.464226 
vt 0.24627 0.464226 
vt 0.24627 0.464226 
vt 0.24627 0.464226 
vt 0.24627 0.464226 
vt 0.24627 0.464226 
vt 0.24627 0.464226 
vt 0.24627 0.464226 
vt 0.24627 0.464226 
vt 0.24627 0.464226 
vt 0.24627 0.464226 
vt 0.24627 0.464226 
vt 0.24627 0.464226 
vt 0.24627 0.464226 
vt 0.24627 0.464226 
vt 0.24627 0.464226 
vt 0.24627 0.464226 
vt 0.24627 0.464226 
vt 0.24627 0.464226 
vt 0.427961 0.477647 
vt 0.406404 0.699797 
vt 0.359375 0.699797 
vt 0.427961 0.477647 
vt 0.359375 0.699797 
vt 0.359375 0.478959 
vt 0.427961 0.477647 
vt 0.442948 0.488455 
vt 0.428429 0.699797 
vt 0.427961 0.477647 
vt 0.428429 0.699797 
vt 0.406404 0.699797 
vt 0.467681 0.511153 
vt 0.480995 0.699797 
vt 0.446271 0.699797 
vt 0.467681 0.511153 
vt 0.446271 0.699797 
vt 0.453137 0.496354 
vt 0.482422 0.518111 
vt 0.48225 0.699797 
vt 0.480995 0.699797 
vt 0.482422 0.518111 
vt 0.480995 0.699797 
vt 0.467681 0.511153 
vt 0.24627 0.464226 
vt 0.24627 0.464226 
vt 0.24627 0.464226 
vt 0.24627 0.464226 
vt 0.24627 0.464226 
vt 0.24627 0.464226 
vt 0.24627 0.464226 
vt 0.24627 0.464226 
vt 0.24627 0.464226 
vt 0.24627 0.464226 
vt 0.24627 0.464226 
vt 0.24627 0.464226 
vt 0.24627 0.464226 
vt 0.24627 0.464226 
vt 0.24627 0.464226 
vt 0.24627 0.464226 
vt 0.24627 0.464226 
vt 0.24627 0.464226 
vt 0.24627 0.464226 
vt 0.24627 0.464226 
vt 0.24627 0.464226 
vt 0.24627 0.464226 
vt 0.24627 0.464226 
vt 0.24627 0.464226 
vt 0.426608 0.469092 
vt 0.427961 0.477647 
vt 0.359375 0.478959 
vt 0.426608 0.469092 
vt 0.359375 0.478959 
vt 0.359375 0.470148 
vt 0.426608 0.469092 
vt 0.443834 0.477676 
vt 0.442948 0.488455 
vt 0.426608 0.469092 
vt 0.442948 0.488455 
vt 0.427961 0.477647 
vt 0.469354 0.498036 
vt 0.467681 0.511153 
vt 0.453137 0.496354 
vt 0.469354 0.498036 
vt 0.453137 0.496354 
vt 0.453186 0.484377 
vt 0.480724 0.505108 
vt 0.482422 0.518111 
vt 0.467681 0.511153 
vt 0.480724 0.505108 
vt 0.467681 0.511153 
vt 0.469354 0.498036 
vt 0.24627 0.464226 
vt 0.24627 0.464226 
vt 0.24627 0.464226 
vt 0.24627 0.464226 
vt 0.24627 0.464226 
vt 0.24627 0.464226 
vt 0.24627 0.464226 
vt 0.24627 0.464226 
vt 0.24627 0.464226 
vt 0.24627 0.464226 
vt 0.24627 0.464226 
vt 0.24627 0.464226 
vt 0.24627 0.464226 
vt 0.24627 0.464226 
vt 0.24627 0.464226 
vt 0.24627 0.464226 
vt 0.24627 0.464226 
vt 0.24627 0.464226 
vt 0.24627 0.464226 
vt 0.24627 0.464226 
vt 0.24627 0.464226 
vt 0.24627 0.464226 
vt 0.24627 0.464226 
vt 0.24627 0.464226 
vt 0.419471 0.45373 
vt 0.426608 0.469092 
vt 0.359375 0.470148 
vt 0.419471 0.45373 
vt 0.359375 0.470148 
vt 0.359375 0.454415 
vt 0.419471 0.45373 
vt 0.439429 0.462905 
vt 0.443834 0.477676 
vt 0.419471 0.45373 
vt 0.443834 0.477676 
vt 0.426608 0.469092 
vt 0.460298 0.487799 
vt 0.469354 0.498036 
vt 0.453186 0.484377 
vt 0.460298 0.487799 
vt 0.453186 0.484377 
vt 0.447944 0.474739 
vt 0.469773 0.493901 
vt 0.480724 0.505108 
vt 0.469354 0.498036 
vt 0.469773 0.493901 
vt 0.469354 0.498036 
vt 0.460298 0.487799 
vt 0.24627 0.464226 
vt 0.24627 0.464226 
vt 0.24627 0.464226 
vt 0.24627 0.464226 
vt 0.24627 0.464226 
vt 0.24627 0.464226 
vt 0.24627 0.464226 
vt 0.24627 0.464226 
vt 0.24627 0.464226 
vt 0.24627 0.464226 
vt 0.24627 0.464226 
vt 0.24627 0.464226 
vt 0.24627 0.464226 
vt 0.24627 0.464226 
vt 0.24627 0.464226 
vt 0.24627 0.464226 
vt 0.24627 0.464226 
vt 0.24627 0.464226 
vt 0.24627 0.464226 
vt 0.24627 0.464226 
vt 0.24627 0.464226 
vt 0.24627 0.464226 
vt 0.24627 0.464226 
vt 0.24627 0.464226 
vt 0.24627 0.464226 
vt 0.24627 0.464226 
vt 0.24627 0.464226 
vt 0.24627 0.464226 
vt 0.24627 0.464226 
vt 0.24627 0.464226 
vt 0.24627 0.464226 
vt 0.24627 0.464226 
vt 0.24627 0.464226 
vt 0.24627 0.464226 
vt 0.24627 0.464226 
vt 0.24627 0.464226 
vt 0.453137 0.496354 
vt 0.446271 0.699797 
vt 0.428429 0.699797 
vt 0.453137 0.496354 
vt 0.428429 0.699797 
vt 0.442948 0.488455 
vt 0.453186 0.484377 
vt 0.453137 0.496354 
vt 0.442948 0.488455 
vt 0.453186 0.484377 
vt 0.442948 0.488455 
vt 0.443834 0.477676 
vt 0.447944 0.474739 
vt 0.453186 0.484377 
vt 0.443834 0.477676 
vt 0.447944 0.474739 
vt 0.443834 0.477676 
vt 0.439429 0.462905 
vt 0.24627 0.464226 
vt 0.24627 0.464226 
vt 0.24627 0.464226 
vt 0.24627 0.464226 
vt 0.24627 0.464226 
vt 0.24627 0.464226 
vt 0.24627 0.464226 
vt 0.24627 0.464226 
vt 0.24627 0.464226 
vt 0.24627 0.464226 
vt 0.24627 0.464226 
vt 0.24627 0.464226 
vt 0.24627 0.464226 
vt 0.24627 0.464226 
vt 0.24627 0.464226 
vt 0.24627 0.464226 
vt 0.24627 0.464226 
vt 0.24627 0.464226 
vt 0.24627 0.464226 
vt 0.24627 0.464226 
vt 0.24627 0.464226 
vt 0.24627 0.464226 
vt 0.24627 0.464226 
vt 0.24627 0.464226 
vt 0.24627 0.464226 
vt 0.24627 0.464226 
vt 0.24627 0.464226 
vt 0.24627 0.464226 
vt 0.24627 0.464226 
vt 0.24627 0.464226 
vt 0.24627 0.464226 
vt 0.24627 0.464226 
vt 0.24627 0.464226 
vt 0.24627 0.464226 
vt 0.24627 0.464226 
vt 0.24627 0.464226 
vt 0.24627 0.464226 
vt 0.24627 0.464226 
vt 0.24627 0.464226 
vt 0.24627 0.464226 
vt 0.24627 0.464226 
vt 0.24627 0.464226 
vt 0.24627 0.464226 
vt 0.24627 0.464226 
vt 0.24627 0.464226 
vt 0.24627 0.464226 
vt 0.24627 0.464226 
vt 0.24627 0.464226 
vt 0.24627 0.464226 
vt 0.24627 0.464226 
vt 0.24627 0.464226 
vt 0.24627 0.464226 
vt 0.24627 0.464226 
vt 0.24627 0.464226 
vt 0.24627 0.464226 
vt 0.24627 0.464226 
vt 0.24627 0.464226 
vt 0.24627 0.464226 
vt 0.24627 0.464226 
vt 0.24627 0.464226 
vt 0.24627 0.464226 
vt 0.24627 0.464226 
vt 0.24627 0.464226 
vt 0.24627 0.464226 
vt 0.24627 0.464226 
vt 0.24627 0.464226 
vt 0.24627 0.464226 
vt 0.24627 0.464226 
vt 0.24627 0.464226 
vt 0.24627 0.464226 
vt 0.24627 0.464226 
vt 0.24627 0.464226 
vt 0.24627 0.464226 
vt 0.24627 0.464226 
vt 0.24627 0.464226 
vt 0.24627 0.464226 
vt 0.24627 0.464226 
vt 0.24627 0.464226 
vt 0.24627 0.464226 
vt 0.24627 0.464226 
vt 0.24627 0.464226 
vt 0.24627 0.464226 
vt 0.24627 0.464226 
vt 0.24627 0.464226 
vt 0.24627 0.464226 
vt 0.24627 0.464226 
vt 0.24627 0.464226 
vt 0.24627 0.464226 
vt 0.24627 0.464226 
vt 0.24627 0.464226 
vt 0.24627 0.464226 
vt 0.24627 0.464226 
vt 0.24627 0.464226 
vt 0.24627 0.464226 
vt 0.24627 0.464226 
vt 0.24627 0.464226 
vt 0.24627 0.464226 
vt 0.24627 0.464226 
vt 0.24627 0.464226 
vt 0.24627 0.464226 
vt 0.24627 0.464226 
vt 0.24627 0.464226 
vt 0.24627 0.464226 
vt 0.24627 0.464226 
vt 0.24627 0.464226 
vt 0.24627 0.464226 
vt 0.24627 0.464226 
vt 0.24627 0.464226 
vt 0.24627 0.464226 
vt 0.24627 0.464226 
vt 0.24627 0.464226 
vt 0.24627 0.464226 
vt 0.24627 0.464226 
vt 0.24627 0.464226 
vt 0.24627 0.464226 
vt 0.24627 0.464226 
vt 0.24627 0.464226 
vt 0.24627 0.464226 
vt 0.24627 0.464226 
vt 0.24627 0.464226 
vt 0.24627 0.464226 
vt 0.24627 0.464226 
vt 0.24627 0.464226 
vt 0.24627 0.464226 
vt 0.24627 0.464226 
vt 0.24627 0.464226 
vt 0.24627 0.464226 
vt 0.24627 0.464226 
vt 0.24627 0.464226 
vt 0.24627 0.464226 
vt 0.24627 0.464226 
vt 0.24627 0.464226 
vt 0.24627 0.464226 
vt 0.24627 0.464226 
vt 0.24627 0.464226 
vt 0.24627 0.464226 
vt 0.24627 0.464226 
vt 0.24627 0.464226 
vt 0.24627 0.464226 
vt 0.24627 0.464226 
vt 0.24627 0.464226 
vt 0.24627 0.464226 
vt 0.24627 0.464226 
vt 0.24627 0.464226 
vt 0.24627 0.464226 
vt 0.24627 0.464226 
vt 0.24627 0.464226 
vt 0.24627 0.464226 
vt 0.24627 0.464226 
vt 0.24627 0.464226 
vt 0.290813 0.477647 
vt 0.359375 0.478959 
vt 0.359375 0.699797 
vt 0.290813 0.477647 
vt 0.359375 0.699797 
vt 0.312346 0.699797 
vt 0.290813 0.477647 
vt 0.312346 0.699797 
vt 0.290321 0.699797 
vt 0.290813 0.477647 
vt 0.290321 0.699797 
vt 0.275802 0.488455 
vt 0.251069 0.510811 
vt 0.265589 0.496354 
vt 0.272479 0.699797 
vt 0.251069 0.510811 
vt 0.272479 0.699797 
vt 0.237755 0.699797 
vt 0.236328 0.518111 
vt 0.251069 0.510811 
vt 0.237755 0.699797 
vt 0.236328 0.518111 
vt 0.237755 0.699797 
vt 0.236476 0.699797 
vt 0.24627 0.464226 
vt 0.24627 0.464226 
vt 0.24627 0.464226 
vt 0.24627 0.464226 
vt 0.24627 0.464226 
vt 0.24627 0.464226 
vt 0.24627 0.464226 
vt 0.24627 0.464226 
vt 0.24627 0.464226 
vt 0.24627 0.464226 
vt 0.24627 0.464226 
vt 0.24627 0.464226 
vt 0.24627 0.464226 
vt 0.24627 0.464226 
vt 0.24627 0.464226 
vt 0.24627 0.464226 
vt 0.24627 0.464226 
vt 0.24627 0.464226 
vt 0.24627 0.464226 
vt 0.24627 0.464226 
vt 0.24627 0.464226 
vt 0.24627 0.464226 
vt 0.24627 0.464226 
vt 0.24627 0.464226 
vt 0.292142 0.469092 
vt 0.359375 0.470148 
vt 0.359375 0.478959 
vt 0.292142 0.469092 
vt 0.359375 0.478959 
vt 0.290813 0.477647 
vt 0.292142 0.469092 
vt 0.290813 0.477647 
vt 0.275802 0.488455 
vt 0.292142 0.469092 
vt 0.275802 0.488455 
vt 0.274916 0.477676 
vt 0.249371 0.498036 
vt 0.265564 0.484377 
vt 0.265589 0.496354 
vt 0.249371 0.498036 
vt 0.265589 0.496354 
vt 0.251069 0.510811 
vt 0.238026 0.505108 
vt 0.249371 0.498036 
vt 0.251069 0.510811 
vt 0.238026 0.505108 
vt 0.251069 0.510811 
vt 0.236328 0.518111 
vt 0.24627 0.464226 
vt 0.24627 0.464226 
vt 0.24627 0.464226 
vt 0.24627 0.464226 
vt 0.24627 0.464226 
vt 0.24627 0.464226 
vt 0.24627 0.464226 
vt 0.24627 0.464226 
vt 0.24627 0.464226 
vt 0.24627 0.464226 
vt 0.24627 0.464226 
vt 0.24627 0.464226 
vt 0.24627 0.464226 
vt 0.24627 0.464226 
vt 0.24627 0.464226 
vt 0.24627 0.464226 
vt 0.24627 0.464226 
vt 0.24627 0.464226 
vt 0.24627 0.464226 
vt 0.24627 0.464226 
vt 0.24627 0.464226 
vt 0.24627 0.464226 
vt 0.24627 0.464226 
vt 0.24627 0.464226 
vt 0.299279 0.45373 
vt 0.359375 0.454415 
vt 0.359375 0.470148 
vt 0.299279 0.45373 
vt 0.359375 0.470148 
vt 0.292142 0.469092 
vt 0.299279 0.45373 
vt 0.292142 0.469092 
vt 0.274916 0.477676 
vt 0.299279 0.45373 
vt 0.274916 0.477676 
vt 0.279321 0.462905 
vt 0.258427 0.487799 
vt 0.270781 0.474739 
vt 0.265564 0.484377 
vt 0.258427 0.487799 
vt 0.265564 0.484377 
vt 0.249371 0.498036 
vt 0.248977 0.493901 
vt 0.258427 0.487799 
vt 0.249371 0.498036 
vt 0.248977 0.493901 
vt 0.249371 0.498036 
vt 0.238026 0.505108 
vt 0.24627 0.464226 
vt 0.24627 0.464226 
vt 0.24627 0.464226 
vt 0.24627 0.464226 
vt 0.24627 0.464226 
vt 0.24627 0.464226 
vt 0.24627 0.464226 
vt 0.24627 0.464226 
vt 0.24627 0.464226 
vt 0.24627 0.464226 
vt 0.24627 0.464226 
vt 0.24627 0.464226 
vt 0.24627 0.464226 
vt 0.24627 0.464226 
vt 0.24627 0.464226 
vt 0.24627 0.464226 
vt 0.24627 0.464226 
vt 0.24627 0.464226 
vt 0.24627 0.464226 
vt 0.24627 0.464226 
vt 0.24627 0.464226 
vt 0.24627 0.464226 
vt 0.24627 0.464226 
vt 0.24627 0.464226 
vt 0.24627 0.464226 
vt 0.24627 0.464226 
vt 0.24627 0.464226 
vt 0.24627 0.464226 
vt 0.24627 0.464226 
vt 0.24627 0.464226 
vt 0.24627 0.464226 
vt 0.24627 0.464226 
vt 0.24627 0.464226 
vt 0.24627 0.464226 
vt 0.24627 0.464226 
vt 0.24627 0.464226 
vt 0.265589 0.496354 
vt 0.275802 0.488455 
vt 0.290321 0.699797 
vt 0.265589 0.496354 
vt 0.290321 0.699797 
vt 0.272479 0.699797 
vt 0.265564 0.484377 
vt 0.274916 0.477676 
vt 0.275802 0.488455 
vt 0.265564 0.484377 
vt 0.275802 0.488455 
vt 0.265589 0.496354 
vt 0.270781 0.474739 
vt 0.279321 0.462905 
vt 0.274916 0.477676 
vt 0.270781 0.474739 
vt 0.274916 0.477676 
vt 0.265564 0.484377 
vt 0.24627 0.464226 
vt 0.24627 0.464226 
vt 0.24627 0.464226 
vt 0.24627 0.464226 
vt 0.24627 0.464226 
vt 0.24627 0.464226 

usemtl Bacon1Mtl

f 8128/8128/8128 8129/8129/8129 8130/8130/8130 
f 8131/8131/8131 8132/8132/8132 8133/8133/8133 
f 8134/8134/8134 8135/8135/8135 8136/8136/8136 
f 8137/8137/8137 8138/8138/8138 8139/8139/8139 
f 8140/8140/8140 8141/8141/8141 8142/8142/8142 
f 8143/8143/8143 8144/8144/8144 8145/8145/8145 
f 8146/8146/8146 8147/8147/8147 8148/8148/8148 
f 8149/8149/8149 8150/8150/8150 8151/8151/8151 
f 8152/8152/8152 8153/8153/8153 8154/8154/8154 
f 8155/8155/8155 8156/8156/8156 8157/8157/8157 
f 8158/8158/8158 8159/8159/8159 8160/8160/8160 
f 8161/8161/8161 8162/8162/8162 8163/8163/8163 
f 8164/8164/8164 8165/8165/8165 8166/8166/8166 
f 8167/8167/8167 8168/8168/8168 8169/8169/8169 
f 8170/8170/8170 8171/8171/8171 8172/8172/8172 
f 8173/8173/8173 8174/8174/8174 8175/8175/8175 
f 8176/8176/8176 8177/8177/8177 8178/8178/8178 
f 8179/8179/8179 8180/8180/8180 8181/8181/8181 
f 8182/8182/8182 8183/8183/8183 8184/8184/8184 
f 8185/8185/8185 8186/8186/8186 8187/8187/8187 
f 8188/8188/8188 8189/8189/8189 8190/8190/8190 
f 8191/8191/8191 8192/8192/8192 8193/8193/8193 
f 8194/8194/8194 8195/8195/8195 8196/8196/8196 
f 8197/8197/8197 8198/8198/8198 8199/8199/8199 
f 8200/8200/8200 8201/8201/8201 8202/8202/8202 
f 8203/8203/8203 8204/8204/8204 8205/8205/8205 
f 8206/8206/8206 8207/8207/8207 8208/8208/8208 
f 8209/8209/8209 8210/8210/8210 8211/8211/8211 
f 8212/8212/8212 8213/8213/8213 8214/8214/8214 
f 8215/8215/8215 8216/8216/8216 8217/8217/8217 
f 8218/8218/8218 8219/8219/8219 8220/8220/8220 
f 8221/8221/8221 8222/8222/8222 8223/8223/8223 
f 8224/8224/8224 8225/8225/8225 8226/8226/8226 
f 8227/8227/8227 8228/8228/8228 8229/8229/8229 
f 8230/8230/8230 8231/8231/8231 8232/8232/8232 
f 8233/8233/8233 8234/8234/8234 8235/8235/8235 
f 8236/8236/8236 8237/8237/8237 8238/8238/8238 
f 8239/8239/8239 8240/8240/8240 8241/8241/8241 
f 8242/8242/8242 8243/8243/8243 8244/8244/8244 
f 8245/8245/8245 8246/8246/8246 8247/8247/8247 
f 8248/8248/8248 8249/8249/8249 8250/8250/8250 
f 8251/8251/8251 8252/8252/8252 8253/8253/8253 
f 8254/8254/8254 8255/8255/8255 8256/8256/8256 
f 8257/8257/8257 8258/8258/8258 8259/8259/8259 
f 8260/8260/8260 8261/8261/8261 8262/8262/8262 
f 8263/8263/8263 8264/8264/8264 8265/8265/8265 
f 8266/8266/8266 8267/8267/8267 8268/8268/8268 
f 8269/8269/8269 8270/8270/8270 8271/8271/8271 
f 8272/8272/8272 8273/8273/8273 8274/8274/8274 
f 8275/8275/8275 8276/8276/8276 8277/8277/8277 
f 8278/8278/8278 8279/8279/8279 8280/8280/8280 
f 8281/8281/8281 8282/8282/8282 8283/8283/8283 
f 8284/8284/8284 8285/8285/8285 8286/8286/8286 
f 8287/8287/8287 8288/8288/8288 8289/8289/8289 
f 8290/8290/8290 8291/8291/8291 8292/8292/8292 
f 8293/8293/8293 8294/8294/8294 8295/8295/8295 
f 8296/8296/8296 8297/8297/8297 8298/8298/8298 
f 8299/8299/8299 8300/8300/8300 8301/8301/8301 
f 8302/8302/8302 8303/8303/8303 8304/8304/8304 
f 8305/8305/8305 8306/8306/8306 8307/8307/8307 
f 8308/8308/8308 8309/8309/8309 8310/8310/8310 
f 8311/8311/8311 8312/8312/8312 8313/8313/8313 
f 8314/8314/8314 8315/8315/8315 8316/8316/8316 
f 8317/8317/8317 8318/8318/8318 8319/8319/8319 
f 8320/8320/8320 8321/8321/8321 8322/8322/8322 
f 8323/8323/8323 8324/8324/8324 8325/8325/8325 
f 8326/8326/8326 8327/8327/8327 8328/8328/8328 
f 8329/8329/8329 8330/8330/8330 8331/8331/8331 
f 8332/8332/8332 8333/8333/8333 8334/8334/8334 
f 8335/8335/8335 8336/8336/8336 8337/8337/8337 
f 8338/8338/8338 8339/8339/8339 8340/8340/8340 
f 8341/8341/8341 8342/8342/8342 8343/8343/8343 
f 8344/8344/8344 8345/8345/8345 8346/8346/8346 
f 8347/8347/8347 8348/8348/8348 8349/8349/8349 
f 8350/8350/8350 8351/8351/8351 8352/8352/8352 
f 8353/8353/8353 8354/8354/8354 8355/8355/8355 
f 8356/8356/8356 8357/8357/8357 8358/8358/8358 
f 8359/8359/8359 8360/8360/8360 8361/8361/8361 
f 8362/8362/8362 8363/8363/8363 8364/8364/8364 
f 8365/8365/8365 8366/8366/8366 8367/8367/8367 
f 8368/8368/8368 8369/8369/8369 8370/8370/8370 
f 8371/8371/8371 8372/8372/8372 8373/8373/8373 
f 8374/8374/8374 8375/8375/8375 8376/8376/8376 
f 8377/8377/8377 8378/8378/8378 8379/8379/8379 
f 8380/8380/8380 8381/8381/8381 8382/8382/8382 
f 8383/8383/8383 8384/8384/8384 8385/8385/8385 
f 8386/8386/8386 8387/8387/8387 8388/8388/8388 
f 8389/8389/8389 8390/8390/8390 8391/8391/8391 
f 8392/8392/8392 8393/8393/8393 8394/8394/8394 
f 8395/8395/8395 8396/8396/8396 8397/8397/8397 
f 8398/8398/8398 8399/8399/8399 8400/8400/8400 
f 8401/8401/8401 8402/8402/8402 8403/8403/8403 
f 8404/8404/8404 8405/8405/8405 8406/8406/8406 
f 8407/8407/8407 8408/8408/8408 8409/8409/8409 
f 8410/8410/8410 8411/8411/8411 8412/8412/8412 
f 8413/8413/8413 8414/8414/8414 8415/8415/8415 
f 8416/8416/8416 8417/8417/8417 8418/8418/8418 
f 8419/8419/8419 8420/8420/8420 8421/8421/8421 
f 8422/8422/8422 8423/8423/8423 8424/8424/8424 
f 8425/8425/8425 8426/8426/8426 8427/8427/8427 
f 8428/8428/8428 8429/8429/8429 8430/8430/8430 
f 8431/8431/8431 8432/8432/8432 8433/8433/8433 
f 8434/8434/8434 8435/8435/8435 8436/8436/8436 
f 8437/8437/8437 8438/8438/8438 8439/8439/8439 
f 8440/8440/8440 8441/8441/8441 8442/8442/8442 
f 8443/8443/8443 8444/8444/8444 8445/8445/8445 
f 8446/8446/8446 8447/8447/8447 8448/8448/8448 
f 8449/8449/8449 8450/8450/8450 8451/8451/8451 
f 8452/8452/8452 8453/8453/8453 8454/8454/8454 
f 8455/8455/8455 8456/8456/8456 8457/8457/8457 
f 8458/8458/8458 8459/8459/8459 8460/8460/8460 
f 8461/8461/8461 8462/8462/8462 8463/8463/8463 
f 8464/8464/8464 8465/8465/8465 8466/8466/8466 
f 8467/8467/8467 8468/8468/8468 8469/8469/8469 
f 8470/8470/8470 8471/8471/8471 8472/8472/8472 
f 8473/8473/8473 8474/8474/8474 8475/8475/8475 
f 8476/8476/8476 8477/8477/8477 8478/8478/8478 
f 8479/8479/8479 8480/8480/8480 8481/8481/8481 
f 8482/8482/8482 8483/8483/8483 8484/8484/8484 
f 8485/8485/8485 8486/8486/8486 8487/8487/8487 
f 8488/8488/8488 8489/8489/8489 8490/8490/8490 
f 8491/8491/8491 8492/8492/8492 8493/8493/8493 
f 8494/8494/8494 8495/8495/8495 8496/8496/8496 
f 8497/8497/8497 8498/8498/8498 8499/8499/8499 
f 8500/8500/8500 8501/8501/8501 8502/8502/8502 
f 8503/8503/8503 8504/8504/8504 8505/8505/8505 
f 8506/8506/8506 8507/8507/8507 8508/8508/8508 
f 8509/8509/8509 8510/8510/8510 8511/8511/8511 
f 8512/8512/8512 8513/8513/8513 8514/8514/8514 
f 8515/8515/8515 8516/8516/8516 8517/8517/8517 
f 8518/8518/8518 8519/8519/8519 8520/8520/8520 
f 8521/8521/8521 8522/8522/8522 8523/8523/8523 
f 8524/8524/8524 8525/8525/8525 8526/8526/8526 
f 8527/8527/8527 8528/8528/8528 8529/8529/8529 
f 8530/8530/8530 8531/8531/8531 8532/8532/8532 
f 8533/8533/8533 8534/8534/8534 8535/8535/8535 
f 8536/8536/8536 8537/8537/8537 8538/8538/8538 
f 8539/8539/8539 8540/8540/8540 8541/8541/8541 
f 8542/8542/8542 8543/8543/8543 8544/8544/8544 
f 8545/8545/8545 8546/8546/8546 8547/8547/8547 
f 8548/8548/8548 8549/8549/8549 8550/8550/8550 
f 8551/8551/8551 8552/8552/8552 8553/8553/8553 
f 8554/8554/8554 8555/8555/8555 8556/8556/8556 
f 8557/8557/8557 8558/8558/8558 8559/8559/8559 
f 8560/8560/8560 8561/8561/8561 8562/8562/8562 
f 8563/8563/8563 8564/8564/8564 8565/8565/8565 
f 8566/8566/8566 8567/8567/8567 8568/8568/8568 
f 8569/8569/8569 8570/8570/8570 8571/8571/8571 
f 8572/8572/8572 8573/8573/8573 8574/8574/8574 
f 8575/8575/8575 8576/8576/8576 8577/8577/8577 
f 8578/8578/8578 8579/8579/8579 8580/8580/8580 
f 8581/8581/8581 8582/8582/8582 8583/8583/8583 
f 8584/8584/8584 8585/8585/8585 8586/8586/8586 
f 8587/8587/8587 8588/8588/8588 8589/8589/8589 
f 8590/8590/8590 8591/8591/8591 8592/8592/8592 
f 8593/8593/8593 8594/8594/8594 8595/8595/8595 
f 8596/8596/8596 8597/8597/8597 8598/8598/8598 
f 8599/8599/8599 8600/8600/8600 8601/8601/8601 
f 8602/8602/8602 8603/8603/8603 8604/8604/8604 
f 8605/8605/8605 8606/8606/8606 8607/8607/8607 
f 8608/8608/8608 8609/8609/8609 8610/8610/8610 
f 8611/8611/8611 8612/8612/8612 8613/8613/8613 
f 8614/8614/8614 8615/8615/8615 8616/8616/8616 
f 8617/8617/8617 8618/8618/8618 8619/8619/8619 
f 8620/8620/8620 8621/8621/8621 8622/8622/8622 
f 8623/8623/8623 8624/8624/8624 8625/8625/8625 
f 8626/8626/8626 8627/8627/8627 8628/8628/8628 
f 8629/8629/8629 8630/8630/8630 8631/8631/8631 
f 8632/8632/8632 8633/8633/8633 8634/8634/8634 
f 8635/8635/8635 8636/8636/8636 8637/8637/8637 
f 8638/8638/8638 8639/8639/8639 8640/8640/8640 
f 8641/8641/8641 8642/8642/8642 8643/8643/8643 
f 8644/8644/8644 8645/8645/8645 8646/8646/8646 
f 8647/8647/8647 8648/8648/8648 8649/8649/8649 
f 8650/8650/8650 8651/8651/8651 8652/8652/8652 
f 8653/8653/8653 8654/8654/8654 8655/8655/8655 
f 8656/8656/8656 8657/8657/8657 8658/8658/8658 
f 8659/8659/8659 8660/8660/8660 8661/8661/8661 
f 8662/8662/8662 8663/8663/8663 8664/8664/8664 
f 8665/8665/8665 8666/8666/8666 8667/8667/8667 
f 8668/8668/8668 8669/8669/8669 8670/8670/8670 
f 8671/8671/8671 8672/8672/8672 8673/8673/8673 
f 8674/8674/8674 8675/8675/8675 8676/8676/8676 
f 8677/8677/8677 8678/8678/8678 8679/8679/8679 
f 8680/8680/8680 8681/8681/8681 8682/8682/8682 
f 8683/8683/8683 8684/8684/8684 8685/8685/8685 
f 8686/8686/8686 8687/8687/8687 8688/8688/8688 
f 8689/8689/8689 8690/8690/8690 8691/8691/8691 
f 8692/8692/8692 8693/8693/8693 8694/8694/8694 
f 8695/8695/8695 8696/8696/8696 8697/8697/8697 
f 8698/8698/8698 8699/8699/8699 8700/8700/8700 
f 8701/8701/8701 8702/8702/8702 8703/8703/8703 
f 8704/8704/8704 8705/8705/8705 8706/8706/8706 
f 8707/8707/8707 8708/8708/8708 8709/8709/8709 
f 8710/8710/8710 8711/8711/8711 8712/8712/8712 
f 8713/8713/8713 8714/8714/8714 8715/8715/8715 
f 8716/8716/8716 8717/8717/8717 8718/8718/8718 
f 8719/8719/8719 8720/8720/8720 8721/8721/8721 
f 8722/8722/8722 8723/8723/8723 8724/8724/8724 
f 8725/8725/8725 8726/8726/8726 8727/8727/8727 
f 8728/8728/8728 8729/8729/8729 8730/8730/8730 
f 8731/8731/8731 8732/8732/8732 8733/8733/8733 
f 8734/8734/8734 8735/8735/8735 8736/8736/8736 
f 8737/8737/8737 8738/8738/8738 8739/8739/8739 
f 8740/8740/8740 8741/8741/8741 8742/8742/8742 
f 8743/8743/8743 8744/8744/8744 8745/8745/8745 
f 8746/8746/8746 8747/8747/8747 8748/8748/8748 
f 8749/8749/8749 8750/8750/8750 8751/8751/8751 
f 8752/8752/8752 8753/8753/8753 8754/8754/8754 
f 8755/8755/8755 8756/8756/8756 8757/8757/8757 
f 8758/8758/8758 8759/8759/8759 8760/8760/8760 
f 8761/8761/8761 8762/8762/8762 8763/8763/8763 
f 8764/8764/8764 8765/8765/8765 8766/8766/8766 
f 8767/8767/8767 8768/8768/8768 8769/8769/8769 
f 8770/8770/8770 8771/8771/8771 8772/8772/8772 
f 8773/8773/8773 8774/8774/8774 8775/8775/8775 

