# This file is brought to you by Roblox Corporation
# Generated by Roblox Studio

mtllib Spawn.mtl

g Part1

v -459.002 0.000526428 -131.007 
v -456.414 0.000900269 -140.667 
v -458.358 0.000930786 -140.987 
v -461.007 0.000961304 -140.804 
v -464.002 0.000946045 -139.667 
v -466.484 0.00088501 -137.642 
v -467.966 0.000808716 -135.439 
v -468.661 0.000747681 -133.595 
v -468.661 0.000747681 -133.595 
v -468.981 0.000663757 -131.651 
v -468.799 0.000549316 -129.002 
v -467.662 0.000411987 -126.007 
v -465.636 0.000289917 -123.525 
v -463.434 0.000205994 -122.043 
v -461.59 0.000152588 -121.348 
v -461.59 0.000152588 -121.348 
v -459.645 0.00012207 -121.028 
v -456.996 9.15527e-05 -121.21 
v -454.001 0.000106812 -122.347 
v -451.519 0.000167847 -124.373 
v -450.037 0.000244141 -126.575 
v -449.342 0.000305176 -128.419 
v -449.342 0.000305176 -128.419 
v -449.022 0.000389099 -130.364 
v -449.205 0.00050354 -133.012 
v -450.342 0.000640869 -136.008 
v -452.367 0.000762939 -138.49 
v -454.57 0.000846863 -139.972 
v -456.414 0.000900269 -140.667 
v -449.34 163.5 -128.413 
v -449.342 0.000305176 -128.419 
v -449.021 163.5 -130.357 
v -449.022 0.000389099 -130.364 
v -449.203 163.501 -133.006 
v -449.205 0.00050354 -133.012 
v -450.34 163.501 -136.001 
v -450.342 0.000640869 -136.008 
v -452.365 163.501 -138.483 
v -452.367 0.000762939 -138.49 
v -454.568 163.501 -139.965 
v -454.57 0.000846863 -139.972 
v -456.412 163.501 -140.66 
v -456.414 0.000900269 -140.667 
v -449.342 0.000305176 -128.419 
v -449.34 163.5 -128.413 
v -450.037 0.000244141 -126.575 
v -450.036 163.5 -126.569 
v -451.519 0.000167847 -124.373 
v -451.518 163.5 -124.366 
v -454.001 0.000106812 -122.347 
v -454 163.5 -122.34 
v -456.996 9.15527e-05 -121.21 
v -456.995 163.5 -121.204 
v -459.645 0.00012207 -121.028 
v -459.643 163.5 -121.021 
v -461.59 0.000152588 -121.348 
v -461.588 163.5 -121.341 
v -459 163.501 -131.001 
v -449.34 163.5 -128.413 
v -450.036 163.5 -126.569 
v -451.518 163.5 -124.366 
v -454 163.5 -122.34 
v -456.995 163.5 -121.204 
v -459.643 163.5 -121.021 
v -461.588 163.5 -121.341 
v -461.588 163.5 -121.341 
v -463.432 163.5 -122.036 
v -465.634 163.5 -123.518 
v -467.66 163.5 -126 
v -468.797 163.501 -128.995 
v -468.979 163.501 -131.644 
v -468.659 163.501 -133.588 
v -468.659 163.501 -133.588 
v -467.964 163.501 -135.432 
v -466.482 163.501 -137.635 
v -464 163.501 -139.661 
v -461.005 163.501 -140.797 
v -458.357 163.501 -140.98 
v -456.412 163.501 -140.66 
v -456.412 163.501 -140.66 
v -454.568 163.501 -139.965 
v -452.365 163.501 -138.483 
v -450.34 163.501 -136.001 
v -449.203 163.501 -133.006 
v -449.021 163.5 -130.357 
v -449.34 163.5 -128.413 
v -468.659 163.501 -133.588 
v -468.661 0.000747681 -133.595 
v -468.979 163.501 -131.644 
v -468.981 0.000663757 -131.651 
v -468.797 163.501 -128.995 
v -468.799 0.000549316 -129.002 
v -467.66 163.5 -126 
v -467.662 0.000411987 -126.007 
v -465.634 163.5 -123.518 
v -465.636 0.000289917 -123.525 
v -463.432 163.5 -122.036 
v -463.434 0.000205994 -122.043 
v -461.588 163.5 -121.341 
v -461.59 0.000152588 -121.348 
v -456.412 163.501 -140.66 
v -456.414 0.000900269 -140.667 
v -458.357 163.501 -140.98 
v -458.358 0.000930786 -140.987 
v -461.005 163.501 -140.797 
v -461.007 0.000961304 -140.804 
v -464 163.501 -139.661 
v -464.002 0.000946045 -139.667 
v -466.482 163.501 -137.635 
v -466.484 0.00088501 -137.642 
v -467.964 163.501 -135.432 
v -467.966 0.000808716 -135.439 
v -468.659 163.501 -133.588 
v -468.661 0.000747681 -133.595 

vn 0 -1 0 
vn 0 -1 0 
vn 0 -1 0 
vn 0 -1 0 
vn 0 -1 0 
vn 0 -1 0 
vn 0 -1 0 
vn 0 -1 0 
vn 0 -1 0 
vn 0 -1 0 
vn 0 -1 0 
vn 0 -1 0 
vn 0 -1 0 
vn 0 -1 0 
vn 0 -1 0 
vn 0 -1 0 
vn 0 -1 0 
vn 0 -1 0 
vn 0 -1 0 
vn 0 -1 0 
vn 0 -1 0 
vn 0 -1 0 
vn 0 -1 0 
vn 0 -1 0 
vn 0 -1 0 
vn 0 -1 0 
vn 0 -1 0 
vn 0 -1 0 
vn 0 -1 0 
vn 0.968504 0 0.259843 
vn 0.968504 0 0.259843 
vn 1 0 0.0629921 
vn 1 0 0.0629921 
vn 0.976378 0 -0.19685 
vn 0.976378 0 -0.19685 
vn 0.866142 0 -0.503937 
vn 0.866142 0 -0.503937 
vn 0.661417 0 -0.748031 
vn 0.661417 0 -0.748031 
vn 0.440945 0 -0.897638 
vn 0.440945 0 -0.897638 
vn 0.259843 0 -0.968504 
vn 0.259843 0 -0.968504 
vn 0.968504 0 0.259843 
vn 0.968504 0 0.259843 
vn 0.897638 0 0.440945 
vn 0.897638 0 0.440945 
vn 0.748031 0 0.661417 
vn 0.748031 0 0.661417 
vn 0.503937 0 0.866142 
vn 0.503937 0 0.866142 
vn 0.19685 0 0.976378 
vn 0.19685 0 0.976378 
vn -0.0629921 0 1 
vn -0.0629921 0 1 
vn -0.259843 0 0.968504 
vn -0.259843 0 0.968504 
vn 0 1 0 
vn 0 1 0 
vn 0 1 0 
vn 0 1 0 
vn 0 1 0 
vn 0 1 0 
vn 0 1 0 
vn 0 1 0 
vn 0 1 0 
vn 0 1 0 
vn 0 1 0 
vn 0 1 0 
vn 0 1 0 
vn 0 1 0 
vn 0 1 0 
vn 0 1 0 
vn 0 1 0 
vn 0 1 0 
vn 0 1 0 
vn 0 1 0 
vn 0 1 0 
vn 0 1 0 
vn 0 1 0 
vn 0 1 0 
vn 0 1 0 
vn 0 1 0 
vn 0 1 0 
vn 0 1 0 
vn 0 1 0 
vn -0.968504 0 -0.259843 
vn -0.968504 0 -0.259843 
vn -1 0 -0.0629921 
vn -1 0 -0.0629921 
vn -0.976378 0 0.19685 
vn -0.976378 0 0.19685 
vn -0.866142 0 0.503937 
vn -0.866142 0 0.503937 
vn -0.661417 0 0.748031 
vn -0.661417 0 0.748031 
vn -0.440945 0 0.897638 
vn -0.440945 0 0.897638 
vn -0.259843 0 0.968504 
vn -0.259843 0 0.968504 
vn 0.259843 0 -0.968504 
vn 0.259843 0 -0.968504 
vn 0.0629921 0 -1 
vn 0.0629921 0 -1 
vn -0.19685 0 -0.976378 
vn -0.19685 0 -0.976378 
vn -0.503937 0 -0.866142 
vn -0.503937 0 -0.866142 
vn -0.748031 0 -0.661417 
vn -0.748031 0 -0.661417 
vn -0.897638 0 -0.440945 
vn -0.897638 0 -0.440945 
vn -0.968504 0 -0.259843 
vn -0.968504 0 -0.259843 

vt 5.5 -2.25 
vt 6.38388 -3.13388 
vt 6.19338 -3.29006 
vt 5.89528 -3.43585 
vt 5.5 -3.5 
vt 5.10472 -3.43585 
vt 4.80662 -3.29006 
vt 4.61612 -3.13388 
vt 4.61612 -3.13388 
vt 4.45994 -2.94338 
vt 4.31415 -2.64528 
vt 4.25 -2.25 
vt 4.31415 -1.85472 
vt 4.45994 -1.55662 
vt 4.61612 -1.36612 
vt 4.61612 -1.36612 
vt 4.80662 -1.20994 
vt 5.10472 -1.06415 
vt 5.5 -1 
vt 5.89528 -1.06415 
vt 6.19338 -1.20994 
vt 6.38388 -1.36612 
vt 6.38388 -1.36612 
vt 6.54006 -1.55662 
vt 6.68585 -1.85472 
vt 6.75 -2.25 
vt 6.68585 -2.64528 
vt 6.54006 -2.94338 
vt 6.38388 -3.13388 
vt 28.9375 -3 
vt 8.5 -3 
vt 28.9375 -3.41667 
vt 8.5 -3.41667 
vt 28.9375 -3.83333 
vt 8.5 -3.83333 
vt 28.9375 -4.25 
vt 8.5 -4.25 
vt 28.9375 -4.66667 
vt 8.5 -4.66667 
vt 28.9375 -5.08333 
vt 8.5 -5.08333 
vt 28.9375 -5.5 
vt 8.5 -5.5 
vt 28.9375 -3 
vt 8.5 -3 
vt 28.9375 -3.41667 
vt 8.5 -3.41667 
vt 28.9375 -3.83333 
vt 8.5 -3.83333 
vt 28.9375 -4.25 
vt 8.5 -4.25 
vt 28.9375 -4.66667 
vt 8.5 -4.66667 
vt 28.9375 -5.08333 
vt 8.5 -5.08333 
vt 28.9375 -5.5 
vt 8.5 -5.5 
vt 5.5 -2.25 
vt 4.61612 -1.36612 
vt 4.80662 -1.20994 
vt 5.10472 -1.06415 
vt 5.5 -1 
vt 5.89528 -1.06415 
vt 6.19338 -1.20994 
vt 6.38388 -1.36612 
vt 6.38388 -1.36612 
vt 6.54006 -1.55662 
vt 6.68585 -1.85472 
vt 6.75 -2.25 
vt 6.68585 -2.64528 
vt 6.54006 -2.94338 
vt 6.38388 -3.13388 
vt 6.38388 -3.13388 
vt 6.19338 -3.29006 
vt 5.89528 -3.43585 
vt 5.5 -3.5 
vt 5.10472 -3.43585 
vt 4.80662 -3.29006 
vt 4.61612 -3.13388 
vt 4.61612 -3.13388 
vt 4.45994 -2.94338 
vt 4.31415 -2.64528 
vt 4.25 -2.25 
vt 4.31415 -1.85472 
vt 4.45994 -1.55662 
vt 4.61612 -1.36612 
vt 28.9375 -3 
vt 8.5 -3 
vt 28.9375 -3.41667 
vt 8.5 -3.41667 
vt 28.9375 -3.83333 
vt 8.5 -3.83333 
vt 28.9375 -4.25 
vt 8.5 -4.25 
vt 28.9375 -4.66667 
vt 8.5 -4.66667 
vt 28.9375 -5.08333 
vt 8.5 -5.08333 
vt 28.9375 -5.5 
vt 8.5 -5.5 
vt 28.9375 -3 
vt 8.5 -3 
vt 28.9375 -3.41667 
vt 8.5 -3.41667 
vt 28.9375 -3.83333 
vt 8.5 -3.83333 
vt 28.9375 -4.25 
vt 8.5 -4.25 
vt 28.9375 -4.66667 
vt 8.5 -4.66667 
vt 28.9375 -5.08333 
vt 8.5 -5.08333 
vt 28.9375 -5.5 
vt 8.5 -5.5 

usemtl Part1Mtl

f 1/1/1 3/3/3 2/2/2 
f 1/1/1 4/4/4 3/3/3 
f 1/1/1 5/5/5 4/4/4 
f 1/1/1 6/6/6 5/5/5 
f 1/1/1 7/7/7 6/6/6 
f 1/1/1 8/8/8 7/7/7 
f 1/1/1 10/10/10 9/9/9 
f 1/1/1 11/11/11 10/10/10 
f 1/1/1 12/12/12 11/11/11 
f 1/1/1 13/13/13 12/12/12 
f 1/1/1 14/14/14 13/13/13 
f 1/1/1 15/15/15 14/14/14 
f 1/1/1 17/17/17 16/16/16 
f 1/1/1 18/18/18 17/17/17 
f 1/1/1 19/19/19 18/18/18 
f 1/1/1 20/20/20 19/19/19 
f 1/1/1 21/21/21 20/20/20 
f 1/1/1 22/22/22 21/21/21 
f 1/1/1 24/24/24 23/23/23 
f 1/1/1 25/25/25 24/24/24 
f 1/1/1 26/26/26 25/25/25 
f 1/1/1 27/27/27 26/26/26 
f 1/1/1 28/28/28 27/27/27 
f 1/1/1 29/29/29 28/28/28 
f 30/30/30 31/31/31 32/32/32 
f 32/32/32 31/31/31 33/33/33 
f 32/32/32 33/33/33 34/34/34 
f 34/34/34 33/33/33 35/35/35 
f 34/34/34 35/35/35 36/36/36 
f 36/36/36 35/35/35 37/37/37 
f 36/36/36 37/37/37 38/38/38 
f 38/38/38 37/37/37 39/39/39 
f 38/38/38 39/39/39 40/40/40 
f 40/40/40 39/39/39 41/41/41 
f 40/40/40 41/41/41 42/42/42 
f 42/42/42 41/41/41 43/43/43 
f 44/44/44 45/45/45 46/46/46 
f 46/46/46 45/45/45 47/47/47 
f 46/46/46 47/47/47 48/48/48 
f 48/48/48 47/47/47 49/49/49 
f 48/48/48 49/49/49 50/50/50 
f 50/50/50 49/49/49 51/51/51 
f 50/50/50 51/51/51 52/52/52 
f 52/52/52 51/51/51 53/53/53 
f 52/52/52 53/53/53 54/54/54 
f 54/54/54 53/53/53 55/55/55 
f 54/54/54 55/55/55 56/56/56 
f 56/56/56 55/55/55 57/57/57 
f 58/58/58 60/60/60 59/59/59 
f 58/58/58 61/61/61 60/60/60 
f 58/58/58 62/62/62 61/61/61 
f 58/58/58 63/63/63 62/62/62 
f 58/58/58 64/64/64 63/63/63 
f 58/58/58 65/65/65 64/64/64 
f 58/58/58 67/67/67 66/66/66 
f 58/58/58 68/68/68 67/67/67 
f 58/58/58 69/69/69 68/68/68 
f 58/58/58 70/70/70 69/69/69 
f 58/58/58 71/71/71 70/70/70 
f 58/58/58 72/72/72 71/71/71 
f 58/58/58 74/74/74 73/73/73 
f 58/58/58 75/75/75 74/74/74 
f 58/58/58 76/76/76 75/75/75 
f 58/58/58 77/77/77 76/76/76 
f 58/58/58 78/78/78 77/77/77 
f 58/58/58 79/79/79 78/78/78 
f 58/58/58 81/81/81 80/80/80 
f 58/58/58 82/82/82 81/81/81 
f 58/58/58 83/83/83 82/82/82 
f 58/58/58 84/84/84 83/83/83 
f 58/58/58 85/85/85 84/84/84 
f 58/58/58 86/86/86 85/85/85 
f 87/87/87 88/88/88 89/89/89 
f 89/89/89 88/88/88 90/90/90 
f 89/89/89 90/90/90 91/91/91 
f 91/91/91 90/90/90 92/92/92 
f 91/91/91 92/92/92 93/93/93 
f 93/93/93 92/92/92 94/94/94 
f 93/93/93 94/94/94 95/95/95 
f 95/95/95 94/94/94 96/96/96 
f 95/95/95 96/96/96 97/97/97 
f 97/97/97 96/96/96 98/98/98 
f 97/97/97 98/98/98 99/99/99 
f 99/99/99 98/98/98 100/100/100 
f 101/101/101 102/102/102 103/103/103 
f 103/103/103 102/102/102 104/104/104 
f 103/103/103 104/104/104 105/105/105 
f 105/105/105 104/104/104 106/106/106 
f 105/105/105 106/106/106 107/107/107 
f 107/107/107 106/106/106 108/108/108 
f 107/107/107 108/108/108 109/109/109 
f 109/109/109 108/108/108 110/110/110 
f 109/109/109 110/110/110 111/111/111 
f 111/111/111 110/110/110 112/112/112 
f 111/111/111 112/112/112 113/113/113 
f 113/113/113 112/112/112 114/114/114 

g Window1

v -411.091 190.998 -90.8731 
v -410.738 190.998 -90.5196 
v -411.091 175.998 -90.8731 
v -410.738 175.998 -90.5195 
v -418.516 190.998 -82.7414 
v -410.738 190.998 -90.5196 
v -418.869 190.998 -83.095 
v -411.091 190.998 -90.8731 
v -410.738 190.998 -90.5196 
v -418.516 190.998 -82.7414 
v -410.738 175.998 -90.5195 
v -418.516 175.998 -82.7414 
v -418.516 190.998 -82.7414 
v -418.869 190.998 -83.095 
v -418.516 175.998 -82.7414 
v -418.87 175.998 -83.0949 
v -418.87 175.998 -83.0949 
v -411.091 175.998 -90.8731 
v -418.516 175.998 -82.7414 
v -410.738 175.998 -90.5195 
v -418.869 190.998 -83.095 
v -411.091 190.998 -90.8731 
v -418.87 175.998 -83.0949 
v -411.091 175.998 -90.8731 

vn 0.708661 0 -0.708661 
vn 0.708661 0 -0.708661 
vn 0.708661 0 -0.708661 
vn 0.708661 0 -0.708661 
vn 0 1 0 
vn 0 1 0 
vn 0 1 0 
vn 0 1 0 
vn 0.708661 0 0.708661 
vn 0.708661 0 0.708661 
vn 0.708661 0 0.708661 
vn 0.708661 0 0.708661 
vn -0.708661 0 0.708661 
vn -0.708661 0 0.708661 
vn -0.708661 0 0.708661 
vn -0.708661 0 0.708661 
vn 0 -1 0 
vn 0 -1 0 
vn 0 -1 0 
vn 0 -1 0 
vn -0.708661 0 -0.708661 
vn -0.708661 0 -0.708661 
vn -0.708661 0 -0.708661 
vn -0.708661 0 -0.708661 

vt 2.5625 -5.75 
vt 2.5 -5.75 
vt 2.5625 -7.625 
vt 2.5 -7.625 
vt 3.875 -5.75 
vt 2.5 -5.75 
vt 3.875 -5.8125 
vt 2.5 -5.8125 
vt 3.875 -5.75 
vt 2.5 -5.75 
vt 3.875 -7.625 
vt 2.5 -7.625 
vt 2.5625 -5.75 
vt 2.5 -5.75 
vt 2.5625 -7.625 
vt 2.5 -7.625 
vt 3.875 -5.75 
vt 2.5 -5.75 
vt 3.875 -5.8125 
vt 2.5 -5.8125 
vt 3.875 -5.75 
vt 2.5 -5.75 
vt 3.875 -7.625 
vt 2.5 -7.625 

usemtl Window1Mtl

f 115/115/115 116/116/116 117/117/117 
f 117/117/117 116/116/116 118/118/118 
f 119/119/119 120/120/120 121/121/121 
f 121/121/121 120/120/120 122/122/122 
f 123/123/123 124/124/124 125/125/125 
f 125/125/125 124/124/124 126/126/126 
f 127/127/127 128/128/128 129/129/129 
f 129/129/129 128/128/128 130/130/130 
f 131/131/131 132/132/132 133/133/133 
f 133/133/133 132/132/132 134/134/134 
f 135/135/135 136/136/136 137/137/137 
f 137/137/137 136/136/136 138/138/138 

g Window2

v -437.573 190.998 -72.295 
v -437.444 190.998 -71.8121 
v -437.574 175.998 -72.2951 
v -437.444 175.998 -71.8121 
v -448.069 190.998 -68.965 
v -437.444 190.998 -71.8121 
v -448.198 190.998 -69.4479 
v -437.573 190.998 -72.295 
v -437.444 190.998 -71.8121 
v -448.069 190.998 -68.965 
v -437.444 175.998 -71.8121 
v -448.069 175.998 -68.965 
v -448.069 190.998 -68.965 
v -448.198 190.998 -69.4479 
v -448.069 175.998 -68.965 
v -448.199 175.998 -69.4479 
v -448.199 175.998 -69.4479 
v -437.574 175.998 -72.2951 
v -448.069 175.998 -68.965 
v -437.444 175.998 -71.8121 
v -448.198 190.998 -69.4479 
v -437.573 190.998 -72.295 
v -448.199 175.998 -69.4479 
v -437.574 175.998 -72.2951 

vn 0.968504 0 -0.259843 
vn 0.968504 0 -0.259843 
vn 0.968504 0 -0.259843 
vn 0.968504 0 -0.259843 
vn 0 1 0 
vn 0 1 0 
vn 0 1 0 
vn 0 1 0 
vn 0.259843 0 0.968504 
vn 0.259843 0 0.968504 
vn 0.259843 0 0.968504 
vn 0.259843 0 0.968504 
vn -0.968504 0 0.259843 
vn -0.968504 0 0.259843 
vn -0.968504 0 0.259843 
vn -0.968504 0 0.259843 
vn 0 -1 0 
vn 0 -1 0 
vn 0 -1 0 
vn 0 -1 0 
vn -0.259843 0 -0.968504 
vn -0.259843 0 -0.968504 
vn -0.259843 0 -0.968504 
vn -0.259843 0 -0.968504 

vt 7.0625 -2 
vt 7 -2 
vt 7.0625 -3.875 
vt 7 -3.875 
vt 8.375 -2 
vt 7 -2 
vt 8.375 -2.0625 
vt 7 -2.0625 
vt 8.375 -2 
vt 7 -2 
vt 8.375 -3.875 
vt 7 -3.875 
vt 7.0625 -2 
vt 7 -2 
vt 7.0625 -3.875 
vt 7 -3.875 
vt 8.375 -2 
vt 7 -2 
vt 8.375 -2.0625 
vt 7 -2.0625 
vt 8.375 -2 
vt 7 -2 
vt 8.375 -3.875 
vt 7 -3.875 

usemtl Window1Mtl

f 139/139/139 140/140/140 141/141/141 
f 141/141/141 140/140/140 142/142/142 
f 143/143/143 144/144/144 145/145/145 
f 145/145/145 144/144/144 146/146/146 
f 147/147/147 148/148/148 149/149/149 
f 149/149/149 148/148/148 150/150/150 
f 151/151/151 152/152/152 153/153/153 
f 153/153/153 152/152/152 154/154/154 
f 155/155/155 156/156/156 157/157/157 
f 157/157/157 156/156/156 158/158/158 
f 159/159/159 160/160/160 161/161/161 
f 161/161/161 160/160/160 162/162/162 

g Window3

v -469.796 190.998 -69.4467 
v -469.925 190.998 -68.9637 
v -469.797 175.998 -69.4468 
v -469.926 175.998 -68.9639 
v -480.551 190.998 -71.811 
v -469.925 190.998 -68.9637 
v -480.421 190.998 -72.2939 
v -469.796 190.998 -69.4467 
v -469.925 190.998 -68.9637 
v -480.551 190.998 -71.811 
v -469.926 175.998 -68.9639 
v -480.551 175.998 -71.8111 
v -480.551 190.998 -71.811 
v -480.421 190.998 -72.2939 
v -480.551 175.998 -71.8111 
v -480.422 175.998 -72.2941 
v -480.422 175.998 -72.2941 
v -469.797 175.998 -69.4468 
v -480.551 175.998 -71.8111 
v -469.926 175.998 -68.9639 
v -480.421 190.998 -72.2939 
v -469.796 190.998 -69.4467 
v -480.422 175.998 -72.2941 
v -469.797 175.998 -69.4468 

vn 0.968504 0 0.259843 
vn 0.968504 0 0.259843 
vn 0.968504 0 0.259843 
vn 0.968504 0 0.259843 
vn 0 1 0 
vn 0 1 0 
vn 0 1 0 
vn 0 1 0 
vn -0.259843 0 0.968504 
vn -0.259843 0 0.968504 
vn -0.259843 0 0.968504 
vn -0.259843 0 0.968504 
vn -0.968504 0 -0.259843 
vn -0.968504 0 -0.259843 
vn -0.968504 0 -0.259843 
vn -0.968504 0 -0.259843 
vn 0 -1 0 
vn 0 -1 0 
vn 0 -1 0 
vn 0 -1 0 
vn 0.259843 0 -0.968504 
vn 0.259843 0 -0.968504 
vn 0.259843 0 -0.968504 
vn 0.259843 0 -0.968504 

vt 6.5625 -5.5 
vt 6.5 -5.5 
vt 6.5625 -7.375 
vt 6.5 -7.375 
vt 7.875 -5.5 
vt 6.5 -5.5 
vt 7.875 -5.5625 
vt 6.5 -5.5625 
vt 7.875 -5.5 
vt 6.5 -5.5 
vt 7.875 -7.375 
vt 6.5 -7.375 
vt 6.5625 -5.5 
vt 6.5 -5.5 
vt 6.5625 -7.375 
vt 6.5 -7.375 
vt 7.875 -5.5 
vt 6.5 -5.5 
vt 7.875 -5.5625 
vt 6.5 -5.5625 
vt 7.875 -5.5 
vt 6.5 -5.5 
vt 7.875 -7.375 
vt 6.5 -7.375 

usemtl Window1Mtl

f 163/163/163 164/164/164 165/165/165 
f 165/165/165 164/164/164 166/166/166 
f 167/167/167 168/168/168 169/169/169 
f 169/169/169 168/168/168 170/170/170 
f 171/171/171 172/172/172 173/173/173 
f 173/173/173 172/172/172 174/174/174 
f 175/175/175 176/176/176 177/177/177 
f 177/177/177 176/176/176 178/178/178 
f 179/179/179 180/180/180 181/181/181 
f 181/181/181 180/180/180 182/182/182 
f 183/183/183 184/184/184 185/185/185 
f 185/185/185 184/184/184 186/186/186 

g Window4

v -499.126 190.999 -83.0915 
v -499.48 190.999 -82.738 
v -499.127 175.999 -83.0917 
v -499.48 175.999 -82.7382 
v -507.258 190.999 -90.5164 
v -499.48 190.999 -82.738 
v -506.904 190.999 -90.87 
v -499.126 190.999 -83.0915 
v -499.48 190.999 -82.738 
v -507.258 190.999 -90.5164 
v -499.48 175.999 -82.7382 
v -507.258 175.999 -90.5166 
v -507.258 190.999 -90.5164 
v -506.904 190.999 -90.87 
v -507.258 175.999 -90.5166 
v -506.905 175.999 -90.8702 
v -506.905 175.999 -90.8702 
v -499.127 175.999 -83.0917 
v -507.258 175.999 -90.5166 
v -499.48 175.999 -82.7382 
v -506.904 190.999 -90.87 
v -499.126 190.999 -83.0915 
v -506.905 175.999 -90.8702 
v -499.127 175.999 -83.0917 

vn 0.708661 0 0.708661 
vn 0.708661 0 0.708661 
vn 0.708661 0 0.708661 
vn 0.708661 0 0.708661 
vn 0 1 0 
vn 0 1 0 
vn 0 1 0 
vn 0 1 0 
vn -0.708661 0 0.708661 
vn -0.708661 0 0.708661 
vn -0.708661 0 0.708661 
vn -0.708661 0 0.708661 
vn -0.708661 0 -0.708661 
vn -0.708661 0 -0.708661 
vn -0.708661 0 -0.708661 
vn -0.708661 0 -0.708661 
vn 0 -1 0 
vn 0 -1 0 
vn 0 -1 0 
vn 0 -1 0 
vn 0.708661 0 -0.708661 
vn 0.708661 0 -0.708661 
vn 0.708661 0 -0.708661 
vn 0.708661 0 -0.708661 

vt 3.0625 -2.75 
vt 3 -2.75 
vt 3.0625 -4.625 
vt 3 -4.625 
vt 4.375 -2.75 
vt 3 -2.75 
vt 4.375 -2.8125 
vt 3 -2.8125 
vt 4.375 -2.75 
vt 3 -2.75 
vt 4.375 -4.625 
vt 3 -4.625 
vt 3.0625 -2.75 
vt 3 -2.75 
vt 3.0625 -4.625 
vt 3 -4.625 
vt 4.375 -2.75 
vt 3 -2.75 
vt 4.375 -2.8125 
vt 3 -2.8125 
vt 4.375 -2.75 
vt 3 -2.75 
vt 4.375 -4.625 
vt 3 -4.625 

usemtl Window1Mtl

f 187/187/187 188/188/188 189/189/189 
f 189/189/189 188/188/188 190/190/190 
f 191/191/191 192/192/192 193/193/193 
f 193/193/193 192/192/192 194/194/194 
f 195/195/195 196/196/196 197/197/197 
f 197/197/197 196/196/196 198/198/198 
f 199/199/199 200/200/200 201/201/201 
f 201/201/201 200/200/200 202/202/202 
f 203/203/203 204/204/204 205/205/205 
f 205/205/205 204/204/204 206/206/206 
f 207/207/207 208/208/208 209/209/209 
f 209/209/209 208/208/208 210/210/210 

g Window5

v -517.704 191 -109.573 
v -518.187 191 -109.444 
v -517.705 176 -109.574 
v -518.188 176 -109.444 
v -521.034 191.001 -120.069 
v -518.187 191 -109.444 
v -520.551 191.001 -120.199 
v -517.704 191 -109.573 
v -518.187 191 -109.444 
v -521.034 191.001 -120.069 
v -518.188 176 -109.444 
v -521.035 176.001 -120.07 
v -521.034 191.001 -120.069 
v -520.551 191.001 -120.199 
v -521.035 176.001 -120.07 
v -520.552 176.001 -120.199 
v -520.552 176.001 -120.199 
v -517.705 176 -109.574 
v -521.035 176.001 -120.07 
v -518.188 176 -109.444 
v -520.551 191.001 -120.199 
v -517.704 191 -109.573 
v -520.552 176.001 -120.199 
v -517.705 176 -109.574 

vn 0.259843 0 0.968504 
vn 0.259843 0 0.968504 
vn 0.259843 0 0.968504 
vn 0.259843 0 0.968504 
vn 0 1 0 
vn 0 1 0 
vn 0 1 0 
vn 0 1 0 
vn -0.968504 0 0.259843 
vn -0.968504 0 0.259843 
vn -0.968504 0 0.259843 
vn -0.968504 0 0.259843 
vn -0.259843 0 -0.968504 
vn -0.259843 0 -0.968504 
vn -0.259843 0 -0.968504 
vn -0.259843 0 -0.968504 
vn 0 -1 0 
vn 0 -1 0 
vn 0 -1 0 
vn 0 -1 0 
vn 0.968504 0 -0.259843 
vn 0.968504 0 -0.259843 
vn 0.968504 0 -0.259843 
vn 0.968504 0 -0.259843 

vt 2.8125 -6.25 
vt 2.75 -6.25 
vt 2.8125 -8.125 
vt 2.75 -8.125 
vt 4.125 -6.25 
vt 2.75 -6.25 
vt 4.125 -6.3125 
vt 2.75 -6.3125 
vt 4.125 -6.25 
vt 2.75 -6.25 
vt 4.125 -8.125 
vt 2.75 -8.125 
vt 2.8125 -6.25 
vt 2.75 -6.25 
vt 2.8125 -8.125 
vt 2.75 -8.125 
vt 4.125 -6.25 
vt 2.75 -6.25 
vt 4.125 -6.3125 
vt 2.75 -6.3125 
vt 4.125 -6.25 
vt 2.75 -6.25 
vt 4.125 -8.125 
vt 2.75 -8.125 

usemtl Window1Mtl

f 211/211/211 212/212/212 213/213/213 
f 213/213/213 212/212/212 214/214/214 
f 215/215/215 216/216/216 217/217/217 
f 217/217/217 216/216/216 218/218/218 
f 219/219/219 220/220/220 221/221/221 
f 221/221/221 220/220/220 222/222/222 
f 223/223/223 224/224/224 225/225/225 
f 225/225/225 224/224/224 226/226/226 
f 227/227/227 228/228/228 229/229/229 
f 229/229/229 228/228/228 230/230/230 
f 231/231/231 232/232/232 233/233/233 
f 233/233/233 232/232/232 234/234/234 

g Window6

v -520.552 191.002 -141.796 
v -521.035 191.002 -141.926 
v -520.553 176.002 -141.797 
v -521.036 176.002 -141.926 
v -518.188 191.002 -152.551 
v -521.035 191.002 -141.926 
v -517.705 191.002 -152.422 
v -520.552 191.002 -141.796 
v -521.035 191.002 -141.926 
v -518.188 191.002 -152.551 
v -521.036 176.002 -141.926 
v -518.189 176.002 -152.552 
v -518.188 191.002 -152.551 
v -517.705 191.002 -152.422 
v -518.189 176.002 -152.552 
v -517.706 176.002 -152.422 
v -517.706 176.002 -152.422 
v -520.553 176.002 -141.797 
v -518.189 176.002 -152.552 
v -521.036 176.002 -141.926 
v -517.705 191.002 -152.422 
v -520.552 191.002 -141.796 
v -517.706 176.002 -152.422 
v -520.553 176.002 -141.797 

vn -0.259843 0 0.968504 
vn -0.259843 0 0.968504 
vn -0.259843 0 0.968504 
vn -0.259843 0 0.968504 
vn 0 1 0 
vn 0 1 0 
vn 0 1 0 
vn 0 1 0 
vn -0.968504 0 -0.259843 
vn -0.968504 0 -0.259843 
vn -0.968504 0 -0.259843 
vn -0.968504 0 -0.259843 
vn 0.259843 0 -0.968504 
vn 0.259843 0 -0.968504 
vn 0.259843 0 -0.968504 
vn 0.259843 0 -0.968504 
vn 0 -1 0 
vn 0 -1 0 
vn 0 -1 0 
vn 0 -1 0 
vn 0.968504 0 0.259843 
vn 0.968504 0 0.259843 
vn 0.968504 0 0.259843 
vn 0.968504 0 0.259843 

vt 3.3125 -4.25 
vt 3.25 -4.25 
vt 3.3125 -6.125 
vt 3.25 -6.125 
vt 4.625 -4.25 
vt 3.25 -4.25 
vt 4.625 -4.3125 
vt 3.25 -4.3125 
vt 4.625 -4.25 
vt 3.25 -4.25 
vt 4.625 -6.125 
vt 3.25 -6.125 
vt 3.3125 -4.25 
vt 3.25 -4.25 
vt 3.3125 -6.125 
vt 3.25 -6.125 
vt 4.625 -4.25 
vt 3.25 -4.25 
vt 4.625 -4.3125 
vt 3.25 -4.3125 
vt 4.625 -4.25 
vt 3.25 -4.25 
vt 4.625 -6.125 
vt 3.25 -6.125 

usemtl Window1Mtl

f 235/235/235 236/236/236 237/237/237 
f 237/237/237 236/236/236 238/238/238 
f 239/239/239 240/240/240 241/241/241 
f 241/241/241 240/240/240 242/242/242 
f 243/243/243 244/244/244 245/245/245 
f 245/245/245 244/244/244 246/246/246 
f 247/247/247 248/248/248 249/249/249 
f 249/249/249 248/248/248 250/250/250 
f 251/251/251 252/252/252 253/253/253 
f 253/253/253 252/252/252 254/254/254 
f 255/255/255 256/256/256 257/257/257 
f 257/257/257 256/256/256 258/258/258 

g Window7

v -506.907 191.003 -171.126 
v -507.261 191.003 -171.48 
v -506.908 176.003 -171.127 
v -507.262 176.003 -171.48 
v -499.483 191.003 -179.258 
v -507.261 191.003 -171.48 
v -499.129 191.003 -178.904 
v -506.907 191.003 -171.126 
v -507.261 191.003 -171.48 
v -499.483 191.003 -179.258 
v -507.262 176.003 -171.48 
v -499.483 176.003 -179.259 
v -499.483 191.003 -179.258 
v -499.129 191.003 -178.904 
v -499.483 176.003 -179.259 
v -499.13 176.003 -178.905 
v -499.13 176.003 -178.905 
v -506.908 176.003 -171.127 
v -499.483 176.003 -179.259 
v -507.262 176.003 -171.48 
v -499.129 191.003 -178.904 
v -506.907 191.003 -171.126 
v -499.13 176.003 -178.905 
v -506.908 176.003 -171.127 

vn -0.708661 0 0.708661 
vn -0.708661 0 0.708661 
vn -0.708661 0 0.708661 
vn -0.708661 0 0.708661 
vn 0 1 0 
vn 0 1 0 
vn 0 1 0 
vn 0 1 0 
vn -0.708661 0 -0.708661 
vn -0.708661 0 -0.708661 
vn -0.708661 0 -0.708661 
vn -0.708661 0 -0.708661 
vn 0.708661 0 -0.708661 
vn 0.708661 0 -0.708661 
vn 0.708661 0 -0.708661 
vn 0.708661 0 -0.708661 
vn 0 -1 0 
vn 0 -1 0 
vn 0 -1 0 
vn 0 -1 0 
vn 0.708661 0 0.708661 
vn 0.708661 0 0.708661 
vn 0.708661 0 0.708661 
vn 0.708661 0 0.708661 

vt 2.0625 -5.25 
vt 2 -5.25 
vt 2.0625 -7.125 
vt 2 -7.125 
vt 3.375 -5.25 
vt 2 -5.25 
vt 3.375 -5.3125 
vt 2 -5.3125 
vt 3.375 -5.25 
vt 2 -5.25 
vt 3.375 -7.125 
vt 2 -7.125 
vt 2.0625 -5.25 
vt 2 -5.25 
vt 2.0625 -7.125 
vt 2 -7.125 
vt 3.375 -5.25 
vt 2 -5.25 
vt 3.375 -5.3125 
vt 2 -5.3125 
vt 3.375 -5.25 
vt 2 -5.25 
vt 3.375 -7.125 
vt 2 -7.125 

usemtl Window1Mtl

f 259/259/259 260/260/260 261/261/261 
f 261/261/261 260/260/260 262/262/262 
f 263/263/263 264/264/264 265/265/265 
f 265/265/265 264/264/264 266/266/266 
f 267/267/267 268/268/268 269/269/269 
f 269/269/269 268/268/268 270/270/270 
f 271/271/271 272/272/272 273/273/273 
f 273/273/273 272/272/272 274/274/274 
f 275/275/275 276/276/276 277/277/277 
f 277/277/277 276/276/276 278/278/278 
f 279/279/279 280/280/280 281/281/281 
f 281/281/281 280/280/280 282/282/282 

g Window8

v -480.425 191.003 -189.704 
v -480.555 191.003 -190.187 
v -480.426 176.003 -189.705 
v -480.555 176.003 -190.188 
v -469.93 191.003 -193.034 
v -480.555 191.003 -190.187 
v -469.8 191.003 -192.551 
v -480.425 191.003 -189.704 
v -480.555 191.003 -190.187 
v -469.93 191.003 -193.034 
v -480.555 176.003 -190.188 
v -469.93 176.003 -193.035 
v -469.93 191.003 -193.034 
v -469.8 191.003 -192.551 
v -469.93 176.003 -193.035 
v -469.801 176.003 -192.552 
v -469.801 176.003 -192.552 
v -480.426 176.003 -189.705 
v -469.93 176.003 -193.035 
v -480.555 176.003 -190.188 
v -469.8 191.003 -192.551 
v -480.425 191.003 -189.704 
v -469.801 176.003 -192.552 
v -480.426 176.003 -189.705 

vn -0.968504 0 0.259843 
vn -0.968504 0 0.259843 
vn -0.968504 0 0.259843 
vn -0.968504 0 0.259843 
vn 0 1 0 
vn 0 1 0 
vn 0 1 0 
vn 0 1 0 
vn -0.259843 0 -0.968504 
vn -0.259843 0 -0.968504 
vn -0.259843 0 -0.968504 
vn -0.259843 0 -0.968504 
vn 0.968504 0 -0.259843 
vn 0.968504 0 -0.259843 
vn 0.968504 0 -0.259843 
vn 0.968504 0 -0.259843 
vn 0 -1 0 
vn 0 -1 0 
vn 0 -1 0 
vn 0 -1 0 
vn 0.259843 0 0.968504 
vn 0.259843 0 0.968504 
vn 0.259843 0 0.968504 
vn 0.259843 0 0.968504 

vt 2.3125 -5.75 
vt 2.25 -5.75 
vt 2.3125 -7.625 
vt 2.25 -7.625 
vt 3.625 -5.75 
vt 2.25 -5.75 
vt 3.625 -5.8125 
vt 2.25 -5.8125 
vt 3.625 -5.75 
vt 2.25 -5.75 
vt 3.625 -7.625 
vt 2.25 -7.625 
vt 2.3125 -5.75 
vt 2.25 -5.75 
vt 2.3125 -7.625 
vt 2.25 -7.625 
vt 3.625 -5.75 
vt 2.25 -5.75 
vt 3.625 -5.8125 
vt 2.25 -5.8125 
vt 3.625 -5.75 
vt 2.25 -5.75 
vt 3.625 -7.625 
vt 2.25 -7.625 

usemtl Window1Mtl

f 283/283/283 284/284/284 285/285/285 
f 285/285/285 284/284/284 286/286/286 
f 287/287/287 288/288/288 289/289/289 
f 289/289/289 288/288/288 290/290/290 
f 291/291/291 292/292/292 293/293/293 
f 293/293/293 292/292/292 294/294/294 
f 295/295/295 296/296/296 297/297/297 
f 297/297/297 296/296/296 298/298/298 
f 299/299/299 300/300/300 301/301/301 
f 301/301/301 300/300/300 302/302/302 
f 303/303/303 304/304/304 305/305/305 
f 305/305/305 304/304/304 306/306/306 

g Window9

v -448.202 191.003 -192.552 
v -448.073 191.003 -193.035 
v -448.203 176.003 -192.553 
v -448.074 176.003 -193.036 
v -437.448 191.003 -190.188 
v -448.073 191.003 -193.035 
v -437.577 191.003 -189.705 
v -448.202 191.003 -192.552 
v -448.073 191.003 -193.035 
v -437.448 191.003 -190.188 
v -448.074 176.003 -193.036 
v -437.448 176.003 -190.189 
v -437.448 191.003 -190.188 
v -437.577 191.003 -189.705 
v -437.448 176.003 -190.189 
v -437.578 176.003 -189.706 
v -437.578 176.003 -189.706 
v -448.203 176.003 -192.553 
v -437.448 176.003 -190.189 
v -448.074 176.003 -193.036 
v -437.577 191.003 -189.705 
v -448.202 191.003 -192.552 
v -437.578 176.003 -189.706 
v -448.203 176.003 -192.553 

vn -0.968504 0 -0.259843 
vn -0.968504 0 -0.259843 
vn -0.968504 0 -0.259843 
vn -0.968504 0 -0.259843 
vn 0 1 0 
vn 0 1 0 
vn 0 1 0 
vn 0 1 0 
vn 0.259843 0 -0.968504 
vn 0.259843 0 -0.968504 
vn 0.259843 0 -0.968504 
vn 0.259843 0 -0.968504 
vn 0.968504 0 0.259843 
vn 0.968504 0 0.259843 
vn 0.968504 0 0.259843 
vn 0.968504 0 0.259843 
vn 0 -1 0 
vn 0 -1 0 
vn 0 -1 0 
vn 0 -1 0 
vn -0.259843 0 0.968504 
vn -0.259843 0 0.968504 
vn -0.259843 0 0.968504 
vn -0.259843 0 0.968504 

vt 7.8125 0 
vt 7.75 0 
vt 7.8125 -1.875 
vt 7.75 -1.875 
vt 9.125 0 
vt 7.75 0 
vt 9.125 -0.0625 
vt 7.75 -0.0625 
vt 9.125 0 
vt 7.75 0 
vt 9.125 -1.875 
vt 7.75 -1.875 
vt 7.8125 0 
vt 7.75 0 
vt 7.8125 -1.875 
vt 7.75 -1.875 
vt 9.125 0 
vt 7.75 0 
vt 9.125 -0.0625 
vt 7.75 -0.0625 
vt 9.125 0 
vt 7.75 0 
vt 9.125 -1.875 
vt 7.75 -1.875 

usemtl Window1Mtl

f 307/307/307 308/308/308 309/309/309 
f 309/309/309 308/308/308 310/310/310 
f 311/311/311 312/312/312 313/313/313 
f 313/313/313 312/312/312 314/314/314 
f 315/315/315 316/316/316 317/317/317 
f 317/317/317 316/316/316 318/318/318 
f 319/319/319 320/320/320 321/321/321 
f 321/321/321 320/320/320 322/322/322 
f 323/323/323 324/324/324 325/325/325 
f 325/325/325 324/324/324 326/326/326 
f 327/327/327 328/328/328 329/329/329 
f 329/329/329 328/328/328 330/330/330 

g Window10

v -418.873 191.002 -178.908 
v -418.519 191.002 -179.261 
v -418.873 176.002 -178.908 
v -418.519 176.002 -179.262 
v -410.741 191.002 -171.483 
v -418.519 191.002 -179.261 
v -411.095 191.002 -171.13 
v -418.873 191.002 -178.908 
v -418.519 191.002 -179.261 
v -410.741 191.002 -171.483 
v -418.519 176.002 -179.262 
v -410.741 176.002 -171.483 
v -410.741 191.002 -171.483 
v -411.095 191.002 -171.13 
v -410.741 176.002 -171.483 
v -411.095 176.002 -171.13 
v -411.095 176.002 -171.13 
v -418.873 176.002 -178.908 
v -410.741 176.002 -171.483 
v -418.519 176.002 -179.262 
v -411.095 191.002 -171.13 
v -418.873 191.002 -178.908 
v -411.095 176.002 -171.13 
v -418.873 176.002 -178.908 

vn -0.708661 0 -0.708661 
vn -0.708661 0 -0.708661 
vn -0.708661 0 -0.708661 
vn -0.708661 0 -0.708661 
vn 0 1 0 
vn 0 1 0 
vn 0 1 0 
vn 0 1 0 
vn 0.708661 0 -0.708661 
vn 0.708661 0 -0.708661 
vn 0.708661 0 -0.708661 
vn 0.708661 0 -0.708661 
vn 0.708661 0 0.708661 
vn 0.708661 0 0.708661 
vn 0.708661 0 0.708661 
vn 0.708661 0 0.708661 
vn 0 -1 0 
vn 0 -1 0 
vn 0 -1 0 
vn 0 -1 0 
vn -0.708661 0 0.708661 
vn -0.708661 0 0.708661 
vn -0.708661 0 0.708661 
vn -0.708661 0 0.708661 

vt 1.5625 -3 
vt 1.5 -3 
vt 1.5625 -4.875 
vt 1.5 -4.875 
vt 2.875 -3 
vt 1.5 -3 
vt 2.875 -3.0625 
vt 1.5 -3.0625 
vt 2.875 -3 
vt 1.5 -3 
vt 2.875 -4.875 
vt 1.5 -4.875 
vt 1.5625 -3 
vt 1.5 -3 
vt 1.5625 -4.875 
vt 1.5 -4.875 
vt 2.875 -3 
vt 1.5 -3 
vt 2.875 -3.0625 
vt 1.5 -3.0625 
vt 2.875 -3 
vt 1.5 -3 
vt 2.875 -4.875 
vt 1.5 -4.875 

usemtl Window1Mtl

f 331/331/331 332/332/332 333/333/333 
f 333/333/333 332/332/332 334/334/334 
f 335/335/335 336/336/336 337/337/337 
f 337/337/337 336/336/336 338/338/338 
f 339/339/339 340/340/340 341/341/341 
f 341/341/341 340/340/340 342/342/342 
f 343/343/343 344/344/344 345/345/345 
f 345/345/345 344/344/344 346/346/346 
f 347/347/347 348/348/348 349/349/349 
f 349/349/349 348/348/348 350/350/350 
f 351/351/351 352/352/352 353/353/353 
f 353/353/353 352/352/352 354/354/354 

g Window11

v -400.295 191.001 -152.426 
v -399.812 191.001 -152.555 
v -400.295 176.001 -152.426 
v -399.812 176.001 -152.555 
v -396.965 191.001 -141.93 
v -399.812 191.001 -152.555 
v -397.448 191.001 -141.801 
v -400.295 191.001 -152.426 
v -399.812 191.001 -152.555 
v -396.965 191.001 -141.93 
v -399.812 176.001 -152.555 
v -396.965 176.001 -141.93 
v -396.965 191.001 -141.93 
v -397.448 191.001 -141.801 
v -396.965 176.001 -141.93 
v -397.447 176.001 -141.801 
v -397.447 176.001 -141.801 
v -400.295 176.001 -152.426 
v -396.965 176.001 -141.93 
v -399.812 176.001 -152.555 
v -397.448 191.001 -141.801 
v -400.295 191.001 -152.426 
v -397.447 176.001 -141.801 
v -400.295 176.001 -152.426 

vn -0.259843 0 -0.968504 
vn -0.259843 0 -0.968504 
vn -0.259843 0 -0.968504 
vn -0.259843 0 -0.968504 
vn 0 1 0 
vn 0 1 0 
vn 0 1 0 
vn 0 1 0 
vn 0.968504 0 -0.259843 
vn 0.968504 0 -0.259843 
vn 0.968504 0 -0.259843 
vn 0.968504 0 -0.259843 
vn 0.259843 0 0.968504 
vn 0.259843 0 0.968504 
vn 0.259843 0 0.968504 
vn 0.259843 0 0.968504 
vn 0 -1 0 
vn 0 -1 0 
vn 0 -1 0 
vn 0 -1 0 
vn -0.968504 0 0.259843 
vn -0.968504 0 0.259843 
vn -0.968504 0 0.259843 
vn -0.968504 0 0.259843 

vt 4.3125 -5 
vt 4.25 -5 
vt 4.3125 -6.875 
vt 4.25 -6.875 
vt 5.625 -5 
vt 4.25 -5 
vt 5.625 -5.0625 
vt 4.25 -5.0625 
vt 5.625 -5 
vt 4.25 -5 
vt 5.625 -6.875 
vt 4.25 -6.875 
vt 4.3125 -5 
vt 4.25 -5 
vt 4.3125 -6.875 
vt 4.25 -6.875 
vt 5.625 -5 
vt 4.25 -5 
vt 5.625 -5.0625 
vt 4.25 -5.0625 
vt 5.625 -5 
vt 4.25 -5 
vt 5.625 -6.875 
vt 4.25 -6.875 

usemtl Window1Mtl

f 355/355/355 356/356/356 357/357/357 
f 357/357/357 356/356/356 358/358/358 
f 359/359/359 360/360/360 361/361/361 
f 361/361/361 360/360/360 362/362/362 
f 363/363/363 364/364/364 365/365/365 
f 365/365/365 364/364/364 366/366/366 
f 367/367/367 368/368/368 369/369/369 
f 369/369/369 368/368/368 370/370/370 
f 371/371/371 372/372/372 373/373/373 
f 373/373/373 372/372/372 374/374/374 
f 375/375/375 376/376/376 377/377/377 
f 377/377/377 376/376/376 378/378/378 

g Window12

v -418.696 190.998 -83.197 
v -418.446 190.998 -82.764 
v -418.697 175.998 -83.197 
v -418.447 175.998 -82.764 
v -437.499 190.998 -71.7639 
v -418.446 190.998 -82.764 
v -437.749 190.998 -72.1969 
v -418.696 190.998 -83.197 
v -418.446 190.998 -82.764 
v -437.499 190.998 -71.7639 
v -418.447 175.998 -82.764 
v -437.499 175.998 -71.7639 
v -437.499 190.998 -71.7639 
v -437.749 190.998 -72.1969 
v -437.499 175.998 -71.7639 
v -437.749 175.998 -72.1969 
v -437.749 175.998 -72.1969 
v -418.697 175.998 -83.197 
v -437.499 175.998 -71.7639 
v -418.447 175.998 -82.764 
v -437.749 190.998 -72.1969 
v -418.696 190.998 -83.197 
v -437.749 175.998 -72.1969 
v -418.697 175.998 -83.197 

vn 0.866142 0 -0.503937 
vn 0.866142 0 -0.503937 
vn 0.866142 0 -0.503937 
vn 0.866142 0 -0.503937 
vn 0 1 0 
vn 0 1 0 
vn 0 1 0 
vn 0 1 0 
vn 0.503937 0 0.866142 
vn 0.503937 0 0.866142 
vn 0.503937 0 0.866142 
vn 0.503937 0 0.866142 
vn -0.866142 0 0.503937 
vn -0.866142 0 0.503937 
vn -0.866142 0 0.503937 
vn -0.866142 0 0.503937 
vn 0 -1 0 
vn 0 -1 0 
vn 0 -1 0 
vn 0 -1 0 
vn -0.503937 0 -0.866142 
vn -0.503937 0 -0.866142 
vn -0.503937 0 -0.866142 
vn -0.503937 0 -0.866142 

vt 6.8125 -2.5 
vt 6.75 -2.5 
vt 6.8125 -4.375 
vt 6.75 -4.375 
vt 9.5 -2.5 
vt 6.75 -2.5 
vt 9.5 -2.5625 
vt 6.75 -2.5625 
vt 9.5 -2.5 
vt 6.75 -2.5 
vt 9.5 -4.375 
vt 6.75 -4.375 
vt 6.8125 -2.5 
vt 6.75 -2.5 
vt 6.8125 -4.375 
vt 6.75 -4.375 
vt 9.5 -2.5 
vt 6.75 -2.5 
vt 9.5 -2.5625 
vt 6.75 -2.5625 
vt 9.5 -2.5 
vt 6.75 -2.5 
vt 9.5 -4.375 
vt 6.75 -4.375 

usemtl Window1Mtl

f 379/379/379 380/380/380 381/381/381 
f 381/381/381 380/380/380 382/382/382 
f 383/383/383 384/384/384 385/385/385 
f 385/385/385 384/384/384 386/386/386 
f 387/387/387 388/388/388 389/389/389 
f 389/389/389 388/388/388 390/390/390 
f 391/391/391 392/392/392 393/393/393 
f 393/393/393 392/392/392 394/394/394 
f 395/395/395 396/396/396 397/397/397 
f 397/397/397 396/396/396 398/398/398 
f 399/399/399 400/400/400 401/401/401 
f 401/401/401 400/400/400 402/402/402 

g Window13

v -447.997 190.998 -69.4499 
v -447.997 190.998 -68.9499 
v -447.998 175.998 -69.45 
v -447.998 175.998 -68.95 
v -469.997 190.998 -68.9499 
v -447.997 190.998 -68.9499 
v -469.997 190.998 -69.4499 
v -447.997 190.998 -69.4499 
v -447.997 190.998 -68.9499 
v -469.997 190.998 -68.9499 
v -447.998 175.998 -68.95 
v -469.998 175.998 -68.95 
v -469.997 190.998 -68.9499 
v -469.997 190.998 -69.4499 
v -469.998 175.998 -68.95 
v -469.998 175.998 -69.45 
v -469.998 175.998 -69.45 
v -447.998 175.998 -69.45 
v -469.998 175.998 -68.95 
v -447.998 175.998 -68.95 
v -469.997 190.998 -69.4499 
v -447.997 190.998 -69.4499 
v -469.998 175.998 -69.45 
v -447.998 175.998 -69.45 

vn 1 0 0 
vn 1 0 0 
vn 1 0 0 
vn 1 0 0 
vn 0 1 0 
vn 0 1 0 
vn 0 1 0 
vn 0 1 0 
vn 0 0 1 
vn 0 0 1 
vn 0 0 1 
vn 0 0 1 
vn -1 0 0 
vn -1 0 0 
vn -1 0 0 
vn -1 0 0 
vn 0 -1 0 
vn 0 -1 0 
vn 0 -1 0 
vn 0 -1 0 
vn 0 0 -1 
vn 0 0 -1 
vn 0 0 -1 
vn 0 0 -1 

vt 3.0625 -2.75 
vt 3 -2.75 
vt 3.0625 -4.625 
vt 3 -4.625 
vt 5.75 -2.75 
vt 3 -2.75 
vt 5.75 -2.8125 
vt 3 -2.8125 
vt 5.75 -2.75 
vt 3 -2.75 
vt 5.75 -4.625 
vt 3 -4.625 
vt 3.0625 -2.75 
vt 3 -2.75 
vt 3.0625 -4.625 
vt 3 -4.625 
vt 5.75 -2.75 
vt 3 -2.75 
vt 5.75 -2.8125 
vt 3 -2.8125 
vt 5.75 -2.75 
vt 3 -2.75 
vt 5.75 -4.625 
vt 3 -4.625 

usemtl Window1Mtl

f 403/403/403 404/404/404 405/405/405 
f 405/405/405 404/404/404 406/406/406 
f 407/407/407 408/408/408 409/409/409 
f 409/409/409 408/408/408 410/410/410 
f 411/411/411 412/412/412 413/413/413 
f 413/413/413 412/412/412 414/414/414 
f 415/415/415 416/416/416 417/417/417 
f 417/417/417 416/416/416 418/418/418 
f 419/419/419 420/420/420 421/421/421 
f 421/421/421 420/420/420 422/422/422 
f 423/423/423 424/424/424 425/425/425 
f 425/425/425 424/424/424 426/426/426 

g Window14

v -480.246 190.998 -72.1947 
v -480.496 190.998 -71.7617 
v -480.247 175.998 -72.1949 
v -480.497 175.998 -71.7619 
v -499.548 190.999 -82.7619 
v -480.496 190.998 -71.7617 
v -499.298 190.999 -83.1949 
v -480.246 190.998 -72.1947 
v -480.496 190.998 -71.7617 
v -499.548 190.999 -82.7619 
v -480.497 175.998 -71.7619 
v -499.549 175.999 -82.7621 
v -499.548 190.999 -82.7619 
v -499.298 190.999 -83.1949 
v -499.549 175.999 -82.7621 
v -499.299 175.999 -83.1951 
v -499.299 175.999 -83.1951 
v -480.247 175.998 -72.1949 
v -499.549 175.999 -82.7621 
v -480.497 175.998 -71.7619 
v -499.298 190.999 -83.1949 
v -480.246 190.998 -72.1947 
v -499.299 175.999 -83.1951 
v -480.247 175.998 -72.1949 

vn 0.866142 0 0.503937 
vn 0.866142 0 0.503937 
vn 0.866142 0 0.503937 
vn 0.866142 0 0.503937 
vn 0 1 0 
vn 0 1 0 
vn 0 1 0 
vn 0 1 0 
vn -0.503937 0 0.866142 
vn -0.503937 0 0.866142 
vn -0.503937 0 0.866142 
vn -0.503937 0 0.866142 
vn -0.866142 0 -0.503937 
vn -0.866142 0 -0.503937 
vn -0.866142 0 -0.503937 
vn -0.866142 0 -0.503937 
vn 0 -1 0 
vn 0 -1 0 
vn 0 -1 0 
vn 0 -1 0 
vn 0.503937 0 -0.866142 
vn 0.503937 0 -0.866142 
vn 0.503937 0 -0.866142 
vn 0.503937 0 -0.866142 

vt 3.3125 0.5 
vt 3.25 0.5 
vt 3.3125 -1.375 
vt 3.25 -1.375 
vt 6 0.5 
vt 3.25 0.5 
vt 6 0.4375 
vt 3.25 0.4375 
vt 6 0.5 
vt 3.25 0.5 
vt 6 -1.375 
vt 3.25 -1.375 
vt 3.3125 0.5 
vt 3.25 0.5 
vt 3.3125 -1.375 
vt 3.25 -1.375 
vt 6 0.5 
vt 3.25 0.5 
vt 6 0.4375 
vt 3.25 0.4375 
vt 6 0.5 
vt 3.25 0.5 
vt 6 -1.375 
vt 3.25 -1.375 

usemtl Window1Mtl

f 427/427/427 428/428/428 429/429/429 
f 429/429/429 428/428/428 430/430/430 
f 431/431/431 432/432/432 433/433/433 
f 433/433/433 432/432/432 434/434/434 
f 435/435/435 436/436/436 437/437/437 
f 437/437/437 436/436/436 438/438/438 
f 439/439/439 440/440/440 441/441/441 
f 441/441/441 440/440/440 442/442/442 
f 443/443/443 444/444/444 445/445/445 
f 445/445/445 444/444/444 446/446/446 
f 447/447/447 448/448/448 449/449/449 
f 449/449/449 448/448/448 450/450/450 

g Window15

v -506.802 190.999 -90.6965 
v -507.235 190.999 -90.4465 
v -506.803 175.999 -90.6968 
v -507.236 175.999 -90.4468 
v -518.235 191 -109.499 
v -507.235 190.999 -90.4465 
v -517.802 191 -109.749 
v -506.802 190.999 -90.6965 
v -507.235 190.999 -90.4465 
v -518.235 191 -109.499 
v -507.236 175.999 -90.4468 
v -518.236 176 -109.499 
v -518.235 191 -109.499 
v -517.802 191 -109.749 
v -518.236 176 -109.499 
v -517.803 176 -109.749 
v -517.803 176 -109.749 
v -506.803 175.999 -90.6968 
v -518.236 176 -109.499 
v -507.236 175.999 -90.4468 
v -517.802 191 -109.749 
v -506.802 190.999 -90.6965 
v -517.803 176 -109.749 
v -506.803 175.999 -90.6968 

vn 0.503937 0 0.866142 
vn 0.503937 0 0.866142 
vn 0.503937 0 0.866142 
vn 0.503937 0 0.866142 
vn 0 1 0 
vn 0 1 0 
vn 0 1 0 
vn 0 1 0 
vn -0.866142 0 0.503937 
vn -0.866142 0 0.503937 
vn -0.866142 0 0.503937 
vn -0.866142 0 0.503937 
vn -0.503937 0 -0.866142 
vn -0.503937 0 -0.866142 
vn -0.503937 0 -0.866142 
vn -0.503937 0 -0.866142 
vn 0 -1 0 
vn 0 -1 0 
vn 0 -1 0 
vn 0 -1 0 
vn 0.866142 0 -0.503937 
vn 0.866142 0 -0.503937 
vn 0.866142 0 -0.503937 
vn 0.866142 0 -0.503937 

vt 6.5625 -2.5 
vt 6.5 -2.5 
vt 6.5625 -4.375 
vt 6.5 -4.375 
vt 9.25 -2.5 
vt 6.5 -2.5 
vt 9.25 -2.5625 
vt 6.5 -2.5625 
vt 9.25 -2.5 
vt 6.5 -2.5 
vt 9.25 -4.375 
vt 6.5 -4.375 
vt 6.5625 -2.5 
vt 6.5 -2.5 
vt 6.5625 -4.375 
vt 6.5 -4.375 
vt 9.25 -2.5 
vt 6.5 -2.5 
vt 9.25 -2.5625 
vt 6.5 -2.5625 
vt 9.25 -2.5 
vt 6.5 -2.5 
vt 9.25 -4.375 
vt 6.5 -4.375 

usemtl Window1Mtl

f 451/451/451 452/452/452 453/453/453 
f 453/453/453 452/452/452 454/454/454 
f 455/455/455 456/456/456 457/457/457 
f 457/457/457 456/456/456 458/458/458 
f 459/459/459 460/460/460 461/461/461 
f 461/461/461 460/460/460 462/462/462 
f 463/463/463 464/464/464 465/465/465 
f 465/465/465 464/464/464 466/466/466 
f 467/467/467 468/468/468 469/469/469 
f 469/469/469 468/468/468 470/470/470 
f 471/471/471 472/472/472 473/473/473 
f 473/473/473 472/472/472 474/474/474 

g Window16

v -520.549 191.001 -119.998 
v -521.049 191.001 -119.998 
v -520.55 176.001 -119.998 
v -521.05 176.001 -119.998 
v -521.049 191.002 -141.998 
v -521.049 191.001 -119.998 
v -520.549 191.002 -141.998 
v -520.549 191.001 -119.998 
v -521.049 191.001 -119.998 
v -521.049 191.002 -141.998 
v -521.05 176.001 -119.998 
v -521.05 176.002 -141.998 
v -521.049 191.002 -141.998 
v -520.549 191.002 -141.998 
v -521.05 176.002 -141.998 
v -520.55 176.002 -141.998 
v -520.55 176.002 -141.998 
v -520.55 176.001 -119.998 
v -521.05 176.002 -141.998 
v -521.05 176.001 -119.998 
v -520.549 191.002 -141.998 
v -520.549 191.001 -119.998 
v -520.55 176.002 -141.998 
v -520.55 176.001 -119.998 

vn 0 0 1 
vn 0 0 1 
vn 0 0 1 
vn 0 0 1 
vn 0 1 0 
vn 0 1 0 
vn 0 1 0 
vn 0 1 0 
vn -1 0 0 
vn -1 0 0 
vn -1 0 0 
vn -1 0 0 
vn 0 0 -1 
vn 0 0 -1 
vn 0 0 -1 
vn 0 0 -1 
vn 0 -1 0 
vn 0 -1 0 
vn 0 -1 0 
vn 0 -1 0 
vn 1 0 0 
vn 1 0 0 
vn 1 0 0 
vn 1 0 0 

vt 6.8125 0.75 
vt 6.75 0.75 
vt 6.8125 -1.125 
vt 6.75 -1.125 
vt 9.5 0.75 
vt 6.75 0.75 
vt 9.5 0.6875 
vt 6.75 0.6875 
vt 9.5 0.75 
vt 6.75 0.75 
vt 9.5 -1.125 
vt 6.75 -1.125 
vt 6.8125 0.75 
vt 6.75 0.75 
vt 6.8125 -1.125 
vt 6.75 -1.125 
vt 9.5 0.75 
vt 6.75 0.75 
vt 9.5 0.6875 
vt 6.75 0.6875 
vt 9.5 0.75 
vt 6.75 0.75 
vt 9.5 -1.125 
vt 6.75 -1.125 

usemtl Window1Mtl

f 475/475/475 476/476/476 477/477/477 
f 477/477/477 476/476/476 478/478/478 
f 479/479/479 480/480/480 481/481/481 
f 481/481/481 480/480/480 482/482/482 
f 483/483/483 484/484/484 485/485/485 
f 485/485/485 484/484/484 486/486/486 
f 487/487/487 488/488/488 489/489/489 
f 489/489/489 488/488/488 490/490/490 
f 491/491/491 492/492/492 493/493/493 
f 493/493/493 492/492/492 494/494/494 
f 495/495/495 496/496/496 497/497/497 
f 497/497/497 496/496/496 498/498/498 

g Window17

v -517.804 191.002 -152.247 
v -518.237 191.002 -152.497 
v -517.805 176.002 -152.247 
v -518.238 176.002 -152.497 
v -507.237 191.003 -171.549 
v -518.237 191.002 -152.497 
v -506.804 191.003 -171.299 
v -517.804 191.002 -152.247 
v -518.237 191.002 -152.497 
v -507.237 191.003 -171.549 
v -518.238 176.002 -152.497 
v -507.238 176.003 -171.55 
v -507.237 191.003 -171.549 
v -506.804 191.003 -171.299 
v -507.238 176.003 -171.55 
v -506.805 176.003 -171.3 
v -506.805 176.003 -171.3 
v -517.805 176.002 -152.247 
v -507.238 176.003 -171.55 
v -518.238 176.002 -152.497 
v -506.804 191.003 -171.299 
v -517.804 191.002 -152.247 
v -506.805 176.003 -171.3 
v -517.805 176.002 -152.247 

vn -0.503937 0 0.866142 
vn -0.503937 0 0.866142 
vn -0.503937 0 0.866142 
vn -0.503937 0 0.866142 
vn 0 1 0 
vn 0 1 0 
vn 0 1 0 
vn 0 1 0 
vn -0.866142 0 -0.503937 
vn -0.866142 0 -0.503937 
vn -0.866142 0 -0.503937 
vn -0.866142 0 -0.503937 
vn 0.503937 0 -0.866142 
vn 0.503937 0 -0.866142 
vn 0.503937 0 -0.866142 
vn 0.503937 0 -0.866142 
vn 0 -1 0 
vn 0 -1 0 
vn 0 -1 0 
vn 0 -1 0 
vn 0.866142 0 0.503937 
vn 0.866142 0 0.503937 
vn 0.866142 0 0.503937 
vn 0.866142 0 0.503937 

vt 2.5625 -1.75 
vt 2.5 -1.75 
vt 2.5625 -3.625 
vt 2.5 -3.625 
vt 5.25 -1.75 
vt 2.5 -1.75 
vt 5.25 -1.8125 
vt 2.5 -1.8125 
vt 5.25 -1.75 
vt 2.5 -1.75 
vt 5.25 -3.625 
vt 2.5 -3.625 
vt 2.5625 -1.75 
vt 2.5 -1.75 
vt 2.5625 -3.625 
vt 2.5 -3.625 
vt 5.25 -1.75 
vt 2.5 -1.75 
vt 5.25 -1.8125 
vt 2.5 -1.8125 
vt 5.25 -1.75 
vt 2.5 -1.75 
vt 5.25 -3.625 
vt 2.5 -3.625 

usemtl Window1Mtl

f 499/499/499 500/500/500 501/501/501 
f 501/501/501 500/500/500 502/502/502 
f 503/503/503 504/504/504 505/505/505 
f 505/505/505 504/504/504 506/506/506 
f 507/507/507 508/508/508 509/509/509 
f 509/509/509 508/508/508 510/510/510 
f 511/511/511 512/512/512 513/513/513 
f 513/513/513 512/512/512 514/514/514 
f 515/515/515 516/516/516 517/517/517 
f 517/517/517 516/516/516 518/518/518 
f 519/519/519 520/520/520 521/521/521 
f 521/521/521 520/520/520 522/522/522 

g Window18

v -499.302 191.003 -178.802 
v -499.552 191.003 -179.235 
v -499.303 176.003 -178.803 
v -499.553 176.003 -179.236 
v -480.5 191.003 -190.235 
v -499.552 191.003 -179.235 
v -480.25 191.003 -189.802 
v -499.302 191.003 -178.802 
v -499.552 191.003 -179.235 
v -480.5 191.003 -190.235 
v -499.553 176.003 -179.236 
v -480.501 176.003 -190.236 
v -480.5 191.003 -190.235 
v -480.25 191.003 -189.802 
v -480.501 176.003 -190.236 
v -480.251 176.003 -189.803 
v -480.251 176.003 -189.803 
v -499.303 176.003 -178.803 
v -480.501 176.003 -190.236 
v -499.553 176.003 -179.236 
v -480.25 191.003 -189.802 
v -499.302 191.003 -178.802 
v -480.251 176.003 -189.803 
v -499.303 176.003 -178.803 

vn -0.866142 0 0.503937 
vn -0.866142 0 0.503937 
vn -0.866142 0 0.503937 
vn -0.866142 0 0.503937 
vn 0 1 0 
vn 0 1 0 
vn 0 1 0 
vn 0 1 0 
vn -0.503937 0 -0.866142 
vn -0.503937 0 -0.866142 
vn -0.503937 0 -0.866142 
vn -0.503937 0 -0.866142 
vn 0.866142 0 -0.503937 
vn 0.866142 0 -0.503937 
vn 0.866142 0 -0.503937 
vn 0.866142 0 -0.503937 
vn 0 -1 0 
vn 0 -1 0 
vn 0 -1 0 
vn 0 -1 0 
vn 0.503937 0 0.866142 
vn 0.503937 0 0.866142 
vn 0.503937 0 0.866142 
vn 0.503937 0 0.866142 

vt 0.8125 -4.75 
vt 0.75 -4.75 
vt 0.8125 -6.625 
vt 0.75 -6.625 
vt 3.5 -4.75 
vt 0.75 -4.75 
vt 3.5 -4.8125 
vt 0.75 -4.8125 
vt 3.5 -4.75 
vt 0.75 -4.75 
vt 3.5 -6.625 
vt 0.75 -6.625 
vt 0.8125 -4.75 
vt 0.75 -4.75 
vt 0.8125 -6.625 
vt 0.75 -6.625 
vt 3.5 -4.75 
vt 0.75 -4.75 
vt 3.5 -4.8125 
vt 0.75 -4.8125 
vt 3.5 -4.75 
vt 0.75 -4.75 
vt 3.5 -6.625 
vt 0.75 -6.625 

usemtl Window1Mtl

f 523/523/523 524/524/524 525/525/525 
f 525/525/525 524/524/524 526/526/526 
f 527/527/527 528/528/528 529/529/529 
f 529/529/529 528/528/528 530/530/530 
f 531/531/531 532/532/532 533/533/533 
f 533/533/533 532/532/532 534/534/534 
f 535/535/535 536/536/536 537/537/537 
f 537/537/537 536/536/536 538/538/538 
f 539/539/539 540/540/540 541/541/541 
f 541/541/541 540/540/540 542/542/542 
f 543/543/543 544/544/544 545/545/545 
f 545/545/545 544/544/544 546/546/546 

g Window19

v -470.001 191.004 -192.549 
v -470.001 191.004 -193.049 
v -470.002 176.004 -192.55 
v -470.002 176.004 -193.05 
v -448.001 191.003 -193.05 
v -470.001 191.004 -193.049 
v -448.001 191.003 -192.55 
v -470.001 191.004 -192.549 
v -470.001 191.004 -193.049 
v -448.001 191.003 -193.05 
v -470.002 176.004 -193.05 
v -448.002 176.003 -193.051 
v -448.001 191.003 -193.05 
v -448.001 191.003 -192.55 
v -448.002 176.003 -193.051 
v -448.002 176.003 -192.551 
v -448.002 176.003 -192.551 
v -470.002 176.004 -192.55 
v -448.002 176.003 -193.051 
v -470.002 176.004 -193.05 
v -448.001 191.003 -192.55 
v -470.001 191.004 -192.549 
v -448.002 176.003 -192.551 
v -470.002 176.004 -192.55 

vn -1 0 0 
vn -1 0 0 
vn -1 0 0 
vn -1 0 0 
vn 0 1 0 
vn 0 1 0 
vn 0 1 0 
vn 0 1 0 
vn 0 0 -1 
vn 0 0 -1 
vn 0 0 -1 
vn 0 0 -1 
vn 1 0 0 
vn 1 0 0 
vn 1 0 0 
vn 1 0 0 
vn 0 -1 0 
vn 0 -1 0 
vn 0 -1 0 
vn 0 -1 0 
vn 0 0 1 
vn 0 0 1 
vn 0 0 1 
vn 0 0 1 

vt 2.8125 -3.5 
vt 2.75 -3.5 
vt 2.8125 -5.375 
vt 2.75 -5.375 
vt 5.5 -3.5 
vt 2.75 -3.5 
vt 5.5 -3.5625 
vt 2.75 -3.5625 
vt 5.5 -3.5 
vt 2.75 -3.5 
vt 5.5 -5.375 
vt 2.75 -5.375 
vt 2.8125 -3.5 
vt 2.75 -3.5 
vt 2.8125 -5.375 
vt 2.75 -5.375 
vt 5.5 -3.5 
vt 2.75 -3.5 
vt 5.5 -3.5625 
vt 2.75 -3.5625 
vt 5.5 -3.5 
vt 2.75 -3.5 
vt 5.5 -5.375 
vt 2.75 -5.375 

usemtl Window1Mtl

f 547/547/547 548/548/548 549/549/549 
f 549/549/549 548/548/548 550/550/550 
f 551/551/551 552/552/552 553/553/553 
f 553/553/553 552/552/552 554/554/554 
f 555/555/555 556/556/556 557/557/557 
f 557/557/557 556/556/556 558/558/558 
f 559/559/559 560/560/560 561/561/561 
f 561/561/561 560/560/560 562/562/562 
f 563/563/563 564/564/564 565/565/565 
f 565/565/565 564/564/564 566/566/566 
f 567/567/567 568/568/568 569/569/569 
f 569/569/569 568/568/568 570/570/570 

g Window20

v -437.752 191.003 -189.804 
v -437.502 191.003 -190.237 
v -437.753 176.003 -189.805 
v -437.503 176.003 -190.238 
v -418.45 191.002 -179.237 
v -437.502 191.003 -190.237 
v -418.7 191.002 -178.804 
v -437.752 191.003 -189.804 
v -437.502 191.003 -190.237 
v -418.45 191.002 -179.237 
v -437.503 176.003 -190.238 
v -418.45 176.002 -179.239 
v -418.45 191.002 -179.237 
v -418.7 191.002 -178.804 
v -418.45 176.002 -179.239 
v -418.7 176.002 -178.806 
v -418.7 176.002 -178.806 
v -437.753 176.003 -189.805 
v -418.45 176.002 -179.239 
v -437.503 176.003 -190.238 
v -418.7 191.002 -178.804 
v -437.752 191.003 -189.804 
v -418.7 176.002 -178.806 
v -437.753 176.003 -189.805 

vn -0.866142 0 -0.496063 
vn -0.866142 0 -0.496063 
vn -0.866142 0 -0.496063 
vn -0.866142 0 -0.496063 
vn 0 1 0 
vn 0 1 0 
vn 0 1 0 
vn 0 1 0 
vn 0.496063 0 -0.866142 
vn 0.496063 0 -0.866142 
vn 0.496063 0 -0.866142 
vn 0.496063 0 -0.866142 
vn 0.866142 0 0.496063 
vn 0.866142 0 0.496063 
vn 0.866142 0 0.496063 
vn 0.866142 0 0.496063 
vn 0 -1 0 
vn 0 -1 0 
vn 0 -1 0 
vn 0 -1 0 
vn -0.496063 0 0.866142 
vn -0.496063 0 0.866142 
vn -0.496063 0 0.866142 
vn -0.496063 0 0.866142 

vt 1.8125 -1 
vt 1.75 -1 
vt 1.8125 -2.875 
vt 1.75 -2.875 
vt 4.5 -1 
vt 1.75 -1 
vt 4.5 -1.0625 
vt 1.75 -1.0625 
vt 4.5 -1 
vt 1.75 -1 
vt 4.5 -2.875 
vt 1.75 -2.875 
vt 1.8125 -1 
vt 1.75 -1 
vt 1.8125 -2.875 
vt 1.75 -2.875 
vt 4.5 -1 
vt 1.75 -1 
vt 4.5 -1.0625 
vt 1.75 -1.0625 
vt 4.5 -1 
vt 1.75 -1 
vt 4.5 -2.875 
vt 1.75 -2.875 

usemtl Window1Mtl

f 571/571/571 572/572/572 573/573/573 
f 573/573/573 572/572/572 574/574/574 
f 575/575/575 576/576/576 577/577/577 
f 577/577/577 576/576/576 578/578/578 
f 579/579/579 580/580/580 581/581/581 
f 581/581/581 580/580/580 582/582/582 
f 583/583/583 584/584/584 585/585/585 
f 585/585/585 584/584/584 586/586/586 
f 587/587/587 588/588/588 589/589/589 
f 589/589/589 588/588/588 590/590/590 
f 591/591/591 592/592/592 593/593/593 
f 593/593/593 592/592/592 594/594/594 

g Window21

v -411.197 191.001 -171.303 
v -410.764 191.001 -171.553 
v -411.196 176.001 -171.303 
v -410.763 176.001 -171.553 
v -399.764 191.001 -152.5 
v -410.764 191.001 -171.553 
v -400.197 191.001 -152.25 
v -411.197 191.001 -171.303 
v -410.764 191.001 -171.553 
v -399.764 191.001 -152.5 
v -410.763 176.001 -171.553 
v -399.764 176.001 -152.5 
v -399.764 191.001 -152.5 
v -400.197 191.001 -152.25 
v -399.764 176.001 -152.5 
v -400.197 176.001 -152.25 
v -400.197 176.001 -152.25 
v -411.196 176.001 -171.303 
v -399.764 176.001 -152.5 
v -410.763 176.001 -171.553 
v -400.197 191.001 -152.25 
v -411.197 191.001 -171.303 
v -400.197 176.001 -152.25 
v -411.196 176.001 -171.303 

vn -0.496063 0 -0.866142 
vn -0.496063 0 -0.866142 
vn -0.496063 0 -0.866142 
vn -0.496063 0 -0.866142 
vn 0 1 0 
vn 0 1 0 
vn 0 1 0 
vn 0 1 0 
vn 0.866142 0 -0.496063 
vn 0.866142 0 -0.496063 
vn 0.866142 0 -0.496063 
vn 0.866142 0 -0.496063 
vn 0.496063 0 0.866142 
vn 0.496063 0 0.866142 
vn 0.496063 0 0.866142 
vn 0.496063 0 0.866142 
vn 0 -1 0 
vn 0 -1 0 
vn 0 -1 0 
vn 0 -1 0 
vn -0.866142 0 0.496063 
vn -0.866142 0 0.496063 
vn -0.866142 0 0.496063 
vn -0.866142 0 0.496063 

vt 5.5625 -1 
vt 5.5 -1 
vt 5.5625 -2.875 
vt 5.5 -2.875 
vt 8.25 -1 
vt 5.5 -1 
vt 8.25 -1.0625 
vt 5.5 -1.0625 
vt 8.25 -1 
vt 5.5 -1 
vt 8.25 -2.875 
vt 5.5 -2.875 
vt 5.5625 -1 
vt 5.5 -1 
vt 5.5625 -2.875 
vt 5.5 -2.875 
vt 8.25 -1 
vt 5.5 -1 
vt 8.25 -1.0625 
vt 5.5 -1.0625 
vt 8.25 -1 
vt 5.5 -1 
vt 8.25 -2.875 
vt 5.5 -2.875 

usemtl Window1Mtl

f 595/595/595 596/596/596 597/597/597 
f 597/597/597 596/596/596 598/598/598 
f 599/599/599 600/600/600 601/601/601 
f 601/601/601 600/600/600 602/602/602 
f 603/603/603 604/604/604 605/605/605 
f 605/605/605 604/604/604 606/606/606 
f 607/607/607 608/608/608 609/609/609 
f 609/609/609 608/608/608 610/610/610 
f 611/611/611 612/612/612 613/613/613 
f 613/613/613 612/612/612 614/614/614 
f 615/615/615 616/616/616 617/617/617 
f 617/617/617 616/616/616 618/618/618 

g Window22

v -397.449 191 -142.002 
v -396.949 191 -142.002 
v -397.449 176 -142.002 
v -396.949 176 -142.002 
v -396.949 191 -120.002 
v -396.949 191 -142.002 
v -397.449 191 -120.002 
v -397.449 191 -142.002 
v -396.949 191 -142.002 
v -396.949 191 -120.002 
v -396.949 176 -142.002 
v -396.949 176 -120.002 
v -396.949 191 -120.002 
v -397.449 191 -120.002 
v -396.949 176 -120.002 
v -397.449 176 -120.002 
v -397.449 176 -120.002 
v -397.449 176 -142.002 
v -396.949 176 -120.002 
v -396.949 176 -142.002 
v -397.449 191 -120.002 
v -397.449 191 -142.002 
v -397.449 176 -120.002 
v -397.449 176 -142.002 

vn 0 0 -1 
vn 0 0 -1 
vn 0 0 -1 
vn 0 0 -1 
vn 0 1 0 
vn 0 1 0 
vn 0 1 0 
vn 0 1 0 
vn 1 0 0 
vn 1 0 0 
vn 1 0 0 
vn 1 0 0 
vn 0 0 1 
vn 0 0 1 
vn 0 0 1 
vn 0 0 1 
vn 0 -1 0 
vn 0 -1 0 
vn 0 -1 0 
vn 0 -1 0 
vn -1 0 0 
vn -1 0 0 
vn -1 0 0 
vn -1 0 0 

vt 2.8125 -6.75 
vt 2.75 -6.75 
vt 2.8125 -8.625 
vt 2.75 -8.625 
vt 5.5 -6.75 
vt 2.75 -6.75 
vt 5.5 -6.8125 
vt 2.75 -6.8125 
vt 5.5 -6.75 
vt 2.75 -6.75 
vt 5.5 -8.625 
vt 2.75 -8.625 
vt 2.8125 -6.75 
vt 2.75 -6.75 
vt 2.8125 -8.625 
vt 2.75 -8.625 
vt 5.5 -6.75 
vt 2.75 -6.75 
vt 5.5 -6.8125 
vt 2.75 -6.8125 
vt 5.5 -6.75 
vt 2.75 -6.75 
vt 5.5 -8.625 
vt 2.75 -8.625 

usemtl Window1Mtl

f 619/619/619 620/620/620 621/621/621 
f 621/621/621 620/620/620 622/622/622 
f 623/623/623 624/624/624 625/625/625 
f 625/625/625 624/624/624 626/626/626 
f 627/627/627 628/628/628 629/629/629 
f 629/629/629 628/628/628 630/630/630 
f 631/631/631 632/632/632 633/633/633 
f 633/633/633 632/632/632 634/634/634 
f 635/635/635 636/636/636 637/637/637 
f 637/637/637 636/636/636 638/638/638 
f 639/639/639 640/640/640 641/641/641 
f 641/641/641 640/640/640 642/642/642 

g Window23

v -400.195 190.999 -109.753 
v -399.762 190.999 -109.503 
v -400.195 175.999 -109.753 
v -399.762 175.999 -109.503 
v -410.762 190.999 -90.4504 
v -399.762 190.999 -109.503 
v -411.195 190.999 -90.7004 
v -400.195 190.999 -109.753 
v -399.762 190.999 -109.503 
v -410.762 190.999 -90.4504 
v -399.762 175.999 -109.503 
v -410.762 175.999 -90.4504 
v -410.762 190.999 -90.4504 
v -411.195 190.999 -90.7004 
v -410.762 175.999 -90.4504 
v -411.195 175.999 -90.7004 
v -411.195 175.999 -90.7004 
v -400.195 175.999 -109.753 
v -410.762 175.999 -90.4504 
v -399.762 175.999 -109.503 
v -411.195 190.999 -90.7004 
v -400.195 190.999 -109.753 
v -411.195 175.999 -90.7004 
v -400.195 175.999 -109.753 

vn 0.496063 0 -0.866142 
vn 0.496063 0 -0.866142 
vn 0.496063 0 -0.866142 
vn 0.496063 0 -0.866142 
vn 0 1 0 
vn 0 1 0 
vn 0 1 0 
vn 0 1 0 
vn 0.866142 0 0.496063 
vn 0.866142 0 0.496063 
vn 0.866142 0 0.496063 
vn 0.866142 0 0.496063 
vn -0.496063 0 0.866142 
vn -0.496063 0 0.866142 
vn -0.496063 0 0.866142 
vn -0.496063 0 0.866142 
vn 0 -1 0 
vn 0 -1 0 
vn 0 -1 0 
vn 0 -1 0 
vn -0.866142 0 -0.496063 
vn -0.866142 0 -0.496063 
vn -0.866142 0 -0.496063 
vn -0.866142 0 -0.496063 

vt 7.3125 -2 
vt 7.25 -2 
vt 7.3125 -3.875 
vt 7.25 -3.875 
vt 10 -2 
vt 7.25 -2 
vt 10 -2.0625 
vt 7.25 -2.0625 
vt 10 -2 
vt 7.25 -2 
vt 10 -3.875 
vt 7.25 -3.875 
vt 7.3125 -2 
vt 7.25 -2 
vt 7.3125 -3.875 
vt 7.25 -3.875 
vt 10 -2 
vt 7.25 -2 
vt 10 -2.0625 
vt 7.25 -2.0625 
vt 10 -2 
vt 7.25 -2 
vt 10 -3.875 
vt 7.25 -3.875 

usemtl Window1Mtl

f 643/643/643 644/644/644 645/645/645 
f 645/645/645 644/644/644 646/646/646 
f 647/647/647 648/648/648 649/649/649 
f 649/649/649 648/648/648 650/650/650 
f 651/651/651 652/652/652 653/653/653 
f 653/653/653 652/652/652 654/654/654 
f 655/655/655 656/656/656 657/657/657 
f 657/657/657 656/656/656 658/658/658 
f 659/659/659 660/660/660 661/661/661 
f 661/661/661 660/660/660 662/662/662 
f 663/663/663 664/664/664 665/665/665 
f 665/665/665 664/664/664 666/666/666 

g Window24

v -397.447 190.999 -120.203 
v -396.964 190.999 -120.074 
v -397.447 175.999 -120.203 
v -396.964 175.999 -120.074 
v -399.811 190.999 -109.448 
v -396.964 190.999 -120.074 
v -400.294 190.999 -109.578 
v -397.447 190.999 -120.203 
v -396.964 190.999 -120.074 
v -399.811 190.999 -109.448 
v -396.964 175.999 -120.074 
v -399.811 175.999 -109.448 
v -399.811 190.999 -109.448 
v -400.294 190.999 -109.578 
v -399.811 175.999 -109.448 
v -400.294 175.999 -109.578 
v -400.294 175.999 -109.578 
v -397.447 175.999 -120.203 
v -399.811 175.999 -109.448 
v -396.964 175.999 -120.074 
v -400.294 190.999 -109.578 
v -397.447 190.999 -120.203 
v -400.294 175.999 -109.578 
v -397.447 175.999 -120.203 

vn 0.259843 0 -0.968504 
vn 0.259843 0 -0.968504 
vn 0.259843 0 -0.968504 
vn 0.259843 0 -0.968504 
vn 0 1 0 
vn 0 1 0 
vn 0 1 0 
vn 0 1 0 
vn 0.968504 0 0.259843 
vn 0.968504 0 0.259843 
vn 0.968504 0 0.259843 
vn 0.968504 0 0.259843 
vn -0.259843 0 0.968504 
vn -0.259843 0 0.968504 
vn -0.259843 0 0.968504 
vn -0.259843 0 0.968504 
vn 0 -1 0 
vn 0 -1 0 
vn 0 -1 0 
vn 0 -1 0 
vn -0.968504 0 -0.259843 
vn -0.968504 0 -0.259843 
vn -0.968504 0 -0.259843 
vn -0.968504 0 -0.259843 

vt 5.3125 -4.5 
vt 5.25 -4.5 
vt 5.3125 -6.375 
vt 5.25 -6.375 
vt 6.625 -4.5 
vt 5.25 -4.5 
vt 6.625 -4.5625 
vt 5.25 -4.5625 
vt 6.625 -4.5 
vt 5.25 -4.5 
vt 6.625 -6.375 
vt 5.25 -6.375 
vt 5.3125 -4.5 
vt 5.25 -4.5 
vt 5.3125 -6.375 
vt 5.25 -6.375 
vt 6.625 -4.5 
vt 5.25 -4.5 
vt 6.625 -4.5625 
vt 5.25 -4.5625 
vt 6.625 -4.5 
vt 5.25 -4.5 
vt 6.625 -6.375 
vt 5.25 -6.375 

usemtl Window1Mtl

f 667/667/667 668/668/668 669/669/669 
f 669/669/669 668/668/668 670/670/670 
f 671/671/671 672/672/672 673/673/673 
f 673/673/673 672/672/672 674/674/674 
f 675/675/675 676/676/676 677/677/677 
f 677/677/677 676/676/676 678/678/678 
f 679/679/679 680/680/680 681/681/681 
f 681/681/681 680/680/680 682/682/682 
f 683/683/683 684/684/684 685/685/685 
f 685/685/685 684/684/684 686/686/686 
f 687/687/687 688/688/688 689/689/689 
f 689/689/689 688/688/688 690/690/690 

g Bottomwedge1

v -472.763 163.502 -143.838 
v -472.763 163.502 -143.838 
v -494.765 175.503 -181.942 
v -472.763 175.502 -143.838 
v -472.763 163.502 -143.838 
v -463.237 163.502 -149.339 
v -472.763 175.502 -143.838 
v -463.237 175.502 -149.339 
v -463.237 163.502 -149.339 
v -463.237 163.502 -149.339 
v -463.237 175.502 -149.339 
v -485.239 175.502 -187.443 
v -485.239 175.502 -187.443 
v -494.765 175.503 -181.942 
v -463.237 175.502 -149.339 
v -472.763 175.502 -143.838 
v -463.237 163.502 -149.339 
v -472.763 163.502 -143.838 
v -485.239 175.502 -187.443 
v -494.765 175.503 -181.942 

vn -0.866142 0 0.503937 
vn -0.866142 0 0.503937 
vn -0.866142 0 0.503937 
vn -0.866142 0 0.503937 
vn 0.503937 0 0.866142 
vn 0.503937 0 0.866142 
vn 0.503937 0 0.866142 
vn 0.503937 0 0.866142 
vn 0.866142 0 -0.503937 
vn 0.866142 0 -0.503937 
vn 0.866142 0 -0.503937 
vn 0.866142 0 -0.503937 
vn 0 1 0 
vn 0 1 0 
vn 0 1 0 
vn 0 1 0 
vn -0.133858 -0.968504 -0.228346 
vn -0.133858 -0.968504 -0.228346 
vn -0.133858 -0.968504 -0.228346 
vn -0.133858 -0.968504 -0.228346 

vt 7.25 0.25 
vt 7.25 0.25 
vt 12.75 -1.25 
vt 7.25 -1.25 
vt 8.625 0.25 
vt 7.25 0.25 
vt 8.625 -1.25 
vt 7.25 -1.25 
vt 12.75 0.25 
vt 12.75 0.25 
vt 12.75 -1.25 
vt 7.25 -1.25 
vt 8.625 0.25 
vt 7.25 0.25 
vt 8.625 -5.25 
vt 7.25 -5.25 
vt 8.625 0.25 
vt 7.25 0.25 
vt 8.625 -5.45088 
vt 7.25 -5.45088 

usemtl Part1Mtl

f 691/691/691 692/692/692 693/693/693 
f 693/693/693 692/692/692 694/694/694 
f 695/695/695 696/696/696 697/697/697 
f 697/697/697 696/696/696 698/698/698 
f 699/699/699 700/700/700 701/701/701 
f 701/701/701 700/700/700 702/702/702 
f 703/703/703 704/704/704 705/705/705 
f 705/705/705 704/704/704 706/706/706 
f 707/707/707 708/708/708 709/709/709 
f 709/709/709 708/708/708 710/710/710 

g Bottomwedge2

v -464.5 163.502 -149 
v -464.5 163.502 -149 
v -464.503 175.503 -193 
v -464.499 175.502 -149 
v -464.5 163.502 -149 
v -453.5 163.502 -149.001 
v -464.499 175.502 -149 
v -453.499 175.502 -149.001 
v -453.5 163.502 -149.001 
v -453.5 163.502 -149.001 
v -453.499 175.502 -149.001 
v -453.503 175.502 -193.001 
v -453.503 175.502 -193.001 
v -464.503 175.503 -193 
v -453.499 175.502 -149.001 
v -464.499 175.502 -149 
v -453.5 163.502 -149.001 
v -464.5 163.502 -149 
v -453.503 175.502 -193.001 
v -464.503 175.503 -193 

vn -1 0 0 
vn -1 0 0 
vn -1 0 0 
vn -1 0 0 
vn 0 0 1 
vn 0 0 1 
vn 0 0 1 
vn 0 0 1 
vn 1 0 0 
vn 1 0 0 
vn 1 0 0 
vn 1 0 0 
vn 0 1 0 
vn 0 1 0 
vn 0 1 0 
vn 0 1 0 
vn 0 -0.968504 -0.259843 
vn 0 -0.968504 -0.259843 
vn 0 -0.968504 -0.259843 
vn 0 -0.968504 -0.259843 

vt 2 -2.5 
vt 2 -2.5 
vt 7.5 -4 
vt 2 -4 
vt 3.375 -2.5 
vt 2 -2.5 
vt 3.375 -4 
vt 2 -4 
vt 7.5 -2.5 
vt 7.5 -2.5 
vt 7.5 -4 
vt 2 -4 
vt 3.375 -2.5 
vt 2 -2.5 
vt 3.375 -8 
vt 2 -8 
vt 3.375 -2.5 
vt 2 -2.5 
vt 3.375 -8.20088 
vt 2 -8.20088 

usemtl Part1Mtl

f 711/711/711 712/712/712 713/713/713 
f 713/713/713 712/712/712 714/714/714 
f 715/715/715 716/716/716 717/717/717 
f 717/717/717 716/716/716 718/718/718 
f 719/719/719 720/720/720 721/721/721 
f 721/721/721 720/720/720 722/722/722 
f 723/723/723 724/724/724 725/725/725 
f 725/725/725 724/724/724 726/726/726 
f 727/727/727 728/728/728 729/729/729 
f 729/729/729 728/728/728 730/730/730 

g Bottomwedge3

v -454.764 163.502 -149.339 
v -454.764 163.502 -149.339 
v -432.765 175.502 -187.445 
v -454.763 175.502 -149.339 
v -454.764 163.502 -149.339 
v -445.237 163.502 -143.839 
v -454.763 175.502 -149.339 
v -445.237 175.502 -143.839 
v -445.237 163.502 -143.839 
v -445.237 163.502 -143.839 
v -445.237 175.502 -143.839 
v -423.238 175.501 -181.945 
v -423.238 175.501 -181.945 
v -432.765 175.502 -187.445 
v -445.237 175.502 -143.839 
v -454.763 175.502 -149.339 
v -445.237 163.502 -143.839 
v -454.764 163.502 -149.339 
v -423.238 175.501 -181.945 
v -432.765 175.502 -187.445 

vn -0.866142 0 -0.496063 
vn -0.866142 0 -0.496063 
vn -0.866142 0 -0.496063 
vn -0.866142 0 -0.496063 
vn -0.496063 0 0.866142 
vn -0.496063 0 0.866142 
vn -0.496063 0 0.866142 
vn -0.496063 0 0.866142 
vn 0.866142 0 0.496063 
vn 0.866142 0 0.496063 
vn 0.866142 0 0.496063 
vn 0.866142 0 0.496063 
vn 0 1 0 
vn 0 1 0 
vn 0 1 0 
vn 0 1 0 
vn 0.133858 -0.968504 -0.228346 
vn 0.133858 -0.968504 -0.228346 
vn 0.133858 -0.968504 -0.228346 
vn 0.133858 -0.968504 -0.228346 

vt 5.5 -3.5 
vt 5.5 -3.5 
vt 11 -5 
vt 5.5 -5 
vt 6.875 -3.5 
vt 5.5 -3.5 
vt 6.875 -5 
vt 5.5 -5 
vt 11 -3.5 
vt 11 -3.5 
vt 11 -5 
vt 5.5 -5 
vt 6.875 -3.5 
vt 5.5 -3.5 
vt 6.875 -9 
vt 5.5 -9 
vt 6.875 -3.5 
vt 5.5 -3.5 
vt 6.875 -9.20088 
vt 5.5 -9.20088 

usemtl Part1Mtl

f 731/731/731 732/732/732 733/733/733 
f 733/733/733 732/732/732 734/734/734 
f 735/735/735 736/736/736 737/737/737 
f 737/737/737 736/736/736 738/738/738 
f 739/739/739 740/740/740 741/741/741 
f 741/741/741 740/740/740 742/742/742 
f 743/743/743 744/744/744 745/745/745 
f 745/745/745 744/744/744 746/746/746 
f 747/747/747 748/748/748 749/749/749 
f 749/749/749 748/748/748 750/750/750 

g Bottomwedge4

v -446.162 163.502 -144.763 
v -446.162 163.502 -144.763 
v -408.058 175.501 -166.766 
v -446.161 175.502 -144.763 
v -446.162 163.502 -144.763 
v -440.661 163.502 -135.237 
v -446.161 175.502 -144.763 
v -440.661 175.502 -135.237 
v -440.661 163.502 -135.237 
v -440.661 163.502 -135.237 
v -440.661 175.502 -135.237 
v -402.557 175.5 -157.24 
v -402.557 175.5 -157.24 
v -408.058 175.501 -166.766 
v -440.661 175.502 -135.237 
v -446.161 175.502 -144.763 
v -440.661 163.502 -135.237 
v -446.162 163.502 -144.763 
v -402.557 175.5 -157.24 
v -408.058 175.501 -166.766 

vn -0.503937 0 -0.866142 
vn -0.503937 0 -0.866142 
vn -0.503937 0 -0.866142 
vn -0.503937 0 -0.866142 
vn -0.866142 0 0.503937 
vn -0.866142 0 0.503937 
vn -0.866142 0 0.503937 
vn -0.866142 0 0.503937 
vn 0.503937 0 0.866142 
vn 0.503937 0 0.866142 
vn 0.503937 0 0.866142 
vn 0.503937 0 0.866142 
vn 0 1 0 
vn 0 1 0 
vn 0 1 0 
vn 0 1 0 
vn 0.228346 -0.968504 -0.133858 
vn 0.228346 -0.968504 -0.133858 
vn 0.228346 -0.968504 -0.133858 
vn 0.228346 -0.968504 -0.133858 

vt 1.25 -1.25 
vt 1.25 -1.25 
vt 6.75 -2.75 
vt 1.25 -2.75 
vt 2.625 -1.25 
vt 1.25 -1.25 
vt 2.625 -2.75 
vt 1.25 -2.75 
vt 6.75 -1.25 
vt 6.75 -1.25 
vt 6.75 -2.75 
vt 1.25 -2.75 
vt 2.625 -1.25 
vt 1.25 -1.25 
vt 2.625 -6.75 
vt 1.25 -6.75 
vt 2.625 -1.25 
vt 1.25 -1.25 
vt 2.625 -6.95088 
vt 1.25 -6.95088 

usemtl Part1Mtl

f 751/751/751 752/752/752 753/753/753 
f 753/753/753 752/752/752 754/754/754 
f 755/755/755 756/756/756 757/757/757 
f 757/757/757 756/756/756 758/758/758 
f 759/759/759 760/760/760 761/761/761 
f 761/761/761 760/760/760 762/762/762 
f 763/763/763 764/764/764 765/765/765 
f 765/765/765 764/764/764 766/766/766 
f 767/767/767 768/768/768 769/769/769 
f 769/769/769 768/768/768 770/770/770 

g Bottomwedge5

v -441 163.5 -136.502 
v -441 163.5 -136.502 
v -397 175.501 -136.502 
v -441 175.5 -136.501 
v -441 163.5 -136.502 
v -440.999 163.499 -125.502 
v -441 175.5 -136.501 
v -441 175.499 -125.501 
v -440.999 163.499 -125.502 
v -440.999 163.499 -125.502 
v -441 175.499 -125.501 
v -397 175.501 -125.502 
v -397 175.501 -125.502 
v -397 175.501 -136.502 
v -441 175.499 -125.501 
v -441 175.5 -136.501 
v -440.999 163.499 -125.502 
v -441 163.5 -136.502 
v -397 175.501 -125.502 
v -397 175.501 -136.502 

vn 0 0 -1 
vn 0 0 -1 
vn 0 0 -1 
vn 0 0 -1 
vn -1 0 0 
vn -1 0 0 
vn -1 0 0 
vn -1 0 0 
vn 0 0 1 
vn 0 0 1 
vn 0 0 1 
vn 0 0 1 
vn 0 1 0 
vn 0 1 0 
vn 0 1 0 
vn 0 1 0 
vn 0.259843 -0.968504 0 
vn 0.259843 -0.968504 0 
vn 0.259843 -0.968504 0 
vn 0.259843 -0.968504 0 

vt 4 -4.75 
vt 4 -4.75 
vt 9.5 -6.25 
vt 4 -6.25 
vt 5.375 -4.75 
vt 4 -4.75 
vt 5.375 -6.25 
vt 4 -6.25 
vt 9.5 -4.75 
vt 9.5 -4.75 
vt 9.5 -6.25 
vt 4 -6.25 
vt 5.375 -4.75 
vt 4 -4.75 
vt 5.375 -10.25 
vt 4 -10.25 
vt 5.375 -4.75 
vt 4 -4.75 
vt 5.375 -10.4509 
vt 4 -10.4509 

usemtl Part1Mtl

f 771/771/771 772/772/772 773/773/773 
f 773/773/773 772/772/772 774/774/774 
f 775/775/775 776/776/776 777/777/777 
f 777/777/777 776/776/776 778/778/778 
f 779/779/779 780/780/780 781/781/781 
f 781/781/781 780/780/780 782/782/782 
f 783/783/783 784/784/784 785/785/785 
f 785/785/785 784/784/784 786/786/786 
f 787/787/787 788/788/788 789/789/789 
f 789/789/789 788/788/788 790/790/790 

g Bottomwedge6

v -440.661 163.5 -126.765 
v -440.661 163.5 -126.765 
v -402.556 175.5 -104.765 
v -440.661 175.5 -126.764 
v -440.661 163.5 -126.765 
v -446.161 163.499 -117.238 
v -440.661 175.5 -126.764 
v -446.161 175.499 -117.238 
v -446.161 163.499 -117.238 
v -446.161 163.499 -117.238 
v -446.161 175.499 -117.238 
v -408.056 175.499 -95.2384 
v -408.056 175.499 -95.2384 
v -402.556 175.5 -104.765 
v -446.161 175.499 -117.238 
v -440.661 175.5 -126.764 
v -446.161 163.499 -117.238 
v -440.661 163.5 -126.765 
v -408.056 175.499 -95.2384 
v -402.556 175.5 -104.765 

vn 0.496063 0 -0.866142 
vn 0.496063 0 -0.866142 
vn 0.496063 0 -0.866142 
vn 0.496063 0 -0.866142 
vn -0.866142 0 -0.496063 
vn -0.866142 0 -0.496063 
vn -0.866142 0 -0.496063 
vn -0.866142 0 -0.496063 
vn -0.496063 0 0.866142 
vn -0.496063 0 0.866142 
vn -0.496063 0 0.866142 
vn -0.496063 0 0.866142 
vn 0 1 0 
vn 0 1 0 
vn 0 1 0 
vn 0 1 0 
vn 0.228346 -0.968504 0.133858 
vn 0.228346 -0.968504 0.133858 
vn 0.228346 -0.968504 0.133858 
vn 0.228346 -0.968504 0.133858 

vt 4.75 -2.5 
vt 4.75 -2.5 
vt 10.25 -4 
vt 4.75 -4 
vt 6.125 -2.5 
vt 4.75 -2.5 
vt 6.125 -4 
vt 4.75 -4 
vt 10.25 -2.5 
vt 10.25 -2.5 
vt 10.25 -4 
vt 4.75 -4 
vt 6.125 -2.5 
vt 4.75 -2.5 
vt 6.125 -8 
vt 4.75 -8 
vt 6.125 -2.5 
vt 4.75 -2.5 
vt 6.125 -8.20088 
vt 4.75 -8.20088 

usemtl Part1Mtl

f 791/791/791 792/792/792 793/793/793 
f 793/793/793 792/792/792 794/794/794 
f 795/795/795 796/796/796 797/797/797 
f 797/797/797 796/796/796 798/798/798 
f 799/799/799 800/800/800 801/801/801 
f 801/801/801 800/800/800 802/802/802 
f 803/803/803 804/804/804 805/805/805 
f 805/805/805 804/804/804 806/806/806 
f 807/807/807 808/808/808 809/809/809 
f 809/809/809 808/808/808 810/810/810 

g Bottomwedge7

v -445.235 163.499 -118.163 
v -445.235 163.499 -118.163 
v -423.236 175.499 -80.0572 
v -445.236 175.499 -118.162 
v -445.235 163.499 -118.163 
v -454.762 163.499 -112.663 
v -445.236 175.499 -118.162 
v -454.762 175.499 -112.662 
v -454.762 163.499 -112.663 
v -454.762 163.499 -112.663 
v -454.762 175.499 -112.662 
v -432.762 175.498 -74.5571 
v -432.762 175.498 -74.5571 
v -423.236 175.499 -80.0572 
v -454.762 175.499 -112.662 
v -445.236 175.499 -118.162 
v -454.762 163.499 -112.663 
v -445.235 163.499 -118.163 
v -432.762 175.498 -74.5571 
v -423.236 175.499 -80.0572 

vn 0.866142 0 -0.503937 
vn 0.866142 0 -0.503937 
vn 0.866142 0 -0.503937 
vn 0.866142 0 -0.503937 
vn -0.503937 0 -0.866142 
vn -0.503937 0 -0.866142 
vn -0.503937 0 -0.866142 
vn -0.503937 0 -0.866142 
vn -0.866142 0 0.503937 
vn -0.866142 0 0.503937 
vn -0.866142 0 0.503937 
vn -0.866142 0 0.503937 
vn 0 1 0 
vn 0 1 0 
vn 0 1 0 
vn 0 1 0 
vn 0.133858 -0.968504 0.228346 
vn 0.133858 -0.968504 0.228346 
vn 0.133858 -0.968504 0.228346 
vn 0.133858 -0.968504 0.228346 

vt 1.5 -2 
vt 1.5 -2 
vt 7 -3.5 
vt 1.5 -3.5 
vt 2.875 -2 
vt 1.5 -2 
vt 2.875 -3.5 
vt 1.5 -3.5 
vt 7 -2 
vt 7 -2 
vt 7 -3.5 
vt 1.5 -3.5 
vt 2.875 -2 
vt 1.5 -2 
vt 2.875 -7.5 
vt 1.5 -7.5 
vt 2.875 -2 
vt 1.5 -2 
vt 2.875 -7.70088 
vt 1.5 -7.70088 

usemtl Part1Mtl

f 811/811/811 812/812/812 813/813/813 
f 813/813/813 812/812/812 814/814/814 
f 815/815/815 816/816/816 817/817/817 
f 817/817/817 816/816/816 818/818/818 
f 819/819/819 820/820/820 821/821/821 
f 821/821/821 820/820/820 822/822/822 
f 823/823/823 824/824/824 825/825/825 
f 825/825/825 824/824/824 826/826/826 
f 827/827/827 828/828/828 829/829/829 
f 829/829/829 828/828/828 830/830/830 

g Bottomwedge8

v -453.498 163.5 -113 
v -453.498 163.5 -113 
v -453.499 175.499 -69 
v -453.498 175.5 -113 
v -453.498 163.5 -113 
v -464.498 163.499 -113 
v -453.498 175.5 -113 
v -464.498 175.499 -113 
v -464.498 163.499 -113 
v -464.498 163.499 -113 
v -464.498 175.499 -113 
v -464.499 175.498 -69.0002 
v -464.499 175.498 -69.0002 
v -453.499 175.499 -69 
v -464.498 175.499 -113 
v -453.498 175.5 -113 
v -464.498 163.499 -113 
v -453.498 163.5 -113 
v -464.499 175.498 -69.0002 
v -453.499 175.499 -69 

vn 1 0 0 
vn 1 0 0 
vn 1 0 0 
vn 1 0 0 
vn 0 0 -1 
vn 0 0 -1 
vn 0 0 -1 
vn 0 0 -1 
vn -1 0 0 
vn -1 0 0 
vn -1 0 0 
vn -1 0 0 
vn 0 1 0 
vn 0 1 0 
vn 0 1 0 
vn 0 1 0 
vn 0 -0.968504 0.259843 
vn 0 -0.968504 0.259843 
vn 0 -0.968504 0.259843 
vn 0 -0.968504 0.259843 

vt 3 -5.25 
vt 3 -5.25 
vt 8.5 -6.75 
vt 3 -6.75 
vt 4.375 -5.25 
vt 3 -5.25 
vt 4.375 -6.75 
vt 3 -6.75 
vt 8.5 -5.25 
vt 8.5 -5.25 
vt 8.5 -6.75 
vt 3 -6.75 
vt 4.375 -5.25 
vt 3 -5.25 
vt 4.375 -10.75 
vt 3 -10.75 
vt 4.375 -5.25 
vt 3 -5.25 
vt 4.375 -10.9509 
vt 3 -10.9509 

usemtl Part1Mtl

f 831/831/831 832/832/832 833/833/833 
f 833/833/833 832/832/832 834/834/834 
f 835/835/835 836/836/836 837/837/837 
f 837/837/837 836/836/836 838/838/838 
f 839/839/839 840/840/840 841/841/841 
f 841/841/841 840/840/840 842/842/842 
f 843/843/843 844/844/844 845/845/845 
f 845/845/845 844/844/844 846/846/846 
f 847/847/847 848/848/848 849/849/849 
f 849/849/849 848/848/848 850/850/850 

g Bottomwedge9

v -463.235 163.5 -112.661 
v -463.235 163.5 -112.661 
v -485.236 175.499 -74.5561 
v -463.235 175.5 -112.661 
v -463.235 163.5 -112.661 
v -472.761 163.5 -118.161 
v -463.235 175.5 -112.661 
v -472.761 175.5 -118.161 
v -472.761 163.5 -118.161 
v -472.761 163.5 -118.161 
v -472.761 175.5 -118.161 
v -494.762 175.499 -80.0563 
v -494.762 175.499 -80.0563 
v -485.236 175.499 -74.5561 
v -472.761 175.5 -118.161 
v -463.235 175.5 -112.661 
v -472.761 163.5 -118.161 
v -463.235 163.5 -112.661 
v -494.762 175.499 -80.0563 
v -485.236 175.499 -74.5561 

vn 0.866142 0 0.503937 
vn 0.866142 0 0.503937 
vn 0.866142 0 0.503937 
vn 0.866142 0 0.503937 
vn 0.503937 0 -0.866142 
vn 0.503937 0 -0.866142 
vn 0.503937 0 -0.866142 
vn 0.503937 0 -0.866142 
vn -0.866142 0 -0.503937 
vn -0.866142 0 -0.503937 
vn -0.866142 0 -0.503937 
vn -0.866142 0 -0.503937 
vn 0 1 0 
vn 0 1 0 
vn 0 1 0 
vn 0 1 0 
vn -0.133858 -0.968504 0.228346 
vn -0.133858 -0.968504 0.228346 
vn -0.133858 -0.968504 0.228346 
vn -0.133858 -0.968504 0.228346 

vt 3 -6.5 
vt 3 -6.5 
vt 8.5 -8 
vt 3 -8 
vt 4.375 -6.5 
vt 3 -6.5 
vt 4.375 -8 
vt 3 -8 
vt 8.5 -6.5 
vt 8.5 -6.5 
vt 8.5 -8 
vt 3 -8 
vt 4.375 -6.5 
vt 3 -6.5 
vt 4.375 -12 
vt 3 -12 
vt 4.375 -6.5 
vt 3 -6.5 
vt 4.375 -12.2009 
vt 3 -12.2009 

usemtl Part1Mtl

f 851/851/851 852/852/852 853/853/853 
f 853/853/853 852/852/852 854/854/854 
f 855/855/855 856/856/856 857/857/857 
f 857/857/857 856/856/856 858/858/858 
f 859/859/859 860/860/860 861/861/861 
f 861/861/861 860/860/860 862/862/862 
f 863/863/863 864/864/864 865/865/865 
f 865/865/865 864/864/864 866/866/866 
f 867/867/867 868/868/868 869/869/869 
f 869/869/869 868/868/868 870/870/870 

g Bottomwedge10

v -471.838 163.5 -117.236 
v -471.838 163.5 -117.236 
v -509.943 175.5 -95.2358 
v -471.838 175.5 -117.236 
v -471.838 163.5 -117.236 
v -477.338 163.5 -126.762 
v -471.838 175.5 -117.236 
v -477.338 175.5 -126.762 
v -477.338 163.5 -126.762 
v -477.338 163.5 -126.762 
v -477.338 175.5 -126.762 
v -515.443 175.5 -104.762 
v -515.443 175.5 -104.762 
v -509.943 175.5 -95.2358 
v -477.338 175.5 -126.762 
v -471.838 175.5 -117.236 
v -477.338 163.5 -126.762 
v -471.838 163.5 -117.236 
v -515.443 175.5 -104.762 
v -509.943 175.5 -95.2358 

vn 0.503937 0 0.866142 
vn 0.503937 0 0.866142 
vn 0.503937 0 0.866142 
vn 0.503937 0 0.866142 
vn 0.866142 0 -0.503937 
vn 0.866142 0 -0.503937 
vn 0.866142 0 -0.503937 
vn 0.866142 0 -0.503937 
vn -0.503937 0 -0.866142 
vn -0.503937 0 -0.866142 
vn -0.503937 0 -0.866142 
vn -0.503937 0 -0.866142 
vn 0 1 0 
vn 0 1 0 
vn 0 1 0 
vn 0 1 0 
vn -0.228346 -0.968504 0.133858 
vn -0.228346 -0.968504 0.133858 
vn -0.228346 -0.968504 0.133858 
vn -0.228346 -0.968504 0.133858 

vt 6 -2.75 
vt 6 -2.75 
vt 11.5 -4.25 
vt 6 -4.25 
vt 7.375 -2.75 
vt 6 -2.75 
vt 7.375 -4.25 
vt 6 -4.25 
vt 11.5 -2.75 
vt 11.5 -2.75 
vt 11.5 -4.25 
vt 6 -4.25 
vt 7.375 -2.75 
vt 6 -2.75 
vt 7.375 -8.25 
vt 6 -8.25 
vt 7.375 -2.75 
vt 6 -2.75 
vt 7.375 -8.45088 
vt 6 -8.45088 

usemtl Part1Mtl

f 871/871/871 872/872/872 873/873/873 
f 873/873/873 872/872/872 874/874/874 
f 875/875/875 876/876/876 877/877/877 
f 877/877/877 876/876/876 878/878/878 
f 879/879/879 880/880/880 881/881/881 
f 881/881/881 880/880/880 882/882/882 
f 883/883/883 884/884/884 885/885/885 
f 885/885/885 884/884/884 886/886/886 
f 887/887/887 888/888/888 889/889/889 
f 889/889/889 888/888/888 890/890/890 

g Bottomwedge11

v -476.999 163.501 -125.5 
v -476.999 163.501 -125.5 
v -520.999 175.501 -125.498 
v -476.999 175.501 -125.5 
v -476.999 163.501 -125.5 
v -477 163.501 -136.5 
v -476.999 175.501 -125.5 
v -477 175.501 -136.5 
v -477 163.501 -136.5 
v -477 163.501 -136.5 
v -477 175.501 -136.5 
v -521 175.501 -136.498 
v -521 175.501 -136.498 
v -520.999 175.501 -125.498 
v -477 175.501 -136.5 
v -476.999 175.501 -125.5 
v -477 163.501 -136.5 
v -476.999 163.501 -125.5 
v -521 175.501 -136.498 
v -520.999 175.501 -125.498 

vn 0 0 1 
vn 0 0 1 
vn 0 0 1 
vn 0 0 1 
vn 1 0 0 
vn 1 0 0 
vn 1 0 0 
vn 1 0 0 
vn 0 0 -1 
vn 0 0 -1 
vn 0 0 -1 
vn 0 0 -1 
vn 0 1 0 
vn 0 1 0 
vn 0 1 0 
vn 0 1 0 
vn -0.259843 -0.968504 0 
vn -0.259843 -0.968504 0 
vn -0.259843 -0.968504 0 
vn -0.259843 -0.968504 0 

vt 1 -2.25 
vt 1 -2.25 
vt 6.5 -3.75 
vt 1 -3.75 
vt 2.375 -2.25 
vt 1 -2.25 
vt 2.375 -3.75 
vt 1 -3.75 
vt 6.5 -2.25 
vt 6.5 -2.25 
vt 6.5 -3.75 
vt 1 -3.75 
vt 2.375 -2.25 
vt 1 -2.25 
vt 2.375 -7.75 
vt 1 -7.75 
vt 2.375 -2.25 
vt 1 -2.25 
vt 2.375 -7.95088 
vt 1 -7.95088 

usemtl Part1Mtl

f 891/891/891 892/892/892 893/893/893 
f 893/893/893 892/892/892 894/894/894 
f 895/895/895 896/896/896 897/897/897 
f 897/897/897 896/896/896 898/898/898 
f 899/899/899 900/900/900 901/901/901 
f 901/901/901 900/900/900 902/902/902 
f 903/903/903 904/904/904 905/905/905 
f 905/905/905 904/904/904 906/906/906 
f 907/907/907 908/908/908 909/909/909 
f 909/909/909 908/908/908 910/910/910 

g Bottomwedge12

v -477.338 163.502 -135.237 
v -477.338 163.502 -135.237 
v -515.444 175.502 -157.235 
v -477.338 175.502 -135.237 
v -477.338 163.502 -135.237 
v -471.839 163.502 -144.763 
v -477.338 175.502 -135.237 
v -471.838 175.502 -144.763 
v -471.839 163.502 -144.763 
v -471.839 163.502 -144.763 
v -471.838 175.502 -144.763 
v -509.945 175.502 -166.761 
v -509.945 175.502 -166.761 
v -515.444 175.502 -157.235 
v -471.838 175.502 -144.763 
v -477.338 175.502 -135.237 
v -471.839 163.502 -144.763 
v -477.338 163.502 -135.237 
v -509.945 175.502 -166.761 
v -515.444 175.502 -157.235 

vn -0.496063 0 0.866142 
vn -0.496063 0 0.866142 
vn -0.496063 0 0.866142 
vn -0.496063 0 0.866142 
vn 0.866142 0 0.496063 
vn 0.866142 0 0.496063 
vn 0.866142 0 0.496063 
vn 0.866142 0 0.496063 
vn 0.496063 0 -0.866142 
vn 0.496063 0 -0.866142 
vn 0.496063 0 -0.866142 
vn 0.496063 0 -0.866142 
vn 0 1 0 
vn 0 1 0 
vn 0 1 0 
vn 0 1 0 
vn -0.228346 -0.968504 -0.133858 
vn -0.228346 -0.968504 -0.133858 
vn -0.228346 -0.968504 -0.133858 
vn -0.228346 -0.968504 -0.133858 

vt 1.75 -6 
vt 1.75 -6 
vt 7.25 -7.5 
vt 1.75 -7.5 
vt 3.125 -6 
vt 1.75 -6 
vt 3.125 -7.5 
vt 1.75 -7.5 
vt 7.25 -6 
vt 7.25 -6 
vt 7.25 -7.5 
vt 1.75 -7.5 
vt 3.125 -6 
vt 1.75 -6 
vt 3.125 -11.5 
vt 1.75 -11.5 
vt 3.125 -6 
vt 1.75 -6 
vt 3.125 -11.7009 
vt 1.75 -11.7009 

usemtl Part1Mtl

f 911/911/911 912/912/912 913/913/913 
f 913/913/913 912/912/912 914/914/914 
f 915/915/915 916/916/916 917/917/917 
f 917/917/917 916/916/916 918/918/918 
f 919/919/919 920/920/920 921/921/921 
f 921/921/921 920/920/920 922/922/922 
f 923/923/923 924/924/924 925/925/925 
f 925/925/925 924/924/924 926/926/926 
f 927/927/927 928/928/928 929/929/929 
f 929/929/929 928/928/928 930/930/930 

g Steppart1

v -441.009 191.4 -129.84 
v -437.009 191.4 -122.911 
v -441.009 190.6 -129.84 
v -437.009 190.6 -122.911 
v -451.731 191.4 -114.411 
v -437.009 191.4 -122.911 
v -455.731 191.4 -121.34 
v -441.009 191.4 -129.84 
v -437.009 191.4 -122.911 
v -451.731 191.4 -114.411 
v -437.009 190.6 -122.911 
v -451.731 190.6 -114.411 
v -451.731 191.4 -114.411 
v -455.731 191.4 -121.34 
v -451.731 190.6 -114.411 
v -455.731 190.6 -121.34 
v -455.731 190.6 -121.34 
v -441.009 190.6 -129.84 
v -451.731 190.6 -114.411 
v -437.009 190.6 -122.911 
v -455.731 191.4 -121.34 
v -441.009 191.4 -129.84 
v -455.731 190.6 -121.34 
v -441.009 190.6 -129.84 

vn 0.866142 0 -0.503937 
vn 0.866142 0 -0.503937 
vn 0.866142 0 -0.503937 
vn 0.866142 0 -0.503937 
vn 0 1 0 
vn 0 1 0 
vn 0 1 0 
vn 0 1 0 
vn 0.503937 0 0.866142 
vn 0.503937 0 0.866142 
vn 0.503937 0 0.866142 
vn 0.503937 0 0.866142 
vn -0.866142 0 0.503937 
vn -0.866142 0 0.503937 
vn -0.866142 0 0.503937 
vn -0.866142 0 0.503937 
vn 0 -1 0 
vn 0 -1 0 
vn 0 -1 0 
vn 0 -1 0 
vn -0.503937 0 -0.866142 
vn -0.503937 0 -0.866142 
vn -0.503937 0 -0.866142 
vn -0.503937 0 -0.866142 

vt 1 0.75 
vt 0 0.75 
vt 1 0.65 
vt 0 0.65 
vt 2.125 0.75 
vt 0 0.75 
vt 2.125 -0.25 
vt 0 -0.25 
vt 2.125 0.75 
vt 0 0.75 
vt 2.125 0.65 
vt 0 0.65 
vt 1 0.75 
vt 0 0.75 
vt 1 0.65 
vt 0 0.65 
vt 2.125 0.75 
vt 0 0.75 
vt 2.125 -0.25 
vt 0 -0.25 
vt 2.125 0.75 
vt 0 0.75 
vt 2.125 0.65 
vt 0 0.65 

usemtl Steppart1Mtl

f 931/931/931 932/932/932 933/933/933 
f 933/933/933 932/932/932 934/934/934 
f 935/935/935 936/936/936 937/937/937 
f 937/937/937 936/936/936 938/938/938 
f 939/939/939 940/940/940 941/941/941 
f 941/941/941 940/940/940 942/942/942 
f 943/943/943 944/944/944 945/945/945 
f 945/945/945 944/944/944 946/946/946 
f 947/947/947 948/948/948 949/949/949 
f 949/949/949 948/948/948 950/950/950 
f 951/951/951 952/952/952 953/953/953 
f 953/953/953 952/952/952 954/954/954 

g Steppart2

v -454.007 190.5 -122.107 
v -451.534 190.5 -114.499 
v -454.007 189.5 -122.107 
v -451.534 189.5 -114.499 
v -455.339 190.5 -113.263 
v -451.534 190.5 -114.499 
v -457.811 190.5 -120.871 
v -454.007 190.5 -122.107 
v -451.534 190.5 -114.499 
v -455.339 190.5 -113.263 
v -451.534 189.5 -114.499 
v -455.339 189.5 -113.263 
v -455.339 190.5 -113.263 
v -457.811 190.5 -120.871 
v -455.339 189.5 -113.263 
v -457.811 189.5 -120.871 
v -457.811 189.5 -120.871 
v -454.007 189.5 -122.107 
v -455.339 189.5 -113.263 
v -451.534 189.5 -114.499 
v -457.811 190.5 -120.871 
v -454.007 190.5 -122.107 
v -457.811 189.5 -120.871 
v -454.007 189.5 -122.107 

vn 0.952756 0 -0.307087 
vn 0.952756 0 -0.307087 
vn 0.952756 0 -0.307087 
vn 0.952756 0 -0.307087 
vn 0 1 0 
vn 0 1 0 
vn 0 1 0 
vn 0 1 0 
vn 0.307087 0 0.952756 
vn 0.307087 0 0.952756 
vn 0.307087 0 0.952756 
vn 0.307087 0 0.952756 
vn -0.952756 0 0.307087 
vn -0.952756 0 0.307087 
vn -0.952756 0 0.307087 
vn -0.952756 0 0.307087 
vn 0 -1 0 
vn 0 -1 0 
vn 0 -1 0 
vn 0 -1 0 
vn -0.307087 0 -0.952756 
vn -0.307087 0 -0.952756 
vn -0.307087 0 -0.952756 
vn -0.307087 0 -0.952756 

vt 8 -3.5 
vt 7 -3.5 
vt 8 -3.625 
vt 7 -3.625 
vt 7.5 -3.5 
vt 7 -3.5 
vt 7.5 -4.5 
vt 7 -4.5 
vt 7.5 -3.5 
vt 7 -3.5 
vt 7.5 -3.625 
vt 7 -3.625 
vt 8 -3.5 
vt 7 -3.5 
vt 8 -3.625 
vt 7 -3.625 
vt 7.5 -3.5 
vt 7 -3.5 
vt 7.5 -4.5 
vt 7 -4.5 
vt 7.5 -3.5 
vt 7 -3.5 
vt 7.5 -3.625 
vt 7 -3.625 

usemtl Steppart1Mtl

f 955/955/955 956/956/956 957/957/957 
f 957/957/957 956/956/956 958/958/958 
f 959/959/959 960/960/960 961/961/961 
f 961/961/961 960/960/960 962/962/962 
f 963/963/963 964/964/964 965/965/965 
f 965/965/965 964/964/964 966/966/966 
f 967/967/967 968/968/968 969/969/969 
f 969/969/969 968/968/968 970/970/970 
f 971/971/971 972/972/972 973/973/973 
f 973/973/973 972/972/972 974/974/974 
f 975/975/975 976/976/976 977/977/977 
f 977/977/977 976/976/976 978/978/978 

g Steppart3

v -455.965 189.5 -121.263 
v -455.129 189.5 -113.307 
v -455.965 188.5 -121.263 
v -455.129 188.5 -113.307 
v -459.107 189.5 -112.889 
v -455.129 189.5 -113.307 
v -459.943 189.5 -120.845 
v -455.965 189.5 -121.263 
v -455.129 189.5 -113.307 
v -459.107 189.5 -112.889 
v -455.129 188.5 -113.307 
v -459.107 188.5 -112.889 
v -459.107 189.5 -112.889 
v -459.943 189.5 -120.845 
v -459.107 188.5 -112.889 
v -459.943 188.5 -120.845 
v -459.943 188.5 -120.845 
v -455.965 188.5 -121.263 
v -459.107 188.5 -112.889 
v -455.129 188.5 -113.307 
v -459.943 189.5 -120.845 
v -455.965 189.5 -121.263 
v -459.943 188.5 -120.845 
v -455.965 188.5 -121.263 

vn 0.992126 0 -0.102362 
vn 0.992126 0 -0.102362 
vn 0.992126 0 -0.102362 
vn 0.992126 0 -0.102362 
vn 0 1 0 
vn 0 1 0 
vn 0 1 0 
vn 0 1 0 
vn 0.102362 0 0.992126 
vn 0.102362 0 0.992126 
vn 0.102362 0 0.992126 
vn 0.102362 0 0.992126 
vn -0.992126 0 0.102362 
vn -0.992126 0 0.102362 
vn -0.992126 0 0.102362 
vn -0.992126 0 0.102362 
vn 0 -1 0 
vn 0 -1 0 
vn 0 -1 0 
vn 0 -1 0 
vn -0.102362 0 -0.992126 
vn -0.102362 0 -0.992126 
vn -0.102362 0 -0.992126 
vn -0.102362 0 -0.992126 

vt 8.75 -3.25 
vt 7.75 -3.25 
vt 8.75 -3.375 
vt 7.75 -3.375 
vt 8.25 -3.25 
vt 7.75 -3.25 
vt 8.25 -4.25 
vt 7.75 -4.25 
vt 8.25 -3.25 
vt 7.75 -3.25 
vt 8.25 -3.375 
vt 7.75 -3.375 
vt 8.75 -3.25 
vt 7.75 -3.25 
vt 8.75 -3.375 
vt 7.75 -3.375 
vt 8.25 -3.25 
vt 7.75 -3.25 
vt 8.25 -4.25 
vt 7.75 -4.25 
vt 8.25 -3.25 
vt 7.75 -3.25 
vt 8.25 -3.375 
vt 7.75 -3.375 

usemtl Steppart1Mtl

f 979/979/979 980/980/980 981/981/981 
f 981/981/981 980/980/980 982/982/982 
f 983/983/983 984/984/984 985/985/985 
f 985/985/985 984/984/984 986/986/986 
f 987/987/987 988/988/988 989/989/989 
f 989/989/989 988/988/988 990/990/990 
f 991/991/991 992/992/992 993/993/993 
f 993/993/993 992/992/992 994/994/994 
f 995/995/995 996/996/996 997/997/997 
f 997/997/997 996/996/996 998/998/998 
f 999/999/999 1000/1000/1000 1001/1001/1001 
f 1001/1001/1001 1000/1000/1000 1002/1002/1002 

g Steppart4

v -458.055 188.5 -120.845 
v -458.892 188.5 -112.889 
v -458.055 187.5 -120.845 
v -458.892 187.5 -112.889 
v -462.87 188.5 -113.307 
v -458.892 188.5 -112.889 
v -462.033 188.5 -121.263 
v -458.055 188.5 -120.845 
v -458.892 188.5 -112.889 
v -462.87 188.5 -113.307 
v -458.892 187.5 -112.889 
v -462.87 187.5 -113.307 
v -462.87 188.5 -113.307 
v -462.033 188.5 -121.263 
v -462.87 187.5 -113.307 
v -462.033 187.5 -121.263 
v -462.033 187.5 -121.263 
v -458.055 187.5 -120.845 
v -462.87 187.5 -113.307 
v -458.892 187.5 -112.889 
v -462.033 188.5 -121.263 
v -458.055 188.5 -120.845 
v -462.033 187.5 -121.263 
v -458.055 187.5 -120.845 

vn 0.992126 0 0.102362 
vn 0.992126 0 0.102362 
vn 0.992126 0 0.102362 
vn 0.992126 0 0.102362 
vn 0 1 0 
vn 0 1 0 
vn 0 1 0 
vn 0 1 0 
vn -0.102362 0 0.992126 
vn -0.102362 0 0.992126 
vn -0.102362 0 0.992126 
vn -0.102362 0 0.992126 
vn -0.992126 0 -0.102362 
vn -0.992126 0 -0.102362 
vn -0.992126 0 -0.102362 
vn -0.992126 0 -0.102362 
vn 0 -1 0 
vn 0 -1 0 
vn 0 -1 0 
vn 0 -1 0 
vn 0.102362 0 -0.992126 
vn 0.102362 0 -0.992126 
vn 0.102362 0 -0.992126 
vn 0.102362 0 -0.992126 

vt 2 -1.25 
vt 1 -1.25 
vt 2 -1.375 
vt 1 -1.375 
vt 1.5 -1.25 
vt 1 -1.25 
vt 1.5 -2.25 
vt 1 -2.25 
vt 1.5 -1.25 
vt 1 -1.25 
vt 1.5 -1.375 
vt 1 -1.375 
vt 2 -1.25 
vt 1 -1.25 
vt 2 -1.375 
vt 1 -1.375 
vt 1.5 -1.25 
vt 1 -1.25 
vt 1.5 -2.25 
vt 1 -2.25 
vt 1.5 -1.25 
vt 1 -1.25 
vt 1.5 -1.375 
vt 1 -1.375 

usemtl Steppart1Mtl

f 1003/1003/1003 1004/1004/1004 1005/1005/1005 
f 1005/1005/1005 1004/1004/1004 1006/1006/1006 
f 1007/1007/1007 1008/1008/1008 1009/1009/1009 
f 1009/1009/1009 1008/1008/1008 1010/1010/1010 
f 1011/1011/1011 1012/1012/1012 1013/1013/1013 
f 1013/1013/1013 1012/1012/1012 1014/1014/1014 
f 1015/1015/1015 1016/1016/1016 1017/1017/1017 
f 1017/1017/1017 1016/1016/1016 1018/1018/1018 
f 1019/1019/1019 1020/1020/1020 1021/1021/1021 
f 1021/1021/1021 1020/1020/1020 1022/1022/1022 
f 1023/1023/1023 1024/1024/1024 1025/1025/1025 
f 1025/1025/1025 1024/1024/1024 1026/1026/1026 

g Steppart5

v -460.187 187.5 -120.871 
v -462.659 187.5 -113.262 
v -460.187 186.5 -120.871 
v -462.659 186.5 -113.262 
v -466.463 187.5 -114.498 
v -462.659 187.5 -113.262 
v -463.991 187.5 -122.107 
v -460.187 187.5 -120.871 
v -462.659 187.5 -113.262 
v -466.463 187.5 -114.498 
v -462.659 186.5 -113.262 
v -466.463 186.5 -114.498 
v -466.463 187.5 -114.498 
v -463.991 187.5 -122.107 
v -466.463 186.5 -114.498 
v -463.991 186.5 -122.107 
v -463.991 186.5 -122.107 
v -460.187 186.5 -120.871 
v -466.463 186.5 -114.498 
v -462.659 186.5 -113.262 
v -463.991 187.5 -122.107 
v -460.187 187.5 -120.871 
v -463.991 186.5 -122.107 
v -460.187 186.5 -120.871 

vn 0.952756 0 0.307087 
vn 0.952756 0 0.307087 
vn 0.952756 0 0.307087 
vn 0.952756 0 0.307087 
vn 0 1 0 
vn 0 1 0 
vn 0 1 0 
vn 0 1 0 
vn -0.307087 0 0.952756 
vn -0.307087 0 0.952756 
vn -0.307087 0 0.952756 
vn -0.307087 0 0.952756 
vn -0.952756 0 -0.307087 
vn -0.952756 0 -0.307087 
vn -0.952756 0 -0.307087 
vn -0.952756 0 -0.307087 
vn 0 -1 0 
vn 0 -1 0 
vn 0 -1 0 
vn 0 -1 0 
vn 0.307087 0 -0.952756 
vn 0.307087 0 -0.952756 
vn 0.307087 0 -0.952756 
vn 0.307087 0 -0.952756 

vt 1 0.25 
vt 0 0.25 
vt 1 0.125 
vt 0 0.125 
vt 0.5 0.25 
vt 0 0.25 
vt 0.5 -0.75 
vt 0 -0.75 
vt 0.5 0.25 
vt 0 0.25 
vt 0.5 0.125 
vt 0 0.125 
vt 1 0.25 
vt 0 0.25 
vt 1 0.125 
vt 0 0.125 
vt 0.5 0.25 
vt 0 0.25 
vt 0.5 -0.75 
vt 0 -0.75 
vt 0.5 0.25 
vt 0 0.25 
vt 0.5 0.125 
vt 0 0.125 

usemtl Steppart1Mtl

f 1027/1027/1027 1028/1028/1028 1029/1029/1029 
f 1029/1029/1029 1028/1028/1028 1030/1030/1030 
f 1031/1031/1031 1032/1032/1032 1033/1033/1033 
f 1033/1033/1033 1032/1032/1032 1034/1034/1034 
f 1035/1035/1035 1036/1036/1036 1037/1037/1037 
f 1037/1037/1037 1036/1036/1036 1038/1038/1038 
f 1039/1039/1039 1040/1040/1040 1041/1041/1041 
f 1041/1041/1041 1040/1040/1040 1042/1042/1042 
f 1043/1043/1043 1044/1044/1044 1045/1045/1045 
f 1045/1045/1045 1044/1044/1044 1046/1046/1046 
f 1047/1047/1047 1048/1048/1048 1049/1049/1049 
f 1049/1049/1049 1048/1048/1048 1050/1050/1050 

g Steppart6

v -462.267 186.5 -121.339 
v -466.267 186.5 -114.411 
v -462.267 185.5 -121.339 
v -466.267 185.5 -114.411 
v -469.731 186.5 -116.411 
v -466.267 186.5 -114.411 
v -465.731 186.5 -123.339 
v -462.267 186.5 -121.339 
v -466.267 186.5 -114.411 
v -469.731 186.5 -116.411 
v -466.267 185.5 -114.411 
v -469.731 185.5 -116.411 
v -469.731 186.5 -116.411 
v -465.731 186.5 -123.339 
v -469.731 185.5 -116.411 
v -465.731 185.5 -123.339 
v -465.731 185.5 -123.339 
v -462.267 185.5 -121.339 
v -469.731 185.5 -116.411 
v -466.267 185.5 -114.411 
v -465.731 186.5 -123.339 
v -462.267 186.5 -121.339 
v -465.731 185.5 -123.339 
v -462.267 185.5 -121.339 

vn 0.866142 0 0.503937 
vn 0.866142 0 0.503937 
vn 0.866142 0 0.503937 
vn 0.866142 0 0.503937 
vn 0 1 0 
vn 0 1 0 
vn 0 1 0 
vn 0 1 0 
vn -0.503937 0 0.866142 
vn -0.503937 0 0.866142 
vn -0.503937 0 0.866142 
vn -0.503937 0 0.866142 
vn -0.866142 0 -0.503937 
vn -0.866142 0 -0.503937 
vn -0.866142 0 -0.503937 
vn -0.866142 0 -0.503937 
vn 0 -1 0 
vn 0 -1 0 
vn 0 -1 0 
vn 0 -1 0 
vn 0.503937 0 -0.866142 
vn 0.503937 0 -0.866142 
vn 0.503937 0 -0.866142 
vn 0.503937 0 -0.866142 

vt 4 -3.25 
vt 3 -3.25 
vt 4 -3.375 
vt 3 -3.375 
vt 3.5 -3.25 
vt 3 -3.25 
vt 3.5 -4.25 
vt 3 -4.25 
vt 3.5 -3.25 
vt 3 -3.25 
vt 3.5 -3.375 
vt 3 -3.375 
vt 4 -3.25 
vt 3 -3.25 
vt 4 -3.375 
vt 3 -3.375 
vt 3.5 -3.25 
vt 3 -3.25 
vt 3.5 -4.25 
vt 3 -4.25 
vt 3.5 -3.25 
vt 3 -3.25 
vt 3.5 -3.375 
vt 3 -3.375 

usemtl Steppart1Mtl

f 1051/1051/1051 1052/1052/1052 1053/1053/1053 
f 1053/1053/1053 1052/1052/1052 1054/1054/1054 
f 1055/1055/1055 1056/1056/1056 1057/1057/1057 
f 1057/1057/1057 1056/1056/1056 1058/1058/1058 
f 1059/1059/1059 1060/1060/1060 1061/1061/1061 
f 1061/1061/1061 1060/1060/1060 1062/1062/1062 
f 1063/1063/1063 1064/1064/1064 1065/1065/1065 
f 1065/1065/1065 1064/1064/1064 1066/1066/1066 
f 1067/1067/1067 1068/1068/1068 1069/1069/1069 
f 1069/1069/1069 1068/1068/1068 1070/1070/1070 
f 1071/1071/1071 1072/1072/1072 1073/1073/1073 
f 1073/1073/1073 1072/1072/1072 1074/1074/1074 

g Steppart7

v -464.204 185.5 -122.23 
v -469.557 185.5 -116.284 
v -464.204 184.5 -122.23 
v -469.557 184.5 -116.284 
v -472.53 185.5 -118.961 
v -469.557 185.5 -116.284 
v -467.177 185.5 -124.906 
v -464.204 185.5 -122.23 
v -469.557 185.5 -116.284 
v -472.53 185.5 -118.961 
v -469.557 184.5 -116.284 
v -472.53 184.5 -118.961 
v -472.53 185.5 -118.961 
v -467.177 185.5 -124.906 
v -472.53 184.5 -118.961 
v -467.177 184.5 -124.906 
v -467.177 184.5 -124.906 
v -464.204 184.5 -122.23 
v -472.53 184.5 -118.961 
v -469.557 184.5 -116.284 
v -467.177 185.5 -124.906 
v -464.204 185.5 -122.23 
v -467.177 184.5 -124.906 
v -464.204 184.5 -122.23 

vn 0.740157 0 0.669291 
vn 0.740157 0 0.669291 
vn 0.740157 0 0.669291 
vn 0.740157 0 0.669291 
vn 0 1 0 
vn 0 1 0 
vn 0 1 0 
vn 0 1 0 
vn -0.669291 0 0.740157 
vn -0.669291 0 0.740157 
vn -0.669291 0 0.740157 
vn -0.669291 0 0.740157 
vn -0.740157 0 -0.669291 
vn -0.740157 0 -0.669291 
vn -0.740157 0 -0.669291 
vn -0.740157 0 -0.669291 
vn 0 -1 0 
vn 0 -1 0 
vn 0 -1 0 
vn 0 -1 0 
vn 0.669291 0 -0.740157 
vn 0.669291 0 -0.740157 
vn 0.669291 0 -0.740157 
vn 0.669291 0 -0.740157 

vt 4.5 -4.5 
vt 3.5 -4.5 
vt 4.5 -4.625 
vt 3.5 -4.625 
vt 4 -4.5 
vt 3.5 -4.5 
vt 4 -5.5 
vt 3.5 -5.5 
vt 4 -4.5 
vt 3.5 -4.5 
vt 4 -4.625 
vt 3.5 -4.625 
vt 4.5 -4.5 
vt 3.5 -4.5 
vt 4.5 -4.625 
vt 3.5 -4.625 
vt 4 -4.5 
vt 3.5 -4.5 
vt 4 -5.5 
vt 3.5 -5.5 
vt 4 -4.5 
vt 3.5 -4.5 
vt 4 -4.625 
vt 3.5 -4.625 

usemtl Steppart1Mtl

f 1075/1075/1075 1076/1076/1076 1077/1077/1077 
f 1077/1077/1077 1076/1076/1076 1078/1078/1078 
f 1079/1079/1079 1080/1080/1080 1081/1081/1081 
f 1081/1081/1081 1080/1080/1080 1082/1082/1082 
f 1083/1083/1083 1084/1084/1084 1085/1085/1085 
f 1085/1085/1085 1084/1084/1084 1086/1086/1086 
f 1087/1087/1087 1088/1088/1088 1089/1089/1089 
f 1089/1089/1089 1088/1088/1088 1090/1090/1090 
f 1091/1091/1091 1092/1092/1092 1093/1093/1093 
f 1093/1093/1093 1092/1092/1092 1094/1094/1094 
f 1095/1095/1095 1096/1096/1096 1097/1097/1097 
f 1097/1097/1097 1096/1096/1096 1098/1098/1098 

g Steppart8

v -465.914 184.5 -123.503 
v -472.386 184.5 -118.801 
v -465.914 183.5 -123.503 
v -472.386 183.5 -118.801 
v -474.737 184.501 -122.037 
v -472.386 184.5 -118.801 
v -468.265 184.5 -126.739 
v -465.914 184.5 -123.503 
v -472.386 184.5 -118.801 
v -474.737 184.501 -122.037 
v -472.386 183.5 -118.801 
v -474.737 183.501 -122.037 
v -474.737 184.501 -122.037 
v -468.265 184.5 -126.739 
v -474.737 183.501 -122.037 
v -468.265 183.5 -126.739 
v -468.265 183.5 -126.739 
v -465.914 183.5 -123.503 
v -474.737 183.501 -122.037 
v -472.386 183.5 -118.801 
v -468.265 184.5 -126.739 
v -465.914 184.5 -123.503 
v -468.265 183.5 -126.739 
v -465.914 183.5 -123.503 

vn 0.590551 0 0.811024 
vn 0.590551 0 0.811024 
vn 0.590551 0 0.811024 
vn 0.590551 0 0.811024 
vn 0 1 0 
vn 0 1 0 
vn 0 1 0 
vn 0 1 0 
vn -0.811024 0 0.590551 
vn -0.811024 0 0.590551 
vn -0.811024 0 0.590551 
vn -0.811024 0 0.590551 
vn -0.590551 0 -0.811024 
vn -0.590551 0 -0.811024 
vn -0.590551 0 -0.811024 
vn -0.590551 0 -0.811024 
vn 0 -1 0 
vn 0 -1 0 
vn 0 -1 0 
vn 0 -1 0 
vn 0.811024 0 -0.590551 
vn 0.811024 0 -0.590551 
vn 0.811024 0 -0.590551 
vn 0.811024 0 -0.590551 

vt 4 -3 
vt 3 -3 
vt 4 -3.125 
vt 3 -3.125 
vt 3.5 -3 
vt 3 -3 
vt 3.5 -4 
vt 3 -4 
vt 3.5 -3 
vt 3 -3 
vt 3.5 -3.125 
vt 3 -3.125 
vt 4 -3 
vt 3 -3 
vt 4 -3.125 
vt 3 -3.125 
vt 3.5 -3 
vt 3 -3 
vt 3.5 -4 
vt 3 -4 
vt 3.5 -3 
vt 3 -3 
vt 3.5 -3.125 
vt 3 -3.125 

usemtl Steppart1Mtl

f 1099/1099/1099 1100/1100/1100 1101/1101/1101 
f 1101/1101/1101 1100/1100/1100 1102/1102/1102 
f 1103/1103/1103 1104/1104/1104 1105/1105/1105 
f 1105/1105/1105 1104/1104/1104 1106/1106/1106 
f 1107/1107/1107 1108/1108/1108 1109/1109/1109 
f 1109/1109/1109 1108/1108/1108 1110/1110/1110 
f 1111/1111/1111 1112/1112/1112 1113/1113/1113 
f 1113/1113/1113 1112/1112/1112 1114/1114/1114 
f 1115/1115/1115 1116/1116/1116 1117/1117/1117 
f 1117/1117/1117 1116/1116/1116 1118/1118/1118 
f 1119/1119/1119 1120/1120/1120 1121/1121/1121 
f 1121/1121/1121 1120/1120/1120 1122/1122/1122 

g Steppart9

v -467.321 183.5 -125.105 
v -474.629 183.501 -121.851 
v -467.321 182.5 -125.105 
v -474.63 182.501 -121.851 
v -476.256 183.501 -125.505 
v -474.629 183.501 -121.851 
v -468.948 183.5 -128.759 
v -467.321 183.5 -125.105 
v -474.629 183.501 -121.851 
v -476.256 183.501 -125.505 
v -474.63 182.501 -121.851 
v -476.256 182.501 -125.505 
v -476.256 183.501 -125.505 
v -468.948 183.5 -128.759 
v -476.256 182.501 -125.505 
v -468.948 182.5 -128.759 
v -468.948 182.5 -128.759 
v -467.321 182.5 -125.105 
v -476.256 182.501 -125.505 
v -474.63 182.501 -121.851 
v -468.948 183.5 -128.759 
v -467.321 183.5 -125.105 
v -468.948 182.5 -128.759 
v -467.321 182.5 -125.105 

vn 0.409449 0 0.913386 
vn 0.409449 0 0.913386 
vn 0.409449 0 0.913386 
vn 0.409449 0 0.913386 
vn 0 1 0 
vn 0 1 0 
vn 0 1 0 
vn 0 1 0 
vn -0.913386 0 0.409449 
vn -0.913386 0 0.409449 
vn -0.913386 0 0.409449 
vn -0.913386 0 0.409449 
vn -0.409449 0 -0.913386 
vn -0.409449 0 -0.913386 
vn -0.409449 0 -0.913386 
vn -0.409449 0 -0.913386 
vn 0 -1 0 
vn 0 -1 0 
vn 0 -1 0 
vn 0 -1 0 
vn 0.913386 0 -0.409449 
vn 0.913386 0 -0.409449 
vn 0.913386 0 -0.409449 
vn 0.913386 0 -0.409449 

vt 6.5 -6.5 
vt 5.5 -6.5 
vt 6.5 -6.625 
vt 5.5 -6.625 
vt 6 -6.5 
vt 5.5 -6.5 
vt 6 -7.5 
vt 5.5 -7.5 
vt 6 -6.5 
vt 5.5 -6.5 
vt 6 -6.625 
vt 5.5 -6.625 
vt 6.5 -6.5 
vt 5.5 -6.5 
vt 6.5 -6.625 
vt 5.5 -6.625 
vt 6 -6.5 
vt 5.5 -6.5 
vt 6 -7.5 
vt 5.5 -7.5 
vt 6 -6.5 
vt 5.5 -6.5 
vt 6 -6.625 
vt 5.5 -6.625 

usemtl Steppart1Mtl

f 1123/1123/1123 1124/1124/1124 1125/1125/1125 
f 1125/1125/1125 1124/1124/1124 1126/1126/1126 
f 1127/1127/1127 1128/1128/1128 1129/1129/1129 
f 1129/1129/1129 1128/1128/1128 1130/1130/1130 
f 1131/1131/1131 1132/1132/1132 1133/1133/1133 
f 1133/1133/1133 1132/1132/1132 1134/1134/1134 
f 1135/1135/1135 1136/1136/1136 1137/1137/1137 
f 1137/1137/1137 1136/1136/1136 1138/1138/1138 
f 1139/1139/1139 1140/1140/1140 1141/1141/1141 
f 1141/1141/1141 1140/1140/1140 1142/1142/1142 
f 1143/1143/1143 1144/1144/1144 1145/1145/1145 
f 1145/1145/1145 1144/1144/1144 1146/1146/1146 

g Steppart10

v -468.365 182.5 -126.964 
v -476.19 182.501 -125.301 
v -468.365 181.5 -126.964 
v -476.19 181.501 -125.301 
v -477.022 182.501 -129.213 
v -476.19 182.501 -125.301 
v -469.197 182.501 -130.877 
v -468.365 182.5 -126.964 
v -476.19 182.501 -125.301 
v -477.022 182.501 -129.213 
v -476.19 181.501 -125.301 
v -477.022 181.501 -129.213 
v -477.022 182.501 -129.213 
v -469.197 182.501 -130.877 
v -477.022 181.501 -129.213 
v -469.197 181.501 -130.877 
v -469.197 181.501 -130.877 
v -468.365 181.5 -126.964 
v -477.022 181.501 -129.213 
v -476.19 181.501 -125.301 
v -469.197 182.501 -130.877 
v -468.365 182.5 -126.964 
v -469.197 181.501 -130.877 
v -468.365 181.5 -126.964 

vn 0.204724 0 0.976378 
vn 0.204724 0 0.976378 
vn 0.204724 0 0.976378 
vn 0.204724 0 0.976378 
vn 0 1 0 
vn 0 1 0 
vn 0 1 0 
vn 0 1 0 
vn -0.976378 0 0.204724 
vn -0.976378 0 0.204724 
vn -0.976378 0 0.204724 
vn -0.976378 0 0.204724 
vn -0.204724 0 -0.976378 
vn -0.204724 0 -0.976378 
vn -0.204724 0 -0.976378 
vn -0.204724 0 -0.976378 
vn 0 -1 0 
vn 0 -1 0 
vn 0 -1 0 
vn 0 -1 0 
vn 0.976378 0 -0.204724 
vn 0.976378 0 -0.204724 
vn 0.976378 0 -0.204724 
vn 0.976378 0 -0.204724 

vt 6.25 -2.25 
vt 5.25 -2.25 
vt 6.25 -2.375 
vt 5.25 -2.375 
vt 5.75 -2.25 
vt 5.25 -2.25 
vt 5.75 -3.25 
vt 5.25 -3.25 
vt 5.75 -2.25 
vt 5.25 -2.25 
vt 5.75 -2.375 
vt 5.25 -2.375 
vt 6.25 -2.25 
vt 5.25 -2.25 
vt 6.25 -2.375 
vt 5.25 -2.375 
vt 5.75 -2.25 
vt 5.25 -2.25 
vt 5.75 -3.25 
vt 5.25 -3.25 
vt 5.75 -2.25 
vt 5.25 -2.25 
vt 5.75 -2.375 
vt 5.25 -2.375 

usemtl Steppart1Mtl

f 1147/1147/1147 1148/1148/1148 1149/1149/1149 
f 1149/1149/1149 1148/1148/1148 1150/1150/1150 
f 1151/1151/1151 1152/1152/1152 1153/1153/1153 
f 1153/1153/1153 1152/1152/1152 1154/1154/1154 
f 1155/1155/1155 1156/1156/1156 1157/1157/1157 
f 1157/1157/1157 1156/1156/1156 1158/1158/1158 
f 1159/1159/1159 1160/1160/1160 1161/1161/1161 
f 1161/1161/1161 1160/1160/1160 1162/1162/1162 
f 1163/1163/1163 1164/1164/1164 1165/1165/1165 
f 1165/1165/1165 1164/1164/1164 1166/1166/1166 
f 1167/1167/1167 1168/1168/1168 1169/1169/1169 
f 1169/1169/1169 1168/1168/1168 1170/1170/1170 

g Steppart11

v -468.999 181.5 -128.999 
v -476.999 181.501 -128.999 
v -468.999 180.5 -129 
v -476.999 180.501 -128.999 
v -477 181.501 -132.999 
v -476.999 181.501 -128.999 
v -469 181.501 -132.999 
v -468.999 181.5 -128.999 
v -476.999 181.501 -128.999 
v -477 181.501 -132.999 
v -476.999 180.501 -128.999 
v -477 180.501 -132.999 
v -477 181.501 -132.999 
v -469 181.501 -132.999 
v -477 180.501 -132.999 
v -469 180.501 -133 
v -469 180.501 -133 
v -468.999 180.5 -129 
v -477 180.501 -132.999 
v -476.999 180.501 -128.999 
v -469 181.501 -132.999 
v -468.999 181.5 -128.999 
v -469 180.501 -133 
v -468.999 180.5 -129 

vn 0 0 1 
vn 0 0 1 
vn 0 0 1 
vn 0 0 1 
vn 0 1 0 
vn 0 1 0 
vn 0 1 0 
vn 0 1 0 
vn -1 0 0 
vn -1 0 0 
vn -1 0 0 
vn -1 0 0 
vn 0 0 -1 
vn 0 0 -1 
vn 0 0 -1 
vn 0 0 -1 
vn 0 -1 0 
vn 0 -1 0 
vn 0 -1 0 
vn 0 -1 0 
vn 1 0 0 
vn 1 0 0 
vn 1 0 0 
vn 1 0 0 

vt 2.25 0.75 
vt 1.25 0.75 
vt 2.25 0.625 
vt 1.25 0.625 
vt 1.75 0.75 
vt 1.25 0.75 
vt 1.75 -0.25 
vt 1.25 -0.25 
vt 1.75 0.75 
vt 1.25 0.75 
vt 1.75 0.625 
vt 1.25 0.625 
vt 2.25 0.75 
vt 1.25 0.75 
vt 2.25 0.625 
vt 1.25 0.625 
vt 1.75 0.75 
vt 1.25 0.75 
vt 1.75 -0.25 
vt 1.25 -0.25 
vt 1.75 0.75 
vt 1.25 0.75 
vt 1.75 0.625 
vt 1.25 0.625 

usemtl Steppart1Mtl

f 1171/1171/1171 1172/1172/1172 1173/1173/1173 
f 1173/1173/1173 1172/1172/1172 1174/1174/1174 
f 1175/1175/1175 1176/1176/1176 1177/1177/1177 
f 1177/1177/1177 1176/1176/1176 1178/1178/1178 
f 1179/1179/1179 1180/1180/1180 1181/1181/1181 
f 1181/1181/1181 1180/1180/1180 1182/1182/1182 
f 1183/1183/1183 1184/1184/1184 1185/1185/1185 
f 1185/1185/1185 1184/1184/1184 1186/1186/1186 
f 1187/1187/1187 1188/1188/1188 1189/1189/1189 
f 1189/1189/1189 1188/1188/1188 1190/1190/1190 
f 1191/1191/1191 1192/1192/1192 1193/1193/1193 
f 1193/1193/1193 1192/1192/1192 1194/1194/1194 

g Steppart12

v -469.197 180.501 -131.122 
v -477.022 180.501 -132.786 
v -469.197 179.501 -131.122 
v -477.022 179.501 -132.786 
v -476.19 180.501 -136.698 
v -477.022 180.501 -132.786 
v -468.365 180.501 -135.035 
v -469.197 180.501 -131.122 
v -477.022 180.501 -132.786 
v -476.19 180.501 -136.698 
v -477.022 179.501 -132.786 
v -476.191 179.501 -136.698 
v -476.19 180.501 -136.698 
v -468.365 180.501 -135.035 
v -476.191 179.501 -136.698 
v -468.365 179.501 -135.035 
v -468.365 179.501 -135.035 
v -469.197 179.501 -131.122 
v -476.191 179.501 -136.698 
v -477.022 179.501 -132.786 
v -468.365 180.501 -135.035 
v -469.197 180.501 -131.122 
v -468.365 179.501 -135.035 
v -469.197 179.501 -131.122 

vn -0.204724 0 0.976378 
vn -0.204724 0 0.976378 
vn -0.204724 0 0.976378 
vn -0.204724 0 0.976378 
vn 0 1 0 
vn 0 1 0 
vn 0 1 0 
vn 0 1 0 
vn -0.976378 0 -0.204724 
vn -0.976378 0 -0.204724 
vn -0.976378 0 -0.204724 
vn -0.976378 0 -0.204724 
vn 0.204724 0 -0.976378 
vn 0.204724 0 -0.976378 
vn 0.204724 0 -0.976378 
vn 0.204724 0 -0.976378 
vn 0 -1 0 
vn 0 -1 0 
vn 0 -1 0 
vn 0 -1 0 
vn 0.976378 0 0.204724 
vn 0.976378 0 0.204724 
vn 0.976378 0 0.204724 
vn 0.976378 0 0.204724 

vt 5.5 0.5 
vt 4.5 0.5 
vt 5.5 0.375 
vt 4.5 0.375 
vt 5 0.5 
vt 4.5 0.5 
vt 5 -0.5 
vt 4.5 -0.5 
vt 5 0.5 
vt 4.5 0.5 
vt 5 0.375 
vt 4.5 0.375 
vt 5.5 0.5 
vt 4.5 0.5 
vt 5.5 0.375 
vt 4.5 0.375 
vt 5 0.5 
vt 4.5 0.5 
vt 5 -0.5 
vt 4.5 -0.5 
vt 5 0.5 
vt 4.5 0.5 
vt 5 0.375 
vt 4.5 0.375 

usemtl Steppart1Mtl

f 1195/1195/1195 1196/1196/1196 1197/1197/1197 
f 1197/1197/1197 1196/1196/1196 1198/1198/1198 
f 1199/1199/1199 1200/1200/1200 1201/1201/1201 
f 1201/1201/1201 1200/1200/1200 1202/1202/1202 
f 1203/1203/1203 1204/1204/1204 1205/1205/1205 
f 1205/1205/1205 1204/1204/1204 1206/1206/1206 
f 1207/1207/1207 1208/1208/1208 1209/1209/1209 
f 1209/1209/1209 1208/1208/1208 1210/1210/1210 
f 1211/1211/1211 1212/1212/1212 1213/1213/1213 
f 1213/1213/1213 1212/1212/1212 1214/1214/1214 
f 1215/1215/1215 1216/1216/1216 1217/1217/1217 
f 1217/1217/1217 1216/1216/1216 1218/1218/1218 

g Steppart13

v -468.949 179.501 -133.24 
v -476.257 179.501 -136.494 
v -468.949 178.501 -133.24 
v -476.257 178.501 -136.494 
v -474.63 179.501 -140.148 
v -476.257 179.501 -136.494 
v -467.322 179.501 -136.894 
v -468.949 179.501 -133.24 
v -476.257 179.501 -136.494 
v -474.63 179.501 -140.148 
v -476.257 178.501 -136.494 
v -474.63 178.501 -140.148 
v -474.63 179.501 -140.148 
v -467.322 179.501 -136.894 
v -474.63 178.501 -140.148 
v -467.322 178.501 -136.894 
v -467.322 178.501 -136.894 
v -468.949 178.501 -133.24 
v -474.63 178.501 -140.148 
v -476.257 178.501 -136.494 
v -467.322 179.501 -136.894 
v -468.949 179.501 -133.24 
v -467.322 178.501 -136.894 
v -468.949 178.501 -133.24 

vn -0.409449 0 0.913386 
vn -0.409449 0 0.913386 
vn -0.409449 0 0.913386 
vn -0.409449 0 0.913386 
vn 0 1 0 
vn 0 1 0 
vn 0 1 0 
vn 0 1 0 
vn -0.913386 0 -0.409449 
vn -0.913386 0 -0.409449 
vn -0.913386 0 -0.409449 
vn -0.913386 0 -0.409449 
vn 0.409449 0 -0.913386 
vn 0.409449 0 -0.913386 
vn 0.409449 0 -0.913386 
vn 0.409449 0 -0.913386 
vn 0 -1 0 
vn 0 -1 0 
vn 0 -1 0 
vn 0 -1 0 
vn 0.913386 0 0.409449 
vn 0.913386 0 0.409449 
vn 0.913386 0 0.409449 
vn 0.913386 0 0.409449 

vt 6 -6 
vt 5 -6 
vt 6 -6.125 
vt 5 -6.125 
vt 5.5 -6 
vt 5 -6 
vt 5.5 -7 
vt 5 -7 
vt 5.5 -6 
vt 5 -6 
vt 5.5 -6.125 
vt 5 -6.125 
vt 6 -6 
vt 5 -6 
vt 6 -6.125 
vt 5 -6.125 
vt 5.5 -6 
vt 5 -6 
vt 5.5 -7 
vt 5 -7 
vt 5.5 -6 
vt 5 -6 
vt 5.5 -6.125 
vt 5 -6.125 

usemtl Steppart1Mtl

f 1219/1219/1219 1220/1220/1220 1221/1221/1221 
f 1221/1221/1221 1220/1220/1220 1222/1222/1222 
f 1223/1223/1223 1224/1224/1224 1225/1225/1225 
f 1225/1225/1225 1224/1224/1224 1226/1226/1226 
f 1227/1227/1227 1228/1228/1228 1229/1229/1229 
f 1229/1229/1229 1228/1228/1228 1230/1230/1230 
f 1231/1231/1231 1232/1232/1232 1233/1233/1233 
f 1233/1233/1233 1232/1232/1232 1234/1234/1234 
f 1235/1235/1235 1236/1236/1236 1237/1237/1237 
f 1237/1237/1237 1236/1236/1236 1238/1238/1238 
f 1239/1239/1239 1240/1240/1240 1241/1241/1241 
f 1241/1241/1241 1240/1240/1240 1242/1242/1242 

g Steppart14

v -468.266 178.501 -135.259 
v -474.738 178.501 -139.961 
v -468.266 177.501 -135.259 
v -474.738 177.501 -139.961 
v -472.387 178.501 -143.197 
v -474.738 178.501 -139.961 
v -465.915 178.501 -138.495 
v -468.266 178.501 -135.259 
v -474.738 178.501 -139.961 
v -472.387 178.501 -143.197 
v -474.738 177.501 -139.961 
v -472.387 177.501 -143.198 
v -472.387 178.501 -143.197 
v -465.915 178.501 -138.495 
v -472.387 177.501 -143.198 
v -465.915 177.501 -138.495 
v -465.915 177.501 -138.495 
v -468.266 177.501 -135.259 
v -472.387 177.501 -143.198 
v -474.738 177.501 -139.961 
v -465.915 178.501 -138.495 
v -468.266 178.501 -135.259 
v -465.915 177.501 -138.495 
v -468.266 177.501 -135.259 

vn -0.590551 0 0.811024 
vn -0.590551 0 0.811024 
vn -0.590551 0 0.811024 
vn -0.590551 0 0.811024 
vn 0 1 0 
vn 0 1 0 
vn 0 1 0 
vn 0 1 0 
vn -0.811024 0 -0.590551 
vn -0.811024 0 -0.590551 
vn -0.811024 0 -0.590551 
vn -0.811024 0 -0.590551 
vn 0.590551 0 -0.811024 
vn 0.590551 0 -0.811024 
vn 0.590551 0 -0.811024 
vn 0.590551 0 -0.811024 
vn 0 -1 0 
vn 0 -1 0 
vn 0 -1 0 
vn 0 -1 0 
vn 0.811024 0 0.590551 
vn 0.811024 0 0.590551 
vn 0.811024 0 0.590551 
vn 0.811024 0 0.590551 

vt 3 -5.25 
vt 2 -5.25 
vt 3 -5.375 
vt 2 -5.375 
vt 2.5 -5.25 
vt 2 -5.25 
vt 2.5 -6.25 
vt 2 -6.25 
vt 2.5 -5.25 
vt 2 -5.25 
vt 2.5 -5.375 
vt 2 -5.375 
vt 3 -5.25 
vt 2 -5.25 
vt 3 -5.375 
vt 2 -5.375 
vt 2.5 -5.25 
vt 2 -5.25 
vt 2.5 -6.25 
vt 2 -6.25 
vt 2.5 -5.25 
vt 2 -5.25 
vt 2.5 -5.375 
vt 2 -5.375 

usemtl Steppart1Mtl

f 1243/1243/1243 1244/1244/1244 1245/1245/1245 
f 1245/1245/1245 1244/1244/1244 1246/1246/1246 
f 1247/1247/1247 1248/1248/1248 1249/1249/1249 
f 1249/1249/1249 1248/1248/1248 1250/1250/1250 
f 1251/1251/1251 1252/1252/1252 1253/1253/1253 
f 1253/1253/1253 1252/1252/1252 1254/1254/1254 
f 1255/1255/1255 1256/1256/1256 1257/1257/1257 
f 1257/1257/1257 1256/1256/1256 1258/1258/1258 
f 1259/1259/1259 1260/1260/1260 1261/1261/1261 
f 1261/1261/1261 1260/1260/1260 1262/1262/1262 
f 1263/1263/1263 1264/1264/1264 1265/1265/1265 
f 1265/1265/1265 1264/1264/1264 1266/1266/1266 

g Steppart15

v -467.177 177.501 -137.093 
v -472.53 177.501 -143.038 
v -467.178 176.501 -137.093 
v -472.531 176.501 -143.038 
v -469.558 177.501 -145.715 
v -472.53 177.501 -143.038 
v -464.205 177.501 -139.769 
v -467.177 177.501 -137.093 
v -472.53 177.501 -143.038 
v -469.558 177.501 -145.715 
v -472.531 176.501 -143.038 
v -469.558 176.501 -145.715 
v -469.558 177.501 -145.715 
v -464.205 177.501 -139.769 
v -469.558 176.501 -145.715 
v -464.205 176.501 -139.769 
v -464.205 176.501 -139.769 
v -467.178 176.501 -137.093 
v -469.558 176.501 -145.715 
v -472.531 176.501 -143.038 
v -464.205 177.501 -139.769 
v -467.177 177.501 -137.093 
v -464.205 176.501 -139.769 
v -467.178 176.501 -137.093 

vn -0.740157 0 0.669291 
vn -0.740157 0 0.669291 
vn -0.740157 0 0.669291 
vn -0.740157 0 0.669291 
vn 0 1 0 
vn 0 1 0 
vn 0 1 0 
vn 0 1 0 
vn -0.669291 0 -0.740157 
vn -0.669291 0 -0.740157 
vn -0.669291 0 -0.740157 
vn -0.669291 0 -0.740157 
vn 0.740157 0 -0.669291 
vn 0.740157 0 -0.669291 
vn 0.740157 0 -0.669291 
vn 0.740157 0 -0.669291 
vn 0 -1 0 
vn 0 -1 0 
vn 0 -1 0 
vn 0 -1 0 
vn 0.669291 0 0.740157 
vn 0.669291 0 0.740157 
vn 0.669291 0 0.740157 
vn 0.669291 0 0.740157 

vt 2 -0.75 
vt 1 -0.75 
vt 2 -0.875 
vt 1 -0.875 
vt 1.5 -0.75 
vt 1 -0.75 
vt 1.5 -1.75 
vt 1 -1.75 
vt 1.5 -0.75 
vt 1 -0.75 
vt 1.5 -0.875 
vt 1 -0.875 
vt 2 -0.75 
vt 1 -0.75 
vt 2 -0.875 
vt 1 -0.875 
vt 1.5 -0.75 
vt 1 -0.75 
vt 1.5 -1.75 
vt 1 -1.75 
vt 1.5 -0.75 
vt 1 -0.75 
vt 1.5 -0.875 
vt 1 -0.875 

usemtl Steppart1Mtl

f 1267/1267/1267 1268/1268/1268 1269/1269/1269 
f 1269/1269/1269 1268/1268/1268 1270/1270/1270 
f 1271/1271/1271 1272/1272/1272 1273/1273/1273 
f 1273/1273/1273 1272/1272/1272 1274/1274/1274 
f 1275/1275/1275 1276/1276/1276 1277/1277/1277 
f 1277/1277/1277 1276/1276/1276 1278/1278/1278 
f 1279/1279/1279 1280/1280/1280 1281/1281/1281 
f 1281/1281/1281 1280/1280/1280 1282/1282/1282 
f 1283/1283/1283 1284/1284/1284 1285/1285/1285 
f 1285/1285/1285 1284/1284/1284 1286/1286/1286 
f 1287/1287/1287 1288/1288/1288 1289/1289/1289 
f 1289/1289/1289 1288/1288/1288 1290/1290/1290 

g Steppart16

v -476.99 191.401 -132.159 
v -480.99 191.402 -139.087 
v -476.99 190.601 -132.159 
v -480.99 190.602 -139.088 
v -466.268 191.401 -147.588 
v -480.99 191.402 -139.087 
v -462.268 191.401 -140.659 
v -476.99 191.401 -132.159 
v -480.99 191.402 -139.087 
v -466.268 191.401 -147.588 
v -480.99 190.602 -139.088 
v -466.268 190.601 -147.588 
v -466.268 191.401 -147.588 
v -462.268 191.401 -140.659 
v -466.268 190.601 -147.588 
v -462.268 190.601 -140.659 
v -462.268 190.601 -140.659 
v -476.99 190.601 -132.159 
v -466.268 190.601 -147.588 
v -480.99 190.602 -139.088 
v -462.268 191.401 -140.659 
v -476.99 191.401 -132.159 
v -462.268 190.601 -140.659 
v -476.99 190.601 -132.159 

vn -0.866142 0 0.503937 
vn -0.866142 0 0.503937 
vn -0.866142 0 0.503937 
vn -0.866142 0 0.503937 
vn 0 1 0 
vn 0 1 0 
vn 0 1 0 
vn 0 1 0 
vn -0.503937 0 -0.866142 
vn -0.503937 0 -0.866142 
vn -0.503937 0 -0.866142 
vn -0.503937 0 -0.866142 
vn 0.866142 0 -0.503937 
vn 0.866142 0 -0.503937 
vn 0.866142 0 -0.503937 
vn 0.866142 0 -0.503937 
vn 0 -1 0 
vn 0 -1 0 
vn 0 -1 0 
vn 0 -1 0 
vn 0.503937 0 0.866142 
vn 0.503937 0 0.866142 
vn 0.503937 0 0.866142 
vn 0.503937 0 0.866142 

vt 8 -6.75 
vt 7 -6.75 
vt 8 -6.85 
vt 7 -6.85 
vt 9.125 -6.75 
vt 7 -6.75 
vt 9.125 -7.75 
vt 7 -7.75 
vt 9.125 -6.75 
vt 7 -6.75 
vt 9.125 -6.85 
vt 7 -6.85 
vt 8 -6.75 
vt 7 -6.75 
vt 8 -6.85 
vt 7 -6.85 
vt 9.125 -6.75 
vt 7 -6.75 
vt 9.125 -7.75 
vt 7 -7.75 
vt 9.125 -6.75 
vt 7 -6.75 
vt 9.125 -6.85 
vt 7 -6.85 

usemtl Steppart1Mtl

f 1291/1291/1291 1292/1292/1292 1293/1293/1293 
f 1293/1293/1293 1292/1292/1292 1294/1294/1294 
f 1295/1295/1295 1296/1296/1296 1297/1297/1297 
f 1297/1297/1297 1296/1296/1296 1298/1298/1298 
f 1299/1299/1299 1300/1300/1300 1301/1301/1301 
f 1301/1301/1301 1300/1300/1300 1302/1302/1302 
f 1303/1303/1303 1304/1304/1304 1305/1305/1305 
f 1305/1305/1305 1304/1304/1304 1306/1306/1306 
f 1307/1307/1307 1308/1308/1308 1309/1309/1309 
f 1309/1309/1309 1308/1308/1308 1310/1310/1310 
f 1311/1311/1311 1312/1312/1312 1313/1313/1313 
f 1313/1313/1313 1312/1312/1312 1314/1314/1314 

g Steppart17

v -463.992 190.501 -139.892 
v -466.464 190.502 -147.5 
v -463.992 189.501 -139.892 
v -466.464 189.502 -147.5 
v -462.66 190.501 -148.736 
v -466.464 190.502 -147.5 
v -460.188 190.501 -141.128 
v -463.992 190.501 -139.892 
v -466.464 190.502 -147.5 
v -462.66 190.501 -148.736 
v -466.464 189.502 -147.5 
v -462.66 189.501 -148.736 
v -462.66 190.501 -148.736 
v -460.188 190.501 -141.128 
v -462.66 189.501 -148.736 
v -460.188 189.501 -141.128 
v -460.188 189.501 -141.128 
v -463.992 189.501 -139.892 
v -462.66 189.501 -148.736 
v -466.464 189.502 -147.5 
v -460.188 190.501 -141.128 
v -463.992 190.501 -139.892 
v -460.188 189.501 -141.128 
v -463.992 189.501 -139.892 

vn -0.952756 0 0.307087 
vn -0.952756 0 0.307087 
vn -0.952756 0 0.307087 
vn -0.952756 0 0.307087 
vn 0 1 0 
vn 0 1 0 
vn 0 1 0 
vn 0 1 0 
vn -0.307087 0 -0.952756 
vn -0.307087 0 -0.952756 
vn -0.307087 0 -0.952756 
vn -0.307087 0 -0.952756 
vn 0.952756 0 -0.307087 
vn 0.952756 0 -0.307087 
vn 0.952756 0 -0.307087 
vn 0.952756 0 -0.307087 
vn 0 -1 0 
vn 0 -1 0 
vn 0 -1 0 
vn 0 -1 0 
vn 0.307087 0 0.952756 
vn 0.307087 0 0.952756 
vn 0.307087 0 0.952756 
vn 0.307087 0 0.952756 

vt 1.5 -5.75 
vt 0.5 -5.75 
vt 1.5 -5.875 
vt 0.5 -5.875 
vt 1 -5.75 
vt 0.5 -5.75 
vt 1 -6.75 
vt 0.5 -6.75 
vt 1 -5.75 
vt 0.5 -5.75 
vt 1 -5.875 
vt 0.5 -5.875 
vt 1.5 -5.75 
vt 0.5 -5.75 
vt 1.5 -5.875 
vt 0.5 -5.875 
vt 1 -5.75 
vt 0.5 -5.75 
vt 1 -6.75 
vt 0.5 -6.75 
vt 1 -5.75 
vt 0.5 -5.75 
vt 1 -5.875 
vt 0.5 -5.875 

usemtl Steppart1Mtl

f 1315/1315/1315 1316/1316/1316 1317/1317/1317 
f 1317/1317/1317 1316/1316/1316 1318/1318/1318 
f 1319/1319/1319 1320/1320/1320 1321/1321/1321 
f 1321/1321/1321 1320/1320/1320 1322/1322/1322 
f 1323/1323/1323 1324/1324/1324 1325/1325/1325 
f 1325/1325/1325 1324/1324/1324 1326/1326/1326 
f 1327/1327/1327 1328/1328/1328 1329/1329/1329 
f 1329/1329/1329 1328/1328/1328 1330/1330/1330 
f 1331/1331/1331 1332/1332/1332 1333/1333/1333 
f 1333/1333/1333 1332/1332/1332 1334/1334/1334 
f 1335/1335/1335 1336/1336/1336 1337/1337/1337 
f 1337/1337/1337 1336/1336/1336 1338/1338/1338 

g Steppart18

v -462.035 189.501 -140.736 
v -462.871 189.502 -148.692 
v -462.035 188.501 -140.736 
v -462.871 188.502 -148.692 
v -458.893 189.501 -149.11 
v -462.871 189.502 -148.692 
v -458.056 189.501 -141.154 
v -462.035 189.501 -140.736 
v -462.871 189.502 -148.692 
v -458.893 189.501 -149.11 
v -462.871 188.502 -148.692 
v -458.893 188.501 -149.11 
v -458.893 189.501 -149.11 
v -458.056 189.501 -141.154 
v -458.893 188.501 -149.11 
v -458.057 188.501 -141.154 
v -458.057 188.501 -141.154 
v -462.035 188.501 -140.736 
v -458.893 188.501 -149.11 
v -462.871 188.502 -148.692 
v -458.056 189.501 -141.154 
v -462.035 189.501 -140.736 
v -458.057 188.501 -141.154 
v -462.035 188.501 -140.736 

vn -0.992126 0 0.102362 
vn -0.992126 0 0.102362 
vn -0.992126 0 0.102362 
vn -0.992126 0 0.102362 
vn 0 1 0 
vn 0 1 0 
vn 0 1 0 
vn 0 1 0 
vn -0.102362 0 -0.992126 
vn -0.102362 0 -0.992126 
vn -0.102362 0 -0.992126 
vn -0.102362 0 -0.992126 
vn 0.992126 0 -0.102362 
vn 0.992126 0 -0.102362 
vn 0.992126 0 -0.102362 
vn 0.992126 0 -0.102362 
vn 0 -1 0 
vn 0 -1 0 
vn 0 -1 0 
vn 0 -1 0 
vn 0.102362 0 0.992126 
vn 0.102362 0 0.992126 
vn 0.102362 0 0.992126 
vn 0.102362 0 0.992126 

vt 3.25 -3.5 
vt 2.25 -3.5 
vt 3.25 -3.625 
vt 2.25 -3.625 
vt 2.75 -3.5 
vt 2.25 -3.5 
vt 2.75 -4.5 
vt 2.25 -4.5 
vt 2.75 -3.5 
vt 2.25 -3.5 
vt 2.75 -3.625 
vt 2.25 -3.625 
vt 3.25 -3.5 
vt 2.25 -3.5 
vt 3.25 -3.625 
vt 2.25 -3.625 
vt 2.75 -3.5 
vt 2.25 -3.5 
vt 2.75 -4.5 
vt 2.25 -4.5 
vt 2.75 -3.5 
vt 2.25 -3.5 
vt 2.75 -3.625 
vt 2.25 -3.625 

usemtl Steppart1Mtl

f 1339/1339/1339 1340/1340/1340 1341/1341/1341 
f 1341/1341/1341 1340/1340/1340 1342/1342/1342 
f 1343/1343/1343 1344/1344/1344 1345/1345/1345 
f 1345/1345/1345 1344/1344/1344 1346/1346/1346 
f 1347/1347/1347 1348/1348/1348 1349/1349/1349 
f 1349/1349/1349 1348/1348/1348 1350/1350/1350 
f 1351/1351/1351 1352/1352/1352 1353/1353/1353 
f 1353/1353/1353 1352/1352/1352 1354/1354/1354 
f 1355/1355/1355 1356/1356/1356 1357/1357/1357 
f 1357/1357/1357 1356/1356/1356 1358/1358/1358 
f 1359/1359/1359 1360/1360/1360 1361/1361/1361 
f 1361/1361/1361 1360/1360/1360 1362/1362/1362 

g Steppart19

v -459.944 188.501 -141.154 
v -459.108 188.501 -149.11 
v -459.944 187.501 -141.154 
v -459.108 187.501 -149.11 
v -455.13 188.501 -148.692 
v -459.108 188.501 -149.11 
v -455.965 188.501 -140.736 
v -459.944 188.501 -141.154 
v -459.108 188.501 -149.11 
v -455.13 188.501 -148.692 
v -459.108 187.501 -149.11 
v -455.13 187.501 -148.692 
v -455.13 188.501 -148.692 
v -455.965 188.501 -140.736 
v -455.13 187.501 -148.692 
v -455.966 187.501 -140.736 
v -455.966 187.501 -140.736 
v -459.944 187.501 -141.154 
v -455.13 187.501 -148.692 
v -459.108 187.501 -149.11 
v -455.965 188.501 -140.736 
v -459.944 188.501 -141.154 
v -455.966 187.501 -140.736 
v -459.944 187.501 -141.154 

vn -0.992126 0 -0.102362 
vn -0.992126 0 -0.102362 
vn -0.992126 0 -0.102362 
vn -0.992126 0 -0.102362 
vn 0 1 0 
vn 0 1 0 
vn 0 1 0 
vn 0 1 0 
vn 0.102362 0 -0.992126 
vn 0.102362 0 -0.992126 
vn 0.102362 0 -0.992126 
vn 0.102362 0 -0.992126 
vn 0.992126 0 0.102362 
vn 0.992126 0 0.102362 
vn 0.992126 0 0.102362 
vn 0.992126 0 0.102362 
vn 0 -1 0 
vn 0 -1 0 
vn 0 -1 0 
vn 0 -1 0 
vn -0.102362 0 0.992126 
vn -0.102362 0 0.992126 
vn -0.102362 0 0.992126 
vn -0.102362 0 0.992126 

vt 8.25 -4.5 
vt 7.25 -4.5 
vt 8.25 -4.625 
vt 7.25 -4.625 
vt 7.75 -4.5 
vt 7.25 -4.5 
vt 7.75 -5.5 
vt 7.25 -5.5 
vt 7.75 -4.5 
vt 7.25 -4.5 
vt 7.75 -4.625 
vt 7.25 -4.625 
vt 8.25 -4.5 
vt 7.25 -4.5 
vt 8.25 -4.625 
vt 7.25 -4.625 
vt 7.75 -4.5 
vt 7.25 -4.5 
vt 7.75 -5.5 
vt 7.25 -5.5 
vt 7.75 -4.5 
vt 7.25 -4.5 
vt 7.75 -4.625 
vt 7.25 -4.625 

usemtl Steppart1Mtl

f 1363/1363/1363 1364/1364/1364 1365/1365/1365 
f 1365/1365/1365 1364/1364/1364 1366/1366/1366 
f 1367/1367/1367 1368/1368/1368 1369/1369/1369 
f 1369/1369/1369 1368/1368/1368 1370/1370/1370 
f 1371/1371/1371 1372/1372/1372 1373/1373/1373 
f 1373/1373/1373 1372/1372/1372 1374/1374/1374 
f 1375/1375/1375 1376/1376/1376 1377/1377/1377 
f 1377/1377/1377 1376/1376/1376 1378/1378/1378 
f 1379/1379/1379 1380/1380/1380 1381/1381/1381 
f 1381/1381/1381 1380/1380/1380 1382/1382/1382 
f 1383/1383/1383 1384/1384/1384 1385/1385/1385 
f 1385/1385/1385 1384/1384/1384 1386/1386/1386 

g Steppart20

v -457.812 187.501 -141.128 
v -455.34 187.501 -148.737 
v -457.812 186.501 -141.128 
v -455.34 186.501 -148.737 
v -451.536 187.501 -147.501 
v -455.34 187.501 -148.737 
v -454.007 187.501 -139.892 
v -457.812 187.501 -141.128 
v -455.34 187.501 -148.737 
v -451.536 187.501 -147.501 
v -455.34 186.501 -148.737 
v -451.536 186.501 -147.501 
v -451.536 187.501 -147.501 
v -454.007 187.501 -139.892 
v -451.536 186.501 -147.501 
v -454.007 186.501 -139.892 
v -454.007 186.501 -139.892 
v -457.812 186.501 -141.128 
v -451.536 186.501 -147.501 
v -455.34 186.501 -148.737 
v -454.007 187.501 -139.892 
v -457.812 187.501 -141.128 
v -454.007 186.501 -139.892 
v -457.812 186.501 -141.128 

vn -0.952756 0 -0.307087 
vn -0.952756 0 -0.307087 
vn -0.952756 0 -0.307087 
vn -0.952756 0 -0.307087 
vn 0 1 0 
vn 0 1 0 
vn 0 1 0 
vn 0 1 0 
vn 0.307087 0 -0.952756 
vn 0.307087 0 -0.952756 
vn 0.307087 0 -0.952756 
vn 0.307087 0 -0.952756 
vn 0.952756 0 0.307087 
vn 0.952756 0 0.307087 
vn 0.952756 0 0.307087 
vn 0.952756 0 0.307087 
vn 0 -1 0 
vn 0 -1 0 
vn 0 -1 0 
vn 0 -1 0 
vn -0.307087 0 0.952756 
vn -0.307087 0 0.952756 
vn -0.307087 0 0.952756 
vn -0.307087 0 0.952756 

vt 4 -3 
vt 3 -3 
vt 4 -3.125 
vt 3 -3.125 
vt 3.5 -3 
vt 3 -3 
vt 3.5 -4 
vt 3 -4 
vt 3.5 -3 
vt 3 -3 
vt 3.5 -3.125 
vt 3 -3.125 
vt 4 -3 
vt 3 -3 
vt 4 -3.125 
vt 3 -3.125 
vt 3.5 -3 
vt 3 -3 
vt 3.5 -4 
vt 3 -4 
vt 3.5 -3 
vt 3 -3 
vt 3.5 -3.125 
vt 3 -3.125 

usemtl Steppart1Mtl

f 1387/1387/1387 1388/1388/1388 1389/1389/1389 
f 1389/1389/1389 1388/1388/1388 1390/1390/1390 
f 1391/1391/1391 1392/1392/1392 1393/1393/1393 
f 1393/1393/1393 1392/1392/1392 1394/1394/1394 
f 1395/1395/1395 1396/1396/1396 1397/1397/1397 
f 1397/1397/1397 1396/1396/1396 1398/1398/1398 
f 1399/1399/1399 1400/1400/1400 1401/1401/1401 
f 1401/1401/1401 1400/1400/1400 1402/1402/1402 
f 1403/1403/1403 1404/1404/1404 1405/1405/1405 
f 1405/1405/1405 1404/1404/1404 1406/1406/1406 
f 1407/1407/1407 1408/1408/1408 1409/1409/1409 
f 1409/1409/1409 1408/1408/1408 1410/1410/1410 

g Steppart21

v -455.732 186.501 -140.66 
v -451.732 186.501 -147.588 
v -455.732 185.501 -140.66 
v -451.732 185.501 -147.588 
v -448.268 186.501 -145.588 
v -451.732 186.501 -147.588 
v -452.268 186.501 -138.66 
v -455.732 186.501 -140.66 
v -451.732 186.501 -147.588 
v -448.268 186.501 -145.588 
v -451.732 185.501 -147.588 
v -448.268 185.501 -145.588 
v -448.268 186.501 -145.588 
v -452.268 186.501 -138.66 
v -448.268 185.501 -145.588 
v -452.268 185.501 -138.66 
v -452.268 185.501 -138.66 
v -455.732 185.501 -140.66 
v -448.268 185.501 -145.588 
v -451.732 185.501 -147.588 
v -452.268 186.501 -138.66 
v -455.732 186.501 -140.66 
v -452.268 185.501 -138.66 
v -455.732 185.501 -140.66 

vn -0.866142 0 -0.496063 
vn -0.866142 0 -0.496063 
vn -0.866142 0 -0.496063 
vn -0.866142 0 -0.496063 
vn 0 1 0 
vn 0 1 0 
vn 0 1 0 
vn 0 1 0 
vn 0.496063 0 -0.866142 
vn 0.496063 0 -0.866142 
vn 0.496063 0 -0.866142 
vn 0.496063 0 -0.866142 
vn 0.866142 0 0.496063 
vn 0.866142 0 0.496063 
vn 0.866142 0 0.496063 
vn 0.866142 0 0.496063 
vn 0 -1 0 
vn 0 -1 0 
vn 0 -1 0 
vn 0 -1 0 
vn -0.496063 0 0.866142 
vn -0.496063 0 0.866142 
vn -0.496063 0 0.866142 
vn -0.496063 0 0.866142 

vt 6.25 -2 
vt 5.25 -2 
vt 6.25 -2.125 
vt 5.25 -2.125 
vt 5.75 -2 
vt 5.25 -2 
vt 5.75 -3 
vt 5.25 -3 
vt 5.75 -2 
vt 5.25 -2 
vt 5.75 -2.125 
vt 5.25 -2.125 
vt 6.25 -2 
vt 5.25 -2 
vt 6.25 -2.125 
vt 5.25 -2.125 
vt 5.75 -2 
vt 5.25 -2 
vt 5.75 -3 
vt 5.25 -3 
vt 5.75 -2 
vt 5.25 -2 
vt 5.75 -2.125 
vt 5.25 -2.125 

usemtl Steppart1Mtl

f 1411/1411/1411 1412/1412/1412 1413/1413/1413 
f 1413/1413/1413 1412/1412/1412 1414/1414/1414 
f 1415/1415/1415 1416/1416/1416 1417/1417/1417 
f 1417/1417/1417 1416/1416/1416 1418/1418/1418 
f 1419/1419/1419 1420/1420/1420 1421/1421/1421 
f 1421/1421/1421 1420/1420/1420 1422/1422/1422 
f 1423/1423/1423 1424/1424/1424 1425/1425/1425 
f 1425/1425/1425 1424/1424/1424 1426/1426/1426 
f 1427/1427/1427 1428/1428/1428 1429/1429/1429 
f 1429/1429/1429 1428/1428/1428 1430/1430/1430 
f 1431/1431/1431 1432/1432/1432 1433/1433/1433 
f 1433/1433/1433 1432/1432/1432 1434/1434/1434 

g Steppart22

v -453.795 185.501 -139.77 
v -448.442 185.501 -145.715 
v -453.795 184.501 -139.77 
v -448.442 184.501 -145.715 
v -445.469 185.501 -143.038 
v -448.442 185.501 -145.715 
v -450.822 185.501 -137.093 
v -453.795 185.501 -139.77 
v -448.442 185.501 -145.715 
v -445.469 185.501 -143.038 
v -448.442 184.501 -145.715 
v -445.469 184.501 -143.038 
v -445.469 185.501 -143.038 
v -450.822 185.501 -137.093 
v -445.469 184.501 -143.038 
v -450.822 184.501 -137.093 
v -450.822 184.501 -137.093 
v -453.795 184.501 -139.77 
v -445.469 184.501 -143.038 
v -448.442 184.501 -145.715 
v -450.822 185.501 -137.093 
v -453.795 185.501 -139.77 
v -450.822 184.501 -137.093 
v -453.795 184.501 -139.77 

vn -0.740157 0 -0.669291 
vn -0.740157 0 -0.669291 
vn -0.740157 0 -0.669291 
vn -0.740157 0 -0.669291 
vn 0 1 0 
vn 0 1 0 
vn 0 1 0 
vn 0 1 0 
vn 0.669291 0 -0.740157 
vn 0.669291 0 -0.740157 
vn 0.669291 0 -0.740157 
vn 0.669291 0 -0.740157 
vn 0.740157 0 0.669291 
vn 0.740157 0 0.669291 
vn 0.740157 0 0.669291 
vn 0.740157 0 0.669291 
vn 0 -1 0 
vn 0 -1 0 
vn 0 -1 0 
vn 0 -1 0 
vn -0.669291 0 0.740157 
vn -0.669291 0 0.740157 
vn -0.669291 0 0.740157 
vn -0.669291 0 0.740157 

vt 8.25 -0.75 
vt 7.25 -0.75 
vt 8.25 -0.875 
vt 7.25 -0.875 
vt 7.75 -0.75 
vt 7.25 -0.75 
vt 7.75 -1.75 
vt 7.25 -1.75 
vt 7.75 -0.75 
vt 7.25 -0.75 
vt 7.75 -0.875 
vt 7.25 -0.875 
vt 8.25 -0.75 
vt 7.25 -0.75 
vt 8.25 -0.875 
vt 7.25 -0.875 
vt 7.75 -0.75 
vt 7.25 -0.75 
vt 7.75 -1.75 
vt 7.25 -1.75 
vt 7.75 -0.75 
vt 7.25 -0.75 
vt 7.75 -0.875 
vt 7.25 -0.875 

usemtl Steppart1Mtl

f 1435/1435/1435 1436/1436/1436 1437/1437/1437 
f 1437/1437/1437 1436/1436/1436 1438/1438/1438 
f 1439/1439/1439 1440/1440/1440 1441/1441/1441 
f 1441/1441/1441 1440/1440/1440 1442/1442/1442 
f 1443/1443/1443 1444/1444/1444 1445/1445/1445 
f 1445/1445/1445 1444/1444/1444 1446/1446/1446 
f 1447/1447/1447 1448/1448/1448 1449/1449/1449 
f 1449/1449/1449 1448/1448/1448 1450/1450/1450 
f 1451/1451/1451 1452/1452/1452 1453/1453/1453 
f 1453/1453/1453 1452/1452/1452 1454/1454/1454 
f 1455/1455/1455 1456/1456/1456 1457/1457/1457 
f 1457/1457/1457 1456/1456/1456 1458/1458/1458 

g Steppart23

v -452.085 184.501 -138.496 
v -445.613 184.501 -143.198 
v -452.085 183.501 -138.496 
v -445.613 183.501 -143.198 
v -443.262 184.501 -139.962 
v -445.613 184.501 -143.198 
v -449.734 184.501 -135.26 
v -452.085 184.501 -138.496 
v -445.613 184.501 -143.198 
v -443.262 184.501 -139.962 
v -445.613 183.501 -143.198 
v -443.262 183.501 -139.962 
v -443.262 184.501 -139.962 
v -449.734 184.501 -135.26 
v -443.262 183.501 -139.962 
v -449.734 183.501 -135.26 
v -449.734 183.501 -135.26 
v -452.085 183.501 -138.496 
v -443.262 183.501 -139.962 
v -445.613 183.501 -143.198 
v -449.734 184.501 -135.26 
v -452.085 184.501 -138.496 
v -449.734 183.501 -135.26 
v -452.085 183.501 -138.496 

vn -0.590551 0 -0.811024 
vn -0.590551 0 -0.811024 
vn -0.590551 0 -0.811024 
vn -0.590551 0 -0.811024 
vn 0 1 0 
vn 0 1 0 
vn 0 1 0 
vn 0 1 0 
vn 0.811024 0 -0.590551 
vn 0.811024 0 -0.590551 
vn 0.811024 0 -0.590551 
vn 0.811024 0 -0.590551 
vn 0.590551 0 0.811024 
vn 0.590551 0 0.811024 
vn 0.590551 0 0.811024 
vn 0.590551 0 0.811024 
vn 0 -1 0 
vn 0 -1 0 
vn 0 -1 0 
vn 0 -1 0 
vn -0.811024 0 0.590551 
vn -0.811024 0 0.590551 
vn -0.811024 0 0.590551 
vn -0.811024 0 0.590551 

vt 1.75 0.75 
vt 0.75 0.75 
vt 1.75 0.625 
vt 0.75 0.625 
vt 1.25 0.75 
vt 0.75 0.75 
vt 1.25 -0.25 
vt 0.75 -0.25 
vt 1.25 0.75 
vt 0.75 0.75 
vt 1.25 0.625 
vt 0.75 0.625 
vt 1.75 0.75 
vt 0.75 0.75 
vt 1.75 0.625 
vt 0.75 0.625 
vt 1.25 0.75 
vt 0.75 0.75 
vt 1.25 -0.25 
vt 0.75 -0.25 
vt 1.25 0.75 
vt 0.75 0.75 
vt 1.25 0.625 
vt 0.75 0.625 

usemtl Steppart1Mtl

f 1459/1459/1459 1460/1460/1460 1461/1461/1461 
f 1461/1461/1461 1460/1460/1460 1462/1462/1462 
f 1463/1463/1463 1464/1464/1464 1465/1465/1465 
f 1465/1465/1465 1464/1464/1464 1466/1466/1466 
f 1467/1467/1467 1468/1468/1468 1469/1469/1469 
f 1469/1469/1469 1468/1468/1468 1470/1470/1470 
f 1471/1471/1471 1472/1472/1472 1473/1473/1473 
f 1473/1473/1473 1472/1472/1472 1474/1474/1474 
f 1475/1475/1475 1476/1476/1476 1477/1477/1477 
f 1477/1477/1477 1476/1476/1476 1478/1478/1478 
f 1479/1479/1479 1480/1480/1480 1481/1481/1481 
f 1481/1481/1481 1480/1480/1480 1482/1482/1482 

g Steppart24

v -450.678 183.501 -136.895 
v -443.369 183.501 -140.149 
v -450.678 182.501 -136.895 
v -443.369 182.501 -140.149 
v -441.742 183.501 -136.494 
v -443.369 183.501 -140.149 
v -449.051 183.501 -133.241 
v -450.678 183.501 -136.895 
v -443.369 183.501 -140.149 
v -441.742 183.501 -136.494 
v -443.369 182.501 -140.149 
v -441.742 182.501 -136.494 
v -441.742 183.501 -136.494 
v -449.051 183.501 -133.241 
v -441.742 182.501 -136.494 
v -449.051 182.501 -133.241 
v -449.051 182.501 -133.241 
v -450.678 182.501 -136.895 
v -441.742 182.501 -136.494 
v -443.369 182.501 -140.149 
v -449.051 183.501 -133.241 
v -450.678 183.501 -136.895 
v -449.051 182.501 -133.241 
v -450.678 182.501 -136.895 

vn -0.409449 0 -0.913386 
vn -0.409449 0 -0.913386 
vn -0.409449 0 -0.913386 
vn -0.409449 0 -0.913386 
vn 0 1 0 
vn 0 1 0 
vn 0 1 0 
vn 0 1 0 
vn 0.913386 0 -0.409449 
vn 0.913386 0 -0.409449 
vn 0.913386 0 -0.409449 
vn 0.913386 0 -0.409449 
vn 0.409449 0 0.913386 
vn 0.409449 0 0.913386 
vn 0.409449 0 0.913386 
vn 0.409449 0 0.913386 
vn 0 -1 0 
vn 0 -1 0 
vn 0 -1 0 
vn 0 -1 0 
vn -0.913386 0 0.409449 
vn -0.913386 0 0.409449 
vn -0.913386 0 0.409449 
vn -0.913386 0 0.409449 

vt 6.25 0 
vt 5.25 0 
vt 6.25 -0.125 
vt 5.25 -0.125 
vt 5.75 0 
vt 5.25 0 
vt 5.75 -1 
vt 5.25 -1 
vt 5.75 0 
vt 5.25 0 
vt 5.75 -0.125 
vt 5.25 -0.125 
vt 6.25 0 
vt 5.25 0 
vt 6.25 -0.125 
vt 5.25 -0.125 
vt 5.75 0 
vt 5.25 0 
vt 5.75 -1 
vt 5.25 -1 
vt 5.75 0 
vt 5.25 0 
vt 5.75 -0.125 
vt 5.25 -0.125 

usemtl Steppart1Mtl

f 1483/1483/1483 1484/1484/1484 1485/1485/1485 
f 1485/1485/1485 1484/1484/1484 1486/1486/1486 
f 1487/1487/1487 1488/1488/1488 1489/1489/1489 
f 1489/1489/1489 1488/1488/1488 1490/1490/1490 
f 1491/1491/1491 1492/1492/1492 1493/1493/1493 
f 1493/1493/1493 1492/1492/1492 1494/1494/1494 
f 1495/1495/1495 1496/1496/1496 1497/1497/1497 
f 1497/1497/1497 1496/1496/1496 1498/1498/1498 
f 1499/1499/1499 1500/1500/1500 1501/1501/1501 
f 1501/1501/1501 1500/1500/1500 1502/1502/1502 
f 1503/1503/1503 1504/1504/1504 1505/1505/1505 
f 1505/1505/1505 1504/1504/1504 1506/1506/1506 

g Steppart25

v -449.634 182.501 -135.036 
v -441.809 182.501 -136.699 
v -449.634 181.501 -135.036 
v -441.809 181.501 -136.699 
v -440.977 182.501 -132.786 
v -441.809 182.501 -136.699 
v -448.803 182.501 -131.123 
v -449.634 182.501 -135.036 
v -441.809 182.501 -136.699 
v -440.977 182.501 -132.786 
v -441.809 181.501 -136.699 
v -440.977 181.501 -132.786 
v -440.977 182.501 -132.786 
v -448.803 182.501 -131.123 
v -440.977 181.501 -132.786 
v -448.803 181.501 -131.123 
v -448.803 181.501 -131.123 
v -449.634 181.501 -135.036 
v -440.977 181.501 -132.786 
v -441.809 181.501 -136.699 
v -448.803 182.501 -131.123 
v -449.634 182.501 -135.036 
v -448.803 181.501 -131.123 
v -449.634 181.501 -135.036 

vn -0.204724 0 -0.976378 
vn -0.204724 0 -0.976378 
vn -0.204724 0 -0.976378 
vn -0.204724 0 -0.976378 
vn 0 1 0 
vn 0 1 0 
vn 0 1 0 
vn 0 1 0 
vn 0.976378 0 -0.204724 
vn 0.976378 0 -0.204724 
vn 0.976378 0 -0.204724 
vn 0.976378 0 -0.204724 
vn 0.204724 0 0.976378 
vn 0.204724 0 0.976378 
vn 0.204724 0 0.976378 
vn 0.204724 0 0.976378 
vn 0 -1 0 
vn 0 -1 0 
vn 0 -1 0 
vn 0 -1 0 
vn -0.976378 0 0.204724 
vn -0.976378 0 0.204724 
vn -0.976378 0 0.204724 
vn -0.976378 0 0.204724 

vt 5.75 -3.75 
vt 4.75 -3.75 
vt 5.75 -3.875 
vt 4.75 -3.875 
vt 5.25 -3.75 
vt 4.75 -3.75 
vt 5.25 -4.75 
vt 4.75 -4.75 
vt 5.25 -3.75 
vt 4.75 -3.75 
vt 5.25 -3.875 
vt 4.75 -3.875 
vt 5.75 -3.75 
vt 4.75 -3.75 
vt 5.75 -3.875 
vt 4.75 -3.875 
vt 5.25 -3.75 
vt 4.75 -3.75 
vt 5.25 -4.75 
vt 4.75 -4.75 
vt 5.25 -3.75 
vt 4.75 -3.75 
vt 5.25 -3.875 
vt 4.75 -3.875 

usemtl Steppart1Mtl

f 1507/1507/1507 1508/1508/1508 1509/1509/1509 
f 1509/1509/1509 1508/1508/1508 1510/1510/1510 
f 1511/1511/1511 1512/1512/1512 1513/1513/1513 
f 1513/1513/1513 1512/1512/1512 1514/1514/1514 
f 1515/1515/1515 1516/1516/1516 1517/1517/1517 
f 1517/1517/1517 1516/1516/1516 1518/1518/1518 
f 1519/1519/1519 1520/1520/1520 1521/1521/1521 
f 1521/1521/1521 1520/1520/1520 1522/1522/1522 
f 1523/1523/1523 1524/1524/1524 1525/1525/1525 
f 1525/1525/1525 1524/1524/1524 1526/1526/1526 
f 1527/1527/1527 1528/1528/1528 1529/1529/1529 
f 1529/1529/1529 1528/1528/1528 1530/1530/1530 

g Steppart26

v -449 181.5 -133 
v -441 181.5 -133 
v -449 180.5 -133 
v -441 180.5 -133 
v -441 181.5 -129 
v -441 181.5 -133 
v -449 181.5 -129 
v -449 181.5 -133 
v -441 181.5 -133 
v -441 181.5 -129 
v -441 180.5 -133 
v -441 180.5 -129 
v -441 181.5 -129 
v -449 181.5 -129 
v -441 180.5 -129 
v -449 180.5 -129 
v -449 180.5 -129 
v -449 180.5 -133 
v -441 180.5 -129 
v -441 180.5 -133 
v -449 181.5 -129 
v -449 181.5 -133 
v -449 180.5 -129 
v -449 180.5 -133 

vn 0 0 -1 
vn 0 0 -1 
vn 0 0 -1 
vn 0 0 -1 
vn 0 1 0 
vn 0 1 0 
vn 0 1 0 
vn 0 1 0 
vn 1 0 0 
vn 1 0 0 
vn 1 0 0 
vn 1 0 0 
vn 0 0 1 
vn 0 0 1 
vn 0 0 1 
vn 0 0 1 
vn 0 -1 0 
vn 0 -1 0 
vn 0 -1 0 
vn 0 -1 0 
vn -1 0 0 
vn -1 0 0 
vn -1 0 0 
vn -1 0 0 

vt 2 -6.5 
vt 1 -6.5 
vt 2 -6.625 
vt 1 -6.625 
vt 1.5 -6.5 
vt 1 -6.5 
vt 1.5 -7.5 
vt 1 -7.5 
vt 1.5 -6.5 
vt 1 -6.5 
vt 1.5 -6.625 
vt 1 -6.625 
vt 2 -6.5 
vt 1 -6.5 
vt 2 -6.625 
vt 1 -6.625 
vt 1.5 -6.5 
vt 1 -6.5 
vt 1.5 -7.5 
vt 1 -7.5 
vt 1.5 -6.5 
vt 1 -6.5 
vt 1.5 -6.625 
vt 1 -6.625 

usemtl Steppart1Mtl

f 1531/1531/1531 1532/1532/1532 1533/1533/1533 
f 1533/1533/1533 1532/1532/1532 1534/1534/1534 
f 1535/1535/1535 1536/1536/1536 1537/1537/1537 
f 1537/1537/1537 1536/1536/1536 1538/1538/1538 
f 1539/1539/1539 1540/1540/1540 1541/1541/1541 
f 1541/1541/1541 1540/1540/1540 1542/1542/1542 
f 1543/1543/1543 1544/1544/1544 1545/1545/1545 
f 1545/1545/1545 1544/1544/1544 1546/1546/1546 
f 1547/1547/1547 1548/1548/1548 1549/1549/1549 
f 1549/1549/1549 1548/1548/1548 1550/1550/1550 
f 1551/1551/1551 1552/1552/1552 1553/1553/1553 
f 1553/1553/1553 1552/1552/1552 1554/1554/1554 

g Steppart27

v -448.802 180.5 -130.877 
v -440.977 180.5 -129.214 
v -448.802 179.5 -130.877 
v -440.977 179.5 -129.214 
v -441.809 180.5 -125.302 
v -440.977 180.5 -129.214 
v -449.634 180.5 -126.965 
v -448.802 180.5 -130.877 
v -440.977 180.5 -129.214 
v -441.809 180.5 -125.302 
v -440.977 179.5 -129.214 
v -441.809 179.5 -125.302 
v -441.809 180.5 -125.302 
v -449.634 180.5 -126.965 
v -441.809 179.5 -125.302 
v -449.634 179.5 -126.965 
v -449.634 179.5 -126.965 
v -448.802 179.5 -130.877 
v -441.809 179.5 -125.302 
v -440.977 179.5 -129.214 
v -449.634 180.5 -126.965 
v -448.802 180.5 -130.877 
v -449.634 179.5 -126.965 
v -448.802 179.5 -130.877 

vn 0.204724 0 -0.976378 
vn 0.204724 0 -0.976378 
vn 0.204724 0 -0.976378 
vn 0.204724 0 -0.976378 
vn 0 1 0 
vn 0 1 0 
vn 0 1 0 
vn 0 1 0 
vn 0.976378 0 0.204724 
vn 0.976378 0 0.204724 
vn 0.976378 0 0.204724 
vn 0.976378 0 0.204724 
vn -0.204724 0 0.976378 
vn -0.204724 0 0.976378 
vn -0.204724 0 0.976378 
vn -0.204724 0 0.976378 
vn 0 -1 0 
vn 0 -1 0 
vn 0 -1 0 
vn 0 -1 0 
vn -0.976378 0 -0.204724 
vn -0.976378 0 -0.204724 
vn -0.976378 0 -0.204724 
vn -0.976378 0 -0.204724 

vt 3.5 -1.5 
vt 2.5 -1.5 
vt 3.5 -1.625 
vt 2.5 -1.625 
vt 3 -1.5 
vt 2.5 -1.5 
vt 3 -2.5 
vt 2.5 -2.5 
vt 3 -1.5 
vt 2.5 -1.5 
vt 3 -1.625 
vt 2.5 -1.625 
vt 3.5 -1.5 
vt 2.5 -1.5 
vt 3.5 -1.625 
vt 2.5 -1.625 
vt 3 -1.5 
vt 2.5 -1.5 
vt 3 -2.5 
vt 2.5 -2.5 
vt 3 -1.5 
vt 2.5 -1.5 
vt 3 -1.625 
vt 2.5 -1.625 

usemtl Steppart1Mtl

f 1555/1555/1555 1556/1556/1556 1557/1557/1557 
f 1557/1557/1557 1556/1556/1556 1558/1558/1558 
f 1559/1559/1559 1560/1560/1560 1561/1561/1561 
f 1561/1561/1561 1560/1560/1560 1562/1562/1562 
f 1563/1563/1563 1564/1564/1564 1565/1565/1565 
f 1565/1565/1565 1564/1564/1564 1566/1566/1566 
f 1567/1567/1567 1568/1568/1568 1569/1569/1569 
f 1569/1569/1569 1568/1568/1568 1570/1570/1570 
f 1571/1571/1571 1572/1572/1572 1573/1573/1573 
f 1573/1573/1573 1572/1572/1572 1574/1574/1574 
f 1575/1575/1575 1576/1576/1576 1577/1577/1577 
f 1577/1577/1577 1576/1576/1576 1578/1578/1578 

g Steppart28

v -449.05 179.5 -128.76 
v -441.742 179.5 -125.506 
v -449.05 178.5 -128.76 
v -441.742 178.5 -125.506 
v -443.369 179.5 -121.852 
v -441.742 179.5 -125.506 
v -450.677 179.5 -125.106 
v -449.05 179.5 -128.76 
v -441.742 179.5 -125.506 
v -443.369 179.5 -121.852 
v -441.742 178.5 -125.506 
v -443.369 178.5 -121.852 
v -443.369 179.5 -121.852 
v -450.677 179.5 -125.106 
v -443.369 178.5 -121.852 
v -450.677 178.5 -125.106 
v -450.677 178.5 -125.106 
v -449.05 178.5 -128.76 
v -443.369 178.5 -121.852 
v -441.742 178.5 -125.506 
v -450.677 179.5 -125.106 
v -449.05 179.5 -128.76 
v -450.677 178.5 -125.106 
v -449.05 178.5 -128.76 

vn 0.409449 0 -0.913386 
vn 0.409449 0 -0.913386 
vn 0.409449 0 -0.913386 
vn 0.409449 0 -0.913386 
vn 0 1 0 
vn 0 1 0 
vn 0 1 0 
vn 0 1 0 
vn 0.913386 0 0.409449 
vn 0.913386 0 0.409449 
vn 0.913386 0 0.409449 
vn 0.913386 0 0.409449 
vn -0.409449 0 0.913386 
vn -0.409449 0 0.913386 
vn -0.409449 0 0.913386 
vn -0.409449 0 0.913386 
vn 0 -1 0 
vn 0 -1 0 
vn 0 -1 0 
vn 0 -1 0 
vn -0.913386 0 -0.409449 
vn -0.913386 0 -0.409449 
vn -0.913386 0 -0.409449 
vn -0.913386 0 -0.409449 

vt 1.25 0.75 
vt 0.25 0.75 
vt 1.25 0.625 
vt 0.25 0.625 
vt 0.75 0.75 
vt 0.25 0.75 
vt 0.75 -0.25 
vt 0.25 -0.25 
vt 0.75 0.75 
vt 0.25 0.75 
vt 0.75 0.625 
vt 0.25 0.625 
vt 1.25 0.75 
vt 0.25 0.75 
vt 1.25 0.625 
vt 0.25 0.625 
vt 0.75 0.75 
vt 0.25 0.75 
vt 0.75 -0.25 
vt 0.25 -0.25 
vt 0.75 0.75 
vt 0.25 0.75 
vt 0.75 0.625 
vt 0.25 0.625 

usemtl Steppart1Mtl

f 1579/1579/1579 1580/1580/1580 1581/1581/1581 
f 1581/1581/1581 1580/1580/1580 1582/1582/1582 
f 1583/1583/1583 1584/1584/1584 1585/1585/1585 
f 1585/1585/1585 1584/1584/1584 1586/1586/1586 
f 1587/1587/1587 1588/1588/1588 1589/1589/1589 
f 1589/1589/1589 1588/1588/1588 1590/1590/1590 
f 1591/1591/1591 1592/1592/1592 1593/1593/1593 
f 1593/1593/1593 1592/1592/1592 1594/1594/1594 
f 1595/1595/1595 1596/1596/1596 1597/1597/1597 
f 1597/1597/1597 1596/1596/1596 1598/1598/1598 
f 1599/1599/1599 1600/1600/1600 1601/1601/1601 
f 1601/1601/1601 1600/1600/1600 1602/1602/1602 

g Steppart29

v -449.734 178.5 -126.74 
v -443.262 178.5 -122.038 
v -449.734 177.5 -126.74 
v -443.262 177.5 -122.038 
v -445.613 178.5 -118.802 
v -443.262 178.5 -122.038 
v -452.085 178.5 -123.504 
v -449.734 178.5 -126.74 
v -443.262 178.5 -122.038 
v -445.613 178.5 -118.802 
v -443.262 177.5 -122.038 
v -445.613 177.5 -118.802 
v -445.613 178.5 -118.802 
v -452.085 178.5 -123.504 
v -445.613 177.5 -118.802 
v -452.085 177.5 -123.504 
v -452.085 177.5 -123.504 
v -449.734 177.5 -126.74 
v -445.613 177.5 -118.802 
v -443.262 177.5 -122.038 
v -452.085 178.5 -123.504 
v -449.734 178.5 -126.74 
v -452.085 177.5 -123.504 
v -449.734 177.5 -126.74 

vn 0.590551 0 -0.811024 
vn 0.590551 0 -0.811024 
vn 0.590551 0 -0.811024 
vn 0.590551 0 -0.811024 
vn 0 1 0 
vn 0 1 0 
vn 0 1 0 
vn 0 1 0 
vn 0.811024 0 0.590551 
vn 0.811024 0 0.590551 
vn 0.811024 0 0.590551 
vn 0.811024 0 0.590551 
vn -0.590551 0 0.811024 
vn -0.590551 0 0.811024 
vn -0.590551 0 0.811024 
vn -0.590551 0 0.811024 
vn 0 -1 0 
vn 0 -1 0 
vn 0 -1 0 
vn 0 -1 0 
vn -0.811024 0 -0.590551 
vn -0.811024 0 -0.590551 
vn -0.811024 0 -0.590551 
vn -0.811024 0 -0.590551 

vt 1.5 -5.5 
vt 0.5 -5.5 
vt 1.5 -5.625 
vt 0.5 -5.625 
vt 1 -5.5 
vt 0.5 -5.5 
vt 1 -6.5 
vt 0.5 -6.5 
vt 1 -5.5 
vt 0.5 -5.5 
vt 1 -5.625 
vt 0.5 -5.625 
vt 1.5 -5.5 
vt 0.5 -5.5 
vt 1.5 -5.625 
vt 0.5 -5.625 
vt 1 -5.5 
vt 0.5 -5.5 
vt 1 -6.5 
vt 0.5 -6.5 
vt 1 -5.5 
vt 0.5 -5.5 
vt 1 -5.625 
vt 0.5 -5.625 

usemtl Steppart1Mtl

f 1603/1603/1603 1604/1604/1604 1605/1605/1605 
f 1605/1605/1605 1604/1604/1604 1606/1606/1606 
f 1607/1607/1607 1608/1608/1608 1609/1609/1609 
f 1609/1609/1609 1608/1608/1608 1610/1610/1610 
f 1611/1611/1611 1612/1612/1612 1613/1613/1613 
f 1613/1613/1613 1612/1612/1612 1614/1614/1614 
f 1615/1615/1615 1616/1616/1616 1617/1617/1617 
f 1617/1617/1617 1616/1616/1616 1618/1618/1618 
f 1619/1619/1619 1620/1620/1620 1621/1621/1621 
f 1621/1621/1621 1620/1620/1620 1622/1622/1622 
f 1623/1623/1623 1624/1624/1624 1625/1625/1625 
f 1625/1625/1625 1624/1624/1624 1626/1626/1626 

g Steppart30

v -450.822 177.5 -124.907 
v -445.469 177.5 -118.962 
v -450.822 176.5 -124.907 
v -445.469 176.5 -118.962 
v -448.441 177.5 -116.286 
v -445.469 177.5 -118.962 
v -453.794 177.5 -122.231 
v -450.822 177.5 -124.907 
v -445.469 177.5 -118.962 
v -448.441 177.5 -116.286 
v -445.469 176.5 -118.962 
v -448.441 176.5 -116.286 
v -448.441 177.5 -116.286 
v -453.794 177.5 -122.231 
v -448.441 176.5 -116.286 
v -453.794 176.5 -122.231 
v -453.794 176.5 -122.231 
v -450.822 176.5 -124.907 
v -448.441 176.5 -116.286 
v -445.469 176.5 -118.962 
v -453.794 177.5 -122.231 
v -450.822 177.5 -124.907 
v -453.794 176.5 -122.231 
v -450.822 176.5 -124.907 

vn 0.740157 0 -0.669291 
vn 0.740157 0 -0.669291 
vn 0.740157 0 -0.669291 
vn 0.740157 0 -0.669291 
vn 0 1 0 
vn 0 1 0 
vn 0 1 0 
vn 0 1 0 
vn 0.669291 0 0.740157 
vn 0.669291 0 0.740157 
vn 0.669291 0 0.740157 
vn 0.669291 0 0.740157 
vn -0.740157 0 0.669291 
vn -0.740157 0 0.669291 
vn -0.740157 0 0.669291 
vn -0.740157 0 0.669291 
vn 0 -1 0 
vn 0 -1 0 
vn 0 -1 0 
vn 0 -1 0 
vn -0.669291 0 -0.740157 
vn -0.669291 0 -0.740157 
vn -0.669291 0 -0.740157 
vn -0.669291 0 -0.740157 

vt 1.5 -6.75 
vt 0.5 -6.75 
vt 1.5 -6.875 
vt 0.5 -6.875 
vt 1 -6.75 
vt 0.5 -6.75 
vt 1 -7.75 
vt 0.5 -7.75 
vt 1 -6.75 
vt 0.5 -6.75 
vt 1 -6.875 
vt 0.5 -6.875 
vt 1.5 -6.75 
vt 0.5 -6.75 
vt 1.5 -6.875 
vt 0.5 -6.875 
vt 1 -6.75 
vt 0.5 -6.75 
vt 1 -7.75 
vt 0.5 -7.75 
vt 1 -6.75 
vt 0.5 -6.75 
vt 1 -6.875 
vt 0.5 -6.875 

usemtl Steppart1Mtl

f 1627/1627/1627 1628/1628/1628 1629/1629/1629 
f 1629/1629/1629 1628/1628/1628 1630/1630/1630 
f 1631/1631/1631 1632/1632/1632 1633/1633/1633 
f 1633/1633/1633 1632/1632/1632 1634/1634/1634 
f 1635/1635/1635 1636/1636/1636 1637/1637/1637 
f 1637/1637/1637 1636/1636/1636 1638/1638/1638 
f 1639/1639/1639 1640/1640/1640 1641/1641/1641 
f 1641/1641/1641 1640/1640/1640 1642/1642/1642 
f 1643/1643/1643 1644/1644/1644 1645/1645/1645 
f 1645/1645/1645 1644/1644/1644 1646/1646/1646 
f 1647/1647/1647 1648/1648/1648 1649/1649/1649 
f 1649/1649/1649 1648/1648/1648 1650/1650/1650 

g Platformpart1

v -440.672 191.5 -131.784 
v -397.205 191.5 -120.137 
v -440.672 190.5 -131.784 
v -397.205 190.5 -120.137 
v -400.052 191.5 -109.512 
v -397.205 191.5 -120.137 
v -443.519 191.5 -121.158 
v -440.672 191.5 -131.784 
v -397.205 191.5 -120.137 
v -400.052 191.5 -109.512 
v -397.205 190.5 -120.137 
v -400.052 190.5 -109.512 
v -400.052 191.5 -109.512 
v -443.519 191.5 -121.158 
v -400.052 190.5 -109.512 
v -443.519 190.5 -121.158 
v -443.519 190.5 -121.158 
v -440.672 190.5 -131.784 
v -400.052 190.5 -109.512 
v -397.205 190.5 -120.137 
v -443.519 191.5 -121.158 
v -440.672 191.5 -131.784 
v -443.519 190.5 -121.158 
v -440.672 190.5 -131.784 

vn 0.259843 0 -0.968504 
vn 0.259843 0 -0.968504 
vn 0.259843 0 -0.968504 
vn 0.259843 0 -0.968504 
vn 0 1 0 
vn 0 1 0 
vn 0 1 0 
vn 0 1 0 
vn 0.968504 0 0.259843 
vn 0.968504 0 0.259843 
vn 0.968504 0 0.259843 
vn 0.968504 0 0.259843 
vn -0.259843 0 0.968504 
vn -0.259843 0 0.968504 
vn -0.259843 0 0.968504 
vn -0.259843 0 0.968504 
vn 0 -1 0 
vn 0 -1 0 
vn 0 -1 0 
vn 0 -1 0 
vn -0.968504 0 -0.259843 
vn -0.968504 0 -0.259843 
vn -0.968504 0 -0.259843 
vn -0.968504 0 -0.259843 

vt 9.375 -0.25 
vt 3.75 -0.25 
vt 9.375 -0.375 
vt 3.75 -0.375 
vt 5.125 -0.25 
vt 3.75 -0.25 
vt 5.125 -5.875 
vt 3.75 -5.875 
vt 5.125 -0.25 
vt 3.75 -0.25 
vt 5.125 -0.375 
vt 3.75 -0.375 
vt 9.375 -0.25 
vt 3.75 -0.25 
vt 9.375 -0.375 
vt 3.75 -0.375 
vt 5.125 -0.25 
vt 3.75 -0.25 
vt 5.125 -5.875 
vt 3.75 -5.875 
vt 5.125 -0.25 
vt 3.75 -0.25 
vt 5.125 -0.375 
vt 3.75 -0.375 

usemtl Part1Mtl

f 1651/1651/1651 1652/1652/1652 1653/1653/1653 
f 1653/1653/1653 1652/1652/1652 1654/1654/1654 
f 1655/1655/1655 1656/1656/1656 1657/1657/1657 
f 1657/1657/1657 1656/1656/1656 1658/1658/1658 
f 1659/1659/1659 1660/1660/1660 1661/1661/1661 
f 1661/1661/1661 1660/1660/1660 1662/1662/1662 
f 1663/1663/1663 1664/1664/1664 1665/1665/1665 
f 1665/1665/1665 1664/1664/1664 1666/1666/1666 
f 1667/1667/1667 1668/1668/1668 1669/1669/1669 
f 1669/1669/1669 1668/1668/1668 1670/1670/1670 
f 1671/1671/1671 1672/1672/1672 1673/1673/1673 
f 1673/1673/1673 1672/1672/1672 1674/1674/1674 

g Platformpart2

v -442.735 191.499 -122.515 
v -410.915 191.499 -90.6953 
v -442.735 190.499 -122.515 
v -410.915 190.499 -90.6953 
v -418.693 191.499 -82.9172 
v -410.915 191.499 -90.6953 
v -450.513 191.499 -114.737 
v -442.735 191.499 -122.515 
v -410.915 191.499 -90.6953 
v -418.693 191.499 -82.9172 
v -410.915 190.499 -90.6953 
v -418.693 190.499 -82.9172 
v -418.693 191.499 -82.9172 
v -450.513 191.499 -114.737 
v -418.693 190.499 -82.9172 
v -450.513 190.499 -114.737 
v -450.513 190.499 -114.737 
v -442.735 190.499 -122.515 
v -418.693 190.499 -82.9172 
v -410.915 190.499 -90.6953 
v -450.513 191.499 -114.737 
v -442.735 191.499 -122.515 
v -450.513 190.499 -114.737 
v -442.735 190.499 -122.515 

vn 0.708661 0 -0.708661 
vn 0.708661 0 -0.708661 
vn 0.708661 0 -0.708661 
vn 0.708661 0 -0.708661 
vn 0 1 0 
vn 0 1 0 
vn 0 1 0 
vn 0 1 0 
vn 0.708661 0 0.708661 
vn 0.708661 0 0.708661 
vn 0.708661 0 0.708661 
vn 0.708661 0 0.708661 
vn -0.708661 0 0.708661 
vn -0.708661 0 0.708661 
vn -0.708661 0 0.708661 
vn -0.708661 0 0.708661 
vn 0 -1 0 
vn 0 -1 0 
vn 0 -1 0 
vn 0 -1 0 
vn -0.708661 0 -0.708661 
vn -0.708661 0 -0.708661 
vn -0.708661 0 -0.708661 
vn -0.708661 0 -0.708661 

vt 13.375 -1.25 
vt 7.75 -1.25 
vt 13.375 -1.375 
vt 7.75 -1.375 
vt 9.125 -1.25 
vt 7.75 -1.25 
vt 9.125 -6.875 
vt 7.75 -6.875 
vt 9.125 -1.25 
vt 7.75 -1.25 
vt 9.125 -1.375 
vt 7.75 -1.375 
vt 13.375 -1.25 
vt 7.75 -1.25 
vt 13.375 -1.375 
vt 7.75 -1.375 
vt 9.125 -1.25 
vt 7.75 -1.25 
vt 9.125 -6.875 
vt 7.75 -6.875 
vt 9.125 -1.25 
vt 7.75 -1.25 
vt 9.125 -1.375 
vt 7.75 -1.375 

usemtl Part1Mtl

f 1675/1675/1675 1676/1676/1676 1677/1677/1677 
f 1677/1677/1677 1676/1676/1676 1678/1678/1678 
f 1679/1679/1679 1680/1680/1680 1681/1681/1681 
f 1681/1681/1681 1680/1680/1680 1682/1682/1682 
f 1683/1683/1683 1684/1684/1684 1685/1685/1685 
f 1685/1685/1685 1684/1684/1684 1686/1686/1686 
f 1687/1687/1687 1688/1688/1688 1689/1689/1689 
f 1689/1689/1689 1688/1688/1688 1690/1690/1690 
f 1691/1691/1691 1692/1692/1692 1693/1693/1693 
f 1693/1693/1693 1692/1692/1692 1694/1694/1694 
f 1695/1695/1695 1696/1696/1696 1697/1697/1697 
f 1697/1697/1697 1696/1696/1696 1698/1698/1698 

g Platformpart3

v -449.156 191.499 -115.52 
v -437.509 191.498 -72.0531 
v -449.156 190.499 -115.52 
v -437.509 190.498 -72.0531 
v -448.134 191.499 -69.206 
v -437.509 191.498 -72.0531 
v -459.781 191.499 -112.672 
v -449.156 191.499 -115.52 
v -437.509 191.498 -72.0531 
v -448.134 191.499 -69.206 
v -437.509 190.498 -72.0531 
v -448.134 190.499 -69.206 
v -448.134 191.499 -69.206 
v -459.781 191.499 -112.672 
v -448.134 190.499 -69.206 
v -459.781 190.499 -112.672 
v -459.781 190.499 -112.672 
v -449.156 190.499 -115.52 
v -448.134 190.499 -69.206 
v -437.509 190.498 -72.0531 
v -459.781 191.499 -112.672 
v -449.156 191.499 -115.52 
v -459.781 190.499 -112.672 
v -449.156 190.499 -115.52 

vn 0.968504 0 -0.259843 
vn 0.968504 0 -0.259843 
vn 0.968504 0 -0.259843 
vn 0.968504 0 -0.259843 
vn 0 1 0 
vn 0 1 0 
vn 0 1 0 
vn 0 1 0 
vn 0.259843 0 0.968504 
vn 0.259843 0 0.968504 
vn 0.259843 0 0.968504 
vn 0.259843 0 0.968504 
vn -0.968504 0 0.259843 
vn -0.968504 0 0.259843 
vn -0.968504 0 0.259843 
vn -0.968504 0 0.259843 
vn 0 -1 0 
vn 0 -1 0 
vn 0 -1 0 
vn 0 -1 0 
vn -0.259843 0 -0.968504 
vn -0.259843 0 -0.968504 
vn -0.259843 0 -0.968504 
vn -0.259843 0 -0.968504 

vt 12.875 -3.5 
vt 7.25 -3.5 
vt 12.875 -3.625 
vt 7.25 -3.625 
vt 8.625 -3.5 
vt 7.25 -3.5 
vt 8.625 -9.125 
vt 7.25 -9.125 
vt 8.625 -3.5 
vt 7.25 -3.5 
vt 8.625 -3.625 
vt 7.25 -3.625 
vt 12.875 -3.5 
vt 7.25 -3.5 
vt 12.875 -3.625 
vt 7.25 -3.625 
vt 8.625 -3.5 
vt 7.25 -3.5 
vt 8.625 -9.125 
vt 7.25 -9.125 
vt 8.625 -3.5 
vt 7.25 -3.5 
vt 8.625 -3.625 
vt 7.25 -3.625 

usemtl Part1Mtl

f 1699/1699/1699 1700/1700/1700 1701/1701/1701 
f 1701/1701/1701 1700/1700/1700 1702/1702/1702 
f 1703/1703/1703 1704/1704/1704 1705/1705/1705 
f 1705/1705/1705 1704/1704/1704 1706/1706/1706 
f 1707/1707/1707 1708/1708/1708 1709/1709/1709 
f 1709/1709/1709 1708/1708/1708 1710/1710/1710 
f 1711/1711/1711 1712/1712/1712 1713/1713/1713 
f 1713/1713/1713 1712/1712/1712 1714/1714/1714 
f 1715/1715/1715 1716/1716/1716 1717/1717/1717 
f 1717/1717/1717 1716/1716/1716 1718/1718/1718 
f 1719/1719/1719 1720/1720/1720 1721/1721/1721 
f 1721/1721/1721 1720/1720/1720 1722/1722/1722 

g Platformpart4

v -458.214 191.499 -112.672 
v -469.862 191.499 -69.2052 
v -458.214 190.499 -112.672 
v -469.862 190.499 -69.2052 
v -480.487 191.499 -72.0525 
v -469.862 191.499 -69.2052 
v -468.84 191.499 -115.519 
v -458.214 191.499 -112.672 
v -469.862 191.499 -69.2052 
v -480.487 191.499 -72.0525 
v -469.862 190.499 -69.2052 
v -480.487 190.499 -72.0525 
v -480.487 191.499 -72.0525 
v -468.84 191.499 -115.519 
v -480.487 190.499 -72.0525 
v -468.84 190.499 -115.519 
v -468.84 190.499 -115.519 
v -458.214 190.499 -112.672 
v -480.487 190.499 -72.0525 
v -469.862 190.499 -69.2052 
v -468.84 191.499 -115.519 
v -458.214 191.499 -112.672 
v -468.84 190.499 -115.519 
v -458.214 190.499 -112.672 

vn 0.968504 0 0.259843 
vn 0.968504 0 0.259843 
vn 0.968504 0 0.259843 
vn 0.968504 0 0.259843 
vn 0 1 0 
vn 0 1 0 
vn 0 1 0 
vn 0 1 0 
vn -0.259843 0 0.968504 
vn -0.259843 0 0.968504 
vn -0.259843 0 0.968504 
vn -0.259843 0 0.968504 
vn -0.968504 0 -0.259843 
vn -0.968504 0 -0.259843 
vn -0.968504 0 -0.259843 
vn -0.968504 0 -0.259843 
vn 0 -1 0 
vn 0 -1 0 
vn 0 -1 0 
vn 0 -1 0 
vn 0.259843 0 -0.968504 
vn 0.259843 0 -0.968504 
vn 0.259843 0 -0.968504 
vn 0.259843 0 -0.968504 

vt 7.375 1 
vt 1.75 1 
vt 7.375 0.875 
vt 1.75 0.875 
vt 3.125 1 
vt 1.75 1 
vt 3.125 -4.625 
vt 1.75 -4.625 
vt 3.125 1 
vt 1.75 1 
vt 3.125 0.875 
vt 1.75 0.875 
vt 7.375 1 
vt 1.75 1 
vt 7.375 0.875 
vt 1.75 0.875 
vt 3.125 1 
vt 1.75 1 
vt 3.125 -4.625 
vt 1.75 -4.625 
vt 3.125 1 
vt 1.75 1 
vt 3.125 0.875 
vt 1.75 0.875 

usemtl Part1Mtl

f 1723/1723/1723 1724/1724/1724 1725/1725/1725 
f 1725/1725/1725 1724/1724/1724 1726/1726/1726 
f 1727/1727/1727 1728/1728/1728 1729/1729/1729 
f 1729/1729/1729 1728/1728/1728 1730/1730/1730 
f 1731/1731/1731 1732/1732/1732 1733/1733/1733 
f 1733/1733/1733 1732/1732/1732 1734/1734/1734 
f 1735/1735/1735 1736/1736/1736 1737/1737/1737 
f 1737/1737/1737 1736/1736/1736 1738/1738/1738 
f 1739/1739/1739 1740/1740/1740 1741/1741/1741 
f 1741/1741/1741 1740/1740/1740 1742/1742/1742 
f 1743/1743/1743 1744/1744/1744 1745/1745/1745 
f 1745/1745/1745 1744/1744/1744 1746/1746/1746 

g Platformpart5

v -467.483 191.499 -114.734 
v -499.304 191.5 -82.9157 
v -467.483 190.499 -114.734 
v -499.304 190.5 -82.9157 
v -507.082 191.5 -90.6941 
v -499.304 191.5 -82.9157 
v -475.261 191.499 -122.513 
v -467.483 191.499 -114.734 
v -499.304 191.5 -82.9157 
v -507.082 191.5 -90.6941 
v -499.304 190.5 -82.9157 
v -507.082 190.5 -90.6941 
v -507.082 191.5 -90.6941 
v -475.261 191.499 -122.513 
v -507.082 190.5 -90.6941 
v -475.261 190.499 -122.513 
v -475.261 190.499 -122.513 
v -467.483 190.499 -114.734 
v -507.082 190.5 -90.6941 
v -499.304 190.5 -82.9157 
v -475.261 191.499 -122.513 
v -467.483 191.499 -114.734 
v -475.261 190.499 -122.513 
v -467.483 190.499 -114.734 

vn 0.708661 0 0.708661 
vn 0.708661 0 0.708661 
vn 0.708661 0 0.708661 
vn 0.708661 0 0.708661 
vn 0 1 0 
vn 0 1 0 
vn 0 1 0 
vn 0 1 0 
vn -0.708661 0 0.708661 
vn -0.708661 0 0.708661 
vn -0.708661 0 0.708661 
vn -0.708661 0 0.708661 
vn -0.708661 0 -0.708661 
vn -0.708661 0 -0.708661 
vn -0.708661 0 -0.708661 
vn -0.708661 0 -0.708661 
vn 0 -1 0 
vn 0 -1 0 
vn 0 -1 0 
vn 0 -1 0 
vn 0.708661 0 -0.708661 
vn 0.708661 0 -0.708661 
vn 0.708661 0 -0.708661 
vn 0.708661 0 -0.708661 

vt 12.875 0.25 
vt 7.25 0.25 
vt 12.875 0.125 
vt 7.25 0.125 
vt 8.625 0.25 
vt 7.25 0.25 
vt 8.625 -5.375 
vt 7.25 -5.375 
vt 8.625 0.25 
vt 7.25 0.25 
vt 8.625 0.125 
vt 7.25 0.125 
vt 12.875 0.25 
vt 7.25 0.25 
vt 12.875 0.125 
vt 7.25 0.125 
vt 8.625 0.25 
vt 7.25 0.25 
vt 8.625 -5.375 
vt 7.25 -5.375 
vt 8.625 0.25 
vt 7.25 0.25 
vt 8.625 0.125 
vt 7.25 0.125 

usemtl Part1Mtl

f 1747/1747/1747 1748/1748/1748 1749/1749/1749 
f 1749/1749/1749 1748/1748/1748 1750/1750/1750 
f 1751/1751/1751 1752/1752/1752 1753/1753/1753 
f 1753/1753/1753 1752/1752/1752 1754/1754/1754 
f 1755/1755/1755 1756/1756/1756 1757/1757/1757 
f 1757/1757/1757 1756/1756/1756 1758/1758/1758 
f 1759/1759/1759 1760/1760/1760 1761/1761/1761 
f 1761/1761/1761 1760/1760/1760 1762/1762/1762 
f 1763/1763/1763 1764/1764/1764 1765/1765/1765 
f 1765/1765/1765 1764/1764/1764 1766/1766/1766 
f 1767/1767/1767 1768/1768/1768 1769/1769/1769 
f 1769/1769/1769 1768/1768/1768 1770/1770/1770 

g Platformpart6

v -474.479 191.499 -121.157 
v -517.946 191.501 -109.509 
v -474.479 190.499 -121.157 
v -517.946 190.501 -109.509 
v -520.793 191.502 -120.134 
v -517.946 191.501 -109.509 
v -477.326 191.5 -131.782 
v -474.479 191.499 -121.157 
v -517.946 191.501 -109.509 
v -520.793 191.502 -120.134 
v -517.946 190.501 -109.509 
v -520.793 190.502 -120.134 
v -520.793 191.502 -120.134 
v -477.326 191.5 -131.782 
v -520.793 190.502 -120.134 
v -477.327 190.5 -131.782 
v -477.327 190.5 -131.782 
v -474.479 190.499 -121.157 
v -520.793 190.502 -120.134 
v -517.946 190.501 -109.509 
v -477.326 191.5 -131.782 
v -474.479 191.499 -121.157 
v -477.327 190.5 -131.782 
v -474.479 190.499 -121.157 

vn 0.259843 0 0.968504 
vn 0.259843 0 0.968504 
vn 0.259843 0 0.968504 
vn 0.259843 0 0.968504 
vn 0 1 0 
vn 0 1 0 
vn 0 1 0 
vn 0 1 0 
vn -0.968504 0 0.259843 
vn -0.968504 0 0.259843 
vn -0.968504 0 0.259843 
vn -0.968504 0 0.259843 
vn -0.259843 0 -0.968504 
vn -0.259843 0 -0.968504 
vn -0.259843 0 -0.968504 
vn -0.259843 0 -0.968504 
vn 0 -1 0 
vn 0 -1 0 
vn 0 -1 0 
vn 0 -1 0 
vn 0.968504 0 -0.259843 
vn 0.968504 0 -0.259843 
vn 0.968504 0 -0.259843 
vn 0.968504 0 -0.259843 

vt 9.125 0.25 
vt 3.5 0.25 
vt 9.125 0.125 
vt 3.5 0.125 
vt 4.875 0.25 
vt 3.5 0.25 
vt 4.875 -5.375 
vt 3.5 -5.375 
vt 4.875 0.25 
vt 3.5 0.25 
vt 4.875 0.125 
vt 3.5 0.125 
vt 9.125 0.25 
vt 3.5 0.25 
vt 9.125 0.125 
vt 3.5 0.125 
vt 4.875 0.25 
vt 3.5 0.25 
vt 4.875 -5.375 
vt 3.5 -5.375 
vt 4.875 0.25 
vt 3.5 0.25 
vt 4.875 0.125 
vt 3.5 0.125 

usemtl Part1Mtl

f 1771/1771/1771 1772/1772/1772 1773/1773/1773 
f 1773/1773/1773 1772/1772/1772 1774/1774/1774 
f 1775/1775/1775 1776/1776/1776 1777/1777/1777 
f 1777/1777/1777 1776/1776/1776 1778/1778/1778 
f 1779/1779/1779 1780/1780/1780 1781/1781/1781 
f 1781/1781/1781 1780/1780/1780 1782/1782/1782 
f 1783/1783/1783 1784/1784/1784 1785/1785/1785 
f 1785/1785/1785 1784/1784/1784 1786/1786/1786 
f 1787/1787/1787 1788/1788/1788 1789/1789/1789 
f 1789/1789/1789 1788/1788/1788 1790/1790/1790 
f 1791/1791/1791 1792/1792/1792 1793/1793/1793 
f 1793/1793/1793 1792/1792/1792 1794/1794/1794 

g Platformpart7

v -477.327 191.5 -130.215 
v -520.794 191.503 -141.861 
v -477.327 190.5 -130.215 
v -520.794 190.503 -141.861 
v -517.947 191.503 -152.487 
v -520.794 191.503 -141.861 
v -474.48 191.5 -140.84 
v -477.327 191.5 -130.215 
v -520.794 191.503 -141.861 
v -517.947 191.503 -152.487 
v -520.794 190.503 -141.861 
v -517.947 190.503 -152.487 
v -517.947 191.503 -152.487 
v -474.48 191.5 -140.84 
v -517.947 190.503 -152.487 
v -474.48 190.5 -140.84 
v -474.48 190.5 -140.84 
v -477.327 190.5 -130.215 
v -517.947 190.503 -152.487 
v -520.794 190.503 -141.861 
v -474.48 191.5 -140.84 
v -477.327 191.5 -130.215 
v -474.48 190.5 -140.84 
v -477.327 190.5 -130.215 

vn -0.259843 0 0.968504 
vn -0.259843 0 0.968504 
vn -0.259843 0 0.968504 
vn -0.259843 0 0.968504 
vn 0 1 0 
vn 0 1 0 
vn 0 1 0 
vn 0 1 0 
vn -0.968504 0 -0.259843 
vn -0.968504 0 -0.259843 
vn -0.968504 0 -0.259843 
vn -0.968504 0 -0.259843 
vn 0.259843 0 -0.968504 
vn 0.259843 0 -0.968504 
vn 0.259843 0 -0.968504 
vn 0.259843 0 -0.968504 
vn 0 -1 0 
vn 0 -1 0 
vn 0 -1 0 
vn 0 -1 0 
vn 0.968504 0 0.259843 
vn 0.968504 0 0.259843 
vn 0.968504 0 0.259843 
vn 0.968504 0 0.259843 

vt 8.375 -4.75 
vt 2.75 -4.75 
vt 8.375 -4.875 
vt 2.75 -4.875 
vt 4.125 -4.75 
vt 2.75 -4.75 
vt 4.125 -10.375 
vt 2.75 -10.375 
vt 4.125 -4.75 
vt 2.75 -4.75 
vt 4.125 -4.875 
vt 2.75 -4.875 
vt 8.375 -4.75 
vt 2.75 -4.75 
vt 8.375 -4.875 
vt 2.75 -4.875 
vt 4.125 -4.75 
vt 2.75 -4.75 
vt 4.125 -10.375 
vt 2.75 -10.375 
vt 4.125 -4.75 
vt 2.75 -4.75 
vt 4.125 -4.875 
vt 2.75 -4.875 

usemtl Part1Mtl

f 1795/1795/1795 1796/1796/1796 1797/1797/1797 
f 1797/1797/1797 1796/1796/1796 1798/1798/1798 
f 1799/1799/1799 1800/1800/1800 1801/1801/1801 
f 1801/1801/1801 1800/1800/1800 1802/1802/1802 
f 1803/1803/1803 1804/1804/1804 1805/1805/1805 
f 1805/1805/1805 1804/1804/1804 1806/1806/1806 
f 1807/1807/1807 1808/1808/1808 1809/1809/1809 
f 1809/1809/1809 1808/1808/1808 1810/1810/1810 
f 1811/1811/1811 1812/1812/1812 1813/1813/1813 
f 1813/1813/1813 1812/1812/1812 1814/1814/1814 
f 1815/1815/1815 1816/1816/1816 1817/1817/1817 
f 1817/1817/1817 1816/1816/1816 1818/1818/1818 

g Platformpart8

v -475.264 191.5 -139.484 
v -507.084 191.504 -171.304 
v -475.264 190.5 -139.484 
v -507.084 190.504 -171.304 
v -499.305 191.504 -179.082 
v -507.084 191.504 -171.304 
v -467.486 191.5 -147.262 
v -475.264 191.5 -139.484 
v -507.084 191.504 -171.304 
v -499.305 191.504 -179.082 
v -507.084 190.504 -171.304 
v -499.305 190.504 -179.082 
v -499.305 191.504 -179.082 
v -467.486 191.5 -147.262 
v -499.305 190.504 -179.082 
v -467.486 190.5 -147.262 
v -467.486 190.5 -147.262 
v -475.264 190.5 -139.484 
v -499.305 190.504 -179.082 
v -507.084 190.504 -171.304 
v -467.486 191.5 -147.262 
v -475.264 191.5 -139.484 
v -467.486 190.5 -147.262 
v -475.264 190.5 -139.484 

vn -0.708661 0 0.708661 
vn -0.708661 0 0.708661 
vn -0.708661 0 0.708661 
vn -0.708661 0 0.708661 
vn 0 1 0 
vn 0 1 0 
vn 0 1 0 
vn 0 1 0 
vn -0.708661 0 -0.708661 
vn -0.708661 0 -0.708661 
vn -0.708661 0 -0.708661 
vn -0.708661 0 -0.708661 
vn 0.708661 0 -0.708661 
vn 0.708661 0 -0.708661 
vn 0.708661 0 -0.708661 
vn 0.708661 0 -0.708661 
vn 0 -1 0 
vn 0 -1 0 
vn 0 -1 0 
vn 0 -1 0 
vn 0.708661 0 0.708661 
vn 0.708661 0 0.708661 
vn 0.708661 0 0.708661 
vn 0.708661 0 0.708661 

vt 11.375 0.25 
vt 5.75 0.25 
vt 11.375 0.125 
vt 5.75 0.125 
vt 7.125 0.25 
vt 5.75 0.25 
vt 7.125 -5.375 
vt 5.75 -5.375 
vt 7.125 0.25 
vt 5.75 0.25 
vt 7.125 0.125 
vt 5.75 0.125 
vt 11.375 0.25 
vt 5.75 0.25 
vt 11.375 0.125 
vt 5.75 0.125 
vt 7.125 0.25 
vt 5.75 0.25 
vt 7.125 -5.375 
vt 5.75 -5.375 
vt 7.125 0.25 
vt 5.75 0.25 
vt 7.125 0.125 
vt 5.75 0.125 

usemtl Part1Mtl

f 1819/1819/1819 1820/1820/1820 1821/1821/1821 
f 1821/1821/1821 1820/1820/1820 1822/1822/1822 
f 1823/1823/1823 1824/1824/1824 1825/1825/1825 
f 1825/1825/1825 1824/1824/1824 1826/1826/1826 
f 1827/1827/1827 1828/1828/1828 1829/1829/1829 
f 1829/1829/1829 1828/1828/1828 1830/1830/1830 
f 1831/1831/1831 1832/1832/1832 1833/1833/1833 
f 1833/1833/1833 1832/1832/1832 1834/1834/1834 
f 1835/1835/1835 1836/1836/1836 1837/1837/1837 
f 1837/1837/1837 1836/1836/1836 1838/1838/1838 
f 1839/1839/1839 1840/1840/1840 1841/1841/1841 
f 1841/1841/1841 1840/1840/1840 1842/1842/1842 

g Platformpart9

v -468.842 191.501 -146.479 
v -480.49 191.504 -189.946 
v -468.842 190.501 -146.479 
v -480.49 190.504 -189.946 
v -469.865 191.504 -192.793 
v -480.49 191.504 -189.946 
v -458.217 191.501 -149.326 
v -468.842 191.501 -146.479 
v -480.49 191.504 -189.946 
v -469.865 191.504 -192.793 
v -480.49 190.504 -189.946 
v -469.865 190.504 -192.793 
v -469.865 191.504 -192.793 
v -458.217 191.501 -149.326 
v -469.865 190.504 -192.793 
v -458.217 190.501 -149.326 
v -458.217 190.501 -149.326 
v -468.842 190.501 -146.479 
v -469.865 190.504 -192.793 
v -480.49 190.504 -189.946 
v -458.217 191.501 -149.326 
v -468.842 191.501 -146.479 
v -458.217 190.501 -149.326 
v -468.842 190.501 -146.479 

vn -0.968504 0 0.259843 
vn -0.968504 0 0.259843 
vn -0.968504 0 0.259843 
vn -0.968504 0 0.259843 
vn 0 1 0 
vn 0 1 0 
vn 0 1 0 
vn 0 1 0 
vn -0.259843 0 -0.968504 
vn -0.259843 0 -0.968504 
vn -0.259843 0 -0.968504 
vn -0.259843 0 -0.968504 
vn 0.968504 0 -0.259843 
vn 0.968504 0 -0.259843 
vn 0.968504 0 -0.259843 
vn 0.968504 0 -0.259843 
vn 0 -1 0 
vn 0 -1 0 
vn 0 -1 0 
vn 0 -1 0 
vn 0.259843 0 0.968504 
vn 0.259843 0 0.968504 
vn 0.259843 0 0.968504 
vn 0.259843 0 0.968504 

vt 13.125 0.75 
vt 7.5 0.75 
vt 13.125 0.625 
vt 7.5 0.625 
vt 8.875 0.75 
vt 7.5 0.75 
vt 8.875 -4.875 
vt 7.5 -4.875 
vt 8.875 0.75 
vt 7.5 0.75 
vt 8.875 0.625 
vt 7.5 0.625 
vt 13.125 0.75 
vt 7.5 0.75 
vt 13.125 0.625 
vt 7.5 0.625 
vt 8.875 0.75 
vt 7.5 0.75 
vt 8.875 -4.875 
vt 7.5 -4.875 
vt 8.875 0.75 
vt 7.5 0.75 
vt 8.875 0.625 
vt 7.5 0.625 

usemtl Part1Mtl

f 1843/1843/1843 1844/1844/1844 1845/1845/1845 
f 1845/1845/1845 1844/1844/1844 1846/1846/1846 
f 1847/1847/1847 1848/1848/1848 1849/1849/1849 
f 1849/1849/1849 1848/1848/1848 1850/1850/1850 
f 1851/1851/1851 1852/1852/1852 1853/1853/1853 
f 1853/1853/1853 1852/1852/1852 1854/1854/1854 
f 1855/1855/1855 1856/1856/1856 1857/1857/1857 
f 1857/1857/1857 1856/1856/1856 1858/1858/1858 
f 1859/1859/1859 1860/1860/1860 1861/1861/1861 
f 1861/1861/1861 1860/1860/1860 1862/1862/1862 
f 1863/1863/1863 1864/1864/1864 1865/1865/1865 
f 1865/1865/1865 1864/1864/1864 1866/1866/1866 

g Platformpart10

v -459.784 191.501 -149.327 
v -448.138 191.504 -192.794 
v -459.784 190.501 -149.327 
v -448.138 190.504 -192.794 
v -437.512 191.503 -189.947 
v -448.138 191.504 -192.794 
v -449.159 191.5 -146.48 
v -459.784 191.501 -149.327 
v -448.138 191.504 -192.794 
v -437.512 191.503 -189.947 
v -448.138 190.504 -192.794 
v -437.513 190.503 -189.947 
v -437.512 191.503 -189.947 
v -449.159 191.5 -146.48 
v -437.513 190.503 -189.947 
v -449.159 190.5 -146.48 
v -449.159 190.5 -146.48 
v -459.784 190.501 -149.327 
v -437.513 190.503 -189.947 
v -448.138 190.504 -192.794 
v -449.159 191.5 -146.48 
v -459.784 191.501 -149.327 
v -449.159 190.5 -146.48 
v -459.784 190.501 -149.327 

vn -0.968504 0 -0.259843 
vn -0.968504 0 -0.259843 
vn -0.968504 0 -0.259843 
vn -0.968504 0 -0.259843 
vn 0 1 0 
vn 0 1 0 
vn 0 1 0 
vn 0 1 0 
vn 0.259843 0 -0.968504 
vn 0.259843 0 -0.968504 
vn 0.259843 0 -0.968504 
vn 0.259843 0 -0.968504 
vn 0.968504 0 0.259843 
vn 0.968504 0 0.259843 
vn 0.968504 0 0.259843 
vn 0.968504 0 0.259843 
vn 0 -1 0 
vn 0 -1 0 
vn 0 -1 0 
vn 0 -1 0 
vn -0.259843 0 0.968504 
vn -0.259843 0 0.968504 
vn -0.259843 0 0.968504 
vn -0.259843 0 0.968504 

vt 9.875 -1.75 
vt 4.25 -1.75 
vt 9.875 -1.875 
vt 4.25 -1.875 
vt 5.625 -1.75 
vt 4.25 -1.75 
vt 5.625 -7.375 
vt 4.25 -7.375 
vt 5.625 -1.75 
vt 4.25 -1.75 
vt 5.625 -1.875 
vt 4.25 -1.875 
vt 9.875 -1.75 
vt 4.25 -1.75 
vt 9.875 -1.875 
vt 4.25 -1.875 
vt 5.625 -1.75 
vt 4.25 -1.75 
vt 5.625 -7.375 
vt 4.25 -7.375 
vt 5.625 -1.75 
vt 4.25 -1.75 
vt 5.625 -1.875 
vt 4.25 -1.875 

usemtl Part1Mtl

f 1867/1867/1867 1868/1868/1868 1869/1869/1869 
f 1869/1869/1869 1868/1868/1868 1870/1870/1870 
f 1871/1871/1871 1872/1872/1872 1873/1873/1873 
f 1873/1873/1873 1872/1872/1872 1874/1874/1874 
f 1875/1875/1875 1876/1876/1876 1877/1877/1877 
f 1877/1877/1877 1876/1876/1876 1878/1878/1878 
f 1879/1879/1879 1880/1880/1880 1881/1881/1881 
f 1881/1881/1881 1880/1880/1880 1882/1882/1882 
f 1883/1883/1883 1884/1884/1884 1885/1885/1885 
f 1885/1885/1885 1884/1884/1884 1886/1886/1886 
f 1887/1887/1887 1888/1888/1888 1889/1889/1889 
f 1889/1889/1889 1888/1888/1888 1890/1890/1890 

g Platformpart11

v -450.516 191.501 -147.264 
v -418.695 191.502 -179.083 
v -450.516 190.501 -147.264 
v -418.695 190.502 -179.083 
v -410.917 191.502 -171.305 
v -418.695 191.502 -179.083 
v -442.738 191.501 -139.486 
v -450.516 191.501 -147.264 
v -418.695 191.502 -179.083 
v -410.917 191.502 -171.305 
v -418.695 190.502 -179.083 
v -410.917 190.502 -171.305 
v -410.917 191.502 -171.305 
v -442.738 191.501 -139.486 
v -410.917 190.502 -171.305 
v -442.738 190.501 -139.486 
v -442.738 190.501 -139.486 
v -450.516 190.501 -147.264 
v -410.917 190.502 -171.305 
v -418.695 190.502 -179.083 
v -442.738 191.501 -139.486 
v -450.516 191.501 -147.264 
v -442.738 190.501 -139.486 
v -450.516 190.501 -147.264 

vn -0.708661 0 -0.708661 
vn -0.708661 0 -0.708661 
vn -0.708661 0 -0.708661 
vn -0.708661 0 -0.708661 
vn 0 1 0 
vn 0 1 0 
vn 0 1 0 
vn 0 1 0 
vn 0.708661 0 -0.708661 
vn 0.708661 0 -0.708661 
vn 0.708661 0 -0.708661 
vn 0.708661 0 -0.708661 
vn 0.708661 0 0.708661 
vn 0.708661 0 0.708661 
vn 0.708661 0 0.708661 
vn 0.708661 0 0.708661 
vn 0 -1 0 
vn 0 -1 0 
vn 0 -1 0 
vn 0 -1 0 
vn -0.708661 0 0.708661 
vn -0.708661 0 0.708661 
vn -0.708661 0 0.708661 
vn -0.708661 0 0.708661 

vt 9.375 -4.75 
vt 3.75 -4.75 
vt 9.375 -4.875 
vt 3.75 -4.875 
vt 5.125 -4.75 
vt 3.75 -4.75 
vt 5.125 -10.375 
vt 3.75 -10.375 
vt 5.125 -4.75 
vt 3.75 -4.75 
vt 5.125 -4.875 
vt 3.75 -4.875 
vt 9.375 -4.75 
vt 3.75 -4.75 
vt 9.375 -4.875 
vt 3.75 -4.875 
vt 5.125 -4.75 
vt 3.75 -4.75 
vt 5.125 -10.375 
vt 3.75 -10.375 
vt 5.125 -4.75 
vt 3.75 -4.75 
vt 5.125 -4.875 
vt 3.75 -4.875 

usemtl Part1Mtl

f 1891/1891/1891 1892/1892/1892 1893/1893/1893 
f 1893/1893/1893 1892/1892/1892 1894/1894/1894 
f 1895/1895/1895 1896/1896/1896 1897/1897/1897 
f 1897/1897/1897 1896/1896/1896 1898/1898/1898 
f 1899/1899/1899 1900/1900/1900 1901/1901/1901 
f 1901/1901/1901 1900/1900/1900 1902/1902/1902 
f 1903/1903/1903 1904/1904/1904 1905/1905/1905 
f 1905/1905/1905 1904/1904/1904 1906/1906/1906 
f 1907/1907/1907 1908/1908/1908 1909/1909/1909 
f 1909/1909/1909 1908/1908/1908 1910/1910/1910 
f 1911/1911/1911 1912/1912/1912 1913/1913/1913 
f 1913/1913/1913 1912/1912/1912 1914/1914/1914 

g Platformpart12

v -443.52 191.5 -140.842 
v -400.053 191.501 -152.49 
v -443.52 190.5 -140.842 
v -400.053 190.501 -152.49 
v -397.206 191.501 -141.865 
v -400.053 191.501 -152.49 
v -440.673 191.5 -130.217 
v -443.52 191.5 -140.842 
v -400.053 191.501 -152.49 
v -397.206 191.501 -141.865 
v -400.053 190.501 -152.49 
v -397.206 190.501 -141.865 
v -397.206 191.501 -141.865 
v -440.673 191.5 -130.217 
v -397.206 190.501 -141.865 
v -440.673 190.5 -130.217 
v -440.673 190.5 -130.217 
v -443.52 190.5 -140.842 
v -397.206 190.501 -141.865 
v -400.053 190.501 -152.49 
v -440.673 191.5 -130.217 
v -443.52 191.5 -140.842 
v -440.673 190.5 -130.217 
v -443.52 190.5 -140.842 

vn -0.259843 0 -0.968504 
vn -0.259843 0 -0.968504 
vn -0.259843 0 -0.968504 
vn -0.259843 0 -0.968504 
vn 0 1 0 
vn 0 1 0 
vn 0 1 0 
vn 0 1 0 
vn 0.968504 0 -0.259843 
vn 0.968504 0 -0.259843 
vn 0.968504 0 -0.259843 
vn 0.968504 0 -0.259843 
vn 0.259843 0 0.968504 
vn 0.259843 0 0.968504 
vn 0.259843 0 0.968504 
vn 0.259843 0 0.968504 
vn 0 -1 0 
vn 0 -1 0 
vn 0 -1 0 
vn 0 -1 0 
vn -0.968504 0 0.259843 
vn -0.968504 0 0.259843 
vn -0.968504 0 0.259843 
vn -0.968504 0 0.259843 

vt 9.625 -3.75 
vt 4 -3.75 
vt 9.625 -3.875 
vt 4 -3.875 
vt 5.375 -3.75 
vt 4 -3.75 
vt 5.375 -9.375 
vt 4 -9.375 
vt 5.375 -3.75 
vt 4 -3.75 
vt 5.375 -3.875 
vt 4 -3.875 
vt 9.625 -3.75 
vt 4 -3.75 
vt 9.625 -3.875 
vt 4 -3.875 
vt 5.375 -3.75 
vt 4 -3.75 
vt 5.375 -9.375 
vt 4 -9.375 
vt 5.375 -3.75 
vt 4 -3.75 
vt 5.375 -3.875 
vt 4 -3.875 

usemtl Part1Mtl

f 1915/1915/1915 1916/1916/1916 1917/1917/1917 
f 1917/1917/1917 1916/1916/1916 1918/1918/1918 
f 1919/1919/1919 1920/1920/1920 1921/1921/1921 
f 1921/1921/1921 1920/1920/1920 1922/1922/1922 
f 1923/1923/1923 1924/1924/1924 1925/1925/1925 
f 1925/1925/1925 1924/1924/1924 1926/1926/1926 
f 1927/1927/1927 1928/1928/1928 1929/1929/1929 
f 1929/1929/1929 1928/1928/1928 1930/1930/1930 
f 1931/1931/1931 1932/1932/1932 1933/1933/1933 
f 1933/1933/1933 1932/1932/1932 1934/1934/1934 
f 1935/1935/1935 1936/1936/1936 1937/1937/1937 
f 1937/1937/1937 1936/1936/1936 1938/1938/1938 

g Platformpart13

v -440.473 191.4 -120.911 
v -418.472 191.398 -82.8071 
v -440.473 190.4 -120.912 
v -418.472 190.398 -82.8072 
v -437.524 191.398 -71.8065 
v -418.472 191.398 -82.8071 
v -459.525 191.4 -109.911 
v -440.473 191.4 -120.911 
v -418.472 191.398 -82.8071 
v -437.524 191.398 -71.8065 
v -418.472 190.398 -82.8072 
v -437.524 190.398 -71.8065 
v -437.524 191.398 -71.8065 
v -459.525 191.4 -109.911 
v -437.524 190.398 -71.8065 
v -459.525 190.4 -109.911 
v -459.525 190.4 -109.911 
v -440.473 190.4 -120.912 
v -437.524 190.398 -71.8065 
v -418.472 190.398 -82.8072 
v -459.525 191.4 -109.911 
v -440.473 191.4 -120.911 
v -459.525 190.4 -109.911 
v -440.473 190.4 -120.912 

vn 0.866142 0 -0.503937 
vn 0.866142 0 -0.503937 
vn 0.866142 0 -0.503937 
vn 0.866142 0 -0.503937 
vn 0 1 0 
vn 0 1 0 
vn 0 1 0 
vn 0 1 0 
vn 0.503937 0 0.866142 
vn 0.503937 0 0.866142 
vn 0.503937 0 0.866142 
vn 0.503937 0 0.866142 
vn -0.866142 0 0.503937 
vn -0.866142 0 0.503937 
vn -0.866142 0 0.503937 
vn -0.866142 0 0.503937 
vn 0 -1 0 
vn 0 -1 0 
vn 0 -1 0 
vn 0 -1 0 
vn -0.503937 0 -0.866142 
vn -0.503937 0 -0.866142 
vn -0.503937 0 -0.866142 
vn -0.503937 0 -0.866142 

vt 13.25 -2.25 
vt 7.75 -2.25 
vt 13.25 -2.375 
vt 7.75 -2.375 
vt 10.5 -2.25 
vt 7.75 -2.25 
vt 10.5 -7.75 
vt 7.75 -7.75 
vt 10.5 -2.25 
vt 7.75 -2.25 
vt 10.5 -2.375 
vt 7.75 -2.375 
vt 13.25 -2.25 
vt 7.75 -2.25 
vt 13.25 -2.375 
vt 7.75 -2.375 
vt 10.5 -2.25 
vt 7.75 -2.25 
vt 10.5 -7.75 
vt 7.75 -7.75 
vt 10.5 -2.25 
vt 7.75 -2.25 
vt 10.5 -2.375 
vt 7.75 -2.375 

usemtl Platformpart13Mtl

f 1939/1939/1939 1940/1940/1940 1941/1941/1941 
f 1941/1941/1941 1940/1940/1940 1942/1942/1942 
f 1943/1943/1943 1944/1944/1944 1945/1945/1945 
f 1945/1945/1945 1944/1944/1944 1946/1946/1946 
f 1947/1947/1947 1948/1948/1948 1949/1949/1949 
f 1949/1949/1949 1948/1948/1948 1950/1950/1950 
f 1951/1951/1951 1952/1952/1952 1953/1953/1953 
f 1953/1953/1953 1952/1952/1952 1954/1954/1954 
f 1955/1955/1955 1956/1956/1956 1957/1957/1957 
f 1957/1957/1957 1956/1956/1956 1958/1958/1958 
f 1959/1959/1959 1960/1960/1960 1961/1961/1961 
f 1961/1961/1961 1960/1960/1960 1962/1962/1962 

g Platformpart14

v -447.998 191.399 -112.999 
v -447.998 191.398 -68.9994 
v -447.998 190.399 -112.999 
v -447.998 190.398 -68.9994 
v -469.998 191.399 -68.9995 
v -447.998 191.398 -68.9994 
v -469.998 191.399 -112.999 
v -447.998 191.399 -112.999 
v -447.998 191.398 -68.9994 
v -469.998 191.399 -68.9995 
v -447.998 190.398 -68.9994 
v -469.998 190.399 -68.9995 
v -469.998 191.399 -68.9995 
v -469.998 191.399 -112.999 
v -469.998 190.399 -68.9995 
v -469.998 190.399 -112.999 
v -469.998 190.399 -112.999 
v -447.998 190.399 -112.999 
v -469.998 190.399 -68.9995 
v -447.998 190.398 -68.9994 
v -469.998 191.399 -112.999 
v -447.998 191.399 -112.999 
v -469.998 190.399 -112.999 
v -447.998 190.399 -112.999 

vn 1 0 0 
vn 1 0 0 
vn 1 0 0 
vn 1 0 0 
vn 0 1 0 
vn 0 1 0 
vn 0 1 0 
vn 0 1 0 
vn 0 0 1 
vn 0 0 1 
vn 0 0 1 
vn 0 0 1 
vn -1 0 0 
vn -1 0 0 
vn -1 0 0 
vn -1 0 0 
vn 0 -1 0 
vn 0 -1 0 
vn 0 -1 0 
vn 0 -1 0 
vn 0 0 -1 
vn 0 0 -1 
vn 0 0 -1 
vn 0 0 -1 

vt 6.5 -3 
vt 1 -3 
vt 6.5 -3.125 
vt 1 -3.125 
vt 3.75 -3 
vt 1 -3 
vt 3.75 -8.5 
vt 1 -8.5 
vt 3.75 -3 
vt 1 -3 
vt 3.75 -3.125 
vt 1 -3.125 
vt 6.5 -3 
vt 1 -3 
vt 6.5 -3.125 
vt 1 -3.125 
vt 3.75 -3 
vt 1 -3 
vt 3.75 -8.5 
vt 1 -8.5 
vt 3.75 -3 
vt 1 -3 
vt 3.75 -3.125 
vt 1 -3.125 

usemtl Platformpart13Mtl

f 1963/1963/1963 1964/1964/1964 1965/1965/1965 
f 1965/1965/1965 1964/1964/1964 1966/1966/1966 
f 1967/1967/1967 1968/1968/1968 1969/1969/1969 
f 1969/1969/1969 1968/1968/1968 1970/1970/1970 
f 1971/1971/1971 1972/1972/1972 1973/1973/1973 
f 1973/1973/1973 1972/1972/1972 1974/1974/1974 
f 1975/1975/1975 1976/1976/1976 1977/1977/1977 
f 1977/1977/1977 1976/1976/1976 1978/1978/1978 
f 1979/1979/1979 1980/1980/1980 1981/1981/1981 
f 1981/1981/1981 1980/1980/1980 1982/1982/1982 
f 1983/1983/1983 1984/1984/1984 1985/1985/1985 
f 1985/1985/1985 1984/1984/1984 1986/1986/1986 

g Platformpart15

v -458.472 191.399 -109.91 
v -480.472 191.399 -71.8051 
v -458.472 190.399 -109.91 
v -480.472 190.399 -71.8051 
v -499.525 191.4 -82.8053 
v -480.472 191.399 -71.8051 
v -477.524 191.4 -120.91 
v -458.472 191.399 -109.91 
v -480.472 191.399 -71.8051 
v -499.525 191.4 -82.8053 
v -480.472 190.399 -71.8051 
v -499.525 190.4 -82.8053 
v -499.525 191.4 -82.8053 
v -477.524 191.4 -120.91 
v -499.525 190.4 -82.8053 
v -477.524 190.4 -120.91 
v -477.524 190.4 -120.91 
v -458.472 190.399 -109.91 
v -499.525 190.4 -82.8053 
v -480.472 190.399 -71.8051 
v -477.524 191.4 -120.91 
v -458.472 191.399 -109.91 
v -477.524 190.4 -120.91 
v -458.472 190.399 -109.91 

vn 0.866142 0 0.503937 
vn 0.866142 0 0.503937 
vn 0.866142 0 0.503937 
vn 0.866142 0 0.503937 
vn 0 1 0 
vn 0 1 0 
vn 0 1 0 
vn 0 1 0 
vn -0.503937 0 0.866142 
vn -0.503937 0 0.866142 
vn -0.503937 0 0.866142 
vn -0.503937 0 0.866142 
vn -0.866142 0 -0.503937 
vn -0.866142 0 -0.503937 
vn -0.866142 0 -0.503937 
vn -0.866142 0 -0.503937 
vn 0 -1 0 
vn 0 -1 0 
vn 0 -1 0 
vn 0 -1 0 
vn 0.503937 0 -0.866142 
vn 0.503937 0 -0.866142 
vn 0.503937 0 -0.866142 
vn 0.503937 0 -0.866142 

vt 5.5 -2 
vt 0 -2 
vt 5.5 -2.125 
vt 0 -2.125 
vt 2.75 -2 
vt 0 -2 
vt 2.75 -7.5 
vt 0 -7.5 
vt 2.75 -2 
vt 0 -2 
vt 2.75 -2.125 
vt 0 -2.125 
vt 5.5 -2 
vt 0 -2 
vt 5.5 -2.125 
vt 0 -2.125 
vt 2.75 -2 
vt 0 -2 
vt 2.75 -7.5 
vt 0 -7.5 
vt 2.75 -2 
vt 0 -2 
vt 2.75 -2.125 
vt 0 -2.125 

usemtl Platformpart13Mtl

f 1987/1987/1987 1988/1988/1988 1989/1989/1989 
f 1989/1989/1989 1988/1988/1988 1990/1990/1990 
f 1991/1991/1991 1992/1992/1992 1993/1993/1993 
f 1993/1993/1993 1992/1992/1992 1994/1994/1994 
f 1995/1995/1995 1996/1996/1996 1997/1997/1997 
f 1997/1997/1997 1996/1996/1996 1998/1998/1998 
f 1999/1999/1999 2000/2000/2000 2001/2001/2001 
f 2001/2001/2001 2000/2000/2000 2002/2002/2002 
f 2003/2003/2003 2004/2004/2004 2005/2005/2005 
f 2005/2005/2005 2004/2004/2004 2006/2006/2006 
f 2007/2007/2007 2008/2008/2008 2009/2009/2009 
f 2009/2009/2009 2008/2008/2008 2010/2010/2010 

g Platformpart16

v -469.087 191.4 -112.473 
v -507.192 191.399 -90.4714 
v -469.087 190.4 -112.473 
v -507.192 190.399 -90.4714 
v -518.192 191.4 -109.524 
v -507.192 191.399 -90.4714 
v -480.088 191.401 -131.525 
v -469.087 191.4 -112.473 
v -507.192 191.399 -90.4714 
v -518.192 191.4 -109.524 
v -507.192 190.399 -90.4714 
v -518.192 190.4 -109.524 
v -518.192 191.4 -109.524 
v -480.088 191.401 -131.525 
v -518.192 190.4 -109.524 
v -480.088 190.401 -131.525 
v -480.088 190.401 -131.525 
v -469.087 190.4 -112.473 
v -518.192 190.4 -109.524 
v -507.192 190.399 -90.4714 
v -480.088 191.401 -131.525 
v -469.087 191.4 -112.473 
v -480.088 190.401 -131.525 
v -469.087 190.4 -112.473 

vn 0.503937 0 0.866142 
vn 0.503937 0 0.866142 
vn 0.503937 0 0.866142 
vn 0.503937 0 0.866142 
vn 0 1 0 
vn 0 1 0 
vn 0 1 0 
vn 0 1 0 
vn -0.866142 0 0.503937 
vn -0.866142 0 0.503937 
vn -0.866142 0 0.503937 
vn -0.866142 0 0.503937 
vn -0.503937 0 -0.866142 
vn -0.503937 0 -0.866142 
vn -0.503937 0 -0.866142 
vn -0.503937 0 -0.866142 
vn 0 -1 0 
vn 0 -1 0 
vn 0 -1 0 
vn 0 -1 0 
vn 0.866142 0 -0.503937 
vn 0.866142 0 -0.503937 
vn 0.866142 0 -0.503937 
vn 0.866142 0 -0.503937 

vt 9.25 -1 
vt 3.75 -1 
vt 9.25 -1.125 
vt 3.75 -1.125 
vt 6.5 -1 
vt 3.75 -1 
vt 6.5 -6.5 
vt 3.75 -6.5 
vt 6.5 -1 
vt 3.75 -1 
vt 6.5 -1.125 
vt 3.75 -1.125 
vt 9.25 -1 
vt 3.75 -1 
vt 9.25 -1.125 
vt 3.75 -1.125 
vt 6.5 -1 
vt 3.75 -1 
vt 6.5 -6.5 
vt 3.75 -6.5 
vt 6.5 -1 
vt 3.75 -1 
vt 6.5 -1.125 
vt 3.75 -1.125 

usemtl Platformpart13Mtl

f 2011/2011/2011 2012/2012/2012 2013/2013/2013 
f 2013/2013/2013 2012/2012/2012 2014/2014/2014 
f 2015/2015/2015 2016/2016/2016 2017/2017/2017 
f 2017/2017/2017 2016/2016/2016 2018/2018/2018 
f 2019/2019/2019 2020/2020/2020 2021/2021/2021 
f 2021/2021/2021 2020/2020/2020 2022/2022/2022 
f 2023/2023/2023 2024/2024/2024 2025/2025/2025 
f 2025/2025/2025 2024/2024/2024 2026/2026/2026 
f 2027/2027/2027 2028/2028/2028 2029/2029/2029 
f 2029/2029/2029 2028/2028/2028 2030/2030/2030 
f 2031/2031/2031 2032/2032/2032 2033/2033/2033 
f 2033/2033/2033 2032/2032/2032 2034/2034/2034 

g Platformpart17

v -476.999 191.399 -119.999 
v -520.999 191.402 -119.997 
v -476.999 190.399 -119.999 
v -520.999 190.402 -119.997 
v -521 191.402 -141.997 
v -520.999 191.402 -119.997 
v -477 191.4 -141.999 
v -476.999 191.399 -119.999 
v -520.999 191.402 -119.997 
v -521 191.402 -141.997 
v -520.999 190.402 -119.997 
v -521 190.402 -141.997 
v -521 191.402 -141.997 
v -477 191.4 -141.999 
v -521 190.402 -141.997 
v -477 190.4 -141.999 
v -477 190.4 -141.999 
v -476.999 190.399 -119.999 
v -521 190.402 -141.997 
v -520.999 190.402 -119.997 
v -477 191.4 -141.999 
v -476.999 191.399 -119.999 
v -477 190.4 -141.999 
v -476.999 190.399 -119.999 

vn 0 0 1 
vn 0 0 1 
vn 0 0 1 
vn 0 0 1 
vn 0 1 0 
vn 0 1 0 
vn 0 1 0 
vn 0 1 0 
vn -1 0 0 
vn -1 0 0 
vn -1 0 0 
vn -1 0 0 
vn 0 0 -1 
vn 0 0 -1 
vn 0 0 -1 
vn 0 0 -1 
vn 0 -1 0 
vn 0 -1 0 
vn 0 -1 0 
vn 0 -1 0 
vn 1 0 0 
vn 1 0 0 
vn 1 0 0 
vn 1 0 0 

vt 8.25 -3.5 
vt 2.75 -3.5 
vt 8.25 -3.625 
vt 2.75 -3.625 
vt 5.5 -3.5 
vt 2.75 -3.5 
vt 5.5 -9 
vt 2.75 -9 
vt 5.5 -3.5 
vt 2.75 -3.5 
vt 5.5 -3.625 
vt 2.75 -3.625 
vt 8.25 -3.5 
vt 2.75 -3.5 
vt 8.25 -3.625 
vt 2.75 -3.625 
vt 5.5 -3.5 
vt 2.75 -3.5 
vt 5.5 -9 
vt 2.75 -9 
vt 5.5 -3.5 
vt 2.75 -3.5 
vt 5.5 -3.625 
vt 2.75 -3.625 

usemtl Platformpart13Mtl

f 2035/2035/2035 2036/2036/2036 2037/2037/2037 
f 2037/2037/2037 2036/2036/2036 2038/2038/2038 
f 2039/2039/2039 2040/2040/2040 2041/2041/2041 
f 2041/2041/2041 2040/2040/2040 2042/2042/2042 
f 2043/2043/2043 2044/2044/2044 2045/2045/2045 
f 2045/2045/2045 2044/2044/2044 2046/2046/2046 
f 2047/2047/2047 2048/2048/2048 2049/2049/2049 
f 2049/2049/2049 2048/2048/2048 2050/2050/2050 
f 2051/2051/2051 2052/2052/2052 2053/2053/2053 
f 2053/2053/2053 2052/2052/2052 2054/2054/2054 
f 2055/2055/2055 2056/2056/2056 2057/2057/2057 
f 2057/2057/2057 2056/2056/2056 2058/2058/2058 

g Platformpart18

v -480.089 191.4 -130.472 
v -518.194 191.403 -152.472 
v -480.089 190.4 -130.472 
v -518.194 190.403 -152.472 
v -507.194 191.403 -171.525 
v -518.194 191.403 -152.472 
v -469.089 191.4 -149.524 
v -480.089 191.4 -130.472 
v -518.194 191.403 -152.472 
v -507.194 191.403 -171.525 
v -518.194 190.403 -152.472 
v -507.194 190.403 -171.525 
v -507.194 191.403 -171.525 
v -469.089 191.4 -149.524 
v -507.194 190.403 -171.525 
v -469.089 190.4 -149.524 
v -469.089 190.4 -149.524 
v -480.089 190.4 -130.472 
v -507.194 190.403 -171.525 
v -518.194 190.403 -152.472 
v -469.089 191.4 -149.524 
v -480.089 191.4 -130.472 
v -469.089 190.4 -149.524 
v -480.089 190.4 -130.472 

vn -0.503937 0 0.866142 
vn -0.503937 0 0.866142 
vn -0.503937 0 0.866142 
vn -0.503937 0 0.866142 
vn 0 1 0 
vn 0 1 0 
vn 0 1 0 
vn 0 1 0 
vn -0.866142 0 -0.503937 
vn -0.866142 0 -0.503937 
vn -0.866142 0 -0.503937 
vn -0.866142 0 -0.503937 
vn 0.503937 0 -0.866142 
vn 0.503937 0 -0.866142 
vn 0.503937 0 -0.866142 
vn 0.503937 0 -0.866142 
vn 0 -1 0 
vn 0 -1 0 
vn 0 -1 0 
vn 0 -1 0 
vn 0.866142 0 0.503937 
vn 0.866142 0 0.503937 
vn 0.866142 0 0.503937 
vn 0.866142 0 0.503937 

vt 10 1 
vt 4.5 1 
vt 10 0.875 
vt 4.5 0.875 
vt 7.25 1 
vt 4.5 1 
vt 7.25 -4.5 
vt 4.5 -4.5 
vt 7.25 1 
vt 4.5 1 
vt 7.25 0.875 
vt 4.5 0.875 
vt 10 1 
vt 4.5 1 
vt 10 0.875 
vt 4.5 0.875 
vt 7.25 1 
vt 4.5 1 
vt 7.25 -4.5 
vt 4.5 -4.5 
vt 7.25 1 
vt 4.5 1 
vt 7.25 0.875 
vt 4.5 0.875 

usemtl Platformpart13Mtl

f 2059/2059/2059 2060/2060/2060 2061/2061/2061 
f 2061/2061/2061 2060/2060/2060 2062/2062/2062 
f 2063/2063/2063 2064/2064/2064 2065/2065/2065 
f 2065/2065/2065 2064/2064/2064 2066/2066/2066 
f 2067/2067/2067 2068/2068/2068 2069/2069/2069 
f 2069/2069/2069 2068/2068/2068 2070/2070/2070 
f 2071/2071/2071 2072/2072/2072 2073/2073/2073 
f 2073/2073/2073 2072/2072/2072 2074/2074/2074 
f 2075/2075/2075 2076/2076/2076 2077/2077/2077 
f 2077/2077/2077 2076/2076/2076 2078/2078/2078 
f 2079/2079/2079 2080/2080/2080 2081/2081/2081 
f 2081/2081/2081 2080/2080/2080 2082/2082/2082 

g Platformpart19

v -477.526 191.401 -141.087 
v -499.528 191.403 -179.192 
v -477.526 190.401 -141.087 
v -499.528 190.403 -179.192 
v -480.475 191.403 -190.192 
v -499.528 191.403 -179.192 
v -458.474 191.401 -152.088 
v -477.526 191.401 -141.087 
v -499.528 191.403 -179.192 
v -480.475 191.403 -190.192 
v -499.528 190.403 -179.192 
v -480.475 190.403 -190.192 
v -480.475 191.403 -190.192 
v -458.474 191.401 -152.088 
v -480.475 190.403 -190.192 
v -458.474 190.401 -152.088 
v -458.474 190.401 -152.088 
v -477.526 190.401 -141.087 
v -480.475 190.403 -190.192 
v -499.528 190.403 -179.192 
v -458.474 191.401 -152.088 
v -477.526 191.401 -141.087 
v -458.474 190.401 -152.088 
v -477.526 190.401 -141.087 

vn -0.866142 0 0.503937 
vn -0.866142 0 0.503937 
vn -0.866142 0 0.503937 
vn -0.866142 0 0.503937 
vn 0 1 0 
vn 0 1 0 
vn 0 1 0 
vn 0 1 0 
vn -0.503937 0 -0.866142 
vn -0.503937 0 -0.866142 
vn -0.503937 0 -0.866142 
vn -0.503937 0 -0.866142 
vn 0.866142 0 -0.503937 
vn 0.866142 0 -0.503937 
vn 0.866142 0 -0.503937 
vn 0.866142 0 -0.503937 
vn 0 -1 0 
vn 0 -1 0 
vn 0 -1 0 
vn 0 -1 0 
vn 0.503937 0 0.866142 
vn 0.503937 0 0.866142 
vn 0.503937 0 0.866142 
vn 0.503937 0 0.866142 

vt 8.25 0.75 
vt 2.75 0.75 
vt 8.25 0.625 
vt 2.75 0.625 
vt 5.5 0.75 
vt 2.75 0.75 
vt 5.5 -4.75 
vt 2.75 -4.75 
vt 5.5 0.75 
vt 2.75 0.75 
vt 5.5 0.625 
vt 2.75 0.625 
vt 8.25 0.75 
vt 2.75 0.75 
vt 8.25 0.625 
vt 2.75 0.625 
vt 5.5 0.75 
vt 2.75 0.75 
vt 5.5 -4.75 
vt 2.75 -4.75 
vt 5.5 0.75 
vt 2.75 0.75 
vt 5.5 0.625 
vt 2.75 0.625 

usemtl Platformpart13Mtl

f 2083/2083/2083 2084/2084/2084 2085/2085/2085 
f 2085/2085/2085 2084/2084/2084 2086/2086/2086 
f 2087/2087/2087 2088/2088/2088 2089/2089/2089 
f 2089/2089/2089 2088/2088/2088 2090/2090/2090 
f 2091/2091/2091 2092/2092/2092 2093/2093/2093 
f 2093/2093/2093 2092/2092/2092 2094/2094/2094 
f 2095/2095/2095 2096/2096/2096 2097/2097/2097 
f 2097/2097/2097 2096/2096/2096 2098/2098/2098 
f 2099/2099/2099 2100/2100/2100 2101/2101/2101 
f 2101/2101/2101 2100/2100/2100 2102/2102/2102 
f 2103/2103/2103 2104/2104/2104 2105/2105/2105 
f 2105/2105/2105 2104/2104/2104 2106/2106/2106 

g Platformpart20

v -470 191.401 -148.999 
v -470.001 191.404 -192.999 
v -470 190.401 -148.999 
v -470.002 190.404 -192.999 
v -448.001 191.403 -193 
v -470.001 191.404 -192.999 
v -448 191.4 -149 
v -470 191.401 -148.999 
v -470.001 191.404 -192.999 
v -448.001 191.403 -193 
v -470.002 190.404 -192.999 
v -448.002 190.403 -193 
v -448.001 191.403 -193 
v -448 191.4 -149 
v -448.002 190.403 -193 
v -448 190.4 -149 
v -448 190.4 -149 
v -470 190.401 -148.999 
v -448.002 190.403 -193 
v -470.002 190.404 -192.999 
v -448 191.4 -149 
v -470 191.401 -148.999 
v -448 190.4 -149 
v -470 190.401 -148.999 

vn -1 0 0 
vn -1 0 0 
vn -1 0 0 
vn -1 0 0 
vn 0 1 0 
vn 0 1 0 
vn 0 1 0 
vn 0 1 0 
vn 0 0 -1 
vn 0 0 -1 
vn 0 0 -1 
vn 0 0 -1 
vn 1 0 0 
vn 1 0 0 
vn 1 0 0 
vn 1 0 0 
vn 0 -1 0 
vn 0 -1 0 
vn 0 -1 0 
vn 0 -1 0 
vn 0 0 1 
vn 0 0 1 
vn 0 0 1 
vn 0 0 1 

vt 11.25 -2.5 
vt 5.75 -2.5 
vt 11.25 -2.625 
vt 5.75 -2.625 
vt 8.5 -2.5 
vt 5.75 -2.5 
vt 8.5 -8 
vt 5.75 -8 
vt 8.5 -2.5 
vt 5.75 -2.5 
vt 8.5 -2.625 
vt 5.75 -2.625 
vt 11.25 -2.5 
vt 5.75 -2.5 
vt 11.25 -2.625 
vt 5.75 -2.625 
vt 8.5 -2.5 
vt 5.75 -2.5 
vt 8.5 -8 
vt 5.75 -8 
vt 8.5 -2.5 
vt 5.75 -2.5 
vt 8.5 -2.625 
vt 5.75 -2.625 

usemtl Platformpart13Mtl

f 2107/2107/2107 2108/2108/2108 2109/2109/2109 
f 2109/2109/2109 2108/2108/2108 2110/2110/2110 
f 2111/2111/2111 2112/2112/2112 2113/2113/2113 
f 2113/2113/2113 2112/2112/2112 2114/2114/2114 
f 2115/2115/2115 2116/2116/2116 2117/2117/2117 
f 2117/2117/2117 2116/2116/2116 2118/2118/2118 
f 2119/2119/2119 2120/2120/2120 2121/2121/2121 
f 2121/2121/2121 2120/2120/2120 2122/2122/2122 
f 2123/2123/2123 2124/2124/2124 2125/2125/2125 
f 2125/2125/2125 2124/2124/2124 2126/2126/2126 
f 2127/2127/2127 2128/2128/2128 2129/2129/2129 
f 2129/2129/2129 2128/2128/2128 2130/2130/2130 

g Platformpart21

v -459.527 191.402 -152.088 
v -437.527 191.403 -190.194 
v -459.527 190.402 -152.088 
v -437.527 190.403 -190.194 
v -418.475 191.402 -179.194 
v -437.527 191.403 -190.194 
v -440.474 191.4 -141.089 
v -459.527 191.402 -152.088 
v -437.527 191.403 -190.194 
v -418.475 191.402 -179.194 
v -437.527 190.403 -190.194 
v -418.475 190.402 -179.194 
v -418.475 191.402 -179.194 
v -440.474 191.4 -141.089 
v -418.475 190.402 -179.194 
v -440.474 190.4 -141.089 
v -440.474 190.4 -141.089 
v -459.527 190.402 -152.088 
v -418.475 190.402 -179.194 
v -437.527 190.403 -190.194 
v -440.474 191.4 -141.089 
v -459.527 191.402 -152.088 
v -440.474 190.4 -141.089 
v -459.527 190.402 -152.088 

vn -0.866142 0 -0.496063 
vn -0.866142 0 -0.496063 
vn -0.866142 0 -0.496063 
vn -0.866142 0 -0.496063 
vn 0 1 0 
vn 0 1 0 
vn 0 1 0 
vn 0 1 0 
vn 0.496063 0 -0.866142 
vn 0.496063 0 -0.866142 
vn 0.496063 0 -0.866142 
vn 0.496063 0 -0.866142 
vn 0.866142 0 0.496063 
vn 0.866142 0 0.496063 
vn 0.866142 0 0.496063 
vn 0.866142 0 0.496063 
vn 0 -1 0 
vn 0 -1 0 
vn 0 -1 0 
vn 0 -1 0 
vn -0.496063 0 0.866142 
vn -0.496063 0 0.866142 
vn -0.496063 0 0.866142 
vn -0.496063 0 0.866142 

vt 9 -1.25 
vt 3.5 -1.25 
vt 9 -1.375 
vt 3.5 -1.375 
vt 6.25 -1.25 
vt 3.5 -1.25 
vt 6.25 -6.75 
vt 3.5 -6.75 
vt 6.25 -1.25 
vt 3.5 -1.25 
vt 6.25 -1.375 
vt 3.5 -1.375 
vt 9 -1.25 
vt 3.5 -1.25 
vt 9 -1.375 
vt 3.5 -1.375 
vt 6.25 -1.25 
vt 3.5 -1.25 
vt 6.25 -6.75 
vt 3.5 -6.75 
vt 6.25 -1.25 
vt 3.5 -1.25 
vt 6.25 -1.375 
vt 3.5 -1.375 

usemtl Platformpart13Mtl

f 2131/2131/2131 2132/2132/2132 2133/2133/2133 
f 2133/2133/2133 2132/2132/2132 2134/2134/2134 
f 2135/2135/2135 2136/2136/2136 2137/2137/2137 
f 2137/2137/2137 2136/2136/2136 2138/2138/2138 
f 2139/2139/2139 2140/2140/2140 2141/2141/2141 
f 2141/2141/2141 2140/2140/2140 2142/2142/2142 
f 2143/2143/2143 2144/2144/2144 2145/2145/2145 
f 2145/2145/2145 2144/2144/2144 2146/2146/2146 
f 2147/2147/2147 2148/2148/2148 2149/2149/2149 
f 2149/2149/2149 2148/2148/2148 2150/2150/2150 
f 2151/2151/2151 2152/2152/2152 2153/2153/2153 
f 2153/2153/2153 2152/2152/2152 2154/2154/2154 

g Platformpart22

v -448.912 191.401 -149.526 
v -410.807 191.402 -171.527 
v -448.912 190.401 -149.526 
v -410.807 190.402 -171.527 
v -399.807 191.401 -152.475 
v -410.807 191.402 -171.527 
v -437.911 191.4 -130.474 
v -448.912 191.401 -149.526 
v -410.807 191.402 -171.527 
v -399.807 191.401 -152.475 
v -410.807 190.402 -171.527 
v -399.807 190.401 -152.475 
v -399.807 191.401 -152.475 
v -437.911 191.4 -130.474 
v -399.807 190.401 -152.475 
v -437.911 190.4 -130.474 
v -437.911 190.4 -130.474 
v -448.912 190.401 -149.526 
v -399.807 190.401 -152.475 
v -410.807 190.402 -171.527 
v -437.911 191.4 -130.474 
v -448.912 191.401 -149.526 
v -437.911 190.4 -130.474 
v -448.912 190.401 -149.526 

vn -0.503937 0 -0.866142 
vn -0.503937 0 -0.866142 
vn -0.503937 0 -0.866142 
vn -0.503937 0 -0.866142 
vn 0 1 0 
vn 0 1 0 
vn 0 1 0 
vn 0 1 0 
vn 0.866142 0 -0.503937 
vn 0.866142 0 -0.503937 
vn 0.866142 0 -0.503937 
vn 0.866142 0 -0.503937 
vn 0.503937 0 0.866142 
vn 0.503937 0 0.866142 
vn 0.503937 0 0.866142 
vn 0.503937 0 0.866142 
vn 0 -1 0 
vn 0 -1 0 
vn 0 -1 0 
vn 0 -1 0 
vn -0.866142 0 0.503937 
vn -0.866142 0 0.503937 
vn -0.866142 0 0.503937 
vn -0.866142 0 0.503937 

vt 13 -5.75 
vt 7.5 -5.75 
vt 13 -5.875 
vt 7.5 -5.875 
vt 10.25 -5.75 
vt 7.5 -5.75 
vt 10.25 -11.25 
vt 7.5 -11.25 
vt 10.25 -5.75 
vt 7.5 -5.75 
vt 10.25 -5.875 
vt 7.5 -5.875 
vt 13 -5.75 
vt 7.5 -5.75 
vt 13 -5.875 
vt 7.5 -5.875 
vt 10.25 -5.75 
vt 7.5 -5.75 
vt 10.25 -11.25 
vt 7.5 -11.25 
vt 10.25 -5.75 
vt 7.5 -5.75 
vt 10.25 -5.875 
vt 7.5 -5.875 

usemtl Platformpart13Mtl

f 2155/2155/2155 2156/2156/2156 2157/2157/2157 
f 2157/2157/2157 2156/2156/2156 2158/2158/2158 
f 2159/2159/2159 2160/2160/2160 2161/2161/2161 
f 2161/2161/2161 2160/2160/2160 2162/2162/2162 
f 2163/2163/2163 2164/2164/2164 2165/2165/2165 
f 2165/2165/2165 2164/2164/2164 2166/2166/2166 
f 2167/2167/2167 2168/2168/2168 2169/2169/2169 
f 2169/2169/2169 2168/2168/2168 2170/2170/2170 
f 2171/2171/2171 2172/2172/2172 2173/2173/2173 
f 2173/2173/2173 2172/2172/2172 2174/2174/2174 
f 2175/2175/2175 2176/2176/2176 2177/2177/2177 
f 2177/2177/2177 2176/2176/2176 2178/2178/2178 

g Platformpart23

v -441 191.4 -142.001 
v -397 191.4 -142.001 
v -441 190.4 -142.001 
v -397 190.4 -142.001 
v -397 191.4 -120.001 
v -397 191.4 -142.001 
v -441 191.4 -120.001 
v -441 191.4 -142.001 
v -397 191.4 -142.001 
v -397 191.4 -120.001 
v -397 190.4 -142.001 
v -397 190.4 -120.001 
v -397 191.4 -120.001 
v -441 191.4 -120.001 
v -397 190.4 -120.001 
v -441 190.4 -120.001 
v -441 190.4 -120.001 
v -441 190.4 -142.001 
v -397 190.4 -120.001 
v -397 190.4 -142.001 
v -441 191.4 -120.001 
v -441 191.4 -142.001 
v -441 190.4 -120.001 
v -441 190.4 -142.001 

vn 0 0 -1 
vn 0 0 -1 
vn 0 0 -1 
vn 0 0 -1 
vn 0 1 0 
vn 0 1 0 
vn 0 1 0 
vn 0 1 0 
vn 1 0 0 
vn 1 0 0 
vn 1 0 0 
vn 1 0 0 
vn 0 0 1 
vn 0 0 1 
vn 0 0 1 
vn 0 0 1 
vn 0 -1 0 
vn 0 -1 0 
vn 0 -1 0 
vn 0 -1 0 
vn -1 0 0 
vn -1 0 0 
vn -1 0 0 
vn -1 0 0 

vt 13 -2 
vt 7.5 -2 
vt 13 -2.125 
vt 7.5 -2.125 
vt 10.25 -2 
vt 7.5 -2 
vt 10.25 -7.5 
vt 7.5 -7.5 
vt 10.25 -2 
vt 7.5 -2 
vt 10.25 -2.125 
vt 7.5 -2.125 
vt 13 -2 
vt 7.5 -2 
vt 13 -2.125 
vt 7.5 -2.125 
vt 10.25 -2 
vt 7.5 -2 
vt 10.25 -7.5 
vt 7.5 -7.5 
vt 10.25 -2 
vt 7.5 -2 
vt 10.25 -2.125 
vt 7.5 -2.125 

usemtl Platformpart13Mtl

f 2179/2179/2179 2180/2180/2180 2181/2181/2181 
f 2181/2181/2181 2180/2180/2180 2182/2182/2182 
f 2183/2183/2183 2184/2184/2184 2185/2185/2185 
f 2185/2185/2185 2184/2184/2184 2186/2186/2186 
f 2187/2187/2187 2188/2188/2188 2189/2189/2189 
f 2189/2189/2189 2188/2188/2188 2190/2190/2190 
f 2191/2191/2191 2192/2192/2192 2193/2193/2193 
f 2193/2193/2193 2192/2192/2192 2194/2194/2194 
f 2195/2195/2195 2196/2196/2196 2197/2197/2197 
f 2197/2197/2197 2196/2196/2196 2198/2198/2198 
f 2199/2199/2199 2200/2200/2200 2201/2201/2201 
f 2201/2201/2201 2200/2200/2200 2202/2202/2202 

g Platformpart24

v -437.91 191.399 -131.527 
v -399.805 191.399 -109.527 
v -437.91 190.399 -131.527 
v -399.805 190.399 -109.527 
v -410.805 191.399 -90.4745 
v -399.805 191.399 -109.527 
v -448.91 191.4 -112.474 
v -437.91 191.399 -131.527 
v -399.805 191.399 -109.527 
v -410.805 191.399 -90.4745 
v -399.805 190.399 -109.527 
v -410.805 190.399 -90.4745 
v -410.805 191.399 -90.4745 
v -448.91 191.4 -112.474 
v -410.805 190.399 -90.4745 
v -448.91 190.4 -112.474 
v -448.91 190.4 -112.474 
v -437.91 190.399 -131.527 
v -410.805 190.399 -90.4745 
v -399.805 190.399 -109.527 
v -448.91 191.4 -112.474 
v -437.91 191.399 -131.527 
v -448.91 190.4 -112.474 
v -437.91 190.399 -131.527 

vn 0.496063 0 -0.866142 
vn 0.496063 0 -0.866142 
vn 0.496063 0 -0.866142 
vn 0.496063 0 -0.866142 
vn 0 1 0 
vn 0 1 0 
vn 0 1 0 
vn 0 1 0 
vn 0.866142 0 0.496063 
vn 0.866142 0 0.496063 
vn 0.866142 0 0.496063 
vn 0.866142 0 0.496063 
vn -0.496063 0 0.866142 
vn -0.496063 0 0.866142 
vn -0.496063 0 0.866142 
vn -0.496063 0 0.866142 
vn 0 -1 0 
vn 0 -1 0 
vn 0 -1 0 
vn 0 -1 0 
vn -0.866142 0 -0.496063 
vn -0.866142 0 -0.496063 
vn -0.866142 0 -0.496063 
vn -0.866142 0 -0.496063 

vt 6.25 -2.25 
vt 0.75 -2.25 
vt 6.25 -2.375 
vt 0.75 -2.375 
vt 3.5 -2.25 
vt 0.75 -2.25 
vt 3.5 -7.75 
vt 0.75 -7.75 
vt 3.5 -2.25 
vt 0.75 -2.25 
vt 3.5 -2.375 
vt 0.75 -2.375 
vt 6.25 -2.25 
vt 0.75 -2.25 
vt 6.25 -2.375 
vt 0.75 -2.375 
vt 3.5 -2.25 
vt 0.75 -2.25 
vt 3.5 -7.75 
vt 0.75 -7.75 
vt 3.5 -2.25 
vt 0.75 -2.25 
vt 3.5 -2.375 
vt 0.75 -2.375 

usemtl Platformpart13Mtl

f 2203/2203/2203 2204/2204/2204 2205/2205/2205 
f 2205/2205/2205 2204/2204/2204 2206/2206/2206 
f 2207/2207/2207 2208/2208/2208 2209/2209/2209 
f 2209/2209/2209 2208/2208/2208 2210/2210/2210 
f 2211/2211/2211 2212/2212/2212 2213/2213/2213 
f 2213/2213/2213 2212/2212/2212 2214/2214/2214 
f 2215/2215/2215 2216/2216/2216 2217/2217/2217 
f 2217/2217/2217 2216/2216/2216 2218/2218/2218 
f 2219/2219/2219 2220/2220/2220 2221/2221/2221 
f 2221/2221/2221 2220/2220/2220 2222/2222/2222 
f 2223/2223/2223 2224/2224/2224 2225/2225/2225 
f 2225/2225/2225 2224/2224/2224 2226/2226/2226 

g Platformpart25

v -440.672 176.6 -131.784 
v -397.205 176.6 -120.138 
v -440.672 175.6 -131.784 
v -397.205 175.6 -120.138 
v -400.052 176.6 -109.513 
v -397.205 176.6 -120.138 
v -443.519 176.6 -121.159 
v -440.672 176.6 -131.784 
v -397.205 176.6 -120.138 
v -400.052 176.6 -109.513 
v -397.205 175.6 -120.138 
v -400.052 175.6 -109.513 
v -400.052 176.6 -109.513 
v -443.519 176.6 -121.159 
v -400.052 175.6 -109.513 
v -443.519 175.6 -121.159 
v -443.519 175.6 -121.159 
v -440.672 175.6 -131.784 
v -400.052 175.6 -109.513 
v -397.205 175.6 -120.138 
v -443.519 176.6 -121.159 
v -440.672 176.6 -131.784 
v -443.519 175.6 -121.159 
v -440.672 175.6 -131.784 

vn 0.259843 0 -0.968504 
vn 0.259843 0 -0.968504 
vn 0.259843 0 -0.968504 
vn 0.259843 0 -0.968504 
vn 0 1 0 
vn 0 1 0 
vn 0 1 0 
vn 0 1 0 
vn 0.968504 0 0.259843 
vn 0.968504 0 0.259843 
vn 0.968504 0 0.259843 
vn 0.968504 0 0.259843 
vn -0.259843 0 0.968504 
vn -0.259843 0 0.968504 
vn -0.259843 0 0.968504 
vn -0.259843 0 0.968504 
vn 0 -1 0 
vn 0 -1 0 
vn 0 -1 0 
vn 0 -1 0 
vn -0.968504 0 -0.259843 
vn -0.968504 0 -0.259843 
vn -0.968504 0 -0.259843 
vn -0.968504 0 -0.259843 

vt 13.125 -1.5 
vt 7.5 -1.5 
vt 13.125 -1.625 
vt 7.5 -1.625 
vt 8.875 -1.5 
vt 7.5 -1.5 
vt 8.875 -7.125 
vt 7.5 -7.125 
vt 8.875 -1.5 
vt 7.5 -1.5 
vt 8.875 -1.625 
vt 7.5 -1.625 
vt 13.125 -1.5 
vt 7.5 -1.5 
vt 13.125 -1.625 
vt 7.5 -1.625 
vt 8.875 -1.5 
vt 7.5 -1.5 
vt 8.875 -7.125 
vt 7.5 -7.125 
vt 8.875 -1.5 
vt 7.5 -1.5 
vt 8.875 -1.625 
vt 7.5 -1.625 

usemtl Platformpart13Mtl

f 2227/2227/2227 2228/2228/2228 2229/2229/2229 
f 2229/2229/2229 2228/2228/2228 2230/2230/2230 
f 2231/2231/2231 2232/2232/2232 2233/2233/2233 
f 2233/2233/2233 2232/2232/2232 2234/2234/2234 
f 2235/2235/2235 2236/2236/2236 2237/2237/2237 
f 2237/2237/2237 2236/2236/2236 2238/2238/2238 
f 2239/2239/2239 2240/2240/2240 2241/2241/2241 
f 2241/2241/2241 2240/2240/2240 2242/2242/2242 
f 2243/2243/2243 2244/2244/2244 2245/2245/2245 
f 2245/2245/2245 2244/2244/2244 2246/2246/2246 
f 2247/2247/2247 2248/2248/2248 2249/2249/2249 
f 2249/2249/2249 2248/2248/2248 2250/2250/2250 

g Platformpart26

v -442.735 176.599 -122.516 
v -410.915 176.599 -90.6959 
v -442.735 175.599 -122.516 
v -410.915 175.599 -90.6959 
v -418.694 176.599 -82.9178 
v -410.915 176.599 -90.6959 
v -450.513 176.599 -114.738 
v -442.735 176.599 -122.516 
v -410.915 176.599 -90.6959 
v -418.694 176.599 -82.9178 
v -410.915 175.599 -90.6959 
v -418.694 175.599 -82.9178 
v -418.694 176.599 -82.9178 
v -450.513 176.599 -114.738 
v -418.694 175.599 -82.9178 
v -450.513 175.599 -114.738 
v -450.513 175.599 -114.738 
v -442.735 175.599 -122.516 
v -418.694 175.599 -82.9178 
v -410.915 175.599 -90.6959 
v -450.513 176.599 -114.738 
v -442.735 176.599 -122.516 
v -450.513 175.599 -114.738 
v -442.735 175.599 -122.516 

vn 0.708661 0 -0.708661 
vn 0.708661 0 -0.708661 
vn 0.708661 0 -0.708661 
vn 0.708661 0 -0.708661 
vn 0 1 0 
vn 0 1 0 
vn 0 1 0 
vn 0 1 0 
vn 0.708661 0 0.708661 
vn 0.708661 0 0.708661 
vn 0.708661 0 0.708661 
vn 0.708661 0 0.708661 
vn -0.708661 0 0.708661 
vn -0.708661 0 0.708661 
vn -0.708661 0 0.708661 
vn -0.708661 0 0.708661 
vn 0 -1 0 
vn 0 -1 0 
vn 0 -1 0 
vn 0 -1 0 
vn -0.708661 0 -0.708661 
vn -0.708661 0 -0.708661 
vn -0.708661 0 -0.708661 
vn -0.708661 0 -0.708661 

vt 5.625 -2.5 
vt 0 -2.5 
vt 5.625 -2.625 
vt 0 -2.625 
vt 1.375 -2.5 
vt 0 -2.5 
vt 1.375 -8.125 
vt 0 -8.125 
vt 1.375 -2.5 
vt 0 -2.5 
vt 1.375 -2.625 
vt 0 -2.625 
vt 5.625 -2.5 
vt 0 -2.5 
vt 5.625 -2.625 
vt 0 -2.625 
vt 1.375 -2.5 
vt 0 -2.5 
vt 1.375 -8.125 
vt 0 -8.125 
vt 1.375 -2.5 
vt 0 -2.5 
vt 1.375 -2.625 
vt 0 -2.625 

usemtl Platformpart13Mtl

f 2251/2251/2251 2252/2252/2252 2253/2253/2253 
f 2253/2253/2253 2252/2252/2252 2254/2254/2254 
f 2255/2255/2255 2256/2256/2256 2257/2257/2257 
f 2257/2257/2257 2256/2256/2256 2258/2258/2258 
f 2259/2259/2259 2260/2260/2260 2261/2261/2261 
f 2261/2261/2261 2260/2260/2260 2262/2262/2262 
f 2263/2263/2263 2264/2264/2264 2265/2265/2265 
f 2265/2265/2265 2264/2264/2264 2266/2266/2266 
f 2267/2267/2267 2268/2268/2268 2269/2269/2269 
f 2269/2269/2269 2268/2268/2268 2270/2270/2270 
f 2271/2271/2271 2272/2272/2272 2273/2273/2273 
f 2273/2273/2273 2272/2272/2272 2274/2274/2274 

g Platformpart27

v -449.157 176.599 -115.52 
v -437.509 176.599 -72.0537 
v -449.157 175.599 -115.52 
v -437.509 175.599 -72.0537 
v -448.134 176.599 -69.2066 
v -437.509 176.599 -72.0537 
v -459.782 176.599 -112.673 
v -449.157 176.599 -115.52 
v -437.509 176.599 -72.0537 
v -448.134 176.599 -69.2066 
v -437.509 175.599 -72.0537 
v -448.134 175.599 -69.2066 
v -448.134 176.599 -69.2066 
v -459.782 176.599 -112.673 
v -448.134 175.599 -69.2066 
v -459.782 175.599 -112.673 
v -459.782 175.599 -112.673 
v -449.157 175.599 -115.52 
v -448.134 175.599 -69.2066 
v -437.509 175.599 -72.0537 
v -459.782 176.599 -112.673 
v -449.157 176.599 -115.52 
v -459.782 175.599 -112.673 
v -449.157 175.599 -115.52 

vn 0.968504 0 -0.259843 
vn 0.968504 0 -0.259843 
vn 0.968504 0 -0.259843 
vn 0.968504 0 -0.259843 
vn 0 1 0 
vn 0 1 0 
vn 0 1 0 
vn 0 1 0 
vn 0.259843 0 0.968504 
vn 0.259843 0 0.968504 
vn 0.259843 0 0.968504 
vn 0.259843 0 0.968504 
vn -0.968504 0 0.259843 
vn -0.968504 0 0.259843 
vn -0.968504 0 0.259843 
vn -0.968504 0 0.259843 
vn 0 -1 0 
vn 0 -1 0 
vn 0 -1 0 
vn 0 -1 0 
vn -0.259843 0 -0.968504 
vn -0.259843 0 -0.968504 
vn -0.259843 0 -0.968504 
vn -0.259843 0 -0.968504 

vt 7.625 0.75 
vt 2 0.75 
vt 7.625 0.625 
vt 2 0.625 
vt 3.375 0.75 
vt 2 0.75 
vt 3.375 -4.875 
vt 2 -4.875 
vt 3.375 0.75 
vt 2 0.75 
vt 3.375 0.625 
vt 2 0.625 
vt 7.625 0.75 
vt 2 0.75 
vt 7.625 0.625 
vt 2 0.625 
vt 3.375 0.75 
vt 2 0.75 
vt 3.375 -4.875 
vt 2 -4.875 
vt 3.375 0.75 
vt 2 0.75 
vt 3.375 0.625 
vt 2 0.625 

usemtl Platformpart13Mtl

f 2275/2275/2275 2276/2276/2276 2277/2277/2277 
f 2277/2277/2277 2276/2276/2276 2278/2278/2278 
f 2279/2279/2279 2280/2280/2280 2281/2281/2281 
f 2281/2281/2281 2280/2280/2280 2282/2282/2282 
f 2283/2283/2283 2284/2284/2284 2285/2285/2285 
f 2285/2285/2285 2284/2284/2284 2286/2286/2286 
f 2287/2287/2287 2288/2288/2288 2289/2289/2289 
f 2289/2289/2289 2288/2288/2288 2290/2290/2290 
f 2291/2291/2291 2292/2292/2292 2293/2293/2293 
f 2293/2293/2293 2292/2292/2292 2294/2294/2294 
f 2295/2295/2295 2296/2296/2296 2297/2297/2297 
f 2297/2297/2297 2296/2296/2296 2298/2298/2298 

g Platformpart28

v -458.214 176.599 -112.672 
v -469.862 176.599 -69.2058 
v -458.214 175.599 -112.672 
v -469.862 175.599 -69.2058 
v -480.487 176.599 -72.0531 
v -469.862 176.599 -69.2058 
v -468.84 176.599 -115.519 
v -458.214 176.599 -112.672 
v -469.862 176.599 -69.2058 
v -480.487 176.599 -72.0531 
v -469.862 175.599 -69.2058 
v -480.487 175.599 -72.0531 
v -480.487 176.599 -72.0531 
v -468.84 176.599 -115.519 
v -480.487 175.599 -72.0531 
v -468.84 175.599 -115.52 
v -468.84 175.599 -115.52 
v -458.214 175.599 -112.672 
v -480.487 175.599 -72.0531 
v -469.862 175.599 -69.2058 
v -468.84 176.599 -115.519 
v -458.214 176.599 -112.672 
v -468.84 175.599 -115.52 
v -458.214 175.599 -112.672 

vn 0.968504 0 0.259843 
vn 0.968504 0 0.259843 
vn 0.968504 0 0.259843 
vn 0.968504 0 0.259843 
vn 0 1 0 
vn 0 1 0 
vn 0 1 0 
vn 0 1 0 
vn -0.259843 0 0.968504 
vn -0.259843 0 0.968504 
vn -0.259843 0 0.968504 
vn -0.259843 0 0.968504 
vn -0.968504 0 -0.259843 
vn -0.968504 0 -0.259843 
vn -0.968504 0 -0.259843 
vn -0.968504 0 -0.259843 
vn 0 -1 0 
vn 0 -1 0 
vn 0 -1 0 
vn 0 -1 0 
vn 0.259843 0 -0.968504 
vn 0.259843 0 -0.968504 
vn 0.259843 0 -0.968504 
vn 0.259843 0 -0.968504 

vt 9.125 -3.75 
vt 3.5 -3.75 
vt 9.125 -3.875 
vt 3.5 -3.875 
vt 4.875 -3.75 
vt 3.5 -3.75 
vt 4.875 -9.375 
vt 3.5 -9.375 
vt 4.875 -3.75 
vt 3.5 -3.75 
vt 4.875 -3.875 
vt 3.5 -3.875 
vt 9.125 -3.75 
vt 3.5 -3.75 
vt 9.125 -3.875 
vt 3.5 -3.875 
vt 4.875 -3.75 
vt 3.5 -3.75 
vt 4.875 -9.375 
vt 3.5 -9.375 
vt 4.875 -3.75 
vt 3.5 -3.75 
vt 4.875 -3.875 
vt 3.5 -3.875 

usemtl Platformpart13Mtl

f 2299/2299/2299 2300/2300/2300 2301/2301/2301 
f 2301/2301/2301 2300/2300/2300 2302/2302/2302 
f 2303/2303/2303 2304/2304/2304 2305/2305/2305 
f 2305/2305/2305 2304/2304/2304 2306/2306/2306 
f 2307/2307/2307 2308/2308/2308 2309/2309/2309 
f 2309/2309/2309 2308/2308/2308 2310/2310/2310 
f 2311/2311/2311 2312/2312/2312 2313/2313/2313 
f 2313/2313/2313 2312/2312/2312 2314/2314/2314 
f 2315/2315/2315 2316/2316/2316 2317/2317/2317 
f 2317/2317/2317 2316/2316/2316 2318/2318/2318 
f 2319/2319/2319 2320/2320/2320 2321/2321/2321 
f 2321/2321/2321 2320/2320/2320 2322/2322/2322 

g Platformpart29

v -467.484 176.599 -114.735 
v -499.304 176.6 -82.9163 
v -467.484 175.599 -114.735 
v -499.305 175.6 -82.9163 
v -507.082 176.6 -90.6947 
v -499.304 176.6 -82.9163 
v -475.261 176.599 -122.513 
v -467.484 176.599 -114.735 
v -499.304 176.6 -82.9163 
v -507.082 176.6 -90.6947 
v -499.305 175.6 -82.9163 
v -507.082 175.6 -90.6947 
v -507.082 176.6 -90.6947 
v -475.261 176.599 -122.513 
v -507.082 175.6 -90.6947 
v -475.261 175.599 -122.513 
v -475.261 175.599 -122.513 
v -467.484 175.599 -114.735 
v -507.082 175.6 -90.6947 
v -499.305 175.6 -82.9163 
v -475.261 176.599 -122.513 
v -467.484 176.599 -114.735 
v -475.261 175.599 -122.513 
v -467.484 175.599 -114.735 

vn 0.708661 0 0.708661 
vn 0.708661 0 0.708661 
vn 0.708661 0 0.708661 
vn 0.708661 0 0.708661 
vn 0 1 0 
vn 0 1 0 
vn 0 1 0 
vn 0 1 0 
vn -0.708661 0 0.708661 
vn -0.708661 0 0.708661 
vn -0.708661 0 0.708661 
vn -0.708661 0 0.708661 
vn -0.708661 0 -0.708661 
vn -0.708661 0 -0.708661 
vn -0.708661 0 -0.708661 
vn -0.708661 0 -0.708661 
vn 0 -1 0 
vn 0 -1 0 
vn 0 -1 0 
vn 0 -1 0 
vn 0.708661 0 -0.708661 
vn 0.708661 0 -0.708661 
vn 0.708661 0 -0.708661 
vn 0.708661 0 -0.708661 

vt 13.375 0.75 
vt 7.75 0.75 
vt 13.375 0.625 
vt 7.75 0.625 
vt 9.125 0.75 
vt 7.75 0.75 
vt 9.125 -4.875 
vt 7.75 -4.875 
vt 9.125 0.75 
vt 7.75 0.75 
vt 9.125 0.625 
vt 7.75 0.625 
vt 13.375 0.75 
vt 7.75 0.75 
vt 13.375 0.625 
vt 7.75 0.625 
vt 9.125 0.75 
vt 7.75 0.75 
vt 9.125 -4.875 
vt 7.75 -4.875 
vt 9.125 0.75 
vt 7.75 0.75 
vt 9.125 0.625 
vt 7.75 0.625 

usemtl Platformpart13Mtl

f 2323/2323/2323 2324/2324/2324 2325/2325/2325 
f 2325/2325/2325 2324/2324/2324 2326/2326/2326 
f 2327/2327/2327 2328/2328/2328 2329/2329/2329 
f 2329/2329/2329 2328/2328/2328 2330/2330/2330 
f 2331/2331/2331 2332/2332/2332 2333/2333/2333 
f 2333/2333/2333 2332/2332/2332 2334/2334/2334 
f 2335/2335/2335 2336/2336/2336 2337/2337/2337 
f 2337/2337/2337 2336/2336/2336 2338/2338/2338 
f 2339/2339/2339 2340/2340/2340 2341/2341/2341 
f 2341/2341/2341 2340/2340/2340 2342/2342/2342 
f 2343/2343/2343 2344/2344/2344 2345/2345/2345 
f 2345/2345/2345 2344/2344/2344 2346/2346/2346 

g Platformpart30

v -474.479 176.599 -121.157 
v -517.946 176.601 -109.51 
v -474.479 175.599 -121.157 
v -517.946 175.601 -109.51 
v -520.793 176.602 -120.135 
v -517.946 176.601 -109.51 
v -477.326 176.6 -131.782 
v -474.479 176.599 -121.157 
v -517.946 176.601 -109.51 
v -520.793 176.602 -120.135 
v -517.946 175.601 -109.51 
v -520.793 175.602 -120.135 
v -520.793 176.602 -120.135 
v -477.326 176.6 -131.782 
v -520.793 175.602 -120.135 
v -477.327 175.6 -131.782 
v -477.327 175.6 -131.782 
v -474.479 175.599 -121.157 
v -520.793 175.602 -120.135 
v -517.946 175.601 -109.51 
v -477.326 176.6 -131.782 
v -474.479 176.599 -121.157 
v -477.327 175.6 -131.782 
v -474.479 175.599 -121.157 

vn 0.259843 0 0.968504 
vn 0.259843 0 0.968504 
vn 0.259843 0 0.968504 
vn 0.259843 0 0.968504 
vn 0 1 0 
vn 0 1 0 
vn 0 1 0 
vn 0 1 0 
vn -0.968504 0 0.259843 
vn -0.968504 0 0.259843 
vn -0.968504 0 0.259843 
vn -0.968504 0 0.259843 
vn -0.259843 0 -0.968504 
vn -0.259843 0 -0.968504 
vn -0.259843 0 -0.968504 
vn -0.259843 0 -0.968504 
vn 0 -1 0 
vn 0 -1 0 
vn 0 -1 0 
vn 0 -1 0 
vn 0.968504 0 -0.259843 
vn 0.968504 0 -0.259843 
vn 0.968504 0 -0.259843 
vn 0.968504 0 -0.259843 

vt 6.875 -4.75 
vt 1.25 -4.75 
vt 6.875 -4.875 
vt 1.25 -4.875 
vt 2.625 -4.75 
vt 1.25 -4.75 
vt 2.625 -10.375 
vt 1.25 -10.375 
vt 2.625 -4.75 
vt 1.25 -4.75 
vt 2.625 -4.875 
vt 1.25 -4.875 
vt 6.875 -4.75 
vt 1.25 -4.75 
vt 6.875 -4.875 
vt 1.25 -4.875 
vt 2.625 -4.75 
vt 1.25 -4.75 
vt 2.625 -10.375 
vt 1.25 -10.375 
vt 2.625 -4.75 
vt 1.25 -4.75 
vt 2.625 -4.875 
vt 1.25 -4.875 

usemtl Platformpart13Mtl

f 2347/2347/2347 2348/2348/2348 2349/2349/2349 
f 2349/2349/2349 2348/2348/2348 2350/2350/2350 
f 2351/2351/2351 2352/2352/2352 2353/2353/2353 
f 2353/2353/2353 2352/2352/2352 2354/2354/2354 
f 2355/2355/2355 2356/2356/2356 2357/2357/2357 
f 2357/2357/2357 2356/2356/2356 2358/2358/2358 
f 2359/2359/2359 2360/2360/2360 2361/2361/2361 
f 2361/2361/2361 2360/2360/2360 2362/2362/2362 
f 2363/2363/2363 2364/2364/2364 2365/2365/2365 
f 2365/2365/2365 2364/2364/2364 2366/2366/2366 
f 2367/2367/2367 2368/2368/2368 2369/2369/2369 
f 2369/2369/2369 2368/2368/2368 2370/2370/2370 

g Platformpart31

v -477.327 176.6 -130.216 
v -520.794 176.603 -141.862 
v -477.327 175.6 -130.216 
v -520.794 175.603 -141.862 
v -517.947 176.603 -152.487 
v -520.794 176.603 -141.862 
v -474.48 176.6 -140.841 
v -477.327 176.6 -130.216 
v -520.794 176.603 -141.862 
v -517.947 176.603 -152.487 
v -520.794 175.603 -141.862 
v -517.947 175.603 -152.487 
v -517.947 176.603 -152.487 
v -474.48 176.6 -140.841 
v -517.947 175.603 -152.487 
v -474.48 175.6 -140.841 
v -474.48 175.6 -140.841 
v -477.327 175.6 -130.216 
v -517.947 175.603 -152.487 
v -520.794 175.603 -141.862 
v -474.48 176.6 -140.841 
v -477.327 176.6 -130.216 
v -474.48 175.6 -140.841 
v -477.327 175.6 -130.216 

vn -0.259843 0 0.968504 
vn -0.259843 0 0.968504 
vn -0.259843 0 0.968504 
vn -0.259843 0 0.968504 
vn 0 1 0 
vn 0 1 0 
vn 0 1 0 
vn 0 1 0 
vn -0.968504 0 -0.259843 
vn -0.968504 0 -0.259843 
vn -0.968504 0 -0.259843 
vn -0.968504 0 -0.259843 
vn 0.259843 0 -0.968504 
vn 0.259843 0 -0.968504 
vn 0.259843 0 -0.968504 
vn 0.259843 0 -0.968504 
vn 0 -1 0 
vn 0 -1 0 
vn 0 -1 0 
vn 0 -1 0 
vn 0.968504 0 0.259843 
vn 0.968504 0 0.259843 
vn 0.968504 0 0.259843 
vn 0.968504 0 0.259843 

vt 12.125 -2.75 
vt 6.5 -2.75 
vt 12.125 -2.875 
vt 6.5 -2.875 
vt 7.875 -2.75 
vt 6.5 -2.75 
vt 7.875 -8.375 
vt 6.5 -8.375 
vt 7.875 -2.75 
vt 6.5 -2.75 
vt 7.875 -2.875 
vt 6.5 -2.875 
vt 12.125 -2.75 
vt 6.5 -2.75 
vt 12.125 -2.875 
vt 6.5 -2.875 
vt 7.875 -2.75 
vt 6.5 -2.75 
vt 7.875 -8.375 
vt 6.5 -8.375 
vt 7.875 -2.75 
vt 6.5 -2.75 
vt 7.875 -2.875 
vt 6.5 -2.875 

usemtl Platformpart13Mtl

f 2371/2371/2371 2372/2372/2372 2373/2373/2373 
f 2373/2373/2373 2372/2372/2372 2374/2374/2374 
f 2375/2375/2375 2376/2376/2376 2377/2377/2377 
f 2377/2377/2377 2376/2376/2376 2378/2378/2378 
f 2379/2379/2379 2380/2380/2380 2381/2381/2381 
f 2381/2381/2381 2380/2380/2380 2382/2382/2382 
f 2383/2383/2383 2384/2384/2384 2385/2385/2385 
f 2385/2385/2385 2384/2384/2384 2386/2386/2386 
f 2387/2387/2387 2388/2388/2388 2389/2389/2389 
f 2389/2389/2389 2388/2388/2388 2390/2390/2390 
f 2391/2391/2391 2392/2392/2392 2393/2393/2393 
f 2393/2393/2393 2392/2392/2392 2394/2394/2394 

g Platformpart32

v -475.264 176.601 -139.484 
v -507.084 176.604 -171.304 
v -475.264 175.601 -139.484 
v -507.084 175.604 -171.304 
v -499.306 176.604 -179.082 
v -507.084 176.604 -171.304 
v -467.486 176.6 -147.262 
v -475.264 176.601 -139.484 
v -507.084 176.604 -171.304 
v -499.306 176.604 -179.082 
v -507.084 175.604 -171.304 
v -499.306 175.604 -179.082 
v -499.306 176.604 -179.082 
v -467.486 176.6 -147.262 
v -499.306 175.604 -179.082 
v -467.486 175.6 -147.262 
v -467.486 175.6 -147.262 
v -475.264 175.601 -139.484 
v -499.306 175.604 -179.082 
v -507.084 175.604 -171.304 
v -467.486 176.6 -147.262 
v -475.264 176.601 -139.484 
v -467.486 175.6 -147.262 
v -475.264 175.601 -139.484 

vn -0.708661 0 0.708661 
vn -0.708661 0 0.708661 
vn -0.708661 0 0.708661 
vn -0.708661 0 0.708661 
vn 0 1 0 
vn 0 1 0 
vn 0 1 0 
vn 0 1 0 
vn -0.708661 0 -0.708661 
vn -0.708661 0 -0.708661 
vn -0.708661 0 -0.708661 
vn -0.708661 0 -0.708661 
vn 0.708661 0 -0.708661 
vn 0.708661 0 -0.708661 
vn 0.708661 0 -0.708661 
vn 0.708661 0 -0.708661 
vn 0 -1 0 
vn 0 -1 0 
vn 0 -1 0 
vn 0 -1 0 
vn 0.708661 0 0.708661 
vn 0.708661 0 0.708661 
vn 0.708661 0 0.708661 
vn 0.708661 0 0.708661 

vt 12.125 -2 
vt 6.5 -2 
vt 12.125 -2.125 
vt 6.5 -2.125 
vt 7.875 -2 
vt 6.5 -2 
vt 7.875 -7.625 
vt 6.5 -7.625 
vt 7.875 -2 
vt 6.5 -2 
vt 7.875 -2.125 
vt 6.5 -2.125 
vt 12.125 -2 
vt 6.5 -2 
vt 12.125 -2.125 
vt 6.5 -2.125 
vt 7.875 -2 
vt 6.5 -2 
vt 7.875 -7.625 
vt 6.5 -7.625 
vt 7.875 -2 
vt 6.5 -2 
vt 7.875 -2.125 
vt 6.5 -2.125 

usemtl Platformpart13Mtl

f 2395/2395/2395 2396/2396/2396 2397/2397/2397 
f 2397/2397/2397 2396/2396/2396 2398/2398/2398 
f 2399/2399/2399 2400/2400/2400 2401/2401/2401 
f 2401/2401/2401 2400/2400/2400 2402/2402/2402 
f 2403/2403/2403 2404/2404/2404 2405/2405/2405 
f 2405/2405/2405 2404/2404/2404 2406/2406/2406 
f 2407/2407/2407 2408/2408/2408 2409/2409/2409 
f 2409/2409/2409 2408/2408/2408 2410/2410/2410 
f 2411/2411/2411 2412/2412/2412 2413/2413/2413 
f 2413/2413/2413 2412/2412/2412 2414/2414/2414 
f 2415/2415/2415 2416/2416/2416 2417/2417/2417 
f 2417/2417/2417 2416/2416/2416 2418/2418/2418 

g Platformpart33

v -468.843 176.601 -146.48 
v -480.49 176.604 -189.946 
v -468.843 175.601 -146.48 
v -480.49 175.604 -189.946 
v -469.865 176.604 -192.794 
v -480.49 176.604 -189.946 
v -458.217 176.601 -149.327 
v -468.843 176.601 -146.48 
v -480.49 176.604 -189.946 
v -469.865 176.604 -192.794 
v -480.49 175.604 -189.946 
v -469.865 175.604 -192.794 
v -469.865 176.604 -192.794 
v -458.217 176.601 -149.327 
v -469.865 175.604 -192.794 
v -458.217 175.601 -149.327 
v -458.217 175.601 -149.327 
v -468.843 175.601 -146.48 
v -469.865 175.604 -192.794 
v -480.49 175.604 -189.946 
v -458.217 176.601 -149.327 
v -468.843 176.601 -146.48 
v -458.217 175.601 -149.327 
v -468.843 175.601 -146.48 

vn -0.968504 0 0.259843 
vn -0.968504 0 0.259843 
vn -0.968504 0 0.259843 
vn -0.968504 0 0.259843 
vn 0 1 0 
vn 0 1 0 
vn 0 1 0 
vn 0 1 0 
vn -0.259843 0 -0.968504 
vn -0.259843 0 -0.968504 
vn -0.259843 0 -0.968504 
vn -0.259843 0 -0.968504 
vn 0.968504 0 -0.259843 
vn 0.968504 0 -0.259843 
vn 0.968504 0 -0.259843 
vn 0.968504 0 -0.259843 
vn 0 -1 0 
vn 0 -1 0 
vn 0 -1 0 
vn 0 -1 0 
vn 0.259843 0 0.968504 
vn 0.259843 0 0.968504 
vn 0.259843 0 0.968504 
vn 0.259843 0 0.968504 

vt 8.625 -2.25 
vt 3 -2.25 
vt 8.625 -2.375 
vt 3 -2.375 
vt 4.375 -2.25 
vt 3 -2.25 
vt 4.375 -7.875 
vt 3 -7.875 
vt 4.375 -2.25 
vt 3 -2.25 
vt 4.375 -2.375 
vt 3 -2.375 
vt 8.625 -2.25 
vt 3 -2.25 
vt 8.625 -2.375 
vt 3 -2.375 
vt 4.375 -2.25 
vt 3 -2.25 
vt 4.375 -7.875 
vt 3 -7.875 
vt 4.375 -2.25 
vt 3 -2.25 
vt 4.375 -2.375 
vt 3 -2.375 

usemtl Platformpart13Mtl

f 2419/2419/2419 2420/2420/2420 2421/2421/2421 
f 2421/2421/2421 2420/2420/2420 2422/2422/2422 
f 2423/2423/2423 2424/2424/2424 2425/2425/2425 
f 2425/2425/2425 2424/2424/2424 2426/2426/2426 
f 2427/2427/2427 2428/2428/2428 2429/2429/2429 
f 2429/2429/2429 2428/2428/2428 2430/2430/2430 
f 2431/2431/2431 2432/2432/2432 2433/2433/2433 
f 2433/2433/2433 2432/2432/2432 2434/2434/2434 
f 2435/2435/2435 2436/2436/2436 2437/2437/2437 
f 2437/2437/2437 2436/2436/2436 2438/2438/2438 
f 2439/2439/2439 2440/2440/2440 2441/2441/2441 
f 2441/2441/2441 2440/2440/2440 2442/2442/2442 

g Platformpart34

v -459.784 176.601 -149.327 
v -448.138 176.604 -192.794 
v -459.784 175.601 -149.327 
v -448.138 175.604 -192.794 
v -437.512 176.603 -189.947 
v -448.138 176.604 -192.794 
v -449.159 176.601 -146.481 
v -459.784 176.601 -149.327 
v -448.138 176.604 -192.794 
v -437.512 176.603 -189.947 
v -448.138 175.604 -192.794 
v -437.513 175.603 -189.947 
v -437.512 176.603 -189.947 
v -449.159 176.601 -146.481 
v -437.513 175.603 -189.947 
v -449.159 175.601 -146.481 
v -449.159 175.601 -146.481 
v -459.784 175.601 -149.327 
v -437.513 175.603 -189.947 
v -448.138 175.604 -192.794 
v -449.159 176.601 -146.481 
v -459.784 176.601 -149.327 
v -449.159 175.601 -146.481 
v -459.784 175.601 -149.327 

vn -0.968504 0 -0.259843 
vn -0.968504 0 -0.259843 
vn -0.968504 0 -0.259843 
vn -0.968504 0 -0.259843 
vn 0 1 0 
vn 0 1 0 
vn 0 1 0 
vn 0 1 0 
vn 0.259843 0 -0.968504 
vn 0.259843 0 -0.968504 
vn 0.259843 0 -0.968504 
vn 0.259843 0 -0.968504 
vn 0.968504 0 0.259843 
vn 0.968504 0 0.259843 
vn 0.968504 0 0.259843 
vn 0.968504 0 0.259843 
vn 0 -1 0 
vn 0 -1 0 
vn 0 -1 0 
vn 0 -1 0 
vn -0.259843 0 0.968504 
vn -0.259843 0 0.968504 
vn -0.259843 0 0.968504 
vn -0.259843 0 0.968504 

vt 11.625 -4 
vt 6 -4 
vt 11.625 -4.125 
vt 6 -4.125 
vt 7.375 -4 
vt 6 -4 
vt 7.375 -9.625 
vt 6 -9.625 
vt 7.375 -4 
vt 6 -4 
vt 7.375 -4.125 
vt 6 -4.125 
vt 11.625 -4 
vt 6 -4 
vt 11.625 -4.125 
vt 6 -4.125 
vt 7.375 -4 
vt 6 -4 
vt 7.375 -9.625 
vt 6 -9.625 
vt 7.375 -4 
vt 6 -4 
vt 7.375 -4.125 
vt 6 -4.125 

usemtl Platformpart13Mtl

f 2443/2443/2443 2444/2444/2444 2445/2445/2445 
f 2445/2445/2445 2444/2444/2444 2446/2446/2446 
f 2447/2447/2447 2448/2448/2448 2449/2449/2449 
f 2449/2449/2449 2448/2448/2448 2450/2450/2450 
f 2451/2451/2451 2452/2452/2452 2453/2453/2453 
f 2453/2453/2453 2452/2452/2452 2454/2454/2454 
f 2455/2455/2455 2456/2456/2456 2457/2457/2457 
f 2457/2457/2457 2456/2456/2456 2458/2458/2458 
f 2459/2459/2459 2460/2460/2460 2461/2461/2461 
f 2461/2461/2461 2460/2460/2460 2462/2462/2462 
f 2463/2463/2463 2464/2464/2464 2465/2465/2465 
f 2465/2465/2465 2464/2464/2464 2466/2466/2466 

g Platformpart35

v -450.516 176.601 -147.265 
v -418.695 176.602 -179.084 
v -450.516 175.601 -147.265 
v -418.695 175.602 -179.084 
v -410.917 176.602 -171.306 
v -418.695 176.602 -179.084 
v -442.738 176.601 -139.486 
v -450.516 176.601 -147.265 
v -418.695 176.602 -179.084 
v -410.917 176.602 -171.306 
v -418.695 175.602 -179.084 
v -410.917 175.602 -171.306 
v -410.917 176.602 -171.306 
v -442.738 176.601 -139.486 
v -410.917 175.602 -171.306 
v -442.738 175.601 -139.486 
v -442.738 175.601 -139.486 
v -450.516 175.601 -147.265 
v -410.917 175.602 -171.306 
v -418.695 175.602 -179.084 
v -442.738 176.601 -139.486 
v -450.516 176.601 -147.265 
v -442.738 175.601 -139.486 
v -450.516 175.601 -147.265 

vn -0.708661 0 -0.708661 
vn -0.708661 0 -0.708661 
vn -0.708661 0 -0.708661 
vn -0.708661 0 -0.708661 
vn 0 1 0 
vn 0 1 0 
vn 0 1 0 
vn 0 1 0 
vn 0.708661 0 -0.708661 
vn 0.708661 0 -0.708661 
vn 0.708661 0 -0.708661 
vn 0.708661 0 -0.708661 
vn 0.708661 0 0.708661 
vn 0.708661 0 0.708661 
vn 0.708661 0 0.708661 
vn 0.708661 0 0.708661 
vn 0 -1 0 
vn 0 -1 0 
vn 0 -1 0 
vn 0 -1 0 
vn -0.708661 0 0.708661 
vn -0.708661 0 0.708661 
vn -0.708661 0 0.708661 
vn -0.708661 0 0.708661 

vt 6.125 -1 
vt 0.5 -1 
vt 6.125 -1.125 
vt 0.5 -1.125 
vt 1.875 -1 
vt 0.5 -1 
vt 1.875 -6.625 
vt 0.5 -6.625 
vt 1.875 -1 
vt 0.5 -1 
vt 1.875 -1.125 
vt 0.5 -1.125 
vt 6.125 -1 
vt 0.5 -1 
vt 6.125 -1.125 
vt 0.5 -1.125 
vt 1.875 -1 
vt 0.5 -1 
vt 1.875 -6.625 
vt 0.5 -6.625 
vt 1.875 -1 
vt 0.5 -1 
vt 1.875 -1.125 
vt 0.5 -1.125 

usemtl Platformpart13Mtl

f 2467/2467/2467 2468/2468/2468 2469/2469/2469 
f 2469/2469/2469 2468/2468/2468 2470/2470/2470 
f 2471/2471/2471 2472/2472/2472 2473/2473/2473 
f 2473/2473/2473 2472/2472/2472 2474/2474/2474 
f 2475/2475/2475 2476/2476/2476 2477/2477/2477 
f 2477/2477/2477 2476/2476/2476 2478/2478/2478 
f 2479/2479/2479 2480/2480/2480 2481/2481/2481 
f 2481/2481/2481 2480/2480/2480 2482/2482/2482 
f 2483/2483/2483 2484/2484/2484 2485/2485/2485 
f 2485/2485/2485 2484/2484/2484 2486/2486/2486 
f 2487/2487/2487 2488/2488/2488 2489/2489/2489 
f 2489/2489/2489 2488/2488/2488 2490/2490/2490 

g Platformpart36

v -443.52 176.6 -140.843 
v -400.053 176.601 -152.491 
v -443.52 175.6 -140.843 
v -400.053 175.601 -152.491 
v -397.206 176.601 -141.865 
v -400.053 176.601 -152.491 
v -440.673 176.6 -130.218 
v -443.52 176.6 -140.843 
v -400.053 176.601 -152.491 
v -397.206 176.601 -141.865 
v -400.053 175.601 -152.491 
v -397.206 175.601 -141.865 
v -397.206 176.601 -141.865 
v -440.673 176.6 -130.218 
v -397.206 175.601 -141.865 
v -440.673 175.6 -130.218 
v -440.673 175.6 -130.218 
v -443.52 175.6 -140.843 
v -397.206 175.601 -141.865 
v -400.053 175.601 -152.491 
v -440.673 176.6 -130.218 
v -443.52 176.6 -140.843 
v -440.673 175.6 -130.218 
v -443.52 175.6 -140.843 

vn -0.259843 0 -0.968504 
vn -0.259843 0 -0.968504 
vn -0.259843 0 -0.968504 
vn -0.259843 0 -0.968504 
vn 0 1 0 
vn 0 1 0 
vn 0 1 0 
vn 0 1 0 
vn 0.968504 0 -0.259843 
vn 0.968504 0 -0.259843 
vn 0.968504 0 -0.259843 
vn 0.968504 0 -0.259843 
vn 0.259843 0 0.968504 
vn 0.259843 0 0.968504 
vn 0.259843 0 0.968504 
vn 0.259843 0 0.968504 
vn 0 -1 0 
vn 0 -1 0 
vn 0 -1 0 
vn 0 -1 0 
vn -0.968504 0 0.259843 
vn -0.968504 0 0.259843 
vn -0.968504 0 0.259843 
vn -0.968504 0 0.259843 

vt 10.875 -3.75 
vt 5.25 -3.75 
vt 10.875 -3.875 
vt 5.25 -3.875 
vt 6.625 -3.75 
vt 5.25 -3.75 
vt 6.625 -9.375 
vt 5.25 -9.375 
vt 6.625 -3.75 
vt 5.25 -3.75 
vt 6.625 -3.875 
vt 5.25 -3.875 
vt 10.875 -3.75 
vt 5.25 -3.75 
vt 10.875 -3.875 
vt 5.25 -3.875 
vt 6.625 -3.75 
vt 5.25 -3.75 
vt 6.625 -9.375 
vt 5.25 -9.375 
vt 6.625 -3.75 
vt 5.25 -3.75 
vt 6.625 -3.875 
vt 5.25 -3.875 

usemtl Platformpart13Mtl

f 2491/2491/2491 2492/2492/2492 2493/2493/2493 
f 2493/2493/2493 2492/2492/2492 2494/2494/2494 
f 2495/2495/2495 2496/2496/2496 2497/2497/2497 
f 2497/2497/2497 2496/2496/2496 2498/2498/2498 
f 2499/2499/2499 2500/2500/2500 2501/2501/2501 
f 2501/2501/2501 2500/2500/2500 2502/2502/2502 
f 2503/2503/2503 2504/2504/2504 2505/2505/2505 
f 2505/2505/2505 2504/2504/2504 2506/2506/2506 
f 2507/2507/2507 2508/2508/2508 2509/2509/2509 
f 2509/2509/2509 2508/2508/2508 2510/2510/2510 
f 2511/2511/2511 2512/2512/2512 2513/2513/2513 
f 2513/2513/2513 2512/2512/2512 2514/2514/2514 

g Platformpart37

v -440.472 176.499 -120.912 
v -418.472 176.498 -82.8071 
v -440.472 175.499 -120.912 
v -418.472 175.498 -82.8071 
v -437.524 176.499 -71.8071 
v -418.472 176.498 -82.8071 
v -459.525 176.499 -109.912 
v -440.472 176.499 -120.912 
v -418.472 176.498 -82.8071 
v -437.524 176.499 -71.8071 
v -418.472 175.498 -82.8071 
v -437.524 175.499 -71.8071 
v -437.524 176.499 -71.8071 
v -459.525 176.499 -109.912 
v -437.524 175.499 -71.8071 
v -459.525 175.499 -109.912 
v -459.525 175.499 -109.912 
v -440.472 175.499 -120.912 
v -437.524 175.499 -71.8071 
v -418.472 175.498 -82.8071 
v -459.525 176.499 -109.912 
v -440.472 176.499 -120.912 
v -459.525 175.499 -109.912 
v -440.472 175.499 -120.912 

vn 0.866142 0 -0.503937 
vn 0.866142 0 -0.503937 
vn 0.866142 0 -0.503937 
vn 0.866142 0 -0.503937 
vn 0 1 0 
vn 0 1 0 
vn 0 1 0 
vn 0 1 0 
vn 0.503937 0 0.866142 
vn 0.503937 0 0.866142 
vn 0.503937 0 0.866142 
vn 0.503937 0 0.866142 
vn -0.866142 0 0.503937 
vn -0.866142 0 0.503937 
vn -0.866142 0 0.503937 
vn -0.866142 0 0.503937 
vn 0 -1 0 
vn 0 -1 0 
vn 0 -1 0 
vn 0 -1 0 
vn -0.503937 0 -0.866142 
vn -0.503937 0 -0.866142 
vn -0.503937 0 -0.866142 
vn -0.503937 0 -0.866142 

vt 8 -1.5 
vt 2.5 -1.5 
vt 8 -1.625 
vt 2.5 -1.625 
vt 5.25 -1.5 
vt 2.5 -1.5 
vt 5.25 -7 
vt 2.5 -7 
vt 5.25 -1.5 
vt 2.5 -1.5 
vt 5.25 -1.625 
vt 2.5 -1.625 
vt 8 -1.5 
vt 2.5 -1.5 
vt 8 -1.625 
vt 2.5 -1.625 
vt 5.25 -1.5 
vt 2.5 -1.5 
vt 5.25 -7 
vt 2.5 -7 
vt 5.25 -1.5 
vt 2.5 -1.5 
vt 5.25 -1.625 
vt 2.5 -1.625 

usemtl Platformpart37Mtl

f 2515/2515/2515 2516/2516/2516 2517/2517/2517 
f 2517/2517/2517 2516/2516/2516 2518/2518/2518 
f 2519/2519/2519 2520/2520/2520 2521/2521/2521 
f 2521/2521/2521 2520/2520/2520 2522/2522/2522 
f 2523/2523/2523 2524/2524/2524 2525/2525/2525 
f 2525/2525/2525 2524/2524/2524 2526/2526/2526 
f 2527/2527/2527 2528/2528/2528 2529/2529/2529 
f 2529/2529/2529 2528/2528/2528 2530/2530/2530 
f 2531/2531/2531 2532/2532/2532 2533/2533/2533 
f 2533/2533/2533 2532/2532/2532 2534/2534/2534 
f 2535/2535/2535 2536/2536/2536 2537/2537/2537 
f 2537/2537/2537 2536/2536/2536 2538/2538/2538 

g Platformpart38

v -447.998 176.499 -113 
v -447.998 176.498 -69 
v -447.998 175.499 -113 
v -447.998 175.498 -69 
v -469.998 176.499 -69.0001 
v -447.998 176.498 -69 
v -469.998 176.499 -113 
v -447.998 176.499 -113 
v -447.998 176.498 -69 
v -469.998 176.499 -69.0001 
v -447.998 175.498 -69 
v -469.998 175.499 -69.0001 
v -469.998 176.499 -69.0001 
v -469.998 176.499 -113 
v -469.998 175.499 -69.0001 
v -469.998 175.499 -113 
v -469.998 175.499 -113 
v -447.998 175.499 -113 
v -469.998 175.499 -69.0001 
v -447.998 175.498 -69 
v -469.998 176.499 -113 
v -447.998 176.499 -113 
v -469.998 175.499 -113 
v -447.998 175.499 -113 

vn 1 0 0 
vn 1 0 0 
vn 1 0 0 
vn 1 0 0 
vn 0 1 0 
vn 0 1 0 
vn 0 1 0 
vn 0 1 0 
vn 0 0 1 
vn 0 0 1 
vn 0 0 1 
vn 0 0 1 
vn -1 0 0 
vn -1 0 0 
vn -1 0 0 
vn -1 0 0 
vn 0 -1 0 
vn 0 -1 0 
vn 0 -1 0 
vn 0 -1 0 
vn 0 0 -1 
vn 0 0 -1 
vn 0 0 -1 
vn 0 0 -1 

vt 5.75 -2.75 
vt 0.25 -2.75 
vt 5.75 -2.875 
vt 0.25 -2.875 
vt 3 -2.75 
vt 0.25 -2.75 
vt 3 -8.25 
vt 0.25 -8.25 
vt 3 -2.75 
vt 0.25 -2.75 
vt 3 -2.875 
vt 0.25 -2.875 
vt 5.75 -2.75 
vt 0.25 -2.75 
vt 5.75 -2.875 
vt 0.25 -2.875 
vt 3 -2.75 
vt 0.25 -2.75 
vt 3 -8.25 
vt 0.25 -8.25 
vt 3 -2.75 
vt 0.25 -2.75 
vt 3 -2.875 
vt 0.25 -2.875 

usemtl Platformpart37Mtl

f 2539/2539/2539 2540/2540/2540 2541/2541/2541 
f 2541/2541/2541 2540/2540/2540 2542/2542/2542 
f 2543/2543/2543 2544/2544/2544 2545/2545/2545 
f 2545/2545/2545 2544/2544/2544 2546/2546/2546 
f 2547/2547/2547 2548/2548/2548 2549/2549/2549 
f 2549/2549/2549 2548/2548/2548 2550/2550/2550 
f 2551/2551/2551 2552/2552/2552 2553/2553/2553 
f 2553/2553/2553 2552/2552/2552 2554/2554/2554 
f 2555/2555/2555 2556/2556/2556 2557/2557/2557 
f 2557/2557/2557 2556/2556/2556 2558/2558/2558 
f 2559/2559/2559 2560/2560/2560 2561/2561/2561 
f 2561/2561/2561 2560/2560/2560 2562/2562/2562 

g Platformpart39

v -458.472 176.499 -109.911 
v -480.472 176.499 -71.8057 
v -458.472 175.499 -109.911 
v -480.473 175.499 -71.8057 
v -499.525 176.5 -82.8059 
v -480.472 176.499 -71.8057 
v -477.525 176.5 -120.911 
v -458.472 176.499 -109.911 
v -480.472 176.499 -71.8057 
v -499.525 176.5 -82.8059 
v -480.473 175.499 -71.8057 
v -499.525 175.5 -82.8059 
v -499.525 176.5 -82.8059 
v -477.525 176.5 -120.911 
v -499.525 175.5 -82.8059 
v -477.525 175.5 -120.911 
v -477.525 175.5 -120.911 
v -458.472 175.499 -109.911 
v -499.525 175.5 -82.8059 
v -480.473 175.499 -71.8057 
v -477.525 176.5 -120.911 
v -458.472 176.499 -109.911 
v -477.525 175.5 -120.911 
v -458.472 175.499 -109.911 

vn 0.866142 0 0.503937 
vn 0.866142 0 0.503937 
vn 0.866142 0 0.503937 
vn 0.866142 0 0.503937 
vn 0 1 0 
vn 0 1 0 
vn 0 1 0 
vn 0 1 0 
vn -0.503937 0 0.866142 
vn -0.503937 0 0.866142 
vn -0.503937 0 0.866142 
vn -0.503937 0 0.866142 
vn -0.866142 0 -0.503937 
vn -0.866142 0 -0.503937 
vn -0.866142 0 -0.503937 
vn -0.866142 0 -0.503937 
vn 0 -1 0 
vn 0 -1 0 
vn 0 -1 0 
vn 0 -1 0 
vn 0.503937 0 -0.866142 
vn 0.503937 0 -0.866142 
vn 0.503937 0 -0.866142 
vn 0.503937 0 -0.866142 

vt 8 -4 
vt 2.5 -4 
vt 8 -4.125 
vt 2.5 -4.125 
vt 5.25 -4 
vt 2.5 -4 
vt 5.25 -9.5 
vt 2.5 -9.5 
vt 5.25 -4 
vt 2.5 -4 
vt 5.25 -4.125 
vt 2.5 -4.125 
vt 8 -4 
vt 2.5 -4 
vt 8 -4.125 
vt 2.5 -4.125 
vt 5.25 -4 
vt 2.5 -4 
vt 5.25 -9.5 
vt 2.5 -9.5 
vt 5.25 -4 
vt 2.5 -4 
vt 5.25 -4.125 
vt 2.5 -4.125 

usemtl Platformpart37Mtl

f 2563/2563/2563 2564/2564/2564 2565/2565/2565 
f 2565/2565/2565 2564/2564/2564 2566/2566/2566 
f 2567/2567/2567 2568/2568/2568 2569/2569/2569 
f 2569/2569/2569 2568/2568/2568 2570/2570/2570 
f 2571/2571/2571 2572/2572/2572 2573/2573/2573 
f 2573/2573/2573 2572/2572/2572 2574/2574/2574 
f 2575/2575/2575 2576/2576/2576 2577/2577/2577 
f 2577/2577/2577 2576/2576/2576 2578/2578/2578 
f 2579/2579/2579 2580/2580/2580 2581/2581/2581 
f 2581/2581/2581 2580/2580/2580 2582/2582/2582 
f 2583/2583/2583 2584/2584/2584 2585/2585/2585 
f 2585/2585/2585 2584/2584/2584 2586/2586/2586 

g Platformpart40

v -469.087 176.499 -112.473 
v -507.192 176.5 -90.4725 
v -469.087 175.499 -112.473 
v -507.192 175.5 -90.4725 
v -518.192 176.501 -109.525 
v -507.192 176.5 -90.4725 
v -480.087 176.5 -131.525 
v -469.087 176.499 -112.473 
v -507.192 176.5 -90.4725 
v -518.192 176.501 -109.525 
v -507.192 175.5 -90.4725 
v -518.192 175.501 -109.525 
v -518.192 176.501 -109.525 
v -480.087 176.5 -131.525 
v -518.192 175.501 -109.525 
v -480.087 175.5 -131.525 
v -480.087 175.5 -131.525 
v -469.087 175.499 -112.473 
v -518.192 175.501 -109.525 
v -507.192 175.5 -90.4725 
v -480.087 176.5 -131.525 
v -469.087 176.499 -112.473 
v -480.087 175.5 -131.525 
v -469.087 175.499 -112.473 

vn 0.503937 0 0.866142 
vn 0.503937 0 0.866142 
vn 0.503937 0 0.866142 
vn 0.503937 0 0.866142 
vn 0 1 0 
vn 0 1 0 
vn 0 1 0 
vn 0 1 0 
vn -0.866142 0 0.503937 
vn -0.866142 0 0.503937 
vn -0.866142 0 0.503937 
vn -0.866142 0 0.503937 
vn -0.503937 0 -0.866142 
vn -0.503937 0 -0.866142 
vn -0.503937 0 -0.866142 
vn -0.503937 0 -0.866142 
vn 0 -1 0 
vn 0 -1 0 
vn 0 -1 0 
vn 0 -1 0 
vn 0.866142 0 -0.503937 
vn 0.866142 0 -0.503937 
vn 0.866142 0 -0.503937 
vn 0.866142 0 -0.503937 

vt 9.25 -0.5 
vt 3.75 -0.5 
vt 9.25 -0.625 
vt 3.75 -0.625 
vt 6.5 -0.5 
vt 3.75 -0.5 
vt 6.5 -6 
vt 3.75 -6 
vt 6.5 -0.5 
vt 3.75 -0.5 
vt 6.5 -0.625 
vt 3.75 -0.625 
vt 9.25 -0.5 
vt 3.75 -0.5 
vt 9.25 -0.625 
vt 3.75 -0.625 
vt 6.5 -0.5 
vt 3.75 -0.5 
vt 6.5 -6 
vt 3.75 -6 
vt 6.5 -0.5 
vt 3.75 -0.5 
vt 6.5 -0.625 
vt 3.75 -0.625 

usemtl Platformpart37Mtl

f 2587/2587/2587 2588/2588/2588 2589/2589/2589 
f 2589/2589/2589 2588/2588/2588 2590/2590/2590 
f 2591/2591/2591 2592/2592/2592 2593/2593/2593 
f 2593/2593/2593 2592/2592/2592 2594/2594/2594 
f 2595/2595/2595 2596/2596/2596 2597/2597/2597 
f 2597/2597/2597 2596/2596/2596 2598/2598/2598 
f 2599/2599/2599 2600/2600/2600 2601/2601/2601 
f 2601/2601/2601 2600/2600/2600 2602/2602/2602 
f 2603/2603/2603 2604/2604/2604 2605/2605/2605 
f 2605/2605/2605 2604/2604/2604 2606/2606/2606 
f 2607/2607/2607 2608/2608/2608 2609/2609/2609 
f 2609/2609/2609 2608/2608/2608 2610/2610/2610 

g Platformpart41

v -476.999 176.5 -119.999 
v -520.999 176.502 -119.998 
v -476.999 175.5 -119.999 
v -521 175.502 -119.998 
v -521 176.503 -141.998 
v -520.999 176.502 -119.998 
v -477 176.5 -141.999 
v -476.999 176.5 -119.999 
v -520.999 176.502 -119.998 
v -521 176.503 -141.998 
v -521 175.502 -119.998 
v -521 175.503 -141.998 
v -521 176.503 -141.998 
v -477 176.5 -141.999 
v -521 175.503 -141.998 
v -477 175.5 -141.999 
v -477 175.5 -141.999 
v -476.999 175.5 -119.999 
v -521 175.503 -141.998 
v -521 175.502 -119.998 
v -477 176.5 -141.999 
v -476.999 176.5 -119.999 
v -477 175.5 -141.999 
v -476.999 175.5 -119.999 

vn 0 0 1 
vn 0 0 1 
vn 0 0 1 
vn 0 0 1 
vn 0 1 0 
vn 0 1 0 
vn 0 1 0 
vn 0 1 0 
vn -1 0 0 
vn -1 0 0 
vn -1 0 0 
vn -1 0 0 
vn 0 0 -1 
vn 0 0 -1 
vn 0 0 -1 
vn 0 0 -1 
vn 0 -1 0 
vn 0 -1 0 
vn 0 -1 0 
vn 0 -1 0 
vn 1 0 0 
vn 1 0 0 
vn 1 0 0 
vn 1 0 0 

vt 11.75 1 
vt 6.25 1 
vt 11.75 0.875 
vt 6.25 0.875 
vt 9 1 
vt 6.25 1 
vt 9 -4.5 
vt 6.25 -4.5 
vt 9 1 
vt 6.25 1 
vt 9 0.875 
vt 6.25 0.875 
vt 11.75 1 
vt 6.25 1 
vt 11.75 0.875 
vt 6.25 0.875 
vt 9 1 
vt 6.25 1 
vt 9 -4.5 
vt 6.25 -4.5 
vt 9 1 
vt 6.25 1 
vt 9 0.875 
vt 6.25 0.875 

usemtl Platformpart37Mtl

f 2611/2611/2611 2612/2612/2612 2613/2613/2613 
f 2613/2613/2613 2612/2612/2612 2614/2614/2614 
f 2615/2615/2615 2616/2616/2616 2617/2617/2617 
f 2617/2617/2617 2616/2616/2616 2618/2618/2618 
f 2619/2619/2619 2620/2620/2620 2621/2621/2621 
f 2621/2621/2621 2620/2620/2620 2622/2622/2622 
f 2623/2623/2623 2624/2624/2624 2625/2625/2625 
f 2625/2625/2625 2624/2624/2624 2626/2626/2626 
f 2627/2627/2627 2628/2628/2628 2629/2629/2629 
f 2629/2629/2629 2628/2628/2628 2630/2630/2630 
f 2631/2631/2631 2632/2632/2632 2633/2633/2633 
f 2633/2633/2633 2632/2632/2632 2634/2634/2634 

g Platformpart42

v -480.089 176.5 -130.472 
v -518.194 176.503 -152.473 
v -480.089 175.5 -130.472 
v -518.194 175.503 -152.473 
v -507.194 176.503 -171.525 
v -518.194 176.503 -152.473 
v -469.089 176.5 -149.525 
v -480.089 176.5 -130.472 
v -518.194 176.503 -152.473 
v -507.194 176.503 -171.525 
v -518.194 175.503 -152.473 
v -507.194 175.503 -171.525 
v -507.194 176.503 -171.525 
v -469.089 176.5 -149.525 
v -507.194 175.503 -171.525 
v -469.089 175.5 -149.525 
v -469.089 175.5 -149.525 
v -480.089 175.5 -130.472 
v -507.194 175.503 -171.525 
v -518.194 175.503 -152.473 
v -469.089 176.5 -149.525 
v -480.089 176.5 -130.472 
v -469.089 175.5 -149.525 
v -480.089 175.5 -130.472 

vn -0.503937 0 0.866142 
vn -0.503937 0 0.866142 
vn -0.503937 0 0.866142 
vn -0.503937 0 0.866142 
vn 0 1 0 
vn 0 1 0 
vn 0 1 0 
vn 0 1 0 
vn -0.866142 0 -0.503937 
vn -0.866142 0 -0.503937 
vn -0.866142 0 -0.503937 
vn -0.866142 0 -0.503937 
vn 0.503937 0 -0.866142 
vn 0.503937 0 -0.866142 
vn 0.503937 0 -0.866142 
vn 0.503937 0 -0.866142 
vn 0 -1 0 
vn 0 -1 0 
vn 0 -1 0 
vn 0 -1 0 
vn 0.866142 0 0.503937 
vn 0.866142 0 0.503937 
vn 0.866142 0 0.503937 
vn 0.866142 0 0.503937 

vt 12 -2.25 
vt 6.5 -2.25 
vt 12 -2.375 
vt 6.5 -2.375 
vt 9.25 -2.25 
vt 6.5 -2.25 
vt 9.25 -7.75 
vt 6.5 -7.75 
vt 9.25 -2.25 
vt 6.5 -2.25 
vt 9.25 -2.375 
vt 6.5 -2.375 
vt 12 -2.25 
vt 6.5 -2.25 
vt 12 -2.375 
vt 6.5 -2.375 
vt 9.25 -2.25 
vt 6.5 -2.25 
vt 9.25 -7.75 
vt 6.5 -7.75 
vt 9.25 -2.25 
vt 6.5 -2.25 
vt 9.25 -2.375 
vt 6.5 -2.375 

usemtl Platformpart37Mtl

f 2635/2635/2635 2636/2636/2636 2637/2637/2637 
f 2637/2637/2637 2636/2636/2636 2638/2638/2638 
f 2639/2639/2639 2640/2640/2640 2641/2641/2641 
f 2641/2641/2641 2640/2640/2640 2642/2642/2642 
f 2643/2643/2643 2644/2644/2644 2645/2645/2645 
f 2645/2645/2645 2644/2644/2644 2646/2646/2646 
f 2647/2647/2647 2648/2648/2648 2649/2649/2649 
f 2649/2649/2649 2648/2648/2648 2650/2650/2650 
f 2651/2651/2651 2652/2652/2652 2653/2653/2653 
f 2653/2653/2653 2652/2652/2652 2654/2654/2654 
f 2655/2655/2655 2656/2656/2656 2657/2657/2657 
f 2657/2657/2657 2656/2656/2656 2658/2658/2658 

g Platformpart43

v -477.527 176.501 -141.088 
v -499.527 176.504 -179.193 
v -477.527 175.501 -141.088 
v -499.527 175.504 -179.193 
v -480.475 176.504 -190.193 
v -499.527 176.504 -179.193 
v -458.474 176.5 -152.088 
v -477.527 176.501 -141.088 
v -499.527 176.504 -179.193 
v -480.475 176.504 -190.193 
v -499.527 175.504 -179.193 
v -480.475 175.504 -190.193 
v -480.475 176.504 -190.193 
v -458.474 176.5 -152.088 
v -480.475 175.504 -190.193 
v -458.474 175.5 -152.088 
v -458.474 175.5 -152.088 
v -477.527 175.501 -141.088 
v -480.475 175.504 -190.193 
v -499.527 175.504 -179.193 
v -458.474 176.5 -152.088 
v -477.527 176.501 -141.088 
v -458.474 175.5 -152.088 
v -477.527 175.501 -141.088 

vn -0.866142 0 0.503937 
vn -0.866142 0 0.503937 
vn -0.866142 0 0.503937 
vn -0.866142 0 0.503937 
vn 0 1 0 
vn 0 1 0 
vn 0 1 0 
vn 0 1 0 
vn -0.503937 0 -0.866142 
vn -0.503937 0 -0.866142 
vn -0.503937 0 -0.866142 
vn -0.503937 0 -0.866142 
vn 0.866142 0 -0.503937 
vn 0.866142 0 -0.503937 
vn 0.866142 0 -0.503937 
vn 0.866142 0 -0.503937 
vn 0 -1 0 
vn 0 -1 0 
vn 0 -1 0 
vn 0 -1 0 
vn 0.503937 0 0.866142 
vn 0.503937 0 0.866142 
vn 0.503937 0 0.866142 
vn 0.503937 0 0.866142 

vt 9.25 -5.5 
vt 3.75 -5.5 
vt 9.25 -5.625 
vt 3.75 -5.625 
vt 6.5 -5.5 
vt 3.75 -5.5 
vt 6.5 -11 
vt 3.75 -11 
vt 6.5 -5.5 
vt 3.75 -5.5 
vt 6.5 -5.625 
vt 3.75 -5.625 
vt 9.25 -5.5 
vt 3.75 -5.5 
vt 9.25 -5.625 
vt 3.75 -5.625 
vt 6.5 -5.5 
vt 3.75 -5.5 
vt 6.5 -11 
vt 3.75 -11 
vt 6.5 -5.5 
vt 3.75 -5.5 
vt 6.5 -5.625 
vt 3.75 -5.625 

usemtl Platformpart37Mtl

f 2659/2659/2659 2660/2660/2660 2661/2661/2661 
f 2661/2661/2661 2660/2660/2660 2662/2662/2662 
f 2663/2663/2663 2664/2664/2664 2665/2665/2665 
f 2665/2665/2665 2664/2664/2664 2666/2666/2666 
f 2667/2667/2667 2668/2668/2668 2669/2669/2669 
f 2669/2669/2669 2668/2668/2668 2670/2670/2670 
f 2671/2671/2671 2672/2672/2672 2673/2673/2673 
f 2673/2673/2673 2672/2672/2672 2674/2674/2674 
f 2675/2675/2675 2676/2676/2676 2677/2677/2677 
f 2677/2677/2677 2676/2676/2676 2678/2678/2678 
f 2679/2679/2679 2680/2680/2680 2681/2681/2681 
f 2681/2681/2681 2680/2680/2680 2682/2682/2682 

g Platformpart44

v -470.001 176.501 -149 
v -470.002 176.504 -193 
v -470.001 175.501 -149 
v -470.002 175.504 -193 
v -448.002 176.503 -193 
v -470.002 176.504 -193 
v -448.001 176.5 -149 
v -470.001 176.501 -149 
v -470.002 176.504 -193 
v -448.002 176.503 -193 
v -470.002 175.504 -193 
v -448.002 175.503 -193 
v -448.002 176.503 -193 
v -448.001 176.5 -149 
v -448.002 175.503 -193 
v -448.001 175.5 -149 
v -448.001 175.5 -149 
v -470.001 175.501 -149 
v -448.002 175.503 -193 
v -470.002 175.504 -193 
v -448.001 176.5 -149 
v -470.001 176.501 -149 
v -448.001 175.5 -149 
v -470.001 175.501 -149 

vn -1 0 0 
vn -1 0 0 
vn -1 0 0 
vn -1 0 0 
vn 0 1 0 
vn 0 1 0 
vn 0 1 0 
vn 0 1 0 
vn 0 0 -1 
vn 0 0 -1 
vn 0 0 -1 
vn 0 0 -1 
vn 1 0 0 
vn 1 0 0 
vn 1 0 0 
vn 1 0 0 
vn 0 -1 0 
vn 0 -1 0 
vn 0 -1 0 
vn 0 -1 0 
vn 0 0 1 
vn 0 0 1 
vn 0 0 1 
vn 0 0 1 

vt 7.5 0.5 
vt 2 0.5 
vt 7.5 0.375 
vt 2 0.375 
vt 4.75 0.5 
vt 2 0.5 
vt 4.75 -5 
vt 2 -5 
vt 4.75 0.5 
vt 2 0.5 
vt 4.75 0.375 
vt 2 0.375 
vt 7.5 0.5 
vt 2 0.5 
vt 7.5 0.375 
vt 2 0.375 
vt 4.75 0.5 
vt 2 0.5 
vt 4.75 -5 
vt 2 -5 
vt 4.75 0.5 
vt 2 0.5 
vt 4.75 0.375 
vt 2 0.375 

usemtl Platformpart37Mtl

f 2683/2683/2683 2684/2684/2684 2685/2685/2685 
f 2685/2685/2685 2684/2684/2684 2686/2686/2686 
f 2687/2687/2687 2688/2688/2688 2689/2689/2689 
f 2689/2689/2689 2688/2688/2688 2690/2690/2690 
f 2691/2691/2691 2692/2692/2692 2693/2693/2693 
f 2693/2693/2693 2692/2692/2692 2694/2694/2694 
f 2695/2695/2695 2696/2696/2696 2697/2697/2697 
f 2697/2697/2697 2696/2696/2696 2698/2698/2698 
f 2699/2699/2699 2700/2700/2700 2701/2701/2701 
f 2701/2701/2701 2700/2700/2700 2702/2702/2702 
f 2703/2703/2703 2704/2704/2704 2705/2705/2705 
f 2705/2705/2705 2704/2704/2704 2706/2706/2706 

g Platformpart45

v -459.527 176.502 -152.089 
v -437.527 176.504 -190.194 
v -459.527 175.502 -152.089 
v -437.527 175.504 -190.194 
v -418.475 176.502 -179.195 
v -437.527 176.504 -190.194 
v -440.474 176.5 -141.089 
v -459.527 176.502 -152.089 
v -437.527 176.504 -190.194 
v -418.475 176.502 -179.195 
v -437.527 175.504 -190.194 
v -418.475 175.502 -179.195 
v -418.475 176.502 -179.195 
v -440.474 176.5 -141.089 
v -418.475 175.502 -179.195 
v -440.474 175.5 -141.089 
v -440.474 175.5 -141.089 
v -459.527 175.502 -152.089 
v -418.475 175.502 -179.195 
v -437.527 175.504 -190.194 
v -440.474 176.5 -141.089 
v -459.527 176.502 -152.089 
v -440.474 175.5 -141.089 
v -459.527 175.502 -152.089 

vn -0.866142 0 -0.496063 
vn -0.866142 0 -0.496063 
vn -0.866142 0 -0.496063 
vn -0.866142 0 -0.496063 
vn 0 1 0 
vn 0 1 0 
vn 0 1 0 
vn 0 1 0 
vn 0.496063 0 -0.866142 
vn 0.496063 0 -0.866142 
vn 0.496063 0 -0.866142 
vn 0.496063 0 -0.866142 
vn 0.866142 0 0.496063 
vn 0.866142 0 0.496063 
vn 0.866142 0 0.496063 
vn 0.866142 0 0.496063 
vn 0 -1 0 
vn 0 -1 0 
vn 0 -1 0 
vn 0 -1 0 
vn -0.496063 0 0.866142 
vn -0.496063 0 0.866142 
vn -0.496063 0 0.866142 
vn -0.496063 0 0.866142 

vt 11.25 -2 
vt 5.75 -2 
vt 11.25 -2.125 
vt 5.75 -2.125 
vt 8.5 -2 
vt 5.75 -2 
vt 8.5 -7.5 
vt 5.75 -7.5 
vt 8.5 -2 
vt 5.75 -2 
vt 8.5 -2.125 
vt 5.75 -2.125 
vt 11.25 -2 
vt 5.75 -2 
vt 11.25 -2.125 
vt 5.75 -2.125 
vt 8.5 -2 
vt 5.75 -2 
vt 8.5 -7.5 
vt 5.75 -7.5 
vt 8.5 -2 
vt 5.75 -2 
vt 8.5 -2.125 
vt 5.75 -2.125 

usemtl Platformpart37Mtl

f 2707/2707/2707 2708/2708/2708 2709/2709/2709 
f 2709/2709/2709 2708/2708/2708 2710/2710/2710 
f 2711/2711/2711 2712/2712/2712 2713/2713/2713 
f 2713/2713/2713 2712/2712/2712 2714/2714/2714 
f 2715/2715/2715 2716/2716/2716 2717/2717/2717 
f 2717/2717/2717 2716/2716/2716 2718/2718/2718 
f 2719/2719/2719 2720/2720/2720 2721/2721/2721 
f 2721/2721/2721 2720/2720/2720 2722/2722/2722 
f 2723/2723/2723 2724/2724/2724 2725/2725/2725 
f 2725/2725/2725 2724/2724/2724 2726/2726/2726 
f 2727/2727/2727 2728/2728/2728 2729/2729/2729 
f 2729/2729/2729 2728/2728/2728 2730/2730/2730 

g Platformpart46

v -448.912 176.501 -149.528 
v -410.806 176.501 -171.527 
v -448.912 175.501 -149.528 
v -410.806 175.501 -171.527 
v -399.807 176.501 -152.474 
v -410.806 176.501 -171.527 
v -437.912 176.501 -130.475 
v -448.912 176.501 -149.528 
v -410.806 176.501 -171.527 
v -399.807 176.501 -152.474 
v -410.806 175.501 -171.527 
v -399.807 175.501 -152.474 
v -399.807 176.501 -152.474 
v -437.912 176.501 -130.475 
v -399.807 175.501 -152.474 
v -437.912 175.501 -130.475 
v -437.912 175.501 -130.475 
v -448.912 175.501 -149.528 
v -399.807 175.501 -152.474 
v -410.806 175.501 -171.527 
v -437.912 176.501 -130.475 
v -448.912 176.501 -149.528 
v -437.912 175.501 -130.475 
v -448.912 175.501 -149.528 

vn -0.496063 0 -0.866142 
vn -0.496063 0 -0.866142 
vn -0.496063 0 -0.866142 
vn -0.496063 0 -0.866142 
vn 0 1 0 
vn 0 1 0 
vn 0 1 0 
vn 0 1 0 
vn 0.866142 0 -0.496063 
vn 0.866142 0 -0.496063 
vn 0.866142 0 -0.496063 
vn 0.866142 0 -0.496063 
vn 0.496063 0 0.866142 
vn 0.496063 0 0.866142 
vn 0.496063 0 0.866142 
vn 0.496063 0 0.866142 
vn 0 -1 0 
vn 0 -1 0 
vn 0 -1 0 
vn 0 -1 0 
vn -0.866142 0 0.496063 
vn -0.866142 0 0.496063 
vn -0.866142 0 0.496063 
vn -0.866142 0 0.496063 

vt 9.25 0.25 
vt 3.75 0.25 
vt 9.25 0.125 
vt 3.75 0.125 
vt 6.5 0.25 
vt 3.75 0.25 
vt 6.5 -5.25 
vt 3.75 -5.25 
vt 6.5 0.25 
vt 3.75 0.25 
vt 6.5 0.125 
vt 3.75 0.125 
vt 9.25 0.25 
vt 3.75 0.25 
vt 9.25 0.125 
vt 3.75 0.125 
vt 6.5 0.25 
vt 3.75 0.25 
vt 6.5 -5.25 
vt 3.75 -5.25 
vt 6.5 0.25 
vt 3.75 0.25 
vt 6.5 0.125 
vt 3.75 0.125 

usemtl Platformpart37Mtl

f 2731/2731/2731 2732/2732/2732 2733/2733/2733 
f 2733/2733/2733 2732/2732/2732 2734/2734/2734 
f 2735/2735/2735 2736/2736/2736 2737/2737/2737 
f 2737/2737/2737 2736/2736/2736 2738/2738/2738 
f 2739/2739/2739 2740/2740/2740 2741/2741/2741 
f 2741/2741/2741 2740/2740/2740 2742/2742/2742 
f 2743/2743/2743 2744/2744/2744 2745/2745/2745 
f 2745/2745/2745 2744/2744/2744 2746/2746/2746 
f 2747/2747/2747 2748/2748/2748 2749/2749/2749 
f 2749/2749/2749 2748/2748/2748 2750/2750/2750 
f 2751/2751/2751 2752/2752/2752 2753/2753/2753 
f 2753/2753/2753 2752/2752/2752 2754/2754/2754 

g Platformpart47

v -441 176.5 -142.001 
v -397 176.5 -142.001 
v -441 175.5 -142.001 
v -397 175.5 -142.001 
v -397 176.5 -120.001 
v -397 176.5 -142.001 
v -441 176.5 -120.001 
v -441 176.5 -142.001 
v -397 176.5 -142.001 
v -397 176.5 -120.001 
v -397 175.5 -142.001 
v -397 175.5 -120.001 
v -397 176.5 -120.001 
v -441 176.5 -120.001 
v -397 175.5 -120.001 
v -441 175.5 -120.001 
v -441 175.5 -120.001 
v -441 175.5 -142.001 
v -397 175.5 -120.001 
v -397 175.5 -142.001 
v -441 176.5 -120.001 
v -441 176.5 -142.001 
v -441 175.5 -120.001 
v -441 175.5 -142.001 

vn 0 0 -1 
vn 0 0 -1 
vn 0 0 -1 
vn 0 0 -1 
vn 0 1 0 
vn 0 1 0 
vn 0 1 0 
vn 0 1 0 
vn 1 0 0 
vn 1 0 0 
vn 1 0 0 
vn 1 0 0 
vn 0 0 1 
vn 0 0 1 
vn 0 0 1 
vn 0 0 1 
vn 0 -1 0 
vn 0 -1 0 
vn 0 -1 0 
vn 0 -1 0 
vn -1 0 0 
vn -1 0 0 
vn -1 0 0 
vn -1 0 0 

vt 8.75 -3.75 
vt 3.25 -3.75 
vt 8.75 -3.875 
vt 3.25 -3.875 
vt 6 -3.75 
vt 3.25 -3.75 
vt 6 -9.25 
vt 3.25 -9.25 
vt 6 -3.75 
vt 3.25 -3.75 
vt 6 -3.875 
vt 3.25 -3.875 
vt 8.75 -3.75 
vt 3.25 -3.75 
vt 8.75 -3.875 
vt 3.25 -3.875 
vt 6 -3.75 
vt 3.25 -3.75 
vt 6 -9.25 
vt 3.25 -9.25 
vt 6 -3.75 
vt 3.25 -3.75 
vt 6 -3.875 
vt 3.25 -3.875 

usemtl Platformpart37Mtl

f 2755/2755/2755 2756/2756/2756 2757/2757/2757 
f 2757/2757/2757 2756/2756/2756 2758/2758/2758 
f 2759/2759/2759 2760/2760/2760 2761/2761/2761 
f 2761/2761/2761 2760/2760/2760 2762/2762/2762 
f 2763/2763/2763 2764/2764/2764 2765/2765/2765 
f 2765/2765/2765 2764/2764/2764 2766/2766/2766 
f 2767/2767/2767 2768/2768/2768 2769/2769/2769 
f 2769/2769/2769 2768/2768/2768 2770/2770/2770 
f 2771/2771/2771 2772/2772/2772 2773/2773/2773 
f 2773/2773/2773 2772/2772/2772 2774/2774/2774 
f 2775/2775/2775 2776/2776/2776 2777/2777/2777 
f 2777/2777/2777 2776/2776/2776 2778/2778/2778 

g Platformpart48

v -437.911 176.499 -131.527 
v -399.805 176.499 -109.528 
v -437.911 175.499 -131.527 
v -399.805 175.499 -109.528 
v -410.805 176.499 -90.4751 
v -399.805 176.499 -109.528 
v -448.91 176.5 -112.475 
v -437.911 176.499 -131.527 
v -399.805 176.499 -109.528 
v -410.805 176.499 -90.4751 
v -399.805 175.499 -109.528 
v -410.805 175.499 -90.4751 
v -410.805 176.499 -90.4751 
v -448.91 176.5 -112.475 
v -410.805 175.499 -90.4751 
v -448.91 175.5 -112.475 
v -448.91 175.5 -112.475 
v -437.911 175.499 -131.527 
v -410.805 175.499 -90.4751 
v -399.805 175.499 -109.528 
v -448.91 176.5 -112.475 
v -437.911 176.499 -131.527 
v -448.91 175.5 -112.475 
v -437.911 175.499 -131.527 

vn 0.496063 0 -0.866142 
vn 0.496063 0 -0.866142 
vn 0.496063 0 -0.866142 
vn 0.496063 0 -0.866142 
vn 0 1 0 
vn 0 1 0 
vn 0 1 0 
vn 0 1 0 
vn 0.866142 0 0.496063 
vn 0.866142 0 0.496063 
vn 0.866142 0 0.496063 
vn 0.866142 0 0.496063 
vn -0.496063 0 0.866142 
vn -0.496063 0 0.866142 
vn -0.496063 0 0.866142 
vn -0.496063 0 0.866142 
vn 0 -1 0 
vn 0 -1 0 
vn 0 -1 0 
vn 0 -1 0 
vn -0.866142 0 -0.496063 
vn -0.866142 0 -0.496063 
vn -0.866142 0 -0.496063 
vn -0.866142 0 -0.496063 

vt 10 0.5 
vt 4.5 0.5 
vt 10 0.375 
vt 4.5 0.375 
vt 7.25 0.5 
vt 4.5 0.5 
vt 7.25 -5 
vt 4.5 -5 
vt 7.25 0.5 
vt 4.5 0.5 
vt 7.25 0.375 
vt 4.5 0.375 
vt 10 0.5 
vt 4.5 0.5 
vt 10 0.375 
vt 4.5 0.375 
vt 7.25 0.5 
vt 4.5 0.5 
vt 7.25 -5 
vt 4.5 -5 
vt 7.25 0.5 
vt 4.5 0.5 
vt 7.25 0.375 
vt 4.5 0.375 

usemtl Platformpart37Mtl

f 2779/2779/2779 2780/2780/2780 2781/2781/2781 
f 2781/2781/2781 2780/2780/2780 2782/2782/2782 
f 2783/2783/2783 2784/2784/2784 2785/2785/2785 
f 2785/2785/2785 2784/2784/2784 2786/2786/2786 
f 2787/2787/2787 2788/2788/2788 2789/2789/2789 
f 2789/2789/2789 2788/2788/2788 2790/2790/2790 
f 2791/2791/2791 2792/2792/2792 2793/2793/2793 
f 2793/2793/2793 2792/2792/2792 2794/2794/2794 
f 2795/2795/2795 2796/2796/2796 2797/2797/2797 
f 2797/2797/2797 2796/2796/2796 2798/2798/2798 
f 2799/2799/2799 2800/2800/2800 2801/2801/2801 
f 2801/2801/2801 2800/2800/2800 2802/2802/2802 

g Part2

v -459 163.501 -131.001 
v -454.083 163.501 -149.353 
v -457.778 163.501 -149.961 
v -462.81 163.501 -149.615 
v -468.5 163.501 -147.455 
v -473.216 163.501 -143.606 
v -476.032 163.501 -139.421 
v -477.353 163.501 -135.917 
v -477.353 163.501 -135.917 
v -477.96 163.501 -132.223 
v -477.614 163.501 -127.191 
v -475.454 163.5 -121.5 
v -471.605 163.5 -116.784 
v -467.421 163.5 -113.968 
v -463.917 163.5 -112.648 
v -463.917 163.5 -112.648 
v -460.222 163.5 -112.04 
v -455.19 163.5 -112.386 
v -449.499 163.5 -114.546 
v -444.784 163.5 -118.395 
v -441.968 163.5 -122.58 
v -440.647 163.5 -126.084 
v -440.647 163.5 -126.084 
v -440.039 163.5 -129.778 
v -440.386 163.501 -134.81 
v -442.546 163.501 -140.501 
v -446.394 163.501 -145.217 
v -450.579 163.501 -148.033 
v -454.083 163.501 -149.353 
v -440.647 176.5 -126.083 
v -440.647 163.5 -126.084 
v -440.039 176.5 -129.778 
v -440.039 163.5 -129.778 
v -440.386 176.501 -134.81 
v -440.386 163.501 -134.81 
v -442.546 176.501 -140.501 
v -442.546 163.501 -140.501 
v -446.394 176.501 -145.216 
v -446.394 163.501 -145.217 
v -450.579 176.501 -148.032 
v -450.579 163.501 -148.033 
v -454.083 176.501 -149.353 
v -454.083 163.501 -149.353 
v -440.647 163.5 -126.084 
v -440.647 176.5 -126.083 
v -441.968 163.5 -122.58 
v -441.968 176.5 -122.579 
v -444.784 163.5 -118.395 
v -444.783 176.5 -118.395 
v -449.499 163.5 -114.546 
v -449.499 176.5 -114.546 
v -455.19 163.5 -112.386 
v -455.19 176.5 -112.386 
v -460.222 163.5 -112.04 
v -460.222 176.5 -112.039 
v -463.917 163.5 -112.648 
v -463.917 176.5 -112.647 
v -459 176.501 -131 
v -440.647 176.5 -126.083 
v -441.968 176.5 -122.579 
v -444.783 176.5 -118.395 
v -449.499 176.5 -114.546 
v -455.19 176.5 -112.386 
v -460.222 176.5 -112.039 
v -463.917 176.5 -112.647 
v -463.917 176.5 -112.647 
v -467.42 176.5 -113.968 
v -471.605 176.5 -116.784 
v -475.454 176.5 -121.499 
v -477.614 176.501 -127.19 
v -477.96 176.501 -132.222 
v -477.352 176.501 -135.917 
v -477.352 176.501 -135.917 
v -476.032 176.501 -139.421 
v -473.216 176.501 -143.605 
v -468.5 176.501 -147.454 
v -462.809 176.501 -149.614 
v -457.778 176.501 -149.961 
v -454.083 176.501 -149.353 
v -454.083 176.501 -149.353 
v -450.579 176.501 -148.032 
v -446.394 176.501 -145.216 
v -442.546 176.501 -140.501 
v -440.386 176.501 -134.81 
v -440.039 176.5 -129.778 
v -440.647 176.5 -126.083 
v -477.352 176.501 -135.917 
v -477.353 163.501 -135.917 
v -477.96 176.501 -132.222 
v -477.96 163.501 -132.223 
v -477.614 176.501 -127.19 
v -477.614 163.501 -127.191 
v -475.454 176.5 -121.499 
v -475.454 163.5 -121.5 
v -471.605 176.5 -116.784 
v -471.605 163.5 -116.784 
v -467.42 176.5 -113.968 
v -467.421 163.5 -113.968 
v -463.917 176.5 -112.647 
v -463.917 163.5 -112.648 
v -454.083 176.501 -149.353 
v -454.083 163.501 -149.353 
v -457.778 176.501 -149.961 
v -457.778 163.501 -149.961 
v -462.809 176.501 -149.614 
v -462.81 163.501 -149.615 
v -468.5 176.501 -147.454 
v -468.5 163.501 -147.455 
v -473.216 176.501 -143.605 
v -473.216 163.501 -143.606 
v -476.032 176.501 -139.421 
v -476.032 163.501 -139.421 
v -477.352 176.501 -135.917 
v -477.353 163.501 -135.917 

vn 0 -1 0 
vn 0 -1 0 
vn 0 -1 0 
vn 0 -1 0 
vn 0 -1 0 
vn 0 -1 0 
vn 0 -1 0 
vn 0 -1 0 
vn 0 -1 0 
vn 0 -1 0 
vn 0 -1 0 
vn 0 -1 0 
vn 0 -1 0 
vn 0 -1 0 
vn 0 -1 0 
vn 0 -1 0 
vn 0 -1 0 
vn 0 -1 0 
vn 0 -1 0 
vn 0 -1 0 
vn 0 -1 0 
vn 0 -1 0 
vn 0 -1 0 
vn 0 -1 0 
vn 0 -1 0 
vn 0 -1 0 
vn 0 -1 0 
vn 0 -1 0 
vn 0 -1 0 
vn 0.968504 0 0.259843 
vn 0.968504 0 0.259843 
vn 1 0 0.0629921 
vn 1 0 0.0629921 
vn 0.976378 0 -0.19685 
vn 0.976378 0 -0.19685 
vn 0.866142 0 -0.503937 
vn 0.866142 0 -0.503937 
vn 0.661417 0 -0.748031 
vn 0.661417 0 -0.748031 
vn 0.440945 0 -0.897638 
vn 0.440945 0 -0.897638 
vn 0.259843 0 -0.968504 
vn 0.259843 0 -0.968504 
vn 0.968504 0 0.259843 
vn 0.968504 0 0.259843 
vn 0.897638 0 0.440945 
vn 0.897638 0 0.440945 
vn 0.748031 0 0.661417 
vn 0.748031 0 0.661417 
vn 0.503937 0 0.866142 
vn 0.503937 0 0.866142 
vn 0.19685 0 0.976378 
vn 0.19685 0 0.976378 
vn -0.0629921 0 1 
vn -0.0629921 0 1 
vn -0.259843 0 0.968504 
vn -0.259843 0 0.968504 
vn 0 1 0 
vn 0 1 0 
vn 0 1 0 
vn 0 1 0 
vn 0 1 0 
vn 0 1 0 
vn 0 1 0 
vn 0 1 0 
vn 0 1 0 
vn 0 1 0 
vn 0 1 0 
vn 0 1 0 
vn 0 1 0 
vn 0 1 0 
vn 0 1 0 
vn 0 1 0 
vn 0 1 0 
vn 0 1 0 
vn 0 1 0 
vn 0 1 0 
vn 0 1 0 
vn 0 1 0 
vn 0 1 0 
vn 0 1 0 
vn 0 1 0 
vn 0 1 0 
vn 0 1 0 
vn 0 1 0 
vn 0 1 0 
vn -0.968504 0 -0.259843 
vn -0.968504 0 -0.259843 
vn -1 0 -0.0629921 
vn -1 0 -0.0629921 
vn -0.976378 0 0.19685 
vn -0.976378 0 0.19685 
vn -0.866142 0 0.503937 
vn -0.866142 0 0.503937 
vn -0.661417 0 0.748031 
vn -0.661417 0 0.748031 
vn -0.440945 0 0.897638 
vn -0.440945 0 0.897638 
vn -0.259843 0 0.968504 
vn -0.259843 0 0.968504 
vn 0.259843 0 -0.968504 
vn 0.259843 0 -0.968504 
vn 0.0629921 0 -1 
vn 0.0629921 0 -1 
vn -0.19685 0 -0.976378 
vn -0.19685 0 -0.976378 
vn -0.503937 0 -0.866142 
vn -0.503937 0 -0.866142 
vn -0.748031 0 -0.661417 
vn -0.748031 0 -0.661417 
vn -0.897638 0 -0.440945 
vn -0.897638 0 -0.440945 
vn -0.968504 0 -0.259843 
vn -0.968504 0 -0.259843 

vt 7.625 -3.625 
vt 9.30438 -5.30438 
vt 8.94241 -5.60112 
vt 8.37604 -5.87812 
vt 7.625 -6 
vt 6.87396 -5.87812 
vt 6.30759 -5.60112 
vt 5.94562 -5.30438 
vt 5.94562 -5.30438 
vt 5.64888 -4.94241 
vt 5.37188 -4.37604 
vt 5.25 -3.625 
vt 5.37188 -2.87396 
vt 5.64888 -2.30759 
vt 5.94562 -1.94562 
vt 5.94562 -1.94562 
vt 6.30759 -1.64888 
vt 6.87396 -1.37188 
vt 7.625 -1.25 
vt 8.37604 -1.37188 
vt 8.94241 -1.64888 
vt 9.30438 -1.94562 
vt 9.30438 -1.94562 
vt 9.60112 -2.30759 
vt 9.87812 -2.87396 
vt 10 -3.625 
vt 9.87812 -4.37604 
vt 9.60112 -4.94241 
vt 9.30438 -5.30438 
vt 12.125 -3.5 
vt 10.5 -3.5 
vt 12.125 -4.29167 
vt 10.5 -4.29167 
vt 12.125 -5.08333 
vt 10.5 -5.08333 
vt 12.125 -5.875 
vt 10.5 -5.875 
vt 12.125 -6.66667 
vt 10.5 -6.66667 
vt 12.125 -7.45833 
vt 10.5 -7.45833 
vt 12.125 -8.25 
vt 10.5 -8.25 
vt 12.125 -3.5 
vt 10.5 -3.5 
vt 12.125 -4.29167 
vt 10.5 -4.29167 
vt 12.125 -5.08333 
vt 10.5 -5.08333 
vt 12.125 -5.875 
vt 10.5 -5.875 
vt 12.125 -6.66667 
vt 10.5 -6.66667 
vt 12.125 -7.45833 
vt 10.5 -7.45833 
vt 12.125 -8.25 
vt 10.5 -8.25 
vt 7.625 -3.625 
vt 5.94562 -1.94562 
vt 6.30759 -1.64888 
vt 6.87396 -1.37188 
vt 7.625 -1.25 
vt 8.37604 -1.37188 
vt 8.94241 -1.64888 
vt 9.30438 -1.94562 
vt 9.30438 -1.94562 
vt 9.60112 -2.30759 
vt 9.87812 -2.87396 
vt 10 -3.625 
vt 9.87812 -4.37604 
vt 9.60112 -4.94241 
vt 9.30438 -5.30438 
vt 9.30438 -5.30438 
vt 8.94241 -5.60112 
vt 8.37604 -5.87812 
vt 7.625 -6 
vt 6.87396 -5.87812 
vt 6.30759 -5.60112 
vt 5.94562 -5.30438 
vt 5.94562 -5.30438 
vt 5.64888 -4.94241 
vt 5.37188 -4.37604 
vt 5.25 -3.625 
vt 5.37188 -2.87396 
vt 5.64888 -2.30759 
vt 5.94562 -1.94562 
vt 12.125 -3.5 
vt 10.5 -3.5 
vt 12.125 -4.29167 
vt 10.5 -4.29167 
vt 12.125 -5.08333 
vt 10.5 -5.08333 
vt 12.125 -5.875 
vt 10.5 -5.875 
vt 12.125 -6.66667 
vt 10.5 -6.66667 
vt 12.125 -7.45833 
vt 10.5 -7.45833 
vt 12.125 -8.25 
vt 10.5 -8.25 
vt 12.125 -3.5 
vt 10.5 -3.5 
vt 12.125 -4.29167 
vt 10.5 -4.29167 
vt 12.125 -5.08333 
vt 10.5 -5.08333 
vt 12.125 -5.875 
vt 10.5 -5.875 
vt 12.125 -6.66667 
vt 10.5 -6.66667 
vt 12.125 -7.45833 
vt 10.5 -7.45833 
vt 12.125 -8.25 
vt 10.5 -8.25 

usemtl Part2Mtl

f 2803/2803/2803 2805/2805/2805 2804/2804/2804 
f 2803/2803/2803 2806/2806/2806 2805/2805/2805 
f 2803/2803/2803 2807/2807/2807 2806/2806/2806 
f 2803/2803/2803 2808/2808/2808 2807/2807/2807 
f 2803/2803/2803 2809/2809/2809 2808/2808/2808 
f 2803/2803/2803 2810/2810/2810 2809/2809/2809 
f 2803/2803/2803 2812/2812/2812 2811/2811/2811 
f 2803/2803/2803 2813/2813/2813 2812/2812/2812 
f 2803/2803/2803 2814/2814/2814 2813/2813/2813 
f 2803/2803/2803 2815/2815/2815 2814/2814/2814 
f 2803/2803/2803 2816/2816/2816 2815/2815/2815 
f 2803/2803/2803 2817/2817/2817 2816/2816/2816 
f 2803/2803/2803 2819/2819/2819 2818/2818/2818 
f 2803/2803/2803 2820/2820/2820 2819/2819/2819 
f 2803/2803/2803 2821/2821/2821 2820/2820/2820 
f 2803/2803/2803 2822/2822/2822 2821/2821/2821 
f 2803/2803/2803 2823/2823/2823 2822/2822/2822 
f 2803/2803/2803 2824/2824/2824 2823/2823/2823 
f 2803/2803/2803 2826/2826/2826 2825/2825/2825 
f 2803/2803/2803 2827/2827/2827 2826/2826/2826 
f 2803/2803/2803 2828/2828/2828 2827/2827/2827 
f 2803/2803/2803 2829/2829/2829 2828/2828/2828 
f 2803/2803/2803 2830/2830/2830 2829/2829/2829 
f 2803/2803/2803 2831/2831/2831 2830/2830/2830 
f 2832/2832/2832 2833/2833/2833 2834/2834/2834 
f 2834/2834/2834 2833/2833/2833 2835/2835/2835 
f 2834/2834/2834 2835/2835/2835 2836/2836/2836 
f 2836/2836/2836 2835/2835/2835 2837/2837/2837 
f 2836/2836/2836 2837/2837/2837 2838/2838/2838 
f 2838/2838/2838 2837/2837/2837 2839/2839/2839 
f 2838/2838/2838 2839/2839/2839 2840/2840/2840 
f 2840/2840/2840 2839/2839/2839 2841/2841/2841 
f 2840/2840/2840 2841/2841/2841 2842/2842/2842 
f 2842/2842/2842 2841/2841/2841 2843/2843/2843 
f 2842/2842/2842 2843/2843/2843 2844/2844/2844 
f 2844/2844/2844 2843/2843/2843 2845/2845/2845 
f 2846/2846/2846 2847/2847/2847 2848/2848/2848 
f 2848/2848/2848 2847/2847/2847 2849/2849/2849 
f 2848/2848/2848 2849/2849/2849 2850/2850/2850 
f 2850/2850/2850 2849/2849/2849 2851/2851/2851 
f 2850/2850/2850 2851/2851/2851 2852/2852/2852 
f 2852/2852/2852 2851/2851/2851 2853/2853/2853 
f 2852/2852/2852 2853/2853/2853 2854/2854/2854 
f 2854/2854/2854 2853/2853/2853 2855/2855/2855 
f 2854/2854/2854 2855/2855/2855 2856/2856/2856 
f 2856/2856/2856 2855/2855/2855 2857/2857/2857 
f 2856/2856/2856 2857/2857/2857 2858/2858/2858 
f 2858/2858/2858 2857/2857/2857 2859/2859/2859 
f 2860/2860/2860 2862/2862/2862 2861/2861/2861 
f 2860/2860/2860 2863/2863/2863 2862/2862/2862 
f 2860/2860/2860 2864/2864/2864 2863/2863/2863 
f 2860/2860/2860 2865/2865/2865 2864/2864/2864 
f 2860/2860/2860 2866/2866/2866 2865/2865/2865 
f 2860/2860/2860 2867/2867/2867 2866/2866/2866 
f 2860/2860/2860 2869/2869/2869 2868/2868/2868 
f 2860/2860/2860 2870/2870/2870 2869/2869/2869 
f 2860/2860/2860 2871/2871/2871 2870/2870/2870 
f 2860/2860/2860 2872/2872/2872 2871/2871/2871 
f 2860/2860/2860 2873/2873/2873 2872/2872/2872 
f 2860/2860/2860 2874/2874/2874 2873/2873/2873 
f 2860/2860/2860 2876/2876/2876 2875/2875/2875 
f 2860/2860/2860 2877/2877/2877 2876/2876/2876 
f 2860/2860/2860 2878/2878/2878 2877/2877/2877 
f 2860/2860/2860 2879/2879/2879 2878/2878/2878 
f 2860/2860/2860 2880/2880/2880 2879/2879/2879 
f 2860/2860/2860 2881/2881/2881 2880/2880/2880 
f 2860/2860/2860 2883/2883/2883 2882/2882/2882 
f 2860/2860/2860 2884/2884/2884 2883/2883/2883 
f 2860/2860/2860 2885/2885/2885 2884/2884/2884 
f 2860/2860/2860 2886/2886/2886 2885/2885/2885 
f 2860/2860/2860 2887/2887/2887 2886/2886/2886 
f 2860/2860/2860 2888/2888/2888 2887/2887/2887 
f 2889/2889/2889 2890/2890/2890 2891/2891/2891 
f 2891/2891/2891 2890/2890/2890 2892/2892/2892 
f 2891/2891/2891 2892/2892/2892 2893/2893/2893 
f 2893/2893/2893 2892/2892/2892 2894/2894/2894 
f 2893/2893/2893 2894/2894/2894 2895/2895/2895 
f 2895/2895/2895 2894/2894/2894 2896/2896/2896 
f 2895/2895/2895 2896/2896/2896 2897/2897/2897 
f 2897/2897/2897 2896/2896/2896 2898/2898/2898 
f 2897/2897/2897 2898/2898/2898 2899/2899/2899 
f 2899/2899/2899 2898/2898/2898 2900/2900/2900 
f 2899/2899/2899 2900/2900/2900 2901/2901/2901 
f 2901/2901/2901 2900/2900/2900 2902/2902/2902 
f 2903/2903/2903 2904/2904/2904 2905/2905/2905 
f 2905/2905/2905 2904/2904/2904 2906/2906/2906 
f 2905/2905/2905 2906/2906/2906 2907/2907/2907 
f 2907/2907/2907 2906/2906/2906 2908/2908/2908 
f 2907/2907/2907 2908/2908/2908 2909/2909/2909 
f 2909/2909/2909 2908/2908/2908 2910/2910/2910 
f 2909/2909/2909 2910/2910/2910 2911/2911/2911 
f 2911/2911/2911 2910/2910/2910 2912/2912/2912 
f 2911/2911/2911 2912/2912/2912 2913/2913/2913 
f 2913/2913/2913 2912/2912/2912 2914/2914/2914 
f 2913/2913/2913 2914/2914/2914 2915/2915/2915 
f 2915/2915/2915 2914/2914/2914 2916/2916/2916 

