# This file is brought to you by Roblox Corporation
# Generated by Roblox Studio

mtllib vylkano.mtl

g Eruptioneffect1

v 24.9338 75.0775 -12.4933 
v -13.8095 75.0543 -2.54593 
v 24.933 73.8775 -12.4994 
v -13.8104 73.8543 -2.55203 
v -23.7569 75.2581 -41.2888 
v -13.8095 75.0543 -2.54593 
v 14.9865 75.2813 -51.2362 
v 24.9338 75.0775 -12.4933 
v -13.8095 75.0543 -2.54593 
v -23.7569 75.2581 -41.2888 
v -13.8104 73.8543 -2.55203 
v -23.7578 74.0581 -41.2949 
v -23.7569 75.2581 -41.2888 
v 14.9865 75.2813 -51.2362 
v -23.7578 74.0581 -41.2949 
v 14.9856 74.0813 -51.2423 
v 14.9856 74.0813 -51.2423 
v 24.933 73.8775 -12.4994 
v -23.7578 74.0581 -41.2949 
v -13.8104 73.8543 -2.55203 
v 14.9865 75.2813 -51.2362 
v 24.9338 75.0775 -12.4933 
v 14.9856 74.0813 -51.2423 
v 24.933 73.8775 -12.4994 

vn 0.251969 -0.00787402 0.968504 
vn 0.251969 -0.00787402 0.968504 
vn 0.251969 -0.00787402 0.968504 
vn 0.251969 -0.00787402 0.968504 
vn 0 1 0.00787402 
vn 0 1 0.00787402 
vn 0 1 0.00787402 
vn 0 1 0.00787402 
vn -0.968504 0 0.251969 
vn -0.968504 0 0.251969 
vn -0.968504 0 0.251969 
vn -0.968504 0 0.251969 
vn -0.251969 0.00787402 -0.968504 
vn -0.251969 0.00787402 -0.968504 
vn -0.251969 0.00787402 -0.968504 
vn -0.251969 0.00787402 -0.968504 
vn 0 -1 -0.00787402 
vn 0 -1 -0.00787402 
vn 0 -1 -0.00787402 
vn 0 -1 -0.00787402 
vn 0.968504 0 -0.251969 
vn 0.968504 0 -0.251969 
vn 0.968504 0 -0.251969 
vn 0.968504 0 -0.251969 

vt 0.417783 -0.511842 
vt -4.58222 -0.511842 
vt 0.417783 -0.661842 
vt -4.58222 -0.661842 
vt 0.417783 -0.511842 
vt -4.58222 -0.511842 
vt 0.417783 -5.51184 
vt -4.58222 -5.51184 
vt 0.417783 -0.511842 
vt -4.58222 -0.511842 
vt 0.417783 -0.661842 
vt -4.58222 -0.661842 
vt 0.417783 -0.511842 
vt -4.58222 -0.511842 
vt 0.417783 -0.661842 
vt -4.58222 -0.661842 
vt 0.417783 -0.511842 
vt -4.58222 -0.511842 
vt 0.417783 -5.51184 
vt -4.58222 -5.51184 
vt 0.417783 -0.511842 
vt -4.58222 -0.511842 
vt 0.417783 -0.661842 
vt -4.58222 -0.661842 

usemtl Eruptioneffect1Mtl

f 1/1/1 2/2/2 3/3/3 
f 3/3/3 2/2/2 4/4/4 
f 5/5/5 6/6/6 7/7/7 
f 7/7/7 6/6/6 8/8/8 
f 9/9/9 10/10/10 11/11/11 
f 11/11/11 10/10/10 12/12/12 
f 13/13/13 14/14/14 15/15/15 
f 15/15/15 14/14/14 16/16/16 
f 17/17/17 18/18/18 19/19/19 
f 19/19/19 18/18/18 20/20/20 
f 21/21/21 22/22/22 23/23/23 
f 23/23/23 22/22/22 24/24/24 

g Magma1

v 24.933 73.8773 -12.4997 
v -13.8104 73.8541 -2.55226 
v 24.881 0.278227 -12.8736 
v -13.8623 0.255025 -2.9262 
v -23.7578 74.0579 -41.2951 
v -13.8104 73.8541 -2.55226 
v 14.9856 74.0811 -51.2425 
v 24.933 73.8773 -12.4997 
v -13.8104 73.8541 -2.55226 
v -23.7578 74.0579 -41.2951 
v -13.8623 0.255025 -2.9262 
v -23.8097 0.458889 -41.669 
v -23.7578 74.0579 -41.2951 
v 14.9856 74.0811 -51.2425 
v -23.8097 0.458889 -41.669 
v 14.9336 0.48209 -51.6165 
v 14.9336 0.48209 -51.6165 
v 24.881 0.278227 -12.8736 
v -23.8097 0.458889 -41.669 
v -13.8623 0.255025 -2.9262 
v 14.9856 74.0811 -51.2425 
v 24.933 73.8773 -12.4997 
v 14.9336 0.48209 -51.6165 
v 24.881 0.278227 -12.8736 

vn 0.251969 -0.00787402 0.968504 
vn 0.251969 -0.00787402 0.968504 
vn 0.251969 -0.00787402 0.968504 
vn 0.251969 -0.00787402 0.968504 
vn 0 1 0.00787402 
vn 0 1 0.00787402 
vn 0 1 0.00787402 
vn 0 1 0.00787402 
vn -0.968504 0 0.251969 
vn -0.968504 0 0.251969 
vn -0.968504 0 0.251969 
vn -0.968504 0 0.251969 
vn -0.251969 0.00787402 -0.968504 
vn -0.251969 0.00787402 -0.968504 
vn -0.251969 0.00787402 -0.968504 
vn -0.251969 0.00787402 -0.968504 
vn 0 -1 -0.00787402 
vn 0 -1 -0.00787402 
vn 0 -1 -0.00787402 
vn 0 -1 -0.00787402 
vn 0.968504 0 -0.251969 
vn 0.968504 0 -0.251969 
vn 0.968504 0 -0.251969 
vn 0.968504 0 -0.251969 

vt 5.50851 4.0841 
vt 0.508513 4.0841 
vt 5.50851 -5.11591 
vt 0.508513 -5.11591 
vt 5.50851 4.0841 
vt 0.508513 4.0841 
vt 5.50851 -0.915904 
vt 0.508513 -0.915904 
vt 5.50851 4.0841 
vt 0.508513 4.0841 
vt 5.50851 -5.11591 
vt 0.508513 -5.11591 
vt 5.50851 4.0841 
vt 0.508513 4.0841 
vt 5.50851 -5.11591 
vt 0.508513 -5.11591 
vt 5.50851 4.0841 
vt 0.508513 4.0841 
vt 5.50851 -0.915904 
vt 0.508513 -0.915904 
vt 5.50851 4.0841 
vt 0.508513 4.0841 
vt 5.50851 -5.11591 
vt 0.508513 -5.11591 

usemtl Magma1Mtl

f 25/25/25 26/26/26 27/27/27 
f 27/27/27 26/26/26 28/28/28 
f 29/29/29 30/30/30 31/31/31 
f 31/31/31 30/30/30 32/32/32 
f 33/33/33 34/34/34 35/35/35 
f 35/35/35 34/34/34 36/36/36 
f 37/37/37 38/38/38 39/39/39 
f 39/39/39 38/38/38 40/40/40 
f 41/41/41 42/42/42 43/43/43 
f 43/43/43 42/42/42 44/44/44 
f 45/45/45 46/46/46 47/47/47 
f 47/47/47 46/46/46 48/48/48 

g SmoothBlockModel1

v 24.9419 86.6774 -12.4345 
v 30.7534 86.6809 -13.9266 
v 24.9284 67.4776 -12.5321 
v 30.7399 67.4811 -14.0242 
v 32.2455 86.6503 -8.1152 
v 30.7534 86.6809 -13.9266 
v 26.434 86.6468 -6.62309 
v 24.9419 86.6774 -12.4345 
v 30.7534 86.6809 -13.9266 
v 32.2455 86.6503 -8.1152 
v 30.7399 67.4811 -14.0242 
v 32.232 67.4505 -8.21275 
v 32.2455 86.6503 -8.1152 
v 26.434 86.6468 -6.62309 
v 32.232 67.4505 -8.21275 
v 26.4205 67.4471 -6.72064 
v 26.4205 67.4471 -6.72064 
v 24.9284 67.4776 -12.5321 
v 32.232 67.4505 -8.21275 
v 30.7399 67.4811 -14.0242 
v 26.434 86.6468 -6.62309 
v 24.9419 86.6774 -12.4345 
v 26.4205 67.4471 -6.72064 
v 24.9284 67.4776 -12.5321 

vn -0.251969 0.00787402 -0.968504 
vn -0.251969 0.00787402 -0.968504 
vn -0.251969 0.00787402 -0.968504 
vn -0.251969 0.00787402 -0.968504 
vn 0 1 0.00787402 
vn 0 1 0.00787402 
vn 0 1 0.00787402 
vn 0 1 0.00787402 
vn 0.968504 0 -0.251969 
vn 0.968504 0 -0.251969 
vn 0.968504 0 -0.251969 
vn 0.968504 0 -0.251969 
vn 0.251969 -0.00787402 0.968504 
vn 0.251969 -0.00787402 0.968504 
vn 0.251969 -0.00787402 0.968504 
vn 0.251969 -0.00787402 0.968504 
vn 0 -1 -0.00787402 
vn 0 -1 -0.00787402 
vn 0 -1 -0.00787402 
vn 0 -1 -0.00787402 
vn -0.968504 0 0.251969 
vn -0.968504 0 0.251969 
vn -0.968504 0 0.251969 
vn -0.968504 0 0.251969 

vt 1.5527 1.42214 
vt 0.802702 1.42214 
vt 1.5527 -0.977856 
vt 0.802702 -0.977856 
vt 1.5527 1.42214 
vt 0.802702 1.42214 
vt 1.5527 0.672144 
vt 0.802702 0.672144 
vt 1.5527 1.42214 
vt 0.802702 1.42214 
vt 1.5527 -0.977856 
vt 0.802702 -0.977856 
vt 1.5527 1.42214 
vt 0.802702 1.42214 
vt 1.5527 -0.977856 
vt 0.802702 -0.977856 
vt 1.5527 1.42214 
vt 0.802702 1.42214 
vt 1.5527 0.672144 
vt 0.802702 0.672144 
vt 1.5527 1.42214 
vt 0.802702 1.42214 
vt 1.5527 -0.977856 
vt 0.802702 -0.977856 

usemtl SmoothBlockModel1Mtl

f 49/49/49 50/50/50 51/51/51 
f 51/51/51 50/50/50 52/52/52 
f 53/53/53 54/54/54 55/55/55 
f 55/55/55 54/54/54 56/56/56 
f 57/57/57 58/58/58 59/59/59 
f 59/59/59 58/58/58 60/60/60 
f 61/61/61 62/62/62 63/63/63 
f 63/63/63 62/62/62 64/64/64 
f 65/65/65 66/66/66 67/67/67 
f 67/67/67 66/66/66 68/68/68 
f 69/69/69 70/70/70 71/71/71 
f 71/71/71 70/70/70 72/72/72 

g SmoothBlockModel2

v -13.8013 86.6541 -2.48694 
v 24.9421 86.6773 -12.4344 
v -13.8149 67.4543 -2.58449 
v 24.9285 67.4775 -12.5319 
v 28.175 86.611 0.157072 
v 24.9421 86.6773 -12.4344 
v -10.5684 86.5878 10.1045 
v -13.8013 86.6541 -2.48694 
v 24.9421 86.6773 -12.4344 
v 28.175 86.611 0.157072 
v 24.9285 67.4775 -12.5319 
v 28.1614 67.4113 0.0595226 
v 28.175 86.611 0.157072 
v -10.5684 86.5878 10.1045 
v 28.1614 67.4113 0.0595226 
v -10.582 67.3881 10.0069 
v -10.582 67.3881 10.0069 
v -13.8149 67.4543 -2.58449 
v 28.1614 67.4113 0.0595226 
v 24.9285 67.4775 -12.5319 
v -10.5684 86.5878 10.1045 
v -13.8013 86.6541 -2.48694 
v -10.582 67.3881 10.0069 
v -13.8149 67.4543 -2.58449 

vn -0.251969 0.00787402 -0.968504 
vn -0.251969 0.00787402 -0.968504 
vn -0.251969 0.00787402 -0.968504 
vn -0.251969 0.00787402 -0.968504 
vn 0 1 0.00787402 
vn 0 1 0.00787402 
vn 0 1 0.00787402 
vn 0 1 0.00787402 
vn 0.968504 0 -0.251969 
vn 0.968504 0 -0.251969 
vn 0.968504 0 -0.251969 
vn 0.968504 0 -0.251969 
vn 0.251969 -0.00787402 0.968504 
vn 0.251969 -0.00787402 0.968504 
vn 0.251969 -0.00787402 0.968504 
vn 0.251969 -0.00787402 0.968504 
vn 0 -1 -0.00787402 
vn 0 -1 -0.00787402 
vn 0 -1 -0.00787402 
vn 0 -1 -0.00787402 
vn -0.968504 0 0.251969 
vn -0.968504 0 0.251969 
vn -0.968504 0 0.251969 
vn -0.968504 0 0.251969 

vt 7.95409 0.664974 
vt 2.95409 0.664974 
vt 7.95409 -1.73503 
vt 2.95409 -1.73503 
vt 4.57909 0.664974 
vt 2.95409 0.664974 
vt 4.57909 -4.33503 
vt 2.95409 -4.33503 
vt 4.57909 0.664974 
vt 2.95409 0.664974 
vt 4.57909 -1.73503 
vt 2.95409 -1.73503 
vt 7.95409 0.664974 
vt 2.95409 0.664974 
vt 7.95409 -1.73503 
vt 2.95409 -1.73503 
vt 4.57909 0.664974 
vt 2.95409 0.664974 
vt 4.57909 -4.33503 
vt 2.95409 -4.33503 
vt 4.57909 0.664974 
vt 2.95409 0.664974 
vt 4.57909 -1.73503 
vt 2.95409 -1.73503 

usemtl SmoothBlockModel1Mtl

f 73/73/73 74/74/74 75/75/75 
f 75/75/75 74/74/74 76/76/76 
f 77/77/77 78/78/78 79/79/79 
f 79/79/79 78/78/78 80/80/80 
f 81/81/81 82/82/82 83/83/83 
f 83/83/83 82/82/82 84/84/84 
f 85/85/85 86/86/86 87/87/87 
f 87/87/87 86/86/86 88/88/88 
f 89/89/89 90/90/90 91/91/91 
f 91/91/91 90/90/90 92/92/92 
f 93/93/93 94/94/94 95/95/95 
f 95/95/95 94/94/94 96/96/96 

g SmoothBlockModel3

v -19.6127 86.6505 -0.994687 
v -13.8012 86.654 -2.4868 
v -19.6262 67.4507 -1.09224 
v -13.8147 67.4542 -2.58435 
v -12.3091 86.6234 3.32463 
v -13.8012 86.654 -2.4868 
v -18.1206 86.6199 4.81674 
v -19.6127 86.6505 -0.994687 
v -13.8012 86.654 -2.4868 
v -12.3091 86.6234 3.32463 
v -13.8147 67.4542 -2.58435 
v -12.3226 67.4236 3.22708 
v -12.3091 86.6234 3.32463 
v -18.1206 86.6199 4.81674 
v -12.3226 67.4236 3.22708 
v -18.1341 67.4201 4.71919 
v -18.1341 67.4201 4.71919 
v -19.6262 67.4507 -1.09224 
v -12.3226 67.4236 3.22708 
v -13.8147 67.4542 -2.58435 
v -18.1206 86.6199 4.81674 
v -19.6127 86.6505 -0.994687 
v -18.1341 67.4201 4.71919 
v -19.6262 67.4507 -1.09224 

vn -0.251969 0.00787402 -0.968504 
vn -0.251969 0.00787402 -0.968504 
vn -0.251969 0.00787402 -0.968504 
vn -0.251969 0.00787402 -0.968504 
vn 0 1 0.00787402 
vn 0 1 0.00787402 
vn 0 1 0.00787402 
vn 0 1 0.00787402 
vn 0.968504 0 -0.251969 
vn 0.968504 0 -0.251969 
vn 0.968504 0 -0.251969 
vn 0.968504 0 -0.251969 
vn 0.251969 -0.00787402 0.968504 
vn 0.251969 -0.00787402 0.968504 
vn 0.251969 -0.00787402 0.968504 
vn 0.251969 -0.00787402 0.968504 
vn 0 -1 -0.00787402 
vn 0 -1 -0.00787402 
vn 0 -1 -0.00787402 
vn 0 -1 -0.00787402 
vn -0.968504 0 0.251969 
vn -0.968504 0 0.251969 
vn -0.968504 0 0.251969 
vn -0.968504 0 0.251969 

vt 1.45305 2.14032 
vt 0.703049 2.14032 
vt 1.45305 -0.259683 
vt 0.703049 -0.259683 
vt 1.45305 2.14032 
vt 0.703049 2.14032 
vt 1.45305 1.39032 
vt 0.703049 1.39032 
vt 1.45305 2.14032 
vt 0.703049 2.14032 
vt 1.45305 -0.259683 
vt 0.703049 -0.259683 
vt 1.45305 2.14032 
vt 0.703049 2.14032 
vt 1.45305 -0.259683 
vt 0.703049 -0.259683 
vt 1.45305 2.14032 
vt 0.703049 2.14032 
vt 1.45305 1.39032 
vt 0.703049 1.39032 
vt 1.45305 2.14032 
vt 0.703049 2.14032 
vt 1.45305 -0.259683 
vt 0.703049 -0.259683 

usemtl SmoothBlockModel1Mtl

f 97/97/97 98/98/98 99/99/99 
f 99/99/99 98/98/98 100/100/100 
f 101/101/101 102/102/102 103/103/103 
f 103/103/103 102/102/102 104/104/104 
f 105/105/105 106/106/106 107/107/107 
f 107/107/107 106/106/106 108/108/108 
f 109/109/109 110/110/110 111/111/111 
f 111/111/111 110/110/110 112/112/112 
f 113/113/113 114/114/114 115/115/115 
f 115/115/115 114/114/114 116/116/116 
f 117/117/117 118/118/118 119/119/119 
f 119/119/119 118/118/118 120/120/120 

g SmoothBlockModel4

v -31.0522 86.8849 -45.549 
v -25.2407 86.8884 -47.0412 
v -31.0657 67.6852 -45.6466 
v -25.2542 67.6887 -47.1387 
v -23.7486 86.8578 -41.2297 
v -25.2407 86.8884 -47.0412 
v -29.5601 86.8543 -39.7376 
v -31.0522 86.8849 -45.549 
v -25.2407 86.8884 -47.0412 
v -23.7486 86.8578 -41.2297 
v -25.2542 67.6887 -47.1387 
v -23.7621 67.6581 -41.3273 
v -23.7486 86.8578 -41.2297 
v -29.5601 86.8543 -39.7376 
v -23.7621 67.6581 -41.3273 
v -29.5736 67.6546 -39.8352 
v -29.5736 67.6546 -39.8352 
v -31.0657 67.6852 -45.6466 
v -23.7621 67.6581 -41.3273 
v -25.2542 67.6887 -47.1387 
v -29.5601 86.8543 -39.7376 
v -31.0522 86.8849 -45.549 
v -29.5736 67.6546 -39.8352 
v -31.0657 67.6852 -45.6466 

vn -0.251969 0.00787402 -0.968504 
vn -0.251969 0.00787402 -0.968504 
vn -0.251969 0.00787402 -0.968504 
vn -0.251969 0.00787402 -0.968504 
vn 0 1 0.00787402 
vn 0 1 0.00787402 
vn 0 1 0.00787402 
vn 0 1 0.00787402 
vn 0.968504 0 -0.251969 
vn 0.968504 0 -0.251969 
vn 0.968504 0 -0.251969 
vn 0.968504 0 -0.251969 
vn 0.251969 -0.00787402 0.968504 
vn 0.251969 -0.00787402 0.968504 
vn 0.251969 -0.00787402 0.968504 
vn 0.251969 -0.00787402 0.968504 
vn 0 -1 -0.00787402 
vn 0 -1 -0.00787402 
vn 0 -1 -0.00787402 
vn 0 -1 -0.00787402 
vn -0.968504 0 0.251969 
vn -0.968504 0 0.251969 
vn -0.968504 0 0.251969 
vn -0.968504 0 0.251969 

vt 0.453319 -0.566599 
vt -0.296681 -0.566599 
vt 0.453319 -2.9666 
vt -0.296681 -2.9666 
vt 0.453319 -0.566599 
vt -0.296681 -0.566599 
vt 0.453319 -1.3166 
vt -0.296681 -1.3166 
vt 0.453319 -0.566599 
vt -0.296681 -0.566599 
vt 0.453319 -2.9666 
vt -0.296681 -2.9666 
vt 0.453319 -0.566599 
vt -0.296681 -0.566599 
vt 0.453319 -2.9666 
vt -0.296681 -2.9666 
vt 0.453319 -0.566599 
vt -0.296681 -0.566599 
vt 0.453319 -1.3166 
vt -0.296681 -1.3166 
vt 0.453319 -0.566599 
vt -0.296681 -0.566599 
vt 0.453319 -2.9666 
vt -0.296681 -2.9666 

usemtl SmoothBlockModel1Mtl

f 121/121/121 122/122/122 123/123/123 
f 123/123/123 122/122/122 124/124/124 
f 125/125/125 126/126/126 127/127/127 
f 127/127/127 126/126/126 128/128/128 
f 129/129/129 130/130/130 131/131/131 
f 131/131/131 130/130/130 132/132/132 
f 133/133/133 134/134/134 135/135/135 
f 135/135/135 134/134/134 136/136/136 
f 137/137/137 138/138/138 139/139/139 
f 139/139/139 138/138/138 140/140/140 
f 141/141/141 142/142/142 143/143/143 
f 143/143/143 142/142/142 144/144/144 

g SmoothBlockModel5

v -23.7487 86.858 -41.2296 
v -13.8011 86.6538 -2.48684 
v -23.7622 67.6582 -41.3273 
v -13.8145 67.4541 -2.58453 
v -26.3926 86.6462 0.74617 
v -13.8011 86.6538 -2.48684 
v -36.3403 86.8504 -37.9966 
v -23.7487 86.858 -41.2296 
v -13.8011 86.6538 -2.48684 
v -26.3926 86.6462 0.74617 
v -13.8145 67.4541 -2.58453 
v -26.4061 67.4465 0.648476 
v -26.3926 86.6462 0.74617 
v -36.3403 86.8504 -37.9966 
v -26.4061 67.4465 0.648476 
v -36.3538 67.6506 -38.0943 
v -36.3538 67.6506 -38.0943 
v -23.7622 67.6582 -41.3273 
v -26.4061 67.4465 0.648476 
v -13.8145 67.4541 -2.58453 
v -36.3403 86.8504 -37.9966 
v -23.7487 86.858 -41.2296 
v -36.3538 67.6506 -38.0943 
v -23.7622 67.6582 -41.3273 

vn 0.968504 0 -0.251969 
vn 0.968504 0 -0.251969 
vn 0.968504 0 -0.251969 
vn 0.968504 0 -0.251969 
vn 0 1 0.00787402 
vn 0 1 0.00787402 
vn 0 1 0.00787402 
vn 0 1 0.00787402 
vn 0.251969 -0.00787402 0.968504 
vn 0.251969 -0.00787402 0.968504 
vn 0.251969 -0.00787402 0.968504 
vn 0.251969 -0.00787402 0.968504 
vn -0.968504 0 0.251969 
vn -0.968504 0 0.251969 
vn -0.968504 0 0.251969 
vn -0.968504 0 0.251969 
vn 0 -1 -0.00787402 
vn 0 -1 -0.00787402 
vn 0 -1 -0.00787402 
vn 0 -1 -0.00787402 
vn -0.251969 0.00787402 -0.968504 
vn -0.251969 0.00787402 -0.968504 
vn -0.251969 0.00787402 -0.968504 
vn -0.251969 0.00787402 -0.968504 

vt 9.40069 -1.7533 
vt 4.40069 -1.7533 
vt 9.40069 -4.1533 
vt 4.40069 -4.1533 
vt 6.02569 -1.7533 
vt 4.40069 -1.7533 
vt 6.02569 -6.7533 
vt 4.40069 -6.7533 
vt 6.02569 -1.7533 
vt 4.40069 -1.7533 
vt 6.02569 -4.1533 
vt 4.40069 -4.1533 
vt 9.40069 -1.7533 
vt 4.40069 -1.7533 
vt 9.40069 -4.1533 
vt 4.40069 -4.1533 
vt 6.02569 -1.7533 
vt 4.40069 -1.7533 
vt 6.02569 -6.7533 
vt 4.40069 -6.7533 
vt 6.02569 -1.7533 
vt 4.40069 -1.7533 
vt 6.02569 -4.1533 
vt 4.40069 -4.1533 

usemtl SmoothBlockModel1Mtl

f 145/145/145 146/146/146 147/147/147 
f 147/147/147 146/146/146 148/148/148 
f 149/149/149 150/150/150 151/151/151 
f 151/151/151 150/150/150 152/152/152 
f 153/153/153 154/154/154 155/155/155 
f 155/155/155 154/154/154 156/156/156 
f 157/157/157 158/158/158 159/159/159 
f 159/159/159 158/158/158 160/160/160 
f 161/161/161 162/162/162 163/163/163 
f 163/163/163 162/162/162 164/164/164 
f 165/165/165 166/166/166 167/167/167 
f 167/167/167 166/166/166 168/168/168 

g SmoothBlockModel6

v -26.9817 86.9242 -53.8213 
v 11.7617 86.9474 -63.7687 
v -26.9952 67.7244 -53.9189 
v 11.7482 67.7476 -63.8663 
v 14.9946 86.8811 -51.1773 
v 11.7617 86.9474 -63.7687 
v -23.7488 86.8579 -41.2299 
v -26.9817 86.9242 -53.8213 
v 11.7617 86.9474 -63.7687 
v 14.9946 86.8811 -51.1773 
v 11.7482 67.7476 -63.8663 
v 14.9811 67.6814 -51.2749 
v 14.9946 86.8811 -51.1773 
v -23.7488 86.8579 -41.2299 
v 14.9811 67.6814 -51.2749 
v -23.7623 67.6582 -41.3275 
v -23.7623 67.6582 -41.3275 
v -26.9952 67.7244 -53.9189 
v 14.9811 67.6814 -51.2749 
v 11.7482 67.7476 -63.8663 
v -23.7488 86.8579 -41.2299 
v -26.9817 86.9242 -53.8213 
v -23.7623 67.6582 -41.3275 
v -26.9952 67.7244 -53.9189 

vn -0.251969 0.00787402 -0.968504 
vn -0.251969 0.00787402 -0.968504 
vn -0.251969 0.00787402 -0.968504 
vn -0.251969 0.00787402 -0.968504 
vn 0 1 0.00787402 
vn 0 1 0.00787402 
vn 0 1 0.00787402 
vn 0 1 0.00787402 
vn 0.968504 0 -0.251969 
vn 0.968504 0 -0.251969 
vn 0.968504 0 -0.251969 
vn 0.968504 0 -0.251969 
vn 0.251969 -0.00787402 0.968504 
vn 0.251969 -0.00787402 0.968504 
vn 0.251969 -0.00787402 0.968504 
vn 0.251969 -0.00787402 0.968504 
vn 0 -1 -0.00787402 
vn 0 -1 -0.00787402 
vn 0 -1 -0.00787402 
vn 0 -1 -0.00787402 
vn -0.968504 0 0.251969 
vn -0.968504 0 0.251969 
vn -0.968504 0 0.251969 
vn -0.968504 0 0.251969 

vt 2.97549 -0.857534 
vt -2.02451 -0.857534 
vt 2.97549 -3.25753 
vt -2.02451 -3.25753 
vt -0.399506 -0.857534 
vt -2.02451 -0.857534 
vt -0.399506 -5.85753 
vt -2.02451 -5.85753 
vt -0.399506 -0.857534 
vt -2.02451 -0.857534 
vt -0.399506 -3.25753 
vt -2.02451 -3.25753 
vt 2.97549 -0.857534 
vt -2.02451 -0.857534 
vt 2.97549 -3.25753 
vt -2.02451 -3.25753 
vt -0.399506 -0.857534 
vt -2.02451 -0.857534 
vt -0.399506 -5.85753 
vt -2.02451 -5.85753 
vt -0.399506 -0.857534 
vt -2.02451 -0.857534 
vt -0.399506 -3.25753 
vt -2.02451 -3.25753 

usemtl SmoothBlockModel1Mtl

f 169/169/169 170/170/170 171/171/171 
f 171/171/171 170/170/170 172/172/172 
f 173/173/173 174/174/174 175/175/175 
f 175/175/175 174/174/174 176/176/176 
f 177/177/177 178/178/178 179/179/179 
f 179/179/179 178/178/178 180/180/180 
f 181/181/181 182/182/182 183/183/183 
f 183/183/183 182/182/182 184/184/184 
f 185/185/185 186/186/186 187/187/187 
f 187/187/187 186/186/186 188/188/188 
f 189/189/189 190/190/190 191/191/191 
f 191/191/191 190/190/190 192/192/192 

g SmoothBlockModel7

v 13.5024 86.9118 -56.9889 
v 19.3139 86.9153 -58.481 
v 13.4888 67.7121 -57.0864 
v 19.3003 67.7156 -58.5785 
v 20.806 86.8847 -52.6696 
v 19.3139 86.9153 -58.481 
v 14.9945 86.8812 -51.1774 
v 13.5024 86.9118 -56.9889 
v 19.3139 86.9153 -58.481 
v 20.806 86.8847 -52.6696 
v 19.3003 67.7156 -58.5785 
v 20.7924 67.685 -52.7671 
v 20.806 86.8847 -52.6696 
v 14.9945 86.8812 -51.1774 
v 20.7924 67.685 -52.7671 
v 14.9809 67.6815 -51.275 
v 14.9809 67.6815 -51.275 
v 13.4888 67.7121 -57.0864 
v 20.7924 67.685 -52.7671 
v 19.3003 67.7156 -58.5785 
v 14.9945 86.8812 -51.1774 
v 13.5024 86.9118 -56.9889 
v 14.9809 67.6815 -51.275 
v 13.4888 67.7121 -57.0864 

vn -0.251969 0.00787402 -0.968504 
vn -0.251969 0.00787402 -0.968504 
vn -0.251969 0.00787402 -0.968504 
vn -0.251969 0.00787402 -0.968504 
vn 0 1 0.00787402 
vn 0 1 0.00787402 
vn 0 1 0.00787402 
vn 0 1 0.00787402 
vn 0.968504 0 -0.251969 
vn 0.968504 0 -0.251969 
vn 0.968504 0 -0.251969 
vn 0.968504 0 -0.251969 
vn 0.251969 -0.00787402 0.968504 
vn 0.251969 -0.00787402 0.968504 
vn 0.251969 -0.00787402 0.968504 
vn 0.251969 -0.00787402 0.968504 
vn 0 -1 -0.00787402 
vn 0 -1 -0.00787402 
vn 0 -1 -0.00787402 
vn 0 -1 -0.00787402 
vn -0.968504 0 0.251969 
vn -0.968504 0 0.251969 
vn -0.968504 0 0.251969 
vn -0.968504 0 0.251969 

vt 0.453319 -0.27656 
vt -0.296681 -0.27656 
vt 0.453319 -2.67656 
vt -0.296681 -2.67656 
vt 0.453319 -0.27656 
vt -0.296681 -0.27656 
vt 0.453319 -1.02656 
vt -0.296681 -1.02656 
vt 0.453319 -0.27656 
vt -0.296681 -0.27656 
vt 0.453319 -2.67656 
vt -0.296681 -2.67656 
vt 0.453319 -0.27656 
vt -0.296681 -0.27656 
vt 0.453319 -2.67656 
vt -0.296681 -2.67656 
vt 0.453319 -0.27656 
vt -0.296681 -0.27656 
vt 0.453319 -1.02656 
vt -0.296681 -1.02656 
vt 0.453319 -0.27656 
vt -0.296681 -0.27656 
vt 0.453319 -2.67656 
vt -0.296681 -2.67656 

usemtl SmoothBlockModel1Mtl

f 193/193/193 194/194/194 195/195/195 
f 195/195/195 194/194/194 196/196/196 
f 197/197/197 198/198/198 199/199/199 
f 199/199/199 198/198/198 200/200/200 
f 201/201/201 202/202/202 203/203/203 
f 203/203/203 202/202/202 204/204/204 
f 205/205/205 206/206/206 207/207/207 
f 207/207/207 206/206/206 208/208/208 
f 209/209/209 210/210/210 211/211/211 
f 211/211/211 210/210/210 212/212/212 
f 213/213/213 214/214/214 215/215/215 
f 215/215/215 214/214/214 216/216/216 

g SmoothBlockModel8

v 27.5859 86.889 -54.4103 
v 37.5336 86.6849 -15.6675 
v 27.5724 67.6892 -54.508 
v 37.5201 67.4851 -15.7652 
v 24.942 86.6773 -12.4345 
v 37.5336 86.6849 -15.6675 
v 14.9943 86.8814 -51.1773 
v 27.5859 86.889 -54.4103 
v 37.5336 86.6849 -15.6675 
v 24.942 86.6773 -12.4345 
v 37.5201 67.4851 -15.7652 
v 24.9285 67.4775 -12.5322 
v 24.942 86.6773 -12.4345 
v 14.9943 86.8814 -51.1773 
v 24.9285 67.4775 -12.5322 
v 14.9808 67.6816 -51.275 
v 14.9808 67.6816 -51.275 
v 27.5724 67.6892 -54.508 
v 24.9285 67.4775 -12.5322 
v 37.5201 67.4851 -15.7652 
v 14.9943 86.8814 -51.1773 
v 27.5859 86.889 -54.4103 
v 14.9808 67.6816 -51.275 
v 27.5724 67.6892 -54.508 

vn 0.968504 0 -0.251969 
vn 0.968504 0 -0.251969 
vn 0.968504 0 -0.251969 
vn 0.968504 0 -0.251969 
vn 0 1 0.00787402 
vn 0 1 0.00787402 
vn 0 1 0.00787402 
vn 0 1 0.00787402 
vn 0.251969 -0.00787402 0.968504 
vn 0.251969 -0.00787402 0.968504 
vn 0.251969 -0.00787402 0.968504 
vn 0.251969 -0.00787402 0.968504 
vn -0.968504 0 0.251969 
vn -0.968504 0 0.251969 
vn -0.968504 0 0.251969 
vn -0.968504 0 0.251969 
vn 0 -1 -0.00787402 
vn 0 -1 -0.00787402 
vn 0 -1 -0.00787402 
vn 0 -1 -0.00787402 
vn -0.251969 0.00787402 -0.968504 
vn -0.251969 0.00787402 -0.968504 
vn -0.251969 0.00787402 -0.968504 
vn -0.251969 0.00787402 -0.968504 

vt 7.7533 -2.20312 
vt 2.7533 -2.20312 
vt 7.7533 -4.60312 
vt 2.7533 -4.60312 
vt 4.3783 -2.20312 
vt 2.7533 -2.20312 
vt 4.3783 -7.20312 
vt 2.7533 -7.20312 
vt 4.3783 -2.20312 
vt 2.7533 -2.20312 
vt 4.3783 -4.60312 
vt 2.7533 -4.60312 
vt 7.7533 -2.20312 
vt 2.7533 -2.20312 
vt 7.7533 -4.60312 
vt 2.7533 -4.60312 
vt 4.3783 -2.20312 
vt 2.7533 -2.20312 
vt 4.3783 -7.20312 
vt 2.7533 -7.20312 
vt 4.3783 -2.20312 
vt 2.7533 -2.20312 
vt 4.3783 -4.60312 
vt 2.7533 -4.60312 

usemtl SmoothBlockModel8Mtl

f 217/217/217 218/218/218 219/219/219 
f 219/219/219 218/218/218 220/220/220 
f 221/221/221 222/222/222 223/223/223 
f 223/223/223 222/222/222 224/224/224 
f 225/225/225 226/226/226 227/227/227 
f 227/227/227 226/226/226 228/228/228 
f 229/229/229 230/230/230 231/231/231 
f 231/231/231 230/230/230 232/232/232 
f 233/233/233 234/234/234 235/235/235 
f 235/235/235 234/234/234 236/236/236 
f 237/237/237 238/238/238 239/239/239 
f 239/239/239 238/238/238 240/240/240 

g SmoothBlockModel9

v 33.3838 67.6927 -56.0001 
v 43.3315 67.4886 -17.2573 
v 33.3703 48.493 -56.0978 
v 43.318 48.2888 -17.355 
v 28.8027 67.4798 -13.5269 
v 43.3315 67.4886 -17.2573 
v 18.855 67.6839 -52.2697 
v 33.3838 67.6927 -56.0001 
v 43.3315 67.4886 -17.2573 
v 28.8027 67.4798 -13.5269 
v 43.318 48.2888 -17.355 
v 28.7893 48.2801 -13.6246 
v 28.8027 67.4798 -13.5269 
v 18.855 67.6839 -52.2697 
v 28.7893 48.2801 -13.6246 
v 18.8416 48.4842 -52.3674 
v 18.8416 48.4842 -52.3674 
v 33.3703 48.493 -56.0978 
v 28.7893 48.2801 -13.6246 
v 43.318 48.2888 -17.355 
v 18.855 67.6839 -52.2697 
v 33.3838 67.6927 -56.0001 
v 18.8416 48.4842 -52.3674 
v 33.3703 48.493 -56.0978 

vn 0.968504 0 -0.251969 
vn 0.968504 0 -0.251969 
vn 0.968504 0 -0.251969 
vn 0.968504 0 -0.251969 
vn 0 1 0.00787402 
vn 0 1 0.00787402 
vn 0 1 0.00787402 
vn 0 1 0.00787402 
vn 0.251969 -0.00787402 0.968504 
vn 0.251969 -0.00787402 0.968504 
vn 0.251969 -0.00787402 0.968504 
vn 0.251969 -0.00787402 0.968504 
vn -0.968504 0 0.251969 
vn -0.968504 0 0.251969 
vn -0.968504 0 0.251969 
vn -0.968504 0 0.251969 
vn 0 -1 -0.00787402 
vn 0 -1 -0.00787402 
vn 0 -1 -0.00787402 
vn 0 -1 -0.00787402 
vn -0.251969 0.00787402 -0.968504 
vn -0.251969 0.00787402 -0.968504 
vn -0.251969 0.00787402 -0.968504 
vn -0.251969 0.00787402 -0.968504 

vt 8.03592 2.24997 
vt 3.03592 2.24997 
vt 8.03592 -0.150027 
vt 3.03592 -0.150027 
vt 4.91092 2.24997 
vt 3.03592 2.24997 
vt 4.91092 -2.75003 
vt 3.03592 -2.75003 
vt 4.91092 2.24997 
vt 3.03592 2.24997 
vt 4.91092 -0.150027 
vt 3.03592 -0.150027 
vt 8.03592 2.24997 
vt 3.03592 2.24997 
vt 8.03592 -0.150027 
vt 3.03592 -0.150027 
vt 4.91092 2.24997 
vt 3.03592 2.24997 
vt 4.91092 -2.75003 
vt 3.03592 -2.75003 
vt 4.91092 2.24997 
vt 3.03592 2.24997 
vt 4.91092 -0.150027 
vt 3.03592 -0.150027 

usemtl SmoothBlockModel1Mtl

f 241/241/241 242/242/242 243/243/243 
f 243/243/243 242/242/242 244/244/244 
f 245/245/245 246/246/246 247/247/247 
f 247/247/247 246/246/246 248/248/248 
f 249/249/249 250/250/250 251/251/251 
f 251/251/251 250/250/250 252/252/252 
f 253/253/253 254/254/254 255/255/255 
f 255/255/255 254/254/254 256/256/256 
f 257/257/257 258/258/258 259/259/259 
f 259/259/259 258/258/258 260/260/260 
f 261/261/261 262/262/262 263/263/263 
f 263/263/263 262/262/262 264/264/264 

g SmoothBlockModel10

v -27.6366 67.6558 -40.3325 
v -17.6889 67.4517 -1.58974 
v -27.6501 48.4561 -40.4302 
v -17.7024 48.252 -1.68743 
v -32.2177 67.4429 2.14066 
v -17.6889 67.4517 -1.58974 
v -42.1654 67.6471 -36.6021 
v -27.6366 67.6558 -40.3325 
v -17.6889 67.4517 -1.58974 
v -32.2177 67.4429 2.14066 
v -17.7024 48.252 -1.68743 
v -32.2312 48.2432 2.04296 
v -32.2177 67.4429 2.14066 
v -42.1654 67.6471 -36.6021 
v -32.2312 48.2432 2.04296 
v -42.1789 48.4473 -36.6998 
v -42.1789 48.4473 -36.6998 
v -27.6501 48.4561 -40.4302 
v -32.2312 48.2432 2.04296 
v -17.7024 48.252 -1.68743 
v -42.1654 67.6471 -36.6021 
v -27.6366 67.6558 -40.3325 
v -42.1789 48.4473 -36.6998 
v -27.6501 48.4561 -40.4302 

vn 0.968504 0 -0.251969 
vn 0.968504 0 -0.251969 
vn 0.968504 0 -0.251969 
vn 0.968504 0 -0.251969 
vn 0 1 0.00787402 
vn 0 1 0.00787402 
vn 0 1 0.00787402 
vn 0 1 0.00787402 
vn 0.251969 -0.00787402 0.968504 
vn 0.251969 -0.00787402 0.968504 
vn 0.251969 -0.00787402 0.968504 
vn 0.251969 -0.00787402 0.968504 
vn -0.968504 0 0.251969 
vn -0.968504 0 0.251969 
vn -0.968504 0 0.251969 
vn -0.968504 0 0.251969 
vn 0 -1 -0.00787402 
vn 0 -1 -0.00787402 
vn 0 -1 -0.00787402 
vn 0 -1 -0.00787402 
vn -0.251969 0.00787402 -0.968504 
vn -0.251969 0.00787402 -0.968504 
vn -0.251969 0.00787402 -0.968504 
vn -0.251969 0.00787402 -0.968504 

vt 1.36745 3.77004 
vt -3.63255 3.77004 
vt 1.36745 1.37004 
vt -3.63255 1.37004 
vt -1.75755 3.77004 
vt -3.63255 3.77004 
vt -1.75755 -1.22996 
vt -3.63255 -1.22996 
vt -1.75755 3.77004 
vt -3.63255 3.77004 
vt -1.75755 1.37004 
vt -3.63255 1.37004 
vt 1.36745 3.77004 
vt -3.63255 3.77004 
vt 1.36745 1.37004 
vt -3.63255 1.37004 
vt -1.75755 3.77004 
vt -3.63255 3.77004 
vt -1.75755 -1.22996 
vt -3.63255 -1.22996 
vt -1.75755 3.77004 
vt -3.63255 3.77004 
vt -1.75755 1.37004 
vt -3.63255 1.37004 

usemtl SmoothBlockModel8Mtl

f 265/265/265 266/266/266 267/267/267 
f 267/267/267 266/266/266 268/268/268 
f 269/269/269 270/270/270 271/271/271 
f 271/271/271 270/270/270 272/272/272 
f 273/273/273 274/274/274 275/275/275 
f 275/275/275 274/274/274 276/276/276 
f 277/277/277 278/278/278 279/279/279 
f 279/279/279 278/278/278 280/280/280 
f 281/281/281 282/282/282 283/283/283 
f 283/283/283 282/282/282 284/284/284 
f 285/285/285 286/286/286 287/287/287 
f 287/287/287 286/286/286 288/288/288 

g SmoothBlockModel11

v -26.4063 67.4466 0.648471 
v -13.8147 67.4541 -2.58444 
v -26.4199 48.2469 0.550921 
v -13.8283 48.2544 -2.68199 
v -10.5818 67.3879 10.007 
v -13.8147 67.4541 -2.58444 
v -23.1734 67.3804 13.2399 
v -26.4063 67.4466 0.648471 
v -13.8147 67.4541 -2.58444 
v -10.5818 67.3879 10.007 
v -13.8283 48.2544 -2.68199 
v -10.5954 48.1881 9.90944 
v -10.5818 67.3879 10.007 
v -23.1734 67.3804 13.2399 
v -10.5954 48.1881 9.90944 
v -23.187 48.1806 13.1423 
v -23.187 48.1806 13.1423 
v -26.4199 48.2469 0.550921 
v -10.5954 48.1881 9.90944 
v -13.8283 48.2544 -2.68199 
v -23.1734 67.3804 13.2399 
v -26.4063 67.4466 0.648471 
v -23.187 48.1806 13.1423 
v -26.4199 48.2469 0.550921 

vn -0.251969 0.00787402 -0.968504 
vn -0.251969 0.00787402 -0.968504 
vn -0.251969 0.00787402 -0.968504 
vn -0.251969 0.00787402 -0.968504 
vn 0 1 0.00787402 
vn 0 1 0.00787402 
vn 0 1 0.00787402 
vn 0 1 0.00787402 
vn 0.968504 0 -0.251969 
vn 0.968504 0 -0.251969 
vn 0.968504 0 -0.251969 
vn 0.968504 0 -0.251969 
vn 0.251969 -0.00787402 0.968504 
vn 0.251969 -0.00787402 0.968504 
vn 0.251969 -0.00787402 0.968504 
vn 0.251969 -0.00787402 0.968504 
vn 0 -1 -0.00787402 
vn 0 -1 -0.00787402 
vn 0 -1 -0.00787402 
vn 0 -1 -0.00787402 
vn -0.968504 0 0.251969 
vn -0.968504 0 0.251969 
vn -0.968504 0 0.251969 
vn -0.968504 0 0.251969 

vt 0.102172 -0.325332 
vt -1.52283 -0.325332 
vt 0.102172 -2.72533 
vt -1.52283 -2.72533 
vt 0.102172 -0.325332 
vt -1.52283 -0.325332 
vt 0.102172 -1.95033 
vt -1.52283 -1.95033 
vt 0.102172 -0.325332 
vt -1.52283 -0.325332 
vt 0.102172 -2.72533 
vt -1.52283 -2.72533 
vt 0.102172 -0.325332 
vt -1.52283 -0.325332 
vt 0.102172 -2.72533 
vt -1.52283 -2.72533 
vt 0.102172 -0.325332 
vt -1.52283 -0.325332 
vt 0.102172 -1.95033 
vt -1.52283 -1.95033 
vt 0.102172 -0.325332 
vt -1.52283 -0.325332 
vt 0.102172 -2.72533 
vt -1.52283 -2.72533 

usemtl SmoothBlockModel1Mtl

f 289/289/289 290/290/290 291/291/291 
f 291/291/291 290/290/290 292/292/292 
f 293/293/293 294/294/294 295/295/295 
f 295/295/295 294/294/294 296/296/296 
f 297/297/297 298/298/298 299/299/299 
f 299/299/299 298/298/298 300/300/300 
f 301/301/301 302/302/302 303/303/303 
f 303/303/303 302/302/302 304/304/304 
f 305/305/305 306/306/306 307/307/307 
f 307/307/307 306/306/306 308/308/308 
f 309/309/309 310/310/310 311/311/311 
f 311/311/311 310/310/310 312/312/312 

g SmoothBlockModel12

v 24.9283 67.4776 -12.5322 
v 37.5199 67.4852 -15.7651 
v 24.9148 48.2779 -12.6297 
v 37.5064 48.2854 -15.8626 
v 40.7528 67.4189 -3.17366 
v 37.5199 67.4852 -15.7651 
v 28.1612 67.4114 0.059254 
v 24.9283 67.4776 -12.5322 
v 37.5199 67.4852 -15.7651 
v 40.7528 67.4189 -3.17366 
v 37.5064 48.2854 -15.8626 
v 40.7393 48.2192 -3.27121 
v 40.7528 67.4189 -3.17366 
v 28.1612 67.4114 0.059254 
v 40.7393 48.2192 -3.27121 
v 28.1477 48.2116 -0.0382957 
v 28.1477 48.2116 -0.0382957 
v 24.9148 48.2779 -12.6297 
v 40.7393 48.2192 -3.27121 
v 37.5064 48.2854 -15.8626 
v 28.1612 67.4114 0.059254 
v 24.9283 67.4776 -12.5322 
v 28.1477 48.2116 -0.0382957 
v 24.9148 48.2779 -12.6297 

vn -0.251969 0.00787402 -0.968504 
vn -0.251969 0.00787402 -0.968504 
vn -0.251969 0.00787402 -0.968504 
vn -0.251969 0.00787402 -0.968504 
vn 0 1 0.00787402 
vn 0 1 0.00787402 
vn 0 1 0.00787402 
vn 0 1 0.00787402 
vn 0.968504 0 -0.251969 
vn 0.968504 0 -0.251969 
vn 0.968504 0 -0.251969 
vn 0.968504 0 -0.251969 
vn 0.251969 -0.00787402 0.968504 
vn 0.251969 -0.00787402 0.968504 
vn 0.251969 -0.00787402 0.968504 
vn 0.251969 -0.00787402 0.968504 
vn 0 -1 -0.00787402 
vn 0 -1 -0.00787402 
vn 0 -1 -0.00787402 
vn 0 -1 -0.00787402 
vn -0.968504 0 0.251969 
vn -0.968504 0 0.251969 
vn -0.968504 0 0.251969 
vn -0.968504 0 0.251969 

vt 1.83474 -0.681276 
vt 0.209739 -0.681276 
vt 1.83474 -3.08128 
vt 0.209739 -3.08128 
vt 1.83474 -0.681276 
vt 0.209739 -0.681276 
vt 1.83474 -2.30628 
vt 0.209739 -2.30628 
vt 1.83474 -0.681276 
vt 0.209739 -0.681276 
vt 1.83474 -3.08128 
vt 0.209739 -3.08128 
vt 1.83474 -0.681276 
vt 0.209739 -0.681276 
vt 1.83474 -3.08128 
vt 0.209739 -3.08128 
vt 1.83474 -0.681276 
vt 0.209739 -0.681276 
vt 1.83474 -2.30628 
vt 0.209739 -2.30628 
vt 1.83474 -0.681276 
vt 0.209739 -0.681276 
vt 1.83474 -3.08128 
vt 0.209739 -3.08128 

usemtl SmoothBlockModel1Mtl

f 313/313/313 314/314/314 315/315/315 
f 315/315/315 314/314/314 316/316/316 
f 317/317/317 318/318/318 319/319/319 
f 319/319/319 318/318/318 320/320/320 
f 321/321/321 322/322/322 323/323/323 
f 323/323/323 322/322/322 324/324/324 
f 325/325/325 326/326/326 327/327/327 
f 327/327/327 326/326/326 328/328/328 
f 329/329/329 330/330/330 331/331/331 
f 331/331/331 330/330/330 332/332/332 
f 333/333/333 334/334/334 335/335/335 
f 335/335/335 334/334/334 336/336/336 

g SmoothBlockModel13

v 29.6535 67.3807 5.87084 
v -9.08989 67.3575 15.8183 
v 29.6399 48.1809 5.77329 
v -9.10344 48.1577 15.7207 
v -12.8202 67.4339 1.28969 
v -9.08989 67.3575 15.8183 
v 25.9232 67.4571 -8.65773 
v 29.6535 67.3807 5.87084 
v -9.08989 67.3575 15.8183 
v -12.8202 67.4339 1.28969 
v -9.10344 48.1577 15.7207 
v -12.8337 48.2342 1.19214 
v -12.8202 67.4339 1.28969 
v 25.9232 67.4571 -8.65773 
v -12.8337 48.2342 1.19214 
v 25.9097 48.2574 -8.75528 
v 25.9097 48.2574 -8.75528 
v 29.6399 48.1809 5.77329 
v -12.8337 48.2342 1.19214 
v -9.10344 48.1577 15.7207 
v 25.9232 67.4571 -8.65773 
v 29.6535 67.3807 5.87084 
v 25.9097 48.2574 -8.75528 
v 29.6399 48.1809 5.77329 

vn 0.251969 -0.00787402 0.968504 
vn 0.251969 -0.00787402 0.968504 
vn 0.251969 -0.00787402 0.968504 
vn 0.251969 -0.00787402 0.968504 
vn 0 1 0.00787402 
vn 0 1 0.00787402 
vn 0 1 0.00787402 
vn 0 1 0.00787402 
vn -0.968504 0 0.251969 
vn -0.968504 0 0.251969 
vn -0.968504 0 0.251969 
vn -0.968504 0 0.251969 
vn -0.251969 0.00787402 -0.968504 
vn -0.251969 0.00787402 -0.968504 
vn -0.251969 0.00787402 -0.968504 
vn -0.251969 0.00787402 -0.968504 
vn 0 -1 -0.00787402 
vn 0 -1 -0.00787402 
vn 0 -1 -0.00787402 
vn 0 -1 -0.00787402 
vn 0.968504 0 -0.251969 
vn 0.968504 0 -0.251969 
vn 0.968504 0 -0.251969 
vn 0.968504 0 -0.251969 

vt 9.27694 -0.671995 
vt 4.27694 -0.671995 
vt 9.27694 -3.07199 
vt 4.27694 -3.07199 
vt 6.15194 -0.671995 
vt 4.27694 -0.671995 
vt 6.15194 -5.672 
vt 4.27694 -5.672 
vt 6.15194 -0.671995 
vt 4.27694 -0.671995 
vt 6.15194 -3.07199 
vt 4.27694 -3.07199 
vt 9.27694 -0.671995 
vt 4.27694 -0.671995 
vt 9.27694 -3.07199 
vt 4.27694 -3.07199 
vt 6.15194 -0.671995 
vt 4.27694 -0.671995 
vt 6.15194 -5.672 
vt 4.27694 -5.672 
vt 6.15194 -0.671995 
vt 4.27694 -0.671995 
vt 6.15194 -3.07199 
vt 4.27694 -3.07199 

usemtl SmoothBlockModel8Mtl

f 337/337/337 338/338/338 339/339/339 
f 339/339/339 338/338/338 340/340/340 
f 341/341/341 342/342/342 343/343/343 
f 343/343/343 342/342/342 344/344/344 
f 345/345/345 346/346/346 347/347/347 
f 347/347/347 346/346/346 348/348/348 
f 349/349/349 350/350/350 351/351/351 
f 351/351/351 350/350/350 352/352/352 
f 353/353/353 354/354/354 355/355/355 
f 355/355/355 354/354/354 356/356/356 
f 357/357/357 358/358/358 359/359/359 
f 359/359/359 358/358/358 360/360/360 

g SmoothBlockModel14

v -39.5867 67.7167 -50.6859 
v -26.9951 67.7243 -53.9188 
v -39.6002 48.517 -50.7835 
v -27.0086 48.5245 -54.0164 
v -23.7622 67.658 -41.3274 
v -26.9951 67.7243 -53.9188 
v -36.3538 67.6505 -38.0945 
v -39.5867 67.7167 -50.6859 
v -26.9951 67.7243 -53.9188 
v -23.7622 67.658 -41.3274 
v -27.0086 48.5245 -54.0164 
v -23.7757 48.4583 -41.425 
v -23.7622 67.658 -41.3274 
v -36.3538 67.6505 -38.0945 
v -23.7757 48.4583 -41.425 
v -36.3673 48.4507 -38.192 
v -36.3673 48.4507 -38.192 
v -39.6002 48.517 -50.7835 
v -23.7757 48.4583 -41.425 
v -27.0086 48.5245 -54.0164 
v -36.3538 67.6505 -38.0945 
v -39.5867 67.7167 -50.6859 
v -36.3673 48.4507 -38.192 
v -39.6002 48.517 -50.7835 

vn -0.251969 0.00787402 -0.968504 
vn -0.251969 0.00787402 -0.968504 
vn -0.251969 0.00787402 -0.968504 
vn -0.251969 0.00787402 -0.968504 
vn 0 1 0.00787402 
vn 0 1 0.00787402 
vn 0 1 0.00787402 
vn 0 1 0.00787402 
vn 0.968504 0 -0.251969 
vn 0.968504 0 -0.251969 
vn 0.968504 0 -0.251969 
vn 0.968504 0 -0.251969 
vn 0.251969 -0.00787402 0.968504 
vn 0.251969 -0.00787402 0.968504 
vn 0.251969 -0.00787402 0.968504 
vn 0.251969 -0.00787402 0.968504 
vn 0 -1 -0.00787402 
vn 0 -1 -0.00787402 
vn 0 -1 -0.00787402 
vn 0 -1 -0.00787402 
vn -0.968504 0 0.251969 
vn -0.968504 0 0.251969 
vn -0.968504 0 0.251969 
vn -0.968504 0 0.251969 

vt 0.925406 1.69959 
vt -0.699594 1.69959 
vt 0.925406 -0.700406 
vt -0.699594 -0.700406 
vt 0.925406 1.69959 
vt -0.699594 1.69959 
vt 0.925406 0.0745943 
vt -0.699594 0.0745943 
vt 0.925406 1.69959 
vt -0.699594 1.69959 
vt 0.925406 -0.700406 
vt -0.699594 -0.700406 
vt 0.925406 1.69959 
vt -0.699594 1.69959 
vt 0.925406 -0.700406 
vt -0.699594 -0.700406 
vt 0.925406 1.69959 
vt -0.699594 1.69959 
vt 0.925406 0.0745943 
vt -0.699594 0.0745943 
vt 0.925406 1.69959 
vt -0.699594 1.69959 
vt 0.925406 -0.700406 
vt -0.699594 -0.700406 

usemtl SmoothBlockModel1Mtl

f 361/361/361 362/362/362 363/363/363 
f 363/363/363 362/362/362 364/364/364 
f 365/365/365 366/366/366 367/367/367 
f 367/367/367 366/366/366 368/368/368 
f 369/369/369 370/370/370 371/371/371 
f 371/371/371 370/370/370 372/372/372 
f 373/373/373 374/374/374 375/375/375 
f 375/375/375 374/374/374 376/376/376 
f 377/377/377 378/378/378 379/379/379 
f 379/379/379 378/378/378 380/380/380 
f 381/381/381 382/382/382 383/383/383 
f 383/383/383 382/382/382 384/384/384 

g SmoothBlockModel15

v 11.748 67.7478 -63.8666 
v 24.3396 67.7553 -67.0995 
v 11.7344 48.548 -63.9641 
v 24.326 48.5555 -67.197 
v 27.5725 67.689 -54.508 
v 24.3396 67.7553 -67.0995 
v 14.9809 67.6815 -51.2751 
v 11.748 67.7478 -63.8666 
v 24.3396 67.7553 -67.0995 
v 27.5725 67.689 -54.508 
v 24.326 48.5555 -67.197 
v 27.5589 48.4893 -54.6056 
v 27.5725 67.689 -54.508 
v 14.9809 67.6815 -51.2751 
v 27.5589 48.4893 -54.6056 
v 14.9673 48.4818 -51.3727 
v 14.9673 48.4818 -51.3727 
v 11.7344 48.548 -63.9641 
v 27.5589 48.4893 -54.6056 
v 24.326 48.5555 -67.197 
v 14.9809 67.6815 -51.2751 
v 11.748 67.7478 -63.8666 
v 14.9673 48.4818 -51.3727 
v 11.7344 48.548 -63.9641 

vn -0.251969 0.00787402 -0.968504 
vn -0.251969 0.00787402 -0.968504 
vn -0.251969 0.00787402 -0.968504 
vn -0.251969 0.00787402 -0.968504 
vn 0 1 0.00787402 
vn 0 1 0.00787402 
vn 0 1 0.00787402 
vn 0 1 0.00787402 
vn 0.968504 0 -0.251969 
vn 0.968504 0 -0.251969 
vn 0.968504 0 -0.251969 
vn 0.968504 0 -0.251969 
vn 0.251969 -0.00787402 0.968504 
vn 0.251969 -0.00787402 0.968504 
vn 0.251969 -0.00787402 0.968504 
vn 0.251969 -0.00787402 0.968504 
vn 0 -1 -0.00787402 
vn 0 -1 -0.00787402 
vn 0 -1 -0.00787402 
vn 0 -1 -0.00787402 
vn -0.968504 0 0.251969 
vn -0.968504 0 0.251969 
vn -0.968504 0 0.251969 
vn -0.968504 0 0.251969 

vt 2.78789 0.269314 
vt 1.16289 0.269314 
vt 2.78789 -2.13069 
vt 1.16289 -2.13069 
vt 2.78789 0.269314 
vt 1.16289 0.269314 
vt 2.78789 -1.35569 
vt 1.16289 -1.35569 
vt 2.78789 0.269314 
vt 1.16289 0.269314 
vt 2.78789 -2.13069 
vt 1.16289 -2.13069 
vt 2.78789 0.269314 
vt 1.16289 0.269314 
vt 2.78789 -2.13069 
vt 1.16289 -2.13069 
vt 2.78789 0.269314 
vt 1.16289 0.269314 
vt 2.78789 -1.35569 
vt 1.16289 -1.35569 
vt 2.78789 0.269314 
vt 1.16289 0.269314 
vt 2.78789 -2.13069 
vt 1.16289 -2.13069 

usemtl SmoothBlockModel8Mtl

f 385/385/385 386/386/386 387/387/387 
f 387/387/387 386/386/386 388/388/388 
f 389/389/389 390/390/390 391/391/391 
f 391/391/391 390/390/390 392/392/392 
f 393/393/393 394/394/394 395/395/395 
f 395/395/395 394/394/394 396/396/396 
f 397/397/397 398/398/398 399/399/399 
f 399/399/399 398/398/398 400/400/400 
f 401/401/401 402/402/402 403/403/403 
f 403/403/403 402/402/402 404/404/404 
f 405/405/405 406/406/406 407/407/407 
f 407/407/407 406/406/406 408/408/408 

g SmoothBlockModel16

v 13.9863 67.7017 -55.1493 
v -24.7571 67.6785 -45.2019 
v 13.9728 48.502 -55.2468 
v -24.7706 48.4788 -45.2994 
v -28.4873 67.755 -59.7304 
v -24.7571 67.6785 -45.2019 
v 10.256 67.7782 -69.6778 
v 13.9863 67.7017 -55.1493 
v -24.7571 67.6785 -45.2019 
v -28.4873 67.755 -59.7304 
v -24.7706 48.4788 -45.2994 
v -28.5009 48.5552 -59.828 
v -28.4873 67.755 -59.7304 
v 10.256 67.7782 -69.6778 
v -28.5009 48.5552 -59.828 
v 10.2425 48.5784 -69.7754 
v 10.2425 48.5784 -69.7754 
v 13.9728 48.502 -55.2468 
v -28.5009 48.5552 -59.828 
v -24.7706 48.4788 -45.2994 
v 10.256 67.7782 -69.6778 
v 13.9863 67.7017 -55.1493 
v 10.2425 48.5784 -69.7754 
v 13.9728 48.502 -55.2468 

vn 0.251969 -0.00787402 0.968504 
vn 0.251969 -0.00787402 0.968504 
vn 0.251969 -0.00787402 0.968504 
vn 0.251969 -0.00787402 0.968504 
vn 0 1 0.00787402 
vn 0 1 0.00787402 
vn 0 1 0.00787402 
vn 0 1 0.00787402 
vn -0.968504 0 0.251969 
vn -0.968504 0 0.251969 
vn -0.968504 0 0.251969 
vn -0.968504 0 0.251969 
vn -0.251969 0.00787402 -0.968504 
vn -0.251969 0.00787402 -0.968504 
vn -0.251969 0.00787402 -0.968504 
vn -0.251969 0.00787402 -0.968504 
vn 0 -1 -0.00787402 
vn 0 -1 -0.00787402 
vn 0 -1 -0.00787402 
vn 0 -1 -0.00787402 
vn 0.968504 0 -0.251969 
vn 0.968504 0 -0.251969 
vn 0.968504 0 -0.251969 
vn 0.968504 0 -0.251969 

vt 2.50014 -3.35687 
vt -2.49986 -3.35687 
vt 2.50014 -5.75687 
vt -2.49986 -5.75687 
vt -0.624863 -3.35687 
vt -2.49986 -3.35687 
vt -0.624863 -8.35687 
vt -2.49986 -8.35687 
vt -0.624863 -3.35687 
vt -2.49986 -3.35687 
vt -0.624863 -5.75687 
vt -2.49986 -5.75687 
vt 2.50014 -3.35687 
vt -2.49986 -3.35687 
vt 2.50014 -5.75687 
vt -2.49986 -5.75687 
vt -0.624863 -3.35687 
vt -2.49986 -3.35687 
vt -0.624863 -8.35687 
vt -2.49986 -8.35687 
vt -0.624863 -3.35687 
vt -2.49986 -3.35687 
vt -0.624863 -5.75687 
vt -2.49986 -5.75687 

usemtl SmoothBlockModel8Mtl

f 409/409/409 410/410/410 411/411/411 
f 411/411/411 410/410/410 412/412/412 
f 413/413/413 414/414/414 415/415/415 
f 415/415/415 414/414/414 416/416/416 
f 417/417/417 418/418/418 419/419/419 
f 419/419/419 418/418/418 420/420/420 
f 421/421/421 422/422/422 423/423/423 
f 423/423/423 422/422/422 424/424/424 
f 425/425/425 426/426/426 427/427/427 
f 427/427/427 426/426/426 428/428/428 
f 429/429/429 430/430/430 431/431/431 
f 431/431/431 430/430/430 432/432/432 

g SmoothBlockModel17

v 13.9727 48.5019 -55.2469 
v -24.7707 48.4787 -45.2995 
v 13.9625 34.1021 -55.3201 
v -24.7808 34.0789 -45.3727 
v -30.2417 48.5908 -66.6081 
v -24.7707 48.4787 -45.2995 
v 8.50165 48.614 -76.5555 
v 13.9727 48.5019 -55.2469 
v -24.7707 48.4787 -45.2995 
v -30.2417 48.5908 -66.6081 
v -24.7808 34.0789 -45.3727 
v -30.2519 34.191 -66.6812 
v -30.2417 48.5908 -66.6081 
v 8.50165 48.614 -76.5555 
v -30.2519 34.191 -66.6812 
v 8.49148 34.2142 -76.6287 
v 8.49148 34.2142 -76.6287 
v 13.9625 34.1021 -55.3201 
v -30.2519 34.191 -66.6812 
v -24.7808 34.0789 -45.3727 
v 8.50165 48.614 -76.5555 
v 13.9727 48.5019 -55.2469 
v 8.49148 34.2142 -76.6287 
v 13.9625 34.1021 -55.3201 

vn 0.251969 -0.00787402 0.968504 
vn 0.251969 -0.00787402 0.968504 
vn 0.251969 -0.00787402 0.968504 
vn 0.251969 -0.00787402 0.968504 
vn 0 1 0.00787402 
vn 0 1 0.00787402 
vn 0 1 0.00787402 
vn 0 1 0.00787402 
vn -0.968504 0 0.251969 
vn -0.968504 0 0.251969 
vn -0.968504 0 0.251969 
vn -0.968504 0 0.251969 
vn -0.251969 0.00787402 -0.968504 
vn -0.251969 0.00787402 -0.968504 
vn -0.251969 0.00787402 -0.968504 
vn -0.251969 0.00787402 -0.968504 
vn 0 -1 -0.00787402 
vn 0 -1 -0.00787402 
vn 0 -1 -0.00787402 
vn 0 -1 -0.00787402 
vn 0.968504 0 -0.251969 
vn 0.968504 0 -0.251969 
vn 0.968504 0 -0.251969 
vn 0.968504 0 -0.251969 

vt 4.85548 -0.721569 
vt -0.14452 -0.721569 
vt 4.85548 -2.52157 
vt -0.14452 -2.52157 
vt 2.60548 -0.721569 
vt -0.14452 -0.721569 
vt 2.60548 -5.72157 
vt -0.14452 -5.72157 
vt 2.60548 -0.721569 
vt -0.14452 -0.721569 
vt 2.60548 -2.52157 
vt -0.14452 -2.52157 
vt 4.85548 -0.721569 
vt -0.14452 -0.721569 
vt 4.85548 -2.52157 
vt -0.14452 -2.52157 
vt 2.60548 -0.721569 
vt -0.14452 -0.721569 
vt 2.60548 -5.72157 
vt -0.14452 -5.72157 
vt 2.60548 -0.721569 
vt -0.14452 -0.721569 
vt 2.60548 -2.52157 
vt -0.14452 -2.52157 

usemtl SmoothBlockModel1Mtl

f 433/433/433 434/434/434 435/435/435 
f 435/435/435 434/434/434 436/436/436 
f 437/437/437 438/438/438 439/439/439 
f 439/439/439 438/438/438 440/440/440 
f 441/441/441 442/442/442 443/443/443 
f 443/443/443 442/442/442 444/444/444 
f 445/445/445 446/446/446 447/447/447 
f 447/447/447 446/446/446 448/448/448 
f 449/449/449 450/450/450 451/451/451 
f 451/451/451 450/450/450 452/452/452 
f 453/453/453 454/454/454 455/455/455 
f 455/455/455 454/454/454 456/456/456 

g SmoothBlockModel18

v -32.2314 48.2433 2.04296 
v -13.8283 48.2543 -2.68206 
v -32.2415 33.8435 1.9698 
v -13.8384 33.8545 -2.75523 
v -9.10326 48.1575 15.7208 
v -13.8283 48.2543 -2.68206 
v -27.5064 48.1465 20.4458 
v -32.2314 48.2433 2.04296 
v -13.8283 48.2543 -2.68206 
v -9.10326 48.1575 15.7208 
v -13.8384 33.8545 -2.75523 
v -9.11342 33.7577 15.6476 
v -9.10326 48.1575 15.7208 
v -27.5064 48.1465 20.4458 
v -9.11342 33.7577 15.6476 
v -27.5165 33.7466 20.3726 
v -27.5165 33.7466 20.3726 
v -32.2415 33.8435 1.9698 
v -9.11342 33.7577 15.6476 
v -13.8384 33.8545 -2.75523 
v -27.5064 48.1465 20.4458 
v -32.2314 48.2433 2.04296 
v -27.5165 33.7466 20.3726 
v -32.2415 33.8435 1.9698 

vn -0.251969 0.00787402 -0.968504 
vn -0.251969 0.00787402 -0.968504 
vn -0.251969 0.00787402 -0.968504 
vn -0.251969 0.00787402 -0.968504 
vn 0 1 0.00787402 
vn 0 1 0.00787402 
vn 0 1 0.00787402 
vn 0 1 0.00787402 
vn 0.968504 0 -0.251969 
vn 0.968504 0 -0.251969 
vn 0.968504 0 -0.251969 
vn 0.968504 0 -0.251969 
vn 0.251969 -0.00787402 0.968504 
vn 0.251969 -0.00787402 0.968504 
vn 0.251969 -0.00787402 0.968504 
vn 0.251969 -0.00787402 0.968504 
vn 0 -1 -0.00787402 
vn 0 -1 -0.00787402 
vn 0 -1 -0.00787402 
vn 0 -1 -0.00787402 
vn -0.968504 0 0.251969 
vn -0.968504 0 0.251969 
vn -0.968504 0 0.251969 
vn -0.968504 0 0.251969 

vt 3.91145 1.47172 
vt 1.53645 1.47172 
vt 3.91145 -0.328282 
vt 1.53645 -0.328282 
vt 3.91145 1.47172 
vt 1.53645 1.47172 
vt 3.91145 -0.903282 
vt 1.53645 -0.903282 
vt 3.91145 1.47172 
vt 1.53645 1.47172 
vt 3.91145 -0.328282 
vt 1.53645 -0.328282 
vt 3.91145 1.47172 
vt 1.53645 1.47172 
vt 3.91145 -0.328282 
vt 1.53645 -0.328282 
vt 3.91145 1.47172 
vt 1.53645 1.47172 
vt 3.91145 -0.903282 
vt 1.53645 -0.903282 
vt 3.91145 1.47172 
vt 1.53645 1.47172 
vt 3.91145 -0.328282 
vt 1.53645 -0.328282 

usemtl SmoothBlockModel1Mtl

f 457/457/457 458/458/458 459/459/459 
f 459/459/459 458/458/458 460/460/460 
f 461/461/461 462/462/462 463/463/463 
f 463/463/463 462/462/462 464/464/464 
f 465/465/465 466/466/466 467/467/467 
f 467/467/467 466/466/466 468/468/468 
f 469/469/469 470/470/470 471/471/471 
f 471/471/471 470/470/470 472/472/472 
f 473/473/473 474/474/474 475/475/475 
f 475/475/475 474/474/474 476/476/476 
f 477/477/477 478/478/478 479/479/479 
f 479/479/479 478/478/478 480/480/480 

g SmoothBlockModel19

v -46.9039 48.544 -55.1029 
v -28.5008 48.555 -59.8279 
v -46.914 34.1442 -55.176 
v -28.5109 34.1552 -59.901 
v -23.7757 48.4582 -41.425 
v -28.5008 48.555 -59.8279 
v -42.1788 48.4472 -36.7 
v -46.9039 48.544 -55.1029 
v -28.5008 48.555 -59.8279 
v -23.7757 48.4582 -41.425 
v -28.5109 34.1552 -59.901 
v -23.7859 34.0584 -41.4982 
v -23.7757 48.4582 -41.425 
v -42.1788 48.4472 -36.7 
v -23.7859 34.0584 -41.4982 
v -42.189 34.0473 -36.7732 
v -42.189 34.0473 -36.7732 
v -46.914 34.1442 -55.176 
v -23.7859 34.0584 -41.4982 
v -28.5109 34.1552 -59.901 
v -42.1788 48.4472 -36.7 
v -46.9039 48.544 -55.1029 
v -42.189 34.0473 -36.7732 
v -46.914 34.1442 -55.176 

vn -0.251969 0.00787402 -0.968504 
vn -0.251969 0.00787402 -0.968504 
vn -0.251969 0.00787402 -0.968504 
vn -0.251969 0.00787402 -0.968504 
vn 0 1 0.00787402 
vn 0 1 0.00787402 
vn 0 1 0.00787402 
vn 0 1 0.00787402 
vn 0.968504 0 -0.251969 
vn 0.968504 0 -0.251969 
vn 0.968504 0 -0.251969 
vn 0.968504 0 -0.251969 
vn 0.251969 -0.00787402 0.968504 
vn 0.251969 -0.00787402 0.968504 
vn 0.251969 -0.00787402 0.968504 
vn 0.251969 -0.00787402 0.968504 
vn 0 -1 -0.00787402 
vn 0 -1 -0.00787402 
vn 0 -1 -0.00787402 
vn 0 -1 -0.00787402 
vn -0.968504 0 0.251969 
vn -0.968504 0 0.251969 
vn -0.968504 0 0.251969 
vn -0.968504 0 0.251969 

vt 4.32409 -1.72435 
vt 1.94909 -1.72435 
vt 4.32409 -3.52435 
vt 1.94909 -3.52435 
vt 4.32409 -1.72435 
vt 1.94909 -1.72435 
vt 4.32409 -4.09935 
vt 1.94909 -4.09935 
vt 4.32409 -1.72435 
vt 1.94909 -1.72435 
vt 4.32409 -3.52435 
vt 1.94909 -3.52435 
vt 4.32409 -1.72435 
vt 1.94909 -1.72435 
vt 4.32409 -3.52435 
vt 1.94909 -3.52435 
vt 4.32409 -1.72435 
vt 1.94909 -1.72435 
vt 4.32409 -4.09935 
vt 1.94909 -4.09935 
vt 4.32409 -1.72435 
vt 1.94909 -1.72435 
vt 4.32409 -3.52435 
vt 1.94909 -3.52435 

usemtl SmoothBlockModel1Mtl

f 481/481/481 482/482/482 483/483/483 
f 483/483/483 482/482/482 484/484/484 
f 485/485/485 486/486/486 487/487/487 
f 487/487/487 486/486/486 488/488/488 
f 489/489/489 490/490/490 491/491/491 
f 491/491/491 490/490/490 492/492/492 
f 493/493/493 494/494/494 495/495/495 
f 495/495/495 494/494/494 496/496/496 
f 497/497/497 498/498/498 499/499/499 
f 499/499/499 498/498/498 500/500/500 
f 501/501/501 502/502/502 503/503/503 
f 503/503/503 502/502/502 504/504/504 

g SmoothBlockModel20

v 31.3807 48.1451 12.5532 
v -7.36264 48.1219 22.5006 
v 31.3706 33.7453 12.48 
v -7.3728 33.7221 22.4274 
v -12.8337 48.2341 1.19204 
v -7.36264 48.1219 22.5006 
v 25.9097 48.2573 -8.75537 
v 31.3807 48.1451 12.5532 
v -7.36264 48.1219 22.5006 
v -12.8337 48.2341 1.19204 
v -7.3728 33.7221 22.4274 
v -12.8439 33.8343 1.11888 
v -12.8337 48.2341 1.19204 
v 25.9097 48.2573 -8.75537 
v -12.8439 33.8343 1.11888 
v 25.8995 33.8575 -8.82853 
v 25.8995 33.8575 -8.82853 
v 31.3706 33.7453 12.48 
v -12.8439 33.8343 1.11888 
v -7.3728 33.7221 22.4274 
v 25.9097 48.2573 -8.75537 
v 31.3807 48.1451 12.5532 
v 25.8995 33.8575 -8.82853 
v 31.3706 33.7453 12.48 

vn 0.251969 -0.00787402 0.968504 
vn 0.251969 -0.00787402 0.968504 
vn 0.251969 -0.00787402 0.968504 
vn 0.251969 -0.00787402 0.968504 
vn 0 1 0.00787402 
vn 0 1 0.00787402 
vn 0 1 0.00787402 
vn 0 1 0.00787402 
vn -0.968504 0 0.251969 
vn -0.968504 0 0.251969 
vn -0.968504 0 0.251969 
vn -0.968504 0 0.251969 
vn -0.251969 0.00787402 -0.968504 
vn -0.251969 0.00787402 -0.968504 
vn -0.251969 0.00787402 -0.968504 
vn -0.251969 0.00787402 -0.968504 
vn 0 -1 -0.00787402 
vn 0 -1 -0.00787402 
vn 0 -1 -0.00787402 
vn 0 -1 -0.00787402 
vn 0.968504 0 -0.251969 
vn 0.968504 0 -0.251969 
vn 0.968504 0 -0.251969 
vn 0.968504 0 -0.251969 

vt 2.26403 1.68777 
vt -2.73597 1.68777 
vt 2.26403 -0.112228 
vt -2.73597 -0.112228 
vt 0.01403 1.68777 
vt -2.73597 1.68777 
vt 0.01403 -3.31223 
vt -2.73597 -3.31223 
vt 0.01403 1.68777 
vt -2.73597 1.68777 
vt 0.01403 -0.112228 
vt -2.73597 -0.112228 
vt 2.26403 1.68777 
vt -2.73597 1.68777 
vt 2.26403 -0.112228 
vt -2.73597 -0.112228 
vt 0.01403 1.68777 
vt -2.73597 1.68777 
vt 0.01403 -3.31223 
vt -2.73597 -3.31223 
vt 0.01403 1.68777 
vt -2.73597 1.68777 
vt 0.01403 -0.112228 
vt -2.73597 -0.112228 

usemtl SmoothBlockModel1Mtl

f 505/505/505 506/506/506 507/507/507 
f 507/507/507 506/506/506 508/508/508 
f 509/509/509 510/510/510 511/511/511 
f 511/511/511 510/510/510 512/512/512 
f 513/513/513 514/514/514 515/515/515 
f 515/515/515 514/514/514 516/516/516 
f 517/517/517 518/518/518 519/519/519 
f 519/519/519 518/518/518 520/520/520 
f 521/521/521 522/522/522 523/523/523 
f 523/523/523 522/522/522 524/524/524 
f 525/525/525 526/526/526 527/527/527 
f 527/527/527 526/526/526 528/528/528 

g SmoothBlockModel21

v 24.9147 48.2778 -12.6299 
v 43.3178 48.2888 -17.3549 
v 24.9046 33.878 -12.703 
v 43.3077 33.889 -17.4281 
v 48.0428 48.192 1.04795 
v 43.3178 48.2888 -17.3549 
v 29.6397 48.181 5.77297 
v 24.9147 48.2778 -12.6299 
v 43.3178 48.2888 -17.3549 
v 48.0428 48.192 1.04795 
v 43.3077 33.889 -17.4281 
v 48.0327 33.7922 0.974788 
v 48.0428 48.192 1.04795 
v 29.6397 48.181 5.77297 
v 48.0327 33.7922 0.974788 
v 29.6296 33.7812 5.69981 
v 29.6296 33.7812 5.69981 
v 24.9046 33.878 -12.703 
v 48.0327 33.7922 0.974788 
v 43.3077 33.889 -17.4281 
v 29.6397 48.181 5.77297 
v 24.9147 48.2778 -12.6299 
v 29.6296 33.7812 5.69981 
v 24.9046 33.878 -12.703 

vn -0.251969 0.00787402 -0.968504 
vn -0.251969 0.00787402 -0.968504 
vn -0.251969 0.00787402 -0.968504 
vn -0.251969 0.00787402 -0.968504 
vn 0 1 0.00787402 
vn 0 1 0.00787402 
vn 0 1 0.00787402 
vn 0 1 0.00787402 
vn 0.968504 0 -0.251969 
vn 0.968504 0 -0.251969 
vn 0.968504 0 -0.251969 
vn 0.968504 0 -0.251969 
vn 0.251969 -0.00787402 0.968504 
vn 0.251969 -0.00787402 0.968504 
vn 0.251969 -0.00787402 0.968504 
vn 0.251969 -0.00787402 0.968504 
vn 0 -1 -0.00787402 
vn 0 -1 -0.00787402 
vn 0 -1 -0.00787402 
vn 0 -1 -0.00787402 
vn -0.968504 0 0.251969 
vn -0.968504 0 0.251969 
vn -0.968504 0 0.251969 
vn -0.968504 0 0.251969 

vt 3.19951 -0.94909 
vt 0.824507 -0.94909 
vt 3.19951 -2.74909 
vt 0.824507 -2.74909 
vt 3.19951 -0.94909 
vt 0.824507 -0.94909 
vt 3.19951 -3.32409 
vt 0.824507 -3.32409 
vt 3.19951 -0.94909 
vt 0.824507 -0.94909 
vt 3.19951 -2.74909 
vt 0.824507 -2.74909 
vt 3.19951 -0.94909 
vt 0.824507 -0.94909 
vt 3.19951 -2.74909 
vt 0.824507 -2.74909 
vt 3.19951 -0.94909 
vt 0.824507 -0.94909 
vt 3.19951 -3.32409 
vt 0.824507 -3.32409 
vt 3.19951 -0.94909 
vt 0.824507 -0.94909 
vt 3.19951 -2.74909 
vt 0.824507 -2.74909 

usemtl SmoothBlockModel8Mtl

f 529/529/529 530/530/530 531/531/531 
f 531/531/531 530/530/530 532/532/532 
f 533/533/533 534/534/534 535/535/535 
f 535/535/535 534/534/534 536/536/536 
f 537/537/537 538/538/538 539/539/539 
f 539/539/539 538/538/538 540/540/540 
f 541/541/541 542/542/542 543/543/543 
f 543/543/543 542/542/542 544/544/544 
f 545/545/545 546/546/546 547/547/547 
f 547/547/547 546/546/546 548/548/548 
f 549/549/549 550/550/550 551/551/551 
f 551/551/551 550/550/550 552/552/552 

g SmoothBlockModel22

v -39.0113 48.239 3.78382 
v -48.959 48.4431 -34.959 
v -39.0214 33.8392 3.71054 
v -48.9691 34.0433 -35.0322 
v -27.6502 48.456 -40.4302 
v -48.959 48.4431 -34.959 
v -17.7025 48.2519 -1.68742 
v -39.0113 48.239 3.78382 
v -48.959 48.4431 -34.959 
v -27.6502 48.456 -40.4302 
v -48.9691 34.0433 -35.0322 
v -27.6603 34.0562 -40.5035 
v -27.6502 48.456 -40.4302 
v -17.7025 48.2519 -1.68742 
v -27.6603 34.0562 -40.5035 
v -17.7126 33.8521 -1.7607 
v -17.7126 33.8521 -1.7607 
v -39.0214 33.8392 3.71054 
v -27.6603 34.0562 -40.5035 
v -48.9691 34.0433 -35.0322 
v -17.7025 48.2519 -1.68742 
v -39.0113 48.239 3.78382 
v -17.7126 33.8521 -1.7607 
v -39.0214 33.8392 3.71054 

vn -0.968504 0 0.251969 
vn -0.968504 0 0.251969 
vn -0.968504 0 0.251969 
vn -0.968504 0 0.251969 
vn 0 1 0.00787402 
vn 0 1 0.00787402 
vn 0 1 0.00787402 
vn 0 1 0.00787402 
vn -0.251969 0.00787402 -0.968504 
vn -0.251969 0.00787402 -0.968504 
vn -0.251969 0.00787402 -0.968504 
vn -0.251969 0.00787402 -0.968504 
vn 0.968504 0 -0.251969 
vn 0.968504 0 -0.251969 
vn 0.968504 0 -0.251969 
vn 0.968504 0 -0.251969 
vn 0 -1 -0.00787402 
vn 0 -1 -0.00787402 
vn 0 -1 -0.00787402 
vn 0 -1 -0.00787402 
vn 0.251969 -0.00787402 0.968504 
vn 0.251969 -0.00787402 0.968504 
vn 0.251969 -0.00787402 0.968504 
vn 0.251969 -0.00787402 0.968504 

vt 4.56993 0.51274 
vt -0.430065 0.51274 
vt 4.56993 -1.28726 
vt -0.430065 -1.28726 
vt 2.31993 0.51274 
vt -0.430065 0.51274 
vt 2.31993 -4.48726 
vt -0.430065 -4.48726 
vt 2.31993 0.51274 
vt -0.430065 0.51274 
vt 2.31993 -1.28726 
vt -0.430065 -1.28726 
vt 4.56993 0.51274 
vt -0.430065 0.51274 
vt 4.56993 -1.28726 
vt -0.430065 -1.28726 
vt 2.31993 0.51274 
vt -0.430065 0.51274 
vt 2.31993 -4.48726 
vt -0.430065 -4.48726 
vt 2.31993 0.51274 
vt -0.430065 0.51274 
vt 2.31993 -1.28726 
vt -0.430065 -1.28726 

usemtl SmoothBlockModel1Mtl

f 553/553/553 554/554/554 555/555/555 
f 555/555/555 554/554/554 556/556/556 
f 557/557/557 558/558/558 559/559/559 
f 559/559/559 558/558/558 560/560/560 
f 561/561/561 562/562/562 563/563/563 
f 563/563/563 562/562/562 564/564/564 
f 565/565/565 566/566/566 567/567/567 
f 567/567/567 566/566/566 568/568/568 
f 569/569/569 570/570/570 571/571/571 
f 571/571/571 570/570/570 572/572/572 
f 573/573/573 574/574/574 575/575/575 
f 575/575/575 574/574/574 576/576/576 

g SmoothBlockModel23

v 10.2423 48.5785 -69.7757 
v 28.6454 48.5895 -74.5007 
v 10.2321 34.1787 -69.8488 
v 28.6352 34.1897 -74.5739 
v 33.3704 48.4927 -56.0979 
v 28.6454 48.5895 -74.5007 
v 14.9673 48.4817 -51.3728 
v 10.2423 48.5785 -69.7757 
v 28.6454 48.5895 -74.5007 
v 33.3704 48.4927 -56.0979 
v 28.6352 34.1897 -74.5739 
v 33.3602 34.0929 -56.171 
v 33.3704 48.4927 -56.0979 
v 14.9673 48.4817 -51.3728 
v 33.3602 34.0929 -56.171 
v 14.9571 34.0819 -51.446 
v 14.9571 34.0819 -51.446 
v 10.2321 34.1787 -69.8488 
v 33.3602 34.0929 -56.171 
v 28.6352 34.1897 -74.5739 
v 14.9673 48.4817 -51.3728 
v 10.2423 48.5785 -69.7757 
v 14.9571 34.0819 -51.446 
v 10.2321 34.1787 -69.8488 

vn -0.251969 0.00787402 -0.968504 
vn -0.251969 0.00787402 -0.968504 
vn -0.251969 0.00787402 -0.968504 
vn -0.251969 0.00787402 -0.968504 
vn 0 1 0.00787402 
vn 0 1 0.00787402 
vn 0 1 0.00787402 
vn 0 1 0.00787402 
vn 0.968504 0 -0.251969 
vn 0.968504 0 -0.251969 
vn 0.968504 0 -0.251969 
vn 0.968504 0 -0.251969 
vn 0.251969 -0.00787402 0.968504 
vn 0.251969 -0.00787402 0.968504 
vn 0.251969 -0.00787402 0.968504 
vn 0.251969 -0.00787402 0.968504 
vn 0 -1 -0.00787402 
vn 0 -1 -0.00787402 
vn 0 -1 -0.00787402 
vn 0 -1 -0.00787402 
vn -0.968504 0 0.251969 
vn -0.968504 0 0.251969 
vn -0.968504 0 0.251969 
vn -0.968504 0 0.251969 

vt 3.95138 1.47172 
vt 1.57638 1.47172 
vt 3.95138 -0.328282 
vt 1.57638 -0.328282 
vt 3.95138 1.47172 
vt 1.57638 1.47172 
vt 3.95138 -0.903282 
vt 1.57638 -0.903282 
vt 3.95138 1.47172 
vt 1.57638 1.47172 
vt 3.95138 -0.328282 
vt 1.57638 -0.328282 
vt 3.95138 1.47172 
vt 1.57638 1.47172 
vt 3.95138 -0.328282 
vt 1.57638 -0.328282 
vt 3.95138 1.47172 
vt 1.57638 1.47172 
vt 3.95138 -0.903282 
vt 1.57638 -0.903282 
vt 3.95138 1.47172 
vt 1.57638 1.47172 
vt 3.95138 -0.328282 
vt 1.57638 -0.328282 

usemtl SmoothBlockModel1Mtl

f 577/577/577 578/578/578 579/579/579 
f 579/579/579 578/578/578 580/580/580 
f 581/581/581 582/582/582 583/583/583 
f 583/583/583 582/582/582 584/584/584 
f 585/585/585 586/586/586 587/587/587 
f 587/587/587 586/586/586 588/588/588 
f 589/589/589 590/590/590 591/591/591 
f 591/591/591 590/590/590 592/592/592 
f 593/593/593 594/594/594 595/595/595 
f 595/595/595 594/594/594 596/596/596 
f 597/597/597 598/598/598 599/599/599 
f 599/599/599 598/598/598 600/600/600 

g SmoothBlockModel24

v 28.7892 48.28 -13.6246 
v 18.8415 48.4841 -52.3673 
v 28.779 33.8802 -13.6978 
v 18.8314 34.0843 -52.4406 
v 40.1503 48.497 -57.8386 
v 18.8415 48.4841 -52.3673 
v 50.098 48.2929 -19.0958 
v 28.7892 48.28 -13.6246 
v 18.8415 48.4841 -52.3673 
v 40.1503 48.497 -57.8386 
v 18.8314 34.0843 -52.4406 
v 40.1402 34.0972 -57.9118 
v 40.1503 48.497 -57.8386 
v 50.098 48.2929 -19.0958 
v 40.1402 34.0972 -57.9118 
v 50.0879 33.893 -19.1691 
v 50.0879 33.893 -19.1691 
v 28.779 33.8802 -13.6978 
v 40.1402 34.0972 -57.9118 
v 18.8314 34.0843 -52.4406 
v 50.098 48.2929 -19.0958 
v 28.7892 48.28 -13.6246 
v 50.0879 33.893 -19.1691 
v 28.779 33.8802 -13.6978 

vn -0.968504 0 0.251969 
vn -0.968504 0 0.251969 
vn -0.968504 0 0.251969 
vn -0.968504 0 0.251969 
vn 0 1 0.00787402 
vn 0 1 0.00787402 
vn 0 1 0.00787402 
vn 0 1 0.00787402 
vn -0.251969 0.00787402 -0.968504 
vn -0.251969 0.00787402 -0.968504 
vn -0.251969 0.00787402 -0.968504 
vn -0.251969 0.00787402 -0.968504 
vn 0.968504 0 -0.251969 
vn 0.968504 0 -0.251969 
vn 0.968504 0 -0.251969 
vn 0.968504 0 -0.251969 
vn 0 -1 -0.00787402 
vn 0 -1 -0.00787402 
vn 0 -1 -0.00787402 
vn 0 -1 -0.00787402 
vn 0.251969 -0.00787402 0.968504 
vn 0.251969 -0.00787402 0.968504 
vn 0.251969 -0.00787402 0.968504 
vn 0.251969 -0.00787402 0.968504 

vt 9.65668 -0.202144 
vt 4.65668 -0.202144 
vt 9.65668 -2.00214 
vt 4.65668 -2.00214 
vt 7.40668 -0.202144 
vt 4.65668 -0.202144 
vt 7.40668 -5.20214 
vt 4.65668 -5.20214 
vt 7.40668 -0.202144 
vt 4.65668 -0.202144 
vt 7.40668 -2.00214 
vt 4.65668 -2.00214 
vt 9.65668 -0.202144 
vt 4.65668 -0.202144 
vt 9.65668 -2.00214 
vt 4.65668 -2.00214 
vt 7.40668 -0.202144 
vt 4.65668 -0.202144 
vt 7.40668 -5.20214 
vt 4.65668 -5.20214 
vt 7.40668 -0.202144 
vt 4.65668 -0.202144 
vt 7.40668 -2.00214 
vt 4.65668 -2.00214 

usemtl SmoothBlockModel8Mtl

f 601/601/601 602/602/602 603/603/603 
f 603/603/603 602/602/602 604/604/604 
f 605/605/605 606/606/606 607/607/607 
f 607/607/607 606/606/606 608/608/608 
f 609/609/609 610/610/610 611/611/611 
f 611/611/611 610/610/610 612/612/612 
f 613/613/613 614/614/614 615/615/615 
f 615/615/615 614/614/614 616/616/616 
f 617/617/617 618/618/618 619/619/619 
f 619/619/619 618/618/618 620/620/620 
f 621/621/621 622/622/622 623/623/623 
f 623/623/623 622/622/622 624/624/624 

g SmoothBlockModel25

v 8.49131 34.2143 -76.629 
v 33.6745 34.2294 -83.0948 
v 8.48115 19.8145 -76.7021 
v 33.6643 19.8295 -83.1679 
v 40.1403 34.0968 -57.9119 
v 33.6745 34.2294 -83.0948 
v 14.9571 34.0818 -51.4461 
v 8.49131 34.2143 -76.629 
v 33.6745 34.2294 -83.0948 
v 40.1403 34.0968 -57.9119 
v 33.6643 19.8295 -83.1679 
v 40.1301 19.697 -57.9851 
v 40.1403 34.0968 -57.9119 
v 14.9571 34.0818 -51.4461 
v 40.1301 19.697 -57.9851 
v 14.947 19.682 -51.5193 
v 14.947 19.682 -51.5193 
v 8.48115 19.8145 -76.7021 
v 40.1301 19.697 -57.9851 
v 33.6643 19.8295 -83.1679 
v 14.9571 34.0818 -51.4461 
v 8.49131 34.2143 -76.629 
v 14.947 19.682 -51.5193 
v 8.48115 19.8145 -76.7021 

vn -0.251969 0.00787402 -0.968504 
vn -0.251969 0.00787402 -0.968504 
vn -0.251969 0.00787402 -0.968504 
vn -0.251969 0.00787402 -0.968504 
vn 0 1 0.00787402 
vn 0 1 0.00787402 
vn 0 1 0.00787402 
vn 0 1 0.00787402 
vn 0.968504 0 -0.251969 
vn 0.968504 0 -0.251969 
vn 0.968504 0 -0.251969 
vn 0.968504 0 -0.251969 
vn 0.251969 -0.00787402 0.968504 
vn 0.251969 -0.00787402 0.968504 
vn 0.251969 -0.00787402 0.968504 
vn 0.251969 -0.00787402 0.968504 
vn 0 -1 -0.00787402 
vn 0 -1 -0.00787402 
vn 0 -1 -0.00787402 
vn 0 -1 -0.00787402 
vn -0.968504 0 0.251969 
vn -0.968504 0 0.251969 
vn -0.968504 0 0.251969 
vn -0.968504 0 0.251969 

vt 6.96711 -1.70116 
vt 3.71711 -1.70116 
vt 6.96711 -3.50116 
vt 3.71711 -3.50116 
vt 6.96711 -1.70116 
vt 3.71711 -1.70116 
vt 6.96711 -4.95116 
vt 3.71711 -4.95116 
vt 6.96711 -1.70116 
vt 3.71711 -1.70116 
vt 6.96711 -3.50116 
vt 3.71711 -3.50116 
vt 6.96711 -1.70116 
vt 3.71711 -1.70116 
vt 6.96711 -3.50116 
vt 3.71711 -3.50116 
vt 6.96711 -1.70116 
vt 3.71711 -1.70116 
vt 6.96711 -4.95116 
vt 3.71711 -4.95116 
vt 6.96711 -1.70116 
vt 3.71711 -1.70116 
vt 6.96711 -3.50116 
vt 3.71711 -3.50116 

usemtl SmoothBlockModel1Mtl

f 625/625/625 626/626/626 627/627/627 
f 627/627/627 626/626/626 628/628/628 
f 629/629/629 630/630/630 631/631/631 
f 631/631/631 630/630/630 632/632/632 
f 633/633/633 634/634/634 635/635/635 
f 635/635/635 634/634/634 636/636/636 
f 637/637/637 638/638/638 639/639/639 
f 639/639/639 638/638/638 640/640/640 
f 641/641/641 642/642/642 643/643/643 
f 643/643/643 642/642/642 644/644/644 
f 645/645/645 646/646/646 647/647/647 
f 647/647/647 646/646/646 648/648/648 

g SmoothBlockModel26

v 24.9045 33.8779 -12.7031 
v 50.0877 33.893 -19.169 
v 24.8943 19.4781 -12.7763 
v 50.0775 19.4932 -19.2421 
v 56.5535 33.7605 6.01389 
v 50.0877 33.893 -19.169 
v 31.3703 33.7454 12.4797 
v 24.9045 33.8779 -12.7031 
v 50.0877 33.893 -19.169 
v 56.5535 33.7605 6.01389 
v 50.0775 19.4932 -19.2421 
v 56.5433 19.3607 5.94073 
v 56.5535 33.7605 6.01389 
v 31.3703 33.7454 12.4797 
v 56.5433 19.3607 5.94073 
v 31.3601 19.3456 12.4065 
v 31.3601 19.3456 12.4065 
v 24.8943 19.4781 -12.7763 
v 56.5433 19.3607 5.94073 
v 50.0775 19.4932 -19.2421 
v 31.3703 33.7454 12.4797 
v 24.9045 33.8779 -12.7031 
v 31.3601 19.3456 12.4065 
v 24.8943 19.4781 -12.7763 

vn -0.251969 0.00787402 -0.968504 
vn -0.251969 0.00787402 -0.968504 
vn -0.251969 0.00787402 -0.968504 
vn -0.251969 0.00787402 -0.968504 
vn 0 1 0.00787402 
vn 0 1 0.00787402 
vn 0 1 0.00787402 
vn 0 1 0.00787402 
vn 0.968504 0 -0.251969 
vn 0.968504 0 -0.251969 
vn 0.968504 0 -0.251969 
vn 0.968504 0 -0.251969 
vn 0.251969 -0.00787402 0.968504 
vn 0.251969 -0.00787402 0.968504 
vn 0.251969 -0.00787402 0.968504 
vn 0.251969 -0.00787402 0.968504 
vn 0 -1 -0.00787402 
vn 0 -1 -0.00787402 
vn 0 -1 -0.00787402 
vn 0 -1 -0.00787402 
vn -0.968504 0 0.251969 
vn -0.968504 0 0.251969 
vn -0.968504 0 0.251969 
vn -0.968504 0 0.251969 

vt 1.7688 2.58405 
vt -1.4812 2.58405 
vt 1.7688 0.784055 
vt -1.4812 0.784055 
vt 1.7688 2.58405 
vt -1.4812 2.58405 
vt 1.7688 -0.665945 
vt -1.4812 -0.665945 
vt 1.7688 2.58405 
vt -1.4812 2.58405 
vt 1.7688 0.784055 
vt -1.4812 0.784055 
vt 1.7688 2.58405 
vt -1.4812 2.58405 
vt 1.7688 0.784055 
vt -1.4812 0.784055 
vt 1.7688 2.58405 
vt -1.4812 2.58405 
vt 1.7688 -0.665945 
vt -1.4812 -0.665945 
vt 1.7688 2.58405 
vt -1.4812 2.58405 
vt 1.7688 0.784055 
vt -1.4812 0.784055 

usemtl SmoothBlockModel1Mtl

f 649/649/649 650/650/650 651/651/651 
f 651/651/651 650/650/650 652/652/652 
f 653/653/653 654/654/654 655/655/655 
f 655/655/655 654/654/654 656/656/656 
f 657/657/657 658/658/658 659/659/659 
f 659/659/659 658/658/658 660/660/660 
f 661/661/661 662/662/662 663/663/663 
f 663/663/663 662/662/662 664/664/664 
f 665/665/665 666/666/666 667/667/667 
f 667/667/667 666/666/666 668/668/668 
f 669/669/669 670/670/670 671/671/671 
f 671/671/671 670/670/670 672/672/672 

g SmoothBlockModel27

v 13.9626 34.102 -55.3202 
v -24.7808 34.0788 -45.3728 
v 13.9524 19.7022 -55.3934 
v -24.791 19.679 -45.446 
v -31.9927 34.2266 -73.4613 
v -24.7808 34.0788 -45.3728 
v 6.75069 34.2498 -83.4088 
v 13.9626 34.102 -55.3202 
v -24.7808 34.0788 -45.3728 
v -31.9927 34.2266 -73.4613 
v -24.791 19.679 -45.446 
v -32.0028 19.8268 -73.5345 
v -31.9927 34.2266 -73.4613 
v 6.75069 34.2498 -83.4088 
v -32.0028 19.8268 -73.5345 
v 6.74053 19.85 -83.4819 
v 6.74053 19.85 -83.4819 
v 13.9524 19.7022 -55.3934 
v -32.0028 19.8268 -73.5345 
v -24.791 19.679 -45.446 
v 6.75069 34.2498 -83.4088 
v 13.9626 34.102 -55.3202 
v 6.74053 19.85 -83.4819 
v 13.9524 19.7022 -55.3934 

vn 0.251969 -0.00787402 0.968504 
vn 0.251969 -0.00787402 0.968504 
vn 0.251969 -0.00787402 0.968504 
vn 0.251969 -0.00787402 0.968504 
vn 0 1 0.00787402 
vn 0 1 0.00787402 
vn 0 1 0.00787402 
vn 0 1 0.00787402 
vn -0.968504 0 0.251969 
vn -0.968504 0 0.251969 
vn -0.968504 0 0.251969 
vn -0.968504 0 0.251969 
vn -0.251969 0.00787402 -0.968504 
vn -0.251969 0.00787402 -0.968504 
vn -0.251969 0.00787402 -0.968504 
vn -0.251969 0.00787402 -0.968504 
vn 0 -1 -0.00787402 
vn 0 -1 -0.00787402 
vn 0 -1 -0.00787402 
vn 0 -1 -0.00787402 
vn 0.968504 0 -0.251969 
vn 0.968504 0 -0.251969 
vn 0.968504 0 -0.251969 
vn 0.968504 0 -0.251969 

vt 8.41234 -1.00355 
vt 3.41234 -1.00355 
vt 8.41234 -2.80355 
vt 3.41234 -2.80355 
vt 7.03734 -1.00355 
vt 3.41234 -1.00355 
vt 7.03734 -6.00355 
vt 3.41234 -6.00355 
vt 7.03734 -1.00355 
vt 3.41234 -1.00355 
vt 7.03734 -2.80355 
vt 3.41234 -2.80355 
vt 8.41234 -1.00355 
vt 3.41234 -1.00355 
vt 8.41234 -2.80355 
vt 3.41234 -2.80355 
vt 7.03734 -1.00355 
vt 3.41234 -1.00355 
vt 7.03734 -6.00355 
vt 3.41234 -6.00355 
vt 7.03734 -1.00355 
vt 3.41234 -1.00355 
vt 7.03734 -2.80355 
vt 3.41234 -2.80355 

usemtl SmoothBlockModel1Mtl

f 673/673/673 674/674/674 675/675/675 
f 675/675/675 674/674/674 676/676/676 
f 677/677/677 678/678/678 679/679/679 
f 679/679/679 678/678/678 680/680/680 
f 681/681/681 682/682/682 683/683/683 
f 683/683/683 682/682/682 684/684/684 
f 685/685/685 686/686/686 687/687/687 
f 687/687/687 686/686/686 688/688/688 
f 689/689/689 690/690/690 691/691/691 
f 691/691/691 690/690/690 692/692/692 
f 693/693/693 694/694/694 695/695/695 
f 695/695/695 694/694/694 696/696/696 

g SmoothBlockModel28

v 33.1113 33.7095 19.2599 
v -5.63207 33.6863 29.2074 
v 33.1011 19.3097 19.1868 
v -5.64223 19.2865 29.1342 
v -12.8439 33.8341 1.1188 
v -5.63207 33.6863 29.2074 
v 25.8994 33.8573 -8.82861 
v 33.1113 33.7095 19.2599 
v -5.63207 33.6863 29.2074 
v -12.8439 33.8341 1.1188 
v -5.64223 19.2865 29.1342 
v -12.8541 19.4343 1.04564 
v -12.8439 33.8341 1.1188 
v 25.8994 33.8573 -8.82861 
v -12.8541 19.4343 1.04564 
v 25.8893 19.4575 -8.90178 
v 25.8893 19.4575 -8.90178 
v 33.1011 19.3097 19.1868 
v -12.8541 19.4343 1.04564 
v -5.64223 19.2865 29.1342 
v 25.8994 33.8573 -8.82861 
v 33.1113 33.7095 19.2599 
v 25.8893 19.4575 -8.90178 
v 33.1011 19.3097 19.1868 

vn 0.251969 -0.00787402 0.968504 
vn 0.251969 -0.00787402 0.968504 
vn 0.251969 -0.00787402 0.968504 
vn 0.251969 -0.00787402 0.968504 
vn 0 1 0.00787402 
vn 0 1 0.00787402 
vn 0 1 0.00787402 
vn 0 1 0.00787402 
vn -0.968504 0 0.251969 
vn -0.968504 0 0.251969 
vn -0.968504 0 0.251969 
vn -0.968504 0 0.251969 
vn -0.251969 0.00787402 -0.968504 
vn -0.251969 0.00787402 -0.968504 
vn -0.251969 0.00787402 -0.968504 
vn -0.251969 0.00787402 -0.968504 
vn 0 -1 -0.00787402 
vn 0 -1 -0.00787402 
vn 0 -1 -0.00787402 
vn 0 -1 -0.00787402 
vn 0.968504 0 -0.251969 
vn 0.968504 0 -0.251969 
vn 0.968504 0 -0.251969 
vn 0.968504 0 -0.251969 

vt 8.04925 5.65786 
vt 3.04925 5.65786 
vt 8.04925 3.85786 
vt 3.04925 3.85786 
vt 6.67425 5.65786 
vt 3.04925 5.65786 
vt 6.67425 0.657859 
vt 3.04925 0.657859 
vt 6.67425 5.65786 
vt 3.04925 5.65786 
vt 6.67425 3.85786 
vt 3.04925 3.85786 
vt 8.04925 5.65786 
vt 3.04925 5.65786 
vt 8.04925 3.85786 
vt 3.04925 3.85786 
vt 6.67425 5.65786 
vt 3.04925 5.65786 
vt 6.67425 0.657859 
vt 3.04925 0.657859 
vt 6.67425 5.65786 
vt 3.04925 5.65786 
vt 6.67425 3.85786 
vt 3.04925 3.85786 

usemtl SmoothBlockModel1Mtl

f 697/697/697 698/698/698 699/699/699 
f 699/699/699 698/698/698 700/700/700 
f 701/701/701 702/702/702 703/703/703 
f 703/703/703 702/702/702 704/704/704 
f 705/705/705 706/706/706 707/707/707 
f 707/707/707 706/706/706 708/708/708 
f 709/709/709 710/710/710 711/711/711 
f 711/711/711 710/710/710 712/712/712 
f 713/713/713 714/714/714 715/715/715 
f 715/715/715 714/714/714 716/716/716 
f 717/717/717 718/718/718 719/719/719 
f 719/719/719 718/718/718 720/720/720 

g SmoothBlockModel29

v 28.7789 33.8801 -13.6978 
v 18.8312 34.0842 -52.4406 
v 28.7688 19.4802 -13.7711 
v 18.8211 19.6844 -52.5139 
v 46.9201 34.1011 -59.6527 
v 18.8312 34.0842 -52.4406 
v 56.8678 33.897 -20.9099 
v 28.7789 33.8801 -13.6978 
v 18.8312 34.0842 -52.4406 
v 46.9201 34.1011 -59.6527 
v 18.8211 19.6844 -52.5139 
v 46.91 19.7013 -59.726 
v 46.9201 34.1011 -59.6527 
v 56.8678 33.897 -20.9099 
v 46.91 19.7013 -59.726 
v 56.8577 19.4972 -20.9832 
v 56.8577 19.4972 -20.9832 
v 28.7688 19.4802 -13.7711 
v 46.91 19.7013 -59.726 
v 18.8211 19.6844 -52.5139 
v 56.8678 33.897 -20.9099 
v 28.7789 33.8801 -13.6978 
v 56.8577 19.4972 -20.9832 
v 28.7688 19.4802 -13.7711 

vn -0.968504 0 0.251969 
vn -0.968504 0 0.251969 
vn -0.968504 0 0.251969 
vn -0.968504 0 0.251969 
vn 0 1 0.00787402 
vn 0 1 0.00787402 
vn 0 1 0.00787402 
vn 0 1 0.00787402 
vn -0.251969 0.00787402 -0.968504 
vn -0.251969 0.00787402 -0.968504 
vn -0.251969 0.00787402 -0.968504 
vn -0.251969 0.00787402 -0.968504 
vn 0.968504 0 -0.251969 
vn 0.968504 0 -0.251969 
vn 0.968504 0 -0.251969 
vn 0.968504 0 -0.251969 
vn 0 -1 -0.00787402 
vn 0 -1 -0.00787402 
vn 0 -1 -0.00787402 
vn 0 -1 -0.00787402 
vn 0.251969 -0.00787402 0.968504 
vn 0.251969 -0.00787402 0.968504 
vn 0.251969 -0.00787402 0.968504 
vn 0.251969 -0.00787402 0.968504 

vt 10.0833 -1.08312 
vt 5.08334 -1.08312 
vt 10.0833 -2.88312 
vt 5.08334 -2.88312 
vt 8.70835 -1.08312 
vt 5.08334 -1.08312 
vt 8.70835 -6.08312 
vt 5.08334 -6.08312 
vt 8.70835 -1.08312 
vt 5.08334 -1.08312 
vt 8.70835 -2.88312 
vt 5.08334 -2.88312 
vt 10.0833 -1.08312 
vt 5.08334 -1.08312 
vt 10.0833 -2.88312 
vt 5.08334 -2.88312 
vt 8.70835 -1.08312 
vt 5.08334 -1.08312 
vt 8.70835 -6.08312 
vt 5.08334 -6.08312 
vt 8.70835 -1.08312 
vt 5.08334 -1.08312 
vt 8.70835 -2.88312 
vt 5.08334 -2.88312 

usemtl SmoothBlockModel1Mtl

f 721/721/721 722/722/722 723/723/723 
f 723/723/723 722/722/722 724/724/724 
f 725/725/725 726/726/726 727/727/727 
f 727/727/727 726/726/726 728/728/728 
f 729/729/729 730/730/730 731/731/731 
f 731/731/731 730/730/730 732/732/732 
f 733/733/733 734/734/734 735/735/735 
f 735/735/735 734/734/734 736/736/736 
f 737/737/737 738/738/738 739/739/739 
f 739/739/739 738/738/738 740/740/740 
f 741/741/741 742/742/742 743/743/743 
f 743/743/743 742/742/742 744/744/744 

g SmoothBlockModel30

v -39.0217 33.8393 3.71051 
v -13.8385 33.8544 -2.75531 
v -39.0318 19.4395 3.63735 
v -13.8486 19.4546 -2.82847 
v -7.37266 33.7219 22.4275 
v -13.8385 33.8544 -2.75531 
v -32.5559 33.7068 28.8934 
v -39.0217 33.8393 3.71051 
v -13.8385 33.8544 -2.75531 
v -7.37266 33.7219 22.4275 
v -13.8486 19.4546 -2.82847 
v -7.38282 19.322 22.3544 
v -7.37266 33.7219 22.4275 
v -32.5559 33.7068 28.8934 
v -7.38282 19.322 22.3544 
v -32.566 19.307 28.8202 
v -32.566 19.307 28.8202 
v -39.0318 19.4395 3.63735 
v -7.38282 19.322 22.3544 
v -13.8486 19.4546 -2.82847 
v -32.5559 33.7068 28.8934 
v -39.0217 33.8393 3.71051 
v -32.566 19.307 28.8202 
v -39.0318 19.4395 3.63735 

vn -0.251969 0.00787402 -0.968504 
vn -0.251969 0.00787402 -0.968504 
vn -0.251969 0.00787402 -0.968504 
vn -0.251969 0.00787402 -0.968504 
vn 0 1 0.00787402 
vn 0 1 0.00787402 
vn 0 1 0.00787402 
vn 0 1 0.00787402 
vn 0.968504 0 -0.251969 
vn 0.968504 0 -0.251969 
vn 0.968504 0 -0.251969 
vn 0.968504 0 -0.251969 
vn 0.251969 -0.00787402 0.968504 
vn 0.251969 -0.00787402 0.968504 
vn 0.251969 -0.00787402 0.968504 
vn 0.251969 -0.00787402 0.968504 
vn 0 -1 -0.00787402 
vn 0 -1 -0.00787402 
vn 0 -1 -0.00787402 
vn 0 -1 -0.00787402 
vn -0.968504 0 0.251969 
vn -0.968504 0 0.251969 
vn -0.968504 0 0.251969 
vn -0.968504 0 0.251969 

vt 3.46983 2.33323 
vt 0.219826 2.33323 
vt 3.46983 0.533229 
vt 0.219826 0.533229 
vt 3.46983 2.33323 
vt 0.219826 2.33323 
vt 3.46983 -0.916771 
vt 0.219826 -0.916771 
vt 3.46983 2.33323 
vt 0.219826 2.33323 
vt 3.46983 0.533229 
vt 0.219826 0.533229 
vt 3.46983 2.33323 
vt 0.219826 2.33323 
vt 3.46983 0.533229 
vt 0.219826 0.533229 
vt 3.46983 2.33323 
vt 0.219826 2.33323 
vt 3.46983 -0.916771 
vt 0.219826 -0.916771 
vt 3.46983 2.33323 
vt 0.219826 2.33323 
vt 3.46983 0.533229 
vt 0.219826 0.533229 

usemtl SmoothBlockModel8Mtl

f 745/745/745 746/746/746 747/747/747 
f 747/747/747 746/746/746 748/748/748 
f 749/749/749 750/750/750 751/751/751 
f 751/751/751 750/750/750 752/752/752 
f 753/753/753 754/754/754 755/755/755 
f 755/755/755 754/754/754 756/756/756 
f 757/757/757 758/758/758 759/759/759 
f 759/759/759 758/758/758 760/760/760 
f 761/761/761 762/762/762 763/763/763 
f 763/763/763 762/762/762 764/764/764 
f 765/765/765 766/766/766 767/767/767 
f 767/767/767 766/766/766 768/768/768 

g SmoothBlockModel31

v -55.4349 34.1757 -60.2153 
v -30.2517 34.1907 -66.6811 
v -55.4451 19.7758 -60.2885 
v -30.2619 19.7909 -66.7543 
v -23.7859 34.0582 -41.4983 
v -30.2517 34.1907 -66.6811 
v -48.9691 34.0431 -35.0325 
v -55.4349 34.1757 -60.2153 
v -30.2517 34.1907 -66.6811 
v -23.7859 34.0582 -41.4983 
v -30.2619 19.7909 -66.7543 
v -23.7961 19.6584 -41.5714 
v -23.7859 34.0582 -41.4983 
v -48.9691 34.0431 -35.0325 
v -23.7961 19.6584 -41.5714 
v -48.9793 19.6433 -35.1056 
v -48.9793 19.6433 -35.1056 
v -55.4451 19.7758 -60.2885 
v -23.7961 19.6584 -41.5714 
v -30.2619 19.7909 -66.7543 
v -48.9691 34.0431 -35.0325 
v -55.4349 34.1757 -60.2153 
v -48.9793 19.6433 -35.1056 
v -55.4451 19.7758 -60.2885 

vn -0.251969 0.00787402 -0.968504 
vn -0.251969 0.00787402 -0.968504 
vn -0.251969 0.00787402 -0.968504 
vn -0.251969 0.00787402 -0.968504 
vn 0 1 0.00787402 
vn 0 1 0.00787402 
vn 0 1 0.00787402 
vn 0 1 0.00787402 
vn 0.968504 0 -0.251969 
vn 0.968504 0 -0.251969 
vn 0.968504 0 -0.251969 
vn 0.968504 0 -0.251969 
vn 0.251969 -0.00787402 0.968504 
vn 0.251969 -0.00787402 0.968504 
vn 0.251969 -0.00787402 0.968504 
vn 0.251969 -0.00787402 0.968504 
vn 0 -1 -0.00787402 
vn 0 -1 -0.00787402 
vn 0 -1 -0.00787402 
vn 0 -1 -0.00787402 
vn -0.968504 0 0.251969 
vn -0.968504 0 0.251969 
vn -0.968504 0 0.251969 
vn -0.968504 0 0.251969 

vt 0.529102 2.11857 
vt -2.7209 2.11857 
vt 0.529102 0.318574 
vt -2.7209 0.318574 
vt 0.529102 2.11857 
vt -2.7209 2.11857 
vt 0.529102 -1.13143 
vt -2.7209 -1.13143 
vt 0.529102 2.11857 
vt -2.7209 2.11857 
vt 0.529102 0.318574 
vt -2.7209 0.318574 
vt 0.529102 2.11857 
vt -2.7209 2.11857 
vt 0.529102 0.318574 
vt -2.7209 0.318574 
vt 0.529102 2.11857 
vt -2.7209 2.11857 
vt 0.529102 -1.13143 
vt -2.7209 -1.13143 
vt 0.529102 2.11857 
vt -2.7209 2.11857 
vt 0.529102 0.318574 
vt -2.7209 0.318574 

usemtl SmoothBlockModel8Mtl

f 769/769/769 770/770/770 771/771/771 
f 771/771/771 770/770/770 772/772/772 
f 773/773/773 774/774/774 775/775/775 
f 775/775/775 774/774/774 776/776/776 
f 777/777/777 778/778/778 779/779/779 
f 779/779/779 778/778/778 780/780/780 
f 781/781/781 782/782/782 783/783/783 
f 783/783/783 782/782/782 784/784/784 
f 785/785/785 786/786/786 787/787/787 
f 787/787/787 786/786/786 788/788/788 
f 789/789/789 790/790/790 791/791/791 
f 791/791/791 790/790/790 792/792/792 

g SmoothBlockModel32

v -45.8016 33.835 5.45143 
v -55.7493 34.0391 -33.2913 
v -45.8117 19.4352 5.37815 
v -55.7594 19.6393 -33.3646 
v -27.6604 34.0561 -40.5034 
v -55.7493 34.0391 -33.2913 
v -17.7127 33.852 -1.76066 
v -45.8016 33.835 5.45143 
v -55.7493 34.0391 -33.2913 
v -27.6604 34.0561 -40.5034 
v -55.7594 19.6393 -33.3646 
v -27.6705 19.6563 -40.5767 
v -27.6604 34.0561 -40.5034 
v -17.7127 33.852 -1.76066 
v -27.6705 19.6563 -40.5767 
v -17.7228 19.4521 -1.83393 
v -17.7228 19.4521 -1.83393 
v -45.8117 19.4352 5.37815 
v -27.6705 19.6563 -40.5767 
v -55.7594 19.6393 -33.3646 
v -17.7127 33.852 -1.76066 
v -45.8016 33.835 5.45143 
v -17.7228 19.4521 -1.83393 
v -45.8117 19.4352 5.37815 

vn -0.968504 0 0.251969 
vn -0.968504 0 0.251969 
vn -0.968504 0 0.251969 
vn -0.968504 0 0.251969 
vn 0 1 0.00787402 
vn 0 1 0.00787402 
vn 0 1 0.00787402 
vn 0 1 0.00787402 
vn -0.251969 0.00787402 -0.968504 
vn -0.251969 0.00787402 -0.968504 
vn -0.251969 0.00787402 -0.968504 
vn -0.251969 0.00787402 -0.968504 
vn 0.968504 0 -0.251969 
vn 0.968504 0 -0.251969 
vn 0.968504 0 -0.251969 
vn 0.968504 0 -0.251969 
vn 0 -1 -0.00787402 
vn 0 -1 -0.00787402 
vn 0 -1 -0.00787402 
vn 0 -1 -0.00787402 
vn 0.251969 -0.00787402 0.968504 
vn 0.251969 -0.00787402 0.968504 
vn 0.251969 -0.00787402 0.968504 
vn 0.251969 -0.00787402 0.968504 

vt -0.19288 -3.80724 
vt -5.19288 -3.80724 
vt -0.19288 -5.60724 
vt -5.19288 -5.60724 
vt -1.56788 -3.80724 
vt -5.19288 -3.80724 
vt -1.56788 -8.80724 
vt -5.19288 -8.80724 
vt -1.56788 -3.80724 
vt -5.19288 -3.80724 
vt -1.56788 -5.60724 
vt -5.19288 -5.60724 
vt -0.19288 -3.80724 
vt -5.19288 -3.80724 
vt -0.19288 -5.60724 
vt -5.19288 -5.60724 
vt -1.56788 -3.80724 
vt -5.19288 -3.80724 
vt -1.56788 -8.80724 
vt -5.19288 -8.80724 
vt -1.56788 -3.80724 
vt -5.19288 -3.80724 
vt -1.56788 -5.60724 
vt -5.19288 -5.60724 

usemtl SmoothBlockModel1Mtl

f 793/793/793 794/794/794 795/795/795 
f 795/795/795 794/794/794 796/796/796 
f 797/797/797 798/798/798 799/799/799 
f 799/799/799 798/798/798 800/800/800 
f 801/801/801 802/802/802 803/803/803 
f 803/803/803 802/802/802 804/804/804 
f 805/805/805 806/806/806 807/807/807 
f 807/807/807 806/806/806 808/808/808 
f 809/809/809 810/810/810 811/811/811 
f 811/811/811 810/810/810 812/812/812 
f 813/813/813 814/814/814 815/815/815 
f 815/815/815 814/814/814 816/816/816 

g SmoothBlockModel33

v -45.8119 19.4353 5.37811 
v -13.8486 19.4544 -2.82851 
v -45.8187 9.83543 5.32933 
v -13.8554 9.85457 -2.87728 
v -5.64202 19.2863 29.1343 
v -13.8486 19.4544 -2.82851 
v -37.6053 19.2671 37.341 
v -45.8119 19.4353 5.37811 
v -13.8486 19.4544 -2.82851 
v -5.64202 19.2863 29.1343 
v -13.8554 9.85457 -2.87728 
v -5.6488 9.68638 29.0856 
v -5.64202 19.2863 29.1343 
v -37.6053 19.2671 37.341 
v -5.6488 9.68638 29.0856 
v -37.6121 9.66724 37.2922 
v -37.6121 9.66724 37.2922 
v -45.8187 9.83543 5.32933 
v -5.6488 9.68638 29.0856 
v -13.8554 9.85457 -2.87728 
v -37.6053 19.2671 37.341 
v -45.8119 19.4353 5.37811 
v -37.6121 9.66724 37.2922 
v -45.8187 9.83543 5.32933 

vn -0.251969 0.00787402 -0.968504 
vn -0.251969 0.00787402 -0.968504 
vn -0.251969 0.00787402 -0.968504 
vn -0.251969 0.00787402 -0.968504 
vn 0 1 0.00787402 
vn 0 1 0.00787402 
vn 0 1 0.00787402 
vn 0 1 0.00787402 
vn 0.968504 0 -0.251969 
vn 0.968504 0 -0.251969 
vn 0.968504 0 -0.251969 
vn 0.968504 0 -0.251969 
vn 0.251969 -0.00787402 0.968504 
vn 0.251969 -0.00787402 0.968504 
vn 0.251969 -0.00787402 0.968504 
vn 0.251969 -0.00787402 0.968504 
vn 0 -1 -0.00787402 
vn 0 -1 -0.00787402 
vn 0 -1 -0.00787402 
vn 0 -1 -0.00787402 
vn -0.968504 0 0.251969 
vn -0.968504 0 0.251969 
vn -0.968504 0 0.251969 
vn -0.968504 0 0.251969 

vt 2.94417 1.71888 
vt -1.18083 1.71888 
vt 2.94417 0.51888 
vt -1.18083 0.51888 
vt 2.94417 1.71888 
vt -1.18083 1.71888 
vt 2.94417 -2.40612 
vt -1.18083 -2.40612 
vt 2.94417 1.71888 
vt -1.18083 1.71888 
vt 2.94417 0.51888 
vt -1.18083 0.51888 
vt 2.94417 1.71888 
vt -1.18083 1.71888 
vt 2.94417 0.51888 
vt -1.18083 0.51888 
vt 2.94417 1.71888 
vt -1.18083 1.71888 
vt 2.94417 -2.40612 
vt -1.18083 -2.40612 
vt 2.94417 1.71888 
vt -1.18083 1.71888 
vt 2.94417 0.51888 
vt -1.18083 0.51888 

usemtl SmoothBlockModel1Mtl

f 817/817/817 818/818/818 819/819/819 
f 819/819/819 818/818/818 820/820/820 
f 821/821/821 822/822/822 823/823/823 
f 823/823/823 822/822/822 824/824/824 
f 825/825/825 826/826/826 827/827/827 
f 827/827/827 826/826/826 828/828/828 
f 829/829/829 830/830/830 831/831/831 
f 831/831/831 830/830/830 832/832/832 
f 833/833/833 834/834/834 835/835/835 
f 835/835/835 834/834/834 836/836/836 
f 837/837/837 838/838/838 839/839/839 
f 839/839/839 838/838/838 840/840/840 

g SmoothBlockModel34

v 34.8419 19.274 25.9667 
v -3.90146 19.2508 35.9141 
v 34.8351 9.6741 25.9179 
v -3.90823 9.6509 35.8653 
v -12.8541 19.4342 1.04554 
v -3.90146 19.2508 35.9141 
v 25.8893 19.4575 -8.90187 
v 34.8419 19.274 25.9667 
v -3.90146 19.2508 35.9141 
v -12.8541 19.4342 1.04554 
v -3.90823 9.6509 35.8653 
v -12.8609 9.83437 0.996769 
v -12.8541 19.4342 1.04554 
v 25.8893 19.4575 -8.90187 
v -12.8609 9.83437 0.996769 
v 25.8825 9.85757 -8.95065 
v 25.8825 9.85757 -8.95065 
v 34.8351 9.6741 25.9179 
v -12.8609 9.83437 0.996769 
v -3.90823 9.6509 35.8653 
v 25.8893 19.4575 -8.90187 
v 34.8419 19.274 25.9667 
v 25.8825 9.85757 -8.95065 
v 34.8351 9.6741 25.9179 

vn 0.251969 -0.00787402 0.968504 
vn 0.251969 -0.00787402 0.968504 
vn 0.251969 -0.00787402 0.968504 
vn 0.251969 -0.00787402 0.968504 
vn 0 1 0.00787402 
vn 0 1 0.00787402 
vn 0 1 0.00787402 
vn 0 1 0.00787402 
vn -0.968504 0 0.251969 
vn -0.968504 0 0.251969 
vn -0.968504 0 0.251969 
vn -0.968504 0 0.251969 
vn -0.251969 0.00787402 -0.968504 
vn -0.251969 0.00787402 -0.968504 
vn -0.251969 0.00787402 -0.968504 
vn -0.251969 0.00787402 -0.968504 
vn 0 -1 -0.00787402 
vn 0 -1 -0.00787402 
vn 0 -1 -0.00787402 
vn 0 -1 -0.00787402 
vn 0.968504 0 -0.251969 
vn 0.968504 0 -0.251969 
vn 0.968504 0 -0.251969 
vn 0.968504 0 -0.251969 

vt 8.79546 2.6339 
vt 3.79546 2.6339 
vt 8.79546 1.4339 
vt 3.79546 1.4339 
vt 8.29546 2.6339 
vt 3.79546 2.6339 
vt 8.29546 -2.3661 
vt 3.79546 -2.3661 
vt 8.29546 2.6339 
vt 3.79546 2.6339 
vt 8.29546 1.4339 
vt 3.79546 1.4339 
vt 8.79546 2.6339 
vt 3.79546 2.6339 
vt 8.79546 1.4339 
vt 3.79546 1.4339 
vt 8.29546 2.6339 
vt 3.79546 2.6339 
vt 8.29546 -2.3661 
vt 3.79546 -2.3661 
vt 8.29546 2.6339 
vt 3.79546 2.6339 
vt 8.29546 1.4339 
vt 3.79546 1.4339 

usemtl SmoothBlockModel8Mtl

f 841/841/841 842/842/842 843/843/843 
f 843/843/843 842/842/842 844/844/844 
f 845/845/845 846/846/846 847/847/847 
f 847/847/847 846/846/846 848/848/848 
f 849/849/849 850/850/850 851/851/851 
f 851/851/851 850/850/850 852/852/852 
f 853/853/853 854/854/854 855/855/855 
f 855/855/855 854/854/854 856/856/856 
f 857/857/857 858/858/858 859/859/859 
f 859/859/859 858/858/858 860/860/860 
f 861/861/861 862/862/862 863/863/863 
f 863/863/863 862/862/862 864/864/864 

g SmoothBlockModel35

v 24.8943 19.478 -12.7764 
v 56.8576 19.4972 -20.983 
v 24.8875 9.87815 -12.8251 
v 56.8508 9.89729 -21.0317 
v 65.0642 19.329 10.9799 
v 56.8576 19.4972 -20.983 
v 33.1009 19.3098 19.1865 
v 24.8943 19.478 -12.7764 
v 56.8576 19.4972 -20.983 
v 65.0642 19.329 10.9799 
v 56.8508 9.89729 -21.0317 
v 65.0574 9.7291 10.9311 
v 65.0642 19.329 10.9799 
v 33.1009 19.3098 19.1865 
v 65.0574 9.7291 10.9311 
v 33.0941 9.70996 19.1377 
v 33.0941 9.70996 19.1377 
v 24.8875 9.87815 -12.8251 
v 65.0574 9.7291 10.9311 
v 56.8508 9.89729 -21.0317 
v 33.1009 19.3098 19.1865 
v 24.8943 19.478 -12.7764 
v 33.0941 9.70996 19.1377 
v 24.8875 9.87815 -12.8251 

vn -0.251969 0.00787402 -0.968504 
vn -0.251969 0.00787402 -0.968504 
vn -0.251969 0.00787402 -0.968504 
vn -0.251969 0.00787402 -0.968504 
vn 0 1 0.00787402 
vn 0 1 0.00787402 
vn 0 1 0.00787402 
vn 0 1 0.00787402 
vn 0.968504 0 -0.251969 
vn 0.968504 0 -0.251969 
vn 0.968504 0 -0.251969 
vn 0.968504 0 -0.251969 
vn 0.251969 -0.00787402 0.968504 
vn 0.251969 -0.00787402 0.968504 
vn 0.251969 -0.00787402 0.968504 
vn 0.251969 -0.00787402 0.968504 
vn 0 -1 -0.00787402 
vn 0 -1 -0.00787402 
vn 0 -1 -0.00787402 
vn 0 -1 -0.00787402 
vn -0.968504 0 0.251969 
vn -0.968504 0 0.251969 
vn -0.968504 0 0.251969 
vn -0.968504 0 0.251969 

vt 5.31456 2.51795 
vt 1.18956 2.51795 
vt 5.31456 1.31795 
vt 1.18956 1.31795 
vt 5.31456 2.51795 
vt 1.18956 2.51795 
vt 5.31456 -1.60705 
vt 1.18956 -1.60705 
vt 5.31456 2.51795 
vt 1.18956 2.51795 
vt 5.31456 1.31795 
vt 1.18956 1.31795 
vt 5.31456 2.51795 
vt 1.18956 2.51795 
vt 5.31456 1.31795 
vt 1.18956 1.31795 
vt 5.31456 2.51795 
vt 1.18956 2.51795 
vt 5.31456 -1.60705 
vt 1.18956 -1.60705 
vt 5.31456 2.51795 
vt 1.18956 2.51795 
vt 5.31456 1.31795 
vt 1.18956 1.31795 

usemtl SmoothBlockModel8Mtl

f 865/865/865 866/866/866 867/867/867 
f 867/867/867 866/866/866 868/868/868 
f 869/869/869 870/870/870 871/871/871 
f 871/871/871 870/870/870 872/872/872 
f 873/873/873 874/874/874 875/875/875 
f 875/875/875 874/874/874 876/876/876 
f 877/877/877 878/878/878 879/879/879 
f 879/879/879 878/878/878 880/880/880 
f 881/881/881 882/882/882 883/883/883 
f 883/883/883 882/882/882 884/884/884 
f 885/885/885 886/886/886 887/887/887 
f 887/887/887 886/886/886 888/888/888 

g SmoothBlockModel36

v 6.74029 19.8501 -83.4822 
v 38.7036 19.8692 -91.6888 
v 6.73351 10.2502 -83.531 
v 38.6968 10.2693 -91.7376 
v 46.9102 19.701 -59.726 
v 38.7036 19.8692 -91.6888 
v 14.9469 19.6819 -51.5194 
v 6.74029 19.8501 -83.4822 
v 38.7036 19.8692 -91.6888 
v 46.9102 19.701 -59.726 
v 38.6968 10.2693 -91.7376 
v 46.9034 10.1012 -59.7748 
v 46.9102 19.701 -59.726 
v 14.9469 19.6819 -51.5194 
v 46.9034 10.1012 -59.7748 
v 14.9401 10.082 -51.5681 
v 14.9401 10.082 -51.5681 
v 6.73351 10.2502 -83.531 
v 46.9034 10.1012 -59.7748 
v 38.6968 10.2693 -91.7376 
v 14.9469 19.6819 -51.5194 
v 6.74029 19.8501 -83.4822 
v 14.9401 10.082 -51.5681 
v 6.73351 10.2502 -83.531 

vn -0.251969 0.00787402 -0.968504 
vn -0.251969 0.00787402 -0.968504 
vn -0.251969 0.00787402 -0.968504 
vn -0.251969 0.00787402 -0.968504 
vn 0 1 0.00787402 
vn 0 1 0.00787402 
vn 0 1 0.00787402 
vn 0 1 0.00787402 
vn 0.968504 0 -0.251969 
vn 0.968504 0 -0.251969 
vn 0.968504 0 -0.251969 
vn 0.968504 0 -0.251969 
vn 0.251969 -0.00787402 0.968504 
vn 0.251969 -0.00787402 0.968504 
vn 0.251969 -0.00787402 0.968504 
vn 0.251969 -0.00787402 0.968504 
vn 0 -1 -0.00787402 
vn 0 -1 -0.00787402 
vn 0 -1 -0.00787402 
vn 0 -1 -0.00787402 
vn -0.968504 0 0.251969 
vn -0.968504 0 0.251969 
vn -0.968504 0 0.251969 
vn -0.968504 0 0.251969 

vt 7.40539 0.517842 
vt 3.28039 0.517842 
vt 7.40539 -0.682158 
vt 3.28039 -0.682158 
vt 7.40539 0.517842 
vt 3.28039 0.517842 
vt 7.40539 -3.60716 
vt 3.28039 -3.60716 
vt 7.40539 0.517842 
vt 3.28039 0.517842 
vt 7.40539 -0.682158 
vt 3.28039 -0.682158 
vt 7.40539 0.517842 
vt 3.28039 0.517842 
vt 7.40539 -0.682158 
vt 3.28039 -0.682158 
vt 7.40539 0.517842 
vt 3.28039 0.517842 
vt 7.40539 -3.60716 
vt 3.28039 -3.60716 
vt 7.40539 0.517842 
vt 3.28039 0.517842 
vt 7.40539 -0.682158 
vt 3.28039 -0.682158 

usemtl SmoothBlockModel1Mtl

f 889/889/889 890/890/890 891/891/891 
f 891/891/891 890/890/890 892/892/892 
f 893/893/893 894/894/894 895/895/895 
f 895/895/895 894/894/894 896/896/896 
f 897/897/897 898/898/898 899/899/899 
f 899/899/899 898/898/898 900/900/900 
f 901/901/901 902/902/902 903/903/903 
f 903/903/903 902/902/902 904/904/904 
f 905/905/905 906/906/906 907/907/907 
f 907/907/907 906/906/906 908/908/908 
f 909/909/909 910/910/910 911/911/911 
f 911/911/911 910/910/910 912/912/912 

g SmoothBlockModel37

v 13.9524 19.7021 -55.3934 
v -24.791 19.6789 -45.446 
v 13.9456 10.1022 -55.4422 
v -24.7978 10.079 -45.4948 
v -33.7436 19.8624 -80.3146 
v -24.791 19.6789 -45.446 
v 4.99973 19.8856 -90.262 
v 13.9524 19.7021 -55.3934 
v -24.791 19.6789 -45.446 
v -33.7436 19.8624 -80.3146 
v -24.7978 10.079 -45.4948 
v -33.7504 10.2625 -80.3633 
v -33.7436 19.8624 -80.3146 
v 4.99973 19.8856 -90.262 
v -33.7504 10.2625 -80.3633 
v 4.99295 10.2857 -90.3108 
v 4.99295 10.2857 -90.3108 
v 13.9456 10.1022 -55.4422 
v -33.7504 10.2625 -80.3633 
v -24.7978 10.079 -45.4948 
v 4.99973 19.8856 -90.262 
v 13.9524 19.7021 -55.3934 
v 4.99295 10.2857 -90.3108 
v 13.9456 10.1022 -55.4422 

vn 0.251969 -0.00787402 0.968504 
vn 0.251969 -0.00787402 0.968504 
vn 0.251969 -0.00787402 0.968504 
vn 0.251969 -0.00787402 0.968504 
vn 0 1 0.00787402 
vn 0 1 0.00787402 
vn 0 1 0.00787402 
vn 0 1 0.00787402 
vn -0.968504 0 0.251969 
vn -0.968504 0 0.251969 
vn -0.968504 0 0.251969 
vn -0.968504 0 0.251969 
vn -0.251969 0.00787402 -0.968504 
vn -0.251969 0.00787402 -0.968504 
vn -0.251969 0.00787402 -0.968504 
vn -0.251969 0.00787402 -0.968504 
vn 0 -1 -0.00787402 
vn 0 -1 -0.00787402 
vn 0 -1 -0.00787402 
vn 0 -1 -0.00787402 
vn 0.968504 0 -0.251969 
vn 0.968504 0 -0.251969 
vn 0.968504 0 -0.251969 
vn 0.968504 0 -0.251969 

vt 6.38378 -4.02625 
vt 1.38378 -4.02625 
vt 6.38378 -5.22625 
vt 1.38378 -5.22625 
vt 5.88378 -4.02625 
vt 1.38378 -4.02625 
vt 5.88378 -9.02625 
vt 1.38378 -9.02625 
vt 5.88378 -4.02625 
vt 1.38378 -4.02625 
vt 5.88378 -5.22625 
vt 1.38378 -5.22625 
vt 6.38378 -4.02625 
vt 1.38378 -4.02625 
vt 6.38378 -5.22625 
vt 1.38378 -5.22625 
vt 5.88378 -4.02625 
vt 1.38378 -4.02625 
vt 5.88378 -9.02625 
vt 1.38378 -9.02625 
vt 5.88378 -4.02625 
vt 1.38378 -4.02625 
vt 5.88378 -5.22625 
vt 1.38378 -5.22625 

usemtl SmoothBlockModel8Mtl

f 913/913/913 914/914/914 915/915/915 
f 915/915/915 914/914/914 916/916/916 
f 917/917/917 918/918/918 919/919/919 
f 919/919/919 918/918/918 920/920/920 
f 921/921/921 922/922/922 923/923/923 
f 923/923/923 922/922/922 924/924/924 
f 925/925/925 926/926/926 927/927/927 
f 927/927/927 926/926/926 928/928/928 
f 929/929/929 930/930/930 931/931/931 
f 931/931/931 930/930/930 932/932/932 
f 933/933/933 934/934/934 935/935/935 
f 935/935/935 934/934/934 936/936/936 

g SmoothBlockModel38

v -63.9659 19.8074 -65.3277 
v -32.0026 19.8265 -73.5343 
v -63.9727 10.2075 -65.3765 
v -32.0094 10.2266 -73.5831 
v -23.796 19.6583 -41.5715 
v -32.0026 19.8265 -73.5343 
v -55.7593 19.6392 -33.3649 
v -63.9659 19.8074 -65.3277 
v -32.0026 19.8265 -73.5343 
v -23.796 19.6583 -41.5715 
v -32.0094 10.2266 -73.5831 
v -23.8028 10.0584 -41.6203 
v -23.796 19.6583 -41.5715 
v -55.7593 19.6392 -33.3649 
v -23.8028 10.0584 -41.6203 
v -55.7661 10.0393 -33.4136 
v -55.7661 10.0393 -33.4136 
v -63.9727 10.2075 -65.3765 
v -23.8028 10.0584 -41.6203 
v -32.0094 10.2266 -73.5831 
v -55.7593 19.6392 -33.3649 
v -63.9659 19.8074 -65.3277 
v -55.7661 10.0393 -33.4136 
v -63.9727 10.2075 -65.3765 

vn -0.251969 0.00787402 -0.968504 
vn -0.251969 0.00787402 -0.968504 
vn -0.251969 0.00787402 -0.968504 
vn -0.251969 0.00787402 -0.968504 
vn 0 1 0.00787402 
vn 0 1 0.00787402 
vn 0 1 0.00787402 
vn 0 1 0.00787402 
vn 0.968504 0 -0.251969 
vn 0.968504 0 -0.251969 
vn 0.968504 0 -0.251969 
vn 0.968504 0 -0.251969 
vn 0.251969 -0.00787402 0.968504 
vn 0.251969 -0.00787402 0.968504 
vn 0.251969 -0.00787402 0.968504 
vn 0.251969 -0.00787402 0.968504 
vn 0 -1 -0.00787402 
vn 0 -1 -0.00787402 
vn 0 -1 -0.00787402 
vn 0 -1 -0.00787402 
vn -0.968504 0 0.251969 
vn -0.968504 0 0.251969 
vn -0.968504 0 0.251969 
vn -0.968504 0 0.251969 

vt 7.27815 1.71888 
vt 3.15315 1.71888 
vt 7.27815 0.51888 
vt 3.15315 0.51888 
vt 7.27815 1.71888 
vt 3.15315 1.71888 
vt 7.27815 -2.40612 
vt 3.15315 -2.40612 
vt 7.27815 1.71888 
vt 3.15315 1.71888 
vt 7.27815 0.51888 
vt 3.15315 0.51888 
vt 7.27815 1.71888 
vt 3.15315 1.71888 
vt 7.27815 0.51888 
vt 3.15315 0.51888 
vt 7.27815 1.71888 
vt 3.15315 1.71888 
vt 7.27815 -2.40612 
vt 3.15315 -2.40612 
vt 7.27815 1.71888 
vt 3.15315 1.71888 
vt 7.27815 0.51888 
vt 3.15315 0.51888 

usemtl SmoothBlockModel8Mtl

f 937/937/937 938/938/938 939/939/939 
f 939/939/939 938/938/938 940/940/940 
f 941/941/941 942/942/942 943/943/943 
f 943/943/943 942/942/942 944/944/944 
f 945/945/945 946/946/946 947/947/947 
f 947/947/947 946/946/946 948/948/948 
f 949/949/949 950/950/950 951/951/951 
f 951/951/951 950/950/950 952/952/952 
f 953/953/953 954/954/954 955/955/955 
f 955/955/955 954/954/954 956/956/956 
f 957/957/957 958/958/958 959/959/959 
f 959/959/959 958/958/958 960/960/960 

g SmoothBlockModel39

v -52.5918 19.431 7.11901 
v -62.5395 19.6351 -31.6238 
v -52.5986 9.83111 7.07016 
v -62.5462 10.0352 -31.6726 
v -27.6705 19.6562 -40.5767 
v -62.5395 19.6351 -31.6238 
v -17.7229 19.4521 -1.83393 
v -52.5918 19.431 7.11901 
v -62.5395 19.6351 -31.6238 
v -27.6705 19.6562 -40.5767 
v -62.5462 10.0352 -31.6726 
v -27.6773 10.0563 -40.6255 
v -27.6705 19.6562 -40.5767 
v -17.7229 19.4521 -1.83393 
v -27.6773 10.0563 -40.6255 
v -17.7296 9.85218 -1.88278 
v -17.7296 9.85218 -1.88278 
v -52.5986 9.83111 7.07016 
v -27.6773 10.0563 -40.6255 
v -62.5462 10.0352 -31.6726 
v -17.7229 19.4521 -1.83393 
v -52.5918 19.431 7.11901 
v -17.7296 9.85218 -1.88278 
v -52.5986 9.83111 7.07016 

vn -0.968504 0 0.251969 
vn -0.968504 0 0.251969 
vn -0.968504 0 0.251969 
vn -0.968504 0 0.251969 
vn 0 1 0.00787402 
vn 0 1 0.00787402 
vn 0 1 0.00787402 
vn 0 1 0.00787402 
vn -0.251969 0.00787402 -0.968504 
vn -0.251969 0.00787402 -0.968504 
vn -0.251969 0.00787402 -0.968504 
vn -0.251969 0.00787402 -0.968504 
vn 0.968504 0 -0.251969 
vn 0.968504 0 -0.251969 
vn 0.968504 0 -0.251969 
vn 0.968504 0 -0.251969 
vn 0 -1 -0.00787402 
vn 0 -1 -0.00787402 
vn 0 -1 -0.00787402 
vn 0 -1 -0.00787402 
vn 0.251969 -0.00787402 0.968504 
vn 0.251969 -0.00787402 0.968504 
vn 0.251969 -0.00787402 0.968504 
vn 0.251969 -0.00787402 0.968504 

vt 2.65577 -2.18401 
vt -2.34423 -2.18401 
vt 2.65577 -3.38401 
vt -2.34423 -3.38401 
vt 2.15577 -2.18401 
vt -2.34423 -2.18401 
vt 2.15577 -7.18401 
vt -2.34423 -7.18401 
vt 2.15577 -2.18401 
vt -2.34423 -2.18401 
vt 2.15577 -3.38401 
vt -2.34423 -3.38401 
vt 2.65577 -2.18401 
vt -2.34423 -2.18401 
vt 2.65577 -3.38401 
vt -2.34423 -3.38401 
vt 2.15577 -2.18401 
vt -2.34423 -2.18401 
vt 2.15577 -7.18401 
vt -2.34423 -7.18401 
vt 2.15577 -2.18401 
vt -2.34423 -2.18401 
vt 2.15577 -3.38401 
vt -2.34423 -3.38401 

usemtl SmoothBlockModel8Mtl

f 961/961/961 962/962/962 963/963/963 
f 963/963/963 962/962/962 964/964/964 
f 965/965/965 966/966/966 967/967/967 
f 967/967/967 966/966/966 968/968/968 
f 969/969/969 970/970/970 971/971/971 
f 971/971/971 970/970/970 972/972/972 
f 973/973/973 974/974/974 975/975/975 
f 975/975/975 974/974/974 976/976/976 
f 977/977/977 978/978/978 979/979/979 
f 979/979/979 978/978/978 980/980/980 
f 981/981/981 982/982/982 983/983/983 
f 983/983/983 982/982/982 984/984/984 

g SmoothBlockModel40

v 28.7688 19.4802 -13.7711 
v 18.8211 19.6843 -52.5138 
v 28.762 9.88028 -13.8199 
v 18.8143 10.0844 -52.5627 
v 53.69 19.7053 -61.4668 
v 18.8211 19.6843 -52.5138 
v 63.6377 19.5012 -22.724 
v 28.7688 19.4802 -13.7711 
v 18.8211 19.6843 -52.5138 
v 53.69 19.7053 -61.4668 
v 18.8143 10.0844 -52.5627 
v 53.6833 10.1055 -61.5156 
v 53.69 19.7053 -61.4668 
v 63.6377 19.5012 -22.724 
v 53.6833 10.1055 -61.5156 
v 63.631 9.90135 -22.7729 
v 63.631 9.90135 -22.7729 
v 28.762 9.88028 -13.8199 
v 53.6833 10.1055 -61.5156 
v 18.8143 10.0844 -52.5627 
v 63.6377 19.5012 -22.724 
v 28.7688 19.4802 -13.7711 
v 63.631 9.90135 -22.7729 
v 28.762 9.88028 -13.8199 

vn -0.968504 0 0.251969 
vn -0.968504 0 0.251969 
vn -0.968504 0 0.251969 
vn -0.968504 0 0.251969 
vn 0 1 0.00787402 
vn 0 1 0.00787402 
vn 0 1 0.00787402 
vn 0 1 0.00787402 
vn -0.251969 0.00787402 -0.968504 
vn -0.251969 0.00787402 -0.968504 
vn -0.251969 0.00787402 -0.968504 
vn -0.251969 0.00787402 -0.968504 
vn 0.968504 0 -0.251969 
vn 0.968504 0 -0.251969 
vn 0.968504 0 -0.251969 
vn 0.968504 0 -0.251969 
vn 0 -1 -0.00787402 
vn 0 -1 -0.00787402 
vn 0 -1 -0.00787402 
vn 0 -1 -0.00787402 
vn 0.251969 -0.00787402 0.968504 
vn 0.251969 -0.00787402 0.968504 
vn 0.251969 -0.00787402 0.968504 
vn 0.251969 -0.00787402 0.968504 

vt 0.219272 -2.48222 
vt -4.78073 -2.48222 
vt 0.219272 -3.68222 
vt -4.78073 -3.68222 
vt -0.280728 -2.48222 
vt -4.78073 -2.48222 
vt -0.280728 -7.48222 
vt -4.78073 -7.48222 
vt -0.280728 -2.48222 
vt -4.78073 -2.48222 
vt -0.280728 -3.68222 
vt -4.78073 -3.68222 
vt 0.219272 -2.48222 
vt -4.78073 -2.48222 
vt 0.219272 -3.68222 
vt -4.78073 -3.68222 
vt -0.280728 -2.48222 
vt -4.78073 -2.48222 
vt -0.280728 -7.48222 
vt -4.78073 -7.48222 
vt -0.280728 -2.48222 
vt -4.78073 -2.48222 
vt -0.280728 -3.68222 
vt -4.78073 -3.68222 

usemtl SmoothBlockModel1Mtl

f 985/985/985 986/986/986 987/987/987 
f 987/987/987 986/986/986 988/988/988 
f 989/989/989 990/990/990 991/991/991 
f 991/991/991 990/990/990 992/992/992 
f 993/993/993 994/994/994 995/995/995 
f 995/995/995 994/994/994 996/996/996 
f 997/997/997 998/998/998 999/999/999 
f 999/999/999 998/998/998 1000/1000/1000 
f 1001/1001/1001 1002/1002/1002 1003/1003/1003 
f 1003/1003/1003 1002/1002/1002 1004/1004/1004 
f 1005/1005/1005 1006/1006/1006 1007/1007/1007 
f 1007/1007/1007 1006/1006/1006 1008/1008/1008 

g SmoothBlockModel41

v -12.8609 9.83432 0.996727 
v 25.8825 9.85752 -8.95069 
v -12.8677 0.234444 0.947952 
v 25.8757 0.257645 -8.99946 
v 37.322 9.62308 35.6036 
v 25.8825 9.85752 -8.95069 
v -1.42137 9.59988 45.551 
v -12.8609 9.83432 0.996727 
v 25.8825 9.85752 -8.95069 
v 37.322 9.62308 35.6036 
v 25.8757 0.257645 -8.99946 
v 37.3152 0.0232022 35.5548 
v 37.322 9.62308 35.6036 
v -1.42137 9.59988 45.551 
v 37.3152 0.0232022 35.5548 
v -1.42815 9.53674e-07 45.5022 
v -1.42815 9.53674e-07 45.5022 
v -12.8677 0.234444 0.947952 
v 37.3152 0.0232022 35.5548 
v 25.8757 0.257645 -8.99946 
v -1.42137 9.59988 45.551 
v -12.8609 9.83432 0.996727 
v -1.42815 9.53674e-07 45.5022 
v -12.8677 0.234444 0.947952 

vn -0.251969 0.00787402 -0.968504 
vn -0.251969 0.00787402 -0.968504 
vn -0.251969 0.00787402 -0.968504 
vn -0.251969 0.00787402 -0.968504 
vn 0 1 0.00787402 
vn 0 1 0.00787402 
vn 0 1 0.00787402 
vn 0 1 0.00787402 
vn 0.968504 0 -0.251969 
vn 0.968504 0 -0.251969 
vn 0.968504 0 -0.251969 
vn 0.968504 0 -0.251969 
vn 0.251969 -0.00787402 0.968504 
vn 0.251969 -0.00787402 0.968504 
vn 0.251969 -0.00787402 0.968504 
vn 0.251969 -0.00787402 0.968504 
vn 0 -1 -0.00787402 
vn 0 -1 -0.00787402 
vn 0 -1 -0.00787402 
vn 0 -1 -0.00787402 
vn -0.968504 0 0.251969 
vn -0.968504 0 0.251969 
vn -0.968504 0 0.251969 
vn -0.968504 0 0.251969 

vt 8.98732 4.22085 
vt 3.98732 4.22085 
vt 8.98732 3.02085 
vt 3.98732 3.02085 
vt 9.73732 4.22085 
vt 3.98732 4.22085 
vt 9.73732 -0.779152 
vt 3.98732 -0.779152 
vt 9.73732 4.22085 
vt 3.98732 4.22085 
vt 9.73732 3.02085 
vt 3.98732 3.02085 
vt 8.98732 4.22085 
vt 3.98732 4.22085 
vt 8.98732 3.02085 
vt 3.98732 3.02085 
vt 9.73732 4.22085 
vt 3.98732 4.22085 
vt 9.73732 -0.779152 
vt 3.98732 -0.779152 
vt 9.73732 4.22085 
vt 3.98732 4.22085 
vt 9.73732 3.02085 
vt 3.98732 3.02085 

usemtl SmoothBlockModel1Mtl

f 1009/1009/1009 1010/1010/1010 1011/1011/1011 
f 1011/1011/1011 1010/1010/1010 1012/1012/1012 
f 1013/1013/1013 1014/1014/1014 1015/1015/1015 
f 1015/1015/1015 1014/1014/1014 1016/1016/1016 
f 1017/1017/1017 1018/1018/1018 1019/1019/1019 
f 1019/1019/1019 1018/1018/1018 1020/1020/1020 
f 1021/1021/1021 1022/1022/1022 1023/1023/1023 
f 1023/1023/1023 1022/1022/1022 1024/1024/1024 
f 1025/1025/1025 1026/1026/1026 1027/1027/1027 
f 1027/1027/1027 1026/1026/1026 1028/1028/1028 
f 1029/1029/1029 1030/1030/1030 1031/1031/1031 
f 1031/1031/1031 1030/1030/1030 1032/1032/1032 

g SmoothBlockModel42

v -52.5987 9.83129 7.0701 
v -13.8554 9.8545 -2.87732 
v -52.6055 0.231418 7.02132 
v -13.8621 0.25462 -2.92609 
v -3.90797 9.65063 35.8655 
v -13.8554 9.8545 -2.87732 
v -42.6513 9.62743 45.8129 
v -52.5987 9.83129 7.0701 
v -13.8554 9.8545 -2.87732 
v -3.90797 9.65063 35.8655 
v -13.8621 0.25462 -2.92609 
v -3.91475 0.0507563 35.8168 
v -3.90797 9.65063 35.8655 
v -42.6513 9.62743 45.8129 
v -3.91475 0.0507563 35.8168 
v -42.6581 0.027555 45.7642 
v -42.6581 0.027555 45.7642 
v -52.6055 0.231418 7.02132 
v -3.91475 0.0507563 35.8168 
v -13.8621 0.25462 -2.92609 
v -42.6513 9.62743 45.8129 
v -52.5987 9.83129 7.0701 
v -42.6581 0.027555 45.7642 
v -52.6055 0.231418 7.02132 

vn -0.251969 0.00787402 -0.968504 
vn -0.251969 0.00787402 -0.968504 
vn -0.251969 0.00787402 -0.968504 
vn -0.251969 0.00787402 -0.968504 
vn 0 1 0.00787402 
vn 0 1 0.00787402 
vn 0 1 0.00787402 
vn 0 1 0.00787402 
vn 0.968504 0 -0.251969 
vn 0.968504 0 -0.251969 
vn 0.968504 0 -0.251969 
vn 0.968504 0 -0.251969 
vn 0.251969 -0.00787402 0.968504 
vn 0.251969 -0.00787402 0.968504 
vn 0.251969 -0.00787402 0.968504 
vn 0.251969 -0.00787402 0.968504 
vn 0 -1 -0.00787402 
vn 0 -1 -0.00787402 
vn 0 -1 -0.00787402 
vn 0 -1 -0.00787402 
vn -0.968504 0 0.251969 
vn -0.968504 0 0.251969 
vn -0.968504 0 0.251969 
vn -0.968504 0 0.251969 

vt 4.1934 6.00413 
vt -0.806602 6.00413 
vt 4.1934 4.80413 
vt -0.806602 4.80413 
vt 4.1934 6.00413 
vt -0.806602 6.00413 
vt 4.1934 1.00413 
vt -0.806602 1.00413 
vt 4.1934 6.00413 
vt -0.806602 6.00413 
vt 4.1934 4.80413 
vt -0.806602 4.80413 
vt 4.1934 6.00413 
vt -0.806602 6.00413 
vt 4.1934 4.80413 
vt -0.806602 4.80413 
vt 4.1934 6.00413 
vt -0.806602 6.00413 
vt 4.1934 1.00413 
vt -0.806602 1.00413 
vt 4.1934 6.00413 
vt -0.806602 6.00413 
vt 4.1934 4.80413 
vt -0.806602 4.80413 

usemtl SmoothBlockModel1Mtl

f 1033/1033/1033 1034/1034/1034 1035/1035/1035 
f 1035/1035/1035 1034/1034/1034 1036/1036/1036 
f 1037/1037/1037 1038/1038/1038 1039/1039/1039 
f 1039/1039/1039 1038/1038/1038 1040/1040/1040 
f 1041/1041/1041 1042/1042/1042 1043/1043/1043 
f 1043/1043/1043 1042/1042/1042 1044/1044/1044 
f 1045/1045/1045 1046/1046/1046 1047/1047/1047 
f 1047/1047/1047 1046/1046/1046 1048/1048/1048 
f 1049/1049/1049 1050/1050/1050 1051/1051/1051 
f 1051/1051/1051 1050/1050/1050 1052/1052/1052 
f 1053/1053/1053 1054/1054/1054 1055/1055/1055 
f 1055/1055/1055 1054/1054/1054 1056/1056/1056 

g SmoothBlockModel43

v -62.2844 9.82521 9.5571 
v -72.2321 10.0293 -29.1857 
v -62.2911 0.225333 9.50825 
v -72.2388 0.429456 -29.2345 
v -27.6773 10.0563 -40.6255 
v -72.2321 10.0293 -29.1857 
v -17.7296 9.85213 -1.88277 
v -62.2844 9.82521 9.5571 
v -72.2321 10.0293 -29.1857 
v -27.6773 10.0563 -40.6255 
v -72.2388 0.429456 -29.2345 
v -27.684 0.456378 -40.6744 
v -27.6773 10.0563 -40.6255 
v -17.7296 9.85213 -1.88277 
v -27.684 0.456378 -40.6744 
v -17.7363 0.252255 -1.93161 
v -17.7363 0.252255 -1.93161 
v -62.2911 0.225333 9.50825 
v -27.684 0.456378 -40.6744 
v -72.2388 0.429456 -29.2345 
v -17.7296 9.85213 -1.88277 
v -62.2844 9.82521 9.5571 
v -17.7363 0.252255 -1.93161 
v -62.2911 0.225333 9.50825 

vn -0.968504 0 0.251969 
vn -0.968504 0 0.251969 
vn -0.968504 0 0.251969 
vn -0.968504 0 0.251969 
vn 0 1 0.00787402 
vn 0 1 0.00787402 
vn 0 1 0.00787402 
vn 0 1 0.00787402 
vn -0.251969 0.00787402 -0.968504 
vn -0.251969 0.00787402 -0.968504 
vn -0.251969 0.00787402 -0.968504 
vn -0.251969 0.00787402 -0.968504 
vn 0.968504 0 -0.251969 
vn 0.968504 0 -0.251969 
vn 0.968504 0 -0.251969 
vn 0.968504 0 -0.251969 
vn 0 -1 -0.00787402 
vn 0 -1 -0.00787402 
vn 0 -1 -0.00787402 
vn 0 -1 -0.00787402 
vn 0.251969 -0.00787402 0.968504 
vn 0.251969 -0.00787402 0.968504 
vn 0.251969 -0.00787402 0.968504 
vn 0.251969 -0.00787402 0.968504 

vt 2.71934 -3.80022 
vt -2.28066 -3.80022 
vt 2.71934 -5.00022 
vt -2.28066 -5.00022 
vt 3.46934 -3.80022 
vt -2.28066 -3.80022 
vt 3.46934 -8.80022 
vt -2.28066 -8.80022 
vt 3.46934 -3.80022 
vt -2.28066 -3.80022 
vt 3.46934 -5.00022 
vt -2.28066 -5.00022 
vt 2.71934 -3.80022 
vt -2.28066 -3.80022 
vt 2.71934 -5.00022 
vt -2.28066 -5.00022 
vt 3.46934 -3.80022 
vt -2.28066 -3.80022 
vt 3.46934 -8.80022 
vt -2.28066 -8.80022 
vt 3.46934 -3.80022 
vt -2.28066 -3.80022 
vt 3.46934 -5.00022 
vt -2.28066 -5.00022 

usemtl SmoothBlockModel1Mtl

f 1057/1057/1057 1058/1058/1058 1059/1059/1059 
f 1059/1059/1059 1058/1058/1058 1060/1060/1060 
f 1061/1061/1061 1062/1062/1062 1063/1063/1063 
f 1063/1063/1063 1062/1062/1062 1064/1064/1064 
f 1065/1065/1065 1066/1066/1066 1067/1067/1067 
f 1067/1067/1067 1066/1066/1066 1068/1068/1068 
f 1069/1069/1069 1070/1070/1070 1071/1071/1071 
f 1071/1071/1071 1070/1070/1070 1072/1072/1072 
f 1073/1073/1073 1074/1074/1074 1075/1075/1075 
f 1075/1075/1075 1074/1074/1074 1076/1076/1076 
f 1077/1077/1077 1078/1078/1078 1079/1079/1079 
f 1079/1079/1079 1078/1078/1078 1080/1080/1080 

g SmoothBlockModel44

v 24.8875 9.87812 -12.8252 
v 63.6309 9.90132 -22.7727 
v 24.8807 0.27824 -12.874 
v 63.6241 0.301441 -22.8214 
v 73.5783 9.69745 15.9702 
v 63.6309 9.90132 -22.7727 
v 34.8349 9.67425 25.9176 
v 24.8875 9.87812 -12.8252 
v 63.6309 9.90132 -22.7727 
v 73.5783 9.69745 15.9702 
v 63.6241 0.301441 -22.8214 
v 73.5715 0.0975779 15.9214 
v 73.5783 9.69745 15.9702 
v 34.8349 9.67425 25.9176 
v 73.5715 0.0975779 15.9214 
v 34.8281 0.0743766 25.8688 
v 34.8281 0.0743766 25.8688 
v 24.8807 0.27824 -12.874 
v 73.5715 0.0975779 15.9214 
v 63.6241 0.301441 -22.8214 
v 34.8349 9.67425 25.9176 
v 24.8875 9.87812 -12.8252 
v 34.8281 0.0743766 25.8688 
v 24.8807 0.27824 -12.874 

vn -0.251969 0.00787402 -0.968504 
vn -0.251969 0.00787402 -0.968504 
vn -0.251969 0.00787402 -0.968504 
vn -0.251969 0.00787402 -0.968504 
vn 0 1 0.00787402 
vn 0 1 0.00787402 
vn 0 1 0.00787402 
vn 0 1 0.00787402 
vn 0.968504 0 -0.251969 
vn 0.968504 0 -0.251969 
vn 0.968504 0 -0.251969 
vn 0.968504 0 -0.251969 
vn 0.251969 -0.00787402 0.968504 
vn 0.251969 -0.00787402 0.968504 
vn 0.251969 -0.00787402 0.968504 
vn 0.251969 -0.00787402 0.968504 
vn 0 -1 -0.00787402 
vn 0 -1 -0.00787402 
vn 0 -1 -0.00787402 
vn 0 -1 -0.00787402 
vn -0.968504 0 0.251969 
vn -0.968504 0 0.251969 
vn -0.968504 0 0.251969 
vn -0.968504 0 0.251969 

vt 6.40984 0.224825 
vt 1.40984 0.224825 
vt 6.40984 -0.975175 
vt 1.40984 -0.975175 
vt 6.40984 0.224825 
vt 1.40984 0.224825 
vt 6.40984 -4.77517 
vt 1.40984 -4.77517 
vt 6.40984 0.224825 
vt 1.40984 0.224825 
vt 6.40984 -0.975175 
vt 1.40984 -0.975175 
vt 6.40984 0.224825 
vt 1.40984 0.224825 
vt 6.40984 -0.975175 
vt 1.40984 -0.975175 
vt 6.40984 0.224825 
vt 1.40984 0.224825 
vt 6.40984 -4.77517 
vt 1.40984 -4.77517 
vt 6.40984 0.224825 
vt 1.40984 0.224825 
vt 6.40984 -0.975175 
vt 1.40984 -0.975175 

usemtl SmoothBlockModel1Mtl

f 1081/1081/1081 1082/1082/1082 1083/1083/1083 
f 1083/1083/1083 1082/1082/1082 1084/1084/1084 
f 1085/1085/1085 1086/1086/1086 1087/1087/1087 
f 1087/1087/1087 1086/1086/1086 1088/1088/1088 
f 1089/1089/1089 1090/1090/1090 1091/1091/1091 
f 1091/1091/1091 1090/1090/1090 1092/1092/1092 
f 1093/1093/1093 1094/1094/1094 1095/1095/1095 
f 1095/1095/1095 1094/1094/1094 1096/1096/1096 
f 1097/1097/1097 1098/1098/1098 1099/1099/1099 
f 1099/1099/1099 1098/1098/1098 1100/1100/1100 
f 1101/1101/1101 1102/1102/1102 1103/1103/1103 
f 1103/1103/1103 1102/1102/1102 1104/1104/1104 

g SmoothBlockModel45

v 28.7619 9.88022 -13.8199 
v 18.8142 10.0843 -52.5627 
v 28.7552 0.280344 -13.8688 
v 18.8075 0.484467 -52.6115 
v 63.369 10.1113 -64.0026 
v 18.8142 10.0843 -52.5627 
v 73.3167 9.90714 -25.2598 
v 28.7619 9.88022 -13.8199 
v 18.8142 10.0843 -52.5627 
v 63.369 10.1113 -64.0026 
v 18.8075 0.484467 -52.6115 
v 63.3623 0.51139 -64.0514 
v 63.369 10.1113 -64.0026 
v 73.3167 9.90714 -25.2598 
v 63.3623 0.51139 -64.0514 
v 73.31 0.307267 -25.3086 
v 73.31 0.307267 -25.3086 
v 28.7552 0.280344 -13.8688 
v 63.3623 0.51139 -64.0514 
v 18.8075 0.484467 -52.6115 
v 73.3167 9.90714 -25.2598 
v 28.7619 9.88022 -13.8199 
v 73.31 0.307267 -25.3086 
v 28.7552 0.280344 -13.8688 

vn -0.968504 0 0.251969 
vn -0.968504 0 0.251969 
vn -0.968504 0 0.251969 
vn -0.968504 0 0.251969 
vn 0 1 0.00787402 
vn 0 1 0.00787402 
vn 0 1 0.00787402 
vn 0 1 0.00787402 
vn -0.251969 0.00787402 -0.968504 
vn -0.251969 0.00787402 -0.968504 
vn -0.251969 0.00787402 -0.968504 
vn -0.251969 0.00787402 -0.968504 
vn 0.968504 0 -0.251969 
vn 0.968504 0 -0.251969 
vn 0.968504 0 -0.251969 
vn 0.968504 0 -0.251969 
vn 0 -1 -0.00787402 
vn 0 -1 -0.00787402 
vn 0 -1 -0.00787402 
vn 0 -1 -0.00787402 
vn 0.251969 -0.00787402 0.968504 
vn 0.251969 -0.00787402 0.968504 
vn 0.251969 -0.00787402 0.968504 
vn 0.251969 -0.00787402 0.968504 

vt 6.77995 2.61048 
vt 1.77995 2.61048 
vt 6.77995 1.41048 
vt 1.77995 1.41048 
vt 7.52995 2.61048 
vt 1.77995 2.61048 
vt 7.52995 -2.38952 
vt 1.77995 -2.38952 
vt 7.52995 2.61048 
vt 1.77995 2.61048 
vt 7.52995 1.41048 
vt 1.77995 1.41048 
vt 6.77995 2.61048 
vt 1.77995 2.61048 
vt 6.77995 1.41048 
vt 1.77995 1.41048 
vt 7.52995 2.61048 
vt 1.77995 2.61048 
vt 7.52995 -2.38952 
vt 1.77995 -2.38952 
vt 7.52995 2.61048 
vt 1.77995 2.61048 
vt 7.52995 1.41048 
vt 1.77995 1.41048 

usemtl SmoothBlockModel1Mtl

f 1105/1105/1105 1106/1106/1106 1107/1107/1107 
f 1107/1107/1107 1106/1106/1106 1108/1108/1108 
f 1109/1109/1109 1110/1110/1110 1111/1111/1111 
f 1111/1111/1111 1110/1110/1110 1112/1112/1112 
f 1113/1113/1113 1114/1114/1114 1115/1115/1115 
f 1115/1115/1115 1114/1114/1114 1116/1116/1116 
f 1117/1117/1117 1118/1118/1118 1119/1119/1119 
f 1119/1119/1119 1118/1118/1118 1120/1120/1120 
f 1121/1121/1121 1122/1122/1122 1123/1123/1123 
f 1123/1123/1123 1122/1122/1122 1124/1124/1124 
f 1125/1125/1125 1126/1126/1126 1127/1127/1127 
f 1127/1127/1127 1126/1126/1126 1128/1128/1128 

g SmoothBlockModel46

v 4.99266 10.2858 -90.3111 
v 43.736 10.309 -100.258 
v 4.98589 0.685966 -90.3599 
v 43.7293 0.709167 -100.307 
v 53.6834 10.1052 -61.5157 
v 43.736 10.309 -100.258 
v 14.9401 10.082 -51.5682 
v 4.99266 10.2858 -90.3111 
v 43.736 10.309 -100.258 
v 53.6834 10.1052 -61.5157 
v 43.7293 0.709167 -100.307 
v 53.6767 0.505304 -61.5644 
v 53.6834 10.1052 -61.5157 
v 14.9401 10.082 -51.5682 
v 53.6767 0.505304 -61.5644 
v 14.9333 0.482103 -51.617 
v 14.9333 0.482103 -51.617 
v 4.98589 0.685966 -90.3599 
v 53.6767 0.505304 -61.5644 
v 43.7293 0.709167 -100.307 
v 14.9401 10.082 -51.5682 
v 4.99266 10.2858 -90.3111 
v 14.9333 0.482103 -51.617 
v 4.98589 0.685966 -90.3599 

vn -0.251969 0.00787402 -0.968504 
vn -0.251969 0.00787402 -0.968504 
vn -0.251969 0.00787402 -0.968504 
vn -0.251969 0.00787402 -0.968504 
vn 0 1 0.00787402 
vn 0 1 0.00787402 
vn 0 1 0.00787402 
vn 0 1 0.00787402 
vn 0.968504 0 -0.251969 
vn 0.968504 0 -0.251969 
vn 0.968504 0 -0.251969 
vn 0.968504 0 -0.251969 
vn 0.251969 -0.00787402 0.968504 
vn 0.251969 -0.00787402 0.968504 
vn 0.251969 -0.00787402 0.968504 
vn 0.251969 -0.00787402 0.968504 
vn 0 -1 -0.00787402 
vn 0 -1 -0.00787402 
vn 0 -1 -0.00787402 
vn 0 -1 -0.00787402 
vn -0.968504 0 0.251969 
vn -0.968504 0 0.251969 
vn -0.968504 0 0.251969 
vn -0.968504 0 0.251969 

vt 3.4906 -0.409845 
vt -1.5094 -0.409845 
vt 3.4906 -1.60984 
vt -1.5094 -1.60984 
vt 3.4906 -0.409845 
vt -1.5094 -0.409845 
vt 3.4906 -5.40984 
vt -1.5094 -5.40984 
vt 3.4906 -0.409845 
vt -1.5094 -0.409845 
vt 3.4906 -1.60984 
vt -1.5094 -1.60984 
vt 3.4906 -0.409845 
vt -1.5094 -0.409845 
vt 3.4906 -1.60984 
vt -1.5094 -1.60984 
vt 3.4906 -0.409845 
vt -1.5094 -0.409845 
vt 3.4906 -5.40984 
vt -1.5094 -5.40984 
vt 3.4906 -0.409845 
vt -1.5094 -0.409845 
vt 3.4906 -1.60984 
vt -1.5094 -1.60984 

usemtl SmoothBlockModel8Mtl

f 1129/1129/1129 1130/1130/1130 1131/1131/1131 
f 1131/1131/1131 1130/1130/1130 1132/1132/1132 
f 1133/1133/1133 1134/1134/1134 1135/1135/1135 
f 1135/1135/1135 1134/1134/1134 1136/1136/1136 
f 1137/1137/1137 1138/1138/1138 1139/1139/1139 
f 1139/1139/1139 1138/1138/1138 1140/1140/1140 
f 1141/1141/1141 1142/1142/1142 1143/1143/1143 
f 1143/1143/1143 1142/1142/1142 1144/1144/1144 
f 1145/1145/1145 1146/1146/1146 1147/1147/1147 
f 1147/1147/1147 1146/1146/1146 1148/1148/1148 
f 1149/1149/1149 1150/1150/1150 1151/1151/1151 
f 1151/1151/1151 1150/1150/1150 1152/1152/1152 

g SmoothBlockModel47

v -72.4936 10.239 -70.4158 
v -33.7502 10.2622 -80.3632 
v -72.5004 0.639145 -70.4645 
v -33.757 0.662346 -80.412 
v -23.8028 10.0584 -41.6203 
v -33.7502 10.2622 -80.3632 
v -62.5462 10.0352 -31.6729 
v -72.4936 10.239 -70.4158 
v -33.7502 10.2622 -80.3632 
v -23.8028 10.0584 -41.6203 
v -33.757 0.662346 -80.412 
v -23.8096 0.458483 -41.6691 
v -23.8028 10.0584 -41.6203 
v -62.5462 10.0352 -31.6729 
v -23.8096 0.458483 -41.6691 
v -62.553 0.435281 -31.7217 
v -62.553 0.435281 -31.7217 
v -72.5004 0.639145 -70.4645 
v -23.8096 0.458483 -41.6691 
v -33.757 0.662346 -80.412 
v -62.5462 10.0352 -31.6729 
v -72.4936 10.239 -70.4158 
v -62.553 0.435281 -31.7217 
v -72.5004 0.639145 -70.4645 

vn -0.251969 0.00787402 -0.968504 
vn -0.251969 0.00787402 -0.968504 
vn -0.251969 0.00787402 -0.968504 
vn -0.251969 0.00787402 -0.968504 
vn 0 1 0.00787402 
vn 0 1 0.00787402 
vn 0 1 0.00787402 
vn 0 1 0.00787402 
vn 0.968504 0 -0.251969 
vn 0.968504 0 -0.251969 
vn 0.968504 0 -0.251969 
vn 0.968504 0 -0.251969 
vn 0.251969 -0.00787402 0.968504 
vn 0.251969 -0.00787402 0.968504 
vn 0.251969 -0.00787402 0.968504 
vn 0.251969 -0.00787402 0.968504 
vn 0 -1 -0.00787402 
vn 0 -1 -0.00787402 
vn 0 -1 -0.00787402 
vn 0 -1 -0.00787402 
vn -0.968504 0 0.251969 
vn -0.968504 0 0.251969 
vn -0.968504 0 0.251969 
vn -0.968504 0 0.251969 

vt 3.4906 4.07523 
vt -1.5094 4.07523 
vt 3.4906 2.87523 
vt -1.5094 2.87523 
vt 3.4906 4.07523 
vt -1.5094 4.07523 
vt 3.4906 -0.924772 
vt -1.5094 -0.924772 
vt 3.4906 4.07523 
vt -1.5094 4.07523 
vt 3.4906 2.87523 
vt -1.5094 2.87523 
vt 3.4906 4.07523 
vt -1.5094 4.07523 
vt 3.4906 2.87523 
vt -1.5094 2.87523 
vt 3.4906 4.07523 
vt -1.5094 4.07523 
vt 3.4906 -0.924772 
vt -1.5094 -0.924772 
vt 3.4906 4.07523 
vt -1.5094 4.07523 
vt 3.4906 2.87523 
vt -1.5094 2.87523 

usemtl SmoothBlockModel1Mtl

f 1153/1153/1153 1154/1154/1154 1155/1155/1155 
f 1155/1155/1155 1154/1154/1154 1156/1156/1156 
f 1157/1157/1157 1158/1158/1158 1159/1159/1159 
f 1159/1159/1159 1158/1158/1158 1160/1160/1160 
f 1161/1161/1161 1162/1162/1162 1163/1163/1163 
f 1163/1163/1163 1162/1162/1162 1164/1164/1164 
f 1165/1165/1165 1166/1166/1166 1167/1167/1167 
f 1167/1167/1167 1166/1166/1166 1168/1168/1168 
f 1169/1169/1169 1170/1170/1170 1171/1171/1171 
f 1171/1171/1171 1170/1170/1170 1172/1172/1172 
f 1173/1173/1173 1174/1174/1174 1175/1175/1175 
f 1175/1175/1175 1174/1174/1174 1176/1176/1176 

g SmoothBlockModel48

v -36.2373 10.3134 -90.0492 
v 2.50606 10.3366 -99.9966 
v -36.2441 0.713524 -90.0979 
v 2.49929 0.736725 -100.045 
v 13.9456 10.1022 -55.4423 
v 2.50606 10.3366 -99.9966 
v -24.7978 10.079 -45.4949 
v -36.2373 10.3134 -90.0492 
v 2.50606 10.3366 -99.9966 
v 13.9456 10.1022 -55.4423 
v 2.49929 0.736725 -100.045 
v 13.9388 0.502282 -55.4911 
v 13.9456 10.1022 -55.4423 
v -24.7978 10.079 -45.4949 
v 13.9388 0.502282 -55.4911 
v -24.8046 0.479081 -45.5437 
v -24.8046 0.479081 -45.5437 
v -36.2441 0.713524 -90.0979 
v 13.9388 0.502282 -55.4911 
v 2.49929 0.736725 -100.045 
v -24.7978 10.079 -45.4949 
v -36.2373 10.3134 -90.0492 
v -24.8046 0.479081 -45.5437 
v -36.2441 0.713524 -90.0979 

vn -0.251969 0.00787402 -0.968504 
vn -0.251969 0.00787402 -0.968504 
vn -0.251969 0.00787402 -0.968504 
vn -0.251969 0.00787402 -0.968504 
vn 0 1 0.00787402 
vn 0 1 0.00787402 
vn 0 1 0.00787402 
vn 0 1 0.00787402 
vn 0.968504 0 -0.251969 
vn 0.968504 0 -0.251969 
vn 0.968504 0 -0.251969 
vn 0.968504 0 -0.251969 
vn 0.251969 -0.00787402 0.968504 
vn 0.251969 -0.00787402 0.968504 
vn 0.251969 -0.00787402 0.968504 
vn 0.251969 -0.00787402 0.968504 
vn 0 -1 -0.00787402 
vn 0 -1 -0.00787402 
vn 0 -1 -0.00787402 
vn 0 -1 -0.00787402 
vn -0.968504 0 0.251969 
vn -0.968504 0 0.251969 
vn -0.968504 0 0.251969 
vn -0.968504 0 0.251969 

vt 6.54543 -0.545433 
vt 1.54543 -0.545433 
vt 6.54543 -1.74543 
vt 1.54543 -1.74543 
vt 7.29543 -0.545433 
vt 1.54543 -0.545433 
vt 7.29543 -5.54543 
vt 1.54543 -5.54543 
vt 7.29543 -0.545433 
vt 1.54543 -0.545433 
vt 7.29543 -1.74543 
vt 1.54543 -1.74543 
vt 6.54543 -0.545433 
vt 1.54543 -0.545433 
vt 6.54543 -1.74543 
vt 1.54543 -1.74543 
vt 7.29543 -0.545433 
vt 1.54543 -0.545433 
vt 7.29543 -5.54543 
vt 1.54543 -5.54543 
vt 7.29543 -0.545433 
vt 1.54543 -0.545433 
vt 7.29543 -1.74543 
vt 1.54543 -1.74543 

usemtl SmoothBlockModel1Mtl

f 1177/1177/1177 1178/1178/1178 1179/1179/1179 
f 1179/1179/1179 1178/1178/1178 1180/1180/1180 
f 1181/1181/1181 1182/1182/1182 1183/1183/1183 
f 1183/1183/1183 1182/1182/1182 1184/1184/1184 
f 1185/1185/1185 1186/1186/1186 1187/1187/1187 
f 1187/1187/1187 1186/1186/1186 1188/1188/1188 
f 1189/1189/1189 1190/1190/1190 1191/1191/1191 
f 1191/1191/1191 1190/1190/1190 1192/1192/1192 
f 1193/1193/1193 1194/1194/1194 1195/1195/1195 
f 1195/1195/1195 1194/1194/1194 1196/1196/1196 
f 1197/1197/1197 1198/1198/1198 1199/1199/1199 
f 1199/1199/1199 1198/1198/1198 1200/1200/1200 

g Lava1

v -36.0336 65.1561 -15.6395 
v -3.88307 65.2738 -66.2985 
v -36.0336 64.1561 -15.6418 
v -3.88305 64.2738 -66.3008 
v 46.776 65.2005 -34.148 
v -3.88307 65.2738 -66.2985 
v 14.6255 65.0829 16.5109 
v -36.0336 65.1561 -15.6395 
v -3.88307 65.2738 -66.2985 
v 46.776 65.2005 -34.148 
v -3.88305 64.2738 -66.3008 
v 46.7761 64.2005 -34.1504 
v 46.776 65.2005 -34.148 
v 14.6255 65.0829 16.5109 
v 46.7761 64.2005 -34.1504 
v 14.6256 64.0829 16.5086 
v 14.6256 64.0829 16.5086 
v -36.0336 64.1561 -15.6418 
v 46.7761 64.2005 -34.1504 
v -3.88305 64.2738 -66.3008 
v 14.6255 65.0829 16.5109 
v -36.0336 65.1561 -15.6395 
v 14.6256 64.0829 16.5086 
v -36.0336 64.1561 -15.6418 

vn -0.84252 0 -0.535433 
vn -0.84252 0 -0.535433 
vn -0.84252 0 -0.535433 
vn -0.84252 0 -0.535433 
vn 0 1 0 
vn 0 1 0 
vn 0 1 0 
vn 0 1 0 
vn 0.535433 0 -0.84252 
vn 0.535433 0 -0.84252 
vn 0.535433 0 -0.84252 
vn 0.535433 0 -0.84252 
vn 0.84252 0 0.535433 
vn 0.84252 0 0.535433 
vn 0.84252 0 0.535433 
vn 0.84252 0 0.535433 
vn 0 -1 0 
vn 0 -1 0 
vn 0 -1 0 
vn 0 -1 0 
vn -0.535433 0 0.84252 
vn -0.535433 0 0.84252 
vn -0.535433 0 0.84252 
vn -0.535433 0 0.84252 

vt 7.27111 3.69918 
vt -0.228887 3.69918 
vt 7.27111 3.57418 
vt -0.228887 3.57418 
vt 7.27111 3.69918 
vt -0.228887 3.69918 
vt 7.27111 -3.80082 
vt -0.228887 -3.80082 
vt 7.27111 3.69918 
vt -0.228887 3.69918 
vt 7.27111 3.57418 
vt -0.228887 3.57418 
vt 7.27111 3.69918 
vt -0.228887 3.69918 
vt 7.27111 3.57418 
vt -0.228887 3.57418 
vt 7.27111 3.69918 
vt -0.228887 3.69918 
vt 7.27111 -3.80082 
vt -0.228887 -3.80082 
vt 7.27111 3.69918 
vt -0.228887 3.69918 
vt 7.27111 3.57418 
vt -0.228887 3.57418 

usemtl Lava1Mtl

f 1201/1201/1201 1202/1202/1202 1203/1203/1203 
f 1203/1203/1203 1202/1202/1202 1204/1204/1204 
f 1205/1205/1205 1206/1206/1206 1207/1207/1207 
f 1207/1207/1207 1206/1206/1206 1208/1208/1208 
f 1209/1209/1209 1210/1210/1210 1211/1211/1211 
f 1211/1211/1211 1210/1210/1210 1212/1212/1212 
f 1213/1213/1213 1214/1214/1214 1215/1215/1215 
f 1215/1215/1215 1214/1214/1214 1216/1216/1216 
f 1217/1217/1217 1218/1218/1218 1219/1219/1219 
f 1219/1219/1219 1218/1218/1218 1220/1220/1220 
f 1221/1221/1221 1222/1222/1222 1223/1223/1223 
f 1223/1223/1223 1222/1222/1222 1224/1224/1224 

g Lava2

v -23.3462 65.2501 -56.1236 
v 36.6012 65.2443 -53.6112 
v -23.3462 64.2501 -56.1259 
v 36.6012 64.2443 -53.6135 
v 34.0887 65.1066 6.33605 
v 36.6012 65.2443 -53.6112 
v -25.8587 65.1124 3.8236 
v -23.3462 65.2501 -56.1236 
v 36.6012 65.2443 -53.6112 
v 34.0887 65.1066 6.33605 
v 36.6012 64.2443 -53.6135 
v 34.0887 64.1066 6.33375 
v 34.0887 65.1066 6.33605 
v -25.8587 65.1124 3.8236 
v 34.0887 64.1066 6.33375 
v -25.8587 64.1124 3.82131 
v -25.8587 64.1124 3.82131 
v -23.3462 64.2501 -56.1259 
v 34.0887 64.1066 6.33375 
v 36.6012 64.2443 -53.6135 
v -25.8587 65.1124 3.8236 
v -23.3462 65.2501 -56.1236 
v -25.8587 64.1124 3.82131 
v -23.3462 64.2501 -56.1259 

vn 0.0393701 0 -1 
vn 0.0393701 0 -1 
vn 0.0393701 0 -1 
vn 0.0393701 0 -1 
vn 0 1 0 
vn 0 1 0 
vn 0 1 0 
vn 0 1 0 
vn 1 0 0.0393701 
vn 1 0 0.0393701 
vn 1 0 0.0393701 
vn 1 0 0.0393701 
vn -0.0393701 0 1 
vn -0.0393701 0 1 
vn -0.0393701 0 1 
vn -0.0393701 0 1 
vn 0 -1 0 
vn 0 -1 0 
vn 0 -1 0 
vn 0 -1 0 
vn -1 0 -0.0393701 
vn -1 0 -0.0393701 
vn -1 0 -0.0393701 
vn -1 0 -0.0393701 

vt 4.84394 3.69918 
vt -2.65606 3.69918 
vt 4.84394 3.57418 
vt -2.65606 3.57418 
vt 4.84394 3.69918 
vt -2.65606 3.69918 
vt 4.84394 -3.80082 
vt -2.65606 -3.80082 
vt 4.84394 3.69918 
vt -2.65606 3.69918 
vt 4.84394 3.57418 
vt -2.65606 3.57418 
vt 4.84394 3.69918 
vt -2.65606 3.69918 
vt 4.84394 3.57418 
vt -2.65606 3.57418 
vt 4.84394 3.69918 
vt -2.65606 3.69918 
vt 4.84394 -3.80082 
vt -2.65606 -3.80082 
vt 4.84394 3.69918 
vt -2.65606 3.69918 
vt 4.84394 3.57418 
vt -2.65606 3.57418 

usemtl Lava1Mtl

f 1225/1225/1225 1226/1226/1226 1227/1227/1227 
f 1227/1227/1227 1226/1226/1226 1228/1228/1228 
f 1229/1229/1229 1230/1230/1230 1231/1231/1231 
f 1231/1231/1231 1230/1230/1230 1232/1232/1232 
f 1233/1233/1233 1234/1234/1234 1235/1235/1235 
f 1235/1235/1235 1234/1234/1234 1236/1236/1236 
f 1237/1237/1237 1238/1238/1238 1239/1239/1239 
f 1239/1239/1239 1238/1238/1238 1240/1240/1240 
f 1241/1241/1241 1242/1242/1242 1243/1243/1243 
f 1243/1243/1243 1242/1242/1242 1244/1244/1244 
f 1245/1245/1245 1246/1246/1246 1247/1247/1247 
f 1247/1247/1247 1246/1246/1246 1248/1248/1248 

g Lava3

v 18.0581 65.2723 -65.3788 
v 45.8564 65.1488 -12.207 
v 18.0581 64.2723 -65.3811 
v 45.8564 64.1488 -12.2093 
v -7.31557 65.0844 15.5913 
v 45.8564 65.1488 -12.207 
v -35.1139 65.2078 -37.5805 
v 18.0581 65.2723 -65.3788 
v 45.8564 65.1488 -12.207 
v -7.31557 65.0844 15.5913 
v 45.8564 64.1488 -12.2093 
v -7.31557 64.0844 15.5889 
v -7.31557 65.0844 15.5913 
v -35.1139 65.2078 -37.5805 
v -7.31557 64.0844 15.5889 
v -35.1139 64.2078 -37.5829 
v -35.1139 64.2078 -37.5829 
v 18.0581 64.2723 -65.3811 
v -7.31557 64.0844 15.5889 
v 45.8564 64.1488 -12.2093 
v -35.1139 65.2078 -37.5805 
v 18.0581 65.2723 -65.3788 
v -35.1139 64.2078 -37.5829 
v 18.0581 64.2723 -65.3811 

vn 0.889764 0 -0.464567 
vn 0.889764 0 -0.464567 
vn 0.889764 0 -0.464567 
vn 0.889764 0 -0.464567 
vn 0 1 0 
vn 0 1 0 
vn 0 1 0 
vn 0 1 0 
vn 0.464567 0 0.889764 
vn 0.464567 0 0.889764 
vn 0.464567 0 0.889764 
vn 0.464567 0 0.889764 
vn -0.889764 0 0.464567 
vn -0.889764 0 0.464567 
vn -0.889764 0 0.464567 
vn -0.889764 0 0.464567 
vn 0 -1 0 
vn 0 -1 0 
vn 0 -1 0 
vn 0 -1 0 
vn -0.464567 0 -0.889764 
vn -0.464567 0 -0.889764 
vn -0.464567 0 -0.889764 
vn -0.464567 0 -0.889764 

vt 4.80082 -5.29097 
vt -2.69918 -5.29097 
vt 4.80082 -5.41597 
vt -2.69918 -5.41597 
vt 4.80082 -5.29097 
vt -2.69918 -5.29097 
vt 4.80082 -12.791 
vt -2.69918 -12.791 
vt 4.80082 -5.29097 
vt -2.69918 -5.29097 
vt 4.80082 -5.41597 
vt -2.69918 -5.41597 
vt 4.80082 -5.29097 
vt -2.69918 -5.29097 
vt 4.80082 -5.41597 
vt -2.69918 -5.41597 
vt 4.80082 -5.29097 
vt -2.69918 -5.29097 
vt 4.80082 -12.791 
vt -2.69918 -12.791 
vt 4.80082 -5.29097 
vt -2.69918 -5.29097 
vt 4.80082 -5.41597 
vt -2.69918 -5.41597 

usemtl Lava1Mtl

f 1249/1249/1249 1250/1250/1250 1251/1251/1251 
f 1251/1251/1251 1250/1250/1250 1252/1252/1252 
f 1253/1253/1253 1254/1254/1254 1255/1255/1255 
f 1255/1255/1255 1254/1254/1254 1256/1256/1256 
f 1257/1257/1257 1258/1258/1258 1259/1259/1259 
f 1259/1259/1259 1258/1258/1258 1260/1260/1260 
f 1261/1261/1261 1262/1262/1262 1263/1263/1263 
f 1263/1263/1263 1262/1262/1262 1264/1264/1264 
f 1265/1265/1265 1266/1266/1266 1267/1267/1267 
f 1267/1267/1267 1266/1266/1266 1268/1268/1268 
f 1269/1269/1269 1270/1270/1270 1271/1271/1271 
f 1271/1271/1271 1270/1270/1270 1272/1272/1272 

g Volcanopart1

v -72.1335 35.9029 -46.9892 
v -128.696 15.0815 -85.7973 
v -70.3795 28.1799 -45.4022 
v -126.942 7.35845 -84.2102 
v -99.0046 13.1455 -128.034 
v -128.696 15.0815 -85.7973 
v -42.4419 33.9669 -89.2259 
v -72.1335 35.9029 -46.9892 
v -128.696 15.0815 -85.7973 
v -99.0046 13.1455 -128.034 
v -126.942 7.35845 -84.2102 
v -97.2505 5.42245 -126.447 
v -99.0046 13.1455 -128.034 
v -42.4419 33.9669 -89.2259 
v -97.2505 5.42245 -126.447 
v -40.6879 26.2439 -87.6389 
v -40.6879 26.2439 -87.6389 
v -70.3795 28.1799 -45.4022 
v -97.2505 5.42245 -126.447 
v -126.942 7.35845 -84.2102 
v -42.4419 33.9669 -89.2259 
v -72.1335 35.9029 -46.9892 
v -40.6879 26.2439 -87.6389 
v -70.3795 28.1799 -45.4022 

vn -0.574803 0.0393701 0.818898 
vn -0.574803 0.0393701 0.818898 
vn -0.574803 0.0393701 0.818898 
vn -0.574803 0.0393701 0.818898 
vn -0.220472 0.952756 -0.19685 
vn -0.220472 0.952756 -0.19685 
vn -0.220472 0.952756 -0.19685 
vn -0.220472 0.952756 -0.19685 
vn -0.787402 -0.291339 -0.543307 
vn -0.787402 -0.291339 -0.543307 
vn -0.787402 -0.291339 -0.543307 
vn -0.787402 -0.291339 -0.543307 
vn 0.574803 -0.0393701 -0.818898 
vn 0.574803 -0.0393701 -0.818898 
vn 0.574803 -0.0393701 -0.818898 
vn 0.574803 -0.0393701 -0.818898 
vn 0.220472 -0.952756 0.19685 
vn 0.220472 -0.952756 0.19685 
vn 0.220472 -0.952756 0.19685 
vn 0.220472 -0.952756 0.19685 
vn 0.787402 0.291339 0.543307 
vn 0.787402 0.291339 0.543307 
vn 0.787402 0.291339 0.543307 
vn 0.787402 0.291339 0.543307 

vt 4.05428 -1.12462 
vt -4.90651 -1.12462 
vt 4.05428 -2.13427 
vt -4.90651 -2.13427 
vt 1.55163 -1.12462 
vt -4.90651 -1.12462 
vt 1.55163 -10.0854 
vt -4.90651 -10.0854 
vt 1.55163 -1.12462 
vt -4.90651 -1.12462 
vt 1.55163 -2.13427 
vt -4.90651 -2.13427 
vt 4.05428 -1.12462 
vt -4.90651 -1.12462 
vt 4.05428 -2.13427 
vt -4.90651 -2.13427 
vt 1.55163 -1.12462 
vt -4.90651 -1.12462 
vt 1.55163 -10.0854 
vt -4.90651 -10.0854 
vt 1.55163 -1.12462 
vt -4.90651 -1.12462 
vt 1.55163 -2.13427 
vt -4.90651 -2.13427 

usemtl Volcanopart1Mtl

f 1273/1273/1273 1274/1274/1274 1275/1275/1275 
f 1275/1275/1275 1274/1274/1274 1276/1276/1276 
f 1277/1277/1277 1278/1278/1278 1279/1279/1279 
f 1279/1279/1279 1278/1278/1278 1280/1280/1280 
f 1281/1281/1281 1282/1282/1282 1283/1283/1283 
f 1283/1283/1283 1282/1282/1282 1284/1284/1284 
f 1285/1285/1285 1286/1286/1286 1287/1287/1287 
f 1287/1287/1287 1286/1286/1286 1288/1288/1288 
f 1289/1289/1289 1290/1290/1290 1291/1291/1291 
f 1291/1291/1291 1290/1290/1290 1292/1292/1292 
f 1293/1293/1293 1294/1294/1294 1295/1295/1295 
f 1295/1295/1295 1294/1294/1294 1296/1296/1296 

g Volcanopart2

v -20.4566 69.3137 -65.9855 
v -29.2935 27.2657 -131.953 
v -20.4416 64.7834 -63.0999 
v -29.2785 22.7354 -129.067 
v 11.1825 24.9047 -135.87 
v -29.2935 27.2657 -131.953 
v 20.0195 66.9527 -69.9028 
v -20.4566 69.3137 -65.9855 
v -29.2935 27.2657 -131.953 
v 11.1825 24.9047 -135.87 
v -29.2785 22.7354 -129.067 
v 11.1975 20.3744 -132.985 
v 11.1825 24.9047 -135.87 
v 20.0195 66.9527 -69.9028 
v 11.1975 20.3744 -132.985 
v 20.0345 62.4224 -67.0172 
v 20.0345 62.4224 -67.0172 
v -20.4416 64.7834 -63.0999 
v 11.1975 20.3744 -132.985 
v -29.2785 22.7354 -129.067 
v 20.0195 66.9527 -69.9028 
v -20.4566 69.3137 -65.9855 
v 20.0345 62.4224 -67.0172 
v -20.4416 64.7834 -63.0999 

vn -0.992126 0.0551181 0.0944882 
vn -0.992126 0.0551181 0.0944882 
vn -0.992126 0.0551181 0.0944882 
vn -0.992126 0.0551181 0.0944882 
vn 0 0.84252 -0.535433 
vn 0 0.84252 -0.535433 
vn 0 0.84252 -0.535433 
vn 0 0.84252 -0.535433 
vn -0.110236 -0.535433 -0.834646 
vn -0.110236 -0.535433 -0.834646 
vn -0.110236 -0.535433 -0.834646 
vn -0.110236 -0.535433 -0.834646 
vn 0.992126 -0.0551181 -0.0944882 
vn 0.992126 -0.0551181 -0.0944882 
vn 0.992126 -0.0551181 -0.0944882 
vn 0.992126 -0.0551181 -0.0944882 
vn 0 -0.84252 0.535433 
vn 0 -0.84252 0.535433 
vn 0 -0.84252 0.535433 
vn 0 -0.84252 0.535433 
vn 0.110236 0.535433 0.834646 
vn 0.110236 0.535433 0.834646 
vn 0.110236 0.535433 0.834646 
vn 0.110236 0.535433 0.834646 

vt 14.6012 5.66022 
vt 4.76036 5.66022 
vt 14.6012 4.98881 
vt 4.76036 4.98881 
vt 9.85207 5.66022 
vt 4.76036 5.66022 
vt 9.85207 -4.18058 
vt 4.76036 -4.18058 
vt 9.85207 5.66022 
vt 4.76036 5.66022 
vt 9.85207 4.98881 
vt 4.76036 4.98881 
vt 14.6012 5.66022 
vt 4.76036 5.66022 
vt 14.6012 4.98881 
vt 4.76036 4.98881 
vt 9.85207 5.66022 
vt 4.76036 5.66022 
vt 9.85207 -4.18058 
vt 4.76036 -4.18058 
vt 9.85207 5.66022 
vt 4.76036 5.66022 
vt 9.85207 4.98881 
vt 4.76036 4.98881 

usemtl Volcanopart1Mtl

f 1297/1297/1297 1298/1298/1298 1299/1299/1299 
f 1299/1299/1299 1298/1298/1298 1300/1300/1300 
f 1301/1301/1301 1302/1302/1302 1303/1303/1303 
f 1303/1303/1303 1302/1302/1302 1304/1304/1304 
f 1305/1305/1305 1306/1306/1306 1307/1307/1307 
f 1307/1307/1307 1306/1306/1306 1308/1308/1308 
f 1309/1309/1309 1310/1310/1310 1311/1311/1311 
f 1311/1311/1311 1310/1310/1310 1312/1312/1312 
f 1313/1313/1313 1314/1314/1314 1315/1315/1315 
f 1315/1315/1315 1314/1314/1314 1316/1316/1316 
f 1317/1317/1317 1318/1318/1318 1319/1319/1319 
f 1319/1319/1319 1318/1318/1318 1320/1320/1320 

g Volcanopart3

v 10.0069 49.0309 37.7796 
v -10.4525 17.8023 102.74 
v 10.3667 45.0088 35.9593 
v -10.0927 13.7802 100.92 
v -54.8602 19.7384 89.6844 
v -10.4525 17.8023 102.74 
v -34.4008 50.9669 24.724 
v 10.0069 49.0309 37.7796 
v -10.4525 17.8023 102.74 
v -54.8602 19.7384 89.6844 
v -10.0927 13.7802 100.92 
v -54.5004 15.7162 87.8642 
v -54.8602 19.7384 89.6844 
v -34.4008 50.9669 24.724 
v -54.5004 15.7162 87.8642 
v -34.0411 46.9448 22.9038 
v -34.0411 46.9448 22.9038 
v 10.3667 45.0088 35.9593 
v -54.5004 15.7162 87.8642 
v -10.0927 13.7802 100.92 
v -34.4008 50.9669 24.724 
v 10.0069 49.0309 37.7796 
v -34.0411 46.9448 22.9038 
v 10.3667 45.0088 35.9593 

vn 0.96063 -0.0393701 0.283465 
vn 0.96063 -0.0393701 0.283465 
vn 0.96063 -0.0393701 0.283465 
vn 0.96063 -0.0393701 0.283465 
vn -0.0787402 0.905512 0.409449 
vn -0.0787402 0.905512 0.409449 
vn -0.0787402 0.905512 0.409449 
vn -0.0787402 0.905512 0.409449 
vn -0.275591 -0.417323 0.866142 
vn -0.275591 -0.417323 0.866142 
vn -0.275591 -0.417323 0.866142 
vn -0.275591 -0.417323 0.866142 
vn -0.96063 0.0393701 -0.283465 
vn -0.96063 0.0393701 -0.283465 
vn -0.96063 0.0393701 -0.283465 
vn -0.96063 0.0393701 -0.283465 
vn 0.0787402 -0.905512 -0.409449 
vn 0.0787402 -0.905512 -0.409449 
vn 0.0787402 -0.905512 -0.409449 
vn 0.0787402 -0.905512 -0.409449 
vn 0.275591 0.417323 -0.866142 
vn 0.275591 0.417323 -0.866142 
vn 0.275591 0.417323 -0.866142 
vn 0.275591 0.417323 -0.866142 

vt 16.7453 -5.53437 
vt 7.37975 -5.53437 
vt 16.7453 -6.08805 
vt 7.37975 -6.08805 
vt 13.1707 -5.53437 
vt 7.37975 -5.53437 
vt 13.1707 -14.8999 
vt 7.37975 -14.8999 
vt 13.1707 -5.53437 
vt 7.37975 -5.53437 
vt 13.1707 -6.08805 
vt 7.37975 -6.08805 
vt 16.7453 -5.53437 
vt 7.37975 -5.53437 
vt 16.7453 -6.08805 
vt 7.37975 -6.08805 
vt 13.1707 -5.53437 
vt 7.37975 -5.53437 
vt 13.1707 -14.8999 
vt 7.37975 -14.8999 
vt 13.1707 -5.53437 
vt 7.37975 -5.53437 
vt 13.1707 -6.08805 
vt 7.37975 -6.08805 

usemtl Volcanopart1Mtl

f 1321/1321/1321 1322/1322/1322 1323/1323/1323 
f 1323/1323/1323 1322/1322/1322 1324/1324/1324 
f 1325/1325/1325 1326/1326/1326 1327/1327/1327 
f 1327/1327/1327 1326/1326/1326 1328/1328/1328 
f 1329/1329/1329 1330/1330/1330 1331/1331/1331 
f 1331/1331/1331 1330/1330/1330 1332/1332/1332 
f 1333/1333/1333 1334/1334/1334 1335/1335/1335 
f 1335/1335/1335 1334/1334/1334 1336/1336/1336 
f 1337/1337/1337 1338/1338/1338 1339/1339/1339 
f 1339/1339/1339 1338/1338/1338 1340/1340/1340 
f 1341/1341/1341 1342/1342/1342 1343/1343/1343 
f 1343/1343/1343 1342/1342/1342 1344/1344/1344 

g Volcanopart4

v 62.9409 43.0493 6.43328 
v 111.997 14.2662 66.2259 
v 61.9334 38.7113 5.17163 
v 110.99 9.92823 64.9643 
v 73.8369 14.0532 97.4314 
v 111.997 14.2662 66.2259 
v 24.7807 42.8362 37.6388 
v 62.9409 43.0493 6.43328 
v 111.997 14.2662 66.2259 
v 73.8369 14.0532 97.4314 
v 110.99 9.92823 64.9643 
v 72.8294 9.71518 96.1698 
v 73.8369 14.0532 97.4314 
v 24.7807 42.8362 37.6388 
v 72.8294 9.71518 96.1698 
v 23.7732 38.4982 36.3772 
v 23.7732 38.4982 36.3772 
v 61.9334 38.7113 5.17163 
v 72.8294 9.71518 96.1698 
v 110.99 9.92823 64.9643 
v 24.7807 42.8362 37.6388 
v 62.9409 43.0493 6.43328 
v 23.7732 38.4982 36.3772 
v 61.9334 38.7113 5.17163 

vn 0.771654 0.00787402 -0.629921 
vn 0.771654 0.00787402 -0.629921 
vn 0.771654 0.00787402 -0.629921 
vn 0.771654 0.00787402 -0.629921 
vn 0.220472 0.937008 0.275591 
vn 0.220472 0.937008 0.275591 
vn 0.220472 0.937008 0.275591 
vn 0.220472 0.937008 0.275591 
vn 0.590551 -0.346457 0.724409 
vn 0.590551 -0.346457 0.724409 
vn 0.590551 -0.346457 0.724409 
vn 0.590551 -0.346457 0.724409 
vn -0.771654 -0.00787402 0.629921 
vn -0.771654 -0.00787402 0.629921 
vn -0.771654 -0.00787402 0.629921 
vn -0.771654 -0.00787402 0.629921 
vn -0.220472 -0.937008 -0.275591 
vn -0.220472 -0.937008 -0.275591 
vn -0.220472 -0.937008 -0.275591 
vn -0.220472 -0.937008 -0.275591 
vn -0.590551 0.346457 -0.724409 
vn -0.590551 0.346457 -0.724409 
vn -0.590551 0.346457 -0.724409 
vn -0.590551 0.346457 -0.724409 

vt 8.01684 6.09388 
vt -2.2986 6.09388 
vt 8.01684 5.51529 
vt -2.2986 5.51529 
vt 3.86332 6.09388 
vt -2.2986 6.09388 
vt 3.86332 -4.22156 
vt -2.2986 -4.22156 
vt 3.86332 6.09388 
vt -2.2986 6.09388 
vt 3.86332 5.51529 
vt -2.2986 5.51529 
vt 8.01684 6.09388 
vt -2.2986 6.09388 
vt 8.01684 5.51529 
vt -2.2986 5.51529 
vt 3.86332 6.09388 
vt -2.2986 6.09388 
vt 3.86332 -4.22156 
vt -2.2986 -4.22156 
vt 3.86332 6.09388 
vt -2.2986 6.09388 
vt 3.86332 5.51529 
vt -2.2986 5.51529 

usemtl Volcanopart1Mtl

f 1345/1345/1345 1346/1346/1346 1347/1347/1347 
f 1347/1347/1347 1346/1346/1346 1348/1348/1348 
f 1349/1349/1349 1350/1350/1350 1351/1351/1351 
f 1351/1351/1351 1350/1350/1350 1352/1352/1352 
f 1353/1353/1353 1354/1354/1354 1355/1355/1355 
f 1355/1355/1355 1354/1354/1354 1356/1356/1356 
f 1357/1357/1357 1358/1358/1358 1359/1359/1359 
f 1359/1359/1359 1358/1358/1358 1360/1360/1360 
f 1361/1361/1361 1362/1362/1362 1363/1363/1363 
f 1363/1363/1363 1362/1362/1362 1364/1364/1364 
f 1365/1365/1365 1366/1366/1366 1367/1367/1367 
f 1367/1367/1367 1366/1366/1366 1368/1368/1368 

g Volcanopart5

v 34.3833 85.2312 -6.50163 
v 54.228 46.5852 29.6514 
v 32.7317 81.6448 -9.42867 
v 52.5764 42.9989 26.7243 
v 25.187 46.7795 45.7999 
v 54.228 46.5852 29.6514 
v 5.34231 85.4254 9.6469 
v 34.3833 85.2312 -6.50163 
v 54.228 46.5852 29.6514 
v 25.187 46.7795 45.7999 
v 52.5764 42.9989 26.7243 
v 23.5354 43.1932 42.8729 
v 25.187 46.7795 45.7999 
v 5.34231 85.4254 9.6469 
v 23.5354 43.1932 42.8729 
v 3.69071 81.8391 6.71986 
v 3.69071 81.8391 6.71986 
v 32.7317 81.6448 -9.42867 
v 23.5354 43.1932 42.8729 
v 52.5764 42.9989 26.7243 
v 5.34231 85.4254 9.6469 
v 34.3833 85.2312 -6.50163 
v 3.69071 81.8391 6.71986 
v 32.7317 81.6448 -9.42867 

vn 0.874016 -0.00787402 -0.488189 
vn 0.874016 -0.00787402 -0.488189 
vn 0.874016 -0.00787402 -0.488189 
vn 0.874016 -0.00787402 -0.488189 
vn 0.338583 0.732283 0.598425 
vn 0.338583 0.732283 0.598425 
vn 0.338583 0.732283 0.598425 
vn 0.338583 0.732283 0.598425 
vn 0.354331 -0.685039 0.637795 
vn 0.354331 -0.685039 0.637795 
vn 0.354331 -0.685039 0.637795 
vn 0.354331 -0.685039 0.637795 
vn -0.874016 0.00787402 0.488189 
vn -0.874016 0.00787402 0.488189 
vn -0.874016 0.00787402 0.488189 
vn -0.874016 0.00787402 0.488189 
vn -0.338583 -0.732283 -0.598425 
vn -0.338583 -0.732283 -0.598425 
vn -0.338583 -0.732283 -0.598425 
vn -0.338583 -0.732283 -0.598425 
vn -0.354331 0.685039 -0.637795 
vn -0.354331 0.685039 -0.637795 
vn -0.354331 0.685039 -0.637795 
vn -0.354331 0.685039 -0.637795 

vt 4.9869 -2.46105 
vt -2.07794 -2.46105 
vt 4.9869 -3.07542 
vt -2.07794 -3.07542 
vt 2.07574 -2.46105 
vt -2.07794 -2.46105 
vt 2.07574 -9.52588 
vt -2.07794 -9.52588 
vt 2.07574 -2.46105 
vt -2.07794 -2.46105 
vt 2.07574 -3.07542 
vt -2.07794 -3.07542 
vt 4.9869 -2.46105 
vt -2.07794 -2.46105 
vt 4.9869 -3.07542 
vt -2.07794 -3.07542 
vt 2.07574 -2.46105 
vt -2.07794 -2.46105 
vt 2.07574 -9.52588 
vt -2.07794 -9.52588 
vt 2.07574 -2.46105 
vt -2.07794 -2.46105 
vt 2.07574 -3.07542 
vt -2.07794 -3.07542 

usemtl Volcanopart1Mtl

f 1369/1369/1369 1370/1370/1370 1371/1371/1371 
f 1371/1371/1371 1370/1370/1370 1372/1372/1372 
f 1373/1373/1373 1374/1374/1374 1375/1375/1375 
f 1375/1375/1375 1374/1374/1374 1376/1376/1376 
f 1377/1377/1377 1378/1378/1378 1379/1379/1379 
f 1379/1379/1379 1378/1378/1378 1380/1380/1380 
f 1381/1381/1381 1382/1382/1382 1383/1383/1383 
f 1383/1383/1383 1382/1382/1382 1384/1384/1384 
f 1385/1385/1385 1386/1386/1386 1387/1387/1387 
f 1387/1387/1387 1386/1386/1386 1388/1388/1388 
f 1389/1389/1389 1390/1390/1390 1391/1391/1391 
f 1391/1391/1391 1390/1390/1390 1392/1392/1392 

g Volcanopart6

v 63.7367 57.6337 -6.48565 
v 99.7681 30.2019 21.1091 
v 61.6716 53.5759 -7.82312 
v 97.7031 26.1441 19.7717 
v 75.1429 31.6584 54.711 
v 99.7681 30.2019 21.1091 
v 39.1115 59.0902 27.1162 
v 63.7367 57.6337 -6.48565 
v 99.7681 30.2019 21.1091 
v 75.1429 31.6584 54.711 
v 97.7031 26.1441 19.7717 
v 73.0779 27.6006 53.3735 
v 75.1429 31.6584 54.711 
v 39.1115 59.0902 27.1162 
v 73.0779 27.6006 53.3735 
v 37.0464 55.0324 25.7788 
v 37.0464 55.0324 25.7788 
v 61.6716 53.5759 -7.82312 
v 73.0779 27.6006 53.3735 
v 97.7031 26.1441 19.7717 
v 39.1115 59.0902 27.1162 
v 63.7367 57.6337 -6.48565 
v 37.0464 55.0324 25.7788 
v 61.6716 53.5759 -7.82312 

vn 0.590551 -0.0314961 -0.80315 
vn 0.590551 -0.0314961 -0.80315 
vn 0.590551 -0.0314961 -0.80315 
vn 0.590551 -0.0314961 -0.80315 
vn 0.433071 0.858268 0.283465 
vn 0.433071 0.858268 0.283465 
vn 0.433071 0.858268 0.283465 
vn 0.433071 0.858268 0.283465 
vn 0.677165 -0.519685 0.519685 
vn 0.677165 -0.519685 0.519685 
vn 0.677165 -0.519685 0.519685 
vn 0.677165 -0.519685 0.519685 
vn -0.590551 0.0314961 0.80315 
vn -0.590551 0.0314961 0.80315 
vn -0.590551 0.0314961 0.80315 
vn -0.590551 0.0314961 0.80315 
vn -0.433071 -0.858268 -0.283465 
vn -0.433071 -0.858268 -0.283465 
vn -0.433071 -0.858268 -0.283465 
vn -0.433071 -0.858268 -0.283465 
vn -0.677165 0.519685 -0.519685 
vn -0.677165 0.519685 -0.519685 
vn -0.677165 0.519685 -0.519685 
vn -0.677165 0.519685 -0.519685 

vt 9.18771 2.53943 
vt 2.55889 2.53943 
vt 9.18771 1.94625 
vt 2.55889 1.94625 
vt 7.76946 2.53943 
vt 2.55889 2.53943 
vt 7.76946 -4.08939 
vt 2.55889 -4.08939 
vt 7.76946 2.53943 
vt 2.55889 2.53943 
vt 7.76946 1.94625 
vt 2.55889 1.94625 
vt 9.18771 2.53943 
vt 2.55889 2.53943 
vt 9.18771 1.94625 
vt 2.55889 1.94625 
vt 7.76946 2.53943 
vt 2.55889 2.53943 
vt 7.76946 -4.08939 
vt 2.55889 -4.08939 
vt 7.76946 2.53943 
vt 2.55889 2.53943 
vt 7.76946 1.94625 
vt 2.55889 1.94625 

usemtl Volcanopart1Mtl

f 1393/1393/1393 1394/1394/1394 1395/1395/1395 
f 1395/1395/1395 1394/1394/1394 1396/1396/1396 
f 1397/1397/1397 1398/1398/1398 1399/1399/1399 
f 1399/1399/1399 1398/1398/1398 1400/1400/1400 
f 1401/1401/1401 1402/1402/1402 1403/1403/1403 
f 1403/1403/1403 1402/1402/1402 1404/1404/1404 
f 1405/1405/1405 1406/1406/1406 1407/1407/1407 
f 1407/1407/1407 1406/1406/1406 1408/1408/1408 
f 1409/1409/1409 1410/1410/1410 1411/1411/1411 
f 1411/1411/1411 1410/1410/1410 1412/1412/1412 
f 1413/1413/1413 1414/1414/1414 1415/1415/1415 
f 1415/1415/1415 1414/1414/1414 1416/1416/1416 

g Volcanopart7

v -23.2034 96.0069 -35.1459 
v -56.4456 43.9531 -76.6017 
v -21.2097 92.1825 -31.9425 
v -54.4519 40.1287 -73.3983 
v -30.2549 42.0338 -95.1934 
v -56.4456 43.9531 -76.6017 
v 2.98731 94.0876 -53.7376 
v -23.2034 96.0069 -35.1459 
v -56.4456 43.9531 -76.6017 
v -30.2549 42.0338 -95.1934 
v -54.4519 40.1287 -73.3983 
v -28.2612 38.2094 -91.9899 
v -30.2549 42.0338 -95.1934 
v 2.98731 94.0876 -53.7376 
v -28.2612 38.2094 -91.9899 
v 4.98104 90.2632 -50.5341 
v 4.98104 90.2632 -50.5341 
v -21.2097 92.1825 -31.9425 
v -28.2612 38.2094 -91.9899 
v -54.4519 40.1287 -73.3983 
v 2.98731 94.0876 -53.7376 
v -23.2034 96.0069 -35.1459 
v 4.98104 90.2632 -50.5341 
v -21.2097 92.1825 -31.9425 

vn -0.811024 0.0629921 0.574803 
vn -0.811024 0.0629921 0.574803 
vn -0.811024 0.0629921 0.574803 
vn -0.811024 0.0629921 0.574803 
vn -0.370079 0.708661 -0.598425 
vn -0.370079 0.708661 -0.598425 
vn -0.370079 0.708661 -0.598425 
vn -0.370079 0.708661 -0.598425 
vn -0.448819 -0.700787 -0.559055 
vn -0.448819 -0.700787 -0.559055 
vn -0.448819 -0.700787 -0.559055 
vn -0.448819 -0.700787 -0.559055 
vn 0.811024 -0.0629921 -0.574803 
vn 0.811024 -0.0629921 -0.574803 
vn 0.811024 -0.0629921 -0.574803 
vn 0.811024 -0.0629921 -0.574803 
vn 0.370079 -0.708661 0.598425 
vn 0.370079 -0.708661 0.598425 
vn 0.370079 -0.708661 0.598425 
vn 0.370079 -0.708661 0.598425 
vn 0.448819 0.700787 0.559055 
vn 0.448819 0.700787 0.559055 
vn 0.448819 0.700787 0.559055 
vn 0.448819 0.700787 0.559055 

vt 10.0121 5.09103 
vt 0.713887 5.09103 
vt 10.0121 4.41947 
vt 0.713887 4.41947 
vt 4.73587 5.09103 
vt 0.713887 5.09103 
vt 4.73587 -4.20717 
vt 0.713887 -4.20717 
vt 4.73587 5.09103 
vt 0.713887 5.09103 
vt 4.73587 4.41947 
vt 0.713887 4.41947 
vt 10.0121 5.09103 
vt 0.713887 5.09103 
vt 10.0121 4.41947 
vt 0.713887 4.41947 
vt 4.73587 5.09103 
vt 0.713887 5.09103 
vt 4.73587 -4.20717 
vt 0.713887 -4.20717 
vt 4.73587 5.09103 
vt 0.713887 5.09103 
vt 4.73587 4.41947 
vt 0.713887 4.41947 

usemtl Volcanopart1Mtl

f 1417/1417/1417 1418/1418/1418 1419/1419/1419 
f 1419/1419/1419 1418/1418/1418 1420/1420/1420 
f 1421/1421/1421 1422/1422/1422 1423/1423/1423 
f 1423/1423/1423 1422/1422/1422 1424/1424/1424 
f 1425/1425/1425 1426/1426/1426 1427/1427/1427 
f 1427/1427/1427 1426/1426/1426 1428/1428/1428 
f 1429/1429/1429 1430/1430/1430 1431/1431/1431 
f 1431/1431/1431 1430/1430/1430 1432/1432/1432 
f 1433/1433/1433 1434/1434/1434 1435/1435/1435 
f 1435/1435/1435 1434/1434/1434 1436/1436/1436 
f 1437/1437/1437 1438/1438/1438 1439/1439/1439 
f 1439/1439/1439 1438/1438/1438 1440/1440/1440 

g Volcanopart8

v 78.1305 48.8506 -27.1772 
v 125.541 24.636 -13.3502 
v 74.6848 41.515 -28.2091 
v 122.095 17.3003 -14.3821 
v 112.822 24.5072 30.0359 
v 125.541 24.636 -13.3502 
v 65.4114 48.7218 16.2089 
v 78.1305 48.8506 -27.1772 
v 125.541 24.636 -13.3502 
v 112.822 24.5072 30.0359 
v 122.095 17.3003 -14.3821 
v 109.376 17.1715 29.004 
v 112.822 24.5072 30.0359 
v 65.4114 48.7218 16.2089 
v 109.376 17.1715 29.004 
v 61.9657 41.3862 15.177 
v 61.9657 41.3862 15.177 
v 74.6848 41.515 -28.2091 
v 109.376 17.1715 29.004 
v 122.095 17.3003 -14.3821 
v 65.4114 48.7218 16.2089 
v 78.1305 48.8506 -27.1772 
v 61.9657 41.3862 15.177 
v 74.6848 41.515 -28.2091 

vn 0.283465 0 -0.96063 
vn 0.283465 0 -0.96063 
vn 0.283465 0 -0.96063 
vn 0.283465 0 -0.96063 
vn 0.425197 0.897638 0.125984 
vn 0.425197 0.897638 0.125984 
vn 0.425197 0.897638 0.125984 
vn 0.425197 0.897638 0.125984 
vn 0.858268 -0.440945 0.251969 
vn 0.858268 -0.440945 0.251969 
vn 0.858268 -0.440945 0.251969 
vn 0.858268 -0.440945 0.251969 
vn -0.283465 0 0.96063 
vn -0.283465 0 0.96063 
vn -0.283465 0 0.96063 
vn -0.283465 0 0.96063 
vn -0.425197 -0.897638 -0.125984 
vn -0.425197 -0.897638 -0.125984 
vn -0.425197 -0.897638 -0.125984 
vn -0.425197 -0.897638 -0.125984 
vn -0.858268 0.440945 -0.251969 
vn -0.858268 0.440945 -0.251969 
vn -0.858268 0.440945 -0.251969 
vn -0.858268 0.440945 -0.251969 

vt 5.19778 -2.17801 
vt -1.67755 -2.17801 
vt 5.19778 -3.19926 
vt -1.67755 -3.19926 
vt 3.97397 -2.17801 
vt -1.67755 -2.17801 
vt 3.97397 -9.05335 
vt -1.67755 -9.05335 
vt 3.97397 -2.17801 
vt -1.67755 -2.17801 
vt 3.97397 -3.19926 
vt -1.67755 -3.19926 
vt 5.19778 -2.17801 
vt -1.67755 -2.17801 
vt 5.19778 -3.19926 
vt -1.67755 -3.19926 
vt 3.97397 -2.17801 
vt -1.67755 -2.17801 
vt 3.97397 -9.05335 
vt -1.67755 -9.05335 
vt 3.97397 -2.17801 
vt -1.67755 -2.17801 
vt 3.97397 -3.19926 
vt -1.67755 -3.19926 

usemtl Volcanopart1Mtl

f 1441/1441/1441 1442/1442/1442 1443/1443/1443 
f 1443/1443/1443 1442/1442/1442 1444/1444/1444 
f 1445/1445/1445 1446/1446/1446 1447/1447/1447 
f 1447/1447/1447 1446/1446/1446 1448/1448/1448 
f 1449/1449/1449 1450/1450/1450 1451/1451/1451 
f 1451/1451/1451 1450/1450/1450 1452/1452/1452 
f 1453/1453/1453 1454/1454/1454 1455/1455/1455 
f 1455/1455/1455 1454/1454/1454 1456/1456/1456 
f 1457/1457/1457 1458/1458/1458 1459/1459/1459 
f 1459/1459/1459 1458/1458/1458 1460/1460/1460 
f 1461/1461/1461 1462/1462/1462 1463/1463/1463 
f 1463/1463/1463 1462/1462/1462 1464/1464/1464 

g Volcanopart9

v -55.4717 19.2967 58.1682 
v -109.582 10.6176 99.4433 
v -54.714 12.7281 57.7803 
v -108.824 4.04902 99.0555 
v -144.965 9.29144 52.7781 
v -109.582 10.6176 99.4433 
v -90.8554 17.9705 11.503 
v -55.4717 19.2967 58.1682 
v -109.582 10.6176 99.4433 
v -144.965 9.29144 52.7781 
v -108.824 4.04902 99.0555 
v -144.207 2.72282 52.3902 
v -144.965 9.29144 52.7781 
v -90.8554 17.9705 11.503 
v -144.207 2.72282 52.3902 
v -90.0976 11.4019 11.1151 
v -90.0976 11.4019 11.1151 
v -54.714 12.7281 57.7803 
v -144.207 2.72282 52.3902 
v -108.824 4.04902 99.0555 
v -90.8554 17.9705 11.503 
v -55.4717 19.2967 58.1682 
v -90.0976 11.4019 11.1151 
v -54.714 12.7281 57.7803 

vn 0.606299 0.023622 0.795276 
vn 0.606299 0.023622 0.795276 
vn 0.606299 0.023622 0.795276 
vn 0.606299 0.023622 0.795276 
vn -0.11811 0.992126 0.0551181 
vn -0.11811 0.992126 0.0551181 
vn -0.11811 0.992126 0.0551181 
vn -0.11811 0.992126 0.0551181 
vn -0.787402 -0.125984 0.598425 
vn -0.787402 -0.125984 0.598425 
vn -0.787402 -0.125984 0.598425 
vn -0.787402 -0.125984 0.598425 
vn -0.606299 -0.023622 -0.795276 
vn -0.606299 -0.023622 -0.795276 
vn -0.606299 -0.023622 -0.795276 
vn -0.606299 -0.023622 -0.795276 
vn 0.11811 -0.992126 -0.0551181 
vn 0.11811 -0.992126 -0.0551181 
vn 0.11811 -0.992126 -0.0551181 
vn 0.11811 -0.992126 -0.0551181 
vn 0.787402 0.125984 -0.598425 
vn 0.787402 0.125984 -0.598425 
vn 0.787402 0.125984 -0.598425 
vn 0.787402 0.125984 -0.598425 

vt 12.6012 0.379097 
vt 4.02543 0.379097 
vt 12.6012 -0.448846 
vt 4.02543 -0.448846 
vt 11.3477 0.379097 
vt 4.02543 0.379097 
vt 11.3477 -8.1967 
vt 4.02543 -8.1967 
vt 11.3477 0.379097 
vt 4.02543 0.379097 
vt 11.3477 -0.448846 
vt 4.02543 -0.448846 
vt 12.6012 0.379097 
vt 4.02543 0.379097 
vt 12.6012 -0.448846 
vt 4.02543 -0.448846 
vt 11.3477 0.379097 
vt 4.02543 0.379097 
vt 11.3477 -8.1967 
vt 4.02543 -8.1967 
vt 11.3477 0.379097 
vt 4.02543 0.379097 
vt 11.3477 -0.448846 
vt 4.02543 -0.448846 

usemtl Volcanopart1Mtl

f 1465/1465/1465 1466/1466/1466 1467/1467/1467 
f 1467/1467/1467 1466/1466/1466 1468/1468/1468 
f 1469/1469/1469 1470/1470/1470 1471/1471/1471 
f 1471/1471/1471 1470/1470/1470 1472/1472/1472 
f 1473/1473/1473 1474/1474/1474 1475/1475/1475 
f 1475/1475/1475 1474/1474/1474 1476/1476/1476 
f 1477/1477/1477 1478/1478/1478 1479/1479/1479 
f 1479/1479/1479 1478/1478/1478 1480/1480/1480 
f 1481/1481/1481 1482/1482/1482 1483/1483/1483 
f 1483/1483/1483 1482/1482/1482 1484/1484/1484 
f 1485/1485/1485 1486/1486/1486 1487/1487/1487 
f 1487/1487/1487 1486/1486/1486 1488/1488/1488 

g Volcanopart10

v -9.20893 45.7382 -91.269 
v 1.13178 17.7954 -161.691 
v -9.65049 41.7111 -89.7359 
v 0.690219 13.7683 -160.158 
v 48.8403 15.5677 -153.802 
v 1.13178 17.7954 -161.691 
v 38.4996 43.5106 -83.3796 
v -9.20893 45.7382 -91.269 
v 1.13178 17.7954 -161.691 
v 48.8403 15.5677 -153.802 
v 0.690219 13.7683 -160.158 
v 48.3987 11.5406 -152.269 
v 48.8403 15.5677 -153.802 
v 38.4996 43.5106 -83.3796 
v 48.3987 11.5406 -152.269 
v 38.058 39.4834 -81.8465 
v 38.058 39.4834 -81.8465 
v -9.65049 41.7111 -89.7359 
v 48.3987 11.5406 -152.269 
v 0.690219 13.7683 -160.158 
v 38.4996 43.5106 -83.3796 
v -9.20893 45.7382 -91.269 
v 38.058 39.4834 -81.8465 
v -9.65049 41.7111 -89.7359 

vn -0.984252 0.0472441 -0.165354 
vn -0.984252 0.0472441 -0.165354 
vn -0.984252 0.0472441 -0.165354 
vn -0.984252 0.0472441 -0.165354 
vn 0.102362 0.929134 -0.354331 
vn 0.102362 0.929134 -0.354331 
vn 0.102362 0.929134 -0.354331 
vn 0.102362 0.929134 -0.354331 
vn 0.133858 -0.362205 -0.92126 
vn 0.133858 -0.362205 -0.92126 
vn 0.133858 -0.362205 -0.92126 
vn 0.133858 -0.362205 -0.92126 
vn 0.984252 -0.0472441 0.165354 
vn 0.984252 -0.0472441 0.165354 
vn 0.984252 -0.0472441 0.165354 
vn 0.984252 -0.0472441 0.165354 
vn -0.102362 -0.929134 0.354331 
vn -0.102362 -0.929134 0.354331 
vn -0.102362 -0.929134 0.354331 
vn -0.102362 -0.929134 0.354331 
vn -0.133858 0.362205 0.92126 
vn -0.133858 0.362205 0.92126 
vn -0.133858 0.362205 0.92126 
vn -0.133858 0.362205 0.92126 

vt 7.81005 -4.27584 
vt -1.74818 -4.27584 
vt 7.81005 -4.8173 
vt -1.74818 -4.8173 
vt 4.30279 -4.27584 
vt -1.74818 -4.27584 
vt 4.30279 -13.8341 
vt -1.74818 -13.8341 
vt 4.30279 -4.27584 
vt -1.74818 -4.27584 
vt 4.30279 -4.8173 
vt -1.74818 -4.8173 
vt 7.81005 -4.27584 
vt -1.74818 -4.27584 
vt 7.81005 -4.8173 
vt -1.74818 -4.8173 
vt 4.30279 -4.27584 
vt -1.74818 -4.27584 
vt 4.30279 -13.8341 
vt -1.74818 -13.8341 
vt 4.30279 -4.27584 
vt -1.74818 -4.27584 
vt 4.30279 -4.8173 
vt -1.74818 -4.8173 

usemtl Volcanopart1Mtl

f 1489/1489/1489 1490/1490/1490 1491/1491/1491 
f 1491/1491/1491 1490/1490/1490 1492/1492/1492 
f 1493/1493/1493 1494/1494/1494 1495/1495/1495 
f 1495/1495/1495 1494/1494/1494 1496/1496/1496 
f 1497/1497/1497 1498/1498/1498 1499/1499/1499 
f 1499/1499/1499 1498/1498/1498 1500/1500/1500 
f 1501/1501/1501 1502/1502/1502 1503/1503/1503 
f 1503/1503/1503 1502/1502/1502 1504/1504/1504 
f 1505/1505/1505 1506/1506/1506 1507/1507/1507 
f 1507/1507/1507 1506/1506/1506 1508/1508/1508 
f 1509/1509/1509 1510/1510/1510 1511/1511/1511 
f 1511/1511/1511 1510/1510/1510 1512/1512/1512 

g Volcanopart11

v -52.7027 59.5261 -9.67615 
v -103.175 29.2302 -14.74 
v -48.8876 53.0968 -9.23608 
v -99.3601 22.8009 -14.2999 
v -98.8367 28.9567 -56.3457 
v -103.175 29.2302 -14.74 
v -48.3643 59.2526 -51.2819 
v -52.7027 59.5261 -9.67615 
v -103.175 29.2302 -14.74 
v -98.8367 28.9567 -56.3457 
v -99.3601 22.8009 -14.2999 
v -95.0217 22.5274 -55.9056 
v -98.8367 28.9567 -56.3457 
v -48.3643 59.2526 -51.2819 
v -95.0217 22.5274 -55.9056 
v -44.5492 52.8233 -50.8418 
v -44.5492 52.8233 -50.8418 
v -48.8876 53.0968 -9.23608 
v -95.0217 22.5274 -55.9056 
v -99.3601 22.8009 -14.2999 
v -48.3643 59.2526 -51.2819 
v -52.7027 59.5261 -9.67615 
v -44.5492 52.8233 -50.8418 
v -48.8876 53.0968 -9.23608 

vn -0.102362 0.00787402 0.992126 
vn -0.102362 0.00787402 0.992126 
vn -0.102362 0.00787402 0.992126 
vn -0.102362 0.00787402 0.992126 
vn -0.511811 0.858268 -0.0551181 
vn -0.511811 0.858268 -0.0551181 
vn -0.511811 0.858268 -0.0551181 
vn -0.511811 0.858268 -0.0551181 
vn -0.850394 -0.511811 -0.0866142 
vn -0.850394 -0.511811 -0.0866142 
vn -0.850394 -0.511811 -0.0866142 
vn -0.850394 -0.511811 -0.0866142 
vn 0.102362 -0.00787402 -0.992126 
vn 0.102362 -0.00787402 -0.992126 
vn 0.102362 -0.00787402 -0.992126 
vn 0.102362 -0.00787402 -0.992126 
vn 0.511811 -0.858268 0.0551181 
vn 0.511811 -0.858268 0.0551181 
vn 0.511811 -0.858268 0.0551181 
vn 0.511811 -0.858268 0.0551181 
vn 0.850394 0.511811 0.0866142 
vn 0.850394 0.511811 0.0866142 
vn 0.850394 0.511811 0.0866142 
vn 0.850394 0.511811 0.0866142 

vt 7.18047 3.58615 
vt -0.205062 3.58615 
vt 7.18047 2.65003 
vt -0.205062 2.65003 
vt 5.02396 3.58615 
vt -0.205062 3.58615 
vt 5.02396 -3.79939 
vt -0.205062 -3.79939 
vt 5.02396 3.58615 
vt -0.205062 3.58615 
vt 5.02396 2.65003 
vt -0.205062 2.65003 
vt 7.18047 3.58615 
vt -0.205062 3.58615 
vt 7.18047 2.65003 
vt -0.205062 2.65003 
vt 5.02396 3.58615 
vt -0.205062 3.58615 
vt 5.02396 -3.79939 
vt -0.205062 -3.79939 
vt 5.02396 3.58615 
vt -0.205062 3.58615 
vt 5.02396 2.65003 
vt -0.205062 2.65003 

usemtl Volcanopart1Mtl

f 1513/1513/1513 1514/1514/1514 1515/1515/1515 
f 1515/1515/1515 1514/1514/1514 1516/1516/1516 
f 1517/1517/1517 1518/1518/1518 1519/1519/1519 
f 1519/1519/1519 1518/1518/1518 1520/1520/1520 
f 1521/1521/1521 1522/1522/1522 1523/1523/1523 
f 1523/1523/1523 1522/1522/1522 1524/1524/1524 
f 1525/1525/1525 1526/1526/1526 1527/1527/1527 
f 1527/1527/1527 1526/1526/1526 1528/1528/1528 
f 1529/1529/1529 1530/1530/1530 1531/1531/1531 
f 1531/1531/1531 1530/1530/1530 1532/1532/1532 
f 1533/1533/1533 1534/1534/1534 1535/1535/1535 
f 1535/1535/1535 1534/1534/1534 1536/1536/1536 

g Volcanopart12

v -103.684 19.7864 -42.0227 
v -156.712 11.2551 -65.6824 
v -102.953 14.3969 -41.718 
v -155.981 5.86554 -65.3776 
v -133.225 11.4603 -118.398 
v -156.712 11.2551 -65.6824 
v -80.1969 19.9916 -94.7381 
v -103.684 19.7864 -42.0227 
v -156.712 11.2551 -65.6824 
v -133.225 11.4603 -118.398 
v -155.981 5.86554 -65.3776 
v -132.494 6.07072 -118.093 
v -133.225 11.4603 -118.398 
v -80.1969 19.9916 -94.7381 
v -132.494 6.07072 -118.093 
v -79.4658 14.6021 -94.4333 
v -79.4658 14.6021 -94.4333 
v -102.953 14.3969 -41.718 
v -132.494 6.07072 -118.093 
v -155.981 5.86554 -65.3776 
v -80.1969 19.9916 -94.7381 
v -103.684 19.7864 -42.0227 
v -79.4658 14.6021 -94.4333 
v -102.953 14.3969 -41.718 

vn -0.409449 0 0.913386 
vn -0.409449 0 0.913386 
vn -0.409449 0 0.913386 
vn -0.409449 0 0.913386 
vn -0.133858 0.992126 -0.0551181 
vn -0.133858 0.992126 -0.0551181 
vn -0.133858 0.992126 -0.0551181 
vn -0.133858 0.992126 -0.0551181 
vn -0.905512 -0.141732 -0.401575 
vn -0.905512 -0.141732 -0.401575 
vn -0.905512 -0.141732 -0.401575 
vn -0.905512 -0.141732 -0.401575 
vn 0.409449 0 -0.913386 
vn 0.409449 0 -0.913386 
vn 0.409449 0 -0.913386 
vn 0.409449 0 -0.913386 
vn 0.133858 -0.992126 0.0551181 
vn 0.133858 -0.992126 0.0551181 
vn 0.133858 -0.992126 0.0551181 
vn 0.133858 -0.992126 0.0551181 
vn 0.905512 0.141732 0.401575 
vn 0.905512 0.141732 0.401575 
vn 0.905512 0.141732 0.401575 
vn 0.905512 0.141732 0.401575 

vt 3.91959 3.3258 
vt -3.41667 3.3258 
vt 3.91959 2.64488 
vt -3.41667 2.64488 
vt 3.79724 3.3258 
vt -3.41667 3.3258 
vt 3.79724 -4.01045 
vt -3.41667 -4.01045 
vt 3.79724 3.3258 
vt -3.41667 3.3258 
vt 3.79724 2.64488 
vt -3.41667 2.64488 
vt 3.91959 3.3258 
vt -3.41667 3.3258 
vt 3.91959 2.64488 
vt -3.41667 2.64488 
vt 3.79724 3.3258 
vt -3.41667 3.3258 
vt 3.79724 -4.01045 
vt -3.41667 -4.01045 
vt 3.79724 3.3258 
vt -3.41667 3.3258 
vt 3.79724 2.64488 
vt -3.41667 2.64488 

usemtl Volcanopart1Mtl

f 1537/1537/1537 1538/1538/1538 1539/1539/1539 
f 1539/1539/1539 1538/1538/1538 1540/1540/1540 
f 1541/1541/1541 1542/1542/1542 1543/1543/1543 
f 1543/1543/1543 1542/1542/1542 1544/1544/1544 
f 1545/1545/1545 1546/1546/1546 1547/1547/1547 
f 1547/1547/1547 1546/1546/1546 1548/1548/1548 
f 1549/1549/1549 1550/1550/1550 1551/1551/1551 
f 1551/1551/1551 1550/1550/1550 1552/1552/1552 
f 1553/1553/1553 1554/1554/1554 1555/1555/1555 
f 1555/1555/1555 1554/1554/1554 1556/1556/1556 
f 1557/1557/1557 1558/1558/1558 1559/1559/1559 
f 1559/1559/1559 1558/1558/1558 1560/1560/1560 

g Volcanopart13

v 42.8708 39.1076 34.5194 
v 57.4246 13.1483 107.516 
v 42.3081 33.5169 32.6434 
v 56.8619 7.55758 105.64 
v 8.36326 14.6274 117.824 
v 57.4246 13.1483 107.516 
v -6.19054 40.5867 44.8271 
v 42.8708 39.1076 34.5194 
v 57.4246 13.1483 107.516 
v 8.36326 14.6274 117.824 
v 56.8619 7.55758 105.64 
v 7.80057 9.03671 115.948 
v 8.36326 14.6274 117.824 
v -6.19054 40.5867 44.8271 
v 7.80057 9.03671 115.948 
v -6.75323 34.996 42.9511 
v -6.75323 34.996 42.9511 
v 42.3081 33.5169 32.6434 
v 7.80057 9.03671 115.948 
v 56.8619 7.55758 105.64 
v -6.19054 40.5867 44.8271 
v 42.8708 39.1076 34.5194 
v -6.75323 34.996 42.9511 
v 42.3081 33.5169 32.6434 

vn 0.976378 -0.0314961 -0.204724 
vn 0.976378 -0.0314961 -0.204724 
vn 0.976378 -0.0314961 -0.204724 
vn 0.976378 -0.0314961 -0.204724 
vn 0.0944882 0.944882 0.314961 
vn 0.0944882 0.944882 0.314961 
vn 0.0944882 0.944882 0.314961 
vn 0.0944882 0.944882 0.314961 
vn 0.181102 -0.330709 0.929134 
vn 0.181102 -0.330709 0.929134 
vn 0.181102 -0.330709 0.929134 
vn 0.181102 -0.330709 0.929134 
vn -0.976378 0.0314961 0.204724 
vn -0.976378 0.0314961 0.204724 
vn -0.976378 0.0314961 0.204724 
vn -0.976378 0.0314961 0.204724 
vn -0.0944882 -0.944882 -0.314961 
vn -0.0944882 -0.944882 -0.314961 
vn -0.0944882 -0.944882 -0.314961 
vn -0.0944882 -0.944882 -0.314961 
vn -0.181102 0.330709 -0.929134 
vn -0.181102 0.330709 -0.929134 
vn -0.181102 0.330709 -0.929134 
vn -0.181102 0.330709 -0.929134 

vt 17.6301 -7.22287 
vt 7.77624 -7.22287 
vt 17.6301 -7.96336 
vt 7.77624 -7.96336 
vt 14.0455 -7.22287 
vt 7.77624 -7.22287 
vt 14.0455 -17.0767 
vt 7.77624 -17.0767 
vt 14.0455 -7.22287 
vt 7.77624 -7.22287 
vt 14.0455 -7.96336 
vt 7.77624 -7.96336 
vt 17.6301 -7.22287 
vt 7.77624 -7.22287 
vt 17.6301 -7.96336 
vt 7.77624 -7.96336 
vt 14.0455 -7.22287 
vt 7.77624 -7.22287 
vt 14.0455 -17.0767 
vt 7.77624 -17.0767 
vt 14.0455 -7.22287 
vt 7.77624 -7.22287 
vt 14.0455 -7.96336 
vt 7.77624 -7.96336 

usemtl Volcanopart1Mtl

f 1561/1561/1561 1562/1562/1562 1563/1563/1563 
f 1563/1563/1563 1562/1562/1562 1564/1564/1564 
f 1565/1565/1565 1566/1566/1566 1567/1567/1567 
f 1567/1567/1567 1566/1566/1566 1568/1568/1568 
f 1569/1569/1569 1570/1570/1570 1571/1571/1571 
f 1571/1571/1571 1570/1570/1570 1572/1572/1572 
f 1573/1573/1573 1574/1574/1574 1575/1575/1575 
f 1575/1575/1575 1574/1574/1574 1576/1576/1576 
f 1577/1577/1577 1578/1578/1578 1579/1579/1579 
f 1579/1579/1579 1578/1578/1578 1580/1580/1580 
f 1581/1581/1581 1582/1582/1582 1583/1583/1583 
f 1583/1583/1583 1582/1582/1582 1584/1584/1584 

g Volcanopart14

v 8.81415 76.268 -66.149 
v 31.8766 39.3481 -104.947 
v 7.01705 70.5526 -61.7785 
v 30.0795 33.6327 -100.576 
v 63.5875 41.9201 -88.5441 
v 31.8766 39.3481 -104.947 
v 40.525 78.84 -49.7466 
v 8.81415 76.268 -66.149 
v 31.8766 39.3481 -104.947 
v 63.5875 41.9201 -88.5441 
v 30.0795 33.6327 -100.576 
v 61.7904 36.2047 -84.1735 
v 63.5875 41.9201 -88.5441 
v 40.525 78.84 -49.7466 
v 61.7904 36.2047 -84.1735 
v 38.7279 73.1246 -45.376 
v 38.7279 73.1246 -45.376 
v 7.01705 70.5526 -61.7785 
v 61.7904 36.2047 -84.1735 
v 30.0795 33.6327 -100.576 
v 40.525 78.84 -49.7466 
v 8.81415 76.268 -66.149 
v 38.7279 73.1246 -45.376 
v 7.01705 70.5526 -61.7785 

vn -0.889764 -0.0708661 -0.456693 
vn -0.889764 -0.0708661 -0.456693 
vn -0.889764 -0.0708661 -0.456693 
vn -0.889764 -0.0708661 -0.456693 
vn 0.244094 0.771654 -0.590551 
vn 0.244094 0.771654 -0.590551 
vn 0.244094 0.771654 -0.590551 
vn 0.244094 0.771654 -0.590551 
vn 0.393701 -0.629921 -0.661417 
vn 0.393701 -0.629921 -0.661417 
vn 0.393701 -0.629921 -0.661417 
vn 0.393701 -0.629921 -0.661417 
vn 0.889764 0.0708661 0.456693 
vn 0.889764 0.0708661 0.456693 
vn 0.889764 0.0708661 0.456693 
vn 0.889764 0.0708661 0.456693 
vn -0.244094 -0.771654 0.590551 
vn -0.244094 -0.771654 0.590551 
vn -0.244094 -0.771654 0.590551 
vn -0.244094 -0.771654 0.590551 
vn -0.393701 0.629921 0.661417 
vn -0.393701 0.629921 0.661417 
vn -0.393701 0.629921 0.661417 
vn -0.393701 0.629921 0.661417 

vt 9.91716 -5.30804 
vt 2.62825 -5.30804 
vt 9.91716 -6.23504 
vt 2.62825 -6.23504 
vt 7.10254 -5.30804 
vt 2.62825 -5.30804 
vt 7.10254 -12.5969 
vt 2.62825 -12.5969 
vt 7.10254 -5.30804 
vt 2.62825 -5.30804 
vt 7.10254 -6.23504 
vt 2.62825 -6.23504 
vt 9.91716 -5.30804 
vt 2.62825 -5.30804 
vt 9.91716 -6.23504 
vt 2.62825 -6.23504 
vt 7.10254 -5.30804 
vt 2.62825 -5.30804 
vt 7.10254 -12.5969 
vt 2.62825 -12.5969 
vt 7.10254 -5.30804 
vt 2.62825 -5.30804 
vt 7.10254 -6.23504 
vt 2.62825 -6.23504 

usemtl Volcanopart1Mtl

f 1585/1585/1585 1586/1586/1586 1587/1587/1587 
f 1587/1587/1587 1586/1586/1586 1588/1588/1588 
f 1589/1589/1589 1590/1590/1590 1591/1591/1591 
f 1591/1591/1591 1590/1590/1590 1592/1592/1592 
f 1593/1593/1593 1594/1594/1594 1595/1595/1595 
f 1595/1595/1595 1594/1594/1594 1596/1596/1596 
f 1597/1597/1597 1598/1598/1598 1599/1599/1599 
f 1599/1599/1599 1598/1598/1598 1600/1600/1600 
f 1601/1601/1601 1602/1602/1602 1603/1603/1603 
f 1603/1603/1603 1602/1602/1602 1604/1604/1604 
f 1605/1605/1605 1606/1606/1606 1607/1607/1607 
f 1607/1607/1607 1606/1606/1606 1608/1608/1608 

g Volcanopart15

v -37.372 51.2775 13.6455 
v -108.923 16.1939 37.2627 
v -34.7863 45.1321 12.3504 
v -106.338 10.0486 35.9675 
v -124.463 18.7709 -5.98859 
v -108.923 16.1939 37.2627 
v -52.9116 53.8545 -29.6057 
v -37.372 51.2775 13.6455 
v -108.923 16.1939 37.2627 
v -124.463 18.7709 -5.98859 
v -106.338 10.0486 35.9675 
v -121.877 12.6255 -7.28377 
v -124.463 18.7709 -5.98859 
v -52.9116 53.8545 -29.6057 
v -121.877 12.6255 -7.28377 
v -50.3259 47.7091 -30.9009 
v -50.3259 47.7091 -30.9009 
v -34.7863 45.1321 12.3504 
v -121.877 12.6255 -7.28377 
v -106.338 10.0486 35.9675 
v -52.9116 53.8545 -29.6057 
v -37.372 51.2775 13.6455 
v -50.3259 47.7091 -30.9009 
v -34.7863 45.1321 12.3504 

vn 0.338583 -0.0551181 0.937008 
vn 0.338583 -0.0551181 0.937008 
vn 0.338583 -0.0551181 0.937008 
vn 0.338583 -0.0551181 0.937008 
vn -0.377953 0.905512 0.188976 
vn -0.377953 0.905512 0.188976 
vn -0.377953 0.905512 0.188976 
vn -0.377953 0.905512 0.188976 
vn -0.858268 -0.425197 0.283465 
vn -0.858268 -0.425197 0.283465 
vn -0.858268 -0.425197 0.283465 
vn -0.858268 -0.425197 0.283465 
vn -0.338583 0.0551181 -0.937008 
vn -0.338583 0.0551181 -0.937008 
vn -0.338583 0.0551181 -0.937008 
vn -0.338583 0.0551181 -0.937008 
vn 0.377953 -0.905512 -0.188976 
vn 0.377953 -0.905512 -0.188976 
vn 0.377953 -0.905512 -0.188976 
vn 0.377953 -0.905512 -0.188976 
vn 0.858268 0.425197 -0.283465 
vn 0.858268 0.425197 -0.283465 
vn 0.858268 0.425197 -0.283465 
vn 0.858268 0.425197 -0.283465 

vt 15.9514 -2.51924 
vt 5.56195 -2.51924 
vt 15.9514 -3.36823 
vt 5.56195 -3.36823 
vt 11.3157 -2.51924 
vt 5.56195 -2.51924 
vt 11.3157 -12.9087 
vt 5.56195 -12.9087 
vt 11.3157 -2.51924 
vt 5.56195 -2.51924 
vt 11.3157 -3.36823 
vt 5.56195 -3.36823 
vt 15.9514 -2.51924 
vt 5.56195 -2.51924 
vt 15.9514 -3.36823 
vt 5.56195 -3.36823 
vt 11.3157 -2.51924 
vt 5.56195 -2.51924 
vt 11.3157 -12.9087 
vt 5.56195 -12.9087 
vt 11.3157 -2.51924 
vt 5.56195 -2.51924 
vt 11.3157 -3.36823 
vt 5.56195 -3.36823 

usemtl Volcanopart1Mtl

f 1609/1609/1609 1610/1610/1610 1611/1611/1611 
f 1611/1611/1611 1610/1610/1610 1612/1612/1612 
f 1613/1613/1613 1614/1614/1614 1615/1615/1615 
f 1615/1615/1615 1614/1614/1614 1616/1616/1616 
f 1617/1617/1617 1618/1618/1618 1619/1619/1619 
f 1619/1619/1619 1618/1618/1618 1620/1620/1620 
f 1621/1621/1621 1622/1622/1622 1623/1623/1623 
f 1623/1623/1623 1622/1622/1622 1624/1624/1624 
f 1625/1625/1625 1626/1626/1626 1627/1627/1627 
f 1627/1627/1627 1626/1626/1626 1628/1628/1628 
f 1629/1629/1629 1630/1630/1630 1631/1631/1631 
f 1631/1631/1631 1630/1630/1630 1632/1632/1632 

g Volcanopart16

v 41.3682 85.2376 -20.6699 
v 80.8633 42.4679 6.46704 
v 38.5728 81.2967 -22.8126 
v 78.0679 38.527 4.32435 
v 60.8678 41.5851 34.1773 
v 80.8633 42.4679 6.46704 
v 21.3726 84.3548 7.04036 
v 41.3682 85.2376 -20.6699 
v 80.8633 42.4679 6.46704 
v 60.8678 41.5851 34.1773 
v 78.0679 38.527 4.32435 
v 58.0724 37.6442 32.0346 
v 60.8678 41.5851 34.1773 
v 21.3726 84.3548 7.04036 
v 58.0724 37.6442 32.0346 
v 18.5772 80.4139 4.89767 
v 18.5772 80.4139 4.89767 
v 38.5728 81.2967 -22.8126 
v 58.0724 37.6442 32.0346 
v 78.0679 38.527 4.32435 
v 21.3726 84.3548 7.04036 
v 41.3682 85.2376 -20.6699 
v 18.5772 80.4139 4.89767 
v 38.5728 81.2967 -22.8126 

vn 0.582677 0.023622 -0.811024 
vn 0.582677 0.023622 -0.811024 
vn 0.582677 0.023622 -0.811024 
vn 0.582677 0.023622 -0.811024 
vn 0.527559 0.748031 0.401575 
vn 0.527559 0.748031 0.401575 
vn 0.527559 0.748031 0.401575 
vn 0.527559 0.748031 0.401575 
vn 0.614173 -0.669291 0.425197 
vn 0.614173 -0.669291 0.425197 
vn 0.614173 -0.669291 0.425197 
vn 0.614173 -0.669291 0.425197 
vn -0.582677 -0.023622 0.811024 
vn -0.582677 -0.023622 0.811024 
vn -0.582677 -0.023622 0.811024 
vn -0.582677 -0.023622 0.811024 
vn -0.527559 -0.748031 -0.401575 
vn -0.527559 -0.748031 -0.401575 
vn -0.527559 -0.748031 -0.401575 
vn -0.527559 -0.748031 -0.401575 
vn -0.614173 0.669291 -0.425197 
vn -0.614173 0.669291 -0.425197 
vn -0.614173 0.669291 -0.425197 
vn -0.614173 0.669291 -0.425197 

vt 6.42377 2.61972 
vt -1.60502 2.61972 
vt 6.42377 1.95904 
vt -1.60502 1.95904 
vt 2.66782 2.61972 
vt -1.60502 2.61972 
vt 2.66782 -5.40907 
vt -1.60502 -5.40907 
vt 2.66782 2.61972 
vt -1.60502 2.61972 
vt 2.66782 1.95904 
vt -1.60502 1.95904 
vt 6.42377 2.61972 
vt -1.60502 2.61972 
vt 6.42377 1.95904 
vt -1.60502 1.95904 
vt 2.66782 2.61972 
vt -1.60502 2.61972 
vt 2.66782 -5.40907 
vt -1.60502 -5.40907 
vt 2.66782 2.61972 
vt -1.60502 2.61972 
vt 2.66782 1.95904 
vt -1.60502 1.95904 

usemtl Volcanopart1Mtl

f 1633/1633/1633 1634/1634/1634 1635/1635/1635 
f 1635/1635/1635 1634/1634/1634 1636/1636/1636 
f 1637/1637/1637 1638/1638/1638 1639/1639/1639 
f 1639/1639/1639 1638/1638/1638 1640/1640/1640 
f 1641/1641/1641 1642/1642/1642 1643/1643/1643 
f 1643/1643/1643 1642/1642/1642 1644/1644/1644 
f 1645/1645/1645 1646/1646/1646 1647/1647/1647 
f 1647/1647/1647 1646/1646/1646 1648/1648/1648 
f 1649/1649/1649 1650/1650/1650 1651/1651/1651 
f 1651/1651/1651 1650/1650/1650 1652/1652/1652 
f 1653/1653/1653 1654/1654/1654 1655/1655/1655 
f 1655/1655/1655 1654/1654/1654 1656/1656/1656 

g Volcanopart17

v 36.0518 69.7164 -64.5057 
v 80.0381 34.3797 -89.5223 
v 33.2007 65.2008 -63.1404 
v 77.187 29.8641 -88.157 
v 98.4759 33.091 -55.2832 
v 80.0381 34.3797 -89.5223 
v 54.4896 68.4277 -30.2666 
v 36.0518 69.7164 -64.5057 
v 80.0381 34.3797 -89.5223 
v 98.4759 33.091 -55.2832 
v 77.187 29.8641 -88.157 
v 95.6247 28.5754 -53.9178 
v 98.4759 33.091 -55.2832 
v 54.4896 68.4277 -30.2666 
v 95.6247 28.5754 -53.9178 
v 51.6385 63.9121 -28.9012 
v 51.6385 63.9121 -28.9012 
v 33.2007 65.2008 -63.1404 
v 95.6247 28.5754 -53.9178 
v 77.187 29.8641 -88.157 
v 54.4896 68.4277 -30.2666 
v 36.0518 69.7164 -64.5057 
v 51.6385 63.9121 -28.9012 
v 33.2007 65.2008 -63.1404 

vn -0.472441 0.0314961 -0.88189 
vn -0.472441 0.0314961 -0.88189 
vn -0.472441 0.0314961 -0.88189 
vn -0.472441 0.0314961 -0.88189 
vn 0.519685 0.818898 -0.244094 
vn 0.519685 0.818898 -0.244094 
vn 0.519685 0.818898 -0.244094 
vn 0.519685 0.818898 -0.244094 
vn 0.716535 -0.574803 -0.401575 
vn 0.716535 -0.574803 -0.401575 
vn 0.716535 -0.574803 -0.401575 
vn 0.716535 -0.574803 -0.401575 
vn 0.472441 -0.0314961 0.88189 
vn 0.472441 -0.0314961 0.88189 
vn 0.472441 -0.0314961 0.88189 
vn 0.472441 -0.0314961 0.88189 
vn -0.519685 -0.818898 0.244094 
vn -0.519685 -0.818898 0.244094 
vn -0.519685 -0.818898 0.244094 
vn -0.519685 -0.818898 0.244094 
vn -0.716535 0.574803 0.401575 
vn -0.716535 0.574803 0.401575 
vn -0.716535 0.574803 0.401575 
vn -0.716535 0.574803 0.401575 

vt 12.3205 4.57598 
vt 4.6056 4.57598 
vt 12.3205 3.88696 
vt 4.6056 3.88696 
vt 9.46926 4.57598 
vt 4.6056 4.57598 
vt 9.46926 -3.13896 
vt 4.6056 -3.13896 
vt 9.46926 4.57598 
vt 4.6056 4.57598 
vt 9.46926 3.88696 
vt 4.6056 3.88696 
vt 12.3205 4.57598 
vt 4.6056 4.57598 
vt 12.3205 3.88696 
vt 4.6056 3.88696 
vt 9.46926 4.57598 
vt 4.6056 4.57598 
vt 9.46926 -3.13896 
vt 4.6056 -3.13896 
vt 9.46926 4.57598 
vt 4.6056 4.57598 
vt 9.46926 3.88696 
vt 4.6056 3.88696 

usemtl Volcanopart1Mtl

f 1657/1657/1657 1658/1658/1658 1659/1659/1659 
f 1659/1659/1659 1658/1658/1658 1660/1660/1660 
f 1661/1661/1661 1662/1662/1662 1663/1663/1663 
f 1663/1663/1663 1662/1662/1662 1664/1664/1664 
f 1665/1665/1665 1666/1666/1666 1667/1667/1667 
f 1667/1667/1667 1666/1666/1666 1668/1668/1668 
f 1669/1669/1669 1670/1670/1670 1671/1671/1671 
f 1671/1671/1671 1670/1670/1670 1672/1672/1672 
f 1673/1673/1673 1674/1674/1674 1675/1675/1675 
f 1675/1675/1675 1674/1674/1674 1676/1676/1676 
f 1677/1677/1677 1678/1678/1678 1679/1679/1679 
f 1679/1679/1679 1678/1678/1678 1680/1680/1680 

g Volcanopart18

v -25.8918 40.1046 -99.2304 
v -30.9682 18.6628 -155.833 
v -25.6135 33.3259 -96.6875 
v -30.6898 11.8842 -153.29 
v 17.7707 18.9795 -160.324 
v -30.9682 18.6628 -155.833 
v 22.8471 40.4213 -103.721 
v -25.8918 40.1046 -99.2304 
v -30.9682 18.6628 -155.833 
v 17.7707 18.9795 -160.324 
v -30.6898 11.8842 -153.29 
v 18.0491 12.2009 -157.781 
v 17.7707 18.9795 -160.324 
v 22.8471 40.4213 -103.721 
v 18.0491 12.2009 -157.781 
v 23.1255 33.6427 -101.179 
v 23.1255 33.6427 -101.179 
v -25.6135 33.3259 -96.6875 
v 18.0491 12.2009 -157.781 
v -30.6898 11.8842 -153.29 
v 22.8471 40.4213 -103.721 
v -25.8918 40.1046 -99.2304 
v 23.1255 33.6427 -101.179 
v -25.6135 33.3259 -96.6875 

vn -0.992126 -0.00787402 0.0944882 
vn -0.992126 -0.00787402 0.0944882 
vn -0.992126 -0.00787402 0.0944882 
vn -0.992126 -0.00787402 0.0944882 
vn -0.0393701 0.937008 -0.354331 
vn -0.0393701 0.937008 -0.354331 
vn -0.0393701 0.937008 -0.354331 
vn -0.0393701 0.937008 -0.354331 
vn -0.0866142 -0.354331 -0.929134 
vn -0.0866142 -0.354331 -0.929134 
vn -0.0866142 -0.354331 -0.929134 
vn -0.0866142 -0.354331 -0.929134 
vn 0.992126 0.00787402 -0.0944882 
vn 0.992126 0.00787402 -0.0944882 
vn 0.992126 0.00787402 -0.0944882 
vn 0.992126 0.00787402 -0.0944882 
vn 0.0393701 -0.937008 0.354331 
vn 0.0393701 -0.937008 0.354331 
vn 0.0393701 -0.937008 0.354331 
vn 0.0393701 -0.937008 0.354331 
vn 0.0866142 0.354331 0.929134 
vn 0.0866142 0.354331 0.929134 
vn 0.0866142 0.354331 0.929134 
vn 0.0866142 0.354331 0.929134 

vt 12.3768 -6.26554 
vt 4.7843 -6.26554 
vt 12.3768 -7.1712 
vt 4.7843 -7.1712 
vt 10.9026 -6.26554 
vt 4.7843 -6.26554 
vt 10.9026 -13.858 
vt 4.7843 -13.858 
vt 10.9026 -6.26554 
vt 4.7843 -6.26554 
vt 10.9026 -7.1712 
vt 4.7843 -7.1712 
vt 12.3768 -6.26554 
vt 4.7843 -6.26554 
vt 12.3768 -7.1712 
vt 4.7843 -7.1712 
vt 10.9026 -6.26554 
vt 4.7843 -6.26554 
vt 10.9026 -13.858 
vt 4.7843 -13.858 
vt 10.9026 -6.26554 
vt 4.7843 -6.26554 
vt 10.9026 -7.1712 
vt 4.7843 -7.1712 

usemtl Volcanopart1Mtl

f 1681/1681/1681 1682/1682/1682 1683/1683/1683 
f 1683/1683/1683 1682/1682/1682 1684/1684/1684 
f 1685/1685/1685 1686/1686/1686 1687/1687/1687 
f 1687/1687/1687 1686/1686/1686 1688/1688/1688 
f 1689/1689/1689 1690/1690/1690 1691/1691/1691 
f 1691/1691/1691 1690/1690/1690 1692/1692/1692 
f 1693/1693/1693 1694/1694/1694 1695/1695/1695 
f 1695/1695/1695 1694/1694/1694 1696/1696/1696 
f 1697/1697/1697 1698/1698/1698 1699/1699/1699 
f 1699/1699/1699 1698/1698/1698 1700/1700/1700 
f 1701/1701/1701 1702/1702/1702 1703/1703/1703 
f 1703/1703/1703 1702/1702/1702 1704/1704/1704 

g Volcanopart19

v 46.4511 75.9898 -34.6255 
v 109.661 29.1669 -19.3377 
v 43.3493 71.5561 -35.3804 
v 106.559 24.7331 -20.0926 
v 100.617 29.1408 17.9749 
v 109.661 29.1669 -19.3377 
v 37.4074 75.9638 2.68708 
v 46.4511 75.9898 -34.6255 
v 109.661 29.1669 -19.3377 
v 100.617 29.1408 17.9749 
v 106.559 24.7331 -20.0926 
v 97.5151 24.7071 17.22 
v 100.617 29.1408 17.9749 
v 37.4074 75.9638 2.68708 
v 97.5151 24.7071 17.22 
v 34.3056 71.53 1.93219 
v 34.3056 71.53 1.93219 
v 43.3493 71.5561 -35.3804 
v 97.5151 24.7071 17.22 
v 106.559 24.7331 -20.0926 
v 37.4074 75.9638 2.68708 
v 46.4511 75.9898 -34.6255 
v 34.3056 71.53 1.93219 
v 43.3493 71.5561 -35.3804 

vn 0.23622 0 -0.968504 
vn 0.23622 0 -0.968504 
vn 0.23622 0 -0.968504 
vn 0.23622 0 -0.968504 
vn 0.566929 0.811024 0.141732 
vn 0.566929 0.811024 0.141732 
vn 0.566929 0.811024 0.141732 
vn 0.566929 0.811024 0.141732 
vn 0.787402 -0.582677 0.188976 
vn 0.787402 -0.582677 0.188976 
vn 0.787402 -0.582677 0.188976 
vn 0.787402 -0.582677 0.188976 
vn -0.23622 0 0.968504 
vn -0.23622 0 0.968504 
vn -0.23622 0 0.968504 
vn -0.23622 0 0.968504 
vn -0.566929 -0.811024 -0.141732 
vn -0.566929 -0.811024 -0.141732 
vn -0.566929 -0.811024 -0.141732 
vn -0.566929 -0.811024 -0.141732 
vn -0.787402 0.582677 -0.188976 
vn -0.787402 0.582677 -0.188976 
vn -0.787402 0.582677 -0.188976 
vn -0.787402 0.582677 -0.188976 

vt 16.4683 -2.18999 
vt 6.45146 -2.18999 
vt 16.4683 -2.87292 
vt 6.45146 -2.87292 
vt 11.2506 -2.18999 
vt 6.45146 -2.18999 
vt 11.2506 -12.2068 
vt 6.45146 -12.2068 
vt 11.2506 -2.18999 
vt 6.45146 -2.18999 
vt 11.2506 -2.87292 
vt 6.45146 -2.87292 
vt 16.4683 -2.18999 
vt 6.45146 -2.18999 
vt 16.4683 -2.87292 
vt 6.45146 -2.87292 
vt 11.2506 -2.18999 
vt 6.45146 -2.18999 
vt 11.2506 -12.2068 
vt 6.45146 -12.2068 
vt 11.2506 -2.18999 
vt 6.45146 -2.18999 
vt 11.2506 -2.87292 
vt 6.45146 -2.87292 

usemtl Volcanopart1Mtl

f 1705/1705/1705 1706/1706/1706 1707/1707/1707 
f 1707/1707/1707 1706/1706/1706 1708/1708/1708 
f 1709/1709/1709 1710/1710/1710 1711/1711/1711 
f 1711/1711/1711 1710/1710/1710 1712/1712/1712 
f 1713/1713/1713 1714/1714/1714 1715/1715/1715 
f 1715/1715/1715 1714/1714/1714 1716/1716/1716 
f 1717/1717/1717 1718/1718/1718 1719/1719/1719 
f 1719/1719/1719 1718/1718/1718 1720/1720/1720 
f 1721/1721/1721 1722/1722/1722 1723/1723/1723 
f 1723/1723/1723 1722/1722/1722 1724/1724/1724 
f 1725/1725/1725 1726/1726/1726 1727/1727/1727 
f 1727/1727/1727 1726/1726/1726 1728/1728/1728 

g Volcanopart20

v 61.1986 31.8979 49.9016 
v 80.7098 15.7675 102.053 
v 60.8388 26.9256 48.4983 
v 80.35 10.7953 100.649 
v 31.5743 14.2658 119.971 
v 80.7098 15.7675 102.053 
v 12.0631 30.3962 67.8201 
v 61.1986 31.8979 49.9016 
v 80.7098 15.7675 102.053 
v 31.5743 14.2658 119.971 
v 80.35 10.7953 100.649 
v 31.2145 9.29358 118.568 
v 31.5743 14.2658 119.971 
v 12.0631 30.3962 67.8201 
v 31.2145 9.29358 118.568 
v 11.7033 25.4239 66.4168 
v 11.7033 25.4239 66.4168 
v 60.8388 26.9256 48.4983 
v 31.2145 9.29358 118.568 
v 80.35 10.7953 100.649 
v 12.0631 30.3962 67.8201 
v 61.1986 31.8979 49.9016 
v 11.7033 25.4239 66.4168 
v 60.8388 26.9256 48.4983 

vn 0.937008 0.0314961 -0.338583 
vn 0.937008 0.0314961 -0.338583 
vn 0.937008 0.0314961 -0.338583 
vn 0.937008 0.0314961 -0.338583 
vn 0.0708661 0.96063 0.267717 
vn 0.0708661 0.96063 0.267717 
vn 0.0708661 0.96063 0.267717 
vn 0.0708661 0.96063 0.267717 
vn 0.338583 -0.275591 0.897638 
vn 0.338583 -0.275591 0.897638 
vn 0.338583 -0.275591 0.897638 
vn 0.338583 -0.275591 0.897638 
vn -0.937008 -0.0314961 0.338583 
vn -0.937008 -0.0314961 0.338583 
vn -0.937008 -0.0314961 0.338583 
vn -0.937008 -0.0314961 0.338583 
vn -0.0708661 -0.96063 -0.267717 
vn -0.0708661 -0.96063 -0.267717 
vn -0.0708661 -0.96063 -0.267717 
vn -0.0708661 -0.96063 -0.267717 
vn -0.338583 0.275591 -0.897638 
vn -0.338583 0.275591 -0.897638 
vn -0.338583 0.275591 -0.897638 
vn -0.338583 0.275591 -0.897638 

vt 12.3663 3.57586 
vt 5.11997 3.57586 
vt 12.3663 2.92849 
vt 5.11997 2.92849 
vt 11.6603 3.57586 
vt 5.11997 3.57586 
vt 11.6603 -3.67049 
vt 5.11997 -3.67049 
vt 11.6603 3.57586 
vt 5.11997 3.57586 
vt 11.6603 2.92849 
vt 5.11997 2.92849 
vt 12.3663 3.57586 
vt 5.11997 3.57586 
vt 12.3663 2.92849 
vt 5.11997 2.92849 
vt 11.6603 3.57586 
vt 5.11997 3.57586 
vt 11.6603 -3.67049 
vt 5.11997 -3.67049 
vt 11.6603 3.57586 
vt 5.11997 3.57586 
vt 11.6603 2.92849 
vt 5.11997 2.92849 

usemtl Volcanopart1Mtl

f 1729/1729/1729 1730/1730/1730 1731/1731/1731 
f 1731/1731/1731 1730/1730/1730 1732/1732/1732 
f 1733/1733/1733 1734/1734/1734 1735/1735/1735 
f 1735/1735/1735 1734/1734/1734 1736/1736/1736 
f 1737/1737/1737 1738/1738/1738 1739/1739/1739 
f 1739/1739/1739 1738/1738/1738 1740/1740/1740 
f 1741/1741/1741 1742/1742/1742 1743/1743/1743 
f 1743/1743/1743 1742/1742/1742 1744/1744/1744 
f 1745/1745/1745 1746/1746/1746 1747/1747/1747 
f 1747/1747/1747 1746/1746/1746 1748/1748/1748 
f 1749/1749/1749 1750/1750/1750 1751/1751/1751 
f 1751/1751/1751 1750/1750/1750 1752/1752/1752 

g Volcanopart21

v 16.3055 26.1742 70.8669 
v 5.92718 12 130.23 
v 16.4039 19.8087 69.3642 
v 6.02556 5.63453 128.727 
v -47.6893 13.3104 121.169 
v 5.92718 12 130.23 
v -37.311 27.4846 61.8061 
v 16.3055 26.1742 70.8669 
v 5.92718 12 130.23 
v -47.6893 13.3104 121.169 
v 6.02556 5.63453 128.727 
v -47.5909 6.94489 119.666 
v -47.6893 13.3104 121.169 
v -37.311 27.4846 61.8061 
v -47.5909 6.94489 119.666 
v -37.2126 21.1191 60.3034 
v -37.2126 21.1191 60.3034 
v 16.4039 19.8087 69.3642 
v -47.5909 6.94489 119.666 
v 6.02556 5.63453 128.727 
v -37.311 27.4846 61.8061 
v 16.3055 26.1742 70.8669 
v -37.2126 21.1191 60.3034 
v 16.4039 19.8087 69.3642 

vn 0.984252 -0.023622 0.165354 
vn 0.984252 -0.023622 0.165354 
vn 0.984252 -0.023622 0.165354 
vn 0.984252 -0.023622 0.165354 
vn -0.015748 0.976378 0.228346 
vn -0.015748 0.976378 0.228346 
vn -0.015748 0.976378 0.228346 
vn -0.015748 0.976378 0.228346 
vn -0.165354 -0.228346 0.96063 
vn -0.165354 -0.228346 0.96063 
vn -0.165354 -0.228346 0.96063 
vn -0.165354 -0.228346 0.96063 
vn -0.984252 0.023622 -0.165354 
vn -0.984252 0.023622 -0.165354 
vn -0.984252 0.023622 -0.165354 
vn -0.984252 0.023622 -0.165354 
vn 0.015748 -0.976378 -0.228346 
vn 0.015748 -0.976378 -0.228346 
vn 0.015748 -0.976378 -0.228346 
vn 0.015748 -0.976378 -0.228346 
vn 0.165354 0.228346 -0.96063 
vn 0.165354 0.228346 -0.96063 
vn 0.165354 0.228346 -0.96063 
vn 0.165354 0.228346 -0.96063 

vt 14.1301 -3.99721 
vt 6.39166 -3.99721 
vt 14.1301 -4.81486 
vt 6.39166 -4.81486 
vt 13.1907 -3.99721 
vt 6.39166 -3.99721 
vt 13.1907 -11.7357 
vt 6.39166 -11.7357 
vt 13.1907 -3.99721 
vt 6.39166 -3.99721 
vt 13.1907 -4.81486 
vt 6.39166 -4.81486 
vt 14.1301 -3.99721 
vt 6.39166 -3.99721 
vt 14.1301 -4.81486 
vt 6.39166 -4.81486 
vt 13.1907 -3.99721 
vt 6.39166 -3.99721 
vt 13.1907 -11.7357 
vt 6.39166 -11.7357 
vt 13.1907 -3.99721 
vt 6.39166 -3.99721 
vt 13.1907 -4.81486 
vt 6.39166 -4.81486 

usemtl Volcanopart1Mtl

f 1753/1753/1753 1754/1754/1754 1755/1755/1755 
f 1755/1755/1755 1754/1754/1754 1756/1756/1756 
f 1757/1757/1757 1758/1758/1758 1759/1759/1759 
f 1759/1759/1759 1758/1758/1758 1760/1760/1760 
f 1761/1761/1761 1762/1762/1762 1763/1763/1763 
f 1763/1763/1763 1762/1762/1762 1764/1764/1764 
f 1765/1765/1765 1766/1766/1766 1767/1767/1767 
f 1767/1767/1767 1766/1766/1766 1768/1768/1768 
f 1769/1769/1769 1770/1770/1770 1771/1771/1771 
f 1771/1771/1771 1770/1770/1770 1772/1772/1772 
f 1773/1773/1773 1774/1774/1774 1775/1775/1775 
f 1775/1775/1775 1774/1774/1774 1776/1776/1776 

g Volcanopart22

v 13.6057 91.3537 -54.1536 
v 46.357 47.1232 -84.29 
v 10.0199 86.2785 -50.6016 
v 42.7712 42.048 -80.738 
v 68.375 47.7106 -61.2236 
v 46.357 47.1232 -84.29 
v 35.6237 91.9411 -31.0871 
v 13.6057 91.3537 -54.1536 
v 46.357 47.1232 -84.29 
v 68.375 47.7106 -61.2236 
v 42.7712 42.048 -80.738 
v 64.7892 42.6353 -57.6716 
v 68.375 47.7106 -61.2236 
v 35.6237 91.9411 -31.0871 
v 64.7892 42.6353 -57.6716 
v 32.0379 86.8658 -27.5352 
v 32.0379 86.8658 -27.5352 
v 10.0199 86.2785 -50.6016 
v 64.7892 42.6353 -57.6716 
v 42.7712 42.048 -80.738 
v 35.6237 91.9411 -31.0871 
v 13.6057 91.3537 -54.1536 
v 32.0379 86.8658 -27.5352 
v 10.0199 86.2785 -50.6016 

vn -0.692913 -0.015748 -0.724409 
vn -0.692913 -0.015748 -0.724409 
vn -0.692913 -0.015748 -0.724409 
vn -0.692913 -0.015748 -0.724409 
vn 0.503937 0.708661 -0.496063 
vn 0.503937 0.708661 -0.496063 
vn 0.503937 0.708661 -0.496063 
vn 0.503937 0.708661 -0.496063 
vn 0.519685 -0.708661 -0.480315 
vn 0.519685 -0.708661 -0.480315 
vn 0.519685 -0.708661 -0.480315 
vn 0.519685 -0.708661 -0.480315 
vn 0.692913 0.015748 0.724409 
vn 0.692913 0.015748 0.724409 
vn 0.692913 0.015748 0.724409 
vn 0.692913 0.015748 0.724409 
vn -0.503937 -0.708661 0.496063 
vn -0.503937 -0.708661 0.496063 
vn -0.503937 -0.708661 0.496063 
vn -0.503937 -0.708661 0.496063 
vn -0.519685 0.708661 0.480315 
vn -0.519685 0.708661 0.480315 
vn -0.519685 0.708661 0.480315 
vn -0.519685 0.708661 0.480315 

vt 8.31575 -2.7535 
vt 0.472369 -2.7535 
vt 8.31575 -3.64821 
vt 0.472369 -3.64821 
vt 4.45906 -2.7535 
vt 0.472369 -2.7535 
vt 4.45906 -10.5969 
vt 0.472369 -10.5969 
vt 4.45906 -2.7535 
vt 0.472369 -2.7535 
vt 4.45906 -3.64821 
vt 0.472369 -3.64821 
vt 8.31575 -2.7535 
vt 0.472369 -2.7535 
vt 8.31575 -3.64821 
vt 0.472369 -3.64821 
vt 4.45906 -2.7535 
vt 0.472369 -2.7535 
vt 4.45906 -10.5969 
vt 0.472369 -10.5969 
vt 4.45906 -2.7535 
vt 0.472369 -2.7535 
vt 4.45906 -3.64821 
vt 0.472369 -3.64821 

usemtl Volcanopart1Mtl

f 1777/1777/1777 1778/1778/1778 1779/1779/1779 
f 1779/1779/1779 1778/1778/1778 1780/1780/1780 
f 1781/1781/1781 1782/1782/1782 1783/1783/1783 
f 1783/1783/1783 1782/1782/1782 1784/1784/1784 
f 1785/1785/1785 1786/1786/1786 1787/1787/1787 
f 1787/1787/1787 1786/1786/1786 1788/1788/1788 
f 1789/1789/1789 1790/1790/1790 1791/1791/1791 
f 1791/1791/1791 1790/1790/1790 1792/1792/1792 
f 1793/1793/1793 1794/1794/1794 1795/1795/1795 
f 1795/1795/1795 1794/1794/1794 1796/1796/1796 
f 1797/1797/1797 1798/1798/1798 1799/1799/1799 
f 1799/1799/1799 1798/1798/1798 1800/1800/1800 

g Volcanopart23

v 84.6402 35.0225 -19.9516 
v 147.173 13.539 5.92369 
v 82.4509 27.8612 -20.6066 
v 144.983 6.37774 5.26868 
v 128.032 15.0452 53.4304 
v 147.173 13.539 5.92369 
v 65.4999 36.5287 27.5551 
v 84.6402 35.0225 -19.9516 
v 147.173 13.539 5.92369 
v 128.032 15.0452 53.4304 
v 144.983 6.37774 5.26868 
v 125.843 7.88391 52.7754 
v 128.032 15.0452 53.4304 
v 65.4999 36.5287 27.5551 
v 125.843 7.88391 52.7754 
v 63.3106 29.3674 26.9001 
v 63.3106 29.3674 26.9001 
v 82.4509 27.8612 -20.6066 
v 125.843 7.88391 52.7754 
v 144.983 6.37774 5.26868 
v 65.4999 36.5287 27.5551 
v 84.6402 35.0225 -19.9516 
v 63.3106 29.3674 26.9001 
v 82.4509 27.8612 -20.6066 

vn 0.370079 -0.0314961 -0.929134 
vn 0.370079 -0.0314961 -0.929134 
vn 0.370079 -0.0314961 -0.929134 
vn 0.370079 -0.0314961 -0.929134 
vn 0.291339 0.952756 0.0866142 
vn 0.291339 0.952756 0.0866142 
vn 0.291339 0.952756 0.0866142 
vn 0.291339 0.952756 0.0866142 
vn 0.88189 -0.299213 0.362205 
vn 0.88189 -0.299213 0.362205 
vn 0.88189 -0.299213 0.362205 
vn 0.88189 -0.299213 0.362205 
vn -0.370079 0.0314961 0.929134 
vn -0.370079 0.0314961 0.929134 
vn -0.370079 0.0314961 0.929134 
vn -0.370079 0.0314961 0.929134 
vn -0.291339 -0.952756 -0.0866142 
vn -0.291339 -0.952756 -0.0866142 
vn -0.291339 -0.952756 -0.0866142 
vn -0.291339 -0.952756 -0.0866142 
vn -0.88189 0.299213 -0.362205 
vn -0.88189 0.299213 -0.362205 
vn -0.88189 0.299213 -0.362205 
vn -0.88189 0.299213 -0.362205 

vt 4.42177 -1.09764 
vt -4.45357 -1.09764 
vt 4.42177 -2.03727 
vt -4.45357 -2.03727 
vt 1.95139 -1.09764 
vt -4.45357 -1.09764 
vt 1.95139 -9.97298 
vt -4.45357 -9.97298 
vt 1.95139 -1.09764 
vt -4.45357 -1.09764 
vt 1.95139 -2.03727 
vt -4.45357 -2.03727 
vt 4.42177 -1.09764 
vt -4.45357 -1.09764 
vt 4.42177 -2.03727 
vt -4.45357 -2.03727 
vt 1.95139 -1.09764 
vt -4.45357 -1.09764 
vt 1.95139 -9.97298 
vt -4.45357 -9.97298 
vt 1.95139 -1.09764 
vt -4.45357 -1.09764 
vt 1.95139 -2.03727 
vt -4.45357 -2.03727 

usemtl Volcanopart1Mtl

f 1801/1801/1801 1802/1802/1802 1803/1803/1803 
f 1803/1803/1803 1802/1802/1802 1804/1804/1804 
f 1805/1805/1805 1806/1806/1806 1807/1807/1807 
f 1807/1807/1807 1806/1806/1806 1808/1808/1808 
f 1809/1809/1809 1810/1810/1810 1811/1811/1811 
f 1811/1811/1811 1810/1810/1810 1812/1812/1812 
f 1813/1813/1813 1814/1814/1814 1815/1815/1815 
f 1815/1815/1815 1814/1814/1814 1816/1816/1816 
f 1817/1817/1817 1818/1818/1818 1819/1819/1819 
f 1819/1819/1819 1818/1818/1818 1820/1820/1820 
f 1821/1821/1821 1822/1822/1822 1823/1823/1823 
f 1823/1823/1823 1822/1822/1822 1824/1824/1824 

g Volcanopart24

v 95.4212 20.611 -29.4647 
v 170.738 9.32524 -8.03303 
v 94.6218 14.9392 -29.6422 
v 169.939 3.65349 -8.21049 
v 154.962 9.80614 47.6603 
v 170.738 9.32524 -8.03303 
v 79.6455 21.0919 26.2286 
v 95.4212 20.611 -29.4647 
v 170.738 9.32524 -8.03303 
v 154.962 9.80614 47.6603 
v 169.939 3.65349 -8.21049 
v 154.163 4.13438 47.4828 
v 154.962 9.80614 47.6603 
v 79.6455 21.0919 26.2286 
v 154.163 4.13438 47.4828 
v 78.8461 15.4201 26.0512 
v 78.8461 15.4201 26.0512 
v 94.6218 14.9392 -29.6422 
v 154.163 4.13438 47.4828 
v 169.939 3.65349 -8.21049 
v 79.6455 21.0919 26.2286 
v 95.4212 20.611 -29.4647 
v 78.8461 15.4201 26.0512 
v 94.6218 14.9392 -29.6422 

vn 0.275591 -0.00787402 -0.96063 
vn 0.275591 -0.00787402 -0.96063 
vn 0.275591 -0.00787402 -0.96063 
vn 0.275591 -0.00787402 -0.96063 
vn 0.141732 0.992126 0.0314961 
vn 0.141732 0.992126 0.0314961 
vn 0.141732 0.992126 0.0314961 
vn 0.141732 0.992126 0.0314961 
vn 0.952756 -0.141732 0.267717 
vn 0.952756 -0.141732 0.267717 
vn 0.952756 -0.141732 0.267717 
vn 0.952756 -0.141732 0.267717 
vn -0.275591 0.00787402 0.96063 
vn -0.275591 0.00787402 0.96063 
vn -0.275591 0.00787402 0.96063 
vn -0.275591 0.00787402 0.96063 
vn -0.141732 -0.992126 -0.0314961 
vn -0.141732 -0.992126 -0.0314961 
vn -0.141732 -0.992126 -0.0314961 
vn -0.141732 -0.992126 -0.0314961 
vn -0.952756 0.141732 -0.267717 
vn -0.952756 0.141732 -0.267717 
vn -0.952756 0.141732 -0.267717 
vn -0.952756 0.141732 -0.267717 

vt 7.48499 -0.234853 
vt -2.40448 -0.234853 
vt 7.48499 -0.951173 
vt -2.40448 -0.951173 
vt 4.83134 -0.234853 
vt -2.40448 -0.234853 
vt 4.83134 -10.1243 
vt -2.40448 -10.1243 
vt 4.83134 -0.234853 
vt -2.40448 -0.234853 
vt 4.83134 -0.951173 
vt -2.40448 -0.951173 
vt 7.48499 -0.234853 
vt -2.40448 -0.234853 
vt 7.48499 -0.951173 
vt -2.40448 -0.951173 
vt 4.83134 -0.234853 
vt -2.40448 -0.234853 
vt 4.83134 -10.1243 
vt -2.40448 -10.1243 
vt 4.83134 -0.234853 
vt -2.40448 -0.234853 
vt 4.83134 -0.951173 
vt -2.40448 -0.951173 

usemtl Volcanopart1Mtl

f 1825/1825/1825 1826/1826/1826 1827/1827/1827 
f 1827/1827/1827 1826/1826/1826 1828/1828/1828 
f 1829/1829/1829 1830/1830/1830 1831/1831/1831 
f 1831/1831/1831 1830/1830/1830 1832/1832/1832 
f 1833/1833/1833 1834/1834/1834 1835/1835/1835 
f 1835/1835/1835 1834/1834/1834 1836/1836/1836 
f 1837/1837/1837 1838/1838/1838 1839/1839/1839 
f 1839/1839/1839 1838/1838/1838 1840/1840/1840 
f 1841/1841/1841 1842/1842/1842 1843/1843/1843 
f 1843/1843/1843 1842/1842/1842 1844/1844/1844 
f 1845/1845/1845 1846/1846/1846 1847/1847/1847 
f 1847/1847/1847 1846/1846/1846 1848/1848/1848 

g Volcanopart25

v 44.6468 74.899 -1.24611 
v 71.8355 38.6485 36.8446 
v 42.7895 70.0635 -4.52223 
v 69.9782 33.8131 33.5685 
v 40.9177 36.7781 57.1332 
v 71.8355 38.6485 36.8446 
v 13.7291 73.0285 19.0425 
v 44.6468 74.899 -1.24611 
v 71.8355 38.6485 36.8446 
v 40.9177 36.7781 57.1332 
v 69.9782 33.8131 33.5685 
v 39.0604 31.9426 53.8571 
v 40.9177 36.7781 57.1332 
v 13.7291 73.0285 19.0425 
v 39.0604 31.9426 53.8571 
v 11.8718 68.193 15.7664 
v 11.8718 68.193 15.7664 
v 42.7895 70.0635 -4.52223 
v 39.0604 31.9426 53.8571 
v 69.9782 33.8131 33.5685 
v 13.7291 73.0285 19.0425 
v 44.6468 74.899 -1.24611 
v 11.8718 68.193 15.7664 
v 42.7895 70.0635 -4.52223 

vn 0.834646 0.0472441 -0.551181 
vn 0.834646 0.0472441 -0.551181 
vn 0.834646 0.0472441 -0.551181 
vn 0.834646 0.0472441 -0.551181 
vn 0.299213 0.787402 0.535433 
vn 0.299213 0.787402 0.535433 
vn 0.299213 0.787402 0.535433 
vn 0.299213 0.787402 0.535433 
vn 0.456693 -0.614173 0.645669 
vn 0.456693 -0.614173 0.645669 
vn 0.456693 -0.614173 0.645669 
vn 0.456693 -0.614173 0.645669 
vn -0.834646 -0.0472441 0.551181 
vn -0.834646 -0.0472441 0.551181 
vn -0.834646 -0.0472441 0.551181 
vn -0.834646 -0.0472441 0.551181 
vn -0.299213 -0.787402 -0.535433 
vn -0.299213 -0.787402 -0.535433 
vn -0.299213 -0.787402 -0.535433 
vn -0.299213 -0.787402 -0.535433 
vn -0.456693 0.614173 -0.645669 
vn -0.456693 0.614173 -0.645669 
vn -0.456693 0.614173 -0.645669 
vn -0.456693 0.614173 -0.645669 

vt 6.8234 -5.16844 
vt -0.576157 -5.16844 
vt 6.8234 -5.93455 
vt -0.576157 -5.93455 
vt 4.05228 -5.16844 
vt -0.576157 -5.16844 
vt 4.05228 -12.568 
vt -0.576157 -12.568 
vt 4.05228 -5.16844 
vt -0.576157 -5.16844 
vt 4.05228 -5.93455 
vt -0.576157 -5.93455 
vt 6.8234 -5.16844 
vt -0.576157 -5.16844 
vt 6.8234 -5.93455 
vt -0.576157 -5.93455 
vt 4.05228 -5.16844 
vt -0.576157 -5.16844 
vt 4.05228 -12.568 
vt -0.576157 -12.568 
vt 4.05228 -5.16844 
vt -0.576157 -5.16844 
vt 4.05228 -5.93455 
vt -0.576157 -5.93455 

usemtl Volcanopart1Mtl

f 1849/1849/1849 1850/1850/1850 1851/1851/1851 
f 1851/1851/1851 1850/1850/1850 1852/1852/1852 
f 1853/1853/1853 1854/1854/1854 1855/1855/1855 
f 1855/1855/1855 1854/1854/1854 1856/1856/1856 
f 1857/1857/1857 1858/1858/1858 1859/1859/1859 
f 1859/1859/1859 1858/1858/1858 1860/1860/1860 
f 1861/1861/1861 1862/1862/1862 1863/1863/1863 
f 1863/1863/1863 1862/1862/1862 1864/1864/1864 
f 1865/1865/1865 1866/1866/1866 1867/1867/1867 
f 1867/1867/1867 1866/1866/1866 1868/1868/1868 
f 1869/1869/1869 1870/1870/1870 1871/1871/1871 
f 1871/1871/1871 1870/1870/1870 1872/1872/1872 

g Volcanopart26

v 70.6545 45.6004 -25.6354 
v 136.784 15.7512 -0.429733 
v 67.5749 38.2088 -26.309 
v 133.704 8.35956 -1.10342 
v 120.892 18.2975 44.2803 
v 136.784 15.7512 -0.429733 
v 54.7623 48.1467 19.0747 
v 70.6545 45.6004 -25.6354 
v 136.784 15.7512 -0.429733 
v 120.892 18.2975 44.2803 
v 133.704 8.35956 -1.10342 
v 117.812 10.9059 43.6066 
v 120.892 18.2975 44.2803 
v 54.7623 48.1467 19.0747 
v 117.812 10.9059 43.6066 
v 51.6827 40.7551 18.401 
v 51.6827 40.7551 18.401 
v 67.5749 38.2088 -26.309 
v 117.812 10.9059 43.6066 
v 133.704 8.35956 -1.10342 
v 54.7623 48.1467 19.0747 
v 70.6545 45.6004 -25.6354 
v 51.6827 40.7551 18.401 
v 67.5749 38.2088 -26.309 

vn 0.330709 -0.0551181 -0.937008 
vn 0.330709 -0.0551181 -0.937008 
vn 0.330709 -0.0551181 -0.937008 
vn 0.330709 -0.0551181 -0.937008 
vn 0.385827 0.92126 0.0866142 
vn 0.385827 0.92126 0.0866142 
vn 0.385827 0.92126 0.0866142 
vn 0.385827 0.92126 0.0866142 
vn 0.858268 -0.385827 0.330709 
vn 0.858268 -0.385827 0.330709 
vn 0.858268 -0.385827 0.330709 
vn 0.858268 -0.385827 0.330709 
vn -0.330709 0.0551181 0.937008 
vn -0.330709 0.0551181 0.937008 
vn -0.330709 0.0551181 0.937008 
vn -0.330709 0.0551181 0.937008 
vn -0.385827 -0.92126 -0.0866142 
vn -0.385827 -0.92126 -0.0866142 
vn -0.385827 -0.92126 -0.0866142 
vn -0.385827 -0.92126 -0.0866142 
vn -0.858268 0.385827 -0.330709 
vn -0.858268 0.385827 -0.330709 
vn -0.858268 0.385827 -0.330709 
vn -0.858268 0.385827 -0.330709 

vt 15.1216 -2.88106 
vt 5.52061 -2.88106 
vt 15.1216 -3.88553 
vt 5.52061 -3.88553 
vt 11.4605 -2.88106 
vt 5.52061 -2.88106 
vt 11.4605 -12.482 
vt 5.52061 -12.482 
vt 11.4605 -2.88106 
vt 5.52061 -2.88106 
vt 11.4605 -3.88553 
vt 5.52061 -3.88553 
vt 15.1216 -2.88106 
vt 5.52061 -2.88106 
vt 15.1216 -3.88553 
vt 5.52061 -3.88553 
vt 11.4605 -2.88106 
vt 5.52061 -2.88106 
vt 11.4605 -12.482 
vt 5.52061 -12.482 
vt 11.4605 -2.88106 
vt 5.52061 -2.88106 
vt 11.4605 -3.88553 
vt 5.52061 -3.88553 

usemtl Volcanopart1Mtl

f 1873/1873/1873 1874/1874/1874 1875/1875/1875 
f 1875/1875/1875 1874/1874/1874 1876/1876/1876 
f 1877/1877/1877 1878/1878/1878 1879/1879/1879 
f 1879/1879/1879 1878/1878/1878 1880/1880/1880 
f 1881/1881/1881 1882/1882/1882 1883/1883/1883 
f 1883/1883/1883 1882/1882/1882 1884/1884/1884 
f 1885/1885/1885 1886/1886/1886 1887/1887/1887 
f 1887/1887/1887 1886/1886/1886 1888/1888/1888 
f 1889/1889/1889 1890/1890/1890 1891/1891/1891 
f 1891/1891/1891 1890/1890/1890 1892/1892/1892 
f 1893/1893/1893 1894/1894/1894 1895/1895/1895 
f 1895/1895/1895 1894/1894/1894 1896/1896/1896 

g Volcanopart27

v -77.9007 16.8142 35.5849 
v -145.212 9.71677 59.0146 
v -77.4167 11.6917 35.4236 
v -144.729 4.59425 58.8532 
v -164.821 9.63916 2.65812 
v -145.212 9.71677 59.0146 
v -97.5089 16.7366 -20.7715 
v -77.9007 16.8142 35.5849 
v -145.212 9.71677 59.0146 
v -164.821 9.63916 2.65812 
v -144.729 4.59425 58.8532 
v -164.337 4.51663 2.49679 
v -164.821 9.63916 2.65812 
v -97.5089 16.7366 -20.7715 
v -164.337 4.51663 2.49679 
v -97.0249 11.6141 -20.9329 
v -97.0249 11.6141 -20.9329 
v -77.4167 11.6917 35.4236 
v -164.337 4.51663 2.49679 
v -144.729 4.59425 58.8532 
v -97.5089 16.7366 -20.7715 
v -77.9007 16.8142 35.5849 
v -97.0249 11.6141 -20.9329 
v -77.4167 11.6917 35.4236 

vn 0.330709 0 0.944882 
vn 0.330709 0 0.944882 
vn 0.330709 0 0.944882 
vn 0.330709 0 0.944882 
vn -0.0944882 0.992126 0.0314961 
vn -0.0944882 0.992126 0.0314961 
vn -0.0944882 0.992126 0.0314961 
vn -0.0944882 0.992126 0.0314961 
vn -0.937008 -0.102362 0.330709 
vn -0.937008 -0.102362 0.330709 
vn -0.937008 -0.102362 0.330709 
vn -0.937008 -0.102362 0.330709 
vn -0.330709 0 -0.944882 
vn -0.330709 0 -0.944882 
vn -0.330709 0 -0.944882 
vn -0.330709 0 -0.944882 
vn 0.0944882 -0.992126 -0.0314961 
vn 0.0944882 -0.992126 -0.0314961 
vn 0.0944882 -0.992126 -0.0314961 
vn 0.0944882 -0.992126 -0.0314961 
vn 0.937008 0.102362 -0.330709 
vn 0.937008 0.102362 -0.330709 
vn 0.937008 0.102362 -0.330709 
vn 0.937008 0.102362 -0.330709 

vt 13.9418 6.59109 
vt 4.98861 6.59109 
vt 13.9418 5.94761 
vt 4.98861 5.94761 
vt 12.4474 6.59109 
vt 4.98861 6.59109 
vt 12.4474 -2.36208 
vt 4.98861 -2.36208 
vt 12.4474 6.59109 
vt 4.98861 6.59109 
vt 12.4474 5.94761 
vt 4.98861 5.94761 
vt 13.9418 6.59109 
vt 4.98861 6.59109 
vt 13.9418 5.94761 
vt 4.98861 5.94761 
vt 12.4474 6.59109 
vt 4.98861 6.59109 
vt 12.4474 -2.36208 
vt 4.98861 -2.36208 
vt 12.4474 6.59109 
vt 4.98861 6.59109 
vt 12.4474 5.94761 
vt 4.98861 5.94761 

usemtl Volcanopart1Mtl

f 1897/1897/1897 1898/1898/1898 1899/1899/1899 
f 1899/1899/1899 1898/1898/1898 1900/1900/1900 
f 1901/1901/1901 1902/1902/1902 1903/1903/1903 
f 1903/1903/1903 1902/1902/1902 1904/1904/1904 
f 1905/1905/1905 1906/1906/1906 1907/1907/1907 
f 1907/1907/1907 1906/1906/1906 1908/1908/1908 
f 1909/1909/1909 1910/1910/1910 1911/1911/1911 
f 1911/1911/1911 1910/1910/1910 1912/1912/1912 
f 1913/1913/1913 1914/1914/1914 1915/1915/1915 
f 1915/1915/1915 1914/1914/1914 1916/1916/1916 
f 1917/1917/1917 1918/1918/1918 1919/1919/1919 
f 1919/1919/1919 1918/1918/1918 1920/1920/1920 

g Volcanopart28

v -55.857 38.5896 -66.5941 
v -97.6519 14.7873 -124.526 
v -55.0073 34.1709 -65.3917 
v -96.8021 10.3686 -123.323 
v -56.6279 14.6386 -154.062 
v -97.6519 14.7873 -124.526 
v -14.833 38.4409 -96.1298 
v -55.857 38.5896 -66.5941 
v -97.6519 14.7873 -124.526 
v -56.6279 14.6386 -154.062 
v -96.8021 10.3686 -123.323 
v -55.7782 10.2199 -152.859 
v -56.6279 14.6386 -154.062 
v -14.833 38.4409 -96.1298 
v -55.7782 10.2199 -152.859 
v -13.9833 34.0222 -94.9274 
v -13.9833 34.0222 -94.9274 
v -55.0073 34.1709 -65.3917 
v -55.7782 10.2199 -152.859 
v -96.8021 10.3686 -123.323 
v -14.833 38.4409 -96.1298 
v -55.857 38.5896 -66.5941 
v -13.9833 34.0222 -94.9274 
v -55.0073 34.1709 -65.3917 

vn -0.811024 0 0.582677 
vn -0.811024 0 0.582677 
vn -0.811024 0 0.582677 
vn -0.811024 0 0.582677 
vn -0.181102 0.944882 -0.259843 
vn -0.181102 0.944882 -0.259843 
vn -0.181102 0.944882 -0.259843 
vn -0.181102 0.944882 -0.259843 
vn -0.551181 -0.314961 -0.771654 
vn -0.551181 -0.314961 -0.771654 
vn -0.551181 -0.314961 -0.771654 
vn -0.551181 -0.314961 -0.771654 
vn 0.811024 0 -0.582677 
vn 0.811024 0 -0.582677 
vn 0.811024 0 -0.582677 
vn 0.811024 0 -0.582677 
vn 0.181102 -0.944882 0.259843 
vn 0.181102 -0.944882 0.259843 
vn 0.181102 -0.944882 0.259843 
vn 0.181102 -0.944882 0.259843 
vn 0.551181 0.314961 0.771654 
vn 0.551181 0.314961 0.771654 
vn 0.551181 0.314961 0.771654 
vn 0.551181 0.314961 0.771654 

vt 8.67734 -3.97668 
vt -0.734622 -3.97668 
vt 8.67734 -4.55887 
vt -0.734622 -4.55887 
vt 5.58418 -3.97668 
vt -0.734622 -3.97668 
vt 5.58418 -13.3886 
vt -0.734622 -13.3886 
vt 5.58418 -3.97668 
vt -0.734622 -3.97668 
vt 5.58418 -4.55887 
vt -0.734622 -4.55887 
vt 8.67734 -3.97668 
vt -0.734622 -3.97668 
vt 8.67734 -4.55887 
vt -0.734622 -4.55887 
vt 5.58418 -3.97668 
vt -0.734622 -3.97668 
vt 5.58418 -13.3886 
vt -0.734622 -13.3886 
vt 5.58418 -3.97668 
vt -0.734622 -3.97668 
vt 5.58418 -4.55887 
vt -0.734622 -4.55887 

usemtl Volcanopart1Mtl

f 1921/1921/1921 1922/1922/1922 1923/1923/1923 
f 1923/1923/1923 1922/1922/1922 1924/1924/1924 
f 1925/1925/1925 1926/1926/1926 1927/1927/1927 
f 1927/1927/1927 1926/1926/1926 1928/1928/1928 
f 1929/1929/1929 1930/1930/1930 1931/1931/1931 
f 1931/1931/1931 1930/1930/1930 1932/1932/1932 
f 1933/1933/1933 1934/1934/1934 1935/1935/1935 
f 1935/1935/1935 1934/1934/1934 1936/1936/1936 
f 1937/1937/1937 1938/1938/1938 1939/1939/1939 
f 1939/1939/1939 1938/1938/1938 1940/1940/1940 
f 1941/1941/1941 1942/1942/1942 1943/1943/1943 
f 1943/1943/1943 1942/1942/1942 1944/1944/1944 

g Volcanopart29

v -91.4645 31.3166 -21.3475 
v -139.7 16.3861 -32.8597 
v -89.1155 23.3965 -20.9178 
v -137.351 8.46602 -32.4301 
v -127.903 17.1496 -83.28 
v -139.7 16.3861 -32.8597 
v -79.6671 32.0801 -71.7677 
v -91.4645 31.3166 -21.3475 
v -139.7 16.3861 -32.8597 
v -127.903 17.1496 -83.28 
v -137.351 8.46602 -32.4301 
v -125.554 9.22952 -82.8503 
v -127.903 17.1496 -83.28 
v -79.6671 32.0801 -71.7677 
v -125.554 9.22952 -82.8503 
v -77.3182 24.16 -71.3381 
v -77.3182 24.16 -71.3381 
v -89.1155 23.3965 -20.9178 
v -125.554 9.22952 -82.8503 
v -137.351 8.46602 -32.4301 
v -79.6671 32.0801 -71.7677 
v -91.4645 31.3166 -21.3475 
v -77.3182 24.16 -71.3381 
v -89.1155 23.3965 -20.9178 

vn -0.228346 -0.015748 0.976378 
vn -0.228346 -0.015748 0.976378 
vn -0.228346 -0.015748 0.976378 
vn -0.228346 -0.015748 0.976378 
vn -0.283465 0.96063 -0.0551181 
vn -0.283465 0.96063 -0.0551181 
vn -0.283465 0.96063 -0.0551181 
vn -0.283465 0.96063 -0.0551181 
vn -0.929134 -0.291339 -0.220472 
vn -0.929134 -0.291339 -0.220472 
vn -0.929134 -0.291339 -0.220472 
vn -0.929134 -0.291339 -0.220472 
vn 0.228346 0.015748 -0.976378 
vn 0.228346 0.015748 -0.976378 
vn 0.228346 0.015748 -0.976378 
vn 0.228346 0.015748 -0.976378 
vn 0.283465 -0.96063 0.0551181 
vn 0.283465 -0.96063 0.0551181 
vn 0.283465 -0.96063 0.0551181 
vn 0.283465 -0.96063 0.0551181 
vn 0.929134 0.291339 0.220472 
vn 0.929134 0.291339 0.220472 
vn 0.929134 0.291339 0.220472 
vn 0.929134 0.291339 0.220472 

vt 7.18697 7.96424 
vt 0.713344 7.96424 
vt 7.18697 6.93022 
vt 0.713344 6.93022 
vt 7.1868 7.96424 
vt 0.713344 7.96424 
vt 7.1868 1.49061 
vt 0.713344 1.49061 
vt 7.1868 7.96424 
vt 0.713344 7.96424 
vt 7.1868 6.93022 
vt 0.713344 6.93022 
vt 7.18697 7.96424 
vt 0.713344 7.96424 
vt 7.18697 6.93022 
vt 0.713344 6.93022 
vt 7.1868 7.96424 
vt 0.713344 7.96424 
vt 7.1868 1.49061 
vt 0.713344 1.49061 
vt 7.1868 7.96424 
vt 0.713344 7.96424 
vt 7.1868 6.93022 
vt 0.713344 6.93022 

usemtl Volcanopart1Mtl

f 1945/1945/1945 1946/1946/1946 1947/1947/1947 
f 1947/1947/1947 1946/1946/1946 1948/1948/1948 
f 1949/1949/1949 1950/1950/1950 1951/1951/1951 
f 1951/1951/1951 1950/1950/1950 1952/1952/1952 
f 1953/1953/1953 1954/1954/1954 1955/1955/1955 
f 1955/1955/1955 1954/1954/1954 1956/1956/1956 
f 1957/1957/1957 1958/1958/1958 1959/1959/1959 
f 1959/1959/1959 1958/1958/1958 1960/1960/1960 
f 1961/1961/1961 1962/1962/1962 1963/1963/1963 
f 1963/1963/1963 1962/1962/1962 1964/1964/1964 
f 1965/1965/1965 1966/1966/1966 1967/1967/1967 
f 1967/1967/1967 1966/1966/1966 1968/1968/1968 

g Volcanopart30

v 22.9975 88.5755 -56.2005 
v 68.9125 40.0868 -86.1474 
v 18.4656 83.0034 -54.1268 
v 64.3807 34.5147 -84.0737 
v 85.6578 37.5507 -56.367 
v 68.9125 40.0868 -86.1474 
v 39.7427 86.0394 -26.42 
v 22.9975 88.5755 -56.2005 
v 68.9125 40.0868 -86.1474 
v 85.6578 37.5507 -56.367 
v 64.3807 34.5147 -84.0737 
v 81.126 31.9787 -54.2933 
v 85.6578 37.5507 -56.367 
v 39.7427 86.0394 -26.42 
v 81.126 31.9787 -54.2933 
v 35.2109 80.4673 -24.3463 
v 35.2109 80.4673 -24.3463 
v 18.4656 83.0034 -54.1268 
v 81.126 31.9787 -54.2933 
v 64.3807 34.5147 -84.0737 
v 39.7427 86.0394 -26.42 
v 22.9975 88.5755 -56.2005 
v 35.2109 80.4673 -24.3463 
v 18.4656 83.0034 -54.1268 

vn -0.488189 0.0708661 -0.866142 
vn -0.488189 0.0708661 -0.866142 
vn -0.488189 0.0708661 -0.866142 
vn -0.488189 0.0708661 -0.866142 
vn 0.606299 0.748031 -0.275591 
vn 0.606299 0.748031 -0.275591 
vn 0.606299 0.748031 -0.275591 
vn 0.606299 0.748031 -0.275591 
vn 0.629921 -0.661417 -0.409449 
vn 0.629921 -0.661417 -0.409449 
vn 0.629921 -0.661417 -0.409449 
vn 0.629921 -0.661417 -0.409449 
vn 0.488189 -0.0708661 0.866142 
vn 0.488189 -0.0708661 0.866142 
vn 0.488189 -0.0708661 0.866142 
vn 0.488189 -0.0708661 0.866142 
vn -0.606299 -0.748031 0.275591 
vn -0.606299 -0.748031 0.275591 
vn -0.606299 -0.748031 0.275591 
vn -0.606299 -0.748031 0.275591 
vn -0.629921 0.661417 0.409449 
vn -0.629921 0.661417 0.409449 
vn -0.629921 0.661417 0.409449 
vn -0.629921 0.661417 0.409449 

vt 9.68149 4.22241 
vt 0.533262 4.22241 
vt 9.68149 3.28795 
vt 0.533262 3.28795 
vt 4.81569 4.22241 
vt 0.533262 4.22241 
vt 4.81569 -4.92581 
vt 0.533262 -4.92581 
vt 4.81569 4.22241 
vt 0.533262 4.22241 
vt 4.81569 3.28795 
vt 0.533262 3.28795 
vt 9.68149 4.22241 
vt 0.533262 4.22241 
vt 9.68149 3.28795 
vt 0.533262 3.28795 
vt 4.81569 4.22241 
vt 0.533262 4.22241 
vt 4.81569 -4.92581 
vt 0.533262 -4.92581 
vt 4.81569 4.22241 
vt 0.533262 4.22241 
vt 4.81569 3.28795 
vt 0.533262 3.28795 

usemtl Volcanopart1Mtl

f 1969/1969/1969 1970/1970/1970 1971/1971/1971 
f 1971/1971/1971 1970/1970/1970 1972/1972/1972 
f 1973/1973/1973 1974/1974/1974 1975/1975/1975 
f 1975/1975/1975 1974/1974/1974 1976/1976/1976 
f 1977/1977/1977 1978/1978/1978 1979/1979/1979 
f 1979/1979/1979 1978/1978/1978 1980/1980/1980 
f 1981/1981/1981 1982/1982/1982 1983/1983/1983 
f 1983/1983/1983 1982/1982/1982 1984/1984/1984 
f 1985/1985/1985 1986/1986/1986 1987/1987/1987 
f 1987/1987/1987 1986/1986/1986 1988/1988/1988 
f 1989/1989/1989 1990/1990/1990 1991/1991/1991 
f 1991/1991/1991 1990/1990/1990 1992/1992/1992 

g Volcanopart31

v -31.0188 19.4066 65.1001 
v -76.5776 9.08963 120.543 
v -30.4309 11.1998 64.056 
v -75.9898 0.882806 119.499 
v -121.466 10.5326 83.9248 
v -76.5776 9.08963 120.543 
v -75.9073 20.8495 28.4823 
v -31.0188 19.4066 65.1001 
v -76.5776 9.08963 120.543 
v -121.466 10.5326 83.9248 
v -75.9898 0.882806 119.499 
v -120.878 2.32576 82.8808 
v -121.466 10.5326 83.9248 
v -75.9073 20.8495 28.4823 
v -120.878 2.32576 82.8808 
v -75.3194 12.6427 27.4383 
v -75.3194 12.6427 27.4383 
v -30.4309 11.1998 64.056 
v -120.878 2.32576 82.8808 
v -75.9898 0.882806 119.499 
v -75.9073 20.8495 28.4823 
v -31.0188 19.4066 65.1001 
v -75.3194 12.6427 27.4383 
v -30.4309 11.1998 64.056 

vn 0.771654 -0.023622 0.629921 
vn 0.771654 -0.023622 0.629921 
vn 0.771654 -0.023622 0.629921 
vn 0.771654 -0.023622 0.629921 
vn -0.0708661 0.992126 0.125984 
vn -0.0708661 0.992126 0.125984 
vn -0.0708661 0.992126 0.125984 
vn -0.0708661 0.992126 0.125984 
vn -0.629921 -0.141732 0.76378 
vn -0.629921 -0.141732 0.76378 
vn -0.629921 -0.141732 0.76378 
vn -0.629921 -0.141732 0.76378 
vn -0.771654 0.023622 -0.629921 
vn -0.771654 0.023622 -0.629921 
vn -0.771654 0.023622 -0.629921 
vn -0.771654 0.023622 -0.629921 
vn 0.0708661 -0.992126 -0.125984 
vn 0.0708661 -0.992126 -0.125984 
vn 0.0708661 -0.992126 -0.125984 
vn 0.0708661 -0.992126 -0.125984 
vn 0.629921 0.141732 -0.76378 
vn 0.629921 0.141732 -0.76378 
vn 0.629921 0.141732 -0.76378 
vn 0.629921 0.141732 -0.76378 

vt 17.5185 -4.16059 
vt 8.45634 -4.16059 
vt 17.5185 -5.19732 
vt 8.45634 -5.19732 
vt 15.6998 -4.16059 
vt 8.45634 -4.16059 
vt 15.6998 -13.2228 
vt 8.45634 -13.2228 
vt 15.6998 -4.16059 
vt 8.45634 -4.16059 
vt 15.6998 -5.19732 
vt 8.45634 -5.19732 
vt 17.5185 -4.16059 
vt 8.45634 -4.16059 
vt 17.5185 -5.19732 
vt 8.45634 -5.19732 
vt 15.6998 -4.16059 
vt 8.45634 -4.16059 
vt 15.6998 -13.2228 
vt 8.45634 -13.2228 
vt 15.6998 -4.16059 
vt 8.45634 -4.16059 
vt 15.6998 -5.19732 
vt 8.45634 -5.19732 

usemtl Volcanopart1Mtl

f 1993/1993/1993 1994/1994/1994 1995/1995/1995 
f 1995/1995/1995 1994/1994/1994 1996/1996/1996 
f 1997/1997/1997 1998/1998/1998 1999/1999/1999 
f 1999/1999/1999 1998/1998/1998 2000/2000/2000 
f 2001/2001/2001 2002/2002/2002 2003/2003/2003 
f 2003/2003/2003 2002/2002/2002 2004/2004/2004 
f 2005/2005/2005 2006/2006/2006 2007/2007/2007 
f 2007/2007/2007 2006/2006/2006 2008/2008/2008 
f 2009/2009/2009 2010/2010/2010 2011/2011/2011 
f 2011/2011/2011 2010/2010/2010 2012/2012/2012 
f 2013/2013/2013 2014/2014/2014 2015/2015/2015 
f 2015/2015/2015 2014/2014/2014 2016/2016/2016 

g Volcanopart32

v 57.985 67.9784 -17.7994 
v 98.8042 35.5814 4.69519 
v 54.6632 62.1241 -20.203 
v 95.4823 29.7271 2.29157 
v 78.6129 33.3277 38.0889 
v 98.8042 35.5814 4.69519 
v 37.7938 65.7247 15.5943 
v 57.985 67.9784 -17.7994 
v 98.8042 35.5814 4.69519 
v 78.6129 33.3277 38.0889 
v 95.4823 29.7271 2.29157 
v 75.2911 27.4734 35.6852 
v 78.6129 33.3277 38.0889 
v 37.7938 65.7247 15.5943 
v 75.2911 27.4734 35.6852 
v 34.472 59.8704 13.1907 
v 34.472 59.8704 13.1907 
v 54.6632 62.1241 -20.203 
v 75.2911 27.4734 35.6852 
v 95.4823 29.7271 2.29157 
v 37.7938 65.7247 15.5943 
v 57.985 67.9784 -17.7994 
v 34.472 59.8704 13.1907 
v 54.6632 62.1241 -20.203 

vn 0.519685 0.0551181 -0.850394 
vn 0.519685 0.0551181 -0.850394 
vn 0.519685 0.0551181 -0.850394 
vn 0.519685 0.0551181 -0.850394 
vn 0.464567 0.818898 0.338583 
vn 0.464567 0.818898 0.338583 
vn 0.464567 0.818898 0.338583 
vn 0.464567 0.818898 0.338583 
vn 0.716535 -0.566929 0.393701 
vn 0.716535 -0.566929 0.393701 
vn 0.716535 -0.566929 0.393701 
vn 0.716535 -0.566929 0.393701 
vn -0.519685 -0.0551181 0.850394 
vn -0.519685 -0.0551181 0.850394 
vn -0.519685 -0.0551181 0.850394 
vn -0.519685 -0.0551181 0.850394 
vn -0.464567 -0.818898 -0.338583 
vn -0.464567 -0.818898 -0.338583 
vn -0.464567 -0.818898 -0.338583 
vn -0.464567 -0.818898 -0.338583 
vn -0.716535 0.566929 -0.393701 
vn -0.716535 0.566929 -0.393701 
vn -0.716535 0.566929 -0.393701 
vn -0.716535 0.566929 -0.393701 

vt 12.8609 -2.76573 
vt 5.76581 -2.76573 
vt 12.8609 -3.65915 
vt 5.76581 -3.65915 
vt 10.6519 -2.76573 
vt 5.76581 -2.76573 
vt 10.6519 -9.86082 
vt 5.76581 -9.86082 
vt 10.6519 -2.76573 
vt 5.76581 -2.76573 
vt 10.6519 -3.65915 
vt 5.76581 -3.65915 
vt 12.8609 -2.76573 
vt 5.76581 -2.76573 
vt 12.8609 -3.65915 
vt 5.76581 -3.65915 
vt 10.6519 -2.76573 
vt 5.76581 -2.76573 
vt 10.6519 -9.86082 
vt 5.76581 -9.86082 
vt 10.6519 -2.76573 
vt 5.76581 -2.76573 
vt 10.6519 -3.65915 
vt 5.76581 -3.65915 

usemtl Volcanopart1Mtl

f 2017/2017/2017 2018/2018/2018 2019/2019/2019 
f 2019/2019/2019 2018/2018/2018 2020/2020/2020 
f 2021/2021/2021 2022/2022/2022 2023/2023/2023 
f 2023/2023/2023 2022/2022/2022 2024/2024/2024 
f 2025/2025/2025 2026/2026/2026 2027/2027/2027 
f 2027/2027/2027 2026/2026/2026 2028/2028/2028 
f 2029/2029/2029 2030/2030/2030 2031/2031/2031 
f 2031/2031/2031 2030/2030/2030 2032/2032/2032 
f 2033/2033/2033 2034/2034/2034 2035/2035/2035 
f 2035/2035/2035 2034/2034/2034 2036/2036/2036 
f 2037/2037/2037 2038/2038/2038 2039/2039/2039 
f 2039/2039/2039 2038/2038/2038 2040/2040/2040 

g Volcanopart33

v -55.8146 59.0042 -37.6642 
v -97.2795 30.4888 -62.8455 
v -52.7846 52.551 -35.3458 
v -94.2495 24.0356 -60.5271 
v -74.4773 28.5103 -98.1524 
v -97.2795 30.4888 -62.8455 
v -33.0124 57.0257 -72.9711 
v -55.8146 59.0042 -37.6642 
v -97.2795 30.4888 -62.8455 
v -74.4773 28.5103 -98.1524 
v -94.2495 24.0356 -60.5271 
v -71.4474 22.0571 -95.834 
v -74.4773 28.5103 -98.1524 
v -33.0124 57.0257 -72.9711 
v -71.4474 22.0571 -95.834 
v -29.9825 50.5725 -70.6527 
v -29.9825 50.5725 -70.6527 
v -52.7846 52.551 -35.3458 
v -71.4474 22.0571 -95.834 
v -94.2495 24.0356 -60.5271 
v -33.0124 57.0257 -72.9711 
v -55.8146 59.0042 -37.6642 
v -29.9825 50.5725 -70.6527 
v -52.7846 52.551 -35.3458 

vn -0.543307 0.0472441 0.84252 
vn -0.543307 0.0472441 0.84252 
vn -0.543307 0.0472441 0.84252 
vn -0.543307 0.0472441 0.84252 
vn -0.401575 0.858268 -0.307087 
vn -0.401575 0.858268 -0.307087 
vn -0.401575 0.858268 -0.307087 
vn -0.401575 0.858268 -0.307087 
vn -0.740157 -0.503937 -0.448819 
vn -0.740157 -0.503937 -0.448819 
vn -0.740157 -0.503937 -0.448819 
vn -0.740157 -0.503937 -0.448819 
vn 0.543307 -0.0472441 -0.84252 
vn 0.543307 -0.0472441 -0.84252 
vn 0.543307 -0.0472441 -0.84252 
vn 0.543307 -0.0472441 -0.84252 
vn 0.401575 -0.858268 0.307087 
vn 0.401575 -0.858268 0.307087 
vn 0.401575 -0.858268 0.307087 
vn 0.401575 -0.858268 0.307087 
vn 0.740157 0.503937 0.448819 
vn 0.740157 0.503937 0.448819 
vn 0.740157 0.503937 0.448819 
vn 0.740157 0.503937 0.448819 

vt 6.83381 6.91142 
vt -0.200219 6.91142 
vt 6.83381 5.97434 
vt -0.200219 5.97434 
vt 5.05934 6.91142 
vt -0.200219 6.91142 
vt 5.05934 -0.122608 
vt -0.200219 -0.122608 
vt 5.05934 6.91142 
vt -0.200219 6.91142 
vt 5.05934 5.97434 
vt -0.200219 5.97434 
vt 6.83381 6.91142 
vt -0.200219 6.91142 
vt 6.83381 5.97434 
vt -0.200219 5.97434 
vt 5.05934 6.91142 
vt -0.200219 6.91142 
vt 5.05934 -0.122608 
vt -0.200219 -0.122608 
vt 5.05934 6.91142 
vt -0.200219 6.91142 
vt 5.05934 5.97434 
vt -0.200219 5.97434 

usemtl Volcanopart1Mtl

f 2041/2041/2041 2042/2042/2042 2043/2043/2043 
f 2043/2043/2043 2042/2042/2042 2044/2044/2044 
f 2045/2045/2045 2046/2046/2046 2047/2047/2047 
f 2047/2047/2047 2046/2046/2046 2048/2048/2048 
f 2049/2049/2049 2050/2050/2050 2051/2051/2051 
f 2051/2051/2051 2050/2050/2050 2052/2052/2052 
f 2053/2053/2053 2054/2054/2054 2055/2055/2055 
f 2055/2055/2055 2054/2054/2054 2056/2056/2056 
f 2057/2057/2057 2058/2058/2058 2059/2059/2059 
f 2059/2059/2059 2058/2058/2058 2060/2060/2060 
f 2061/2061/2061 2062/2062/2062 2063/2063/2063 
f 2063/2063/2063 2062/2062/2062 2064/2064/2064 

g Volcanopart34

v 6.11487 12.2745 104.842 
v -6.18876 9.4221 156.436 
v 6.09319 5.09866 104.44 
v -6.21044 2.2463 156.034 
v -66.09 10.4 142.205 
v -6.18876 9.4221 156.436 
v -53.7863 13.2524 90.6111 
v 6.11487 12.2745 104.842 
v -6.18876 9.4221 156.436 
v -66.09 10.4 142.205 
v -6.21044 2.2463 156.034 
v -66.1116 3.22422 141.803 
v -66.09 10.4 142.205 
v -53.7863 13.2524 90.6111 
v -66.1116 3.22422 141.803 
v -53.808 6.07658 90.2093 
v -53.808 6.07658 90.2093 
v 6.09319 5.09866 104.44 
v -66.1116 3.22422 141.803 
v -6.21044 2.2463 156.034 
v -53.7863 13.2524 90.6111 
v 6.11487 12.2745 104.842 
v -53.808 6.07658 90.2093 
v 6.09319 5.09866 104.44 

vn 0.976378 -0.015748 0.228346 
vn 0.976378 -0.015748 0.228346 
vn 0.976378 -0.015748 0.228346 
vn 0.976378 -0.015748 0.228346 
vn 0 1 0.0551181 
vn 0 1 0.0551181 
vn 0 1 0.0551181 
vn 0 1 0.0551181 
vn -0.228346 -0.0551181 0.968504 
vn -0.228346 -0.0551181 0.968504 
vn -0.228346 -0.0551181 0.968504 
vn -0.228346 -0.0551181 0.968504 
vn -0.976378 0.015748 -0.228346 
vn -0.976378 0.015748 -0.228346 
vn -0.976378 0.015748 -0.228346 
vn -0.976378 0.015748 -0.228346 
vn 0 -1 -0.0551181 
vn 0 -1 -0.0551181 
vn 0 -1 -0.0551181 
vn 0 -1 -0.0551181 
vn 0.228346 0.0551181 -0.968504 
vn 0.228346 0.0551181 -0.968504 
vn 0.228346 0.0551181 -0.968504 
vn 0.228346 0.0551181 -0.968504 

vt 11.1336 -4.40716 
vt 4.49397 -4.40716 
vt 11.1336 -5.30554 
vt 4.49397 -5.30554 
vt 12.191 -4.40716 
vt 4.49397 -4.40716 
vt 12.191 -11.0468 
vt 4.49397 -11.0468 
vt 12.191 -4.40716 
vt 4.49397 -4.40716 
vt 12.191 -5.30554 
vt 4.49397 -5.30554 
vt 11.1336 -4.40716 
vt 4.49397 -4.40716 
vt 11.1336 -5.30554 
vt 4.49397 -5.30554 
vt 12.191 -4.40716 
vt 4.49397 -4.40716 
vt 12.191 -11.0468 
vt 4.49397 -11.0468 
vt 12.191 -4.40716 
vt 4.49397 -4.40716 
vt 12.191 -5.30554 
vt 4.49397 -5.30554 

usemtl Volcanopart1Mtl

f 2065/2065/2065 2066/2066/2066 2067/2067/2067 
f 2067/2067/2067 2066/2066/2066 2068/2068/2068 
f 2069/2069/2069 2070/2070/2070 2071/2071/2071 
f 2071/2071/2071 2070/2070/2070 2072/2072/2072 
f 2073/2073/2073 2074/2074/2074 2075/2075/2075 
f 2075/2075/2075 2074/2074/2074 2076/2076/2076 
f 2077/2077/2077 2078/2078/2078 2079/2079/2079 
f 2079/2079/2079 2078/2078/2078 2080/2080/2080 
f 2081/2081/2081 2082/2082/2082 2083/2083/2083 
f 2083/2083/2083 2082/2082/2082 2084/2084/2084 
f 2085/2085/2085 2086/2086/2086 2087/2087/2087 
f 2087/2087/2087 2086/2086/2086 2088/2088/2088 

g Volcanopart35

v -81.1414 24.1176 3.63309 
v -151.957 10.1864 4.13214 
v -79.924 17.9225 3.43066 
v -150.739 3.99121 3.9297 
v -152.68 11.8663 -51.6281 
v -151.957 10.1864 4.13214 
v -81.8648 25.7976 -52.1271 
v -81.1414 24.1176 3.63309 
v -151.957 10.1864 4.13214 
v -152.68 11.8663 -51.6281 
v -150.739 3.99121 3.9297 
v -151.463 5.67112 -51.8305 
v -152.68 11.8663 -51.6281 
v -81.8648 25.7976 -52.1271 
v -151.463 5.67112 -51.8305 
v -80.6475 19.6024 -52.3296 
v -80.6475 19.6024 -52.3296 
v -79.924 17.9225 3.43066 
v -151.463 5.67112 -51.8305 
v -150.739 3.99121 3.9297 
v -81.8648 25.7976 -52.1271 
v -81.1414 24.1176 3.63309 
v -80.6475 19.6024 -52.3296 
v -79.924 17.9225 3.43066 

vn 0.015748 -0.0314961 1 
vn 0.015748 -0.0314961 1 
vn 0.015748 -0.0314961 1 
vn 0.015748 -0.0314961 1 
vn -0.188976 0.984252 0.0314961 
vn -0.188976 0.984252 0.0314961 
vn -0.188976 0.984252 0.0314961 
vn -0.188976 0.984252 0.0314961 
vn -0.984252 -0.19685 0.00787402 
vn -0.984252 -0.19685 0.00787402 
vn -0.984252 -0.19685 0.00787402 
vn -0.984252 -0.19685 0.00787402 
vn -0.015748 0.0314961 -1 
vn -0.015748 0.0314961 -1 
vn -0.015748 0.0314961 -1 
vn -0.015748 0.0314961 -1 
vn 0.188976 -0.984252 -0.0314961 
vn 0.188976 -0.984252 -0.0314961 
vn 0.188976 -0.984252 -0.0314961 
vn 0.188976 -0.984252 -0.0314961 
vn 0.984252 0.19685 -0.00787402 
vn 0.984252 0.19685 -0.00787402 
vn 0.984252 0.19685 -0.00787402 
vn 0.984252 0.19685 -0.00787402 

vt 9.46636 0.555444 
vt 0.444556 0.555444 
vt 9.46636 -0.234166 
vt 0.444556 -0.234166 
vt 7.41833 0.555444 
vt 0.444556 0.555444 
vt 7.41833 -8.46636 
vt 0.444556 -8.46636 
vt 7.41833 0.555444 
vt 0.444556 0.555444 
vt 7.41833 -0.234166 
vt 0.444556 -0.234166 
vt 9.46636 0.555444 
vt 0.444556 0.555444 
vt 9.46636 -0.234166 
vt 0.444556 -0.234166 
vt 7.41833 0.555444 
vt 0.444556 0.555444 
vt 7.41833 -8.46636 
vt 0.444556 -8.46636 
vt 7.41833 0.555444 
vt 0.444556 0.555444 
vt 7.41833 -0.234166 
vt 0.444556 -0.234166 

usemtl Volcanopart1Mtl

f 2089/2089/2089 2090/2090/2090 2091/2091/2091 
f 2091/2091/2091 2090/2090/2090 2092/2092/2092 
f 2093/2093/2093 2094/2094/2094 2095/2095/2095 
f 2095/2095/2095 2094/2094/2094 2096/2096/2096 
f 2097/2097/2097 2098/2098/2098 2099/2099/2099 
f 2099/2099/2099 2098/2098/2098 2100/2100/2100 
f 2101/2101/2101 2102/2102/2102 2103/2103/2103 
f 2103/2103/2103 2102/2102/2102 2104/2104/2104 
f 2105/2105/2105 2106/2106/2106 2107/2107/2107 
f 2107/2107/2107 2106/2106/2106 2108/2108/2108 
f 2109/2109/2109 2110/2110/2110 2111/2111/2111 
f 2111/2111/2111 2110/2110/2110 2112/2112/2112 

g Volcanopart36

v 40.894 45.2307 34.7043 
v 52.838 17.9045 97.4383 
v 40.3491 40.3712 32.6913 
v 52.2931 13.0449 95.4253 
v 6.43172 19.2117 106.843 
v 52.838 17.9045 97.4383 
v -5.5123 46.538 44.1091 
v 40.894 45.2307 34.7043 
v 52.838 17.9045 97.4383 
v 6.43172 19.2117 106.843 
v 52.2931 13.0449 95.4253 
v 5.88687 14.3522 104.83 
v 6.43172 19.2117 106.843 
v -5.5123 46.538 44.1091 
v 5.88687 14.3522 104.83 
v -6.05715 41.6784 42.096 
v -6.05715 41.6784 42.096 
v 40.3491 40.3712 32.6913 
v 5.88687 14.3522 104.83 
v 52.2931 13.0449 95.4253 
v -5.5123 46.538 44.1091 
v 40.894 45.2307 34.7043 
v -6.05715 41.6784 42.096 
v 40.3491 40.3712 32.6913 

vn 0.976378 -0.0314961 -0.19685 
vn 0.976378 -0.0314961 -0.19685 
vn 0.976378 -0.0314961 -0.19685 
vn 0.976378 -0.0314961 -0.19685 
vn 0.102362 0.92126 0.377953 
vn 0.102362 0.92126 0.377953 
vn 0.102362 0.92126 0.377953 
vn 0.102362 0.92126 0.377953 
vn 0.173228 -0.393701 0.905512 
vn 0.173228 -0.393701 0.905512 
vn 0.173228 -0.393701 0.905512 
vn 0.173228 -0.393701 0.905512 
vn -0.976378 0.0314961 0.19685 
vn -0.976378 0.0314961 0.19685 
vn -0.976378 0.0314961 0.19685 
vn -0.976378 0.0314961 0.19685 
vn -0.102362 -0.92126 -0.377953 
vn -0.102362 -0.92126 -0.377953 
vn -0.102362 -0.92126 -0.377953 
vn -0.102362 -0.92126 -0.377953 
vn -0.173228 0.393701 -0.905512 
vn -0.173228 0.393701 -0.905512 
vn -0.173228 0.393701 -0.905512 
vn -0.173228 0.393701 -0.905512 

vt 4.21949 6.97842 
vt -4.46323 6.97842 
vt 4.21949 6.3174 
vt -4.46323 6.3174 
vt 1.45773 6.97842 
vt -4.46323 6.97842 
vt 1.45773 -1.7043 
vt -4.46323 -1.7043 
vt 1.45773 6.97842 
vt -4.46323 6.97842 
vt 1.45773 6.3174 
vt -4.46323 6.3174 
vt 4.21949 6.97842 
vt -4.46323 6.97842 
vt 4.21949 6.3174 
vt -4.46323 6.3174 
vt 1.45773 6.97842 
vt -4.46323 6.97842 
vt 1.45773 -1.7043 
vt -4.46323 -1.7043 
vt 1.45773 6.97842 
vt -4.46323 6.97842 
vt 1.45773 6.3174 
vt -4.46323 6.3174 

usemtl Volcanopart1Mtl

f 2113/2113/2113 2114/2114/2114 2115/2115/2115 
f 2115/2115/2115 2114/2114/2114 2116/2116/2116 
f 2117/2117/2117 2118/2118/2118 2119/2119/2119 
f 2119/2119/2119 2118/2118/2118 2120/2120/2120 
f 2121/2121/2121 2122/2122/2122 2123/2123/2123 
f 2123/2123/2123 2122/2122/2122 2124/2124/2124 
f 2125/2125/2125 2126/2126/2126 2127/2127/2127 
f 2127/2127/2127 2126/2126/2126 2128/2128/2128 
f 2129/2129/2129 2130/2130/2130 2131/2131/2131 
f 2131/2131/2131 2130/2130/2130 2132/2132/2132 
f 2133/2133/2133 2134/2134/2134 2135/2135/2135 
f 2135/2135/2135 2134/2134/2134 2136/2136/2136 

g Volcanopart37

v -87.021 13.3419 46.7971 
v -145.343 9.45945 71.1473 
v -86.5846 4.84714 46.4879 
v -144.907 0.964685 70.8381 
v -168.972 10.3006 14.6864 
v -145.343 9.45945 71.1473 
v -110.65 14.1831 -9.66381 
v -87.021 13.3419 46.7971 
v -145.343 9.45945 71.1473 
v -168.972 10.3006 14.6864 
v -144.907 0.964685 70.8381 
v -168.536 1.80588 14.3772 
v -168.972 10.3006 14.6864 
v -110.65 14.1831 -9.66381 
v -168.536 1.80588 14.3772 
v -110.214 5.68834 -9.973 
v -110.214 5.68834 -9.973 
v -86.5846 4.84714 46.4879 
v -168.536 1.80588 14.3772 
v -144.907 0.964685 70.8381 
v -110.65 14.1831 -9.66381 
v -87.021 13.3419 46.7971 
v -110.214 5.68834 -9.973 
v -86.5846 4.84714 46.4879 

vn 0.385827 -0.015748 0.92126 
vn 0.385827 -0.015748 0.92126 
vn 0.385827 -0.015748 0.92126 
vn 0.385827 -0.015748 0.92126 
vn -0.0551181 1 0.0393701 
vn -0.0551181 1 0.0393701 
vn -0.0551181 1 0.0393701 
vn -0.0551181 1 0.0393701 
vn -0.92126 -0.0629921 0.385827 
vn -0.92126 -0.0629921 0.385827 
vn -0.92126 -0.0629921 0.385827 
vn -0.92126 -0.0629921 0.385827 
vn -0.385827 0.015748 -0.92126 
vn -0.385827 0.015748 -0.92126 
vn -0.385827 0.015748 -0.92126 
vn -0.385827 0.015748 -0.92126 
vn 0.0551181 -1 -0.0393701 
vn 0.0551181 -1 -0.0393701 
vn 0.0551181 -1 -0.0393701 
vn 0.0551181 -1 -0.0393701 
vn 0.92126 0.0629921 -0.385827 
vn 0.92126 0.0629921 -0.385827 
vn 0.92126 0.0629921 -0.385827 
vn 0.92126 0.0629921 -0.385827 

vt 16.0243 -6.81206 
vt 8.10921 -6.81206 
vt 16.0243 -7.87601 
vt 8.10921 -7.87601 
vt 15.7607 -6.81206 
vt 8.10921 -6.81206 
vt 15.7607 -14.7271 
vt 8.10921 -14.7271 
vt 15.7607 -6.81206 
vt 8.10921 -6.81206 
vt 15.7607 -7.87601 
vt 8.10921 -7.87601 
vt 16.0243 -6.81206 
vt 8.10921 -6.81206 
vt 16.0243 -7.87601 
vt 8.10921 -7.87601 
vt 15.7607 -6.81206 
vt 8.10921 -6.81206 
vt 15.7607 -14.7271 
vt 8.10921 -14.7271 
vt 15.7607 -6.81206 
vt 8.10921 -6.81206 
vt 15.7607 -7.87601 
vt 8.10921 -7.87601 

usemtl Volcanopart1Mtl

f 2137/2137/2137 2138/2138/2138 2139/2139/2139 
f 2139/2139/2139 2138/2138/2138 2140/2140/2140 
f 2141/2141/2141 2142/2142/2142 2143/2143/2143 
f 2143/2143/2143 2142/2142/2142 2144/2144/2144 
f 2145/2145/2145 2146/2146/2146 2147/2147/2147 
f 2147/2147/2147 2146/2146/2146 2148/2148/2148 
f 2149/2149/2149 2150/2150/2150 2151/2151/2151 
f 2151/2151/2151 2150/2150/2150 2152/2152/2152 
f 2153/2153/2153 2154/2154/2154 2155/2155/2155 
f 2155/2155/2155 2154/2154/2154 2156/2156/2156 
f 2157/2157/2157 2158/2158/2158 2159/2159/2159 
f 2159/2159/2159 2158/2158/2158 2160/2160/2160 

g Volcanopart38

v 39.8378 81.0884 -11.5926 
v 68.5728 42.3466 21.5033 
v 37.0287 76.8417 -14.1248 
v 65.7637 38.0999 18.9711 
v 43.8969 44.4361 45.3738 
v 68.5728 42.3466 21.5033 
v 15.1619 83.178 12.2779 
v 39.8378 81.0884 -11.5926 
v 68.5728 42.3466 21.5033 
v 43.8969 44.4361 45.3738 
v 65.7637 38.0999 18.9711 
v 41.0878 40.1895 42.8416 
v 43.8969 44.4361 45.3738 
v 15.1619 83.178 12.2779 
v 41.0878 40.1895 42.8416 
v 12.3528 78.9313 9.74573 
v 12.3528 78.9313 9.74573 
v 37.0287 76.8417 -14.1248 
v 41.0878 40.1895 42.8416 
v 65.7637 38.0999 18.9711 
v 15.1619 83.178 12.2779 
v 39.8378 81.0884 -11.5926 
v 12.3528 78.9313 9.74573 
v 37.0287 76.8417 -14.1248 

vn 0.716535 -0.0629921 -0.692913 
vn 0.716535 -0.0629921 -0.692913 
vn 0.716535 -0.0629921 -0.692913 
vn 0.716535 -0.0629921 -0.692913 
vn 0.496063 0.748031 0.448819 
vn 0.496063 0.748031 0.448819 
vn 0.496063 0.748031 0.448819 
vn 0.496063 0.748031 0.448819 
vn 0.488189 -0.661417 0.566929 
vn 0.488189 -0.661417 0.566929 
vn 0.488189 -0.661417 0.566929 
vn 0.488189 -0.661417 0.566929 
vn -0.716535 0.0629921 0.692913 
vn -0.716535 0.0629921 0.692913 
vn -0.716535 0.0629921 0.692913 
vn -0.716535 0.0629921 0.692913 
vn -0.496063 -0.748031 -0.448819 
vn -0.496063 -0.748031 -0.448819 
vn -0.496063 -0.748031 -0.448819 
vn -0.496063 -0.748031 -0.448819 
vn -0.488189 0.661417 -0.566929 
vn -0.488189 0.661417 -0.566929 
vn -0.488189 0.661417 -0.566929 
vn -0.488189 0.661417 -0.566929 

vt 13.1006 0.542564 
vt 5.7884 0.542564 
vt 13.1006 -0.168259 
vt 5.7884 -0.168259 
vt 10.0879 0.542564 
vt 5.7884 0.542564 
vt 10.0879 -6.76964 
vt 5.7884 -6.76964 
vt 10.0879 0.542564 
vt 5.7884 0.542564 
vt 10.0879 -0.168259 
vt 5.7884 -0.168259 
vt 13.1006 0.542564 
vt 5.7884 0.542564 
vt 13.1006 -0.168259 
vt 5.7884 -0.168259 
vt 10.0879 0.542564 
vt 5.7884 0.542564 
vt 10.0879 -6.76964 
vt 5.7884 -6.76964 
vt 10.0879 0.542564 
vt 5.7884 0.542564 
vt 10.0879 -0.168259 
vt 5.7884 -0.168259 

usemtl Volcanopart1Mtl

f 2161/2161/2161 2162/2162/2162 2163/2163/2163 
f 2163/2163/2163 2162/2162/2162 2164/2164/2164 
f 2165/2165/2165 2166/2166/2166 2167/2167/2167 
f 2167/2167/2167 2166/2166/2166 2168/2168/2168 
f 2169/2169/2169 2170/2170/2170 2171/2171/2171 
f 2171/2171/2171 2170/2170/2170 2172/2172/2172 
f 2173/2173/2173 2174/2174/2174 2175/2175/2175 
f 2175/2175/2175 2174/2174/2174 2176/2176/2176 
f 2177/2177/2177 2178/2178/2178 2179/2179/2179 
f 2179/2179/2179 2178/2178/2178 2180/2180/2180 
f 2181/2181/2181 2182/2182/2182 2183/2183/2183 
f 2183/2183/2183 2182/2182/2182 2184/2184/2184 

g Volcanopart39

v 119.868 11.682 -40.6046 
v 188.839 10.6851 -30.8205 
v 119.806 6.64333 -40.6795 
v 188.776 5.64642 -30.8954 
v 179.966 9.86629 31.6424 
v 188.839 10.6851 -30.8205 
v 110.995 10.8632 21.8583 
v 119.868 11.682 -40.6046 
v 188.839 10.6851 -30.8205 
v 179.966 9.86629 31.6424 
v 188.776 5.64642 -30.8954 
v 179.904 4.82764 31.5675 
v 179.966 9.86629 31.6424 
v 110.995 10.8632 21.8583 
v 179.904 4.82764 31.5675 
v 110.933 5.82455 21.7834 
v 110.933 5.82455 21.7834 
v 119.806 6.64333 -40.6795 
v 179.904 4.82764 31.5675 
v 188.776 5.64642 -30.8954 
v 110.995 10.8632 21.8583 
v 119.868 11.682 -40.6046 
v 110.933 5.82455 21.7834 
v 119.806 6.64333 -40.6795 

vn 0.141732 0.015748 -0.992126 
vn 0.141732 0.015748 -0.992126 
vn 0.141732 0.015748 -0.992126 
vn 0.141732 0.015748 -0.992126 
vn 0.015748 1 0.015748 
vn 0.015748 1 0.015748 
vn 0.015748 1 0.015748 
vn 0.015748 1 0.015748 
vn 0.992126 -0.015748 0.141732 
vn 0.992126 -0.015748 0.141732 
vn 0.992126 -0.015748 0.141732 
vn 0.992126 -0.015748 0.141732 
vn -0.141732 -0.015748 0.992126 
vn -0.141732 -0.015748 0.992126 
vn -0.141732 -0.015748 0.992126 
vn -0.141732 -0.015748 0.992126 
vn -0.015748 -1 -0.015748 
vn -0.015748 -1 -0.015748 
vn -0.015748 -1 -0.015748 
vn -0.015748 -1 -0.015748 
vn -0.992126 0.015748 -0.141732 
vn -0.992126 0.015748 -0.141732 
vn -0.992126 0.015748 -0.141732 
vn -0.992126 0.015748 -0.141732 

vt 14.4561 2.31037 
vt 5.74754 2.31037 
vt 14.4561 1.68042 
vt 5.74754 1.68042 
vt 13.6344 2.31037 
vt 5.74754 2.31037 
vt 13.6344 -6.39817 
vt 5.74754 -6.39817 
vt 13.6344 2.31037 
vt 5.74754 2.31037 
vt 13.6344 1.68042 
vt 5.74754 1.68042 
vt 14.4561 2.31037 
vt 5.74754 2.31037 
vt 14.4561 1.68042 
vt 5.74754 1.68042 
vt 13.6344 2.31037 
vt 5.74754 2.31037 
vt 13.6344 -6.39817 
vt 5.74754 -6.39817 
vt 13.6344 2.31037 
vt 5.74754 2.31037 
vt 13.6344 1.68042 
vt 5.74754 1.68042 

usemtl Volcanopart1Mtl

f 2185/2185/2185 2186/2186/2186 2187/2187/2187 
f 2187/2187/2187 2186/2186/2186 2188/2188/2188 
f 2189/2189/2189 2190/2190/2190 2191/2191/2191 
f 2191/2191/2191 2190/2190/2190 2192/2192/2192 
f 2193/2193/2193 2194/2194/2194 2195/2195/2195 
f 2195/2195/2195 2194/2194/2194 2196/2196/2196 
f 2197/2197/2197 2198/2198/2198 2199/2199/2199 
f 2199/2199/2199 2198/2198/2198 2200/2200/2200 
f 2201/2201/2201 2202/2202/2202 2203/2203/2203 
f 2203/2203/2203 2202/2202/2202 2204/2204/2204 
f 2205/2205/2205 2206/2206/2206 2207/2207/2207 
f 2207/2207/2207 2206/2206/2206 2208/2208/2208 

g Volcanopart40

v 33.9928 75.5898 6.84743 
v 46.8852 39.5939 49.2067 
v 32.5622 70.6817 3.11209 
v 45.4546 34.6858 45.4714 
v 12.6896 40.8368 60.6706 
v 46.8852 39.5939 49.2067 
v -0.202759 76.8326 18.3113 
v 33.9928 75.5898 6.84743 
v 46.8852 39.5939 49.2067 
v 12.6896 40.8368 60.6706 
v 45.4546 34.6858 45.4714 
v 11.259 35.9287 56.9352 
v 12.6896 40.8368 60.6706 
v -0.202759 76.8326 18.3113 
v 11.259 35.9287 56.9352 
v -1.6334 71.9245 14.5759 
v -1.6334 71.9245 14.5759 
v 32.5622 70.6817 3.11209 
v 11.259 35.9287 56.9352 
v 45.4546 34.6858 45.4714 
v -0.202759 76.8326 18.3113 
v 33.9928 75.5898 6.84743 
v -1.6334 71.9245 14.5759 
v 32.5622 70.6817 3.11209 

vn 0.944882 -0.0314961 -0.314961 
vn 0.944882 -0.0314961 -0.314961 
vn 0.944882 -0.0314961 -0.314961 
vn 0.944882 -0.0314961 -0.314961 
vn 0.228346 0.771654 0.590551 
vn 0.228346 0.771654 0.590551 
vn 0.228346 0.771654 0.590551 
vn 0.228346 0.771654 0.590551 
vn 0.228346 -0.629921 0.740157 
vn 0.228346 -0.629921 0.740157 
vn 0.228346 -0.629921 0.740157 
vn 0.228346 -0.629921 0.740157 
vn -0.944882 0.0314961 0.314961 
vn -0.944882 0.0314961 0.314961 
vn -0.944882 0.0314961 0.314961 
vn -0.944882 0.0314961 0.314961 
vn -0.228346 -0.771654 -0.590551 
vn -0.228346 -0.771654 -0.590551 
vn -0.228346 -0.771654 -0.590551 
vn -0.228346 -0.771654 -0.590551 
vn -0.228346 0.629921 -0.740157 
vn -0.228346 0.629921 -0.740157 
vn -0.228346 0.629921 -0.740157 
vn -0.228346 0.629921 -0.740157 

vt 10.1257 -4.99544 
vt 2.99279 -4.99544 
vt 10.1257 -5.78689 
vt 2.99279 -5.78689 
vt 7.50372 -4.99544 
vt 2.99279 -4.99544 
vt 7.50372 -12.1284 
vt 2.99279 -12.1284 
vt 7.50372 -4.99544 
vt 2.99279 -4.99544 
vt 7.50372 -5.78689 
vt 2.99279 -5.78689 
vt 10.1257 -4.99544 
vt 2.99279 -4.99544 
vt 10.1257 -5.78689 
vt 2.99279 -5.78689 
vt 7.50372 -4.99544 
vt 2.99279 -4.99544 
vt 7.50372 -12.1284 
vt 2.99279 -12.1284 
vt 7.50372 -4.99544 
vt 2.99279 -4.99544 
vt 7.50372 -5.78689 
vt 2.99279 -5.78689 

usemtl Volcanopart1Mtl

f 2209/2209/2209 2210/2210/2210 2211/2211/2211 
f 2211/2211/2211 2210/2210/2210 2212/2212/2212 
f 2213/2213/2213 2214/2214/2214 2215/2215/2215 
f 2215/2215/2215 2214/2214/2214 2216/2216/2216 
f 2217/2217/2217 2218/2218/2218 2219/2219/2219 
f 2219/2219/2219 2218/2218/2218 2220/2220/2220 
f 2221/2221/2221 2222/2222/2222 2223/2223/2223 
f 2223/2223/2223 2222/2222/2222 2224/2224/2224 
f 2225/2225/2225 2226/2226/2226 2227/2227/2227 
f 2227/2227/2227 2226/2226/2226 2228/2228/2228 
f 2229/2229/2229 2230/2230/2230 2231/2231/2231 
f 2231/2231/2231 2230/2230/2230 2232/2232/2232 

g Volcanopart41

v 90.9079 31.0134 -10.9437 
v 150.92 13.4881 19.8523 
v 89.8459 26.1106 -11.6643 
v 149.858 8.58528 19.1317 
v 126.182 11.8947 67.1527 
v 150.92 13.4881 19.8523 
v 66.1698 29.42 36.3567 
v 90.9079 31.0134 -10.9437 
v 150.92 13.4881 19.8523 
v 126.182 11.8947 67.1527 
v 149.858 8.58528 19.1317 
v 125.12 6.9919 66.4321 
v 126.182 11.8947 67.1527 
v 66.1698 29.42 36.3567 
v 125.12 6.9919 66.4321 
v 65.1078 24.5172 35.6361 
v 65.1078 24.5172 35.6361 
v 89.8459 26.1106 -11.6643 
v 125.12 6.9919 66.4321 
v 149.858 8.58528 19.1317 
v 66.1698 29.42 36.3567 
v 90.9079 31.0134 -10.9437 
v 65.1078 24.5172 35.6361 
v 89.8459 26.1106 -11.6643 

vn 0.464567 0.0314961 -0.88189 
vn 0.464567 0.0314961 -0.88189 
vn 0.464567 0.0314961 -0.88189 
vn 0.464567 0.0314961 -0.88189 
vn 0.212598 0.968504 0.141732 
vn 0.212598 0.968504 0.141732 
vn 0.212598 0.968504 0.141732 
vn 0.212598 0.968504 0.141732 
vn 0.858268 -0.251969 0.440945 
vn 0.858268 -0.251969 0.440945 
vn 0.858268 -0.251969 0.440945 
vn 0.858268 -0.251969 0.440945 
vn -0.464567 -0.0314961 0.88189 
vn -0.464567 -0.0314961 0.88189 
vn -0.464567 -0.0314961 0.88189 
vn -0.464567 -0.0314961 0.88189 
vn -0.212598 -0.968504 -0.141732 
vn -0.212598 -0.968504 -0.141732 
vn -0.212598 -0.968504 -0.141732 
vn -0.212598 -0.968504 -0.141732 
vn -0.858268 0.251969 -0.440945 
vn -0.858268 0.251969 -0.440945 
vn -0.858268 0.251969 -0.440945 
vn -0.858268 0.251969 -0.440945 

vt 6.26519 -4.68267 
vt -2.44632 -4.68267 
vt 6.26519 -5.31617 
vt -2.44632 -5.31617 
vt 4.22901 -4.68267 
vt -2.44632 -4.68267 
vt 4.22901 -13.3942 
vt -2.44632 -13.3942 
vt 4.22901 -4.68267 
vt -2.44632 -4.68267 
vt 4.22901 -5.31617 
vt -2.44632 -5.31617 
vt 6.26519 -4.68267 
vt -2.44632 -4.68267 
vt 6.26519 -5.31617 
vt -2.44632 -5.31617 
vt 4.22901 -4.68267 
vt -2.44632 -4.68267 
vt 4.22901 -13.3942 
vt -2.44632 -13.3942 
vt 4.22901 -4.68267 
vt -2.44632 -4.68267 
vt 4.22901 -5.31617 
vt -2.44632 -5.31617 

usemtl Volcanopart1Mtl

f 2233/2233/2233 2234/2234/2234 2235/2235/2235 
f 2235/2235/2235 2234/2234/2234 2236/2236/2236 
f 2237/2237/2237 2238/2238/2238 2239/2239/2239 
f 2239/2239/2239 2238/2238/2238 2240/2240/2240 
f 2241/2241/2241 2242/2242/2242 2243/2243/2243 
f 2243/2243/2243 2242/2242/2242 2244/2244/2244 
f 2245/2245/2245 2246/2246/2246 2247/2247/2247 
f 2247/2247/2247 2246/2246/2246 2248/2248/2248 
f 2249/2249/2249 2250/2250/2250 2251/2251/2251 
f 2251/2251/2251 2250/2250/2250 2252/2252/2252 
f 2253/2253/2253 2254/2254/2254 2255/2255/2255 
f 2255/2255/2255 2254/2254/2254 2256/2256/2256 

g Volcanopart42

v 32.4246 95.9498 -12.6051 
v 62.6606 41.4383 34.2155 
v 30.7762 92.6847 -15.3421 
v 61.0122 38.1732 31.4786 
v 35.2147 40.9319 51.3501 
v 62.6606 41.4383 34.2155 
v 4.97862 95.4434 4.52943 
v 32.4246 95.9498 -12.6051 
v 62.6606 41.4383 34.2155 
v 35.2147 40.9319 51.3501 
v 61.0122 38.1732 31.4786 
v 33.5662 37.6668 48.6132 
v 35.2147 40.9319 51.3501 
v 4.97862 95.4434 4.52943 
v 33.5662 37.6668 48.6132 
v 3.3302 92.1783 1.7925 
v 3.3302 92.1783 1.7925 
v 30.7762 92.6847 -15.3421 
v 33.5662 37.6668 48.6132 
v 61.0122 38.1732 31.4786 
v 4.97862 95.4434 4.52943 
v 32.4246 95.9498 -12.6051 
v 3.3302 92.1783 1.7925 
v 30.7762 92.6847 -15.3421 

vn 0.850394 0.015748 -0.527559 
vn 0.850394 0.015748 -0.527559 
vn 0.850394 0.015748 -0.527559 
vn 0.850394 0.015748 -0.527559 
vn 0.362205 0.716535 0.598425 
vn 0.362205 0.716535 0.598425 
vn 0.362205 0.716535 0.598425 
vn 0.362205 0.716535 0.598425 
vn 0.385827 -0.700787 0.598425 
vn 0.385827 -0.700787 0.598425 
vn 0.385827 -0.700787 0.598425 
vn 0.385827 -0.700787 0.598425 
vn -0.850394 -0.015748 0.527559 
vn -0.850394 -0.015748 0.527559 
vn -0.850394 -0.015748 0.527559 
vn -0.850394 -0.015748 0.527559 
vn -0.362205 -0.716535 -0.598425 
vn -0.362205 -0.716535 -0.598425 
vn -0.362205 -0.716535 -0.598425 
vn -0.362205 -0.716535 -0.598425 
vn -0.385827 0.700787 -0.598425 
vn -0.385827 0.700787 -0.598425 
vn -0.385827 0.700787 -0.598425 
vn -0.385827 0.700787 -0.598425 

vt 12.7194 -6.1386 
vt 2.97431 -6.1386 
vt 12.7194 -6.70963 
vt 2.97431 -6.70963 
vt 7.01923 -6.1386 
vt 2.97431 -6.1386 
vt 7.01923 -15.8837 
vt 2.97431 -15.8837 
vt 7.01923 -6.1386 
vt 2.97431 -6.1386 
vt 7.01923 -6.70963 
vt 2.97431 -6.70963 
vt 12.7194 -6.1386 
vt 2.97431 -6.1386 
vt 12.7194 -6.70963 
vt 2.97431 -6.70963 
vt 7.01923 -6.1386 
vt 2.97431 -6.1386 
vt 7.01923 -15.8837 
vt 2.97431 -15.8837 
vt 7.01923 -6.1386 
vt 2.97431 -6.1386 
vt 7.01923 -6.70963 
vt 2.97431 -6.70963 

usemtl Volcanopart1Mtl

f 2257/2257/2257 2258/2258/2258 2259/2259/2259 
f 2259/2259/2259 2258/2258/2258 2260/2260/2260 
f 2261/2261/2261 2262/2262/2262 2263/2263/2263 
f 2263/2263/2263 2262/2262/2262 2264/2264/2264 
f 2265/2265/2265 2266/2266/2266 2267/2267/2267 
f 2267/2267/2267 2266/2266/2266 2268/2268/2268 
f 2269/2269/2269 2270/2270/2270 2271/2271/2271 
f 2271/2271/2271 2270/2270/2270 2272/2272/2272 
f 2273/2273/2273 2274/2274/2274 2275/2275/2275 
f 2275/2275/2275 2274/2274/2274 2276/2276/2276 
f 2277/2277/2277 2278/2278/2278 2279/2279/2279 
f 2279/2279/2279 2278/2278/2278 2280/2280/2280 

g Volcanopart43

v -71.6544 31.3576 -82.5301 
v -101.563 16.4117 -121.373 
v -70.497 25.9938 -81.3574 
v -100.405 11.0479 -120.2 
v -61.039 18.1845 -153.258 
v -101.563 16.4117 -121.373 
v -31.1306 33.1304 -114.415 
v -71.6544 31.3576 -82.5301 
v -101.563 16.4117 -121.373 
v -61.039 18.1845 -153.258 
v -100.405 11.0479 -120.2 
v -59.8817 12.8207 -152.085 
v -61.039 18.1845 -153.258 
v -31.1306 33.1304 -114.415 
v -59.8817 12.8207 -152.085 
v -29.9732 27.7666 -113.242 
v -29.9732 27.7666 -113.242 
v -70.497 25.9938 -81.3574 
v -59.8817 12.8207 -152.085 
v -100.405 11.0479 -120.2 
v -31.1306 33.1304 -114.415 
v -71.6544 31.3576 -82.5301 
v -29.9732 27.7666 -113.242 
v -70.497 25.9938 -81.3574 

vn -0.787402 -0.0314961 0.614173 
vn -0.787402 -0.0314961 0.614173 
vn -0.787402 -0.0314961 0.614173 
vn -0.787402 -0.0314961 0.614173 
vn -0.204724 0.952756 -0.212598 
vn -0.204724 0.952756 -0.212598 
vn -0.204724 0.952756 -0.212598 
vn -0.204724 0.952756 -0.212598 
vn -0.582677 -0.291339 -0.755906 
vn -0.582677 -0.291339 -0.755906 
vn -0.582677 -0.291339 -0.755906 
vn -0.582677 -0.291339 -0.755906 
vn 0.787402 0.0314961 -0.614173 
vn 0.787402 0.0314961 -0.614173 
vn 0.787402 0.0314961 -0.614173 
vn 0.787402 0.0314961 -0.614173 
vn 0.204724 -0.952756 0.212598 
vn 0.204724 -0.952756 0.212598 
vn 0.204724 -0.952756 0.212598 
vn 0.204724 -0.952756 0.212598 
vn 0.582677 0.291339 0.755906 
vn 0.582677 0.291339 0.755906 
vn 0.582677 0.291339 0.755906 
vn 0.582677 0.291339 0.755906 

vt 0.349115 6.30962 
vt -6.05725 6.30962 
vt 0.349115 5.60822 
vt -6.05725 5.60822 
vt 0.39204 6.30962 
vt -6.05725 6.30962 
vt 0.39204 -0.096746 
vt -6.05725 -0.096746 
vt 0.39204 6.30962 
vt -6.05725 6.30962 
vt 0.39204 5.60822 
vt -6.05725 5.60822 
vt 0.349115 6.30962 
vt -6.05725 6.30962 
vt 0.349115 5.60822 
vt -6.05725 5.60822 
vt 0.39204 6.30962 
vt -6.05725 6.30962 
vt 0.39204 -0.096746 
vt -6.05725 -0.096746 
vt 0.39204 6.30962 
vt -6.05725 6.30962 
vt 0.39204 5.60822 
vt -6.05725 5.60822 

usemtl Volcanopart1Mtl

f 2281/2281/2281 2282/2282/2282 2283/2283/2283 
f 2283/2283/2283 2282/2282/2282 2284/2284/2284 
f 2285/2285/2285 2286/2286/2286 2287/2287/2287 
f 2287/2287/2287 2286/2286/2286 2288/2288/2288 
f 2289/2289/2289 2290/2290/2290 2291/2291/2291 
f 2291/2291/2291 2290/2290/2290 2292/2292/2292 
f 2293/2293/2293 2294/2294/2294 2295/2295/2295 
f 2295/2295/2295 2294/2294/2294 2296/2296/2296 
f 2297/2297/2297 2298/2298/2298 2299/2299/2299 
f 2299/2299/2299 2298/2298/2298 2300/2300/2300 
f 2301/2301/2301 2302/2302/2302 2303/2303/2303 
f 2303/2303/2303 2302/2302/2302 2304/2304/2304 

g Volcanopart44

v -61.9082 33.0901 23.1346 
v -128.19 13.7403 43.4466 
v -60.4105 27.6552 22.8441 
v -126.692 8.30545 43.1561 
v -143.226 12.2933 -6.99799 
v -128.19 13.7403 43.4466 
v -76.9445 31.643 -27.31 
v -61.9082 33.0901 23.1346 
v -128.19 13.7403 43.4466 
v -143.226 12.2933 -6.99799 
v -126.692 8.30545 43.1561 
v -141.728 6.85836 -7.28848 
v -143.226 12.2933 -6.99799 
v -76.9445 31.643 -27.31 
v -141.728 6.85836 -7.28848 
v -75.4469 26.2082 -27.6005 
v -75.4469 26.2082 -27.6005 
v -60.4105 27.6552 22.8441 
v -141.728 6.85836 -7.28848 
v -126.692 8.30545 43.1561 
v -76.9445 31.643 -27.31 
v -61.9082 33.0901 23.1346 
v -75.4469 26.2082 -27.6005 
v -60.4105 27.6552 22.8441 

vn 0.283465 0.023622 0.96063 
vn 0.283465 0.023622 0.96063 
vn 0.283465 0.023622 0.96063 
vn 0.283465 0.023622 0.96063 
vn -0.267717 0.96063 0.0551181 
vn -0.267717 0.96063 0.0551181 
vn -0.267717 0.96063 0.0551181 
vn -0.267717 0.96063 0.0551181 
vn -0.92126 -0.267717 0.283465 
vn -0.92126 -0.267717 0.283465 
vn -0.92126 -0.267717 0.283465 
vn -0.92126 -0.267717 0.283465 
vn -0.283465 -0.023622 -0.96063 
vn -0.283465 -0.023622 -0.96063 
vn -0.283465 -0.023622 -0.96063 
vn -0.283465 -0.023622 -0.96063 
vn 0.267717 -0.96063 -0.0551181 
vn 0.267717 -0.96063 -0.0551181 
vn 0.267717 -0.96063 -0.0551181 
vn 0.267717 -0.96063 -0.0551181 
vn 0.92126 0.267717 -0.283465 
vn 0.92126 0.267717 -0.283465 
vn 0.92126 0.267717 -0.283465 
vn 0.92126 0.267717 -0.283465 

vt 5.88881 -3.80356 
vt -3.10791 -3.80356 
vt 5.88881 -4.50917 
vt -3.10791 -4.50917 
vt 3.47432 -3.80356 
vt -3.10791 -3.80356 
vt 3.47432 -12.8003 
vt -3.10791 -12.8003 
vt 3.47432 -3.80356 
vt -3.10791 -3.80356 
vt 3.47432 -4.50917 
vt -3.10791 -4.50917 
vt 5.88881 -3.80356 
vt -3.10791 -3.80356 
vt 5.88881 -4.50917 
vt -3.10791 -4.50917 
vt 3.47432 -3.80356 
vt -3.10791 -3.80356 
vt 3.47432 -12.8003 
vt -3.10791 -12.8003 
vt 3.47432 -3.80356 
vt -3.10791 -3.80356 
vt 3.47432 -4.50917 
vt -3.10791 -4.50917 

usemtl Volcanopart1Mtl

f 2305/2305/2305 2306/2306/2306 2307/2307/2307 
f 2307/2307/2307 2306/2306/2306 2308/2308/2308 
f 2309/2309/2309 2310/2310/2310 2311/2311/2311 
f 2311/2311/2311 2310/2310/2310 2312/2312/2312 
f 2313/2313/2313 2314/2314/2314 2315/2315/2315 
f 2315/2315/2315 2314/2314/2314 2316/2316/2316 
f 2317/2317/2317 2318/2318/2318 2319/2319/2319 
f 2319/2319/2319 2318/2318/2318 2320/2320/2320 
f 2321/2321/2321 2322/2322/2322 2323/2323/2323 
f 2323/2323/2323 2322/2322/2322 2324/2324/2324 
f 2325/2325/2325 2326/2326/2326 2327/2327/2327 
f 2327/2327/2327 2326/2326/2326 2328/2328/2328 

g Volcanopart45

v 65.5243 47.9736 -47.46 
v 139.095 17.3141 -46.1019 
v 62.8754 41.6032 -47.7782 
v 136.447 10.9437 -46.42 
v 137.502 15.5991 1.50392 
v 139.095 17.3141 -46.1019 
v 63.9307 46.2586 0.14579 
v 65.5243 47.9736 -47.46 
v 139.095 17.3141 -46.1019 
v 137.502 15.5991 1.50392 
v 136.447 10.9437 -46.42 
v 134.853 9.2287 1.18576 
v 137.502 15.5991 1.50392 
v 63.9307 46.2586 0.14579 
v 134.853 9.2287 1.18576 
v 61.2819 39.8882 -0.172375 
v 61.2819 39.8882 -0.172375 
v 62.8754 41.6032 -47.7782 
v 134.853 9.2287 1.18576 
v 136.447 10.9437 -46.42 
v 63.9307 46.2586 0.14579 
v 65.5243 47.9736 -47.46 
v 61.2819 39.8882 -0.172375 
v 62.8754 41.6032 -47.7782 

vn 0.0314961 0.0393701 -1 
vn 0.0314961 0.0393701 -1 
vn 0.0314961 0.0393701 -1 
vn 0.0314961 0.0393701 -1 
vn 0.385827 0.92126 0.0472441 
vn 0.385827 0.92126 0.0472441 
vn 0.385827 0.92126 0.0472441 
vn 0.385827 0.92126 0.0472441 
vn 0.92126 -0.385827 0.015748 
vn 0.92126 -0.385827 0.015748 
vn 0.92126 -0.385827 0.015748 
vn 0.92126 -0.385827 0.015748 
vn -0.0314961 -0.0393701 1 
vn -0.0314961 -0.0393701 1 
vn -0.0314961 -0.0393701 1 
vn -0.0314961 -0.0393701 1 
vn -0.385827 -0.92126 -0.0472441 
vn -0.385827 -0.92126 -0.0472441 
vn -0.385827 -0.92126 -0.0472441 
vn -0.385827 -0.92126 -0.0472441 
vn -0.92126 0.385827 -0.015748 
vn -0.92126 0.385827 -0.015748 
vn -0.92126 0.385827 -0.015748 
vn -0.92126 0.385827 -0.015748 

vt 13.4193 -2.02594 
vt 3.45484 -2.02594 
vt 13.4193 -2.88925 
vt 3.45484 -2.88925 
vt 9.41276 -2.02594 
vt 3.45484 -2.02594 
vt 9.41276 -11.9904 
vt 3.45484 -11.9904 
vt 9.41276 -2.02594 
vt 3.45484 -2.02594 
vt 9.41276 -2.88925 
vt 3.45484 -2.88925 
vt 13.4193 -2.02594 
vt 3.45484 -2.02594 
vt 13.4193 -2.88925 
vt 3.45484 -2.88925 
vt 9.41276 -2.02594 
vt 3.45484 -2.02594 
vt 9.41276 -11.9904 
vt 3.45484 -11.9904 
vt 9.41276 -2.02594 
vt 3.45484 -2.02594 
vt 9.41276 -2.88925 
vt 3.45484 -2.88925 

usemtl Volcanopart1Mtl

f 2329/2329/2329 2330/2330/2330 2331/2331/2331 
f 2331/2331/2331 2330/2330/2330 2332/2332/2332 
f 2333/2333/2333 2334/2334/2334 2335/2335/2335 
f 2335/2335/2335 2334/2334/2334 2336/2336/2336 
f 2337/2337/2337 2338/2338/2338 2339/2339/2339 
f 2339/2339/2339 2338/2338/2338 2340/2340/2340 
f 2341/2341/2341 2342/2342/2342 2343/2343/2343 
f 2343/2343/2343 2342/2342/2342 2344/2344/2344 
f 2345/2345/2345 2346/2346/2346 2347/2347/2347 
f 2347/2347/2347 2346/2346/2346 2348/2348/2348 
f 2349/2349/2349 2350/2350/2350 2351/2351/2351 
f 2351/2351/2351 2350/2350/2350 2352/2352/2352 

g Volcanopart46

v -13.5802 63.1046 -76.2003 
v -12.6839 33.6941 -120.325 
v -13.3097 59.0963 -73.5232 
v -12.4134 29.6859 -117.648 
v 26.9933 35.9195 -121.002 
v -12.6839 33.6941 -120.325 
v 26.097 65.3299 -76.8776 
v -13.5802 63.1046 -76.2003 
v -12.6839 33.6941 -120.325 
v 26.9933 35.9195 -121.002 
v -12.4134 29.6859 -117.648 
v 27.2638 31.9113 -118.325 
v 26.9933 35.9195 -121.002 
v 26.097 65.3299 -76.8776 
v 27.2638 31.9113 -118.325 
v 26.3675 61.3217 -74.2005 
v 26.3675 61.3217 -74.2005 
v -13.3097 59.0963 -73.5232 
v 27.2638 31.9113 -118.325 
v -12.4134 29.6859 -117.648 
v 26.097 65.3299 -76.8776 
v -13.5802 63.1046 -76.2003 
v 26.3675 61.3217 -74.2005 
v -13.3097 59.0963 -73.5232 

vn -1 -0.0551181 0.015748 
vn -1 -0.0551181 0.015748 
vn -1 -0.0551181 0.015748 
vn -1 -0.0551181 0.015748 
vn -0.0551181 0.826772 -0.551181 
vn -0.0551181 0.826772 -0.551181 
vn -0.0551181 0.826772 -0.551181 
vn -0.0551181 0.826772 -0.551181 
vn 0.015748 -0.551181 -0.834646 
vn 0.015748 -0.551181 -0.834646 
vn 0.015748 -0.551181 -0.834646 
vn 0.015748 -0.551181 -0.834646 
vn 1 0.0551181 -0.015748 
vn 1 0.0551181 -0.015748 
vn 1 0.0551181 -0.015748 
vn 1 0.0551181 -0.015748 
vn 0.0551181 -0.826772 0.551181 
vn 0.0551181 -0.826772 0.551181 
vn 0.0551181 -0.826772 0.551181 
vn 0.0551181 -0.826772 0.551181 
vn -0.015748 0.551181 0.834646 
vn -0.015748 0.551181 0.834646 
vn -0.015748 0.551181 0.834646 
vn -0.015748 0.551181 0.834646 

vt 10.1982 -4.07481 
vt 3.56874 -4.07481 
vt 10.1982 -4.67826 
vt 3.56874 -4.67826 
vt 8.53691 -4.07481 
vt 3.56874 -4.07481 
vt 8.53691 -10.7043 
vt 3.56874 -10.7043 
vt 8.53691 -4.07481 
vt 3.56874 -4.07481 
vt 8.53691 -4.67826 
vt 3.56874 -4.67826 
vt 10.1982 -4.07481 
vt 3.56874 -4.07481 
vt 10.1982 -4.67826 
vt 3.56874 -4.67826 
vt 8.53691 -4.07481 
vt 3.56874 -4.07481 
vt 8.53691 -10.7043 
vt 3.56874 -10.7043 
vt 8.53691 -4.07481 
vt 3.56874 -4.07481 
vt 8.53691 -4.67826 
vt 3.56874 -4.67826 

usemtl Volcanopart1Mtl

f 2353/2353/2353 2354/2354/2354 2355/2355/2355 
f 2355/2355/2355 2354/2354/2354 2356/2356/2356 
f 2357/2357/2357 2358/2358/2358 2359/2359/2359 
f 2359/2359/2359 2358/2358/2358 2360/2360/2360 
f 2361/2361/2361 2362/2362/2362 2363/2363/2363 
f 2363/2363/2363 2362/2362/2362 2364/2364/2364 
f 2365/2365/2365 2366/2366/2366 2367/2367/2367 
f 2367/2367/2367 2366/2366/2366 2368/2368/2368 
f 2369/2369/2369 2370/2370/2370 2371/2371/2371 
f 2371/2371/2371 2370/2370/2370 2372/2372/2372 
f 2373/2373/2373 2374/2374/2374 2375/2375/2375 
f 2375/2375/2375 2374/2374/2374 2376/2376/2376 

g Volcanopart47

v -40.4813 70.6673 -12.8926 
v -100.964 29.1076 -23.5808 
v -36.7325 65.0221 -12.156 
v -97.2152 23.4625 -22.8442 
v -93.8507 28.7569 -62.4699 
v -100.964 29.1076 -23.5808 
v -33.368 70.3165 -51.7817 
v -40.4813 70.6673 -12.8926 
v -100.964 29.1076 -23.5808 
v -93.8507 28.7569 -62.4699 
v -97.2152 23.4625 -22.8442 
v -90.1019 23.1117 -61.7333 
v -93.8507 28.7569 -62.4699 
v -33.368 70.3165 -51.7817 
v -90.1019 23.1117 -61.7333 
v -29.6192 64.6714 -51.0451 
v -29.6192 64.6714 -51.0451 
v -36.7325 65.0221 -12.156 
v -90.1019 23.1117 -61.7333 
v -97.2152 23.4625 -22.8442 
v -33.368 70.3165 -51.7817 
v -40.4813 70.6673 -12.8926 
v -29.6192 64.6714 -51.0451 
v -36.7325 65.0221 -12.156 

vn -0.181102 0.00787402 0.984252 
vn -0.181102 0.00787402 0.984252 
vn -0.181102 0.00787402 0.984252 
vn -0.181102 0.00787402 0.984252 
vn -0.551181 0.826772 -0.110236 
vn -0.551181 0.826772 -0.110236 
vn -0.551181 0.826772 -0.110236 
vn -0.551181 0.826772 -0.110236 
vn -0.818898 -0.559055 -0.141732 
vn -0.818898 -0.559055 -0.141732 
vn -0.818898 -0.559055 -0.141732 
vn -0.818898 -0.559055 -0.141732 
vn 0.181102 -0.00787402 -0.984252 
vn 0.181102 -0.00787402 -0.984252 
vn 0.181102 -0.00787402 -0.984252 
vn 0.181102 -0.00787402 -0.984252 
vn 0.551181 -0.826772 0.110236 
vn 0.551181 -0.826772 0.110236 
vn 0.551181 -0.826772 0.110236 
vn 0.551181 -0.826772 0.110236 
vn 0.818898 0.559055 0.141732 
vn 0.818898 0.559055 0.141732 
vn 0.818898 0.559055 0.141732 
vn 0.818898 0.559055 0.141732 

vt 11.2181 4.30031 
vt 1.94814 4.30031 
vt 11.2181 3.44826 
vt 1.94814 3.44826 
vt 6.89013 4.30031 
vt 1.94814 4.30031 
vt 6.89013 -4.96959 
vt 1.94814 -4.96959 
vt 6.89013 4.30031 
vt 1.94814 4.30031 
vt 6.89013 3.44826 
vt 1.94814 3.44826 
vt 11.2181 4.30031 
vt 1.94814 4.30031 
vt 11.2181 3.44826 
vt 1.94814 3.44826 
vt 6.89013 4.30031 
vt 1.94814 4.30031 
vt 6.89013 -4.96959 
vt 1.94814 -4.96959 
vt 6.89013 4.30031 
vt 1.94814 4.30031 
vt 6.89013 3.44826 
vt 1.94814 3.44826 

usemtl Volcanopart1Mtl

f 2377/2377/2377 2378/2378/2378 2379/2379/2379 
f 2379/2379/2379 2378/2378/2378 2380/2380/2380 
f 2381/2381/2381 2382/2382/2382 2383/2383/2383 
f 2383/2383/2383 2382/2382/2382 2384/2384/2384 
f 2385/2385/2385 2386/2386/2386 2387/2387/2387 
f 2387/2387/2387 2386/2386/2386 2388/2388/2388 
f 2389/2389/2389 2390/2390/2390 2391/2391/2391 
f 2391/2391/2391 2390/2390/2390 2392/2392/2392 
f 2393/2393/2393 2394/2394/2394 2395/2395/2395 
f 2395/2395/2395 2394/2394/2394 2396/2396/2396 
f 2397/2397/2397 2398/2398/2398 2399/2399/2399 
f 2399/2399/2399 2398/2398/2398 2400/2400/2400 

g Volcanopart48

v 87.9851 31.2833 -50.9809 
v 151.412 13.2398 -50.8053 
v 86.6093 26.4486 -50.8059 
v 150.036 8.40516 -50.6302 
v 151.777 15.0331 1.59219 
v 151.412 13.2398 -50.8053 
v 88.3501 33.0765 1.4165 
v 87.9851 31.2833 -50.9809 
v 151.412 13.2398 -50.8053 
v 151.777 15.0331 1.59219 
v 150.036 8.40516 -50.6302 
v 150.401 10.1984 1.76724 
v 151.777 15.0331 1.59219 
v 88.3501 33.0765 1.4165 
v 150.401 10.1984 1.76724 
v 86.9743 28.2419 1.59155 
v 86.9743 28.2419 1.59155 
v 86.6093 26.4486 -50.8059 
v 150.401 10.1984 1.76724 
v 150.036 8.40516 -50.6302 
v 88.3501 33.0765 1.4165 
v 87.9851 31.2833 -50.9809 
v 86.9743 28.2419 1.59155 
v 86.6093 26.4486 -50.8059 

vn -0.00787402 -0.0314961 -1 
vn -0.00787402 -0.0314961 -1 
vn -0.00787402 -0.0314961 -1 
vn -0.00787402 -0.0314961 -1 
vn 0.275591 0.96063 -0.0314961 
vn 0.275591 0.96063 -0.0314961 
vn 0.275591 0.96063 -0.0314961 
vn 0.275591 0.96063 -0.0314961 
vn 0.96063 -0.275591 0 
vn 0.96063 -0.275591 0 
vn 0.96063 -0.275591 0 
vn 0.96063 -0.275591 0 
vn 0.00787402 0.0314961 1 
vn 0.00787402 0.0314961 1 
vn 0.00787402 0.0314961 1 
vn 0.00787402 0.0314961 1 
vn -0.275591 -0.96063 0.0314961 
vn -0.275591 -0.96063 0.0314961 
vn -0.275591 -0.96063 0.0314961 
vn -0.275591 -0.96063 0.0314961 
vn -0.96063 0.275591 0 
vn -0.96063 0.275591 0 
vn -0.96063 0.275591 0 
vn -0.96063 0.275591 0 

vt 4.08542 -1.78071 
vt -4.15755 -1.78071 
vt 4.08542 -2.40942 
vt -4.15755 -2.40942 
vt 2.39613 -1.78071 
vt -4.15755 -1.78071 
vt 2.39613 -10.0237 
vt -4.15755 -10.0237 
vt 2.39613 -1.78071 
vt -4.15755 -1.78071 
vt 2.39613 -2.40942 
vt -4.15755 -2.40942 
vt 4.08542 -1.78071 
vt -4.15755 -1.78071 
vt 4.08542 -2.40942 
vt -4.15755 -2.40942 
vt 2.39613 -1.78071 
vt -4.15755 -1.78071 
vt 2.39613 -10.0237 
vt -4.15755 -10.0237 
vt 2.39613 -1.78071 
vt -4.15755 -1.78071 
vt 2.39613 -2.40942 
vt -4.15755 -2.40942 

usemtl Volcanopart1Mtl

f 2401/2401/2401 2402/2402/2402 2403/2403/2403 
f 2403/2403/2403 2402/2402/2402 2404/2404/2404 
f 2405/2405/2405 2406/2406/2406 2407/2407/2407 
f 2407/2407/2407 2406/2406/2406 2408/2408/2408 
f 2409/2409/2409 2410/2410/2410 2411/2411/2411 
f 2411/2411/2411 2410/2410/2410 2412/2412/2412 
f 2413/2413/2413 2414/2414/2414 2415/2415/2415 
f 2415/2415/2415 2414/2414/2414 2416/2416/2416 
f 2417/2417/2417 2418/2418/2418 2419/2419/2419 
f 2419/2419/2419 2418/2418/2418 2420/2420/2420 
f 2421/2421/2421 2422/2422/2422 2423/2423/2423 
f 2423/2423/2423 2422/2422/2422 2424/2424/2424 

g Volcanopart49

v -108.254 13.8692 -71.6926 
v -154.513 10.306 -106.23 
v -107.88 6.71822 -71.4565 
v -154.138 3.15496 -105.993 
v -117.97 10.6031 -155.205 
v -154.513 10.306 -106.23 
v -71.7114 14.1664 -120.668 
v -108.254 13.8692 -71.6926 
v -154.513 10.306 -106.23 
v -117.97 10.6031 -155.205 
v -154.138 3.15496 -105.993 
v -117.595 3.45213 -154.969 
v -117.97 10.6031 -155.205 
v -71.7114 14.1664 -120.668 
v -117.595 3.45213 -154.969 
v -71.3369 7.01539 -120.432 
v -71.3369 7.01539 -120.432 
v -107.88 6.71822 -71.4565 
v -117.595 3.45213 -154.969 
v -154.138 3.15496 -105.993 
v -71.7114 14.1664 -120.668 
v -108.254 13.8692 -71.6926 
v -71.3369 7.01539 -120.432 
v -107.88 6.71822 -71.4565 

vn -0.598425 -0.00787402 0.80315 
vn -0.598425 -0.00787402 0.80315 
vn -0.598425 -0.00787402 0.80315 
vn -0.598425 -0.00787402 0.80315 
vn -0.0551181 1 -0.0314961 
vn -0.0551181 1 -0.0314961 
vn -0.0551181 1 -0.0314961 
vn -0.0551181 1 -0.0314961 
vn -0.80315 -0.0629921 -0.598425 
vn -0.80315 -0.0629921 -0.598425 
vn -0.80315 -0.0629921 -0.598425 
vn -0.80315 -0.0629921 -0.598425 
vn 0.598425 0.00787402 -0.80315 
vn 0.598425 0.00787402 -0.80315 
vn 0.598425 0.00787402 -0.80315 
vn 0.598425 0.00787402 -0.80315 
vn 0.0551181 -1 0.0314961 
vn 0.0551181 -1 0.0314961 
vn 0.0551181 -1 0.0314961 
vn 0.0551181 -1 0.0314961 
vn 0.80315 0.0629921 0.598425 
vn 0.80315 0.0629921 0.598425 
vn 0.80315 0.0629921 0.598425 
vn 0.80315 0.0629921 0.598425 

vt 6.0946 5.70799 
vt -1.13528 5.70799 
vt 6.0946 4.8124 
vt -1.13528 4.8124 
vt 6.50313 5.70799 
vt -1.13528 5.70799 
vt 6.50313 -1.52189 
vt -1.13528 -1.52189 
vt 6.50313 5.70799 
vt -1.13528 5.70799 
vt 6.50313 4.8124 
vt -1.13528 4.8124 
vt 6.0946 5.70799 
vt -1.13528 5.70799 
vt 6.0946 4.8124 
vt -1.13528 4.8124 
vt 6.50313 5.70799 
vt -1.13528 5.70799 
vt 6.50313 -1.52189 
vt -1.13528 -1.52189 
vt 6.50313 5.70799 
vt -1.13528 5.70799 
vt 6.50313 4.8124 
vt -1.13528 4.8124 

usemtl Volcanopart1Mtl

f 2425/2425/2425 2426/2426/2426 2427/2427/2427 
f 2427/2427/2427 2426/2426/2426 2428/2428/2428 
f 2429/2429/2429 2430/2430/2430 2431/2431/2431 
f 2431/2431/2431 2430/2430/2430 2432/2432/2432 
f 2433/2433/2433 2434/2434/2434 2435/2435/2435 
f 2435/2435/2435 2434/2434/2434 2436/2436/2436 
f 2437/2437/2437 2438/2438/2438 2439/2439/2439 
f 2439/2439/2439 2438/2438/2438 2440/2440/2440 
f 2441/2441/2441 2442/2442/2442 2443/2443/2443 
f 2443/2443/2443 2442/2442/2442 2444/2444/2444 
f 2445/2445/2445 2446/2446/2446 2447/2447/2447 
f 2447/2447/2447 2446/2446/2446 2448/2448/2448 

g Volcanopart50

v 2.80054 82.959 -62.7922 
v 29.1714 32.7892 -120.311 
v 1.20168 78.3129 -59.4728 
v 27.5725 28.143 -116.992 
v 62.1527 32.4525 -104.897 
v 29.1714 32.7892 -120.311 
v 35.7819 82.6224 -47.3776 
v 2.80054 82.959 -62.7922 
v 29.1714 32.7892 -120.311 
v 62.1527 32.4525 -104.897 
v 27.5725 28.143 -116.992 
v 60.5539 27.8064 -101.577 
v 62.1527 32.4525 -104.897 
v 35.7819 82.6224 -47.3776 
v 60.5539 27.8064 -101.577 
v 34.1831 77.9762 -44.0581 
v 34.1831 77.9762 -44.0581 
v 1.20168 78.3129 -59.4728 
v 60.5539 27.8064 -101.577 
v 27.5725 28.143 -116.992 
v 35.7819 82.6224 -47.3776 
v 2.80054 82.959 -62.7922 
v 34.1831 77.9762 -44.0581 
v 1.20168 78.3129 -59.4728 

vn -0.905512 0.00787402 -0.425197 
vn -0.905512 0.00787402 -0.425197 
vn -0.905512 0.00787402 -0.425197 
vn -0.905512 0.00787402 -0.425197 
vn 0.267717 0.787402 -0.559055 
vn 0.267717 0.787402 -0.559055 
vn 0.267717 0.787402 -0.559055 
vn 0.267717 0.787402 -0.559055 
vn 0.322835 -0.622047 -0.708661 
vn 0.322835 -0.622047 -0.708661 
vn 0.322835 -0.622047 -0.708661 
vn 0.322835 -0.622047 -0.708661 
vn 0.905512 -0.00787402 0.425197 
vn 0.905512 -0.00787402 0.425197 
vn 0.905512 -0.00787402 0.425197 
vn 0.905512 -0.00787402 0.425197 
vn -0.267717 -0.787402 0.559055 
vn -0.267717 -0.787402 0.559055 
vn -0.267717 -0.787402 0.559055 
vn -0.267717 -0.787402 0.559055 
vn -0.322835 0.622047 0.708661 
vn -0.322835 0.622047 0.708661 
vn -0.322835 0.622047 0.708661 
vn -0.322835 0.622047 0.708661 

vt 8.92354 -2.60916 
vt -1.17045 -2.60916 
vt 8.92354 -3.35037 
vt -1.17045 -3.35037 
vt 3.38047 -2.60916 
vt -1.17045 -2.60916 
vt 3.38047 -12.7032 
vt -1.17045 -12.7032 
vt 3.38047 -2.60916 
vt -1.17045 -2.60916 
vt 3.38047 -3.35037 
vt -1.17045 -3.35037 
vt 8.92354 -2.60916 
vt -1.17045 -2.60916 
vt 8.92354 -3.35037 
vt -1.17045 -3.35037 
vt 3.38047 -2.60916 
vt -1.17045 -2.60916 
vt 3.38047 -12.7032 
vt -1.17045 -12.7032 
vt 3.38047 -2.60916 
vt -1.17045 -2.60916 
vt 3.38047 -3.35037 
vt -1.17045 -3.35037 

usemtl Volcanopart1Mtl

f 2449/2449/2449 2450/2450/2450 2451/2451/2451 
f 2451/2451/2451 2450/2450/2450 2452/2452/2452 
f 2453/2453/2453 2454/2454/2454 2455/2455/2455 
f 2455/2455/2455 2454/2454/2454 2456/2456/2456 
f 2457/2457/2457 2458/2458/2458 2459/2459/2459 
f 2459/2459/2459 2458/2458/2458 2460/2460/2460 
f 2461/2461/2461 2462/2462/2462 2463/2463/2463 
f 2463/2463/2463 2462/2462/2462 2464/2464/2464 
f 2465/2465/2465 2466/2466/2466 2467/2467/2467 
f 2467/2467/2467 2466/2466/2466 2468/2468/2468 
f 2469/2469/2469 2470/2470/2470 2471/2471/2471 
f 2471/2471/2471 2470/2470/2470 2472/2472/2472 

g Volcanopart51

v -5.69714 58.708 -85.1441 
v 3.13864 28.822 -136.537 
v -6.34925 54.0304 -82.5361 
v 2.48653 24.1444 -133.929 
v 44.8405 27.4504 -128.57 
v 3.13864 28.822 -136.537 
v 36.0047 57.3365 -77.1769 
v -5.69714 58.708 -85.1441 
v 3.13864 28.822 -136.537 
v 44.8405 27.4504 -128.57 
v 2.48653 24.1444 -133.929 
v 44.1884 22.7728 -125.962 
v 44.8405 27.4504 -128.57 
v 36.0047 57.3365 -77.1769 
v 44.1884 22.7728 -125.962 
v 35.3526 52.6588 -74.5689 
v 35.3526 52.6588 -74.5689 
v -6.34925 54.0304 -82.5361 
v 44.1884 22.7728 -125.962 
v 2.48653 24.1444 -133.929 
v 36.0047 57.3365 -77.1769 
v -5.69714 58.708 -85.1441 
v 35.3526 52.6588 -74.5689 
v -6.34925 54.0304 -82.5361 

vn -0.984252 0.0314961 -0.188976 
vn -0.984252 0.0314961 -0.188976 
vn -0.984252 0.0314961 -0.188976 
vn -0.984252 0.0314961 -0.188976 
vn 0.11811 0.866142 -0.480315 
vn 0.11811 0.866142 -0.480315 
vn 0.11811 0.866142 -0.480315 
vn 0.11811 0.866142 -0.480315 
vn 0.149606 -0.496063 -0.858268 
vn 0.149606 -0.496063 -0.858268 
vn 0.149606 -0.496063 -0.858268 
vn 0.149606 -0.496063 -0.858268 
vn 0.984252 -0.0314961 0.188976 
vn 0.984252 -0.0314961 0.188976 
vn 0.984252 -0.0314961 0.188976 
vn 0.984252 -0.0314961 0.188976 
vn -0.11811 -0.866142 0.480315 
vn -0.11811 -0.866142 0.480315 
vn -0.11811 -0.866142 0.480315 
vn -0.11811 -0.866142 0.480315 
vn -0.149606 0.496063 0.858268 
vn -0.149606 0.496063 0.858268 
vn -0.149606 0.496063 0.858268 
vn -0.149606 0.496063 0.858268 

vt 11.6307 -5.50742 
vt 4.11766 -5.50742 
vt 11.6307 -6.18181 
vt 4.11766 -6.18181 
vt 9.42743 -5.50742 
vt 4.11766 -5.50742 
vt 9.42743 -13.0205 
vt 4.11766 -13.0205 
vt 9.42743 -5.50742 
vt 4.11766 -5.50742 
vt 9.42743 -6.18181 
vt 4.11766 -6.18181 
vt 11.6307 -5.50742 
vt 4.11766 -5.50742 
vt 11.6307 -6.18181 
vt 4.11766 -6.18181 
vt 9.42743 -5.50742 
vt 4.11766 -5.50742 
vt 9.42743 -13.0205 
vt 4.11766 -13.0205 
vt 9.42743 -5.50742 
vt 4.11766 -5.50742 
vt 9.42743 -6.18181 
vt 4.11766 -6.18181 

usemtl Volcanopart1Mtl

f 2473/2473/2473 2474/2474/2474 2475/2475/2475 
f 2475/2475/2475 2474/2474/2474 2476/2476/2476 
f 2477/2477/2477 2478/2478/2478 2479/2479/2479 
f 2479/2479/2479 2478/2478/2478 2480/2480/2480 
f 2481/2481/2481 2482/2482/2482 2483/2483/2483 
f 2483/2483/2483 2482/2482/2482 2484/2484/2484 
f 2485/2485/2485 2486/2486/2486 2487/2487/2487 
f 2487/2487/2487 2486/2486/2486 2488/2488/2488 
f 2489/2489/2489 2490/2490/2490 2491/2491/2491 
f 2491/2491/2491 2490/2490/2490 2492/2492/2492 
f 2493/2493/2493 2494/2494/2494 2495/2495/2495 
f 2495/2495/2495 2494/2494/2494 2496/2496/2496 

g Volcanopart52

v -15.0743 69.6976 -66.192 
v -15.5755 26.5628 -132.402 
v -14.9494 66.0207 -63.7975 
v -15.4506 22.8859 -130.007 
v 24.5744 27.3814 -133.239 
v -15.5755 26.5628 -132.402 
v 25.0756 70.5162 -67.0293 
v -15.0743 69.6976 -66.192 
v -15.5755 26.5628 -132.402 
v 24.5744 27.3814 -133.239 
v -15.4506 22.8859 -130.007 
v 24.6993 23.7044 -130.844 
v 24.5744 27.3814 -133.239 
v 25.0756 70.5162 -67.0293 
v 24.6993 23.7044 -130.844 
v 25.2005 66.8392 -64.6347 
v 25.2005 66.8392 -64.6347 
v -14.9494 66.0207 -63.7975 
v 24.6993 23.7044 -130.844 
v -15.4506 22.8859 -130.007 
v 25.0756 70.5162 -67.0293 
v -15.0743 69.6976 -66.192 
v 25.2005 66.8392 -64.6347 
v -14.9494 66.0207 -63.7975 

vn -1 -0.023622 0.023622 
vn -1 -0.023622 0.023622 
vn -1 -0.023622 0.023622 
vn -1 -0.023622 0.023622 
vn -0.0314961 0.834646 -0.543307 
vn -0.0314961 0.834646 -0.543307 
vn -0.0314961 0.834646 -0.543307 
vn -0.0314961 0.834646 -0.543307 
vn -0.00787402 -0.543307 -0.834646 
vn -0.00787402 -0.543307 -0.834646 
vn -0.00787402 -0.543307 -0.834646 
vn -0.00787402 -0.543307 -0.834646 
vn 1 0.023622 -0.023622 
vn 1 0.023622 -0.023622 
vn 1 0.023622 -0.023622 
vn 1 0.023622 -0.023622 
vn 0.0314961 -0.834646 0.543307 
vn 0.0314961 -0.834646 0.543307 
vn 0.0314961 -0.834646 0.543307 
vn 0.0314961 -0.834646 0.543307 
vn 0.00787402 0.543307 0.834646 
vn 0.00787402 0.543307 0.834646 
vn 0.00787402 0.543307 0.834646 
vn 0.00787402 0.543307 0.834646 

vt 13.0572 2.98811 
vt 3.1794 2.98811 
vt 13.0572 2.4394 
vt 3.1794 2.4394 
vt 8.20026 2.98811 
vt 3.1794 2.98811 
vt 8.20026 -6.88971 
vt 3.1794 -6.88971 
vt 8.20026 2.98811 
vt 3.1794 2.98811 
vt 8.20026 2.4394 
vt 3.1794 2.4394 
vt 13.0572 2.98811 
vt 3.1794 2.98811 
vt 13.0572 2.4394 
vt 3.1794 2.4394 
vt 8.20026 2.98811 
vt 3.1794 2.98811 
vt 8.20026 -6.88971 
vt 3.1794 -6.88971 
vt 8.20026 2.98811 
vt 3.1794 2.98811 
vt 8.20026 2.4394 
vt 3.1794 2.4394 

usemtl Volcanopart1Mtl

f 2497/2497/2497 2498/2498/2498 2499/2499/2499 
f 2499/2499/2499 2498/2498/2498 2500/2500/2500 
f 2501/2501/2501 2502/2502/2502 2503/2503/2503 
f 2503/2503/2503 2502/2502/2502 2504/2504/2504 
f 2505/2505/2505 2506/2506/2506 2507/2507/2507 
f 2507/2507/2507 2506/2506/2506 2508/2508/2508 
f 2509/2509/2509 2510/2510/2510 2511/2511/2511 
f 2511/2511/2511 2510/2510/2510 2512/2512/2512 
f 2513/2513/2513 2514/2514/2514 2515/2515/2515 
f 2515/2515/2515 2514/2514/2514 2516/2516/2516 
f 2517/2517/2517 2518/2518/2518 2519/2519/2519 
f 2519/2519/2519 2518/2518/2518 2520/2520/2520 

g Volcanopart53

v 31.2217 79.9044 -53.805 
v 81.1843 36.0295 -72.4634 
v 27.0146 74.1448 -51.5271 
v 76.9772 30.2699 -70.1856 
v 95.5153 38.4693 -39.8259 
v 81.1843 36.0295 -72.4634 
v 45.5527 82.3442 -21.1674 
v 31.2217 79.9044 -53.805 
v 81.1843 36.0295 -72.4634 
v 95.5153 38.4693 -39.8259 
v 76.9772 30.2699 -70.1856 
v 91.3082 32.7097 -37.548 
v 95.5153 38.4693 -39.8259 
v 45.5527 82.3442 -21.1674 
v 91.3082 32.7097 -37.548 
v 41.3456 76.5846 -18.8896 
v 41.3456 76.5846 -18.8896 
v 27.0146 74.1448 -51.5271 
v 91.3082 32.7097 -37.548 
v 76.9772 30.2699 -70.1856 
v 45.5527 82.3442 -21.1674 
v 31.2217 79.9044 -53.805 
v 41.3456 76.5846 -18.8896 
v 27.0146 74.1448 -51.5271 

vn -0.401575 -0.0708661 -0.913386 
vn -0.401575 -0.0708661 -0.913386 
vn -0.401575 -0.0708661 -0.913386 
vn -0.401575 -0.0708661 -0.913386 
vn 0.559055 0.771654 -0.307087 
vn 0.559055 0.771654 -0.307087 
vn 0.559055 0.771654 -0.307087 
vn 0.559055 0.771654 -0.307087 
vn 0.724409 -0.637795 -0.267717 
vn 0.724409 -0.637795 -0.267717 
vn 0.724409 -0.637795 -0.267717 
vn 0.724409 -0.637795 -0.267717 
vn 0.401575 0.0708661 0.913386 
vn 0.401575 0.0708661 0.913386 
vn 0.401575 0.0708661 0.913386 
vn 0.401575 0.0708661 0.913386 
vn -0.559055 -0.771654 0.307087 
vn -0.559055 -0.771654 0.307087 
vn -0.559055 -0.771654 0.307087 
vn -0.559055 -0.771654 0.307087 
vn -0.724409 0.637795 0.267717 
vn -0.724409 0.637795 0.267717 
vn -0.724409 0.637795 0.267717 
vn -0.724409 0.637795 0.267717 

vt 2.29668 7.04224 
vt -6.33593 7.04224 
vt 2.29668 6.10631 
vt -6.33593 6.10631 
vt -1.86984 7.04224 
vt -6.33593 7.04224 
vt -1.86984 -1.59037 
vt -6.33593 -1.59037 
vt -1.86984 7.04224 
vt -6.33593 7.04224 
vt -1.86984 6.10631 
vt -6.33593 6.10631 
vt 2.29668 7.04224 
vt -6.33593 7.04224 
vt 2.29668 6.10631 
vt -6.33593 6.10631 
vt -1.86984 7.04224 
vt -6.33593 7.04224 
vt -1.86984 -1.59037 
vt -6.33593 -1.59037 
vt -1.86984 7.04224 
vt -6.33593 7.04224 
vt -1.86984 6.10631 
vt -6.33593 6.10631 

usemtl Volcanopart1Mtl

f 2521/2521/2521 2522/2522/2522 2523/2523/2523 
f 2523/2523/2523 2522/2522/2522 2524/2524/2524 
f 2525/2525/2525 2526/2526/2526 2527/2527/2527 
f 2527/2527/2527 2526/2526/2526 2528/2528/2528 
f 2529/2529/2529 2530/2530/2530 2531/2531/2531 
f 2531/2531/2531 2530/2530/2530 2532/2532/2532 
f 2533/2533/2533 2534/2534/2534 2535/2535/2535 
f 2535/2535/2535 2534/2534/2534 2536/2536/2536 
f 2537/2537/2537 2538/2538/2538 2539/2539/2539 
f 2539/2539/2539 2538/2538/2538 2540/2540/2540 
f 2541/2541/2541 2542/2542/2542 2543/2543/2543 
f 2543/2543/2543 2542/2542/2542 2544/2544/2544 

g Volcanopart54

v 50.8014 72.5731 -31.9035 
v 96.4279 36.6923 -19.4973 
v 47.2055 67.7224 -32.7078 
v 92.832 31.8416 -20.3015 
v 87.2238 37.5107 16.7199 
v 96.4279 36.6923 -19.4973 
v 41.5973 73.3915 4.31366 
v 50.8014 72.5731 -31.9035 
v 96.4279 36.6923 -19.4973 
v 87.2238 37.5107 16.7199 
v 92.832 31.8416 -20.3015 
v 83.6279 32.6601 15.9157 
v 87.2238 37.5107 16.7199 
v 41.5973 73.3915 4.31366 
v 83.6279 32.6601 15.9157 
v 38.0014 68.5409 3.50943 
v 38.0014 68.5409 3.50943 
v 47.2055 67.7224 -32.7078 
v 83.6279 32.6601 15.9157 
v 92.832 31.8416 -20.3015 
v 41.5973 73.3915 4.31366 
v 50.8014 72.5731 -31.9035 
v 38.0014 68.5409 3.50943 
v 47.2055 67.7224 -32.7078 

vn 0.244094 -0.023622 -0.968504 
vn 0.244094 -0.023622 -0.968504 
vn 0.244094 -0.023622 -0.968504 
vn 0.244094 -0.023622 -0.968504 
vn 0.590551 0.795276 0.133858 
vn 0.590551 0.795276 0.133858 
vn 0.590551 0.795276 0.133858 
vn 0.590551 0.795276 0.133858 
vn 0.771654 -0.606299 0.212598 
vn 0.771654 -0.606299 0.212598 
vn 0.771654 -0.606299 0.212598 
vn 0.771654 -0.606299 0.212598 
vn -0.244094 0.023622 0.968504 
vn -0.244094 0.023622 0.968504 
vn -0.244094 0.023622 0.968504 
vn -0.244094 0.023622 0.968504 
vn -0.590551 -0.795276 -0.133858 
vn -0.590551 -0.795276 -0.133858 
vn -0.590551 -0.795276 -0.133858 
vn -0.590551 -0.795276 -0.133858 
vn -0.771654 0.606299 -0.212598 
vn -0.771654 0.606299 -0.212598 
vn -0.771654 0.606299 -0.212598 
vn -0.771654 0.606299 -0.212598 

vt 5.6873 -3.18293 
vt -1.73219 -3.18293 
vt 5.6873 -3.94437 
vt -1.73219 -3.94437 
vt 2.93999 -3.18293 
vt -1.73219 -3.18293 
vt 2.93999 -10.6024 
vt -1.73219 -10.6024 
vt 2.93999 -3.18293 
vt -1.73219 -3.18293 
vt 2.93999 -3.94437 
vt -1.73219 -3.94437 
vt 5.6873 -3.18293 
vt -1.73219 -3.18293 
vt 5.6873 -3.94437 
vt -1.73219 -3.94437 
vt 2.93999 -3.18293 
vt -1.73219 -3.18293 
vt 2.93999 -10.6024 
vt -1.73219 -10.6024 
vt 2.93999 -3.18293 
vt -1.73219 -3.18293 
vt 2.93999 -3.94437 
vt -1.73219 -3.94437 

usemtl Volcanopart1Mtl

f 2545/2545/2545 2546/2546/2546 2547/2547/2547 
f 2547/2547/2547 2546/2546/2546 2548/2548/2548 
f 2549/2549/2549 2550/2550/2550 2551/2551/2551 
f 2551/2551/2551 2550/2550/2550 2552/2552/2552 
f 2553/2553/2553 2554/2554/2554 2555/2555/2555 
f 2555/2555/2555 2554/2554/2554 2556/2556/2556 
f 2557/2557/2557 2558/2558/2558 2559/2559/2559 
f 2559/2559/2559 2558/2558/2558 2560/2560/2560 
f 2561/2561/2561 2562/2562/2562 2563/2563/2563 
f 2563/2563/2563 2562/2562/2562 2564/2564/2564 
f 2565/2565/2565 2566/2566/2566 2567/2567/2567 
f 2567/2567/2567 2566/2566/2566 2568/2568/2568 

g Volcanopart55

v -66.0424 15.9643 54.7567 
v -123.766 9.40747 90.7003 
v -65.4978 8.79949 54.3242 
v -123.221 2.2427 90.2679 
v -155.435 10.0631 39.9605 
v -123.766 9.40747 90.7003 
v -97.7121 16.6199 4.01686 
v -66.0424 15.9643 54.7567 
v -123.766 9.40747 90.7003 
v -155.435 10.0631 39.9605 
v -123.221 2.2427 90.2679 
v -154.891 2.89835 39.528 
v -155.435 10.0631 39.9605 
v -97.7121 16.6199 4.01686 
v -154.891 2.89835 39.528 
v -97.1675 9.45514 3.58439 
v -97.1675 9.45514 3.58439 
v -65.4978 8.79949 54.3242 
v -154.891 2.89835 39.528 
v -123.221 2.2427 90.2679 
v -97.7121 16.6199 4.01686 
v -66.0424 15.9643 54.7567 
v -97.1675 9.45514 3.58439 
v -65.4978 8.79949 54.3242 

vn 0.527559 -0.00787402 0.850394 
vn 0.527559 -0.00787402 0.850394 
vn 0.527559 -0.00787402 0.850394 
vn 0.527559 -0.00787402 0.850394 
vn -0.0787402 0.992126 0.0629921 
vn -0.0787402 0.992126 0.0629921 
vn -0.0787402 0.992126 0.0629921 
vn -0.0787402 0.992126 0.0629921 
vn -0.84252 -0.0944882 0.527559 
vn -0.84252 -0.0944882 0.527559 
vn -0.84252 -0.0944882 0.527559 
vn -0.84252 -0.0944882 0.527559 
vn -0.527559 0.00787402 -0.850394 
vn -0.527559 0.00787402 -0.850394 
vn -0.527559 0.00787402 -0.850394 
vn -0.527559 0.00787402 -0.850394 
vn 0.0787402 -0.992126 -0.0629921 
vn 0.0787402 -0.992126 -0.0629921 
vn 0.0787402 -0.992126 -0.0629921 
vn 0.0787402 -0.992126 -0.0629921 
vn 0.84252 0.0944882 -0.527559 
vn 0.84252 0.0944882 -0.527559 
vn 0.84252 0.0944882 -0.527559 
vn 0.84252 0.0944882 -0.527559 

vt 14.0652 -4.5052 
vt 5.52588 -4.5052 
vt 14.0652 -5.405 
vt 5.52588 -5.405 
vt 13.0029 -4.5052 
vt 5.52588 -4.5052 
vt 13.0029 -13.0445 
vt 5.52588 -13.0445 
vt 13.0029 -4.5052 
vt 5.52588 -4.5052 
vt 13.0029 -5.405 
vt 5.52588 -5.405 
vt 14.0652 -4.5052 
vt 5.52588 -4.5052 
vt 14.0652 -5.405 
vt 5.52588 -5.405 
vt 13.0029 -4.5052 
vt 5.52588 -4.5052 
vt 13.0029 -13.0445 
vt 5.52588 -13.0445 
vt 13.0029 -4.5052 
vt 5.52588 -4.5052 
vt 13.0029 -5.405 
vt 5.52588 -5.405 

usemtl Volcanopart1Mtl

f 2569/2569/2569 2570/2570/2570 2571/2571/2571 
f 2571/2571/2571 2570/2570/2570 2572/2572/2572 
f 2573/2573/2573 2574/2574/2574 2575/2575/2575 
f 2575/2575/2575 2574/2574/2574 2576/2576/2576 
f 2577/2577/2577 2578/2578/2578 2579/2579/2579 
f 2579/2579/2579 2578/2578/2578 2580/2580/2580 
f 2581/2581/2581 2582/2582/2582 2583/2583/2583 
f 2583/2583/2583 2582/2582/2582 2584/2584/2584 
f 2585/2585/2585 2586/2586/2586 2587/2587/2587 
f 2587/2587/2587 2586/2586/2586 2588/2588/2588 
f 2589/2589/2589 2590/2590/2590 2591/2591/2591 
f 2591/2591/2591 2590/2590/2590 2592/2592/2592 

g Volcanopart56

v 15.0453 55.3561 -85.4708 
v 44.0909 24.1098 -135.798 
v 13.5116 48.742 -82.2495 
v 42.5571 17.4957 -132.577 
v 82.2004 25.549 -114.698 
v 44.0909 24.1098 -135.798 
v 53.1548 56.7953 -64.3701 
v 15.0453 55.3561 -85.4708 
v 44.0909 24.1098 -135.798 
v 82.2004 25.549 -114.698 
v 42.5571 17.4957 -132.577 
v 80.6666 18.9349 -111.476 
v 82.2004 25.549 -114.698 
v 53.1548 56.7953 -64.3701 
v 80.6666 18.9349 -111.476 
v 51.6211 50.1812 -61.1489 
v 51.6211 50.1812 -61.1489 
v 13.5116 48.742 -82.2495 
v 80.6666 18.9349 -111.476 
v 42.5571 17.4957 -132.577 
v 53.1548 56.7953 -64.3701 
v 15.0453 55.3561 -85.4708 
v 51.6211 50.1812 -61.1489 
v 13.5116 48.742 -82.2495 

vn -0.874016 -0.0314961 -0.480315 
vn -0.874016 -0.0314961 -0.480315 
vn -0.874016 -0.0314961 -0.480315 
vn -0.874016 -0.0314961 -0.480315 
vn 0.204724 0.88189 -0.425197 
vn 0.204724 0.88189 -0.425197 
vn 0.204724 0.88189 -0.425197 
vn 0.204724 0.88189 -0.425197 
vn 0.440945 -0.472441 -0.76378 
vn 0.440945 -0.472441 -0.76378 
vn 0.440945 -0.472441 -0.76378 
vn 0.440945 -0.472441 -0.76378 
vn 0.874016 0.0314961 0.480315 
vn 0.874016 0.0314961 0.480315 
vn 0.874016 0.0314961 0.480315 
vn 0.874016 0.0314961 0.480315 
vn -0.204724 -0.88189 0.425197 
vn -0.204724 -0.88189 0.425197 
vn -0.204724 -0.88189 0.425197 
vn -0.204724 -0.88189 0.425197 
vn -0.440945 0.472441 0.76378 
vn -0.440945 0.472441 0.76378 
vn -0.440945 0.472441 0.76378 
vn -0.440945 0.472441 0.76378 

vt 11.0596 -3.3548 
vt 2.81256 -3.3548 
vt 11.0596 -4.29417 
vt 2.81256 -4.29417 
vt 8.26067 -3.3548 
vt 2.81256 -3.3548 
vt 8.26067 -11.6018 
vt 2.81256 -11.6018 
vt 8.26067 -3.3548 
vt 2.81256 -3.3548 
vt 8.26067 -4.29417 
vt 2.81256 -4.29417 
vt 11.0596 -3.3548 
vt 2.81256 -3.3548 
vt 11.0596 -4.29417 
vt 2.81256 -4.29417 
vt 8.26067 -3.3548 
vt 2.81256 -3.3548 
vt 8.26067 -11.6018 
vt 2.81256 -11.6018 
vt 8.26067 -3.3548 
vt 2.81256 -3.3548 
vt 8.26067 -4.29417 
vt 2.81256 -4.29417 

usemtl Volcanopart1Mtl

f 2593/2593/2593 2594/2594/2594 2595/2595/2595 
f 2595/2595/2595 2594/2594/2594 2596/2596/2596 
f 2597/2597/2597 2598/2598/2598 2599/2599/2599 
f 2599/2599/2599 2598/2598/2598 2600/2600/2600 
f 2601/2601/2601 2602/2602/2602 2603/2603/2603 
f 2603/2603/2603 2602/2602/2602 2604/2604/2604 
f 2605/2605/2605 2606/2606/2606 2607/2607/2607 
f 2607/2607/2607 2606/2606/2606 2608/2608/2608 
f 2609/2609/2609 2610/2610/2610 2611/2611/2611 
f 2611/2611/2611 2610/2610/2610 2612/2612/2612 
f 2613/2613/2613 2614/2614/2614 2615/2615/2615 
f 2615/2615/2615 2614/2614/2614 2616/2616/2616 

g Volcanopart57

v -32.7158 31.808 54.1539 
v -74.6003 13.8073 98.9833 
v -31.5384 25.3758 52.6711 
v -73.423 7.37514 97.5005 
v -112.934 14.9422 63.6234 
v -74.6003 13.8073 98.9833 
v -71.0496 32.9429 18.7939 
v -32.7158 31.808 54.1539 
v -74.6003 13.8073 98.9833 
v -112.934 14.9422 63.6234 
v -73.423 7.37514 97.5005 
v -111.757 8.51007 62.1406 
v -112.934 14.9422 63.6234 
v -71.0496 32.9429 18.7939 
v -111.757 8.51007 62.1406 
v -69.8722 26.5108 17.3112 
v -69.8722 26.5108 17.3112 
v -31.5384 25.3758 52.6711 
v -111.757 8.51007 62.1406 
v -73.423 7.37514 97.5005 
v -71.0496 32.9429 18.7939 
v -32.7158 31.808 54.1539 
v -69.8722 26.5108 17.3112 
v -31.5384 25.3758 52.6711 

vn 0.732283 -0.023622 0.677165 
vn 0.732283 -0.023622 0.677165 
vn 0.732283 -0.023622 0.677165 
vn 0.732283 -0.023622 0.677165 
vn -0.173228 0.96063 0.220472 
vn -0.173228 0.96063 0.220472 
vn -0.173228 0.96063 0.220472 
vn -0.173228 0.96063 0.220472 
vn -0.653543 -0.283465 0.700787 
vn -0.653543 -0.283465 0.700787 
vn -0.653543 -0.283465 0.700787 
vn -0.653543 -0.283465 0.700787 
vn -0.732283 0.023622 -0.677165 
vn -0.732283 0.023622 -0.677165 
vn -0.732283 0.023622 -0.677165 
vn -0.732283 0.023622 -0.677165 
vn 0.173228 -0.96063 -0.220472 
vn 0.173228 -0.96063 -0.220472 
vn 0.173228 -0.96063 -0.220472 
vn 0.173228 -0.96063 -0.220472 
vn 0.653543 0.283465 -0.700787 
vn 0.653543 0.283465 -0.700787 
vn 0.653543 0.283465 -0.700787 
vn 0.653543 0.283465 -0.700787 

vt 13.0169 -2.06741 
vt 5.02468 -2.06741 
vt 13.0169 -2.90554 
vt 5.02468 -2.90554 
vt 11.5452 -2.06741 
vt 5.02468 -2.06741 
vt 11.5452 -10.0596 
vt 5.02468 -10.0596 
vt 11.5452 -2.06741 
vt 5.02468 -2.06741 
vt 11.5452 -2.90554 
vt 5.02468 -2.90554 
vt 13.0169 -2.06741 
vt 5.02468 -2.06741 
vt 13.0169 -2.90554 
vt 5.02468 -2.90554 
vt 11.5452 -2.06741 
vt 5.02468 -2.06741 
vt 11.5452 -10.0596 
vt 5.02468 -10.0596 
vt 11.5452 -2.06741 
vt 5.02468 -2.06741 
vt 11.5452 -2.90554 
vt 5.02468 -2.90554 

usemtl Volcanopart1Mtl

f 2617/2617/2617 2618/2618/2618 2619/2619/2619 
f 2619/2619/2619 2618/2618/2618 2620/2620/2620 
f 2621/2621/2621 2622/2622/2622 2623/2623/2623 
f 2623/2623/2623 2622/2622/2622 2624/2624/2624 
f 2625/2625/2625 2626/2626/2626 2627/2627/2627 
f 2627/2627/2627 2626/2626/2626 2628/2628/2628 
f 2629/2629/2629 2630/2630/2630 2631/2631/2631 
f 2631/2631/2631 2630/2630/2630 2632/2632/2632 
f 2633/2633/2633 2634/2634/2634 2635/2635/2635 
f 2635/2635/2635 2634/2634/2634 2636/2636/2636 
f 2637/2637/2637 2638/2638/2638 2639/2639/2639 
f 2639/2639/2639 2638/2638/2638 2640/2640/2640 

g Volcanopart58

v 33.8581 49.5135 38.8152 
v 38.7505 22.9313 94.1449 
v 33.7879 45.081 36.6918 
v 38.6803 18.4987 92.0216 
v -6.76621 21.9494 97.6979 
v 38.7505 22.9313 94.1449 
v -11.6586 48.5316 42.3682 
v 33.8581 49.5135 38.8152 
v 38.7505 22.9313 94.1449 
v -6.76621 21.9494 97.6979 
v 38.6803 18.4987 92.0216 
v -6.83633 17.5168 95.5745 
v -6.76621 21.9494 97.6979 
v -11.6586 48.5316 42.3682 
v -6.83633 17.5168 95.5745 
v -11.7287 44.099 40.2448 
v -11.7287 44.099 40.2448 
v 33.7879 45.081 36.6918 
v -6.83633 17.5168 95.5745 
v 38.6803 18.4987 92.0216 
v -11.6586 48.5316 42.3682 
v 33.8581 49.5135 38.8152 
v -11.7287 44.099 40.2448 
v 33.7879 45.081 36.6918 

vn 1 0.023622 -0.0787402 
vn 1 0.023622 -0.0787402 
vn 1 0.023622 -0.0787402 
vn 1 0.023622 -0.0787402 
vn 0.015748 0.905512 0.433071 
vn 0.015748 0.905512 0.433071 
vn 0.015748 0.905512 0.433071 
vn 0.015748 0.905512 0.433071 
vn 0.0787402 -0.433071 0.897638 
vn 0.0787402 -0.433071 0.897638 
vn 0.0787402 -0.433071 0.897638 
vn 0.0787402 -0.433071 0.897638 
vn -1 -0.023622 0.0787402 
vn -1 -0.023622 0.0787402 
vn -1 -0.023622 0.0787402 
vn -1 -0.023622 0.0787402 
vn -0.015748 -0.905512 -0.433071 
vn -0.015748 -0.905512 -0.433071 
vn -0.015748 -0.905512 -0.433071 
vn -0.015748 -0.905512 -0.433071 
vn -0.0787402 0.433071 -0.897638 
vn -0.0787402 0.433071 -0.897638 
vn -0.0787402 0.433071 -0.897638 
vn -0.0787402 0.433071 -0.897638 

vt 5.23533 -3.57982 
vt -2.462 -3.57982 
vt 5.23533 -4.19424 
vt -2.462 -4.19424 
vt 3.24621 -3.57982 
vt -2.462 -3.57982 
vt 3.24621 -11.2771 
vt -2.462 -11.2771 
vt 3.24621 -3.57982 
vt -2.462 -3.57982 
vt 3.24621 -4.19424 
vt -2.462 -4.19424 
vt 5.23533 -3.57982 
vt -2.462 -3.57982 
vt 5.23533 -4.19424 
vt -2.462 -4.19424 
vt 3.24621 -3.57982 
vt -2.462 -3.57982 
vt 3.24621 -11.2771 
vt -2.462 -11.2771 
vt 3.24621 -3.57982 
vt -2.462 -3.57982 
vt 3.24621 -4.19424 
vt -2.462 -4.19424 

usemtl Volcanopart1Mtl

f 2641/2641/2641 2642/2642/2642 2643/2643/2643 
f 2643/2643/2643 2642/2642/2642 2644/2644/2644 
f 2645/2645/2645 2646/2646/2646 2647/2647/2647 
f 2647/2647/2647 2646/2646/2646 2648/2648/2648 
f 2649/2649/2649 2650/2650/2650 2651/2651/2651 
f 2651/2651/2651 2650/2650/2650 2652/2652/2652 
f 2653/2653/2653 2654/2654/2654 2655/2655/2655 
f 2655/2655/2655 2654/2654/2654 2656/2656/2656 
f 2657/2657/2657 2658/2658/2658 2659/2659/2659 
f 2659/2659/2659 2658/2658/2658 2660/2660/2660 
f 2661/2661/2661 2662/2662/2662 2663/2663/2663 
f 2663/2663/2663 2662/2662/2662 2664/2664/2664 

g Volcanopart59

v -14.8208 69.5248 -70.1644 
v -15.3834 29.7812 -130.478 
v -15.1526 63.4643 -66.1677 
v -15.7153 23.7207 -126.481 
v 24.5292 28.0867 -129.733 
v -15.3834 29.7812 -130.478 
v 25.0919 67.8303 -69.4201 
v -14.8208 69.5248 -70.1644 
v -15.3834 29.7812 -130.478 
v 24.5292 28.0867 -129.733 
v -15.7153 23.7207 -126.481 
v 24.1974 22.0262 -125.737 
v 24.5292 28.0867 -129.733 
v 25.0919 67.8303 -69.4201 
v 24.1974 22.0262 -125.737 
v 24.76 61.7698 -65.4234 
v 24.76 61.7698 -65.4234 
v -15.1526 63.4643 -66.1677 
v 24.1974 22.0262 -125.737 
v -15.7153 23.7207 -126.481 
v 25.0919 67.8303 -69.4201 
v -14.8208 69.5248 -70.1644 
v 24.76 61.7698 -65.4234 
v -15.1526 63.4643 -66.1677 

vn -1 0.0393701 -0.015748 
vn -1 0.0393701 -0.015748 
vn -1 0.0393701 -0.015748 
vn -1 0.0393701 -0.015748 
vn 0.0472441 0.834646 -0.551181 
vn 0.0472441 0.834646 -0.551181 
vn 0.0472441 0.834646 -0.551181 
vn 0.0472441 0.834646 -0.551181 
vn -0.00787402 -0.551181 -0.834646 
vn -0.00787402 -0.551181 -0.834646 
vn -0.00787402 -0.551181 -0.834646 
vn -0.00787402 -0.551181 -0.834646 
vn 1 -0.0393701 0.015748 
vn 1 -0.0393701 0.015748 
vn 1 -0.0393701 0.015748 
vn 1 -0.0393701 0.015748 
vn -0.0472441 -0.834646 0.551181 
vn -0.0472441 -0.834646 0.551181 
vn -0.0472441 -0.834646 0.551181 
vn -0.0472441 -0.834646 0.551181 
vn 0.00787402 0.551181 0.834646 
vn 0.00787402 0.551181 0.834646 
vn 0.00787402 0.551181 0.834646 
vn 0.00787402 0.551181 0.834646 

vt 7.18018 -4.19699 
vt -1.8489 -4.19699 
vt 7.18018 -5.10539 
vt -1.8489 -5.10539 
vt 3.14554 -4.19699 
vt -1.8489 -4.19699 
vt 3.14554 -13.2261 
vt -1.8489 -13.2261 
vt 3.14554 -4.19699 
vt -1.8489 -4.19699 
vt 3.14554 -5.10539 
vt -1.8489 -5.10539 
vt 7.18018 -4.19699 
vt -1.8489 -4.19699 
vt 7.18018 -5.10539 
vt -1.8489 -5.10539 
vt 3.14554 -4.19699 
vt -1.8489 -4.19699 
vt 3.14554 -13.2261 
vt -1.8489 -13.2261 
vt 3.14554 -4.19699 
vt -1.8489 -4.19699 
vt 3.14554 -5.10539 
vt -1.8489 -5.10539 

usemtl Volcanopart1Mtl

f 2665/2665/2665 2666/2666/2666 2667/2667/2667 
f 2667/2667/2667 2666/2666/2666 2668/2668/2668 
f 2669/2669/2669 2670/2670/2670 2671/2671/2671 
f 2671/2671/2671 2670/2670/2670 2672/2672/2672 
f 2673/2673/2673 2674/2674/2674 2675/2675/2675 
f 2675/2675/2675 2674/2674/2674 2676/2676/2676 
f 2677/2677/2677 2678/2678/2678 2679/2679/2679 
f 2679/2679/2679 2678/2678/2678 2680/2680/2680 
f 2681/2681/2681 2682/2682/2682 2683/2683/2683 
f 2683/2683/2683 2682/2682/2682 2684/2684/2684 
f 2685/2685/2685 2686/2686/2686 2687/2687/2687 
f 2687/2687/2687 2686/2686/2686 2688/2688/2688 

g Volcanopart60

v -26.1103 44.9997 -87.7511 
v -33.8752 18.0773 -154.246 
v -25.9032 38.1895 -85.018 
v -33.6681 11.2671 -151.513 
v 13.8989 17.4011 -159.551 
v -33.8752 18.0773 -154.246 
v 21.6638 44.3234 -93.0561 
v -26.1103 44.9997 -87.7511 
v -33.8752 18.0773 -154.246 
v 13.8989 17.4011 -159.551 
v -33.6681 11.2671 -151.513 
v 14.106 10.5909 -156.818 
v 13.8989 17.4011 -159.551 
v 21.6638 44.3234 -93.0561 
v 14.106 10.5909 -156.818 
v 21.8709 37.5132 -90.323 
v 21.8709 37.5132 -90.323 
v -25.9032 38.1895 -85.018 
v 14.106 10.5909 -156.818 
v -33.6681 11.2671 -151.513 
v 21.6638 44.3234 -93.0561 
v -26.1103 44.9997 -87.7511 
v 21.8709 37.5132 -90.323 
v -25.9032 38.1895 -85.018 

vn -0.992126 0.015748 0.110236 
vn -0.992126 0.015748 0.110236 
vn -0.992126 0.015748 0.110236 
vn -0.992126 0.015748 0.110236 
vn -0.0314961 0.929134 -0.370079 
vn -0.0314961 0.929134 -0.370079 
vn -0.0314961 0.929134 -0.370079 
vn -0.0314961 0.929134 -0.370079 
vn -0.110236 -0.370079 -0.92126 
vn -0.110236 -0.370079 -0.92126 
vn -0.110236 -0.370079 -0.92126 
vn -0.110236 -0.370079 -0.92126 
vn 0.992126 -0.015748 -0.110236 
vn 0.992126 -0.015748 -0.110236 
vn 0.992126 -0.015748 -0.110236 
vn 0.992126 -0.015748 -0.110236 
vn 0.0314961 -0.929134 0.370079 
vn 0.0314961 -0.929134 0.370079 
vn 0.0314961 -0.929134 0.370079 
vn 0.0314961 -0.929134 0.370079 
vn 0.110236 0.370079 0.92126 
vn 0.110236 0.370079 0.92126 
vn 0.110236 0.370079 0.92126 
vn 0.110236 0.370079 0.92126 

vt 4.95803 8.19897 
vt -4.06159 8.19897 
vt 4.95803 7.28133 
vt -4.06159 7.28133 
vt 1.94747 8.19897 
vt -4.06159 8.19897 
vt 1.94747 -0.820658 
vt -4.06159 -0.820658 
vt 1.94747 8.19897 
vt -4.06159 8.19897 
vt 1.94747 7.28133 
vt -4.06159 7.28133 
vt 4.95803 8.19897 
vt -4.06159 8.19897 
vt 4.95803 7.28133 
vt -4.06159 7.28133 
vt 1.94747 8.19897 
vt -4.06159 8.19897 
vt 1.94747 -0.820658 
vt -4.06159 -0.820658 
vt 1.94747 8.19897 
vt -4.06159 8.19897 
vt 1.94747 7.28133 
vt -4.06159 7.28133 

usemtl Volcanopart1Mtl

f 2689/2689/2689 2690/2690/2690 2691/2691/2691 
f 2691/2691/2691 2690/2690/2690 2692/2692/2692 
f 2693/2693/2693 2694/2694/2694 2695/2695/2695 
f 2695/2695/2695 2694/2694/2694 2696/2696/2696 
f 2697/2697/2697 2698/2698/2698 2699/2699/2699 
f 2699/2699/2699 2698/2698/2698 2700/2700/2700 
f 2701/2701/2701 2702/2702/2702 2703/2703/2703 
f 2703/2703/2703 2702/2702/2702 2704/2704/2704 
f 2705/2705/2705 2706/2706/2706 2707/2707/2707 
f 2707/2707/2707 2706/2706/2706 2708/2708/2708 
f 2709/2709/2709 2710/2710/2710 2711/2711/2711 
f 2711/2711/2711 2710/2710/2710 2712/2712/2712 

g Volcanopart61

v -10.9158 12.2925 106.384 
v -29.5018 10.2494 155.741 
v -10.7788 6.46444 106.194 
v -29.3648 4.42133 155.552 
v -87.6815 9.59496 133.806 
v -29.5018 10.2494 155.741 
v -69.0956 11.6381 84.4485 
v -10.9158 12.2925 106.384 
v -29.5018 10.2494 155.741 
v -87.6815 9.59496 133.806 
v -29.3648 4.42133 155.552 
v -87.5445 3.76692 133.617 
v -87.6815 9.59496 133.806 
v -69.0956 11.6381 84.4485 
v -87.5445 3.76692 133.617 
v -68.9585 5.81003 84.2589 
v -68.9585 5.81003 84.2589 
v -10.7788 6.46444 106.194 
v -87.5445 3.76692 133.617 
v -29.3648 4.42133 155.552 
v -69.0956 11.6381 84.4485 
v -10.9158 12.2925 106.384 
v -68.9585 5.81003 84.2589 
v -10.7788 6.46444 106.194 

vn 0.937008 0.00787402 0.354331 
vn 0.937008 0.00787402 0.354331 
vn 0.937008 0.00787402 0.354331 
vn 0.937008 0.00787402 0.354331 
vn -0.023622 1 0.0314961 
vn -0.023622 1 0.0314961 
vn -0.023622 1 0.0314961 
vn -0.023622 1 0.0314961 
vn -0.354331 -0.0393701 0.937008 
vn -0.354331 -0.0393701 0.937008 
vn -0.354331 -0.0393701 0.937008 
vn -0.354331 -0.0393701 0.937008 
vn -0.937008 -0.00787402 -0.354331 
vn -0.937008 -0.00787402 -0.354331 
vn -0.937008 -0.00787402 -0.354331 
vn -0.937008 -0.00787402 -0.354331 
vn 0.023622 -1 -0.0314961 
vn 0.023622 -1 -0.0314961 
vn 0.023622 -1 -0.0314961 
vn 0.023622 -1 -0.0314961 
vn 0.354331 0.0393701 -0.937008 
vn 0.354331 0.0393701 -0.937008 
vn 0.354331 0.0393701 -0.937008 
vn 0.354331 0.0393701 -0.937008 

vt 5.91762 2.14863 
vt -0.679966 2.14863 
vt 5.91762 1.41954 
vt -0.679966 1.41954 
vt 7.09264 2.14863 
vt -0.679966 2.14863 
vt 7.09264 -4.44895 
vt -0.679966 -4.44895 
vt 7.09264 2.14863 
vt -0.679966 2.14863 
vt 7.09264 1.41954 
vt -0.679966 1.41954 
vt 5.91762 2.14863 
vt -0.679966 2.14863 
vt 5.91762 1.41954 
vt -0.679966 1.41954 
vt 7.09264 2.14863 
vt -0.679966 2.14863 
vt 7.09264 -4.44895 
vt -0.679966 -4.44895 
vt 7.09264 2.14863 
vt -0.679966 2.14863 
vt 7.09264 1.41954 
vt -0.679966 1.41954 

usemtl Volcanopart1Mtl

f 2713/2713/2713 2714/2714/2714 2715/2715/2715 
f 2715/2715/2715 2714/2714/2714 2716/2716/2716 
f 2717/2717/2717 2718/2718/2718 2719/2719/2719 
f 2719/2719/2719 2718/2718/2718 2720/2720/2720 
f 2721/2721/2721 2722/2722/2722 2723/2723/2723 
f 2723/2723/2723 2722/2722/2722 2724/2724/2724 
f 2725/2725/2725 2726/2726/2726 2727/2727/2727 
f 2727/2727/2727 2726/2726/2726 2728/2728/2728 
f 2729/2729/2729 2730/2730/2730 2731/2731/2731 
f 2731/2731/2731 2730/2730/2730 2732/2732/2732 
f 2733/2733/2733 2734/2734/2734 2735/2735/2735 
f 2735/2735/2735 2734/2734/2734 2736/2736/2736 

g Volcanopart62

v 16.2141 44.4259 40.2649 
v 0.224137 15.3881 114.333 
v 16.8712 38.7191 38.1694 
v 0.881183 9.68134 112.237 
v -47.4502 13.8935 103.455 
v 0.224137 15.3881 114.333 
v -31.4602 42.9312 29.3868 
v 16.2141 44.4259 40.2649 
v 0.224137 15.3881 114.333 
v -47.4502 13.8935 103.455 
v 0.881183 9.68134 112.237 
v -46.7931 8.18668 101.359 
v -47.4502 13.8935 103.455 
v -31.4602 42.9312 29.3868 
v -46.7931 8.18668 101.359 
v -30.8032 37.2244 27.2914 
v -30.8032 37.2244 27.2914 
v 16.8712 38.7191 38.1694 
v -46.7931 8.18668 101.359 
v 0.881183 9.68134 112.237 
v -31.4602 42.9312 29.3868 
v 16.2141 44.4259 40.2649 
v -30.8032 37.2244 27.2914 
v 16.8712 38.7191 38.1694 

vn 0.976378 0.0314961 0.220472 
vn 0.976378 0.0314961 0.220472 
vn 0.976378 0.0314961 0.220472 
vn 0.976378 0.0314961 0.220472 
vn -0.110236 0.937008 0.346457 
vn -0.110236 0.937008 0.346457 
vn -0.110236 0.937008 0.346457 
vn -0.110236 0.937008 0.346457 
vn -0.19685 -0.354331 0.913386 
vn -0.19685 -0.354331 0.913386 
vn -0.19685 -0.354331 0.913386 
vn -0.19685 -0.354331 0.913386 
vn -0.976378 -0.0314961 -0.220472 
vn -0.976378 -0.0314961 -0.220472 
vn -0.976378 -0.0314961 -0.220472 
vn -0.976378 -0.0314961 -0.220472 
vn 0.110236 -0.937008 -0.346457 
vn 0.110236 -0.937008 -0.346457 
vn 0.110236 -0.937008 -0.346457 
vn 0.110236 -0.937008 -0.346457 
vn 0.19685 0.354331 -0.913386 
vn 0.19685 0.354331 -0.913386 
vn 0.19685 0.354331 -0.913386 
vn 0.19685 0.354331 -0.913386 

vt 12.679 -2.06873 
vt 2.53559 -2.06873 
vt 12.679 -2.83308 
vt 2.53559 -2.83308 
vt 8.6509 -2.06873 
vt 2.53559 -2.06873 
vt 8.6509 -12.2122 
vt 2.53559 -12.2122 
vt 8.6509 -2.06873 
vt 2.53559 -2.06873 
vt 8.6509 -2.83308 
vt 2.53559 -2.83308 
vt 12.679 -2.06873 
vt 2.53559 -2.06873 
vt 12.679 -2.83308 
vt 2.53559 -2.83308 
vt 8.6509 -2.06873 
vt 2.53559 -2.06873 
vt 8.6509 -12.2122 
vt 2.53559 -12.2122 
vt 8.6509 -2.06873 
vt 2.53559 -2.06873 
vt 8.6509 -2.83308 
vt 2.53559 -2.83308 

usemtl Volcanopart1Mtl

f 2737/2737/2737 2738/2738/2738 2739/2739/2739 
f 2739/2739/2739 2738/2738/2738 2740/2740/2740 
f 2741/2741/2741 2742/2742/2742 2743/2743/2743 
f 2743/2743/2743 2742/2742/2742 2744/2744/2744 
f 2745/2745/2745 2746/2746/2746 2747/2747/2747 
f 2747/2747/2747 2746/2746/2746 2748/2748/2748 
f 2749/2749/2749 2750/2750/2750 2751/2751/2751 
f 2751/2751/2751 2750/2750/2750 2752/2752/2752 
f 2753/2753/2753 2754/2754/2754 2755/2755/2755 
f 2755/2755/2755 2754/2754/2754 2756/2756/2756 
f 2757/2757/2757 2758/2758/2758 2759/2759/2759 
f 2759/2759/2759 2758/2758/2758 2760/2760/2760 

g Volcanopart63

v 83.6546 17.6999 41.4655 
v 122.193 10.15 101.052 
v 83.3982 11.2551 40.8147 
v 121.937 3.70521 100.401 
v 72.2167 8.89024 133.216 
v 122.193 10.15 101.052 
v 33.678 16.4401 73.6291 
v 83.6546 17.6999 41.4655 
v 122.193 10.15 101.052 
v 72.2167 8.89024 133.216 
v 121.937 3.70521 100.401 
v 71.9604 2.44548 132.565 
v 72.2167 8.89024 133.216 
v 33.678 16.4401 73.6291 
v 71.9604 2.44548 132.565 
v 33.4216 9.99539 72.9784 
v 33.4216 9.99539 72.9784 
v 83.3982 11.2551 40.8147 
v 71.9604 2.44548 132.565 
v 121.937 3.70521 100.401 
v 33.678 16.4401 73.6291 
v 83.6546 17.6999 41.4655 
v 33.4216 9.99539 72.9784 
v 83.3982 11.2551 40.8147 

vn 0.84252 0.023622 -0.543307 
vn 0.84252 0.023622 -0.543307 
vn 0.84252 0.023622 -0.543307 
vn 0.84252 0.023622 -0.543307 
vn 0.0393701 0.992126 0.102362 
vn 0.0393701 0.992126 0.102362 
vn 0.0393701 0.992126 0.102362 
vn 0.0393701 0.992126 0.102362 
vn 0.543307 -0.102362 0.834646 
vn 0.543307 -0.102362 0.834646 
vn 0.543307 -0.102362 0.834646 
vn 0.543307 -0.102362 0.834646 
vn -0.84252 -0.023622 0.543307 
vn -0.84252 -0.023622 0.543307 
vn -0.84252 -0.023622 0.543307 
vn -0.84252 -0.023622 0.543307 
vn -0.0393701 -0.992126 -0.102362 
vn -0.0393701 -0.992126 -0.102362 
vn -0.0393701 -0.992126 -0.102362 
vn -0.0393701 -0.992126 -0.102362 
vn -0.543307 0.102362 -0.834646 
vn -0.543307 0.102362 -0.834646 
vn -0.543307 0.102362 -0.834646 
vn -0.543307 0.102362 -0.834646 

vt 14.156 -4.58505 
vt 5.23554 -4.58505 
vt 14.156 -5.39538 
vt 5.23554 -5.39538 
vt 12.6662 -4.58505 
vt 5.23554 -4.58505 
vt 12.6662 -13.5055 
vt 5.23554 -13.5055 
vt 12.6662 -4.58505 
vt 5.23554 -4.58505 
vt 12.6662 -5.39538 
vt 5.23554 -5.39538 
vt 14.156 -4.58505 
vt 5.23554 -4.58505 
vt 14.156 -5.39538 
vt 5.23554 -5.39538 
vt 12.6662 -4.58505 
vt 5.23554 -4.58505 
vt 12.6662 -13.5055 
vt 5.23554 -13.5055 
vt 12.6662 -4.58505 
vt 5.23554 -4.58505 
vt 12.6662 -5.39538 
vt 5.23554 -5.39538 

usemtl Volcanopart1Mtl

f 2761/2761/2761 2762/2762/2762 2763/2763/2763 
f 2763/2763/2763 2762/2762/2762 2764/2764/2764 
f 2765/2765/2765 2766/2766/2766 2767/2767/2767 
f 2767/2767/2767 2766/2766/2766 2768/2768/2768 
f 2769/2769/2769 2770/2770/2770 2771/2771/2771 
f 2771/2771/2771 2770/2770/2770 2772/2772/2772 
f 2773/2773/2773 2774/2774/2774 2775/2775/2775 
f 2775/2775/2775 2774/2774/2774 2776/2776/2776 
f 2777/2777/2777 2778/2778/2778 2779/2779/2779 
f 2779/2779/2779 2778/2778/2778 2780/2780/2780 
f 2781/2781/2781 2782/2782/2782 2783/2783/2783 
f 2783/2783/2783 2782/2782/2782 2784/2784/2784 

g Volcanopart64

v 72.3236 44.4991 -61.2522 
v 128.411 20.9065 -71.4989 
v 70.4553 40.002 -61.1245 
v 126.542 16.4094 -71.3712 
v 136.209 19.0032 -24.4345 
v 128.411 20.9065 -71.4989 
v 80.1213 42.5957 -14.1878 
v 72.3236 44.4991 -61.2522 
v 128.411 20.9065 -71.4989 
v 136.209 19.0032 -24.4345 
v 126.542 16.4094 -71.3712 
v 134.34 14.5061 -24.3069 
v 136.209 19.0032 -24.4345 
v 80.1213 42.5957 -14.1878 
v 134.34 14.5061 -24.3069 
v 78.253 38.0986 -14.0601 
v 78.253 38.0986 -14.0601 
v 70.4553 40.002 -61.1245 
v 134.34 14.5061 -24.3069 
v 126.542 16.4094 -71.3712 
v 80.1213 42.5957 -14.1878 
v 72.3236 44.4991 -61.2522 
v 78.253 38.0986 -14.0601 
v 70.4553 40.002 -61.1245 

vn -0.165354 0.0393701 -0.984252 
vn -0.165354 0.0393701 -0.984252 
vn -0.165354 0.0393701 -0.984252 
vn -0.165354 0.0393701 -0.984252 
vn 0.385827 0.92126 -0.023622 
vn 0.385827 0.92126 -0.023622 
vn 0.385827 0.92126 -0.023622 
vn 0.385827 0.92126 -0.023622 
vn 0.905512 -0.385827 -0.165354 
vn 0.905512 -0.385827 -0.165354 
vn 0.905512 -0.385827 -0.165354 
vn 0.905512 -0.385827 -0.165354 
vn 0.165354 -0.0393701 0.984252 
vn 0.165354 -0.0393701 0.984252 
vn 0.165354 -0.0393701 0.984252 
vn 0.165354 -0.0393701 0.984252 
vn -0.385827 -0.92126 0.023622 
vn -0.385827 -0.92126 0.023622 
vn -0.385827 -0.92126 0.023622 
vn -0.385827 -0.92126 0.023622 
vn -0.905512 0.385827 0.165354 
vn -0.905512 0.385827 0.165354 
vn -0.905512 0.385827 0.165354 
vn -0.905512 0.385827 0.165354 

vt 5.87385 -3.76807 
vt -1.83914 -3.76807 
vt 5.87385 -4.377 
vt -1.83914 -4.377 
vt 4.12885 -3.76807 
vt -1.83914 -3.76807 
vt 4.12885 -11.4811 
vt -1.83914 -11.4811 
vt 4.12885 -3.76807 
vt -1.83914 -3.76807 
vt 4.12885 -4.377 
vt -1.83914 -4.377 
vt 5.87385 -3.76807 
vt -1.83914 -3.76807 
vt 5.87385 -4.377 
vt -1.83914 -4.377 
vt 4.12885 -3.76807 
vt -1.83914 -3.76807 
vt 4.12885 -11.4811 
vt -1.83914 -11.4811 
vt 4.12885 -3.76807 
vt -1.83914 -3.76807 
vt 4.12885 -4.377 
vt -1.83914 -4.377 

usemtl Volcanopart1Mtl

f 2785/2785/2785 2786/2786/2786 2787/2787/2787 
f 2787/2787/2787 2786/2786/2786 2788/2788/2788 
f 2789/2789/2789 2790/2790/2790 2791/2791/2791 
f 2791/2791/2791 2790/2790/2790 2792/2792/2792 
f 2793/2793/2793 2794/2794/2794 2795/2795/2795 
f 2795/2795/2795 2794/2794/2794 2796/2796/2796 
f 2797/2797/2797 2798/2798/2798 2799/2799/2799 
f 2799/2799/2799 2798/2798/2798 2800/2800/2800 
f 2801/2801/2801 2802/2802/2802 2803/2803/2803 
f 2803/2803/2803 2802/2802/2802 2804/2804/2804 
f 2805/2805/2805 2806/2806/2806 2807/2807/2807 
f 2807/2807/2807 2806/2806/2806 2808/2808/2808 

g Volcanopart65

v -63.8177 39.6924 16.4991 
v -116.816 18.2947 28.9895 
v -61.0633 32.267 15.4658 
v -114.062 10.8693 27.9561 
v -128.74 20.4085 -17.9828 
v -116.816 18.2947 28.9895 
v -75.7412 41.8062 -30.4731 
v -63.8177 39.6924 16.4991 
v -116.816 18.2947 28.9895 
v -128.74 20.4085 -17.9828 
v -114.062 10.8693 27.9561 
v -125.985 12.983 -19.0161 
v -128.74 20.4085 -17.9828 
v -75.7412 41.8062 -30.4731 
v -125.985 12.983 -19.0161 
v -72.9868 34.3808 -31.5064 
v -72.9868 34.3808 -31.5064 
v -61.0633 32.267 15.4658 
v -125.985 12.983 -19.0161 
v -114.062 10.8693 27.9561 
v -75.7412 41.8062 -30.4731 
v -63.8177 39.6924 16.4991 
v -72.9868 34.3808 -31.5064 
v -61.0633 32.267 15.4658 

vn 0.244094 -0.0472441 0.968504 
vn 0.244094 -0.0472441 0.968504 
vn 0.244094 -0.0472441 0.968504 
vn 0.244094 -0.0472441 0.968504 
vn -0.346457 0.929134 0.125984 
vn -0.346457 0.929134 0.125984 
vn -0.346457 0.929134 0.125984 
vn -0.346457 0.929134 0.125984 
vn -0.905512 -0.362205 0.212598 
vn -0.905512 -0.362205 0.212598 
vn -0.905512 -0.362205 0.212598 
vn -0.905512 -0.362205 0.212598 
vn -0.244094 0.0472441 -0.968504 
vn -0.244094 0.0472441 -0.968504 
vn -0.244094 0.0472441 -0.968504 
vn -0.244094 0.0472441 -0.968504 
vn 0.346457 -0.929134 -0.125984 
vn 0.346457 -0.929134 -0.125984 
vn 0.346457 -0.929134 -0.125984 
vn 0.346457 -0.929134 -0.125984 
vn 0.905512 0.362205 -0.212598 
vn 0.905512 0.362205 -0.212598 
vn 0.905512 0.362205 -0.212598 
vn 0.905512 0.362205 -0.212598 

vt 12.0182 2.77992 
vt 4.70522 2.77992 
vt 12.0182 1.78156 
vt 4.70522 1.78156 
vt 10.7687 2.77992 
vt 4.70522 2.77992 
vt 10.7687 -4.53307 
vt 4.70522 -4.53307 
vt 10.7687 2.77992 
vt 4.70522 2.77992 
vt 10.7687 1.78156 
vt 4.70522 1.78156 
vt 12.0182 2.77992 
vt 4.70522 2.77992 
vt 12.0182 1.78156 
vt 4.70522 1.78156 
vt 10.7687 2.77992 
vt 4.70522 2.77992 
vt 10.7687 -4.53307 
vt 4.70522 -4.53307 
vt 10.7687 2.77992 
vt 4.70522 2.77992 
vt 10.7687 1.78156 
vt 4.70522 1.78156 

usemtl Volcanopart1Mtl

f 2809/2809/2809 2810/2810/2810 2811/2811/2811 
f 2811/2811/2811 2810/2810/2810 2812/2812/2812 
f 2813/2813/2813 2814/2814/2814 2815/2815/2815 
f 2815/2815/2815 2814/2814/2814 2816/2816/2816 
f 2817/2817/2817 2818/2818/2818 2819/2819/2819 
f 2819/2819/2819 2818/2818/2818 2820/2820/2820 
f 2821/2821/2821 2822/2822/2822 2823/2823/2823 
f 2823/2823/2823 2822/2822/2822 2824/2824/2824 
f 2825/2825/2825 2826/2826/2826 2827/2827/2827 
f 2827/2827/2827 2826/2826/2826 2828/2828/2828 
f 2829/2829/2829 2830/2830/2830 2831/2831/2831 
f 2831/2831/2831 2830/2830/2830 2832/2832/2832 

g Volcanopart66

v -104.438 17.4482 -64.8419 
v -150.101 10.7582 -96.2575 
v -103.868 12.1178 -64.5355 
v -149.531 5.42776 -95.951 
v -116.887 11.5263 -144.699 
v -150.101 10.7582 -96.2575 
v -71.2234 18.2163 -113.284 
v -104.438 17.4482 -64.8419 
v -150.101 10.7582 -96.2575 
v -116.887 11.5263 -144.699 
v -149.531 5.42776 -95.951 
v -116.316 6.1958 -144.393 
v -116.887 11.5263 -144.699 
v -71.2234 18.2163 -113.284 
v -116.316 6.1958 -144.393 
v -70.6533 12.8858 -112.977 
v -70.6533 12.8858 -112.977 
v -103.868 12.1178 -64.5355 
v -116.316 6.1958 -144.393 
v -149.531 5.42776 -95.951 
v -71.2234 18.2163 -113.284 
v -104.438 17.4482 -64.8419 
v -70.6533 12.8858 -112.977 
v -103.868 12.1178 -64.5355 

vn -0.566929 -0.015748 0.826772 
vn -0.566929 -0.015748 0.826772 
vn -0.566929 -0.015748 0.826772 
vn -0.566929 -0.015748 0.826772 
vn -0.102362 0.992126 -0.0551181 
vn -0.102362 0.992126 -0.0551181 
vn -0.102362 0.992126 -0.0551181 
vn -0.102362 0.992126 -0.0551181 
vn -0.818898 -0.11811 -0.559055 
vn -0.818898 -0.11811 -0.559055 
vn -0.818898 -0.11811 -0.559055 
vn -0.818898 -0.11811 -0.559055 
vn 0.566929 0.015748 -0.826772 
vn 0.566929 0.015748 -0.826772 
vn 0.566929 0.015748 -0.826772 
vn 0.566929 0.015748 -0.826772 
vn 0.102362 -0.992126 0.0551181 
vn 0.102362 -0.992126 0.0551181 
vn 0.102362 -0.992126 0.0551181 
vn 0.102362 -0.992126 0.0551181 
vn 0.818898 0.11811 0.559055 
vn 0.818898 0.11811 0.559055 
vn 0.818898 0.11811 0.559055 
vn 0.818898 0.11811 0.559055 

vt 8.0162 -3.46127 
vt 1.03765 -3.46127 
vt 8.0162 -4.13247 
vt 1.03765 -4.13247 
vt 8.38019 -3.46127 
vt 1.03765 -3.46127 
vt 8.38019 -10.4398 
vt 1.03765 -10.4398 
vt 8.38019 -3.46127 
vt 1.03765 -3.46127 
vt 8.38019 -4.13247 
vt 1.03765 -4.13247 
vt 8.0162 -3.46127 
vt 1.03765 -3.46127 
vt 8.0162 -4.13247 
vt 1.03765 -4.13247 
vt 8.38019 -3.46127 
vt 1.03765 -3.46127 
vt 8.38019 -10.4398 
vt 1.03765 -10.4398 
vt 8.38019 -3.46127 
vt 1.03765 -3.46127 
vt 8.38019 -4.13247 
vt 1.03765 -4.13247 

usemtl Volcanopart1Mtl

f 2833/2833/2833 2834/2834/2834 2835/2835/2835 
f 2835/2835/2835 2834/2834/2834 2836/2836/2836 
f 2837/2837/2837 2838/2838/2838 2839/2839/2839 
f 2839/2839/2839 2838/2838/2838 2840/2840/2840 
f 2841/2841/2841 2842/2842/2842 2843/2843/2843 
f 2843/2843/2843 2842/2842/2842 2844/2844/2844 
f 2845/2845/2845 2846/2846/2846 2847/2847/2847 
f 2847/2847/2847 2846/2846/2846 2848/2848/2848 
f 2849/2849/2849 2850/2850/2850 2851/2851/2851 
f 2851/2851/2851 2850/2850/2850 2852/2852/2852 
f 2853/2853/2853 2854/2854/2854 2855/2855/2855 
f 2855/2855/2855 2854/2854/2854 2856/2856/2856 

g Volcanopart67

v 88.2091 13.8174 -94.5671 
v 154.399 10.285 -123.319 
v 87.9221 7.91752 -94.5029 
v 154.112 4.38513 -123.254 
v 178.931 9.70654 -66.7713 
v 154.399 10.285 -123.319 
v 112.741 13.2389 -38.0198 
v 88.2091 13.8174 -94.5671 
v 154.399 10.285 -123.319 
v 178.931 9.70654 -66.7713 
v 154.112 4.38513 -123.254 
v 178.644 3.80663 -66.7072 
v 178.931 9.70654 -66.7713 
v 112.741 13.2389 -38.0198 
v 178.644 3.80663 -66.7072 
v 112.454 7.33902 -37.9556 
v 112.454 7.33902 -37.9556 
v 87.9221 7.91752 -94.5029 
v 178.644 3.80663 -66.7072 
v 154.112 4.38513 -123.254 
v 112.741 13.2389 -38.0198 
v 88.2091 13.8174 -94.5671 
v 112.454 7.33902 -37.9556 
v 87.9221 7.91752 -94.5029 

vn -0.401575 0.00787402 -0.92126 
vn -0.401575 0.00787402 -0.92126 
vn -0.401575 0.00787402 -0.92126 
vn -0.401575 0.00787402 -0.92126 
vn 0.0472441 1 -0.00787402 
vn 0.0472441 1 -0.00787402 
vn 0.0472441 1 -0.00787402 
vn 0.0472441 1 -0.00787402 
vn 0.913386 -0.0472441 -0.401575 
vn 0.913386 -0.0472441 -0.401575 
vn 0.913386 -0.0472441 -0.401575 
vn 0.913386 -0.0472441 -0.401575 
vn 0.401575 -0.00787402 0.92126 
vn 0.401575 -0.00787402 0.92126 
vn 0.401575 -0.00787402 0.92126 
vn 0.401575 -0.00787402 0.92126 
vn -0.0472441 -1 0.00787402 
vn -0.0472441 -1 0.00787402 
vn -0.0472441 -1 0.00787402 
vn -0.0472441 -1 0.00787402 
vn -0.913386 0.0472441 0.401575 
vn -0.913386 0.0472441 0.401575 
vn -0.913386 0.0472441 0.401575 
vn -0.913386 0.0472441 0.401575 

vt 3.81232 6.00641 
vt -5.21904 6.00641 
vt 3.81232 5.268 
vt -5.21904 5.268 
vt 2.48623 6.00641 
vt -5.21904 6.00641 
vt 2.48623 -3.02496 
vt -5.21904 -3.02496 
vt 2.48623 6.00641 
vt -5.21904 6.00641 
vt 2.48623 5.268 
vt -5.21904 5.268 
vt 3.81232 6.00641 
vt -5.21904 6.00641 
vt 3.81232 5.268 
vt -5.21904 5.268 
vt 2.48623 6.00641 
vt -5.21904 6.00641 
vt 2.48623 -3.02496 
vt -5.21904 -3.02496 
vt 2.48623 6.00641 
vt -5.21904 6.00641 
vt 2.48623 5.268 
vt -5.21904 5.268 

usemtl Volcanopart1Mtl

f 2857/2857/2857 2858/2858/2858 2859/2859/2859 
f 2859/2859/2859 2858/2858/2858 2860/2860/2860 
f 2861/2861/2861 2862/2862/2862 2863/2863/2863 
f 2863/2863/2863 2862/2862/2862 2864/2864/2864 
f 2865/2865/2865 2866/2866/2866 2867/2867/2867 
f 2867/2867/2867 2866/2866/2866 2868/2868/2868 
f 2869/2869/2869 2870/2870/2870 2871/2871/2871 
f 2871/2871/2871 2870/2870/2870 2872/2872/2872 
f 2873/2873/2873 2874/2874/2874 2875/2875/2875 
f 2875/2875/2875 2874/2874/2874 2876/2876/2876 
f 2877/2877/2877 2878/2878/2878 2879/2879/2879 
f 2879/2879/2879 2878/2878/2878 2880/2880/2880 

g Volcanopart68

v 35.9444 73.6201 -58.1773 
v 100.811 27.0476 -84.3274 
v 31.5108 66.8548 -57.126 
v 96.3772 20.2822 -83.2761 
v 113.933 24.2738 -46.8371 
v 100.811 27.0476 -84.3274 
v 49.0666 70.8464 -20.6871 
v 35.9444 73.6201 -58.1773 
v 100.811 27.0476 -84.3274 
v 113.933 24.2738 -46.8371 
v 96.3772 20.2822 -83.2761 
v 109.499 17.5085 -45.7859 
v 113.933 24.2738 -46.8371 
v 49.0666 70.8464 -20.6871 
v 109.499 17.5085 -45.7859 
v 44.633 64.0811 -19.6358 
v 44.633 64.0811 -19.6358 
v 31.5108 66.8548 -57.126 
v 109.499 17.5085 -45.7859 
v 96.3772 20.2822 -83.2761 
v 49.0666 70.8464 -20.6871 
v 35.9444 73.6201 -58.1773 
v 44.633 64.0811 -19.6358 
v 31.5108 66.8548 -57.126 

vn -0.330709 0.0708661 -0.944882 
vn -0.330709 0.0708661 -0.944882 
vn -0.330709 0.0708661 -0.944882 
vn -0.330709 0.0708661 -0.944882 
vn 0.543307 0.826772 -0.125984 
vn 0.543307 0.826772 -0.125984 
vn 0.543307 0.826772 -0.125984 
vn 0.543307 0.826772 -0.125984 
vn 0.771654 -0.551181 -0.314961 
vn 0.771654 -0.551181 -0.314961 
vn 0.771654 -0.551181 -0.314961 
vn 0.771654 -0.551181 -0.314961 
vn 0.330709 -0.0708661 0.944882 
vn 0.330709 -0.0708661 0.944882 
vn 0.330709 -0.0708661 0.944882 
vn 0.330709 -0.0708661 0.944882 
vn -0.543307 -0.826772 0.125984 
vn -0.543307 -0.826772 0.125984 
vn -0.543307 -0.826772 0.125984 
vn -0.543307 -0.826772 0.125984 
vn -0.771654 0.551181 0.314961 
vn -0.771654 0.551181 0.314961 
vn -0.771654 0.551181 0.314961 
vn -0.771654 0.551181 0.314961 

vt 15.9042 1.74305 
vt 5.40085 1.74305 
vt 15.9042 0.723464 
vt 5.40085 0.723464 
vt 10.378 1.74305 
vt 5.40085 1.74305 
vt 10.378 -8.76029 
vt 5.40085 -8.76029 
vt 10.378 1.74305 
vt 5.40085 1.74305 
vt 10.378 0.723464 
vt 5.40085 0.723464 
vt 15.9042 1.74305 
vt 5.40085 1.74305 
vt 15.9042 0.723464 
vt 5.40085 0.723464 
vt 10.378 1.74305 
vt 5.40085 1.74305 
vt 10.378 -8.76029 
vt 5.40085 -8.76029 
vt 10.378 1.74305 
vt 5.40085 1.74305 
vt 10.378 0.723464 
vt 5.40085 0.723464 

usemtl Volcanopart1Mtl

f 2881/2881/2881 2882/2882/2882 2883/2883/2883 
f 2883/2883/2883 2882/2882/2882 2884/2884/2884 
f 2885/2885/2885 2886/2886/2886 2887/2887/2887 
f 2887/2887/2887 2886/2886/2886 2888/2888/2888 
f 2889/2889/2889 2890/2890/2890 2891/2891/2891 
f 2891/2891/2891 2890/2890/2890 2892/2892/2892 
f 2893/2893/2893 2894/2894/2894 2895/2895/2895 
f 2895/2895/2895 2894/2894/2894 2896/2896/2896 
f 2897/2897/2897 2898/2898/2898 2899/2899/2899 
f 2899/2899/2899 2898/2898/2898 2900/2900/2900 
f 2901/2901/2901 2902/2902/2902 2903/2903/2903 
f 2903/2903/2903 2902/2902/2902 2904/2904/2904 

g Volcanopart69

v 18.7932 83.0083 -61.0727 
v 48.9511 45.7879 -90.2562 
v 15.0062 77.7242 -58.2469 
v 45.1641 40.5038 -87.4303 
v 71.2556 43.6128 -64.4327 
v 48.9511 45.7879 -90.2562 
v 41.0977 80.8331 -35.2492 
v 18.7932 83.0083 -61.0727 
v 48.9511 45.7879 -90.2562 
v 71.2556 43.6128 -64.4327 
v 45.1641 40.5038 -87.4303 
v 67.4686 38.3286 -61.6068 
v 71.2556 43.6128 -64.4327 
v 41.0977 80.8331 -35.2492 
v 67.4686 38.3286 -61.6068 
v 37.3107 75.549 -32.4234 
v 37.3107 75.549 -32.4234 
v 15.0062 77.7242 -58.2469 
v 67.4686 38.3286 -61.6068 
v 45.1641 40.5038 -87.4303 
v 41.0977 80.8331 -35.2492 
v 18.7932 83.0083 -61.0727 
v 37.3107 75.549 -32.4234 
v 15.0062 77.7242 -58.2469 

vn -0.653543 0.0629921 -0.755906 
vn -0.653543 0.0629921 -0.755906 
vn -0.653543 0.0629921 -0.755906 
vn -0.653543 0.0629921 -0.755906 
vn 0.535433 0.748031 -0.401575 
vn 0.535433 0.748031 -0.401575 
vn 0.535433 0.748031 -0.401575 
vn 0.535433 0.748031 -0.401575 
vn 0.535433 -0.661417 -0.519685 
vn 0.535433 -0.661417 -0.519685 
vn 0.535433 -0.661417 -0.519685 
vn 0.535433 -0.661417 -0.519685 
vn 0.653543 -0.0629921 0.755906 
vn 0.653543 -0.0629921 0.755906 
vn 0.653543 -0.0629921 0.755906 
vn 0.653543 -0.0629921 0.755906 
vn -0.535433 -0.748031 0.401575 
vn -0.535433 -0.748031 0.401575 
vn -0.535433 -0.748031 0.401575 
vn -0.535433 -0.748031 0.401575 
vn -0.535433 0.661417 0.519685 
vn -0.535433 0.661417 0.519685 
vn -0.535433 0.661417 0.519685 
vn -0.535433 0.661417 0.519685 

vt 7.46358 -4.06264 
vt 0.451841 -4.06264 
vt 7.46358 -4.94872 
vt 0.451841 -4.94872 
vt 4.72581 -4.06264 
vt 0.451841 -4.06264 
vt 4.72581 -11.0744 
vt 0.451841 -11.0744 
vt 4.72581 -4.06264 
vt 0.451841 -4.06264 
vt 4.72581 -4.94872 
vt 0.451841 -4.94872 
vt 7.46358 -4.06264 
vt 0.451841 -4.06264 
vt 7.46358 -4.94872 
vt 0.451841 -4.94872 
vt 4.72581 -4.06264 
vt 0.451841 -4.06264 
vt 4.72581 -11.0744 
vt 0.451841 -11.0744 
vt 4.72581 -4.06264 
vt 0.451841 -4.06264 
vt 4.72581 -4.94872 
vt 0.451841 -4.94872 

usemtl Volcanopart1Mtl

f 2905/2905/2905 2906/2906/2906 2907/2907/2907 
f 2907/2907/2907 2906/2906/2906 2908/2908/2908 
f 2909/2909/2909 2910/2910/2910 2911/2911/2911 
f 2911/2911/2911 2910/2910/2910 2912/2912/2912 
f 2913/2913/2913 2914/2914/2914 2915/2915/2915 
f 2915/2915/2915 2914/2914/2914 2916/2916/2916 
f 2917/2917/2917 2918/2918/2918 2919/2919/2919 
f 2919/2919/2919 2918/2918/2918 2920/2920/2920 
f 2921/2921/2921 2922/2922/2922 2923/2923/2923 
f 2923/2923/2923 2922/2922/2922 2924/2924/2924 
f 2925/2925/2925 2926/2926/2926 2927/2927/2927 
f 2927/2927/2927 2926/2926/2926 2928/2928/2928 

g Volcanopart70

v -3.36172 91.4896 8.33407 
v -41.8311 39.9155 49.2717 
v 1.06644 85.4063 4.83132 
v -37.403 33.8322 45.769 
v -64.6614 37.4433 24.7034 
v -41.8311 39.9155 49.2717 
v -26.1919 89.0174 -16.2342 
v -3.36172 91.4896 8.33407 
v -41.8311 39.9155 49.2717 
v -64.6614 37.4433 24.7034 
v -37.403 33.8322 45.769 
v -60.2332 31.36 21.2007 
v -64.6614 37.4433 24.7034 
v -26.1919 89.0174 -16.2342 
v -60.2332 31.36 21.2007 
v -21.7638 82.9341 -19.737 
v -21.7638 82.9341 -19.737 
v 1.06644 85.4063 4.83132 
v -60.2332 31.36 21.2007 
v -37.403 33.8322 45.769 
v -26.1919 89.0174 -16.2342 
v -3.36172 91.4896 8.33407 
v -21.7638 82.9341 -19.737 
v 1.06644 85.4063 4.83132 

vn 0.677165 0.0708661 0.732283 
vn 0.677165 0.0708661 0.732283 
vn 0.677165 0.0708661 0.732283 
vn 0.677165 0.0708661 0.732283 
vn -0.535433 0.732283 0.425197 
vn -0.535433 0.732283 0.425197 
vn -0.535433 0.732283 0.425197 
vn -0.535433 0.732283 0.425197 
vn -0.503937 -0.677165 0.535433 
vn -0.503937 -0.677165 0.535433 
vn -0.503937 -0.677165 0.535433 
vn -0.503937 -0.677165 0.535433 
vn -0.677165 -0.0708661 -0.732283 
vn -0.677165 -0.0708661 -0.732283 
vn -0.677165 -0.0708661 -0.732283 
vn -0.677165 -0.0708661 -0.732283 
vn 0.535433 -0.732283 -0.425197 
vn 0.535433 -0.732283 -0.425197 
vn 0.535433 -0.732283 -0.425197 
vn 0.535433 -0.732283 -0.425197 
vn 0.503937 0.677165 -0.535433 
vn 0.503937 0.677165 -0.535433 
vn 0.503937 0.677165 -0.535433 
vn 0.503937 0.677165 -0.535433 

vt 2.93173 -0.0225176 
vt -6.60084 -0.0225176 
vt 2.93173 -1.05998 
vt -6.60084 -1.05998 
vt -2.39718 -0.0225176 
vt -6.60084 -0.0225176 
vt -2.39718 -9.55509 
vt -6.60084 -9.55509 
vt -2.39718 -0.0225176 
vt -6.60084 -0.0225176 
vt -2.39718 -1.05998 
vt -6.60084 -1.05998 
vt 2.93173 -0.0225176 
vt -6.60084 -0.0225176 
vt 2.93173 -1.05998 
vt -6.60084 -1.05998 
vt -2.39718 -0.0225176 
vt -6.60084 -0.0225176 
vt -2.39718 -9.55509 
vt -6.60084 -9.55509 
vt -2.39718 -0.0225176 
vt -6.60084 -0.0225176 
vt -2.39718 -1.05998 
vt -6.60084 -1.05998 

usemtl Volcanopart1Mtl

f 2929/2929/2929 2930/2930/2930 2931/2931/2931 
f 2931/2931/2931 2930/2930/2930 2932/2932/2932 
f 2933/2933/2933 2934/2934/2934 2935/2935/2935 
f 2935/2935/2935 2934/2934/2934 2936/2936/2936 
f 2937/2937/2937 2938/2938/2938 2939/2939/2939 
f 2939/2939/2939 2938/2938/2938 2940/2940/2940 
f 2941/2941/2941 2942/2942/2942 2943/2943/2943 
f 2943/2943/2943 2942/2942/2942 2944/2944/2944 
f 2945/2945/2945 2946/2946/2946 2947/2947/2947 
f 2947/2947/2947 2946/2946/2946 2948/2948/2948 
f 2949/2949/2949 2950/2950/2950 2951/2951/2951 
f 2951/2951/2951 2950/2950/2950 2952/2952/2952 

g Volcanopart71

v -83.2479 34.8324 -8.76466 
v -133.684 17.5356 -14.0191 
v -81.2926 29.1173 -8.71928 
v -131.728 11.8204 -13.9737 
v -128.892 18.7773 -64.1044 
v -133.684 17.5356 -14.0191 
v -78.4558 36.0742 -58.8499 
v -83.2479 34.8324 -8.76466 
v -133.684 17.5356 -14.0191 
v -128.892 18.7773 -64.1044 
v -131.728 11.8204 -13.9737 
v -126.936 13.0622 -64.059 
v -128.892 18.7773 -64.1044 
v -78.4558 36.0742 -58.8499 
v -126.936 13.0622 -64.059 
v -76.5006 30.359 -58.8046 
v -76.5006 30.359 -58.8046 
v -81.2926 29.1173 -8.71928 
v -126.936 13.0622 -64.059 
v -131.728 11.8204 -13.9737 
v -78.4558 36.0742 -58.8499 
v -83.2479 34.8324 -8.76466 
v -76.5006 30.359 -58.8046 
v -81.2926 29.1173 -8.71928 

vn -0.0944882 -0.023622 0.992126 
vn -0.0944882 -0.023622 0.992126 
vn -0.0944882 -0.023622 0.992126 
vn -0.0944882 -0.023622 0.992126 
vn -0.322835 0.944882 -0.00787402 
vn -0.322835 0.944882 -0.00787402 
vn -0.322835 0.944882 -0.00787402 
vn -0.322835 0.944882 -0.00787402 
vn -0.944882 -0.322835 -0.0944882 
vn -0.944882 -0.322835 -0.0944882 
vn -0.944882 -0.322835 -0.0944882 
vn -0.944882 -0.322835 -0.0944882 
vn 0.0944882 0.023622 -0.992126 
vn 0.0944882 0.023622 -0.992126 
vn 0.0944882 0.023622 -0.992126 
vn 0.0944882 0.023622 -0.992126 
vn 0.322835 -0.944882 0.00787402 
vn 0.322835 -0.944882 0.00787402 
vn 0.322835 -0.944882 0.00787402 
vn 0.322835 -0.944882 0.00787402 
vn 0.944882 0.322835 0.0944882 
vn 0.944882 0.322835 0.0944882 
vn 0.944882 0.322835 0.0944882 
vn 0.944882 0.322835 0.0944882 

vt 10.7868 0.0487899 
vt 4.08964 0.0487899 
vt 10.7868 -0.706277 
vt 4.08964 -0.706277 
vt 10.3808 0.0487899 
vt 4.08964 0.0487899 
vt 10.3808 -6.6484 
vt 4.08964 -6.6484 
vt 10.3808 0.0487899 
vt 4.08964 0.0487899 
vt 10.3808 -0.706277 
vt 4.08964 -0.706277 
vt 10.7868 0.0487899 
vt 4.08964 0.0487899 
vt 10.7868 -0.706277 
vt 4.08964 -0.706277 
vt 10.3808 0.0487899 
vt 4.08964 0.0487899 
vt 10.3808 -6.6484 
vt 4.08964 -6.6484 
vt 10.3808 0.0487899 
vt 4.08964 0.0487899 
vt 10.3808 -0.706277 
vt 4.08964 -0.706277 

usemtl Volcanopart1Mtl

f 2953/2953/2953 2954/2954/2954 2955/2955/2955 
f 2955/2955/2955 2954/2954/2954 2956/2956/2956 
f 2957/2957/2957 2958/2958/2958 2959/2959/2959 
f 2959/2959/2959 2958/2958/2958 2960/2960/2960 
f 2961/2961/2961 2962/2962/2962 2963/2963/2963 
f 2963/2963/2963 2962/2962/2962 2964/2964/2964 
f 2965/2965/2965 2966/2966/2966 2967/2967/2967 
f 2967/2967/2967 2966/2966/2966 2968/2968/2968 
f 2969/2969/2969 2970/2970/2970 2971/2971/2971 
f 2971/2971/2971 2970/2970/2970 2972/2972/2972 
f 2973/2973/2973 2974/2974/2974 2975/2975/2975 
f 2975/2975/2975 2974/2974/2974 2976/2976/2976 

g Volcanopart72

v 88.2154 39.9113 -10.5129 
v 131.339 20.4004 11.0244 
v 85.3434 32.2507 -11.702 
v 128.467 12.7398 9.83531 
v 110.277 21.5843 54.2695 
v 131.339 20.4004 11.0244 
v 67.1531 41.0952 32.7322 
v 88.2154 39.9113 -10.5129 
v 131.339 20.4004 11.0244 
v 110.277 21.5843 54.2695 
v 128.467 12.7398 9.83531 
v 107.405 13.9237 53.0804 
v 110.277 21.5843 54.2695 
v 67.1531 41.0952 32.7322 
v 107.405 13.9237 53.0804 
v 64.2811 33.4346 31.5431 
v 64.2811 33.4346 31.5431 
v 85.3434 32.2507 -11.702 
v 107.405 13.9237 53.0804 
v 128.467 12.7398 9.83531 
v 67.1531 41.0952 32.7322 
v 88.2154 39.9113 -10.5129 
v 64.2811 33.4346 31.5431 
v 85.3434 32.2507 -11.702 

vn 0.440945 -0.023622 -0.897638 
vn 0.440945 -0.023622 -0.897638 
vn 0.440945 -0.023622 -0.897638 
vn 0.440945 -0.023622 -0.897638 
vn 0.346457 0.929134 0.141732 
vn 0.346457 0.929134 0.141732 
vn 0.346457 0.929134 0.141732 
vn 0.346457 0.929134 0.141732 
vn 0.826772 -0.377953 0.417323 
vn 0.826772 -0.377953 0.417323 
vn 0.826772 -0.377953 0.417323 
vn 0.826772 -0.377953 0.417323 
vn -0.440945 0.023622 0.897638 
vn -0.440945 0.023622 0.897638 
vn -0.440945 0.023622 0.897638 
vn -0.440945 0.023622 0.897638 
vn -0.346457 -0.929134 -0.141732 
vn -0.346457 -0.929134 -0.141732 
vn -0.346457 -0.929134 -0.141732 
vn -0.346457 -0.929134 -0.141732 
vn -0.826772 0.377953 -0.417323 
vn -0.826772 0.377953 -0.417323 
vn -0.826772 0.377953 -0.417323 
vn -0.826772 0.377953 -0.417323 

vt 12.8644 7.05327 
vt 6.36414 7.05327 
vt 12.8644 6.01987 
vt 6.36414 6.01987 
vt 12.3787 7.05327 
vt 6.36414 7.05327 
vt 12.3787 0.553047 
vt 6.36414 0.553047 
vt 12.3787 7.05327 
vt 6.36414 7.05327 
vt 12.3787 6.01987 
vt 6.36414 6.01987 
vt 12.8644 7.05327 
vt 6.36414 7.05327 
vt 12.8644 6.01987 
vt 6.36414 6.01987 
vt 12.3787 7.05327 
vt 6.36414 7.05327 
vt 12.3787 0.553047 
vt 6.36414 0.553047 
vt 12.3787 7.05327 
vt 6.36414 7.05327 
vt 12.3787 6.01987 
vt 6.36414 6.01987 

usemtl Volcanopart1Mtl

f 2977/2977/2977 2978/2978/2978 2979/2979/2979 
f 2979/2979/2979 2978/2978/2978 2980/2980/2980 
f 2981/2981/2981 2982/2982/2982 2983/2983/2983 
f 2983/2983/2983 2982/2982/2982 2984/2984/2984 
f 2985/2985/2985 2986/2986/2986 2987/2987/2987 
f 2987/2987/2987 2986/2986/2986 2988/2988/2988 
f 2989/2989/2989 2990/2990/2990 2991/2991/2991 
f 2991/2991/2991 2990/2990/2990 2992/2992/2992 
f 2993/2993/2993 2994/2994/2994 2995/2995/2995 
f 2995/2995/2995 2994/2994/2994 2996/2996/2996 
f 2997/2997/2997 2998/2998/2998 2999/2999/2999 
f 2999/2999/2999 2998/2998/2998 3000/3000/3000 

g Volcanopart73

v 52.518 69.6564 -46.8985 
v 96.215 38.0637 -49.9382 
v 47.866 63.2565 -47.2572 
v 91.563 31.6638 -50.2969 
v 96.9428 35.3919 -11.7075 
v 96.215 38.0637 -49.9382 
v 53.2458 66.9846 -8.66776 
v 52.518 69.6564 -46.8985 
v 96.215 38.0637 -49.9382 
v 96.9428 35.3919 -11.7075 
v 91.563 31.6638 -50.2969 
v 92.2908 28.992 -12.0662 
v 96.9428 35.3919 -11.7075 
v 53.2458 66.9846 -8.66776 
v 92.2908 28.992 -12.0662 
v 48.5937 60.5847 -9.02646 
v 48.5937 60.5847 -9.02646 
v 47.866 63.2565 -47.2572 
v 92.2908 28.992 -12.0662 
v 91.563 31.6638 -50.2969 
v 53.2458 66.9846 -8.66776 
v 52.518 69.6564 -46.8985 
v 48.5937 60.5847 -9.02646 
v 47.866 63.2565 -47.2572 

vn -0.015748 0.0708661 -1 
vn -0.015748 0.0708661 -1 
vn -0.015748 0.0708661 -1 
vn -0.015748 0.0708661 -1 
vn 0.590551 0.811024 0.0472441 
vn 0.590551 0.811024 0.0472441 
vn 0.590551 0.811024 0.0472441 
vn 0.590551 0.811024 0.0472441 
vn 0.811024 -0.582677 -0.0551181 
vn 0.811024 -0.582677 -0.0551181 
vn 0.811024 -0.582677 -0.0551181 
vn 0.811024 -0.582677 -0.0551181 
vn 0.015748 -0.0708661 1 
vn 0.015748 -0.0708661 1 
vn 0.015748 -0.0708661 1 
vn 0.015748 -0.0708661 1 
vn -0.590551 -0.811024 -0.0472441 
vn -0.590551 -0.811024 -0.0472441 
vn -0.590551 -0.811024 -0.0472441 
vn -0.590551 -0.811024 -0.0472441 
vn -0.811024 0.582677 0.0551181 
vn -0.811024 0.582677 0.0551181 
vn -0.811024 0.582677 0.0551181 
vn -0.811024 0.582677 0.0551181 

vt 12.9804 -3.1816 
vt 6.22954 -3.1816 
vt 12.9804 -4.17162 
vt 6.22954 -4.17162 
vt 11.0209 -3.1816 
vt 6.22954 -3.1816 
vt 11.0209 -9.9325 
vt 6.22954 -9.9325 
vt 11.0209 -3.1816 
vt 6.22954 -3.1816 
vt 11.0209 -4.17162 
vt 6.22954 -4.17162 
vt 12.9804 -3.1816 
vt 6.22954 -3.1816 
vt 12.9804 -4.17162 
vt 6.22954 -4.17162 
vt 11.0209 -3.1816 
vt 6.22954 -3.1816 
vt 11.0209 -9.9325 
vt 6.22954 -9.9325 
vt 11.0209 -3.1816 
vt 6.22954 -3.1816 
vt 11.0209 -4.17162 
vt 6.22954 -4.17162 

usemtl Volcanopart1Mtl

f 3001/3001/3001 3002/3002/3002 3003/3003/3003 
f 3003/3003/3003 3002/3002/3002 3004/3004/3004 
f 3005/3005/3005 3006/3006/3006 3007/3007/3007 
f 3007/3007/3007 3006/3006/3006 3008/3008/3008 
f 3009/3009/3009 3010/3010/3010 3011/3011/3011 
f 3011/3011/3011 3010/3010/3010 3012/3012/3012 
f 3013/3013/3013 3014/3014/3014 3015/3015/3015 
f 3015/3015/3015 3014/3014/3014 3016/3016/3016 
f 3017/3017/3017 3018/3018/3018 3019/3019/3019 
f 3019/3019/3019 3018/3018/3018 3020/3020/3020 
f 3021/3021/3021 3022/3022/3022 3023/3023/3023 
f 3023/3023/3023 3022/3022/3022 3024/3024/3024 

g Volcanopart74

v 47.713 71.7265 -41.7821 
v 112.303 27.7434 -37.4487 
v 43.8775 66.0716 -42.0103 
v 108.467 22.0884 -37.6769 
v 109.754 27.8821 1.94954 
v 112.303 27.7434 -37.4487 
v 45.1641 71.8652 -2.38387 
v 47.713 71.7265 -41.7821 
v 112.303 27.7434 -37.4487 
v 109.754 27.8821 1.94954 
v 108.467 22.0884 -37.6769 
v 105.918 22.2271 1.72133 
v 109.754 27.8821 1.94954 
v 45.1641 71.8652 -2.38387 
v 105.918 22.2271 1.72133 
v 41.3287 66.2103 -2.61209 
v 41.3287 66.2103 -2.61209 
v 43.8775 66.0716 -42.0103 
v 105.918 22.2271 1.72133 
v 108.467 22.0884 -37.6769 
v 45.1641 71.8652 -2.38387 
v 47.713 71.7265 -41.7821 
v 41.3287 66.2103 -2.61209 
v 43.8775 66.0716 -42.0103 

vn 0.0629921 0 -1 
vn 0.0629921 0 -1 
vn 0.0629921 0 -1 
vn 0.0629921 0 -1 
vn 0.559055 0.826772 0.0314961 
vn 0.559055 0.826772 0.0314961 
vn 0.559055 0.826772 0.0314961 
vn 0.559055 0.826772 0.0314961 
vn 0.826772 -0.559055 0.0551181 
vn 0.826772 -0.559055 0.0551181 
vn 0.826772 -0.559055 0.0551181 
vn 0.826772 -0.559055 0.0551181 
vn -0.0629921 0 1 
vn -0.0629921 0 1 
vn -0.0629921 0 1 
vn -0.0629921 0 1 
vn -0.559055 -0.826772 -0.0314961 
vn -0.559055 -0.826772 -0.0314961 
vn -0.559055 -0.826772 -0.0314961 
vn -0.559055 -0.826772 -0.0314961 
vn -0.826772 0.559055 -0.0551181 
vn -0.826772 0.559055 -0.0551181 
vn -0.826772 0.559055 -0.0551181 
vn -0.826772 0.559055 -0.0551181 

vt 5.58566 5.27583 
vt -4.19724 5.27583 
vt 5.58566 4.42123 
vt -4.19724 4.42123 
vt 0.737866 5.27583 
vt -4.19724 5.27583 
vt 0.737866 -4.50707 
vt -4.19724 -4.50707 
vt 0.737866 5.27583 
vt -4.19724 5.27583 
vt 0.737866 4.42123 
vt -4.19724 4.42123 
vt 5.58566 5.27583 
vt -4.19724 5.27583 
vt 5.58566 4.42123 
vt -4.19724 4.42123 
vt 0.737866 5.27583 
vt -4.19724 5.27583 
vt 0.737866 -4.50707 
vt -4.19724 -4.50707 
vt 0.737866 5.27583 
vt -4.19724 5.27583 
vt 0.737866 4.42123 
vt -4.19724 4.42123 

usemtl Volcanopart1Mtl

f 3025/3025/3025 3026/3026/3026 3027/3027/3027 
f 3027/3027/3027 3026/3026/3026 3028/3028/3028 
f 3029/3029/3029 3030/3030/3030 3031/3031/3031 
f 3031/3031/3031 3030/3030/3030 3032/3032/3032 
f 3033/3033/3033 3034/3034/3034 3035/3035/3035 
f 3035/3035/3035 3034/3034/3034 3036/3036/3036 
f 3037/3037/3037 3038/3038/3038 3039/3039/3039 
f 3039/3039/3039 3038/3038/3038 3040/3040/3040 
f 3041/3041/3041 3042/3042/3042 3043/3043/3043 
f 3043/3043/3043 3042/3042/3042 3044/3044/3044 
f 3045/3045/3045 3046/3046/3046 3047/3047/3047 
f 3047/3047/3047 3046/3046/3046 3048/3048/3048 

g Volcanopart75

v -7.77049 27.3101 58.7599 
v -42.2686 10.4099 124.218 
v -7.04849 19.1714 57.0392 
v -41.5466 2.27117 122.498 
v -90.7123 11.4535 98.957 
v -42.2686 10.4099 124.218 
v -56.2142 28.3537 33.4985 
v -7.77049 27.3101 58.7599 
v -42.2686 10.4099 124.218 
v -90.7123 11.4535 98.957 
v -41.5466 2.27117 122.498 
v -89.9903 3.31471 97.2362 
v -90.7123 11.4535 98.957 
v -56.2142 28.3537 33.4985 
v -89.9903 3.31471 97.2362 
v -55.4922 20.2149 31.7777 
v -55.4922 20.2149 31.7777 
v -7.04849 19.1714 57.0392 
v -89.9903 3.31471 97.2362 
v -41.5466 2.27117 122.498 
v -56.2142 28.3537 33.4985 
v -7.77049 27.3101 58.7599 
v -55.4922 20.2149 31.7777 
v -7.04849 19.1714 57.0392 

vn 0.889764 -0.015748 0.464567 
vn 0.889764 -0.015748 0.464567 
vn 0.889764 -0.015748 0.464567 
vn 0.889764 -0.015748 0.464567 
vn -0.0866142 0.976378 0.204724 
vn -0.0866142 0.976378 0.204724 
vn -0.0866142 0.976378 0.204724 
vn -0.0866142 0.976378 0.204724 
vn -0.456693 -0.220472 0.866142 
vn -0.456693 -0.220472 0.866142 
vn -0.456693 -0.220472 0.866142 
vn -0.456693 -0.220472 0.866142 
vn -0.889764 0.015748 -0.464567 
vn -0.889764 0.015748 -0.464567 
vn -0.889764 0.015748 -0.464567 
vn -0.889764 0.015748 -0.464567 
vn 0.0866142 -0.976378 -0.204724 
vn 0.0866142 -0.976378 -0.204724 
vn 0.0866142 -0.976378 -0.204724 
vn 0.0866142 -0.976378 -0.204724 
vn 0.456693 0.220472 -0.866142 
vn 0.456693 0.220472 -0.866142 
vn 0.456693 0.220472 -0.866142 
vn 0.456693 0.220472 -0.866142 

vt 7.31786 6.18516 
vt -2.16944 6.18516 
vt 7.31786 5.14142 
vt -2.16944 5.14142 
vt 4.66113 6.18516 
vt -2.16944 6.18516 
vt 4.66113 -3.30213 
vt -2.16944 -3.30213 
vt 4.66113 6.18516 
vt -2.16944 6.18516 
vt 4.66113 5.14142 
vt -2.16944 5.14142 
vt 7.31786 6.18516 
vt -2.16944 6.18516 
vt 7.31786 5.14142 
vt -2.16944 5.14142 
vt 4.66113 6.18516 
vt -2.16944 6.18516 
vt 4.66113 -3.30213 
vt -2.16944 -3.30213 
vt 4.66113 6.18516 
vt -2.16944 6.18516 
vt 4.66113 5.14142 
vt -2.16944 5.14142 

usemtl Volcanopart1Mtl

f 3049/3049/3049 3050/3050/3050 3051/3051/3051 
f 3051/3051/3051 3050/3050/3050 3052/3052/3052 
f 3053/3053/3053 3054/3054/3054 3055/3055/3055 
f 3055/3055/3055 3054/3054/3054 3056/3056/3056 
f 3057/3057/3057 3058/3058/3058 3059/3059/3059 
f 3059/3059/3059 3058/3058/3058 3060/3060/3060 
f 3061/3061/3061 3062/3062/3062 3063/3063/3063 
f 3063/3063/3063 3062/3062/3062 3064/3064/3064 
f 3065/3065/3065 3066/3066/3066 3067/3067/3067 
f 3067/3067/3067 3066/3066/3066 3068/3068/3068 
f 3069/3069/3069 3070/3070/3070 3071/3071/3071 
f 3071/3071/3071 3070/3070/3070 3072/3072/3072 

g Volcanopart76

v 35.3132 77.279 6.41054 
v 51.3467 38.1829 52.7056 
v 34.1252 71.7507 2.15334 
v 50.1588 32.6546 48.4484 
v 16.6407 37.0932 63.8052 
v 51.3467 38.1829 52.7056 
v 0.607113 76.1893 17.5102 
v 35.3132 77.279 6.41054 
v 51.3467 38.1829 52.7056 
v 16.6407 37.0932 63.8052 
v 50.1588 32.6546 48.4484 
v 15.4527 31.5649 59.548 
v 16.6407 37.0932 63.8052 
v 0.607113 76.1893 17.5102 
v 15.4527 31.5649 59.548 
v -0.580841 70.661 13.253 
v -0.580841 70.661 13.253 
v 34.1252 71.7507 2.15334 
v 15.4527 31.5649 59.548 
v 50.1588 32.6546 48.4484 
v 0.607113 76.1893 17.5102 
v 35.3132 77.279 6.41054 
v -0.580841 70.661 13.253 
v 34.1252 71.7507 2.15334 

vn 0.952756 0.0314961 -0.307087 
vn 0.952756 0.0314961 -0.307087 
vn 0.952756 0.0314961 -0.307087 
vn 0.952756 0.0314961 -0.307087 
vn 0.165354 0.779528 0.598425 
vn 0.165354 0.779528 0.598425 
vn 0.165354 0.779528 0.598425 
vn 0.165354 0.779528 0.598425 
vn 0.251969 -0.622047 0.740157 
vn 0.251969 -0.622047 0.740157 
vn 0.251969 -0.622047 0.740157 
vn 0.251969 -0.622047 0.740157 
vn -0.952756 -0.0314961 0.307087 
vn -0.952756 -0.0314961 0.307087 
vn -0.952756 -0.0314961 0.307087 
vn -0.952756 -0.0314961 0.307087 
vn -0.165354 -0.779528 -0.598425 
vn -0.165354 -0.779528 -0.598425 
vn -0.165354 -0.779528 -0.598425 
vn -0.165354 -0.779528 -0.598425 
vn -0.251969 0.622047 -0.740157 
vn -0.251969 0.622047 -0.740157 
vn -0.251969 0.622047 -0.740157 
vn -0.251969 0.622047 -0.740157 

vt 14.3088 -2.8833 
vt 6.47378 -2.8833 
vt 14.3088 -3.76804 
vt 6.47378 -3.76804 
vt 11.0305 -2.8833 
vt 6.47378 -2.8833 
vt 11.0305 -10.7183 
vt 6.47378 -10.7183 
vt 11.0305 -2.8833 
vt 6.47378 -2.8833 
vt 11.0305 -3.76804 
vt 6.47378 -3.76804 
vt 14.3088 -2.8833 
vt 6.47378 -2.8833 
vt 14.3088 -3.76804 
vt 6.47378 -3.76804 
vt 11.0305 -2.8833 
vt 6.47378 -2.8833 
vt 11.0305 -10.7183 
vt 6.47378 -10.7183 
vt 11.0305 -2.8833 
vt 6.47378 -2.8833 
vt 11.0305 -3.76804 
vt 6.47378 -3.76804 

usemtl Volcanopart1Mtl

f 3073/3073/3073 3074/3074/3074 3075/3075/3075 
f 3075/3075/3075 3074/3074/3074 3076/3076/3076 
f 3077/3077/3077 3078/3078/3078 3079/3079/3079 
f 3079/3079/3079 3078/3078/3078 3080/3080/3080 
f 3081/3081/3081 3082/3082/3082 3083/3083/3083 
f 3083/3083/3083 3082/3082/3082 3084/3084/3084 
f 3085/3085/3085 3086/3086/3086 3087/3087/3087 
f 3087/3087/3087 3086/3086/3086 3088/3088/3088 
f 3089/3089/3089 3090/3090/3090 3091/3091/3091 
f 3091/3091/3091 3090/3090/3090 3092/3092/3092 
f 3093/3093/3093 3094/3094/3094 3095/3095/3095 
f 3095/3095/3095 3094/3094/3094 3096/3096/3096 

g Volcanopart77

v 19.1453 27.8116 69.9993 
v 10.4583 13.5057 130.596 
v 19.5186 22.5676 68.8148 
v 10.8316 8.26159 129.411 
v -43.3381 11.5242 122.416 
v 10.4583 13.5057 130.596 
v -34.6511 25.8302 61.8194 
v 19.1453 27.8116 69.9993 
v 10.4583 13.5057 130.596 
v -43.3381 11.5242 122.416 
v 10.8316 8.26159 129.411 
v -42.9648 6.28016 121.232 
v -43.3381 11.5242 122.416 
v -34.6511 25.8302 61.8194 
v -42.9648 6.28016 121.232 
v -34.2779 20.5861 60.6349 
v -34.2779 20.5861 60.6349 
v 19.5186 22.5676 68.8148 
v -42.9648 6.28016 121.232 
v 10.8316 8.26159 129.411 
v -34.6511 25.8302 61.8194 
v 19.1453 27.8116 69.9993 
v -34.2779 20.5861 60.6349 
v 19.5186 22.5676 68.8148 

vn 0.984252 0.0393701 0.149606 
vn 0.984252 0.0393701 0.149606 
vn 0.984252 0.0393701 0.149606 
vn 0.984252 0.0393701 0.149606 
vn -0.0708661 0.976378 0.220472 
vn -0.0708661 0.976378 0.220472 
vn -0.0708661 0.976378 0.220472 
vn -0.0708661 0.976378 0.220472 
vn -0.141732 -0.228346 0.96063 
vn -0.141732 -0.228346 0.96063 
vn -0.141732 -0.228346 0.96063 
vn -0.141732 -0.228346 0.96063 
vn -0.984252 -0.0393701 -0.149606 
vn -0.984252 -0.0393701 -0.149606 
vn -0.984252 -0.0393701 -0.149606 
vn -0.984252 -0.0393701 -0.149606 
vn 0.0708661 -0.976378 -0.220472 
vn 0.0708661 -0.976378 -0.220472 
vn 0.0708661 -0.976378 -0.220472 
vn 0.0708661 -0.976378 -0.220472 
vn 0.141732 0.228346 -0.96063 
vn 0.141732 0.228346 -0.96063 
vn 0.141732 0.228346 -0.96063 
vn 0.141732 0.228346 -0.96063 

vt 14.2428 -6.62431 
vt 6.38458 -6.62431 
vt 14.2428 -7.29795 
vt 6.38458 -7.29795 
vt 13.1909 -6.62431 
vt 6.38458 -6.62431 
vt 13.1909 -14.4825 
vt 6.38458 -14.4825 
vt 13.1909 -6.62431 
vt 6.38458 -6.62431 
vt 13.1909 -7.29795 
vt 6.38458 -7.29795 
vt 14.2428 -6.62431 
vt 6.38458 -6.62431 
vt 14.2428 -7.29795 
vt 6.38458 -7.29795 
vt 13.1909 -6.62431 
vt 6.38458 -6.62431 
vt 13.1909 -14.4825 
vt 6.38458 -14.4825 
vt 13.1909 -6.62431 
vt 6.38458 -6.62431 
vt 13.1909 -7.29795 
vt 6.38458 -7.29795 

usemtl Volcanopart1Mtl

f 3097/3097/3097 3098/3098/3098 3099/3099/3099 
f 3099/3099/3099 3098/3098/3098 3100/3100/3100 
f 3101/3101/3101 3102/3102/3102 3103/3103/3103 
f 3103/3103/3103 3102/3102/3102 3104/3104/3104 
f 3105/3105/3105 3106/3106/3106 3107/3107/3107 
f 3107/3107/3107 3106/3106/3106 3108/3108/3108 
f 3109/3109/3109 3110/3110/3110 3111/3111/3111 
f 3111/3111/3111 3110/3110/3110 3112/3112/3112 
f 3113/3113/3113 3114/3114/3114 3115/3115/3115 
f 3115/3115/3115 3114/3114/3114 3116/3116/3116 
f 3117/3117/3117 3118/3118/3118 3119/3119/3119 
f 3119/3119/3119 3118/3118/3118 3120/3120/3120 

g Volcanopart78

v 95.863 24.2671 -13.0215 
v 160.846 10.6768 17.8568 
v 94.7227 17.5372 -13.5839 
v 159.706 3.94688 17.2944 
v 136.728 10.5269 68.5473 
v 160.846 10.6768 17.8568 
v 71.7449 24.1173 37.669 
v 95.863 24.2671 -13.0215 
v 160.846 10.6768 17.8568 
v 136.728 10.5269 68.5473 
v 159.706 3.94688 17.2944 
v 135.588 3.797 67.9849 
v 136.728 10.5269 68.5473 
v 71.7449 24.1173 37.669 
v 135.588 3.797 67.9849 
v 70.6047 17.3873 37.1066 
v 70.6047 17.3873 37.1066 
v 94.7227 17.5372 -13.5839 
v 135.588 3.797 67.9849 
v 159.706 3.94688 17.2944 
v 71.7449 24.1173 37.669 
v 95.863 24.2671 -13.0215 
v 70.6047 17.3873 37.1066 
v 94.7227 17.5372 -13.5839 

vn 0.433071 0 -0.905512 
vn 0.433071 0 -0.905512 
vn 0.433071 0 -0.905512 
vn 0.433071 0 -0.905512 
vn 0.165354 0.984252 0.0787402 
vn 0.165354 0.984252 0.0787402 
vn 0.165354 0.984252 0.0787402 
vn 0.165354 0.984252 0.0787402 
vn 0.889764 -0.188976 0.425197 
vn 0.889764 -0.188976 0.425197 
vn 0.889764 -0.188976 0.425197 
vn 0.889764 -0.188976 0.425197 
vn -0.433071 0 0.905512 
vn -0.433071 0 0.905512 
vn -0.433071 0 0.905512 
vn -0.433071 0 0.905512 
vn -0.165354 -0.984252 -0.0787402 
vn -0.165354 -0.984252 -0.0787402 
vn -0.165354 -0.984252 -0.0787402 
vn -0.165354 -0.984252 -0.0787402 
vn -0.889764 0.188976 -0.425197 
vn -0.889764 0.188976 -0.425197 
vn -0.889764 0.188976 -0.425197 
vn -0.889764 0.188976 -0.425197 

vt 7.02493 -1.53594 
vt -2.12743 -1.53594 
vt 7.02493 -2.39206 
vt -2.12743 -2.39206 
vt 4.88954 -1.53594 
vt -2.12743 -1.53594 
vt 4.88954 -10.6883 
vt -2.12743 -10.6883 
vt 4.88954 -1.53594 
vt -2.12743 -1.53594 
vt 4.88954 -2.39206 
vt -2.12743 -2.39206 
vt 7.02493 -1.53594 
vt -2.12743 -1.53594 
vt 7.02493 -2.39206 
vt -2.12743 -2.39206 
vt 4.88954 -1.53594 
vt -2.12743 -1.53594 
vt 4.88954 -10.6883 
vt -2.12743 -10.6883 
vt 4.88954 -1.53594 
vt -2.12743 -1.53594 
vt 4.88954 -2.39206 
vt -2.12743 -2.39206 

usemtl Volcanopart1Mtl

f 3121/3121/3121 3122/3122/3122 3123/3123/3123 
f 3123/3123/3123 3122/3122/3122 3124/3124/3124 
f 3125/3125/3125 3126/3126/3126 3127/3127/3127 
f 3127/3127/3127 3126/3126/3126 3128/3128/3128 
f 3129/3129/3129 3130/3130/3130 3131/3131/3131 
f 3131/3131/3131 3130/3130/3130 3132/3132/3132 
f 3133/3133/3133 3134/3134/3134 3135/3135/3135 
f 3135/3135/3135 3134/3134/3134 3136/3136/3136 
f 3137/3137/3137 3138/3138/3138 3139/3139/3139 
f 3139/3139/3139 3138/3138/3138 3140/3140/3140 
f 3141/3141/3141 3142/3142/3142 3143/3143/3143 
f 3143/3143/3143 3142/3142/3142 3144/3144/3144 

g Volcanopart79

v -0.282919 57.7489 31.1663 
v -33.8625 21.1144 92.3916 
v 1.35482 51.8902 28.5589 
v -32.2248 15.2557 89.7843 
v -72.2977 20.0384 70.6676 
v -33.8625 21.1144 92.3916 
v -38.7181 56.6728 9.44225 
v -0.282919 57.7489 31.1663 
v -33.8625 21.1144 92.3916 
v -72.2977 20.0384 70.6676 
v -32.2248 15.2557 89.7843 
v -70.66 14.1796 68.0603 
v -72.2977 20.0384 70.6676 
v -38.7181 56.6728 9.44225 
v -70.66 14.1796 68.0603 
v -37.0804 50.8141 6.83488 
v -37.0804 50.8141 6.83488 
v 1.35482 51.8902 28.5589 
v -70.66 14.1796 68.0603 
v -32.2248 15.2557 89.7843 
v -38.7181 56.6728 9.44225 
v -0.282919 57.7489 31.1663 
v -37.0804 50.8141 6.83488 
v 1.35482 51.8902 28.5589 

vn 0.874016 0.023622 0.488189 
vn 0.874016 0.023622 0.488189 
vn 0.874016 0.023622 0.488189 
vn 0.874016 0.023622 0.488189 
vn -0.244094 0.88189 0.393701 
vn -0.244094 0.88189 0.393701 
vn -0.244094 0.88189 0.393701 
vn -0.244094 0.88189 0.393701 
vn -0.425197 -0.464567 0.779528 
vn -0.425197 -0.464567 0.779528 
vn -0.425197 -0.464567 0.779528 
vn -0.425197 -0.464567 0.779528 
vn -0.874016 -0.023622 -0.488189 
vn -0.874016 -0.023622 -0.488189 
vn -0.874016 -0.023622 -0.488189 
vn -0.874016 -0.023622 -0.488189 
vn 0.244094 -0.88189 -0.393701 
vn 0.244094 -0.88189 -0.393701 
vn 0.244094 -0.88189 -0.393701 
vn 0.244094 -0.88189 -0.393701 
vn 0.425197 0.464567 -0.779528 
vn 0.425197 0.464567 -0.779528 
vn 0.425197 0.464567 -0.779528 
vn 0.425197 0.464567 -0.779528 

vt 7.77139 -6.25716 
vt -2.08557 -6.25716 
vt 7.77139 -7.08448 
vt -2.08557 -7.08448 
vt 3.43479 -6.25716 
vt -2.08557 -6.25716 
vt 3.43479 -16.1141 
vt -2.08557 -16.1141 
vt 3.43479 -6.25716 
vt -2.08557 -6.25716 
vt 3.43479 -7.08448 
vt -2.08557 -7.08448 
vt 7.77139 -6.25716 
vt -2.08557 -6.25716 
vt 7.77139 -7.08448 
vt -2.08557 -7.08448 
vt 3.43479 -6.25716 
vt -2.08557 -6.25716 
vt 3.43479 -16.1141 
vt -2.08557 -16.1141 
vt 3.43479 -6.25716 
vt -2.08557 -6.25716 
vt 3.43479 -7.08448 
vt -2.08557 -7.08448 

usemtl Volcanopart1Mtl

f 3145/3145/3145 3146/3146/3146 3147/3147/3147 
f 3147/3147/3147 3146/3146/3146 3148/3148/3148 
f 3149/3149/3149 3150/3150/3150 3151/3151/3151 
f 3151/3151/3151 3150/3150/3150 3152/3152/3152 
f 3153/3153/3153 3154/3154/3154 3155/3155/3155 
f 3155/3155/3155 3154/3154/3154 3156/3156/3156 
f 3157/3157/3157 3158/3158/3158 3159/3159/3159 
f 3159/3159/3159 3158/3158/3158 3160/3160/3160 
f 3161/3161/3161 3162/3162/3162 3163/3163/3163 
f 3163/3163/3163 3162/3162/3162 3164/3164/3164 
f 3165/3165/3165 3166/3166/3166 3167/3167/3167 
f 3167/3167/3167 3166/3166/3166 3168/3168/3168 

g Volcanopart80

v -6.49118 62.2845 29.8318 
v -37.0547 28.5647 75.2932 
v -4.68132 57.1744 27.2583 
v -35.2448 23.4546 72.7197 
v -71.2578 28.1763 52.0105 
v -37.0547 28.5647 75.2932 
v -40.6943 61.896 6.5491 
v -6.49118 62.2845 29.8318 
v -37.0547 28.5647 75.2932 
v -71.2578 28.1763 52.0105 
v -35.2448 23.4546 72.7197 
v -69.4479 23.0662 49.437 
v -71.2578 28.1763 52.0105 
v -40.6943 61.896 6.5491 
v -69.4479 23.0662 49.437 
v -38.8844 56.786 3.97561 
v -38.8844 56.786 3.97561 
v -4.68132 57.1744 27.2583 
v -69.4479 23.0662 49.437 
v -35.2448 23.4546 72.7197 
v -40.6943 61.896 6.5491 
v -6.49118 62.2845 29.8318 
v -38.8844 56.786 3.97561 
v -4.68132 57.1744 27.2583 

vn 0.826772 0.00787402 0.559055 
vn 0.826772 0.00787402 0.559055 
vn 0.826772 0.00787402 0.559055 
vn 0.826772 0.00787402 0.559055 
vn -0.299213 0.850394 0.425197 
vn -0.299213 0.850394 0.425197 
vn -0.299213 0.850394 0.425197 
vn -0.299213 0.850394 0.425197 
vn -0.472441 -0.527559 0.708661 
vn -0.472441 -0.527559 0.708661 
vn -0.472441 -0.527559 0.708661 
vn -0.472441 -0.527559 0.708661 
vn -0.826772 -0.00787402 -0.559055 
vn -0.826772 -0.00787402 -0.559055 
vn -0.826772 -0.00787402 -0.559055 
vn -0.826772 -0.00787402 -0.559055 
vn 0.299213 -0.850394 -0.425197 
vn 0.299213 -0.850394 -0.425197 
vn 0.299213 -0.850394 -0.425197 
vn 0.299213 -0.850394 -0.425197 
vn 0.472441 0.527559 -0.708661 
vn 0.472441 0.527559 -0.708661 
vn 0.472441 0.527559 -0.708661 
vn 0.472441 0.527559 -0.708661 

vt 7.412 -3.57044 
vt -0.6288 -3.57044 
vt 7.412 -4.32056 
vt -0.6288 -4.32056 
vt 4.54338 -3.57044 
vt -0.6288 -3.57044 
vt 4.54338 -11.6112 
vt -0.6288 -11.6112 
vt 4.54338 -3.57044 
vt -0.6288 -3.57044 
vt 4.54338 -4.32056 
vt -0.6288 -4.32056 
vt 7.412 -3.57044 
vt -0.6288 -3.57044 
vt 7.412 -4.32056 
vt -0.6288 -4.32056 
vt 4.54338 -3.57044 
vt -0.6288 -3.57044 
vt 4.54338 -11.6112 
vt -0.6288 -11.6112 
vt 4.54338 -3.57044 
vt -0.6288 -3.57044 
vt 4.54338 -4.32056 
vt -0.6288 -4.32056 

usemtl Volcanopart1Mtl

f 3169/3169/3169 3170/3170/3170 3171/3171/3171 
f 3171/3171/3171 3170/3170/3170 3172/3172/3172 
f 3173/3173/3173 3174/3174/3174 3175/3175/3175 
f 3175/3175/3175 3174/3174/3174 3176/3176/3176 
f 3177/3177/3177 3178/3178/3178 3179/3179/3179 
f 3179/3179/3179 3178/3178/3178 3180/3180/3180 
f 3181/3181/3181 3182/3182/3182 3183/3183/3183 
f 3183/3183/3183 3182/3182/3182 3184/3184/3184 
f 3185/3185/3185 3186/3186/3186 3187/3187/3187 
f 3187/3187/3187 3186/3186/3186 3188/3188/3188 
f 3189/3189/3189 3190/3190/3190 3191/3191/3191 
f 3191/3191/3191 3190/3190/3190 3192/3192/3192 

g Volcanopart81

v -38.6512 32.948 -96.7442 
v -53.761 13.9627 -159.788 
v -38.1734 27.85 -95.3235 
v -53.2832 8.86471 -158.367 
v -3.27054 15.2171 -172.267 
v -53.761 13.9627 -159.788 
v 11.8392 34.2023 -109.223 
v -38.6512 32.948 -96.7442 
v -53.761 13.9627 -159.788 
v -3.27054 15.2171 -172.267 
v -53.2832 8.86471 -158.367 
v -2.79275 10.1191 -170.846 
v -3.27054 15.2171 -172.267 
v 11.8392 34.2023 -109.223 
v -2.79275 10.1191 -170.846 
v 12.317 29.1043 -107.802 
v 12.317 29.1043 -107.802 
v -38.1734 27.85 -95.3235 
v -2.79275 10.1191 -170.846 
v -53.2832 8.86471 -158.367 
v 11.8392 34.2023 -109.223 
v -38.6512 32.948 -96.7442 
v 12.317 29.1043 -107.802 
v -38.1734 27.85 -95.3235 

vn -0.968504 -0.023622 0.23622 
vn -0.968504 -0.023622 0.23622 
vn -0.968504 -0.023622 0.23622 
vn -0.968504 -0.023622 0.23622 
vn -0.0866142 0.96063 -0.267717 
vn -0.0866142 0.96063 -0.267717 
vn -0.0866142 0.96063 -0.267717 
vn -0.0866142 0.96063 -0.267717 
vn -0.220472 -0.283465 -0.937008 
vn -0.220472 -0.283465 -0.937008 
vn -0.220472 -0.283465 -0.937008 
vn -0.220472 -0.283465 -0.937008 
vn 0.968504 0.023622 -0.23622 
vn 0.968504 0.023622 -0.23622 
vn 0.968504 0.023622 -0.23622 
vn 0.968504 0.023622 -0.23622 
vn 0.0866142 -0.96063 0.267717 
vn 0.0866142 -0.96063 0.267717 
vn 0.0866142 -0.96063 0.267717 
vn 0.0866142 -0.96063 0.267717 
vn 0.220472 0.283465 0.937008 
vn 0.220472 0.283465 0.937008 
vn 0.220472 0.283465 0.937008 
vn 0.220472 0.283465 0.937008 

vt 9.02353 3.38387 
vt 0.579524 3.38387 
vt 9.02353 2.71964 
vt 0.579524 2.71964 
vt 7.08262 3.38387 
vt 0.579524 3.38387 
vt 7.08262 -5.06014 
vt 0.579524 -5.06014 
vt 7.08262 3.38387 
vt 0.579524 3.38387 
vt 7.08262 2.71964 
vt 0.579524 2.71964 
vt 9.02353 3.38387 
vt 0.579524 3.38387 
vt 9.02353 2.71964 
vt 0.579524 2.71964 
vt 7.08262 3.38387 
vt 0.579524 3.38387 
vt 7.08262 -5.06014 
vt 0.579524 -5.06014 
vt 7.08262 3.38387 
vt 0.579524 3.38387 
vt 7.08262 2.71964 
vt 0.579524 2.71964 

usemtl Volcanopart1Mtl

f 3193/3193/3193 3194/3194/3194 3195/3195/3195 
f 3195/3195/3195 3194/3194/3194 3196/3196/3196 
f 3197/3197/3197 3198/3198/3198 3199/3199/3199 
f 3199/3199/3199 3198/3198/3198 3200/3200/3200 
f 3201/3201/3201 3202/3202/3202 3203/3203/3203 
f 3203/3203/3203 3202/3202/3202 3204/3204/3204 
f 3205/3205/3205 3206/3206/3206 3207/3207/3207 
f 3207/3207/3207 3206/3206/3206 3208/3208/3208 
f 3209/3209/3209 3210/3210/3210 3211/3211/3211 
f 3211/3211/3211 3210/3210/3210 3212/3212/3212 
f 3213/3213/3213 3214/3214/3214 3215/3215/3215 
f 3215/3215/3215 3214/3214/3214 3216/3216/3216 

g Volcanopart82

v -57.3177 38.7917 -62.9607 
v -100.626 14.4019 -116.844 
v -56.0419 33.9969 -61.8158 
v -99.3504 9.60718 -115.7 
v -62.3997 16.9606 -148.727 
v -100.626 14.4019 -116.844 
v -19.0912 41.3504 -94.843 
v -57.3177 38.7917 -62.9607 
v -100.626 14.4019 -116.844 
v -62.3997 16.9606 -148.727 
v -99.3504 9.60718 -115.7 
v -61.1239 12.1659 -147.582 
v -62.3997 16.9606 -148.727 
v -19.0912 41.3504 -94.843 
v -61.1239 12.1659 -147.582 
v -17.8154 36.5556 -93.6981 
v -17.8154 36.5556 -93.6981 
v -56.0419 33.9969 -61.8158 
v -61.1239 12.1659 -147.582 
v -99.3504 9.60718 -115.7 
v -19.0912 41.3504 -94.843 
v -57.3177 38.7917 -62.9607 
v -17.8154 36.5556 -93.6981 
v -56.0419 33.9969 -61.8158 

vn -0.76378 -0.0551181 0.637795 
vn -0.76378 -0.0551181 0.637795 
vn -0.76378 -0.0551181 0.637795 
vn -0.76378 -0.0551181 0.637795 
vn -0.251969 0.944882 -0.228346 
vn -0.251969 0.944882 -0.228346 
vn -0.251969 0.944882 -0.228346 
vn -0.251969 0.944882 -0.228346 
vn -0.590551 -0.330709 -0.732283 
vn -0.590551 -0.330709 -0.732283 
vn -0.590551 -0.330709 -0.732283 
vn -0.590551 -0.330709 -0.732283 
vn 0.76378 0.0551181 -0.637795 
vn 0.76378 0.0551181 -0.637795 
vn 0.76378 0.0551181 -0.637795 
vn 0.76378 0.0551181 -0.637795 
vn 0.251969 -0.944882 0.228346 
vn 0.251969 -0.944882 0.228346 
vn 0.251969 -0.944882 0.228346 
vn 0.251969 -0.944882 0.228346 
vn 0.590551 0.330709 0.732283 
vn 0.590551 0.330709 0.732283 
vn 0.590551 0.330709 0.732283 
vn 0.590551 0.330709 0.732283 

vt 14.8528 -4.2365 
vt 5.68938 -4.2365 
vt 14.8528 -4.87299 
vt 5.68938 -4.87299 
vt 11.9197 -4.2365 
vt 5.68938 -4.2365 
vt 11.9197 -13.3999 
vt 5.68938 -13.3999 
vt 11.9197 -4.2365 
vt 5.68938 -4.2365 
vt 11.9197 -4.87299 
vt 5.68938 -4.87299 
vt 14.8528 -4.2365 
vt 5.68938 -4.2365 
vt 14.8528 -4.87299 
vt 5.68938 -4.87299 
vt 11.9197 -4.2365 
vt 5.68938 -4.2365 
vt 11.9197 -13.3999 
vt 5.68938 -13.3999 
vt 11.9197 -4.2365 
vt 5.68938 -4.2365 
vt 11.9197 -4.87299 
vt 5.68938 -4.87299 

usemtl Volcanopart1Mtl

f 3217/3217/3217 3218/3218/3218 3219/3219/3219 
f 3219/3219/3219 3218/3218/3218 3220/3220/3220 
f 3221/3221/3221 3222/3222/3222 3223/3223/3223 
f 3223/3223/3223 3222/3222/3222 3224/3224/3224 
f 3225/3225/3225 3226/3226/3226 3227/3227/3227 
f 3227/3227/3227 3226/3226/3226 3228/3228/3228 
f 3229/3229/3229 3230/3230/3230 3231/3231/3231 
f 3231/3231/3231 3230/3230/3230 3232/3232/3232 
f 3233/3233/3233 3234/3234/3234 3235/3235/3235 
f 3235/3235/3235 3234/3234/3234 3236/3236/3236 
f 3237/3237/3237 3238/3238/3238 3239/3239/3239 
f 3239/3239/3239 3238/3238/3238 3240/3240/3240 

g Volcanopart83

v 91.4849 16.3312 -75.209 
v 164.636 9.402 -91.7553 
v 91.0119 10.95 -75.0466 
v 164.163 4.02083 -91.5929 
v 177.906 9.99905 -33.3392 
v 164.636 9.402 -91.7553 
v 104.755 16.9283 -16.793 
v 91.4849 16.3312 -75.209 
v 164.636 9.402 -91.7553 
v 177.906 9.99905 -33.3392 
v 164.163 4.02083 -91.5929 
v 177.433 4.61789 -33.1768 
v 177.906 9.99905 -33.3392 
v 104.755 16.9283 -16.793 
v 177.433 4.61789 -33.1768 
v 104.282 11.5471 -16.6305 
v 104.282 11.5471 -16.6305 
v 91.0119 10.95 -75.0466 
v 177.433 4.61789 -33.1768 
v 164.163 4.02083 -91.5929 
v 104.755 16.9283 -16.793 
v 91.4849 16.3312 -75.209 
v 104.282 11.5471 -16.6305 
v 91.0119 10.95 -75.0466 

vn -0.220472 -0.00787402 -0.976378 
vn -0.220472 -0.00787402 -0.976378 
vn -0.220472 -0.00787402 -0.976378 
vn -0.220472 -0.00787402 -0.976378 
vn 0.0866142 0.992126 -0.0314961 
vn 0.0866142 0.992126 -0.0314961 
vn 0.0866142 0.992126 -0.0314961 
vn 0.0866142 0.992126 -0.0314961 
vn 0.968504 -0.0944882 -0.220472 
vn 0.968504 -0.0944882 -0.220472 
vn 0.968504 -0.0944882 -0.220472 
vn 0.968504 -0.0944882 -0.220472 
vn 0.220472 0.00787402 0.976378 
vn 0.220472 0.00787402 0.976378 
vn 0.220472 0.00787402 0.976378 
vn 0.220472 0.00787402 0.976378 
vn -0.0866142 -0.992126 0.0314961 
vn -0.0866142 -0.992126 0.0314961 
vn -0.0866142 -0.992126 0.0314961 
vn -0.0866142 -0.992126 0.0314961 
vn -0.968504 0.0944882 0.220472 
vn -0.968504 0.0944882 0.220472 
vn -0.968504 0.0944882 0.220472 
vn -0.968504 0.0944882 0.220472 

vt 14.6457 -6.87256 
vt 5.23093 -6.87256 
vt 14.6457 -7.5481 
vt 5.23093 -7.5481 
vt 12.7193 -6.87256 
vt 5.23093 -6.87256 
vt 12.7193 -16.2874 
vt 5.23093 -16.2874 
vt 12.7193 -6.87256 
vt 5.23093 -6.87256 
vt 12.7193 -7.5481 
vt 5.23093 -7.5481 
vt 14.6457 -6.87256 
vt 5.23093 -6.87256 
vt 14.6457 -7.5481 
vt 5.23093 -7.5481 
vt 12.7193 -6.87256 
vt 5.23093 -6.87256 
vt 12.7193 -16.2874 
vt 5.23093 -16.2874 
vt 12.7193 -6.87256 
vt 5.23093 -6.87256 
vt 12.7193 -7.5481 
vt 5.23093 -7.5481 

usemtl Volcanopart1Mtl

f 3241/3241/3241 3242/3242/3242 3243/3243/3243 
f 3243/3243/3243 3242/3242/3242 3244/3244/3244 
f 3245/3245/3245 3246/3246/3246 3247/3247/3247 
f 3247/3247/3247 3246/3246/3246 3248/3248/3248 
f 3249/3249/3249 3250/3250/3250 3251/3251/3251 
f 3251/3251/3251 3250/3250/3250 3252/3252/3252 
f 3253/3253/3253 3254/3254/3254 3255/3255/3255 
f 3255/3255/3255 3254/3254/3254 3256/3256/3256 
f 3257/3257/3257 3258/3258/3258 3259/3259/3259 
f 3259/3259/3259 3258/3258/3258 3260/3260/3260 
f 3261/3261/3261 3262/3262/3262 3263/3263/3263 
f 3263/3263/3263 3262/3262/3262 3264/3264/3264 

g Volcanopart84

v 31.592 58.3767 -75.4771 
v 85.2986 22.1426 -120.666 
v 28.808 52.1248 -73.773 
v 82.5145 15.8907 -118.962 
v 112.666 19.4169 -85.9534 
v 85.2986 22.1426 -120.666 
v 58.9598 55.651 -40.7649 
v 31.592 58.3767 -75.4771 
v 85.2986 22.1426 -120.666 
v 112.666 19.4169 -85.9534 
v 82.5145 15.8907 -118.962 
v 109.882 13.165 -84.2493 
v 112.666 19.4169 -85.9534 
v 58.9598 55.651 -40.7649 
v 109.882 13.165 -84.2493 
v 56.1757 49.3992 -39.0608 
v 56.1757 49.3992 -39.0608 
v 28.808 52.1248 -73.773 
v 109.882 13.165 -84.2493 
v 82.5145 15.8907 -118.962 
v 58.9598 55.651 -40.7649 
v 31.592 58.3767 -75.4771 
v 56.1757 49.3992 -39.0608 
v 28.808 52.1248 -73.773 

vn -0.614173 0.0629921 -0.787402 
vn -0.614173 0.0629921 -0.787402 
vn -0.614173 0.0629921 -0.787402 
vn -0.614173 0.0629921 -0.787402 
vn 0.393701 0.889764 -0.244094 
vn 0.393701 0.889764 -0.244094 
vn 0.393701 0.889764 -0.244094 
vn 0.393701 0.889764 -0.244094 
vn 0.677165 -0.456693 -0.574803 
vn 0.677165 -0.456693 -0.574803 
vn 0.677165 -0.456693 -0.574803 
vn 0.677165 -0.456693 -0.574803 
vn 0.614173 -0.0629921 0.787402 
vn 0.614173 -0.0629921 0.787402 
vn 0.614173 -0.0629921 0.787402 
vn 0.614173 -0.0629921 0.787402 
vn -0.393701 -0.889764 0.244094 
vn -0.393701 -0.889764 0.244094 
vn -0.393701 -0.889764 0.244094 
vn -0.393701 -0.889764 0.244094 
vn -0.677165 0.456693 0.574803 
vn -0.677165 0.456693 0.574803 
vn -0.677165 0.456693 0.574803 
vn -0.677165 0.456693 0.574803 

vt 14.6792 -1.42657 
vt 4.8055 -1.42657 
vt 14.6792 -2.30815 
vt 4.8055 -2.30815 
vt 10.3414 -1.42657 
vt 4.8055 -1.42657 
vt 10.3414 -11.3002 
vt 4.8055 -11.3002 
vt 10.3414 -1.42657 
vt 4.8055 -1.42657 
vt 10.3414 -2.30815 
vt 4.8055 -2.30815 
vt 14.6792 -1.42657 
vt 4.8055 -1.42657 
vt 14.6792 -2.30815 
vt 4.8055 -2.30815 
vt 10.3414 -1.42657 
vt 4.8055 -1.42657 
vt 10.3414 -11.3002 
vt 4.8055 -11.3002 
vt 10.3414 -1.42657 
vt 4.8055 -1.42657 
vt 10.3414 -2.30815 
vt 4.8055 -2.30815 

usemtl Volcanopart1Mtl

f 3265/3265/3265 3266/3266/3266 3267/3267/3267 
f 3267/3267/3267 3266/3266/3266 3268/3268/3268 
f 3269/3269/3269 3270/3270/3270 3271/3271/3271 
f 3271/3271/3271 3270/3270/3270 3272/3272/3272 
f 3273/3273/3273 3274/3274/3274 3275/3275/3275 
f 3275/3275/3275 3274/3274/3274 3276/3276/3276 
f 3277/3277/3277 3278/3278/3278 3279/3279/3279 
f 3279/3279/3279 3278/3278/3278 3280/3280/3280 
f 3281/3281/3281 3282/3282/3282 3283/3283/3283 
f 3283/3283/3283 3282/3282/3282 3284/3284/3284 
f 3285/3285/3285 3286/3286/3286 3287/3287/3287 
f 3287/3287/3287 3286/3286/3286 3288/3288/3288 

g Volcanopart85

v -34.9977 79.1875 -35.3511 
v -70.6263 41.1789 -64.9812 
v -32.624 75.1214 -32.9895 
v -68.2526 37.1128 -62.6197 
v -46.8105 39.615 -91.6124 
v -70.6263 41.1789 -64.9812 
v -11.1819 77.6236 -61.9822 
v -34.9977 79.1875 -35.3511 
v -70.6263 41.1789 -64.9812 
v -46.8105 39.615 -91.6124 
v -68.2526 37.1128 -62.6197 
v -44.4367 35.5489 -89.2508 
v -46.8105 39.615 -91.6124 
v -11.1819 77.6236 -61.9822 
v -44.4367 35.5489 -89.2508 
v -8.80813 73.5575 -59.6206 
v -8.80813 73.5575 -59.6206 
v -32.624 75.1214 -32.9895 
v -44.4367 35.5489 -89.2508 
v -68.2526 37.1128 -62.6197 
v -11.1819 77.6236 -61.9822 
v -34.9977 79.1875 -35.3511 
v -8.80813 73.5575 -59.6206 
v -32.624 75.1214 -32.9895 

vn -0.669291 0.0472441 0.748031 
vn -0.669291 0.0472441 0.748031 
vn -0.669291 0.0472441 0.748031 
vn -0.669291 0.0472441 0.748031 
vn -0.448819 0.771654 -0.448819 
vn -0.448819 0.771654 -0.448819 
vn -0.448819 0.771654 -0.448819 
vn -0.448819 0.771654 -0.448819 
vn -0.590551 -0.637795 -0.496063 
vn -0.590551 -0.637795 -0.496063 
vn -0.590551 -0.637795 -0.496063 
vn -0.590551 -0.637795 -0.496063 
vn 0.669291 -0.0472441 -0.748031 
vn 0.669291 -0.0472441 -0.748031 
vn 0.669291 -0.0472441 -0.748031 
vn 0.669291 -0.0472441 -0.748031 
vn 0.448819 -0.771654 0.448819 
vn 0.448819 -0.771654 0.448819 
vn 0.448819 -0.771654 0.448819 
vn 0.448819 -0.771654 0.448819 
vn 0.590551 0.637795 0.496063 
vn 0.590551 0.637795 0.496063 
vn 0.590551 0.637795 0.496063 
vn 0.590551 0.637795 0.496063 

vt 3.72254 3.40857 
vt -3.76912 3.40857 
vt 3.72254 2.75015 
vt -3.76912 2.75015 
vt 0.701023 3.40857 
vt -3.76912 3.40857 
vt 0.701023 -4.08309 
vt -3.76912 -4.08309 
vt 0.701023 3.40857 
vt -3.76912 3.40857 
vt 0.701023 2.75015 
vt -3.76912 2.75015 
vt 3.72254 3.40857 
vt -3.76912 3.40857 
vt 3.72254 2.75015 
vt -3.76912 2.75015 
vt 0.701023 3.40857 
vt -3.76912 3.40857 
vt 0.701023 -4.08309 
vt -3.76912 -4.08309 
vt 0.701023 3.40857 
vt -3.76912 3.40857 
vt 0.701023 2.75015 
vt -3.76912 2.75015 

usemtl Volcanopart1Mtl

f 3289/3289/3289 3290/3290/3290 3291/3291/3291 
f 3291/3291/3291 3290/3290/3290 3292/3292/3292 
f 3293/3293/3293 3294/3294/3294 3295/3295/3295 
f 3295/3295/3295 3294/3294/3294 3296/3296/3296 
f 3297/3297/3297 3298/3298/3298 3299/3299/3299 
f 3299/3299/3299 3298/3298/3298 3300/3300/3300 
f 3301/3301/3301 3302/3302/3302 3303/3303/3303 
f 3303/3303/3303 3302/3302/3302 3304/3304/3304 
f 3305/3305/3305 3306/3306/3306 3307/3307/3307 
f 3307/3307/3307 3306/3306/3306 3308/3308/3308 
f 3309/3309/3309 3310/3310/3310 3311/3311/3311 
f 3311/3311/3311 3310/3310/3310 3312/3312/3312 

g Volcanopart86

v -71.6882 11.7662 73.6534 
v -119.809 10.3536 110.593 
v -71.4907 3.75452 73.6043 
v -119.612 2.34199 110.544 
v -158.021 9.71716 60.7902 
v -119.809 10.3536 110.593 
v -109.899 11.1297 23.8509 
v -71.6882 11.7662 73.6534 
v -119.809 10.3536 110.593 
v -158.021 9.71716 60.7902 
v -119.612 2.34199 110.544 
v -157.823 1.70552 60.7411 
v -158.021 9.71716 60.7902 
v -109.899 11.1297 23.8509 
v -157.823 1.70552 60.7411 
v -109.702 3.11806 23.8018 
v -109.702 3.11806 23.8018 
v -71.4907 3.75452 73.6043 
v -157.823 1.70552 60.7411 
v -119.612 2.34199 110.544 
v -109.899 11.1297 23.8509 
v -71.6882 11.7662 73.6534 
v -109.702 3.11806 23.8018 
v -71.4907 3.75452 73.6043 

vn 0.606299 0.00787402 0.795276 
vn 0.606299 0.00787402 0.795276 
vn 0.606299 0.00787402 0.795276 
vn 0.606299 0.00787402 0.795276 
vn -0.023622 1 0.00787402 
vn -0.023622 1 0.00787402 
vn -0.023622 1 0.00787402 
vn -0.023622 1 0.00787402 
vn -0.795276 -0.023622 0.606299 
vn -0.795276 -0.023622 0.606299 
vn -0.795276 -0.023622 0.606299 
vn -0.795276 -0.023622 0.606299 
vn -0.606299 -0.00787402 -0.795276 
vn -0.606299 -0.00787402 -0.795276 
vn -0.606299 -0.00787402 -0.795276 
vn -0.606299 -0.00787402 -0.795276 
vn 0.023622 -1 -0.00787402 
vn 0.023622 -1 -0.00787402 
vn 0.023622 -1 -0.00787402 
vn 0.023622 -1 -0.00787402 
vn 0.795276 0.023622 -0.606299 
vn 0.795276 0.023622 -0.606299 
vn 0.795276 0.023622 -0.606299 
vn 0.795276 0.023622 -0.606299 

vt 3.39934 1.74007 
vt -4.18577 1.74007 
vt 3.39934 0.738289 
vt -4.18577 0.738289 
vt 3.6612 1.74007 
vt -4.18577 1.74007 
vt 3.6612 -5.84505 
vt -4.18577 -5.84505 
vt 3.6612 1.74007 
vt -4.18577 1.74007 
vt 3.6612 0.738289 
vt -4.18577 0.738289 
vt 3.39934 1.74007 
vt -4.18577 1.74007 
vt 3.39934 0.738289 
vt -4.18577 0.738289 
vt 3.6612 1.74007 
vt -4.18577 1.74007 
vt 3.6612 -5.84505 
vt -4.18577 -5.84505 
vt 3.6612 1.74007 
vt -4.18577 1.74007 
vt 3.6612 0.738289 
vt -4.18577 0.738289 

usemtl Volcanopart1Mtl

f 3313/3313/3313 3314/3314/3314 3315/3315/3315 
f 3315/3315/3315 3314/3314/3314 3316/3316/3316 
f 3317/3317/3317 3318/3318/3318 3319/3319/3319 
f 3319/3319/3319 3318/3318/3318 3320/3320/3320 
f 3321/3321/3321 3322/3322/3322 3323/3323/3323 
f 3323/3323/3323 3322/3322/3322 3324/3324/3324 
f 3325/3325/3325 3326/3326/3326 3327/3327/3327 
f 3327/3327/3327 3326/3326/3326 3328/3328/3328 
f 3329/3329/3329 3330/3330/3330 3331/3331/3331 
f 3331/3331/3331 3330/3330/3330 3332/3332/3332 
f 3333/3333/3333 3334/3334/3334 3335/3335/3335 
f 3335/3335/3335 3334/3334/3334 3336/3336/3336 

g Volcanopart87

v 71.1288 15.1506 -92.9141 
v 143.986 9.19076 -130.311 
v 70.6304 6.74963 -92.5462 
v 143.487 0.789794 -129.943 
v 171.737 9.90709 -76.3591 
v 143.986 9.19076 -130.311 
v 98.8801 15.8669 -38.9625 
v 71.1288 15.1506 -92.9141 
v 143.986 9.19076 -130.311 
v 171.737 9.90709 -76.3591 
v 143.487 0.789794 -129.943 
v 171.239 1.50613 -75.9912 
v 171.737 9.90709 -76.3591 
v 98.8801 15.8669 -38.9625 
v 171.239 1.50613 -75.9912 
v 98.3817 7.46597 -38.5947 
v 98.3817 7.46597 -38.5947 
v 70.6304 6.74963 -92.5462 
v 171.239 1.50613 -75.9912 
v 143.487 0.789794 -129.943 
v 98.8801 15.8669 -38.9625 
v 71.1288 15.1506 -92.9141 
v 98.3817 7.46597 -38.5947 
v 70.6304 6.74963 -92.5462 

vn -0.456693 -0.00787402 -0.889764 
vn -0.456693 -0.00787402 -0.889764 
vn -0.456693 -0.00787402 -0.889764 
vn -0.456693 -0.00787402 -0.889764 
vn 0.0629921 1 -0.0472441 
vn 0.0629921 1 -0.0472441 
vn 0.0629921 1 -0.0472441 
vn 0.0629921 1 -0.0472441 
vn 0.889764 -0.0708661 -0.456693 
vn 0.889764 -0.0708661 -0.456693 
vn 0.889764 -0.0708661 -0.456693 
vn 0.889764 -0.0708661 -0.456693 
vn 0.456693 0.00787402 0.889764 
vn 0.456693 0.00787402 0.889764 
vn 0.456693 0.00787402 0.889764 
vn 0.456693 0.00787402 0.889764 
vn -0.0629921 -1 0.0472441 
vn -0.0629921 -1 0.0472441 
vn -0.0629921 -1 0.0472441 
vn -0.0629921 -1 0.0472441 
vn -0.889764 0.0708661 0.456693 
vn -0.889764 0.0708661 0.456693 
vn -0.889764 0.0708661 0.456693 
vn -0.889764 0.0708661 0.456693 

vt 9.41265 -5.56117 
vt -0.851175 -5.56117 
vt 9.41265 -6.61414 
vt -0.851175 -6.61414 
vt 6.73316 -5.56117 
vt -0.851175 -5.56117 
vt 6.73316 -15.825 
vt -0.851175 -15.825 
vt 6.73316 -5.56117 
vt -0.851175 -5.56117 
vt 6.73316 -6.61414 
vt -0.851175 -6.61414 
vt 9.41265 -5.56117 
vt -0.851175 -5.56117 
vt 9.41265 -6.61414 
vt -0.851175 -6.61414 
vt 6.73316 -5.56117 
vt -0.851175 -5.56117 
vt 6.73316 -15.825 
vt -0.851175 -15.825 
vt 6.73316 -5.56117 
vt -0.851175 -5.56117 
vt 6.73316 -6.61414 
vt -0.851175 -6.61414 

usemtl Volcanopart1Mtl

f 3337/3337/3337 3338/3338/3338 3339/3339/3339 
f 3339/3339/3339 3338/3338/3338 3340/3340/3340 
f 3341/3341/3341 3342/3342/3342 3343/3343/3343 
f 3343/3343/3343 3342/3342/3342 3344/3344/3344 
f 3345/3345/3345 3346/3346/3346 3347/3347/3347 
f 3347/3347/3347 3346/3346/3346 3348/3348/3348 
f 3349/3349/3349 3350/3350/3350 3351/3351/3351 
f 3351/3351/3351 3350/3350/3350 3352/3352/3352 
f 3353/3353/3353 3354/3354/3354 3355/3355/3355 
f 3355/3355/3355 3354/3354/3354 3356/3356/3356 
f 3357/3357/3357 3358/3358/3358 3359/3359/3359 
f 3359/3359/3359 3358/3358/3358 3360/3360/3360 

g Volcanopart88

v 29.3711 13.671 -130.416 
v 64.9174 10.3146 -193.491 
v 29.1988 7.10222 -130.164 
v 64.7452 3.74578 -193.239 
v 118.665 10.0701 -163.188 
v 64.9174 10.3146 -193.491 
v 83.1191 13.4265 -100.113 
v 29.3711 13.671 -130.416 
v 64.9174 10.3146 -193.491 
v 118.665 10.0701 -163.188 
v 64.7452 3.74578 -193.239 
v 118.493 3.50131 -162.935 
v 118.665 10.0701 -163.188 
v 83.1191 13.4265 -100.113 
v 118.493 3.50131 -162.935 
v 82.9469 6.85775 -99.8606 
v 82.9469 6.85775 -99.8606 
v 29.1988 7.10222 -130.164 
v 118.493 3.50131 -162.935 
v 64.7452 3.74578 -193.239 
v 83.1191 13.4265 -100.113 
v 29.3711 13.671 -130.416 
v 82.9469 6.85775 -99.8606 
v 29.1988 7.10222 -130.164 

vn -0.874016 0.00787402 -0.488189 
vn -0.874016 0.00787402 -0.488189 
vn -0.874016 0.00787402 -0.488189 
vn -0.874016 0.00787402 -0.488189 
vn 0.023622 1 -0.0393701 
vn 0.023622 1 -0.0393701 
vn 0.023622 1 -0.0393701 
vn 0.023622 1 -0.0393701 
vn 0.488189 -0.0472441 -0.874016 
vn 0.488189 -0.0472441 -0.874016 
vn 0.488189 -0.0472441 -0.874016 
vn 0.488189 -0.0472441 -0.874016 
vn 0.874016 -0.00787402 0.488189 
vn 0.874016 -0.00787402 0.488189 
vn 0.874016 -0.00787402 0.488189 
vn 0.874016 -0.00787402 0.488189 
vn -0.023622 -1 0.0393701 
vn -0.023622 -1 0.0393701 
vn -0.023622 -1 0.0393701 
vn -0.023622 -1 0.0393701 
vn -0.488189 0.0472441 0.874016 
vn -0.488189 0.0472441 0.874016 
vn -0.488189 0.0472441 0.874016 
vn -0.488189 0.0472441 0.874016 

vt 4.22886 -0.217765 
vt -4.83105 -0.217765 
vt 4.22886 -1.03975 
vt -4.83105 -1.03975 
vt 2.88176 -0.217765 
vt -4.83105 -0.217765 
vt 2.88176 -9.27767 
vt -4.83105 -9.27767 
vt 2.88176 -0.217765 
vt -4.83105 -0.217765 
vt 2.88176 -1.03975 
vt -4.83105 -1.03975 
vt 4.22886 -0.217765 
vt -4.83105 -0.217765 
vt 4.22886 -1.03975 
vt -4.83105 -1.03975 
vt 2.88176 -0.217765 
vt -4.83105 -0.217765 
vt 2.88176 -9.27767 
vt -4.83105 -9.27767 
vt 2.88176 -0.217765 
vt -4.83105 -0.217765 
vt 2.88176 -1.03975 
vt -4.83105 -1.03975 

usemtl Volcanopart1Mtl

f 3361/3361/3361 3362/3362/3362 3363/3363/3363 
f 3363/3363/3363 3362/3362/3362 3364/3364/3364 
f 3365/3365/3365 3366/3366/3366 3367/3367/3367 
f 3367/3367/3367 3366/3366/3366 3368/3368/3368 
f 3369/3369/3369 3370/3370/3370 3371/3371/3371 
f 3371/3371/3371 3370/3370/3370 3372/3372/3372 
f 3373/3373/3373 3374/3374/3374 3375/3375/3375 
f 3375/3375/3375 3374/3374/3374 3376/3376/3376 
f 3377/3377/3377 3378/3378/3378 3379/3379/3379 
f 3379/3379/3379 3378/3378/3378 3380/3380/3380 
f 3381/3381/3381 3382/3382/3382 3383/3383/3383 
f 3383/3383/3383 3382/3382/3382 3384/3384/3384 

g Volcanopart89

v 35.0281 94.5714 -14.6577 
v 68.1192 45.0006 23.0579 
v 32.1918 89.3579 -19.0214 
v 65.2829 39.7871 18.6942 
v 42.5703 42.6849 42.4305 
v 68.1192 45.0006 23.0579 
v 9.47927 92.2557 4.71489 
v 35.0281 94.5714 -14.6577 
v 68.1192 45.0006 23.0579 
v 42.5703 42.6849 42.4305 
v 65.2829 39.7871 18.6942 
v 39.7341 37.4715 38.0668 
v 42.5703 42.6849 42.4305 
v 9.47927 92.2557 4.71489 
v 39.7341 37.4715 38.0668 
v 6.64299 87.0423 0.351179 
v 6.64299 87.0423 0.351179 
v 32.1918 89.3579 -19.0214 
v 39.7341 37.4715 38.0668 
v 65.2829 39.7871 18.6942 
v 9.47927 92.2557 4.71489 
v 35.0281 94.5714 -14.6577 
v 6.64299 87.0423 0.351179 
v 32.1918 89.3579 -19.0214 

vn 0.795276 0.0708661 -0.606299 
vn 0.795276 0.0708661 -0.606299 
vn 0.795276 0.0708661 -0.606299 
vn 0.795276 0.0708661 -0.606299 
vn 0.385827 0.708661 0.590551 
vn 0.385827 0.708661 0.590551 
vn 0.385827 0.708661 0.590551 
vn 0.385827 0.708661 0.590551 
vn 0.472441 -0.700787 0.535433 
vn 0.472441 -0.700787 0.535433 
vn 0.472441 -0.700787 0.535433 
vn 0.472441 -0.700787 0.535433 
vn -0.795276 -0.0708661 0.606299 
vn -0.795276 -0.0708661 0.606299 
vn -0.795276 -0.0708661 0.606299 
vn -0.795276 -0.0708661 0.606299 
vn -0.385827 -0.708661 -0.590551 
vn -0.385827 -0.708661 -0.590551 
vn -0.385827 -0.708661 -0.590551 
vn -0.385827 -0.708661 -0.590551 
vn -0.472441 0.700787 -0.535433 
vn -0.472441 0.700787 -0.535433 
vn -0.472441 0.700787 -0.535433 
vn -0.472441 0.700787 -0.535433 

vt 12.8399 -1.84891 
vt 4.02344 -1.84891 
vt 12.8399 -2.76974 
vt 4.02344 -2.76974 
vt 8.04176 -1.84891 
vt 4.02344 -1.84891 
vt 8.04176 -10.6654 
vt 4.02344 -10.6654 
vt 8.04176 -1.84891 
vt 4.02344 -1.84891 
vt 8.04176 -2.76974 
vt 4.02344 -2.76974 
vt 12.8399 -1.84891 
vt 4.02344 -1.84891 
vt 12.8399 -2.76974 
vt 4.02344 -2.76974 
vt 8.04176 -1.84891 
vt 4.02344 -1.84891 
vt 8.04176 -10.6654 
vt 4.02344 -10.6654 
vt 8.04176 -1.84891 
vt 4.02344 -1.84891 
vt 8.04176 -2.76974 
vt 4.02344 -2.76974 

usemtl Volcanopart1Mtl

f 3385/3385/3385 3386/3386/3386 3387/3387/3387 
f 3387/3387/3387 3386/3386/3386 3388/3388/3388 
f 3389/3389/3389 3390/3390/3390 3391/3391/3391 
f 3391/3391/3391 3390/3390/3390 3392/3392/3392 
f 3393/3393/3393 3394/3394/3394 3395/3395/3395 
f 3395/3395/3395 3394/3394/3394 3396/3396/3396 
f 3397/3397/3397 3398/3398/3398 3399/3399/3399 
f 3399/3399/3399 3398/3398/3398 3400/3400/3400 
f 3401/3401/3401 3402/3402/3402 3403/3403/3403 
f 3403/3403/3403 3402/3402/3402 3404/3404/3404 
f 3405/3405/3405 3406/3406/3406 3407/3407/3407 
f 3407/3407/3407 3406/3406/3406 3408/3408/3408 

g Volcanopart90

v 50.1154 75.5299 -31.8379 
v 104.621 34.0095 -16.757 
v 47.0608 71.034 -33.1762 
v 101.566 29.5136 -18.0953 
v 92.6775 31.4075 19.2443 
v 104.621 34.0095 -16.757 
v 38.1722 72.928 4.16337 
v 50.1154 75.5299 -31.8379 
v 104.621 34.0095 -16.757 
v 92.6775 31.4075 19.2443 
v 101.566 29.5136 -18.0953 
v 89.6228 26.9116 17.906 
v 92.6775 31.4075 19.2443 
v 38.1722 72.928 4.16337 
v 89.6228 26.9116 17.906 
v 35.1176 68.432 2.82507 
v 35.1176 68.432 2.82507 
v 47.0608 71.034 -33.1762 
v 89.6228 26.9116 17.906 
v 101.566 29.5136 -18.0953 
v 38.1722 72.928 4.16337 
v 50.1154 75.5299 -31.8379 
v 35.1176 68.432 2.82507 
v 47.0608 71.034 -33.1762 

vn 0.314961 0.0708661 -0.944882 
vn 0.314961 0.0708661 -0.944882 
vn 0.314961 0.0708661 -0.944882 
vn 0.314961 0.0708661 -0.944882 
vn 0.543307 0.80315 0.23622 
vn 0.543307 0.80315 0.23622 
vn 0.543307 0.80315 0.23622 
vn 0.543307 0.80315 0.23622 
vn 0.779528 -0.590551 0.212598 
vn 0.779528 -0.590551 0.212598 
vn 0.779528 -0.590551 0.212598 
vn 0.779528 -0.590551 0.212598 
vn -0.314961 -0.0708661 0.944882 
vn -0.314961 -0.0708661 0.944882 
vn -0.314961 -0.0708661 0.944882 
vn -0.314961 -0.0708661 0.944882 
vn -0.543307 -0.80315 -0.23622 
vn -0.543307 -0.80315 -0.23622 
vn -0.543307 -0.80315 -0.23622 
vn -0.543307 -0.80315 -0.23622 
vn -0.779528 0.590551 -0.212598 
vn -0.779528 0.590551 -0.212598 
vn -0.779528 0.590551 -0.212598 
vn -0.779528 0.590551 -0.212598 

vt 14.6852 0.62333 
vt 5.91538 0.62333 
vt 14.6852 -0.0763969 
vt 5.91538 -0.0763969 
vt 10.6679 0.62333 
vt 5.91538 0.62333 
vt 10.6679 -8.14647 
vt 5.91538 -8.14647 
vt 10.6679 0.62333 
vt 5.91538 0.62333 
vt 10.6679 -0.0763969 
vt 5.91538 -0.0763969 
vt 14.6852 0.62333 
vt 5.91538 0.62333 
vt 14.6852 -0.0763969 
vt 5.91538 -0.0763969 
vt 10.6679 0.62333 
vt 5.91538 0.62333 
vt 10.6679 -8.14647 
vt 5.91538 -8.14647 
vt 10.6679 0.62333 
vt 5.91538 0.62333 
vt 10.6679 -0.0763969 
vt 5.91538 -0.0763969 

usemtl Volcanopart1Mtl

f 3409/3409/3409 3410/3410/3410 3411/3411/3411 
f 3411/3411/3411 3410/3410/3410 3412/3412/3412 
f 3413/3413/3413 3414/3414/3414 3415/3415/3415 
f 3415/3415/3415 3414/3414/3414 3416/3416/3416 
f 3417/3417/3417 3418/3418/3418 3419/3419/3419 
f 3419/3419/3419 3418/3418/3418 3420/3420/3420 
f 3421/3421/3421 3422/3422/3422 3423/3423/3423 
f 3423/3423/3423 3422/3422/3422 3424/3424/3424 
f 3425/3425/3425 3426/3426/3426 3427/3427/3427 
f 3427/3427/3427 3426/3426/3426 3428/3428/3428 
f 3429/3429/3429 3430/3430/3430 3431/3431/3431 
f 3431/3431/3431 3430/3430/3430 3432/3432/3432 

g Volcanopart91

v -79.0652 30.7714 -20.2898 
v -146.865 12.7069 -38.7664 
v -77.1125 22.8301 -19.6908 
v -144.912 4.76559 -38.1674 
v -132.713 12.3 -90.2965 
v -146.865 12.7069 -38.7664 
v -64.9138 30.3645 -71.8199 
v -79.0652 30.7714 -20.2898 
v -146.865 12.7069 -38.7664 
v -132.713 12.3 -90.2965 
v -144.912 4.76559 -38.1674 
v -130.761 4.35868 -89.6975 
v -132.713 12.3 -90.2965 
v -64.9138 30.3645 -71.8199 
v -130.761 4.35868 -89.6975 
v -62.9612 22.4232 -71.2209 
v -62.9612 22.4232 -71.2209 
v -77.1125 22.8301 -19.6908 
v -130.761 4.35868 -89.6975 
v -144.912 4.76559 -38.1674 
v -64.9138 30.3645 -71.8199 
v -79.0652 30.7714 -20.2898 
v -62.9612 22.4232 -71.2209 
v -77.1125 22.8301 -19.6908 

vn -0.267717 0.00787402 0.96063 
vn -0.267717 0.00787402 0.96063 
vn -0.267717 0.00787402 0.96063 
vn -0.267717 0.00787402 0.96063 
vn -0.23622 0.968504 -0.0708661 
vn -0.23622 0.968504 -0.0708661 
vn -0.23622 0.968504 -0.0708661 
vn -0.23622 0.968504 -0.0708661 
vn -0.937008 -0.251969 -0.251969 
vn -0.937008 -0.251969 -0.251969 
vn -0.937008 -0.251969 -0.251969 
vn -0.937008 -0.251969 -0.251969 
vn 0.267717 -0.00787402 -0.96063 
vn 0.267717 -0.00787402 -0.96063 
vn 0.267717 -0.00787402 -0.96063 
vn 0.267717 -0.00787402 -0.96063 
vn 0.23622 -0.968504 0.0708661 
vn 0.23622 -0.968504 0.0708661 
vn 0.23622 -0.968504 0.0708661 
vn 0.23622 -0.968504 0.0708661 
vn 0.937008 0.251969 0.251969 
vn 0.937008 0.251969 0.251969 
vn 0.937008 0.251969 0.251969 
vn 0.937008 0.251969 0.251969 

vt 6.97351 -3.0371 
vt -2.09607 -3.0371 
vt 6.97351 -4.06207 
vt -2.09607 -4.06207 
vt 4.58386 -3.0371 
vt -2.09607 -3.0371 
vt 4.58386 -12.1067 
vt -2.09607 -12.1067 
vt 4.58386 -3.0371 
vt -2.09607 -3.0371 
vt 4.58386 -4.06207 
vt -2.09607 -4.06207 
vt 6.97351 -3.0371 
vt -2.09607 -3.0371 
vt 6.97351 -4.06207 
vt -2.09607 -4.06207 
vt 4.58386 -3.0371 
vt -2.09607 -3.0371 
vt 4.58386 -12.1067 
vt -2.09607 -12.1067 
vt 4.58386 -3.0371 
vt -2.09607 -3.0371 
vt 4.58386 -4.06207 
vt -2.09607 -4.06207 

usemtl Volcanopart1Mtl

f 3433/3433/3433 3434/3434/3434 3435/3435/3435 
f 3435/3435/3435 3434/3434/3434 3436/3436/3436 
f 3437/3437/3437 3438/3438/3438 3439/3439/3439 
f 3439/3439/3439 3438/3438/3438 3440/3440/3440 
f 3441/3441/3441 3442/3442/3442 3443/3443/3443 
f 3443/3443/3443 3442/3442/3442 3444/3444/3444 
f 3445/3445/3445 3446/3446/3446 3447/3447/3447 
f 3447/3447/3447 3446/3446/3446 3448/3448/3448 
f 3449/3449/3449 3450/3450/3450 3451/3451/3451 
f 3451/3451/3451 3450/3450/3450 3452/3452/3452 
f 3453/3453/3453 3454/3454/3454 3455/3455/3455 
f 3455/3455/3455 3454/3454/3454 3456/3456/3456 

g Volcanopart92

v 19.1422 29.3966 -107.737 
v 54.5003 12.4429 -173.345 
v 18.3647 23.6963 -106.683 
v 53.7228 6.74265 -172.292 
v 102.285 10.7668 -147.16 
v 54.5003 12.4429 -173.345 
v 66.9265 27.7205 -81.5515 
v 19.1422 29.3966 -107.737 
v 54.5003 12.4429 -173.345 
v 102.285 10.7668 -147.16 
v 53.7228 6.74265 -172.292 
v 101.507 5.06652 -146.106 
v 102.285 10.7668 -147.16 
v 66.9265 27.7205 -81.5515 
v 101.507 5.06652 -146.106 
v 66.149 22.0202 -80.4976 
v 66.149 22.0202 -80.4976 
v 18.3647 23.6963 -106.683 
v 101.507 5.06652 -146.106 
v 53.7228 6.74265 -172.292 
v 66.9265 27.7205 -81.5515 
v 19.1422 29.3966 -107.737 
v 66.149 22.0202 -80.4976 
v 18.3647 23.6963 -106.683 

vn -0.874016 0.0314961 -0.480315 
vn -0.874016 0.0314961 -0.480315 
vn -0.874016 0.0314961 -0.480315 
vn -0.874016 0.0314961 -0.480315 
vn 0.133858 0.976378 -0.181102 
vn 0.133858 0.976378 -0.181102 
vn 0.133858 0.976378 -0.181102 
vn 0.133858 0.976378 -0.181102 
vn 0.464567 -0.220472 -0.858268 
vn 0.464567 -0.220472 -0.858268 
vn 0.464567 -0.220472 -0.858268 
vn 0.464567 -0.220472 -0.858268 
vn 0.874016 -0.0314961 0.480315 
vn 0.874016 -0.0314961 0.480315 
vn 0.874016 -0.0314961 0.480315 
vn 0.874016 -0.0314961 0.480315 
vn -0.133858 -0.976378 0.181102 
vn -0.133858 -0.976378 0.181102 
vn -0.133858 -0.976378 0.181102 
vn -0.133858 -0.976378 0.181102 
vn -0.464567 0.220472 0.858268 
vn -0.464567 0.220472 0.858268 
vn -0.464567 0.220472 0.858268 
vn -0.464567 0.220472 0.858268 

vt 10.4267 0.365228 
vt 0.872457 0.365228 
vt 10.4267 -0.365872 
vt 0.872457 -0.365872 
vt 7.68674 0.365228 
vt 0.872457 0.365228 
vt 7.68674 -9.18901 
vt 0.872457 -9.18901 
vt 7.68674 0.365228 
vt 0.872457 0.365228 
vt 7.68674 -0.365872 
vt 0.872457 -0.365872 
vt 10.4267 0.365228 
vt 0.872457 0.365228 
vt 10.4267 -0.365872 
vt 0.872457 -0.365872 
vt 7.68674 0.365228 
vt 0.872457 0.365228 
vt 7.68674 -9.18901 
vt 0.872457 -9.18901 
vt 7.68674 0.365228 
vt 0.872457 0.365228 
vt 7.68674 -0.365872 
vt 0.872457 -0.365872 

usemtl Volcanopart1Mtl

f 3457/3457/3457 3458/3458/3458 3459/3459/3459 
f 3459/3459/3459 3458/3458/3458 3460/3460/3460 
f 3461/3461/3461 3462/3462/3462 3463/3463/3463 
f 3463/3463/3463 3462/3462/3462 3464/3464/3464 
f 3465/3465/3465 3466/3466/3466 3467/3467/3467 
f 3467/3467/3467 3466/3466/3466 3468/3468/3468 
f 3469/3469/3469 3470/3470/3470 3471/3471/3471 
f 3471/3471/3471 3470/3470/3470 3472/3472/3472 
f 3473/3473/3473 3474/3474/3474 3475/3475/3475 
f 3475/3475/3475 3474/3474/3474 3476/3476/3476 
f 3477/3477/3477 3478/3478/3478 3479/3479/3479 
f 3479/3479/3479 3478/3478/3478 3480/3480/3480 

g Volcanopart93

v -73.6915 20.7102 25.7801 
v -144.522 9.41403 44.5591 
v -72.9873 15.7924 25.478 
v -143.818 4.49626 44.257 
v -159.44 10.6875 -10.944 
v -144.522 9.41403 44.5591 
v -88.6099 21.9836 -29.7229 
v -73.6915 20.7102 25.7801 
v -144.522 9.41403 44.5591 
v -159.44 10.6875 -10.944 
v -143.818 4.49626 44.257 
v -158.736 5.76969 -11.2461 
v -159.44 10.6875 -10.944 
v -88.6099 21.9836 -29.7229 
v -158.736 5.76969 -11.2461 
v -87.9057 17.0658 -30.0251 
v -87.9057 17.0658 -30.0251 
v -72.9873 15.7924 25.478 
v -158.736 5.76969 -11.2461 
v -143.818 4.49626 44.257 
v -88.6099 21.9836 -29.7229 
v -73.6915 20.7102 25.7801 
v -87.9057 17.0658 -30.0251 
v -72.9873 15.7924 25.478 

vn 0.259843 -0.023622 0.968504 
vn 0.259843 -0.023622 0.968504 
vn 0.259843 -0.023622 0.968504 
vn 0.259843 -0.023622 0.968504 
vn -0.141732 0.984252 0.0629921 
vn -0.141732 0.984252 0.0629921 
vn -0.141732 0.984252 0.0629921 
vn -0.141732 0.984252 0.0629921 
vn -0.952756 -0.149606 0.251969 
vn -0.952756 -0.149606 0.251969 
vn -0.952756 -0.149606 0.251969 
vn -0.952756 -0.149606 0.251969 
vn -0.259843 0.023622 -0.968504 
vn -0.259843 0.023622 -0.968504 
vn -0.259843 0.023622 -0.968504 
vn -0.259843 0.023622 -0.968504 
vn 0.141732 -0.984252 -0.0629921 
vn 0.141732 -0.984252 -0.0629921 
vn 0.141732 -0.984252 -0.0629921 
vn 0.141732 -0.984252 -0.0629921 
vn 0.952756 0.149606 -0.251969 
vn 0.952756 0.149606 -0.251969 
vn 0.952756 0.149606 -0.251969 
vn 0.952756 0.149606 -0.251969 

vt 17.5943 2.84833 
vt 8.3264 2.84833 
vt 17.5943 2.22619 
vt 8.3264 2.22619 
vt 15.5123 2.84833 
vt 8.3264 2.84833 
vt 15.5123 -6.41955 
vt 8.3264 -6.41955 
vt 15.5123 2.84833 
vt 8.3264 2.84833 
vt 15.5123 2.22619 
vt 8.3264 2.22619 
vt 17.5943 2.84833 
vt 8.3264 2.84833 
vt 17.5943 2.22619 
vt 8.3264 2.22619 
vt 15.5123 2.84833 
vt 8.3264 2.84833 
vt 15.5123 -6.41955 
vt 8.3264 -6.41955 
vt 15.5123 2.84833 
vt 8.3264 2.84833 
vt 15.5123 2.22619 
vt 8.3264 2.22619 

usemtl Volcanopart1Mtl

f 3481/3481/3481 3482/3482/3482 3483/3483/3483 
f 3483/3483/3483 3482/3482/3482 3484/3484/3484 
f 3485/3485/3485 3486/3486/3486 3487/3487/3487 
f 3487/3487/3487 3486/3486/3486 3488/3488/3488 
f 3489/3489/3489 3490/3490/3490 3491/3491/3491 
f 3491/3491/3491 3490/3490/3490 3492/3492/3492 
f 3493/3493/3493 3494/3494/3494 3495/3495/3495 
f 3495/3495/3495 3494/3494/3494 3496/3496/3496 
f 3497/3497/3497 3498/3498/3498 3499/3499/3499 
f 3499/3499/3499 3498/3498/3498 3500/3500/3500 
f 3501/3501/3501 3502/3502/3502 3503/3503/3503 
f 3503/3503/3503 3502/3502/3502 3504/3504/3504 

g Volcanopart94

v 111.474 15.9821 -86.3788 
v 163.634 11.0326 -101.253 
v 110.921 9.90782 -86.2971 
v 163.081 4.95833 -101.171 
v 180.01 10.3165 -43.5895 
v 163.634 11.0326 -101.253 
v 127.85 15.266 -28.7153 
v 111.474 15.9821 -86.3788 
v 163.634 11.0326 -101.253 
v 180.01 10.3165 -43.5895 
v 163.081 4.95833 -101.171 
v 179.456 4.24225 -43.5078 
v 180.01 10.3165 -43.5895 
v 127.85 15.266 -28.7153 
v 179.456 4.24225 -43.5078 
v 127.297 9.19174 -28.6336 
v 127.297 9.19174 -28.6336 
v 110.921 9.90782 -86.2971 
v 179.456 4.24225 -43.5078 
v 163.081 4.95833 -101.171 
v 127.85 15.266 -28.7153 
v 111.474 15.9821 -86.3788 
v 127.297 9.19174 -28.6336 
v 110.921 9.90782 -86.2971 

vn -0.275591 0.015748 -0.96063 
vn -0.275591 0.015748 -0.96063 
vn -0.275591 0.015748 -0.96063 
vn -0.275591 0.015748 -0.96063 
vn 0.0944882 0.992126 -0.015748 
vn 0.0944882 0.992126 -0.015748 
vn 0.0944882 0.992126 -0.015748 
vn 0.0944882 0.992126 -0.015748 
vn 0.96063 -0.0944882 -0.275591 
vn 0.96063 -0.0944882 -0.275591 
vn 0.96063 -0.0944882 -0.275591 
vn 0.96063 -0.0944882 -0.275591 
vn 0.275591 -0.015748 0.96063 
vn 0.275591 -0.015748 0.96063 
vn 0.275591 -0.015748 0.96063 
vn 0.275591 -0.015748 0.96063 
vn -0.0944882 -0.992126 0.015748 
vn -0.0944882 -0.992126 0.015748 
vn -0.0944882 -0.992126 0.015748 
vn -0.0944882 -0.992126 0.015748 
vn -0.96063 0.0944882 0.275591 
vn -0.96063 0.0944882 0.275591 
vn -0.96063 0.0944882 0.275591 
vn -0.96063 0.0944882 0.275591 

vt 11.2907 2.14595 
vt 4.48262 2.14595 
vt 11.2907 1.38346 
vt 4.48262 1.38346 
vt 11.9761 2.14595 
vt 4.48262 2.14595 
vt 11.9761 -4.6621 
vt 4.48262 -4.6621 
vt 11.9761 2.14595 
vt 4.48262 2.14595 
vt 11.9761 1.38346 
vt 4.48262 1.38346 
vt 11.2907 2.14595 
vt 4.48262 2.14595 
vt 11.2907 1.38346 
vt 4.48262 1.38346 
vt 11.9761 2.14595 
vt 4.48262 2.14595 
vt 11.9761 -4.6621 
vt 4.48262 -4.6621 
vt 11.9761 2.14595 
vt 4.48262 2.14595 
vt 11.9761 1.38346 
vt 4.48262 1.38346 

usemtl Volcanopart1Mtl

f 3505/3505/3505 3506/3506/3506 3507/3507/3507 
f 3507/3507/3507 3506/3506/3506 3508/3508/3508 
f 3509/3509/3509 3510/3510/3510 3511/3511/3511 
f 3511/3511/3511 3510/3510/3510 3512/3512/3512 
f 3513/3513/3513 3514/3514/3514 3515/3515/3515 
f 3515/3515/3515 3514/3514/3514 3516/3516/3516 
f 3517/3517/3517 3518/3518/3518 3519/3519/3519 
f 3519/3519/3519 3518/3518/3518 3520/3520/3520 
f 3521/3521/3521 3522/3522/3522 3523/3523/3523 
f 3523/3523/3523 3522/3522/3522 3524/3524/3524 
f 3525/3525/3525 3526/3526/3526 3527/3527/3527 
f 3527/3527/3527 3526/3526/3526 3528/3528/3528 

g Volcanopart95

v -12.3792 10.8016 97.0826 
v -37.6369 10.404 156.089 
v -12.3307 5.35673 97.0666 
v -37.5884 4.95908 156.073 
v -96.0087 9.95742 131.1 
v -37.6369 10.404 156.089 
v -70.751 10.3551 72.0935 
v -12.3792 10.8016 97.0826 
v -37.6369 10.404 156.089 
v -96.0087 9.95742 131.1 
v -37.5884 4.95908 156.073 
v -95.9602 4.51251 131.084 
v -96.0087 9.95742 131.1 
v -70.751 10.3551 72.0935 
v -95.9602 4.51251 131.084 
v -70.7025 4.91016 72.0776 
v -70.7025 4.91016 72.0776 
v -12.3307 5.35673 97.0666 
v -95.9602 4.51251 131.084 
v -37.5884 4.95908 156.073 
v -70.751 10.3551 72.0935 
v -12.3792 10.8016 97.0826 
v -70.7025 4.91016 72.0776 
v -12.3307 5.35673 97.0666 

vn 0.92126 0.00787402 0.393701 
vn 0.92126 0.00787402 0.393701 
vn 0.92126 0.00787402 0.393701 
vn 0.92126 0.00787402 0.393701 
vn -0.00787402 1 0 
vn -0.00787402 1 0 
vn -0.00787402 1 0 
vn -0.00787402 1 0 
vn -0.393701 -0.00787402 0.92126 
vn -0.393701 -0.00787402 0.92126 
vn -0.393701 -0.00787402 0.92126 
vn -0.393701 -0.00787402 0.92126 
vn -0.92126 -0.00787402 -0.393701 
vn -0.92126 -0.00787402 -0.393701 
vn -0.92126 -0.00787402 -0.393701 
vn -0.92126 -0.00787402 -0.393701 
vn 0.00787402 -1 0 
vn 0.00787402 -1 0 
vn 0.00787402 -1 0 
vn 0.00787402 -1 0 
vn 0.393701 0.00787402 -0.92126 
vn 0.393701 0.00787402 -0.92126 
vn 0.393701 0.00787402 -0.92126 
vn 0.393701 0.00787402 -0.92126 

vt 15.6969 3.14174 
vt 7.67365 3.14174 
vt 15.6969 2.4611 
vt 7.67365 2.4611 
vt 15.6108 3.14174 
vt 7.67365 3.14174 
vt 15.6108 -4.88154 
vt 7.67365 -4.88154 
vt 15.6108 3.14174 
vt 7.67365 3.14174 
vt 15.6108 2.4611 
vt 7.67365 2.4611 
vt 15.6969 3.14174 
vt 7.67365 3.14174 
vt 15.6969 2.4611 
vt 7.67365 2.4611 
vt 15.6108 3.14174 
vt 7.67365 3.14174 
vt 15.6108 -4.88154 
vt 7.67365 -4.88154 
vt 15.6108 3.14174 
vt 7.67365 3.14174 
vt 15.6108 2.4611 
vt 7.67365 2.4611 

usemtl Volcanopart1Mtl

f 3529/3529/3529 3530/3530/3530 3531/3531/3531 
f 3531/3531/3531 3530/3530/3530 3532/3532/3532 
f 3533/3533/3533 3534/3534/3534 3535/3535/3535 
f 3535/3535/3535 3534/3534/3534 3536/3536/3536 
f 3537/3537/3537 3538/3538/3538 3539/3539/3539 
f 3539/3539/3539 3538/3538/3538 3540/3540/3540 
f 3541/3541/3541 3542/3542/3542 3543/3543/3543 
f 3543/3543/3543 3542/3542/3542 3544/3544/3544 
f 3545/3545/3545 3546/3546/3546 3547/3547/3547 
f 3547/3547/3547 3546/3546/3546 3548/3548/3548 
f 3549/3549/3549 3550/3550/3550 3551/3551/3551 
f 3551/3551/3551 3550/3550/3550 3552/3552/3552 

g Volcanopart96

v -31.3887 76.6103 -47.7952 
v -62.5137 33.3295 -96.8423 
v -29.5398 71.6216 -44.5664 
v -60.6648 28.3408 -93.6135 
v -30.4251 32.5104 -116.483 
v -62.5137 33.3295 -96.8423 
v 0.69985 75.7912 -67.4357 
v -31.3887 76.6103 -47.7952 
v -62.5137 33.3295 -96.8423 
v -30.4251 32.5104 -116.483 
v -60.6648 28.3408 -93.6135 
v -28.5762 27.5217 -113.254 
v -30.4251 32.5104 -116.483 
v 0.69985 75.7912 -67.4357 
v -28.5762 27.5217 -113.254 
v 2.54877 70.8025 -64.2069 
v 2.54877 70.8025 -64.2069 
v -29.5398 71.6216 -44.5664 
v -28.5762 27.5217 -113.254 
v -60.6648 28.3408 -93.6135 
v 0.69985 75.7912 -67.4357 
v -31.3887 76.6103 -47.7952 
v 2.54877 70.8025 -64.2069 
v -29.5398 71.6216 -44.5664 

vn -0.850394 0.023622 0.519685 
vn -0.850394 0.023622 0.519685 
vn -0.850394 0.023622 0.519685 
vn -0.850394 0.023622 0.519685 
vn -0.299213 0.80315 -0.519685 
vn -0.299213 0.80315 -0.519685 
vn -0.299213 0.80315 -0.519685 
vn -0.299213 0.80315 -0.519685 
vn -0.433071 -0.598425 -0.677165 
vn -0.433071 -0.598425 -0.677165 
vn -0.433071 -0.598425 -0.677165 
vn -0.433071 -0.598425 -0.677165 
vn 0.850394 -0.023622 -0.519685 
vn 0.850394 -0.023622 -0.519685 
vn 0.850394 -0.023622 -0.519685 
vn 0.850394 -0.023622 -0.519685 
vn 0.299213 -0.80315 0.519685 
vn 0.299213 -0.80315 0.519685 
vn 0.299213 -0.80315 0.519685 
vn 0.299213 -0.80315 0.519685 
vn 0.433071 0.598425 0.677165 
vn 0.433071 0.598425 0.677165 
vn 0.433071 0.598425 0.677165 
vn 0.433071 0.598425 0.677165 

vt 15.5653 -1.16526 
vt 6.51025 -1.16526 
vt 15.5653 -1.94318 
vt 6.51025 -1.94318 
vt 11.2141 -1.16526 
vt 6.51025 -1.16526 
vt 11.2141 -10.2203 
vt 6.51025 -10.2203 
vt 11.2141 -1.16526 
vt 6.51025 -1.16526 
vt 11.2141 -1.94318 
vt 6.51025 -1.94318 
vt 15.5653 -1.16526 
vt 6.51025 -1.16526 
vt 15.5653 -1.94318 
vt 6.51025 -1.94318 
vt 11.2141 -1.16526 
vt 6.51025 -1.16526 
vt 11.2141 -10.2203 
vt 6.51025 -10.2203 
vt 11.2141 -1.16526 
vt 6.51025 -1.16526 
vt 11.2141 -1.94318 
vt 6.51025 -1.94318 

usemtl Volcanopart1Mtl

f 3553/3553/3553 3554/3554/3554 3555/3555/3555 
f 3555/3555/3555 3554/3554/3554 3556/3556/3556 
f 3557/3557/3557 3558/3558/3558 3559/3559/3559 
f 3559/3559/3559 3558/3558/3558 3560/3560/3560 
f 3561/3561/3561 3562/3562/3562 3563/3563/3563 
f 3563/3563/3563 3562/3562/3562 3564/3564/3564 
f 3565/3565/3565 3566/3566/3566 3567/3567/3567 
f 3567/3567/3567 3566/3566/3566 3568/3568/3568 
f 3569/3569/3569 3570/3570/3570 3571/3571/3571 
f 3571/3571/3571 3570/3570/3570 3572/3572/3572 
f 3573/3573/3573 3574/3574/3574 3575/3575/3575 
f 3575/3575/3575 3574/3574/3574 3576/3576/3576 

g Volcanopart97

v 110.166 16.0659 -92.4738 
v 159.639 11.2552 -109.411 
v 109.531 9.17872 -92.3701 
v 159.005 4.36797 -109.307 
v 178.962 10.3301 -52.7068 
v 159.639 11.2552 -109.411 
v 129.488 15.1408 -35.7694 
v 110.166 16.0659 -92.4738 
v 159.639 11.2552 -109.411 
v 178.962 10.3301 -52.7068 
v 159.005 4.36797 -109.307 
v 178.328 3.44285 -52.6031 
v 178.962 10.3301 -52.7068 
v 129.488 15.1408 -35.7694 
v 178.328 3.44285 -52.6031 
v 128.854 8.2536 -35.6657 
v 128.854 8.2536 -35.6657 
v 109.531 9.17872 -92.3701 
v 178.328 3.44285 -52.6031 
v 159.005 4.36797 -109.307 
v 129.488 15.1408 -35.7694 
v 110.166 16.0659 -92.4738 
v 128.854 8.2536 -35.6657 
v 109.531 9.17872 -92.3701 

vn -0.322835 0.015748 -0.944882 
vn -0.322835 0.015748 -0.944882 
vn -0.322835 0.015748 -0.944882 
vn -0.322835 0.015748 -0.944882 
vn 0.0944882 0.992126 -0.015748 
vn 0.0944882 0.992126 -0.015748 
vn 0.0944882 0.992126 -0.015748 
vn 0.0944882 0.992126 -0.015748 
vn 0.944882 -0.0944882 -0.322835 
vn 0.944882 -0.0944882 -0.322835 
vn 0.944882 -0.0944882 -0.322835 
vn 0.944882 -0.0944882 -0.322835 
vn 0.322835 -0.015748 0.944882 
vn 0.322835 -0.015748 0.944882 
vn 0.322835 -0.015748 0.944882 
vn 0.322835 -0.015748 0.944882 
vn -0.0944882 -0.992126 0.015748 
vn -0.0944882 -0.992126 0.015748 
vn -0.0944882 -0.992126 0.015748 
vn -0.0944882 -0.992126 0.015748 
vn -0.944882 0.0944882 0.322835 
vn -0.944882 0.0944882 0.322835 
vn -0.944882 0.0944882 0.322835 
vn -0.944882 0.0944882 0.322835 

vt 12.5566 -4.19213 
vt 5.99244 -4.19213 
vt 12.5566 -5.05678 
vt 5.99244 -5.05678 
vt 13.4816 -4.19213 
vt 5.99244 -4.19213 
vt 13.4816 -10.7563 
vt 5.99244 -10.7563 
vt 13.4816 -4.19213 
vt 5.99244 -4.19213 
vt 13.4816 -5.05678 
vt 5.99244 -5.05678 
vt 12.5566 -4.19213 
vt 5.99244 -4.19213 
vt 12.5566 -5.05678 
vt 5.99244 -5.05678 
vt 13.4816 -4.19213 
vt 5.99244 -4.19213 
vt 13.4816 -10.7563 
vt 5.99244 -10.7563 
vt 13.4816 -4.19213 
vt 5.99244 -4.19213 
vt 13.4816 -5.05678 
vt 5.99244 -5.05678 

usemtl Volcanopart1Mtl

f 3577/3577/3577 3578/3578/3578 3579/3579/3579 
f 3579/3579/3579 3578/3578/3578 3580/3580/3580 
f 3581/3581/3581 3582/3582/3582 3583/3583/3583 
f 3583/3583/3583 3582/3582/3582 3584/3584/3584 
f 3585/3585/3585 3586/3586/3586 3587/3587/3587 
f 3587/3587/3587 3586/3586/3586 3588/3588/3588 
f 3589/3589/3589 3590/3590/3590 3591/3591/3591 
f 3591/3591/3591 3590/3590/3590 3592/3592/3592 
f 3593/3593/3593 3594/3594/3594 3595/3595/3595 
f 3595/3595/3595 3594/3594/3594 3596/3596/3596 
f 3597/3597/3597 3598/3598/3598 3599/3599/3599 
f 3599/3599/3599 3598/3598/3598 3600/3600/3600 

g Volcanopart98

v 15.0346 80.2507 -61.5094 
v 51.1778 36.6038 -100.238 
v 13.2694 76.5193 -58.9515 
v 49.4125 32.8724 -97.68 
v 78.5842 39.1806 -77.5651 
v 51.1778 36.6038 -100.238 
v 42.4411 82.8275 -38.8366 
v 15.0346 80.2507 -61.5094 
v 51.1778 36.6038 -100.238 
v 78.5842 39.1806 -77.5651 
v 49.4125 32.8724 -97.68 
v 76.8189 35.4492 -75.0072 
v 78.5842 39.1806 -77.5651 
v 42.4411 82.8275 -38.8366 
v 76.8189 35.4492 -75.0072 
v 40.6758 79.0961 -36.2787 
v 40.6758 79.0961 -36.2787 
v 13.2694 76.5193 -58.9515 
v 76.8189 35.4492 -75.0072 
v 49.4125 32.8724 -97.68 
v 42.4411 82.8275 -38.8366 
v 15.0346 80.2507 -61.5094 
v 40.6758 79.0961 -36.2787 
v 13.2694 76.5193 -58.9515 

vn -0.771654 -0.0708661 -0.637795 
vn -0.771654 -0.0708661 -0.637795 
vn -0.771654 -0.0708661 -0.637795 
vn -0.771654 -0.0708661 -0.637795 
vn 0.362205 0.771654 -0.527559 
vn 0.362205 0.771654 -0.527559 
vn 0.362205 0.771654 -0.527559 
vn 0.362205 0.771654 -0.527559 
vn 0.527559 -0.637795 -0.566929 
vn 0.527559 -0.637795 -0.566929 
vn 0.527559 -0.637795 -0.566929 
vn 0.527559 -0.637795 -0.566929 
vn 0.771654 0.0708661 0.637795 
vn 0.771654 0.0708661 0.637795 
vn 0.771654 0.0708661 0.637795 
vn 0.771654 0.0708661 0.637795 
vn -0.362205 -0.771654 0.527559 
vn -0.362205 -0.771654 0.527559 
vn -0.362205 -0.771654 0.527559 
vn -0.362205 -0.771654 0.527559 
vn -0.527559 0.637795 0.566929 
vn -0.527559 0.637795 0.566929 
vn -0.527559 0.637795 0.566929 
vn -0.527559 0.637795 0.566929 

vt 6.18374 -1.82593 
vt -2.3961 -1.82593 
vt 6.18374 -2.43295 
vt -2.3961 -2.43295 
vt 2.0617 -1.82593 
vt -2.3961 -1.82593 
vt 2.0617 -10.4058 
vt -2.3961 -10.4058 
vt 2.0617 -1.82593 
vt -2.3961 -1.82593 
vt 2.0617 -2.43295 
vt -2.3961 -2.43295 
vt 6.18374 -1.82593 
vt -2.3961 -1.82593 
vt 6.18374 -2.43295 
vt -2.3961 -2.43295 
vt 2.0617 -1.82593 
vt -2.3961 -1.82593 
vt 2.0617 -10.4058 
vt -2.3961 -10.4058 
vt 2.0617 -1.82593 
vt -2.3961 -1.82593 
vt 2.0617 -2.43295 
vt -2.3961 -2.43295 

usemtl Volcanopart1Mtl

f 3601/3601/3601 3602/3602/3602 3603/3603/3603 
f 3603/3603/3603 3602/3602/3602 3604/3604/3604 
f 3605/3605/3605 3606/3606/3606 3607/3607/3607 
f 3607/3607/3607 3606/3606/3606 3608/3608/3608 
f 3609/3609/3609 3610/3610/3610 3611/3611/3611 
f 3611/3611/3611 3610/3610/3610 3612/3612/3612 
f 3613/3613/3613 3614/3614/3614 3615/3615/3615 
f 3615/3615/3615 3614/3614/3614 3616/3616/3616 
f 3617/3617/3617 3618/3618/3618 3619/3619/3619 
f 3619/3619/3619 3618/3618/3618 3620/3620/3620 
f 3621/3621/3621 3622/3622/3622 3623/3623/3623 
f 3623/3623/3623 3622/3622/3622 3624/3624/3624 

g Volcanopart99

v -5.24874 32.3455 57.7186 
v -34.4229 13.0182 118.401 
v -4.66419 27.2537 56.3779 
v -33.8383 7.92642 117.06 
v -81.726 13.5327 95.8225 
v -34.4229 13.0182 118.401 
v -52.5518 32.8599 35.1405 
v -5.24874 32.3455 57.7186 
v -34.4229 13.0182 118.401 
v -81.726 13.5327 95.8225 
v -33.8383 7.92642 117.06 
v -81.1414 8.44088 94.4818 
v -81.726 13.5327 95.8225 
v -52.5518 32.8599 35.1405 
v -81.1414 8.44088 94.4818 
v -51.9673 27.7681 33.7998 
v -51.9673 27.7681 33.7998 
v -4.66419 27.2537 56.3779 
v -81.1414 8.44088 94.4818 
v -33.8383 7.92642 117.06 
v -52.5518 32.8599 35.1405 
v -5.24874 32.3455 57.7186 
v -51.9673 27.7681 33.7998 
v -4.66419 27.2537 56.3779 

vn 0.905512 -0.00787402 0.433071 
vn 0.905512 -0.00787402 0.433071 
vn 0.905512 -0.00787402 0.433071 
vn 0.905512 -0.00787402 0.433071 
vn -0.110236 0.96063 0.251969 
vn -0.110236 0.96063 0.251969 
vn -0.110236 0.96063 0.251969 
vn -0.110236 0.96063 0.251969 
vn -0.417323 -0.275591 0.866142 
vn -0.417323 -0.275591 0.866142 
vn -0.417323 -0.275591 0.866142 
vn -0.417323 -0.275591 0.866142 
vn -0.905512 0.00787402 -0.433071 
vn -0.905512 0.00787402 -0.433071 
vn -0.905512 0.00787402 -0.433071 
vn -0.905512 0.00787402 -0.433071 
vn 0.110236 -0.96063 -0.251969 
vn 0.110236 -0.96063 -0.251969 
vn 0.110236 -0.96063 -0.251969 
vn 0.110236 -0.96063 -0.251969 
vn 0.417323 0.275591 -0.866142 
vn 0.417323 0.275591 -0.866142 
vn 0.417323 0.275591 -0.866142 
vn 0.417323 0.275591 -0.866142 

vt 6.6039 3.85009 
vt -2.15233 3.85009 
vt 6.6039 3.18788 
vt -2.15233 3.18788 
vt 4.39988 3.85009 
vt -2.15233 3.85009 
vt 4.39988 -4.90614 
vt -2.15233 -4.90614 
vt 4.39988 3.85009 
vt -2.15233 3.85009 
vt 4.39988 3.18788 
vt -2.15233 3.18788 
vt 6.6039 3.85009 
vt -2.15233 3.85009 
vt 6.6039 3.18788 
vt -2.15233 3.18788 
vt 4.39988 3.85009 
vt -2.15233 3.85009 
vt 4.39988 -4.90614 
vt -2.15233 -4.90614 
vt 4.39988 3.85009 
vt -2.15233 3.85009 
vt 4.39988 3.18788 
vt -2.15233 3.18788 

usemtl Volcanopart1Mtl

f 3625/3625/3625 3626/3626/3626 3627/3627/3627 
f 3627/3627/3627 3626/3626/3626 3628/3628/3628 
f 3629/3629/3629 3630/3630/3630 3631/3631/3631 
f 3631/3631/3631 3630/3630/3630 3632/3632/3632 
f 3633/3633/3633 3634/3634/3634 3635/3635/3635 
f 3635/3635/3635 3634/3634/3634 3636/3636/3636 
f 3637/3637/3637 3638/3638/3638 3639/3639/3639 
f 3639/3639/3639 3638/3638/3638 3640/3640/3640 
f 3641/3641/3641 3642/3642/3642 3643/3643/3643 
f 3643/3643/3643 3642/3642/3642 3644/3644/3644 
f 3645/3645/3645 3646/3646/3646 3647/3647/3647 
f 3647/3647/3647 3646/3646/3646 3648/3648/3648 

g Volcanopart100

v -56.9765 18.896 36.7706 
v -132.438 8.81471 72.159 
v -56.2187 11.7563 36.3527 
v -131.681 1.67504 71.7411 
v -157.464 9.2741 18.9263 
v -132.438 8.81471 72.159 
v -82.0018 19.3554 -16.4621 
v -56.9765 18.896 36.7706 
v -132.438 8.81471 72.159 
v -157.464 9.2741 18.9263 
v -131.681 1.67504 71.7411 
v -156.706 2.13443 18.5084 
v -157.464 9.2741 18.9263 
v -82.0018 19.3554 -16.4621 
v -156.706 2.13443 18.5084 
v -81.2439 12.2157 -16.88 
v -81.2439 12.2157 -16.88 
v -56.2187 11.7563 36.3527 
v -156.706 2.13443 18.5084 
v -131.681 1.67504 71.7411 
v -82.0018 19.3554 -16.4621 
v -56.9765 18.896 36.7706 
v -81.2439 12.2157 -16.88 
v -56.2187 11.7563 36.3527 

vn 0.425197 -0.00787402 0.905512 
vn 0.425197 -0.00787402 0.905512 
vn 0.425197 -0.00787402 0.905512 
vn 0.425197 -0.00787402 0.905512 
vn -0.102362 0.992126 0.0551181 
vn -0.102362 0.992126 0.0551181 
vn -0.102362 0.992126 0.0551181 
vn -0.102362 0.992126 0.0551181 
vn -0.897638 -0.11811 0.425197 
vn -0.897638 -0.11811 0.425197 
vn -0.897638 -0.11811 0.425197 
vn -0.897638 -0.11811 0.425197 
vn -0.425197 0.00787402 -0.905512 
vn -0.425197 0.00787402 -0.905512 
vn -0.425197 0.00787402 -0.905512 
vn -0.425197 0.00787402 -0.905512 
vn 0.102362 -0.992126 -0.0551181 
vn 0.102362 -0.992126 -0.0551181 
vn 0.102362 -0.992126 -0.0551181 
vn 0.102362 -0.992126 -0.0551181 
vn 0.897638 0.11811 -0.425197 
vn 0.897638 0.11811 -0.425197 
vn 0.897638 0.11811 -0.425197 
vn 0.897638 0.11811 -0.425197 

vt 8.15194 -5.64962 
vt -2.34247 -5.64962 
vt 8.15194 -6.54861 
vt -2.34247 -6.54861 
vt 5.01047 -5.64962 
vt -2.34247 -5.64962 
vt 5.01047 -16.144 
vt -2.34247 -16.144 
vt 5.01047 -5.64962 
vt -2.34247 -5.64962 
vt 5.01047 -6.54861 
vt -2.34247 -6.54861 
vt 8.15194 -5.64962 
vt -2.34247 -5.64962 
vt 8.15194 -6.54861 
vt -2.34247 -6.54861 
vt 5.01047 -5.64962 
vt -2.34247 -5.64962 
vt 5.01047 -16.144 
vt -2.34247 -16.144 
vt 5.01047 -5.64962 
vt -2.34247 -5.64962 
vt 5.01047 -6.54861 
vt -2.34247 -6.54861 

usemtl Volcanopart1Mtl

f 3649/3649/3649 3650/3650/3650 3651/3651/3651 
f 3651/3651/3651 3650/3650/3650 3652/3652/3652 
f 3653/3653/3653 3654/3654/3654 3655/3655/3655 
f 3655/3655/3655 3654/3654/3654 3656/3656/3656 
f 3657/3657/3657 3658/3658/3658 3659/3659/3659 
f 3659/3659/3659 3658/3658/3658 3660/3660/3660 
f 3661/3661/3661 3662/3662/3662 3663/3663/3663 
f 3663/3663/3663 3662/3662/3662 3664/3664/3664 
f 3665/3665/3665 3666/3666/3666 3667/3667/3667 
f 3667/3667/3667 3666/3666/3666 3668/3668/3668 
f 3669/3669/3669 3670/3670/3670 3671/3671/3671 
f 3671/3671/3671 3670/3670/3670 3672/3672/3672 

g Volcanopart101

v 27.4167 62.1662 -78.8928 
v 61.1024 31.3913 -115.474 
v 24.7568 56.3433 -76.4435 
v 58.4424 25.5685 -113.024 
v 90.6955 29.8729 -86.9453 
v 61.1024 31.3913 -115.474 
v 57.0098 60.6477 -50.3644 
v 27.4167 62.1662 -78.8928 
v 61.1024 31.3913 -115.474 
v 90.6955 29.8729 -86.9453 
v 58.4424 25.5685 -113.024 
v 88.0356 24.05 -84.4961 
v 90.6955 29.8729 -86.9453 
v 57.0098 60.6477 -50.3644 
v 88.0356 24.05 -84.4961 
v 54.3499 54.8248 -47.9151 
v 54.3499 54.8248 -47.9151 
v 24.7568 56.3433 -76.4435 
v 88.0356 24.05 -84.4961 
v 58.4424 25.5685 -113.024 
v 57.0098 60.6477 -50.3644 
v 27.4167 62.1662 -78.8928 
v 54.3499 54.8248 -47.9151 
v 24.7568 56.3433 -76.4435 

vn -0.716535 0.0393701 -0.692913 
vn -0.716535 0.0393701 -0.692913 
vn -0.716535 0.0393701 -0.692913 
vn -0.716535 0.0393701 -0.692913 
vn 0.385827 0.850394 -0.354331 
vn 0.385827 0.850394 -0.354331 
vn 0.385827 0.850394 -0.354331 
vn 0.385827 0.850394 -0.354331 
vn 0.574803 -0.527559 -0.622047 
vn 0.574803 -0.527559 -0.622047 
vn 0.574803 -0.527559 -0.622047 
vn 0.574803 -0.527559 -0.622047 
vn 0.716535 -0.0393701 0.692913 
vn 0.716535 -0.0393701 0.692913 
vn 0.716535 -0.0393701 0.692913 
vn 0.716535 -0.0393701 0.692913 
vn -0.385827 -0.850394 0.354331 
vn -0.385827 -0.850394 0.354331 
vn -0.385827 -0.850394 0.354331 
vn -0.385827 -0.850394 0.354331 
vn -0.574803 0.527559 0.622047 
vn -0.574803 0.527559 0.622047 
vn -0.574803 0.527559 0.622047 
vn -0.574803 0.527559 0.622047 

vt 10.0664 -0.982298 
vt 2.75631 -0.982298 
vt 10.0664 -1.83907 
vt 2.75631 -1.83907 
vt 7.89794 -0.982298 
vt 2.75631 -0.982298 
vt 7.89794 -8.29237 
vt 2.75631 -8.29237 
vt 7.89794 -0.982298 
vt 2.75631 -0.982298 
vt 7.89794 -1.83907 
vt 2.75631 -1.83907 
vt 10.0664 -0.982298 
vt 2.75631 -0.982298 
vt 10.0664 -1.83907 
vt 2.75631 -1.83907 
vt 7.89794 -0.982298 
vt 2.75631 -0.982298 
vt 7.89794 -8.29237 
vt 2.75631 -8.29237 
vt 7.89794 -0.982298 
vt 2.75631 -0.982298 
vt 7.89794 -1.83907 
vt 2.75631 -1.83907 

usemtl Volcanopart1Mtl

f 3673/3673/3673 3674/3674/3674 3675/3675/3675 
f 3675/3675/3675 3674/3674/3674 3676/3676/3676 
f 3677/3677/3677 3678/3678/3678 3679/3679/3679 
f 3679/3679/3679 3678/3678/3678 3680/3680/3680 
f 3681/3681/3681 3682/3682/3682 3683/3683/3683 
f 3683/3683/3683 3682/3682/3682 3684/3684/3684 
f 3685/3685/3685 3686/3686/3686 3687/3687/3687 
f 3687/3687/3687 3686/3686/3686 3688/3688/3688 
f 3689/3689/3689 3690/3690/3690 3691/3691/3691 
f 3691/3691/3691 3690/3690/3690 3692/3692/3692 
f 3693/3693/3693 3694/3694/3694 3695/3695/3695 
f 3695/3695/3695 3694/3694/3694 3696/3696/3696 

g Volcanopart102

v -24.3214 83.2775 -3.51796 
v -68.2783 43.3497 2.42935 
v -19.3628 77.68 -4.44775 
v -63.3196 37.7522 1.49955 
v -73.5972 44.2093 -31.1121 
v -68.2783 43.3497 2.42935 
v -29.6404 84.1371 -37.0594 
v -24.3214 83.2775 -3.51796 
v -68.2783 43.3497 2.42935 
v -73.5972 44.2093 -31.1121 
v -63.3196 37.7522 1.49955 
v -68.6386 38.6118 -32.0419 
v -73.5972 44.2093 -31.1121 
v -29.6404 84.1371 -37.0594 
v -68.6386 38.6118 -32.0419 
v -24.6818 78.5396 -37.9892 
v -24.6818 78.5396 -37.9892 
v -19.3628 77.68 -4.44775 
v -68.6386 38.6118 -32.0419 
v -63.3196 37.7522 1.49955 
v -29.6404 84.1371 -37.0594 
v -24.3214 83.2775 -3.51796 
v -24.6818 78.5396 -37.9892 
v -19.3628 77.68 -4.44775 

vn 0.15748 -0.023622 0.984252 
vn 0.15748 -0.023622 0.984252 
vn 0.15748 -0.023622 0.984252 
vn 0.15748 -0.023622 0.984252 
vn -0.661417 0.740157 0.125984 
vn -0.661417 0.740157 0.125984 
vn -0.661417 0.740157 0.125984 
vn -0.661417 0.740157 0.125984 
vn -0.740157 -0.669291 0.102362 
vn -0.740157 -0.669291 0.102362 
vn -0.740157 -0.669291 0.102362 
vn -0.740157 -0.669291 0.102362 
vn -0.15748 0.023622 -0.984252 
vn -0.15748 0.023622 -0.984252 
vn -0.15748 0.023622 -0.984252 
vn -0.15748 0.023622 -0.984252 
vn 0.661417 -0.740157 -0.125984 
vn 0.661417 -0.740157 -0.125984 
vn 0.661417 -0.740157 -0.125984 
vn 0.661417 -0.740157 -0.125984 
vn 0.740157 0.669291 -0.102362 
vn 0.740157 0.669291 -0.102362 
vn 0.740157 0.669291 -0.102362 
vn 0.740157 0.669291 -0.102362 

vt 3.98716 2.56616 
vt -3.47294 2.56616 
vt 3.98716 1.62421 
vt -3.47294 1.62421 
vt 0.773485 2.56616 
vt -3.47294 2.56616 
vt 0.773485 -4.89394 
vt -3.47294 -4.89394 
vt 0.773485 2.56616 
vt -3.47294 2.56616 
vt 0.773485 1.62421 
vt -3.47294 1.62421 
vt 3.98716 2.56616 
vt -3.47294 2.56616 
vt 3.98716 1.62421 
vt -3.47294 1.62421 
vt 0.773485 2.56616 
vt -3.47294 2.56616 
vt 0.773485 -4.89394 
vt -3.47294 -4.89394 
vt 0.773485 2.56616 
vt -3.47294 2.56616 
vt 0.773485 1.62421 
vt -3.47294 1.62421 

usemtl Volcanopart1Mtl

f 3697/3697/3697 3698/3698/3698 3699/3699/3699 
f 3699/3699/3699 3698/3698/3698 3700/3700/3700 
f 3701/3701/3701 3702/3702/3702 3703/3703/3703 
f 3703/3703/3703 3702/3702/3702 3704/3704/3704 
f 3705/3705/3705 3706/3706/3706 3707/3707/3707 
f 3707/3707/3707 3706/3706/3706 3708/3708/3708 
f 3709/3709/3709 3710/3710/3710 3711/3711/3711 
f 3711/3711/3711 3710/3710/3710 3712/3712/3712 
f 3713/3713/3713 3714/3714/3714 3715/3715/3715 
f 3715/3715/3715 3714/3714/3714 3716/3716/3716 
f 3717/3717/3717 3718/3718/3718 3719/3719/3719 
f 3719/3719/3719 3718/3718/3718 3720/3720/3720 

g Volcanopart103

v -51.3687 54.0388 -53.1618 
v -90.6414 23.8851 -95.1441 
v -48.625 46.7969 -50.527 
v -87.8977 16.6432 -92.5093 
v -58.8557 24.8559 -125.576 
v -90.6414 23.8851 -95.1441 
v -19.583 55.0096 -83.5933 
v -51.3687 54.0388 -53.1618 
v -90.6414 23.8851 -95.1441 
v -58.8557 24.8559 -125.576 
v -87.8977 16.6432 -92.5093 
v -56.112 17.614 -122.941 
v -58.8557 24.8559 -125.576 
v -19.583 55.0096 -83.5933 
v -56.112 17.614 -122.941 
v -16.8393 47.7677 -80.9585 
v -16.8393 47.7677 -80.9585 
v -48.625 46.7969 -50.527 
v -56.112 17.614 -122.941 
v -87.8977 16.6432 -92.5093 
v -19.583 55.0096 -83.5933 
v -51.3687 54.0388 -53.1618 
v -16.8393 47.7677 -80.9585 
v -48.625 46.7969 -50.527 

vn -0.724409 -0.023622 0.692913 
vn -0.724409 -0.023622 0.692913 
vn -0.724409 -0.023622 0.692913 
vn -0.724409 -0.023622 0.692913 
vn -0.338583 0.88189 -0.322835 
vn -0.338583 0.88189 -0.322835 
vn -0.338583 0.88189 -0.322835 
vn -0.338583 0.88189 -0.322835 
vn -0.606299 -0.464567 -0.645669 
vn -0.606299 -0.464567 -0.645669 
vn -0.606299 -0.464567 -0.645669 
vn -0.606299 -0.464567 -0.645669 
vn 0.724409 0.023622 -0.692913 
vn 0.724409 0.023622 -0.692913 
vn 0.724409 0.023622 -0.692913 
vn 0.724409 0.023622 -0.692913 
vn 0.338583 -0.88189 0.322835 
vn 0.338583 -0.88189 0.322835 
vn 0.338583 -0.88189 0.322835 
vn 0.338583 -0.88189 0.322835 
vn 0.606299 0.464567 0.645669 
vn 0.606299 0.464567 0.645669 
vn 0.606299 0.464567 0.645669 
vn 0.606299 0.464567 0.645669 

vt 1.57388 5.1939 
vt -6.54064 5.1939 
vt 1.57388 4.17138 
vt -6.54064 4.17138 
vt -1.03873 5.1939 
vt -6.54064 5.1939 
vt -1.03873 -2.92062 
vt -6.54064 -2.92062 
vt -1.03873 5.1939 
vt -6.54064 5.1939 
vt -1.03873 4.17138 
vt -6.54064 4.17138 
vt 1.57388 5.1939 
vt -6.54064 5.1939 
vt 1.57388 4.17138 
vt -6.54064 4.17138 
vt -1.03873 5.1939 
vt -6.54064 5.1939 
vt -1.03873 -2.92062 
vt -6.54064 -2.92062 
vt -1.03873 5.1939 
vt -6.54064 5.1939 
vt -1.03873 4.17138 
vt -6.54064 4.17138 

usemtl Volcanopart1Mtl

f 3721/3721/3721 3722/3722/3722 3723/3723/3723 
f 3723/3723/3723 3722/3722/3722 3724/3724/3724 
f 3725/3725/3725 3726/3726/3726 3727/3727/3727 
f 3727/3727/3727 3726/3726/3726 3728/3728/3728 
f 3729/3729/3729 3730/3730/3730 3731/3731/3731 
f 3731/3731/3731 3730/3730/3730 3732/3732/3732 
f 3733/3733/3733 3734/3734/3734 3735/3735/3735 
f 3735/3735/3735 3734/3734/3734 3736/3736/3736 
f 3737/3737/3737 3738/3738/3738 3739/3739/3739 
f 3739/3739/3739 3738/3738/3738 3740/3740/3740 
f 3741/3741/3741 3742/3742/3742 3743/3743/3743 
f 3743/3743/3743 3742/3742/3742 3744/3744/3744 

g Volcanopart104

v 66.4459 57.4714 -31.903 
v 111.932 29.5098 -21.0588 
v 63.1386 51.8919 -32.4171 
v 108.624 23.9303 -21.5729 
v 103.093 30.9828 19.812 
v 111.932 29.5098 -21.0588 
v 57.6076 58.9444 8.96782 
v 66.4459 57.4714 -31.903 
v 111.932 29.5098 -21.0588 
v 103.093 30.9828 19.812 
v 108.624 23.9303 -21.5729 
v 99.7861 25.4033 19.2979 
v 103.093 30.9828 19.812 
v 57.6076 58.9444 8.96782 
v 99.7861 25.4033 19.2979 
v 54.3002 53.3649 8.4537 
v 54.3002 53.3649 8.4537 
v 63.1386 51.8919 -32.4171 
v 99.7861 25.4033 19.2979 
v 108.624 23.9303 -21.5729 
v 57.6076 58.9444 8.96782 
v 66.4459 57.4714 -31.903 
v 54.3002 53.3649 8.4537 
v 63.1386 51.8919 -32.4171 

vn 0.212598 -0.0314961 -0.976378 
vn 0.212598 -0.0314961 -0.976378 
vn 0.212598 -0.0314961 -0.976378 
vn 0.212598 -0.0314961 -0.976378 
vn 0.511811 0.858268 0.0787402 
vn 0.511811 0.858268 0.0787402 
vn 0.511811 0.858268 0.0787402 
vn 0.511811 0.858268 0.0787402 
vn 0.834646 -0.511811 0.19685 
vn 0.834646 -0.511811 0.19685 
vn 0.834646 -0.511811 0.19685 
vn 0.834646 -0.511811 0.19685 
vn -0.212598 0.0314961 0.976378 
vn -0.212598 0.0314961 0.976378 
vn -0.212598 0.0314961 0.976378 
vn -0.212598 0.0314961 0.976378 
vn -0.511811 -0.858268 -0.0787402 
vn -0.511811 -0.858268 -0.0787402 
vn -0.511811 -0.858268 -0.0787402 
vn -0.511811 -0.858268 -0.0787402 
vn -0.834646 0.511811 -0.19685 
vn -0.834646 0.511811 -0.19685 
vn -0.834646 0.511811 -0.19685 
vn -0.834646 0.511811 -0.19685 

vt 1.00751 3.81612 
vt -5.80289 3.81612 
vt 1.00751 3.00281 
vt -5.80289 3.00281 
vt -0.572704 3.81612 
vt -5.80289 3.81612 
vt -0.572704 -2.99428 
vt -5.80289 -2.99428 
vt -0.572704 3.81612 
vt -5.80289 3.81612 
vt -0.572704 3.00281 
vt -5.80289 3.00281 
vt 1.00751 3.81612 
vt -5.80289 3.81612 
vt 1.00751 3.00281 
vt -5.80289 3.00281 
vt -0.572704 3.81612 
vt -5.80289 3.81612 
vt -0.572704 -2.99428 
vt -5.80289 -2.99428 
vt -0.572704 3.81612 
vt -5.80289 3.81612 
vt -0.572704 3.00281 
vt -5.80289 3.00281 

usemtl Volcanopart1Mtl

f 3745/3745/3745 3746/3746/3746 3747/3747/3747 
f 3747/3747/3747 3746/3746/3746 3748/3748/3748 
f 3749/3749/3749 3750/3750/3750 3751/3751/3751 
f 3751/3751/3751 3750/3750/3750 3752/3752/3752 
f 3753/3753/3753 3754/3754/3754 3755/3755/3755 
f 3755/3755/3755 3754/3754/3754 3756/3756/3756 
f 3757/3757/3757 3758/3758/3758 3759/3759/3759 
f 3759/3759/3759 3758/3758/3758 3760/3760/3760 
f 3761/3761/3761 3762/3762/3762 3763/3763/3763 
f 3763/3763/3763 3762/3762/3762 3764/3764/3764 
f 3765/3765/3765 3766/3766/3766 3767/3767/3767 
f 3767/3767/3767 3766/3766/3766 3768/3768/3768 

g Volcanopart105

v 94.1839 10.8609 62.3314 
v 126.376 10.3583 116.469 
v 94.19 5.34531 62.2766 
v 126.382 4.84277 116.414 
v 71.865 9.97568 148.88 
v 126.376 10.3583 116.469 
v 39.6729 10.4782 94.742 
v 94.1839 10.8609 62.3314 
v 126.376 10.3583 116.469 
v 71.865 9.97568 148.88 
v 126.382 4.84277 116.414 
v 71.8711 4.46013 148.825 
v 71.865 9.97568 148.88 
v 39.6729 10.4782 94.742 
v 71.8711 4.46013 148.825 
v 39.679 4.96268 94.6871 
v 39.679 4.96268 94.6871 
v 94.19 5.34531 62.2766 
v 71.8711 4.46013 148.825 
v 126.382 4.84277 116.414 
v 39.6729 10.4782 94.742 
v 94.1839 10.8609 62.3314 
v 39.679 4.96268 94.6871 
v 94.19 5.34531 62.2766 

vn 0.858268 0.00787402 -0.511811 
vn 0.858268 0.00787402 -0.511811 
vn 0.858268 0.00787402 -0.511811 
vn 0.858268 0.00787402 -0.511811 
vn 0 1 0.00787402 
vn 0 1 0.00787402 
vn 0 1 0.00787402 
vn 0 1 0.00787402 
vn 0.511811 -0.00787402 0.858268 
vn 0.511811 -0.00787402 0.858268 
vn 0.511811 -0.00787402 0.858268 
vn 0.511811 -0.00787402 0.858268 
vn -0.858268 -0.00787402 0.511811 
vn -0.858268 -0.00787402 0.511811 
vn -0.858268 -0.00787402 0.511811 
vn -0.858268 -0.00787402 0.511811 
vn 0 -1 -0.00787402 
vn 0 -1 -0.00787402 
vn 0 -1 -0.00787402 
vn 0 -1 -0.00787402 
vn -0.511811 0.00787402 -0.858268 
vn -0.511811 0.00787402 -0.858268 
vn -0.511811 0.00787402 -0.858268 
vn -0.511811 0.00787402 -0.858268 

vt 5.6889 3.5181 
vt -2.18458 3.5181 
vt 5.6889 2.82862 
vt -2.18458 2.82862 
vt 5.74286 3.5181 
vt -2.18458 3.5181 
vt 5.74286 -4.35538 
vt -2.18458 -4.35538 
vt 5.74286 3.5181 
vt -2.18458 3.5181 
vt 5.74286 2.82862 
vt -2.18458 2.82862 
vt 5.6889 3.5181 
vt -2.18458 3.5181 
vt 5.6889 2.82862 
vt -2.18458 2.82862 
vt 5.74286 3.5181 
vt -2.18458 3.5181 
vt 5.74286 -4.35538 
vt -2.18458 -4.35538 
vt 5.74286 3.5181 
vt -2.18458 3.5181 
vt 5.74286 2.82862 
vt -2.18458 2.82862 

usemtl Volcanopart1Mtl

f 3769/3769/3769 3770/3770/3770 3771/3771/3771 
f 3771/3771/3771 3770/3770/3770 3772/3772/3772 
f 3773/3773/3773 3774/3774/3774 3775/3775/3775 
f 3775/3775/3775 3774/3774/3774 3776/3776/3776 
f 3777/3777/3777 3778/3778/3778 3779/3779/3779 
f 3779/3779/3779 3778/3778/3778 3780/3780/3780 
f 3781/3781/3781 3782/3782/3782 3783/3783/3783 
f 3783/3783/3783 3782/3782/3782 3784/3784/3784 
f 3785/3785/3785 3786/3786/3786 3787/3787/3787 
f 3787/3787/3787 3786/3786/3786 3788/3788/3788 
f 3789/3789/3789 3790/3790/3790 3791/3791/3791 
f 3791/3791/3791 3790/3790/3790 3792/3792/3792 

g Volcanopart106

v 74.2896 49.4873 -8.58278 
v 117.379 24.1787 18.1868 
v 71.1182 42.1734 -10.3925 
v 114.208 16.8648 16.377 
v 93.9433 24.8499 56.5447 
v 117.379 24.1787 18.1868 
v 50.8538 50.1585 29.7752 
v 74.2896 49.4873 -8.58278 
v 117.379 24.1787 18.1868 
v 93.9433 24.8499 56.5447 
v 114.208 16.8648 16.377 
v 90.7718 17.536 54.735 
v 93.9433 24.8499 56.5447 
v 50.8538 50.1585 29.7752 
v 90.7718 17.536 54.735 
v 47.6823 42.8446 27.9654 
v 47.6823 42.8446 27.9654 
v 71.1182 42.1734 -10.3925 
v 90.7718 17.536 54.735 
v 114.208 16.8648 16.377 
v 50.8538 50.1585 29.7752 
v 74.2896 49.4873 -8.58278 
v 47.6823 42.8446 27.9654 
v 71.1182 42.1734 -10.3925 

vn 0.519685 -0.015748 -0.850394 
vn 0.519685 -0.015748 -0.850394 
vn 0.519685 -0.015748 -0.850394 
vn 0.519685 -0.015748 -0.850394 
vn 0.385827 0.897638 0.220472 
vn 0.385827 0.897638 0.220472 
vn 0.385827 0.897638 0.220472 
vn 0.385827 0.897638 0.220472 
vn 0.76378 -0.448819 0.472441 
vn 0.76378 -0.448819 0.472441 
vn 0.76378 -0.448819 0.472441 
vn 0.76378 -0.448819 0.472441 
vn -0.519685 0.015748 0.850394 
vn -0.519685 0.015748 0.850394 
vn -0.519685 0.015748 0.850394 
vn -0.519685 0.015748 0.850394 
vn -0.385827 -0.897638 -0.220472 
vn -0.385827 -0.897638 -0.220472 
vn -0.385827 -0.897638 -0.220472 
vn -0.385827 -0.897638 -0.220472 
vn -0.76378 0.448819 -0.472441 
vn -0.76378 0.448819 -0.472441 
vn -0.76378 0.448819 -0.472441 
vn -0.76378 0.448819 -0.472441 

vt 9.13107 0.0498815 
vt 2.04473 0.0498815 
vt 9.13107 -0.971959 
vt 2.04473 -0.971959 
vt 7.66421 0.0498815 
vt 2.04473 0.0498815 
vt 7.66421 -7.03646 
vt 2.04473 -7.03646 
vt 7.66421 0.0498815 
vt 2.04473 0.0498815 
vt 7.66421 -0.971959 
vt 2.04473 -0.971959 
vt 9.13107 0.0498815 
vt 2.04473 0.0498815 
vt 9.13107 -0.971959 
vt 2.04473 -0.971959 
vt 7.66421 0.0498815 
vt 2.04473 0.0498815 
vt 7.66421 -7.03646 
vt 2.04473 -7.03646 
vt 7.66421 0.0498815 
vt 2.04473 0.0498815 
vt 7.66421 -0.971959 
vt 2.04473 -0.971959 

usemtl Volcanopart1Mtl

f 3793/3793/3793 3794/3794/3794 3795/3795/3795 
f 3795/3795/3795 3794/3794/3794 3796/3796/3796 
f 3797/3797/3797 3798/3798/3798 3799/3799/3799 
f 3799/3799/3799 3798/3798/3798 3800/3800/3800 
f 3801/3801/3801 3802/3802/3802 3803/3803/3803 
f 3803/3803/3803 3802/3802/3802 3804/3804/3804 
f 3805/3805/3805 3806/3806/3806 3807/3807/3807 
f 3807/3807/3807 3806/3806/3806 3808/3808/3808 
f 3809/3809/3809 3810/3810/3810 3811/3811/3811 
f 3811/3811/3811 3810/3810/3810 3812/3812/3812 
f 3813/3813/3813 3814/3814/3814 3815/3815/3815 
f 3815/3815/3815 3814/3814/3814 3816/3816/3816 

g Volcanopart107

v 76.3441 41.9699 -57.5664 
v 129.028 19.6633 -63.9171 
v 73.2391 34.398 -56.729 
v 125.923 12.0914 -63.0797 
v 135.729 22.1121 -16.9329 
v 129.028 19.6633 -63.9171 
v 83.0446 44.4187 -10.5822 
v 76.3441 41.9699 -57.5664 
v 129.028 19.6633 -63.9171 
v 135.729 22.1121 -16.9329 
v 125.923 12.0914 -63.0797 
v 132.624 14.5402 -16.0954 
v 135.729 22.1121 -16.9329 
v 83.0446 44.4187 -10.5822 
v 132.624 14.5402 -16.0954 
v 79.9396 36.8469 -9.74474 
v 79.9396 36.8469 -9.74474 
v 73.2391 34.398 -56.729 
v 132.624 14.5402 -16.0954 
v 125.923 12.0914 -63.0797 
v 83.0446 44.4187 -10.5822 
v 76.3441 41.9699 -57.5664 
v 79.9396 36.8469 -9.74474 
v 73.2391 34.398 -56.729 

vn -0.141732 -0.0551181 -0.992126 
vn -0.141732 -0.0551181 -0.992126 
vn -0.141732 -0.0551181 -0.992126 
vn -0.141732 -0.0551181 -0.992126 
vn 0.377953 0.92126 -0.102362 
vn 0.377953 0.92126 -0.102362 
vn 0.377953 0.92126 -0.102362 
vn 0.377953 0.92126 -0.102362 
vn 0.913386 -0.385827 -0.110236 
vn 0.913386 -0.385827 -0.110236 
vn 0.913386 -0.385827 -0.110236 
vn 0.913386 -0.385827 -0.110236 
vn 0.141732 0.0551181 0.992126 
vn 0.141732 0.0551181 0.992126 
vn 0.141732 0.0551181 0.992126 
vn 0.141732 0.0551181 0.992126 
vn -0.377953 -0.92126 0.102362 
vn -0.377953 -0.92126 0.102362 
vn -0.377953 -0.92126 0.102362 
vn -0.377953 -0.92126 0.102362 
vn -0.913386 0.385827 0.110236 
vn -0.913386 0.385827 0.110236 
vn -0.913386 0.385827 0.110236 
vn -0.913386 0.385827 0.110236 

vt 12.2196 3.70321 
vt 5.02422 3.70321 
vt 12.2196 2.6749 
vt 5.02422 2.6749 
vt 10.9646 3.70321 
vt 5.02422 3.70321 
vt 10.9646 -3.49219 
vt 5.02422 -3.49219 
vt 10.9646 3.70321 
vt 5.02422 3.70321 
vt 10.9646 2.6749 
vt 5.02422 2.6749 
vt 12.2196 3.70321 
vt 5.02422 3.70321 
vt 12.2196 2.6749 
vt 5.02422 2.6749 
vt 10.9646 3.70321 
vt 5.02422 3.70321 
vt 10.9646 -3.49219 
vt 5.02422 -3.49219 
vt 10.9646 3.70321 
vt 5.02422 3.70321 
vt 10.9646 2.6749 
vt 5.02422 2.6749 

usemtl Volcanopart1Mtl

f 3817/3817/3817 3818/3818/3818 3819/3819/3819 
f 3819/3819/3819 3818/3818/3818 3820/3820/3820 
f 3821/3821/3821 3822/3822/3822 3823/3823/3823 
f 3823/3823/3823 3822/3822/3822 3824/3824/3824 
f 3825/3825/3825 3826/3826/3826 3827/3827/3827 
f 3827/3827/3827 3826/3826/3826 3828/3828/3828 
f 3829/3829/3829 3830/3830/3830 3831/3831/3831 
f 3831/3831/3831 3830/3830/3830 3832/3832/3832 
f 3833/3833/3833 3834/3834/3834 3835/3835/3835 
f 3835/3835/3835 3834/3834/3834 3836/3836/3836 
f 3837/3837/3837 3838/3838/3838 3839/3839/3839 
f 3839/3839/3839 3838/3838/3838 3840/3840/3840 

g Volcanopart108

v -31.8381 67.8874 7.13081 
v -72.0115 36.7735 19.9337 
v -28.8259 63.3861 5.64331 
v -68.9993 32.2722 18.4462 
v -85.401 39.5043 -15.4441 
v -72.0115 36.7735 19.9337 
v -45.2277 70.6182 -28.2469 
v -31.8381 67.8874 7.13081 
v -72.0115 36.7735 19.9337 
v -85.401 39.5043 -15.4441 
v -68.9993 32.2722 18.4462 
v -82.3888 35.0029 -16.9316 
v -85.401 39.5043 -15.4441 
v -45.2277 70.6182 -28.2469 
v -82.3888 35.0029 -16.9316 
v -42.2155 66.1169 -29.7344 
v -42.2155 66.1169 -29.7344 
v -28.8259 63.3861 5.64331 
v -82.3888 35.0029 -16.9316 
v -68.9993 32.2722 18.4462 
v -45.2277 70.6182 -28.2469 
v -31.8381 67.8874 7.13081 
v -42.2155 66.1169 -29.7344 
v -28.8259 63.3861 5.64331 

vn 0.354331 -0.0708661 0.929134 
vn 0.354331 -0.0708661 0.929134 
vn 0.354331 -0.0708661 0.929134 
vn 0.354331 -0.0708661 0.929134 
vn -0.535433 0.80315 0.267717 
vn -0.535433 0.80315 0.267717 
vn -0.535433 0.80315 0.267717 
vn -0.535433 0.80315 0.267717 
vn -0.76378 -0.590551 0.244094 
vn -0.76378 -0.590551 0.244094 
vn -0.76378 -0.590551 0.244094 
vn -0.76378 -0.590551 0.244094 
vn -0.354331 0.0708661 -0.929134 
vn -0.354331 0.0708661 -0.929134 
vn -0.354331 0.0708661 -0.929134 
vn -0.354331 0.0708661 -0.929134 
vn 0.535433 -0.80315 -0.267717 
vn 0.535433 -0.80315 -0.267717 
vn 0.535433 -0.80315 -0.267717 
vn 0.535433 -0.80315 -0.267717 
vn 0.76378 0.590551 -0.244094 
vn 0.76378 0.590551 -0.244094 
vn 0.76378 0.590551 -0.244094 
vn 0.76378 0.590551 -0.244094 

vt 5.68644 -4.53024 
vt -0.863704 -4.53024 
vt 5.68644 -5.23233 
vt -0.863704 -5.23233 
vt 3.87695 -4.53024 
vt -0.863704 -4.53024 
vt 3.87695 -11.0804 
vt -0.863704 -11.0804 
vt 3.87695 -4.53024 
vt -0.863704 -4.53024 
vt 3.87695 -5.23233 
vt -0.863704 -5.23233 
vt 5.68644 -4.53024 
vt -0.863704 -4.53024 
vt 5.68644 -5.23233 
vt -0.863704 -5.23233 
vt 3.87695 -4.53024 
vt -0.863704 -4.53024 
vt 3.87695 -11.0804 
vt -0.863704 -11.0804 
vt 3.87695 -4.53024 
vt -0.863704 -4.53024 
vt 3.87695 -5.23233 
vt -0.863704 -5.23233 

usemtl Volcanopart1Mtl

f 3841/3841/3841 3842/3842/3842 3843/3843/3843 
f 3843/3843/3843 3842/3842/3842 3844/3844/3844 
f 3845/3845/3845 3846/3846/3846 3847/3847/3847 
f 3847/3847/3847 3846/3846/3846 3848/3848/3848 
f 3849/3849/3849 3850/3850/3850 3851/3851/3851 
f 3851/3851/3851 3850/3850/3850 3852/3852/3852 
f 3853/3853/3853 3854/3854/3854 3855/3855/3855 
f 3855/3855/3855 3854/3854/3854 3856/3856/3856 
f 3857/3857/3857 3858/3858/3858 3859/3859/3859 
f 3859/3859/3859 3858/3858/3858 3860/3860/3860 
f 3861/3861/3861 3862/3862/3862 3863/3863/3863 
f 3863/3863/3863 3862/3862/3862 3864/3864/3864 

g Volcanopart109

v -64.1431 46.6349 -29.504 
v -123.216 19.2229 -55.3097 
v -61.6307 40.0535 -28.2643 
v -120.704 12.6415 -54.0701 
v -103.964 18.4296 -98.539 
v -123.216 19.2229 -55.3097 
v -44.8906 45.8416 -72.7332 
v -64.1431 46.6349 -29.504 
v -123.216 19.2229 -55.3097 
v -103.964 18.4296 -98.539 
v -120.704 12.6415 -54.0701 
v -101.452 11.8482 -97.2993 
v -103.964 18.4296 -98.539 
v -44.8906 45.8416 -72.7332 
v -101.452 11.8482 -97.2993 
v -42.3782 39.2602 -71.4935 
v -42.3782 39.2602 -71.4935 
v -61.6307 40.0535 -28.2643 
v -101.452 11.8482 -97.2993 
v -120.704 12.6415 -54.0701 
v -44.8906 45.8416 -72.7332 
v -64.1431 46.6349 -29.504 
v -42.3782 39.2602 -71.4935 
v -61.6307 40.0535 -28.2643 

vn -0.409449 0.015748 0.913386 
vn -0.409449 0.015748 0.913386 
vn -0.409449 0.015748 0.913386 
vn -0.409449 0.015748 0.913386 
vn -0.354331 0.92126 -0.173228 
vn -0.354331 0.92126 -0.173228 
vn -0.354331 0.92126 -0.173228 
vn -0.354331 0.92126 -0.173228 
vn -0.84252 -0.393701 -0.370079 
vn -0.84252 -0.393701 -0.370079 
vn -0.84252 -0.393701 -0.370079 
vn -0.84252 -0.393701 -0.370079 
vn 0.409449 -0.015748 -0.913386 
vn 0.409449 -0.015748 -0.913386 
vn 0.409449 -0.015748 -0.913386 
vn 0.409449 -0.015748 -0.913386 
vn 0.354331 -0.92126 0.173228 
vn 0.354331 -0.92126 0.173228 
vn 0.354331 -0.92126 0.173228 
vn 0.354331 -0.92126 0.173228 
vn 0.84252 0.393701 0.370079 
vn 0.84252 0.393701 0.370079 
vn 0.84252 0.393701 0.370079 
vn 0.84252 0.393701 0.370079 

vt 4.29662 3.37702 
vt -4.45964 3.37702 
vt 4.29662 2.48291 
vt -4.45964 2.48291 
vt 1.45651 3.37702 
vt -4.45964 3.37702 
vt 1.45651 -5.37924 
vt -4.45964 -5.37924 
vt 1.45651 3.37702 
vt -4.45964 3.37702 
vt 1.45651 2.48291 
vt -4.45964 2.48291 
vt 4.29662 3.37702 
vt -4.45964 3.37702 
vt 4.29662 2.48291 
vt -4.45964 2.48291 
vt 1.45651 3.37702 
vt -4.45964 3.37702 
vt 1.45651 -5.37924 
vt -4.45964 -5.37924 
vt 1.45651 3.37702 
vt -4.45964 3.37702 
vt 1.45651 2.48291 
vt -4.45964 2.48291 

usemtl Volcanopart1Mtl

f 3865/3865/3865 3866/3866/3866 3867/3867/3867 
f 3867/3867/3867 3866/3866/3866 3868/3868/3868 
f 3869/3869/3869 3870/3870/3870 3871/3871/3871 
f 3871/3871/3871 3870/3870/3870 3872/3872/3872 
f 3873/3873/3873 3874/3874/3874 3875/3875/3875 
f 3875/3875/3875 3874/3874/3874 3876/3876/3876 
f 3877/3877/3877 3878/3878/3878 3879/3879/3879 
f 3879/3879/3879 3878/3878/3878 3880/3880/3880 
f 3881/3881/3881 3882/3882/3882 3883/3883/3883 
f 3883/3883/3883 3882/3882/3882 3884/3884/3884 
f 3885/3885/3885 3886/3886/3886 3887/3887/3887 
f 3887/3887/3887 3886/3886/3886 3888/3888/3888 

g Volcanopart110

v -28.1954 69.8329 10.9701 
v -75.1004 33.626 31.4626 
v -25.1322 65.1292 9.67075 
v -72.0371 28.9223 30.1632 
v -90.4859 33.43 -4.0996 
v -75.1004 33.626 31.4626 
v -43.581 69.6369 -24.5921 
v -28.1954 69.8329 10.9701 
v -75.1004 33.626 31.4626 
v -90.4859 33.43 -4.0996 
v -72.0371 28.9223 30.1632 
v -87.4227 28.7263 -5.39895 
v -90.4859 33.43 -4.0996 
v -43.581 69.6369 -24.5921 
v -87.4227 28.7263 -5.39895 
v -40.5177 64.9331 -25.8914 
v -40.5177 64.9331 -25.8914 
v -25.1322 65.1292 9.67075 
v -87.4227 28.7263 -5.39895 
v -72.0371 28.9223 30.1632 
v -43.581 69.6369 -24.5921 
v -28.1954 69.8329 10.9701 
v -40.5177 64.9331 -25.8914 
v -25.1322 65.1292 9.67075 

vn 0.393701 0.00787402 0.92126 
vn 0.393701 0.00787402 0.92126 
vn 0.393701 0.00787402 0.92126 
vn 0.393701 0.00787402 0.92126 
vn -0.535433 0.818898 0.228346 
vn -0.535433 0.818898 0.228346 
vn -0.535433 0.818898 0.228346 
vn -0.535433 0.818898 0.228346 
vn -0.748031 -0.574803 0.330709 
vn -0.748031 -0.574803 0.330709 
vn -0.748031 -0.574803 0.330709 
vn -0.748031 -0.574803 0.330709 
vn -0.393701 -0.00787402 -0.92126 
vn -0.393701 -0.00787402 -0.92126 
vn -0.393701 -0.00787402 -0.92126 
vn -0.393701 -0.00787402 -0.92126 
vn 0.535433 -0.818898 -0.228346 
vn 0.535433 -0.818898 -0.228346 
vn 0.535433 -0.818898 -0.228346 
vn 0.535433 -0.818898 -0.228346 
vn 0.748031 0.574803 -0.330709 
vn 0.748031 0.574803 -0.330709 
vn 0.748031 0.574803 -0.330709 
vn 0.748031 0.574803 -0.330709 

vt 3.99796 -2.14348 
vt -3.83921 -2.14348 
vt 3.99796 -2.86369 
vt -3.83921 -2.86369 
vt 1.00431 -2.14348 
vt -3.83921 -2.14348 
vt 1.00431 -9.98064 
vt -3.83921 -9.98064 
vt 1.00431 -2.14348 
vt -3.83921 -2.14348 
vt 1.00431 -2.86369 
vt -3.83921 -2.86369 
vt 3.99796 -2.14348 
vt -3.83921 -2.14348 
vt 3.99796 -2.86369 
vt -3.83921 -2.86369 
vt 1.00431 -2.14348 
vt -3.83921 -2.14348 
vt 1.00431 -9.98064 
vt -3.83921 -9.98064 
vt 1.00431 -2.14348 
vt -3.83921 -2.14348 
vt 1.00431 -2.86369 
vt -3.83921 -2.86369 

usemtl Volcanopart1Mtl

f 3889/3889/3889 3890/3890/3890 3891/3891/3891 
f 3891/3891/3891 3890/3890/3890 3892/3892/3892 
f 3893/3893/3893 3894/3894/3894 3895/3895/3895 
f 3895/3895/3895 3894/3894/3894 3896/3896/3896 
f 3897/3897/3897 3898/3898/3898 3899/3899/3899 
f 3899/3899/3899 3898/3898/3898 3900/3900/3900 
f 3901/3901/3901 3902/3902/3902 3903/3903/3903 
f 3903/3903/3903 3902/3902/3902 3904/3904/3904 
f 3905/3905/3905 3906/3906/3906 3907/3907/3907 
f 3907/3907/3907 3906/3906/3906 3908/3908/3908 
f 3909/3909/3909 3910/3910/3910 3911/3911/3911 
f 3911/3911/3911 3910/3910/3910 3912/3912/3912 

g Volcanopart111

v -2.13859 30.0256 -116.116 
v 10.7023 13.9919 -175.577 
v -2.33996 25.5043 -114.94 
v 10.5009 9.47063 -174.401 
v 62.6589 14.5559 -164.509 
v 10.7023 13.9919 -175.577 
v 49.8181 30.5895 -105.047 
v -2.13859 30.0256 -116.116 
v 10.7023 13.9919 -175.577 
v 62.6589 14.5559 -164.509 
v 10.5009 9.47063 -174.401 
v 62.4576 10.0346 -163.333 
v 62.6589 14.5559 -164.509 
v 49.8181 30.5895 -105.047 
v 62.4576 10.0346 -163.333 
v 49.6167 26.0683 -103.872 
v 49.6167 26.0683 -103.872 
v -2.33996 25.5043 -114.94 
v 62.4576 10.0346 -163.333 
v 10.5009 9.47063 -174.401 
v 49.8181 30.5895 -105.047 
v -2.13859 30.0256 -116.116 
v 49.6167 26.0683 -103.872 
v -2.33996 25.5043 -114.94 

vn -0.976378 -0.00787402 -0.204724 
vn -0.976378 -0.00787402 -0.204724 
vn -0.976378 -0.00787402 -0.204724 
vn -0.976378 -0.00787402 -0.204724 
vn 0.0393701 0.968504 -0.251969 
vn 0.0393701 0.968504 -0.251969 
vn 0.0393701 0.968504 -0.251969 
vn 0.0393701 0.968504 -0.251969 
vn 0.204724 -0.251969 -0.944882 
vn 0.204724 -0.251969 -0.944882 
vn 0.204724 -0.251969 -0.944882 
vn 0.204724 -0.251969 -0.944882 
vn 0.976378 0.00787402 0.204724 
vn 0.976378 0.00787402 0.204724 
vn 0.976378 0.00787402 0.204724 
vn 0.976378 0.00787402 0.204724 
vn -0.0393701 -0.968504 0.251969 
vn -0.0393701 -0.968504 0.251969 
vn -0.0393701 -0.968504 0.251969 
vn -0.0393701 -0.968504 0.251969 
vn -0.204724 0.251969 0.944882 
vn -0.204724 0.251969 0.944882 
vn -0.204724 0.251969 0.944882 
vn -0.204724 0.251969 0.944882 

vt 3.72069 1.6795 
vt -4.14301 1.6795 
vt 3.72069 1.095 
vt -4.14301 1.095 
vt 2.49767 1.6795 
vt -4.14301 1.6795 
vt 2.49767 -6.1842 
vt -4.14301 -6.1842 
vt 2.49767 1.6795 
vt -4.14301 1.6795 
vt 2.49767 1.095 
vt -4.14301 1.095 
vt 3.72069 1.6795 
vt -4.14301 1.6795 
vt 3.72069 1.095 
vt -4.14301 1.095 
vt 2.49767 1.6795 
vt -4.14301 1.6795 
vt 2.49767 -6.1842 
vt -4.14301 -6.1842 
vt 2.49767 1.6795 
vt -4.14301 1.6795 
vt 2.49767 1.095 
vt -4.14301 1.095 

usemtl Volcanopart1Mtl

f 3913/3913/3913 3914/3914/3914 3915/3915/3915 
f 3915/3915/3915 3914/3914/3914 3916/3916/3916 
f 3917/3917/3917 3918/3918/3918 3919/3919/3919 
f 3919/3919/3919 3918/3918/3918 3920/3920/3920 
f 3921/3921/3921 3922/3922/3922 3923/3923/3923 
f 3923/3923/3923 3922/3922/3922 3924/3924/3924 
f 3925/3925/3925 3926/3926/3926 3927/3927/3927 
f 3927/3927/3927 3926/3926/3926 3928/3928/3928 
f 3929/3929/3929 3930/3930/3930 3931/3931/3931 
f 3931/3931/3931 3930/3930/3930 3932/3932/3932 
f 3933/3933/3933 3934/3934/3934 3935/3935/3935 
f 3935/3935/3935 3934/3934/3934 3936/3936/3936 

g Volcanopart112

v -102.884 21.0729 -38.2536 
v -155.951 11.7943 -59.8807 
v -102.096 15.7802 -37.9149 
v -155.164 6.50154 -59.542 
v -134.368 11.6204 -112.766 
v -155.951 11.7943 -59.8807 
v -81.3002 20.899 -91.1393 
v -102.884 21.0729 -38.2536 
v -155.951 11.7943 -59.8807 
v -134.368 11.6204 -112.766 
v -155.164 6.50154 -59.542 
v -133.58 6.32763 -112.428 
v -134.368 11.6204 -112.766 
v -81.3002 20.899 -91.1393 
v -133.58 6.32763 -112.428 
v -80.5128 15.6063 -90.8006 
v -80.5128 15.6063 -90.8006 
v -102.096 15.7802 -37.9149 
v -133.58 6.32763 -112.428 
v -155.164 6.50154 -59.542 
v -81.3002 20.899 -91.1393 
v -102.884 21.0729 -38.2536 
v -80.5128 15.6063 -90.8006 
v -102.096 15.7802 -37.9149 

vn -0.377953 0 0.929134 
vn -0.377953 0 0.929134 
vn -0.377953 0 0.929134 
vn -0.377953 0 0.929134 
vn -0.149606 0.984252 -0.0629921 
vn -0.149606 0.984252 -0.0629921 
vn -0.149606 0.984252 -0.0629921 
vn -0.149606 0.984252 -0.0629921 
vn -0.913386 -0.15748 -0.370079 
vn -0.913386 -0.15748 -0.370079 
vn -0.913386 -0.15748 -0.370079 
vn -0.913386 -0.15748 -0.370079 
vn 0.377953 0 -0.929134 
vn 0.377953 0 -0.929134 
vn 0.377953 0 -0.929134 
vn 0.377953 0 -0.929134 
vn 0.149606 -0.984252 0.0629921 
vn 0.149606 -0.984252 0.0629921 
vn 0.149606 -0.984252 0.0629921 
vn 0.149606 -0.984252 0.0629921 
vn 0.913386 0.15748 0.370079 
vn 0.913386 0.15748 0.370079 
vn 0.913386 0.15748 0.370079 
vn 0.913386 0.15748 0.370079 

vt 0.454568 5.93917 
vt -6.80189 5.93917 
vt 0.454568 5.26895 
vt -6.80189 5.26895 
vt 0.338198 5.93917 
vt -6.80189 5.93917 
vt 0.338198 -1.31729 
vt -6.80189 -1.31729 
vt 0.338198 5.93917 
vt -6.80189 5.93917 
vt 0.338198 5.26895 
vt -6.80189 5.26895 
vt 0.454568 5.93917 
vt -6.80189 5.93917 
vt 0.454568 5.26895 
vt -6.80189 5.26895 
vt 0.338198 5.93917 
vt -6.80189 5.93917 
vt 0.338198 -1.31729 
vt -6.80189 -1.31729 
vt 0.338198 5.93917 
vt -6.80189 5.93917 
vt 0.338198 5.26895 
vt -6.80189 5.26895 

usemtl Volcanopart1Mtl

f 3937/3937/3937 3938/3938/3938 3939/3939/3939 
f 3939/3939/3939 3938/3938/3938 3940/3940/3940 
f 3941/3941/3941 3942/3942/3942 3943/3943/3943 
f 3943/3943/3943 3942/3942/3942 3944/3944/3944 
f 3945/3945/3945 3946/3946/3946 3947/3947/3947 
f 3947/3947/3947 3946/3946/3946 3948/3948/3948 
f 3949/3949/3949 3950/3950/3950 3951/3951/3951 
f 3951/3951/3951 3950/3950/3950 3952/3952/3952 
f 3953/3953/3953 3954/3954/3954 3955/3955/3955 
f 3955/3955/3955 3954/3954/3954 3956/3956/3956 
f 3957/3957/3957 3958/3958/3958 3959/3959/3959 
f 3959/3959/3959 3958/3958/3958 3960/3960/3960 

g Volcanopart113

v 112.575 13.112 7.94298 
v 170.849 10.133 45.942 
v 112.436 8.30087 7.77895 
v 170.71 5.3219 45.778 
v 136.97 9.34243 97.836 
v 170.849 10.133 45.942 
v 78.6955 12.3214 59.8369 
v 112.575 13.112 7.94298 
v 170.849 10.133 45.942 
v 136.97 9.34243 97.836 
v 170.71 5.3219 45.778 
v 136.831 4.53133 97.672 
v 136.97 9.34243 97.836 
v 78.6955 12.3214 59.8369 
v 136.831 4.53133 97.672 
v 78.5566 7.5103 59.6729 
v 78.5566 7.5103 59.6729 
v 112.436 8.30087 7.77895 
v 136.831 4.53133 97.672 
v 170.71 5.3219 45.778 
v 78.6955 12.3214 59.8369 
v 112.575 13.112 7.94298 
v 78.5566 7.5103 59.6729 
v 112.436 8.30087 7.77895 

vn 0.543307 0.015748 -0.834646 
vn 0.543307 0.015748 -0.834646 
vn 0.543307 0.015748 -0.834646 
vn 0.543307 0.015748 -0.834646 
vn 0.0314961 1 0.0314961 
vn 0.0314961 1 0.0314961 
vn 0.0314961 1 0.0314961 
vn 0.0314961 1 0.0314961 
vn 0.834646 -0.0393701 0.543307 
vn 0.834646 -0.0393701 0.543307 
vn 0.834646 -0.0393701 0.543307 
vn 0.834646 -0.0393701 0.543307 
vn -0.543307 -0.015748 0.834646 
vn -0.543307 -0.015748 0.834646 
vn -0.543307 -0.015748 0.834646 
vn -0.543307 -0.015748 0.834646 
vn -0.0314961 -1 -0.0314961 
vn -0.0314961 -1 -0.0314961 
vn -0.0314961 -1 -0.0314961 
vn -0.0314961 -1 -0.0314961 
vn -0.834646 0.0393701 -0.543307 
vn -0.834646 0.0393701 -0.543307 
vn -0.834646 0.0393701 -0.543307 
vn -0.834646 0.0393701 -0.543307 

vt 16.9261 -6.86379 
vt 8.22199 -6.86379 
vt 16.9261 -7.46577 
vt 8.22199 -7.46577 
vt 15.9694 -6.86379 
vt 8.22199 -6.86379 
vt 15.9694 -15.5679 
vt 8.22199 -15.5679 
vt 15.9694 -6.86379 
vt 8.22199 -6.86379 
vt 15.9694 -7.46577 
vt 8.22199 -7.46577 
vt 16.9261 -6.86379 
vt 8.22199 -6.86379 
vt 16.9261 -7.46577 
vt 8.22199 -7.46577 
vt 15.9694 -6.86379 
vt 8.22199 -6.86379 
vt 15.9694 -15.5679 
vt 8.22199 -15.5679 
vt 15.9694 -6.86379 
vt 8.22199 -6.86379 
vt 15.9694 -7.46577 
vt 8.22199 -7.46577 

usemtl Volcanopart1Mtl

f 3961/3961/3961 3962/3962/3962 3963/3963/3963 
f 3963/3963/3963 3962/3962/3962 3964/3964/3964 
f 3965/3965/3965 3966/3966/3966 3967/3967/3967 
f 3967/3967/3967 3966/3966/3966 3968/3968/3968 
f 3969/3969/3969 3970/3970/3970 3971/3971/3971 
f 3971/3971/3971 3970/3970/3970 3972/3972/3972 
f 3973/3973/3973 3974/3974/3974 3975/3975/3975 
f 3975/3975/3975 3974/3974/3974 3976/3976/3976 
f 3977/3977/3977 3978/3978/3978 3979/3979/3979 
f 3979/3979/3979 3978/3978/3978 3980/3980/3980 
f 3981/3981/3981 3982/3982/3982 3983/3983/3983 
f 3983/3983/3983 3982/3982/3982 3984/3984/3984 

g Volcanopart114

v -5.34435 97.8303 -51.4586 
v 7.88431 38.4677 -110.833 
v -6.0062 93.2004 -46.9771 
v 7.22246 33.8378 -106.352 
v 39.5554 39.6379 -104.947 
v 7.88431 38.4677 -110.833 
v 26.3267 99.0005 -45.5723 
v -5.34435 97.8303 -51.4586 
v 7.88431 38.4677 -110.833 
v 39.5554 39.6379 -104.947 
v 7.22246 33.8378 -106.352 
v 38.8935 35.008 -100.465 
v 39.5554 39.6379 -104.947 
v 26.3267 99.0005 -45.5723 
v 38.8935 35.008 -100.465 
v 25.6649 94.3706 -41.0908 
v 25.6649 94.3706 -41.0908 
v -6.0062 93.2004 -46.9771 
v 38.8935 35.008 -100.465 
v 7.22246 33.8378 -106.352 
v 26.3267 99.0005 -45.5723 
v -5.34435 97.8303 -51.4586 
v 25.6649 94.3706 -41.0908 
v -6.0062 93.2004 -46.9771 

vn -0.984252 -0.0393701 -0.181102 
vn -0.984252 -0.0393701 -0.181102 
vn -0.984252 -0.0393701 -0.181102 
vn -0.984252 -0.0393701 -0.181102 
vn 0.102362 0.716535 -0.692913 
vn 0.102362 0.716535 -0.692913 
vn 0.102362 0.716535 -0.692913 
vn 0.102362 0.716535 -0.692913 
vn 0.15748 -0.700787 -0.700787 
vn 0.15748 -0.700787 -0.700787 
vn 0.15748 -0.700787 -0.700787 
vn 0.15748 -0.700787 -0.700787 
vn 0.984252 0.0393701 0.181102 
vn 0.984252 0.0393701 0.181102 
vn 0.984252 0.0393701 0.181102 
vn 0.984252 0.0393701 0.181102 
vn -0.102362 -0.716535 0.692913 
vn -0.102362 -0.716535 0.692913 
vn -0.102362 -0.716535 0.692913 
vn -0.102362 -0.716535 0.692913 
vn -0.15748 0.700787 0.700787 
vn -0.15748 0.700787 0.700787 
vn -0.15748 0.700787 0.700787 
vn -0.15748 0.700787 0.700787 

vt 8.63428 -0.999814 
vt -1.99018 -0.999814 
vt 8.63428 -1.8095 
vt -1.99018 -1.8095 
vt 2.03916 -0.999814 
vt -1.99018 -0.999814 
vt 2.03916 -11.6243 
vt -1.99018 -11.6243 
vt 2.03916 -0.999814 
vt -1.99018 -0.999814 
vt 2.03916 -1.8095 
vt -1.99018 -1.8095 
vt 8.63428 -0.999814 
vt -1.99018 -0.999814 
vt 8.63428 -1.8095 
vt -1.99018 -1.8095 
vt 2.03916 -0.999814 
vt -1.99018 -0.999814 
vt 2.03916 -11.6243 
vt -1.99018 -11.6243 
vt 2.03916 -0.999814 
vt -1.99018 -0.999814 
vt 2.03916 -1.8095 
vt -1.99018 -1.8095 

usemtl Volcanopart1Mtl

f 3985/3985/3985 3986/3986/3986 3987/3987/3987 
f 3987/3987/3987 3986/3986/3986 3988/3988/3988 
f 3989/3989/3989 3990/3990/3990 3991/3991/3991 
f 3991/3991/3991 3990/3990/3990 3992/3992/3992 
f 3993/3993/3993 3994/3994/3994 3995/3995/3995 
f 3995/3995/3995 3994/3994/3994 3996/3996/3996 
f 3997/3997/3997 3998/3998/3998 3999/3999/3999 
f 3999/3999/3999 3998/3998/3998 4000/4000/4000 
f 4001/4001/4001 4002/4002/4002 4003/4003/4003 
f 4003/4003/4003 4002/4002/4002 4004/4004/4004 
f 4005/4005/4005 4006/4006/4006 4007/4007/4007 
f 4007/4007/4007 4006/4006/4006 4008/4008/4008 

g Volcanopart115

v 39.5107 20.9583 -115.707 
v 82.9531 10.3389 -171.5 
v 38.9722 14.5843 -114.913 
v 82.4146 3.96482 -170.706 
v 128.408 10.8945 -136.213 
v 82.9531 10.3389 -171.5 
v 84.9651 21.5139 -80.42 
v 39.5107 20.9583 -115.707 
v 82.9531 10.3389 -171.5 
v 128.408 10.8945 -136.213 
v 82.4146 3.96482 -170.706 
v 127.869 4.52043 -135.419 
v 128.408 10.8945 -136.213 
v 84.9651 21.5139 -80.42 
v 127.869 4.52043 -135.419 
v 84.4267 15.1399 -79.626 
v 84.4267 15.1399 -79.626 
v 38.9722 14.5843 -114.913 
v 127.869 4.52043 -135.419 
v 82.4146 3.96482 -170.706 
v 84.9651 21.5139 -80.42 
v 39.5107 20.9583 -115.707 
v 84.4267 15.1399 -79.626 
v 38.9722 14.5843 -114.913 

vn -0.787402 -0.00787402 -0.614173 
vn -0.787402 -0.00787402 -0.614173 
vn -0.787402 -0.00787402 -0.614173 
vn -0.787402 -0.00787402 -0.614173 
vn 0.0866142 0.992126 -0.125984 
vn 0.0866142 0.992126 -0.125984 
vn 0.0866142 0.992126 -0.125984 
vn 0.0866142 0.992126 -0.125984 
vn 0.606299 -0.149606 -0.779528 
vn 0.606299 -0.149606 -0.779528 
vn 0.606299 -0.149606 -0.779528 
vn 0.606299 -0.149606 -0.779528 
vn 0.787402 0.00787402 0.614173 
vn 0.787402 0.00787402 0.614173 
vn 0.787402 0.00787402 0.614173 
vn 0.787402 0.00787402 0.614173 
vn -0.0866142 -0.992126 0.125984 
vn -0.0866142 -0.992126 0.125984 
vn -0.0866142 -0.992126 0.125984 
vn -0.0866142 -0.992126 0.125984 
vn -0.606299 0.149606 0.779528 
vn -0.606299 0.149606 0.779528 
vn -0.606299 0.149606 0.779528 
vn -0.606299 0.149606 0.779528 

vt 3.87966 2.21977 
vt -5.05837 2.21977 
vt 3.87966 1.41404 
vt -5.05837 1.41404 
vt 2.13492 2.21977 
vt -5.05837 2.21977 
vt 2.13492 -6.71826 
vt -5.05837 -6.71826 
vt 2.13492 2.21977 
vt -5.05837 2.21977 
vt 2.13492 1.41404 
vt -5.05837 1.41404 
vt 3.87966 2.21977 
vt -5.05837 2.21977 
vt 3.87966 1.41404 
vt -5.05837 1.41404 
vt 2.13492 2.21977 
vt -5.05837 2.21977 
vt 2.13492 -6.71826 
vt -5.05837 -6.71826 
vt 2.13492 2.21977 
vt -5.05837 2.21977 
vt 2.13492 1.41404 
vt -5.05837 1.41404 

usemtl Volcanopart1Mtl

f 4009/4009/4009 4010/4010/4010 4011/4011/4011 
f 4011/4011/4011 4010/4010/4010 4012/4012/4012 
f 4013/4013/4013 4014/4014/4014 4015/4015/4015 
f 4015/4015/4015 4014/4014/4014 4016/4016/4016 
f 4017/4017/4017 4018/4018/4018 4019/4019/4019 
f 4019/4019/4019 4018/4018/4018 4020/4020/4020 
f 4021/4021/4021 4022/4022/4022 4023/4023/4023 
f 4023/4023/4023 4022/4022/4022 4024/4024/4024 
f 4025/4025/4025 4026/4026/4026 4027/4027/4027 
f 4027/4027/4027 4026/4026/4026 4028/4028/4028 
f 4029/4029/4029 4030/4030/4030 4031/4031/4031 
f 4031/4031/4031 4030/4030/4030 4032/4032/4032 

g Volcanopart116

v -29.1581 77.7662 -0.511855 
v -92.9193 30.8293 9.09722 
v -26.5229 74.17 -0.591782 
v -90.2841 27.2331 9.01729 
v -97.0313 28.6582 -28.7931 
v -92.9193 30.8293 9.09722 
v -33.2701 75.5951 -38.4022 
v -29.1581 77.7662 -0.511855 
v -92.9193 30.8293 9.09722 
v -97.0313 28.6582 -28.7931 
v -90.2841 27.2331 9.01729 
v -94.3961 25.062 -28.873 
v -97.0313 28.6582 -28.7931 
v -33.2701 75.5951 -38.4022 
v -94.3961 25.062 -28.873 
v -30.6349 71.9989 -38.4821 
v -30.6349 71.9989 -38.4821 
v -26.5229 74.17 -0.591782 
v -94.3961 25.062 -28.873 
v -90.2841 27.2331 9.01729 
v -33.2701 75.5951 -38.4022 
v -29.1581 77.7662 -0.511855 
v -30.6349 71.9989 -38.4821 
v -26.5229 74.17 -0.591782 

vn 0.110236 0.0551181 0.992126 
vn 0.110236 0.0551181 0.992126 
vn 0.110236 0.0551181 0.992126 
vn 0.110236 0.0551181 0.992126 
vn -0.590551 0.80315 0.015748 
vn -0.590551 0.80315 0.015748 
vn -0.590551 0.80315 0.015748 
vn -0.590551 0.80315 0.015748 
vn -0.80315 -0.590551 0.11811 
vn -0.80315 -0.590551 0.11811 
vn -0.80315 -0.590551 0.11811 
vn -0.80315 -0.590551 0.11811 
vn -0.110236 -0.0551181 -0.992126 
vn -0.110236 -0.0551181 -0.992126 
vn -0.110236 -0.0551181 -0.992126 
vn -0.110236 -0.0551181 -0.992126 
vn 0.590551 -0.80315 -0.015748 
vn 0.590551 -0.80315 -0.015748 
vn 0.590551 -0.80315 -0.015748 
vn 0.590551 -0.80315 -0.015748 
vn 0.80315 0.590551 -0.11811 
vn 0.80315 0.590551 -0.11811 
vn 0.80315 0.590551 -0.11811 
vn 0.80315 0.590551 -0.11811 

vt 13.0264 -2.16848 
vt 3.05697 -2.16848 
vt 13.0264 -2.72586 
vt 3.05697 -2.72586 
vt 7.82879 -2.16848 
vt 3.05697 -2.16848 
vt 7.82879 -12.1379 
vt 3.05697 -12.1379 
vt 7.82879 -2.16848 
vt 3.05697 -2.16848 
vt 7.82879 -2.72586 
vt 3.05697 -2.72586 
vt 13.0264 -2.16848 
vt 3.05697 -2.16848 
vt 13.0264 -2.72586 
vt 3.05697 -2.72586 
vt 7.82879 -2.16848 
vt 3.05697 -2.16848 
vt 7.82879 -12.1379 
vt 3.05697 -12.1379 
vt 7.82879 -2.16848 
vt 3.05697 -2.16848 
vt 7.82879 -2.72586 
vt 3.05697 -2.72586 

usemtl Volcanopart1Mtl

f 4033/4033/4033 4034/4034/4034 4035/4035/4035 
f 4035/4035/4035 4034/4034/4034 4036/4036/4036 
f 4037/4037/4037 4038/4038/4038 4039/4039/4039 
f 4039/4039/4039 4038/4038/4038 4040/4040/4040 
f 4041/4041/4041 4042/4042/4042 4043/4043/4043 
f 4043/4043/4043 4042/4042/4042 4044/4044/4044 
f 4045/4045/4045 4046/4046/4046 4047/4047/4047 
f 4047/4047/4047 4046/4046/4046 4048/4048/4048 
f 4049/4049/4049 4050/4050/4050 4051/4051/4051 
f 4051/4051/4051 4050/4050/4050 4052/4052/4052 
f 4053/4053/4053 4054/4054/4054 4055/4055/4055 
f 4055/4055/4055 4054/4054/4054 4056/4056/4056 

g Volcanopart117

v 34.2921 25.2037 -114.844 
v 72.0111 11.6334 -168.902 
v 33.7427 19.9424 -113.907 
v 71.4616 6.37199 -167.965 
v 117.505 12.499 -137.376 
v 72.0111 11.6334 -168.902 
v 79.7858 26.0694 -83.3182 
v 34.2921 25.2037 -114.844 
v 72.0111 11.6334 -168.902 
v 117.505 12.499 -137.376 
v 71.4616 6.37199 -167.965 
v 116.955 7.23762 -136.439 
v 117.505 12.499 -137.376 
v 79.7858 26.0694 -83.3182 
v 116.955 7.23762 -136.439 
v 79.2364 20.808 -82.3808 
v 79.2364 20.808 -82.3808 
v 33.7427 19.9424 -113.907 
v 116.955 7.23762 -136.439 
v 71.4616 6.37199 -167.965 
v 79.7858 26.0694 -83.3182 
v 34.2921 25.2037 -114.844 
v 79.2364 20.808 -82.3808 
v 33.7427 19.9424 -113.907 

vn -0.818898 -0.015748 -0.566929 
vn -0.818898 -0.015748 -0.566929 
vn -0.818898 -0.015748 -0.566929 
vn -0.818898 -0.015748 -0.566929 
vn 0.102362 0.976378 -0.173228 
vn 0.102362 0.976378 -0.173228 
vn 0.102362 0.976378 -0.173228 
vn 0.102362 0.976378 -0.173228 
vn 0.559055 -0.204724 -0.80315 
vn 0.559055 -0.204724 -0.80315 
vn 0.559055 -0.204724 -0.80315 
vn 0.559055 -0.204724 -0.80315 
vn 0.818898 0.015748 0.566929 
vn 0.818898 0.015748 0.566929 
vn 0.818898 0.015748 0.566929 
vn 0.818898 0.015748 0.566929 
vn -0.102362 -0.976378 0.173228 
vn -0.102362 -0.976378 0.173228 
vn -0.102362 -0.976378 0.173228 
vn -0.102362 -0.976378 0.173228 
vn -0.559055 0.204724 0.80315 
vn -0.559055 0.204724 0.80315 
vn -0.559055 0.204724 0.80315 
vn -0.559055 0.204724 0.80315 

vt 14.8408 -0.107631 
vt 6.42846 -0.107631 
vt 14.8408 -0.779181 
vt 6.42846 -0.779181 
vt 13.348 -0.107631 
vt 6.42846 -0.107631 
vt 13.348 -8.52001 
vt 6.42846 -8.52001 
vt 13.348 -0.107631 
vt 6.42846 -0.107631 
vt 13.348 -0.779181 
vt 6.42846 -0.779181 
vt 14.8408 -0.107631 
vt 6.42846 -0.107631 
vt 14.8408 -0.779181 
vt 6.42846 -0.779181 
vt 13.348 -0.107631 
vt 6.42846 -0.107631 
vt 13.348 -8.52001 
vt 6.42846 -8.52001 
vt 13.348 -0.107631 
vt 6.42846 -0.107631 
vt 13.348 -0.779181 
vt 6.42846 -0.779181 

usemtl Volcanopart1Mtl

f 4057/4057/4057 4058/4058/4058 4059/4059/4059 
f 4059/4059/4059 4058/4058/4058 4060/4060/4060 
f 4061/4061/4061 4062/4062/4062 4063/4063/4063 
f 4063/4063/4063 4062/4062/4062 4064/4064/4064 
f 4065/4065/4065 4066/4066/4066 4067/4067/4067 
f 4067/4067/4067 4066/4066/4066 4068/4068/4068 
f 4069/4069/4069 4070/4070/4070 4071/4071/4071 
f 4071/4071/4071 4070/4070/4070 4072/4072/4072 
f 4073/4073/4073 4074/4074/4074 4075/4075/4075 
f 4075/4075/4075 4074/4074/4074 4076/4076/4076 
f 4077/4077/4077 4078/4078/4078 4079/4079/4079 
f 4079/4079/4079 4078/4078/4078 4080/4080/4080 

g Volcanopart118

v -66.215 31.5649 27.0864 
v -127.115 14.2296 47.6502 
v -64.3845 24.6885 26.7106 
v -125.284 7.35327 47.2745 
v -143.645 12.5801 -2.69543 
v -127.115 14.2296 47.6502 
v -82.7455 29.9153 -23.2593 
v -66.215 31.5649 27.0864 
v -127.115 14.2296 47.6502 
v -143.645 12.5801 -2.69543 
v -125.284 7.35327 47.2745 
v -141.815 5.70373 -3.07116 
v -143.645 12.5801 -2.69543 
v -82.7455 29.9153 -23.2593 
v -141.815 5.70373 -3.07116 
v -80.915 23.039 -23.635 
v -80.915 23.039 -23.635 
v -64.3845 24.6885 26.7106 
v -141.815 5.70373 -3.07116 
v -125.284 7.35327 47.2745 
v -82.7455 29.9153 -23.2593 
v -66.215 31.5649 27.0864 
v -80.915 23.039 -23.635 
v -64.3845 24.6885 26.7106 

vn 0.314961 0.0314961 0.952756 
vn 0.314961 0.0314961 0.952756 
vn 0.314961 0.0314961 0.952756 
vn 0.314961 0.0314961 0.952756 
vn -0.259843 0.968504 0.0551181 
vn -0.259843 0.968504 0.0551181 
vn -0.259843 0.968504 0.0551181 
vn -0.259843 0.968504 0.0551181 
vn -0.913386 -0.259843 0.307087 
vn -0.913386 -0.259843 0.307087 
vn -0.913386 -0.259843 0.307087 
vn -0.913386 -0.259843 0.307087 
vn -0.314961 -0.0314961 -0.952756 
vn -0.314961 -0.0314961 -0.952756 
vn -0.314961 -0.0314961 -0.952756 
vn -0.314961 -0.0314961 -0.952756 
vn 0.259843 -0.968504 -0.0551181 
vn 0.259843 -0.968504 -0.0551181 
vn 0.259843 -0.968504 -0.0551181 
vn 0.259843 -0.968504 -0.0551181 
vn 0.913386 0.259843 -0.307087 
vn 0.913386 0.259843 -0.307087 
vn 0.913386 0.259843 -0.307087 
vn 0.913386 0.259843 -0.307087 

vt 11.6023 -6.87348 
vt 3.2805 -6.87348 
vt 11.6023 -7.7642 
vt 3.2805 -7.7642 
vt 9.90746 -6.87348 
vt 3.2805 -6.87348 
vt 9.90746 -15.1953 
vt 3.2805 -15.1953 
vt 9.90746 -6.87348 
vt 3.2805 -6.87348 
vt 9.90746 -7.7642 
vt 3.2805 -7.7642 
vt 11.6023 -6.87348 
vt 3.2805 -6.87348 
vt 11.6023 -7.7642 
vt 3.2805 -7.7642 
vt 9.90746 -6.87348 
vt 3.2805 -6.87348 
vt 9.90746 -15.1953 
vt 3.2805 -15.1953 
vt 9.90746 -6.87348 
vt 3.2805 -6.87348 
vt 9.90746 -7.7642 
vt 3.2805 -7.7642 

usemtl Volcanopart1Mtl

f 4081/4081/4081 4082/4082/4082 4083/4083/4083 
f 4083/4083/4083 4082/4082/4082 4084/4084/4084 
f 4085/4085/4085 4086/4086/4086 4087/4087/4087 
f 4087/4087/4087 4086/4086/4086 4088/4088/4088 
f 4089/4089/4089 4090/4090/4090 4091/4091/4091 
f 4091/4091/4091 4090/4090/4090 4092/4092/4092 
f 4093/4093/4093 4094/4094/4094 4095/4095/4095 
f 4095/4095/4095 4094/4094/4094 4096/4096/4096 
f 4097/4097/4097 4098/4098/4098 4099/4099/4099 
f 4099/4099/4099 4098/4098/4098 4100/4100/4100 
f 4101/4101/4101 4102/4102/4102 4103/4103/4103 
f 4103/4103/4103 4102/4102/4102 4104/4104/4104 

g Volcanopart119

v 23.3793 11.0519 103.115 
v 17.1925 10.1385 160.901 
v 23.4187 4.48575 103.016 
v 17.2319 3.57238 160.802 
v -45.5664 9.86396 154.178 
v 17.1925 10.1385 160.901 
v -39.3797 10.7773 96.3916 
v 23.3793 11.0519 103.115 
v 17.1925 10.1385 160.901 
v -45.5664 9.86396 154.178 
v 17.2319 3.57238 160.802 
v -45.527 3.29786 154.078 
v -45.5664 9.86396 154.178 
v -39.3797 10.7773 96.3916 
v -45.527 3.29786 154.078 
v -39.3403 4.21122 96.292 
v -39.3403 4.21122 96.292 
v 23.4187 4.48575 103.016 
v -45.527 3.29786 154.078 
v 17.2319 3.57238 160.802 
v -39.3797 10.7773 96.3916 
v 23.3793 11.0519 103.115 
v -39.3403 4.21122 96.292 
v 23.4187 4.48575 103.016 

vn 0.992126 0.00787402 0.110236 
vn 0.992126 0.00787402 0.110236 
vn 0.992126 0.00787402 0.110236 
vn 0.992126 0.00787402 0.110236 
vn -0.00787402 1 0.015748 
vn -0.00787402 1 0.015748 
vn -0.00787402 1 0.015748 
vn -0.00787402 1 0.015748 
vn -0.110236 -0.015748 0.992126 
vn -0.110236 -0.015748 0.992126 
vn -0.110236 -0.015748 0.992126 
vn -0.110236 -0.015748 0.992126 
vn -0.992126 -0.00787402 -0.110236 
vn -0.992126 -0.00787402 -0.110236 
vn -0.992126 -0.00787402 -0.110236 
vn -0.992126 -0.00787402 -0.110236 
vn 0.00787402 -1 -0.015748 
vn 0.00787402 -1 -0.015748 
vn 0.00787402 -1 -0.015748 
vn 0.00787402 -1 -0.015748 
vn 0.110236 0.015748 -0.992126 
vn 0.110236 0.015748 -0.992126 
vn 0.110236 0.015748 -0.992126 
vn 0.110236 0.015748 -0.992126 

vt 11.013 -2.28823 
vt 3.74756 -2.28823 
vt 11.013 -3.1091 
vt 3.74756 -3.1091 
vt 11.6374 -2.28823 
vt 3.74756 -2.28823 
vt 11.6374 -9.55368 
vt 3.74756 -9.55368 
vt 11.6374 -2.28823 
vt 3.74756 -2.28823 
vt 11.6374 -3.1091 
vt 3.74756 -3.1091 
vt 11.013 -2.28823 
vt 3.74756 -2.28823 
vt 11.013 -3.1091 
vt 3.74756 -3.1091 
vt 11.6374 -2.28823 
vt 3.74756 -2.28823 
vt 11.6374 -9.55368 
vt 3.74756 -9.55368 
vt 11.6374 -2.28823 
vt 3.74756 -2.28823 
vt 11.6374 -3.1091 
vt 3.74756 -3.1091 

usemtl Volcanopart1Mtl

f 4105/4105/4105 4106/4106/4106 4107/4107/4107 
f 4107/4107/4107 4106/4106/4106 4108/4108/4108 
f 4109/4109/4109 4110/4110/4110 4111/4111/4111 
f 4111/4111/4111 4110/4110/4110 4112/4112/4112 
f 4113/4113/4113 4114/4114/4114 4115/4115/4115 
f 4115/4115/4115 4114/4114/4114 4116/4116/4116 
f 4117/4117/4117 4118/4118/4118 4119/4119/4119 
f 4119/4119/4119 4118/4118/4118 4120/4120/4120 
f 4121/4121/4121 4122/4122/4122 4123/4123/4123 
f 4123/4123/4123 4122/4122/4122 4124/4124/4124 
f 4125/4125/4125 4126/4126/4126 4127/4127/4127 
f 4127/4127/4127 4126/4126/4126 4128/4128/4128 

g Volcanopart120

v -8.97917 68.6864 -70.6514 
v -0.425438 26.5793 -135.446 
v -9.43711 62.3935 -66.6224 
v -0.883379 20.2864 -131.417 
v 39.6267 26.9117 -130.374 
v -0.425438 26.5793 -135.446 
v 31.073 69.0188 -65.58 
v -8.97917 68.6864 -70.6514 
v -0.425438 26.5793 -135.446 
v 39.6267 26.9117 -130.374 
v -0.883379 20.2864 -131.417 
v 39.1687 20.6188 -126.345 
v 39.6267 26.9117 -130.374 
v 31.073 69.0188 -65.58 
v 39.1687 20.6188 -126.345 
v 30.615 62.7258 -61.5509 
v 30.615 62.7258 -61.5509 
v -9.43711 62.3935 -66.6224 
v 39.1687 20.6188 -126.345 
v -0.883379 20.2864 -131.417 
v 31.073 69.0188 -65.58 
v -8.97917 68.6864 -70.6514 
v 30.615 62.7258 -61.5509 
v -9.43711 62.3935 -66.6224 

vn -0.992126 -0.00787402 -0.125984 
vn -0.992126 -0.00787402 -0.125984 
vn -0.992126 -0.00787402 -0.125984 
vn -0.992126 -0.00787402 -0.125984 
vn 0.0629921 0.84252 -0.535433 
vn 0.0629921 0.84252 -0.535433 
vn 0.0629921 0.84252 -0.535433 
vn 0.0629921 0.84252 -0.535433 
vn 0.110236 -0.543307 -0.834646 
vn 0.110236 -0.543307 -0.834646 
vn 0.110236 -0.543307 -0.834646 
vn 0.110236 -0.543307 -0.834646 
vn 0.992126 0.00787402 0.125984 
vn 0.992126 0.00787402 0.125984 
vn 0.992126 0.00787402 0.125984 
vn 0.992126 0.00787402 0.125984 
vn -0.0629921 -0.84252 0.535433 
vn -0.0629921 -0.84252 0.535433 
vn -0.0629921 -0.84252 0.535433 
vn -0.0629921 -0.84252 0.535433 
vn -0.110236 0.543307 0.834646 
vn -0.110236 0.543307 0.834646 
vn -0.110236 0.543307 0.834646 
vn -0.110236 0.543307 0.834646 

vt 17.5228 -1.03049 
vt 7.80451 -1.03049 
vt 17.5228 -1.96627 
vt 7.80451 -1.96627 
vt 12.8512 -1.03049 
vt 7.80451 -1.03049 
vt 12.8512 -10.7488 
vt 7.80451 -10.7488 
vt 12.8512 -1.03049 
vt 7.80451 -1.03049 
vt 12.8512 -1.96627 
vt 7.80451 -1.96627 
vt 17.5228 -1.03049 
vt 7.80451 -1.03049 
vt 17.5228 -1.96627 
vt 7.80451 -1.96627 
vt 12.8512 -1.03049 
vt 7.80451 -1.03049 
vt 12.8512 -10.7488 
vt 7.80451 -10.7488 
vt 12.8512 -1.03049 
vt 7.80451 -1.03049 
vt 12.8512 -1.96627 
vt 7.80451 -1.96627 

usemtl Volcanopart1Mtl

f 4129/4129/4129 4130/4130/4130 4131/4131/4131 
f 4131/4131/4131 4130/4130/4130 4132/4132/4132 
f 4133/4133/4133 4134/4134/4134 4135/4135/4135 
f 4135/4135/4135 4134/4134/4134 4136/4136/4136 
f 4137/4137/4137 4138/4138/4138 4139/4139/4139 
f 4139/4139/4139 4138/4138/4138 4140/4140/4140 
f 4141/4141/4141 4142/4142/4142 4143/4143/4143 
f 4143/4143/4143 4142/4142/4142 4144/4144/4144 
f 4145/4145/4145 4146/4146/4146 4147/4147/4147 
f 4147/4147/4147 4146/4146/4146 4148/4148/4148 
f 4149/4149/4149 4150/4150/4150 4151/4151/4151 
f 4151/4151/4151 4150/4150/4150 4152/4152/4152 

g Volcanopart121

v 40.5118 10.7943 81.3359 
v 42.8692 10.2777 154.913 
v 40.549 3.16799 81.2811 
v 42.9064 2.65135 154.858 
v -20.5691 9.95398 156.943 
v 42.8692 10.2777 154.913 
v -22.9265 10.4706 83.3662 
v 40.5118 10.7943 81.3359 
v 42.8692 10.2777 154.913 
v -20.5691 9.95398 156.943 
v 42.9064 2.65135 154.858 
v -20.5319 2.32767 156.888 
v -20.5691 9.95398 156.943 
v -22.9265 10.4706 83.3662 
v -20.5319 2.32767 156.888 
v -22.8894 2.84431 83.3114 
v -22.8894 2.84431 83.3114 
v 40.549 3.16799 81.2811 
v -20.5319 2.32767 156.888 
v 42.9064 2.65135 154.858 
v -22.9265 10.4706 83.3662 
v 40.5118 10.7943 81.3359 
v -22.8894 2.84431 83.3114 
v 40.549 3.16799 81.2811 

vn 1 0.00787402 -0.0314961 
vn 1 0.00787402 -0.0314961 
vn 1 0.00787402 -0.0314961 
vn 1 0.00787402 -0.0314961 
vn -0.00787402 1 0.00787402 
vn -0.00787402 1 0.00787402 
vn -0.00787402 1 0.00787402 
vn -0.00787402 1 0.00787402 
vn 0.0314961 -0.00787402 1 
vn 0.0314961 -0.00787402 1 
vn 0.0314961 -0.00787402 1 
vn 0.0314961 -0.00787402 1 
vn -1 -0.00787402 0.0314961 
vn -1 -0.00787402 0.0314961 
vn -1 -0.00787402 0.0314961 
vn -1 -0.00787402 0.0314961 
vn 0.00787402 -1 -0.00787402 
vn 0.00787402 -1 -0.00787402 
vn 0.00787402 -1 -0.00787402 
vn 0.00787402 -1 -0.00787402 
vn -0.0314961 0.00787402 -1 
vn -0.0314961 0.00787402 -1 
vn -0.0314961 0.00787402 -1 
vn -0.0314961 0.00787402 -1 

vt 11.4791 -7.34147 
vt 2.27707 -7.34147 
vt 11.4791 -8.29479 
vt 2.27707 -8.29479 
vt 10.211 -7.34147 
vt 2.27707 -7.34147 
vt 10.211 -16.5435 
vt 2.27707 -16.5435 
vt 10.211 -7.34147 
vt 2.27707 -7.34147 
vt 10.211 -8.29479 
vt 2.27707 -8.29479 
vt 11.4791 -7.34147 
vt 2.27707 -7.34147 
vt 11.4791 -8.29479 
vt 2.27707 -8.29479 
vt 10.211 -7.34147 
vt 2.27707 -7.34147 
vt 10.211 -16.5435 
vt 2.27707 -16.5435 
vt 10.211 -7.34147 
vt 2.27707 -7.34147 
vt 10.211 -8.29479 
vt 2.27707 -8.29479 

usemtl Volcanopart1Mtl

f 4153/4153/4153 4154/4154/4154 4155/4155/4155 
f 4155/4155/4155 4154/4154/4154 4156/4156/4156 
f 4157/4157/4157 4158/4158/4158 4159/4159/4159 
f 4159/4159/4159 4158/4158/4158 4160/4160/4160 
f 4161/4161/4161 4162/4162/4162 4163/4163/4163 
f 4163/4163/4163 4162/4162/4162 4164/4164/4164 
f 4165/4165/4165 4166/4166/4166 4167/4167/4167 
f 4167/4167/4167 4166/4166/4166 4168/4168/4168 
f 4169/4169/4169 4170/4170/4170 4171/4171/4171 
f 4171/4171/4171 4170/4170/4170 4172/4172/4172 
f 4173/4173/4173 4174/4174/4174 4175/4175/4175 
f 4175/4175/4175 4174/4174/4174 4176/4176/4176 

g Volcanopart122

v 24.7198 31.3746 -118.828 
v 47.6213 16.2461 -163.133 
v 23.9898 24.5228 -116.865 
v 46.8913 9.39441 -161.171 
v 93.7115 17.9885 -139.904 
v 47.6213 16.2461 -163.133 
v 70.81 33.1169 -95.5984 
v 24.7198 31.3746 -118.828 
v 47.6213 16.2461 -163.133 
v 93.7115 17.9885 -139.904 
v 46.8913 9.39441 -161.171 
v 92.9816 11.1368 -137.942 
v 93.7115 17.9885 -139.904 
v 70.81 33.1169 -95.5984 
v 92.9816 11.1368 -137.942 
v 70.0801 26.2652 -93.6361 
v 70.0801 26.2652 -93.6361 
v 23.9898 24.5228 -116.865 
v 92.9816 11.1368 -137.942 
v 46.8913 9.39441 -161.171 
v 70.81 33.1169 -95.5984 
v 24.7198 31.3746 -118.828 
v 70.0801 26.2652 -93.6361 
v 23.9898 24.5228 -116.865 

vn -0.889764 -0.0314961 -0.448819 
vn -0.889764 -0.0314961 -0.448819 
vn -0.889764 -0.0314961 -0.448819 
vn -0.889764 -0.0314961 -0.448819 
vn 0.102362 0.952756 -0.275591 
vn 0.102362 0.952756 -0.275591 
vn 0.102362 0.952756 -0.275591 
vn 0.102362 0.952756 -0.275591 
vn 0.440945 -0.291339 -0.850394 
vn 0.440945 -0.291339 -0.850394 
vn 0.440945 -0.291339 -0.850394 
vn 0.440945 -0.291339 -0.850394 
vn 0.889764 0.0314961 0.448819 
vn 0.889764 0.0314961 0.448819 
vn 0.889764 0.0314961 0.448819 
vn 0.889764 0.0314961 0.448819 
vn -0.102362 -0.952756 0.275591 
vn -0.102362 -0.952756 0.275591 
vn -0.102362 -0.952756 0.275591 
vn -0.102362 -0.952756 0.275591 
vn -0.440945 0.291339 0.850394 
vn -0.440945 0.291339 0.850394 
vn -0.440945 0.291339 0.850394 
vn -0.440945 0.291339 0.850394 

vt 9.85183 6.9695 
vt 3.33703 6.9695 
vt 9.85183 6.07394 
vt 3.33703 6.07394 
vt 9.79234 6.9695 
vt 3.33703 6.9695 
vt 9.79234 0.454705 
vt 3.33703 0.454705 
vt 9.79234 6.9695 
vt 3.33703 6.9695 
vt 9.79234 6.07394 
vt 3.33703 6.07394 
vt 9.85183 6.9695 
vt 3.33703 6.9695 
vt 9.85183 6.07394 
vt 3.33703 6.07394 
vt 9.79234 6.9695 
vt 3.33703 6.9695 
vt 9.79234 0.454705 
vt 3.33703 0.454705 
vt 9.79234 6.9695 
vt 3.33703 6.9695 
vt 9.79234 6.07394 
vt 3.33703 6.07394 

usemtl Volcanopart1Mtl

f 4177/4177/4177 4178/4178/4178 4179/4179/4179 
f 4179/4179/4179 4178/4178/4178 4180/4180/4180 
f 4181/4181/4181 4182/4182/4182 4183/4183/4183 
f 4183/4183/4183 4182/4182/4182 4184/4184/4184 
f 4185/4185/4185 4186/4186/4186 4187/4187/4187 
f 4187/4187/4187 4186/4186/4186 4188/4188/4188 
f 4189/4189/4189 4190/4190/4190 4191/4191/4191 
f 4191/4191/4191 4190/4190/4190 4192/4192/4192 
f 4193/4193/4193 4194/4194/4194 4195/4195/4195 
f 4195/4195/4195 4194/4194/4194 4196/4196/4196 
f 4197/4197/4197 4198/4198/4198 4199/4199/4199 
f 4199/4199/4199 4198/4198/4198 4200/4200/4200 

g Volcanopart123

v 17.7787 52.9013 40.2018 
v 10.1849 25.637 90.5589 
v 18.1065 47.4319 37.29 
v 10.5127 20.1676 87.6471 
v -33.2066 26.3223 84.3866 
v 10.1849 25.637 90.5589 
v -25.6129 53.5866 34.0295 
v 17.7787 52.9013 40.2018 
v 10.1849 25.637 90.5589 
v -33.2066 26.3223 84.3866 
v 10.5127 20.1676 87.6471 
v -32.8788 20.8529 81.4747 
v -33.2066 26.3223 84.3866 
v -25.6129 53.5866 34.0295 
v -32.8788 20.8529 81.4747 
v -25.285 48.1171 31.1177 
v -25.285 48.1171 31.1177 
v 18.1065 47.4319 37.29 
v -32.8788 20.8529 81.4747 
v 10.5127 20.1676 87.6471 
v -25.6129 53.5866 34.0295 
v 17.7787 52.9013 40.2018 
v -25.285 48.1171 31.1177 
v 18.1065 47.4319 37.29 

vn 0.992126 -0.015748 0.141732 
vn 0.992126 -0.015748 0.141732 
vn 0.992126 -0.015748 0.141732 
vn 0.992126 -0.015748 0.141732 
vn -0.0551181 0.88189 0.472441 
vn -0.0551181 0.88189 0.472441 
vn -0.0551181 0.88189 0.472441 
vn -0.0551181 0.88189 0.472441 
vn -0.133858 -0.472441 0.874016 
vn -0.133858 -0.472441 0.874016 
vn -0.133858 -0.472441 0.874016 
vn -0.133858 -0.472441 0.874016 
vn -0.992126 0.015748 -0.141732 
vn -0.992126 0.015748 -0.141732 
vn -0.992126 0.015748 -0.141732 
vn -0.992126 0.015748 -0.141732 
vn 0.0551181 -0.88189 -0.472441 
vn 0.0551181 -0.88189 -0.472441 
vn 0.0551181 -0.88189 -0.472441 
vn 0.0551181 -0.88189 -0.472441 
vn 0.133858 0.472441 -0.874016 
vn 0.133858 0.472441 -0.874016 
vn 0.133858 0.472441 -0.874016 
vn 0.133858 0.472441 -0.874016 

vt 1.94299 5.41752 
vt -5.27768 5.41752 
vt 1.94299 4.64191 
vt -5.27768 4.64191 
vt 0.201537 5.41752 
vt -5.27768 5.41752 
vt 0.201537 -1.80315 
vt -5.27768 -1.80315 
vt 0.201537 5.41752 
vt -5.27768 5.41752 
vt 0.201537 4.64191 
vt -5.27768 4.64191 
vt 1.94299 5.41752 
vt -5.27768 5.41752 
vt 1.94299 4.64191 
vt -5.27768 4.64191 
vt 0.201537 5.41752 
vt -5.27768 5.41752 
vt 0.201537 -1.80315 
vt -5.27768 -1.80315 
vt 0.201537 5.41752 
vt -5.27768 5.41752 
vt 0.201537 4.64191 
vt -5.27768 4.64191 

usemtl Volcanopart1Mtl

f 4201/4201/4201 4202/4202/4202 4203/4203/4203 
f 4203/4203/4203 4202/4202/4202 4204/4204/4204 
f 4205/4205/4205 4206/4206/4206 4207/4207/4207 
f 4207/4207/4207 4206/4206/4206 4208/4208/4208 
f 4209/4209/4209 4210/4210/4210 4211/4211/4211 
f 4211/4211/4211 4210/4210/4210 4212/4212/4212 
f 4213/4213/4213 4214/4214/4214 4215/4215/4215 
f 4215/4215/4215 4214/4214/4214 4216/4216/4216 
f 4217/4217/4217 4218/4218/4218 4219/4219/4219 
f 4219/4219/4219 4218/4218/4218 4220/4220/4220 
f 4221/4221/4221 4222/4222/4222 4223/4223/4223 
f 4223/4223/4223 4222/4222/4222 4224/4224/4224 

g Volcanopart124

v 25.8325 92.641 -47.3002 
v 73.6758 43.8557 -60.5912 
v 20.9905 87.4408 -45.6421 
v 68.8339 38.6556 -58.9331 
v 83.1753 44.8041 -29.8771 
v 73.6758 43.8557 -60.5912 
v 35.332 93.5893 -16.5861 
v 25.8325 92.641 -47.3002 
v 73.6758 43.8557 -60.5912 
v 83.1753 44.8041 -29.8771 
v 68.8339 38.6556 -58.9331 
v 78.3334 39.6039 -28.219 
v 83.1753 44.8041 -29.8771 
v 35.332 93.5893 -16.5861 
v 78.3334 39.6039 -28.219 
v 30.4901 88.3892 -14.928 
v 30.4901 88.3892 -14.928 
v 20.9905 87.4408 -45.6421 
v 78.3334 39.6039 -28.219 
v 68.8339 38.6556 -58.9331 
v 35.332 93.5893 -16.5861 
v 25.8325 92.641 -47.3002 
v 30.4901 88.3892 -14.928 
v 20.9905 87.4408 -45.6421 

vn -0.299213 -0.0314961 -0.952756 
vn -0.299213 -0.0314961 -0.952756 
vn -0.299213 -0.0314961 -0.952756 
vn -0.299213 -0.0314961 -0.952756 
vn 0.661417 0.716535 -0.228346 
vn 0.661417 0.716535 -0.228346 
vn 0.661417 0.716535 -0.228346 
vn 0.661417 0.716535 -0.228346 
vn 0.685039 -0.700787 -0.188976 
vn 0.685039 -0.700787 -0.188976 
vn 0.685039 -0.700787 -0.188976 
vn 0.685039 -0.700787 -0.188976 
vn 0.299213 0.0314961 0.952756 
vn 0.299213 0.0314961 0.952756 
vn 0.299213 0.0314961 0.952756 
vn 0.299213 0.0314961 0.952756 
vn -0.661417 -0.716535 0.228346 
vn -0.661417 -0.716535 0.228346 
vn -0.661417 -0.716535 0.228346 
vn -0.661417 -0.716535 0.228346 
vn -0.685039 0.700787 0.188976 
vn -0.685039 0.700787 0.188976 
vn -0.685039 0.700787 0.188976 
vn -0.685039 0.700787 0.188976 

vt 5.22874 -1.03076 
vt -3.47258 -1.03076 
vt 5.22874 -1.94279 
vt -3.47258 -1.94279 
vt 0.547864 -1.03076 
vt -3.47258 -1.03076 
vt 0.547864 -9.73208 
vt -3.47258 -9.73208 
vt 0.547864 -1.03076 
vt -3.47258 -1.03076 
vt 0.547864 -1.94279 
vt -3.47258 -1.94279 
vt 5.22874 -1.03076 
vt -3.47258 -1.03076 
vt 5.22874 -1.94279 
vt -3.47258 -1.94279 
vt 0.547864 -1.03076 
vt -3.47258 -1.03076 
vt 0.547864 -9.73208 
vt -3.47258 -9.73208 
vt 0.547864 -1.03076 
vt -3.47258 -1.03076 
vt 0.547864 -1.94279 
vt -3.47258 -1.94279 

usemtl Volcanopart1Mtl

f 4225/4225/4225 4226/4226/4226 4227/4227/4227 
f 4227/4227/4227 4226/4226/4226 4228/4228/4228 
f 4229/4229/4229 4230/4230/4230 4231/4231/4231 
f 4231/4231/4231 4230/4230/4230 4232/4232/4232 
f 4233/4233/4233 4234/4234/4234 4235/4235/4235 
f 4235/4235/4235 4234/4234/4234 4236/4236/4236 
f 4237/4237/4237 4238/4238/4238 4239/4239/4239 
f 4239/4239/4239 4238/4238/4238 4240/4240/4240 
f 4241/4241/4241 4242/4242/4242 4243/4243/4243 
f 4243/4243/4243 4242/4242/4242 4244/4244/4244 
f 4245/4245/4245 4246/4246/4246 4247/4247/4247 
f 4247/4247/4247 4246/4246/4246 4248/4248/4248 

g Volcanopart125

v 40.4183 40.1756 -95.6294 
v 83.2065 17.9975 -139.059 
v 39.2218 35.7644 -94.5555 
v 82.0101 13.5863 -137.985 
v 118.179 17.0211 -104.105 
v 83.2065 17.9975 -139.059 
v 75.3904 39.1992 -60.6753 
v 40.4183 40.1756 -95.6294 
v 83.2065 17.9975 -139.059 
v 118.179 17.0211 -104.105 
v 82.0101 13.5863 -137.985 
v 116.982 12.6099 -103.031 
v 118.179 17.0211 -104.105 
v 75.3904 39.1992 -60.6753 
v 116.982 12.6099 -103.031 
v 74.1939 34.7879 -59.6014 
v 74.1939 34.7879 -59.6014 
v 39.2218 35.7644 -94.5555 
v 116.982 12.6099 -103.031 
v 82.0101 13.5863 -137.985 
v 75.3904 39.1992 -60.6753 
v 40.4183 40.1756 -95.6294 
v 74.1939 34.7879 -59.6014 
v 39.2218 35.7644 -94.5555 

vn -0.708661 0.023622 -0.708661 
vn -0.708661 0.023622 -0.708661 
vn -0.708661 0.023622 -0.708661 
vn -0.708661 0.023622 -0.708661 
vn 0.251969 0.937008 -0.228346 
vn 0.251969 0.937008 -0.228346 
vn 0.251969 0.937008 -0.228346 
vn 0.251969 0.937008 -0.228346 
vn 0.661417 -0.338583 -0.669291 
vn 0.661417 -0.338583 -0.669291 
vn 0.661417 -0.338583 -0.669291 
vn 0.661417 -0.338583 -0.669291 
vn 0.708661 -0.023622 0.708661 
vn 0.708661 -0.023622 0.708661 
vn 0.708661 -0.023622 0.708661 
vn 0.708661 -0.023622 0.708661 
vn -0.251969 -0.937008 0.228346 
vn -0.251969 -0.937008 0.228346 
vn -0.251969 -0.937008 0.228346 
vn -0.251969 -0.937008 0.228346 
vn -0.661417 0.338583 0.669291 
vn -0.661417 0.338583 0.669291 
vn -0.661417 0.338583 0.669291 
vn -0.661417 0.338583 0.669291 

vt 13.2877 -1.21611 
vt 5.17828 -1.21611 
vt 13.2877 -1.80299 
vt 5.17828 -1.80299 
vt 11.3601 -1.21611 
vt 5.17828 -1.21611 
vt 11.3601 -9.32556 
vt 5.17828 -9.32556 
vt 11.3601 -1.21611 
vt 5.17828 -1.21611 
vt 11.3601 -1.80299 
vt 5.17828 -1.80299 
vt 13.2877 -1.21611 
vt 5.17828 -1.21611 
vt 13.2877 -1.80299 
vt 5.17828 -1.80299 
vt 11.3601 -1.21611 
vt 5.17828 -1.21611 
vt 11.3601 -9.32556 
vt 5.17828 -9.32556 
vt 11.3601 -1.21611 
vt 5.17828 -1.21611 
vt 11.3601 -1.80299 
vt 5.17828 -1.80299 

usemtl Volcanopart1Mtl

f 4249/4249/4249 4250/4250/4250 4251/4251/4251 
f 4251/4251/4251 4250/4250/4250 4252/4252/4252 
f 4253/4253/4253 4254/4254/4254 4255/4255/4255 
f 4255/4255/4255 4254/4254/4254 4256/4256/4256 
f 4257/4257/4257 4258/4258/4258 4259/4259/4259 
f 4259/4259/4259 4258/4258/4258 4260/4260/4260 
f 4261/4261/4261 4262/4262/4262 4263/4263/4263 
f 4263/4263/4263 4262/4262/4262 4264/4264/4264 
f 4265/4265/4265 4266/4266/4266 4267/4267/4267 
f 4267/4267/4267 4266/4266/4266 4268/4268/4268 
f 4269/4269/4269 4270/4270/4270 4271/4271/4271 
f 4271/4271/4271 4270/4270/4270 4272/4272/4272 

g Volcanopart126

v -45.2806 34.5332 28.6818 
v -114.77 11.6338 62.4352 
v -43.6436 28.1251 27.7043 
v -113.133 5.22565 61.4578 
v -137.819 12.8571 15.8123 
v -114.77 11.6338 62.4352 
v -68.3302 35.7566 -17.9412 
v -45.2806 34.5332 28.6818 
v -114.77 11.6338 62.4352 
v -137.819 12.8571 15.8123 
v -113.133 5.22565 61.4578 
v -136.182 6.44899 14.8348 
v -137.819 12.8571 15.8123 
v -68.3302 35.7566 -17.9412 
v -136.182 6.44899 14.8348 
v -66.6932 29.3485 -18.9186 
v -66.6932 29.3485 -18.9186 
v -43.6436 28.1251 27.7043 
v -136.182 6.44899 14.8348 
v -113.133 5.22565 61.4578 
v -68.3302 35.7566 -17.9412 
v -45.2806 34.5332 28.6818 
v -66.6932 29.3485 -18.9186 
v -43.6436 28.1251 27.7043 

vn 0.440945 -0.023622 0.897638 
vn 0.440945 -0.023622 0.897638 
vn 0.440945 -0.023622 0.897638 
vn 0.440945 -0.023622 0.897638 
vn -0.244094 0.96063 0.149606 
vn -0.244094 0.96063 0.149606 
vn -0.244094 0.96063 0.149606 
vn -0.244094 0.96063 0.149606 
vn -0.866142 -0.283465 0.417323 
vn -0.866142 -0.283465 0.417323 
vn -0.866142 -0.283465 0.417323 
vn -0.866142 -0.283465 0.417323 
vn -0.440945 0.023622 -0.897638 
vn -0.440945 0.023622 -0.897638 
vn -0.440945 0.023622 -0.897638 
vn -0.440945 0.023622 -0.897638 
vn 0.244094 -0.96063 -0.149606 
vn 0.244094 -0.96063 -0.149606 
vn 0.244094 -0.96063 -0.149606 
vn 0.244094 -0.96063 -0.149606 
vn 0.866142 0.283465 -0.417323 
vn 0.866142 0.283465 -0.417323 
vn 0.866142 0.283465 -0.417323 
vn 0.866142 0.283465 -0.417323 

vt 18.1004 -0.205026 
vt 8.0285 -0.205026 
vt 18.1004 -1.04074 
vt 8.0285 -1.04074 
vt 14.5315 -0.205026 
vt 8.0285 -0.205026 
vt 14.5315 -10.277 
vt 8.0285 -10.277 
vt 14.5315 -0.205026 
vt 8.0285 -0.205026 
vt 14.5315 -1.04074 
vt 8.0285 -1.04074 
vt 18.1004 -0.205026 
vt 8.0285 -0.205026 
vt 18.1004 -1.04074 
vt 8.0285 -1.04074 
vt 14.5315 -0.205026 
vt 8.0285 -0.205026 
vt 14.5315 -10.277 
vt 8.0285 -10.277 
vt 14.5315 -0.205026 
vt 8.0285 -0.205026 
vt 14.5315 -1.04074 
vt 8.0285 -1.04074 

usemtl Volcanopart1Mtl

f 4273/4273/4273 4274/4274/4274 4275/4275/4275 
f 4275/4275/4275 4274/4274/4274 4276/4276/4276 
f 4277/4277/4277 4278/4278/4278 4279/4279/4279 
f 4279/4279/4279 4278/4278/4278 4280/4280/4280 
f 4281/4281/4281 4282/4282/4282 4283/4283/4283 
f 4283/4283/4283 4282/4282/4282 4284/4284/4284 
f 4285/4285/4285 4286/4286/4286 4287/4287/4287 
f 4287/4287/4287 4286/4286/4286 4288/4288/4288 
f 4289/4289/4289 4290/4290/4290 4291/4291/4291 
f 4291/4291/4291 4290/4290/4290 4292/4292/4292 
f 4293/4293/4293 4294/4294/4294 4295/4295/4295 
f 4295/4295/4295 4294/4294/4294 4296/4296/4296 

g Volcanopart127

v 2.91919 53.1326 43.1708 
v -14.2737 27.2106 88.4904 
v 4.02424 48.1059 40.7149 
v -13.1686 22.1839 86.0345 
v -55.0444 26.1117 72.3947 
v -14.2737 27.2106 88.4904 
v -37.8516 52.0337 27.0751 
v 2.91919 53.1326 43.1708 
v -14.2737 27.2106 88.4904 
v -55.0444 26.1117 72.3947 
v -13.1686 22.1839 86.0345 
v -53.9394 21.085 69.9388 
v -55.0444 26.1117 72.3947 
v -37.8516 52.0337 27.0751 
v -53.9394 21.085 69.9388 
v -36.7465 47.007 24.6191 
v -36.7465 47.007 24.6191 
v 4.02424 48.1059 40.7149 
v -53.9394 21.085 69.9388 
v -13.1686 22.1839 86.0345 
v -37.8516 52.0337 27.0751 
v 2.91919 53.1326 43.1708 
v -36.7465 47.007 24.6191 
v 4.02424 48.1059 40.7149 

vn 0.929134 0.023622 0.370079 
vn 0.929134 0.023622 0.370079 
vn 0.929134 0.023622 0.370079 
vn 0.929134 0.023622 0.370079 
vn -0.19685 0.88189 0.433071 
vn -0.19685 0.88189 0.433071 
vn -0.19685 0.88189 0.433071 
vn -0.19685 0.88189 0.433071 
vn -0.314961 -0.472441 0.826772 
vn -0.314961 -0.472441 0.826772 
vn -0.314961 -0.472441 0.826772 
vn -0.314961 -0.472441 0.826772 
vn -0.929134 -0.023622 -0.370079 
vn -0.929134 -0.023622 -0.370079 
vn -0.929134 -0.023622 -0.370079 
vn -0.929134 -0.023622 -0.370079 
vn 0.19685 -0.88189 -0.433071 
vn 0.19685 -0.88189 -0.433071 
vn 0.19685 -0.88189 -0.433071 
vn 0.19685 -0.88189 -0.433071 
vn 0.314961 0.472441 -0.826772 
vn 0.314961 0.472441 -0.826772 
vn 0.314961 0.472441 -0.826772 
vn 0.314961 0.472441 -0.826772 

vt 9.55989 -5.49415 
vt 2.68897 -5.49415 
vt 9.55989 -6.20698 
vt 2.68897 -6.20698 
vt 8.16981 -5.49415 
vt 2.68897 -5.49415 
vt 8.16981 -12.3651 
vt 2.68897 -12.3651 
vt 8.16981 -5.49415 
vt 2.68897 -5.49415 
vt 8.16981 -6.20698 
vt 2.68897 -6.20698 
vt 9.55989 -5.49415 
vt 2.68897 -5.49415 
vt 9.55989 -6.20698 
vt 2.68897 -6.20698 
vt 8.16981 -5.49415 
vt 2.68897 -5.49415 
vt 8.16981 -12.3651 
vt 2.68897 -12.3651 
vt 8.16981 -5.49415 
vt 2.68897 -5.49415 
vt 8.16981 -6.20698 
vt 2.68897 -6.20698 

usemtl Volcanopart1Mtl

f 4297/4297/4297 4298/4298/4298 4299/4299/4299 
f 4299/4299/4299 4298/4298/4298 4300/4300/4300 
f 4301/4301/4301 4302/4302/4302 4303/4303/4303 
f 4303/4303/4303 4302/4302/4302 4304/4304/4304 
f 4305/4305/4305 4306/4306/4306 4307/4307/4307 
f 4307/4307/4307 4306/4306/4306 4308/4308/4308 
f 4309/4309/4309 4310/4310/4310 4311/4311/4311 
f 4311/4311/4311 4310/4310/4310 4312/4312/4312 
f 4313/4313/4313 4314/4314/4314 4315/4315/4315 
f 4315/4315/4315 4314/4314/4314 4316/4316/4316 
f 4317/4317/4317 4318/4318/4318 4319/4319/4319 
f 4319/4319/4319 4318/4318/4318 4320/4320/4320 

g Volcanopart128

v 104.022 17.3955 -42.56 
v 175.804 9.28085 -33.6305 
v 103.34 11.3813 -42.543 
v 175.122 3.26669 -33.6135 
v 168.613 10.2618 25.0685 
v 175.804 9.28085 -33.6305 
v 96.8311 18.3764 16.1389 
v 104.022 17.3955 -42.56 
v 175.804 9.28085 -33.6305 
v 168.613 10.2618 25.0685 
v 175.122 3.26669 -33.6135 
v 167.931 4.24765 25.0854 
v 168.613 10.2618 25.0685 
v 96.8311 18.3764 16.1389 
v 167.931 4.24765 25.0854 
v 96.1491 12.3623 16.1559 
v 96.1491 12.3623 16.1559 
v 103.34 11.3813 -42.543 
v 167.931 4.24765 25.0854 
v 175.122 3.26669 -33.6135 
v 96.8311 18.3764 16.1389 
v 104.022 17.3955 -42.56 
v 96.1491 12.3623 16.1559 
v 103.34 11.3813 -42.543 

vn 0.11811 -0.015748 -0.992126 
vn 0.11811 -0.015748 -0.992126 
vn 0.11811 -0.015748 -0.992126 
vn 0.11811 -0.015748 -0.992126 
vn 0.110236 0.992126 0 
vn 0.110236 0.992126 0 
vn 0.110236 0.992126 0 
vn 0.110236 0.992126 0 
vn 0.984252 -0.110236 0.125984 
vn 0.984252 -0.110236 0.125984 
vn 0.984252 -0.110236 0.125984 
vn 0.984252 -0.110236 0.125984 
vn -0.11811 0.015748 0.992126 
vn -0.11811 0.015748 0.992126 
vn -0.11811 0.015748 0.992126 
vn -0.11811 0.015748 0.992126 
vn -0.110236 -0.992126 0 
vn -0.110236 -0.992126 0 
vn -0.110236 -0.992126 0 
vn -0.110236 -0.992126 0 
vn -0.984252 0.110236 -0.125984 
vn -0.984252 0.110236 -0.125984 
vn -0.984252 0.110236 -0.125984 
vn -0.984252 0.110236 -0.125984 

vt 0.50685 -4.63444 
vt -8.59176 -4.63444 
vt 0.50685 -5.39103 
vt -8.59176 -5.39103 
vt -1.19852 -4.63444 
vt -8.59176 -4.63444 
vt -1.19852 -13.7331 
vt -8.59176 -13.7331 
vt -1.19852 -4.63444 
vt -8.59176 -4.63444 
vt -1.19852 -5.39103 
vt -8.59176 -5.39103 
vt 0.50685 -4.63444 
vt -8.59176 -4.63444 
vt 0.50685 -5.39103 
vt -8.59176 -5.39103 
vt -1.19852 -4.63444 
vt -8.59176 -4.63444 
vt -1.19852 -13.7331 
vt -8.59176 -13.7331 
vt -1.19852 -4.63444 
vt -8.59176 -4.63444 
vt -1.19852 -5.39103 
vt -8.59176 -5.39103 

usemtl Volcanopart1Mtl

f 4321/4321/4321 4322/4322/4322 4323/4323/4323 
f 4323/4323/4323 4322/4322/4322 4324/4324/4324 
f 4325/4325/4325 4326/4326/4326 4327/4327/4327 
f 4327/4327/4327 4326/4326/4326 4328/4328/4328 
f 4329/4329/4329 4330/4330/4330 4331/4331/4331 
f 4331/4331/4331 4330/4330/4330 4332/4332/4332 
f 4333/4333/4333 4334/4334/4334 4335/4335/4335 
f 4335/4335/4335 4334/4334/4334 4336/4336/4336 
f 4337/4337/4337 4338/4338/4338 4339/4339/4339 
f 4339/4339/4339 4338/4338/4338 4340/4340/4340 
f 4341/4341/4341 4342/4342/4342 4343/4343/4343 
f 4343/4343/4343 4342/4342/4342 4344/4344/4344 

g Volcanopart129

v -19.234 72.4817 -66.0353 
v -26.4491 32.9859 -122.25 
v -19.2704 67.7062 -62.6754 
v -26.4854 28.2104 -118.89 
v 12.2399 30.4508 -125.434 
v -26.4491 32.9859 -122.25 
v 19.4549 69.9466 -69.2199 
v -19.234 72.4817 -66.0353 
v -26.4491 32.9859 -122.25 
v 12.2399 30.4508 -125.434 
v -26.4854 28.2104 -118.89 
v 12.2035 25.6753 -122.074 
v 12.2399 30.4508 -125.434 
v 19.4549 69.9466 -69.2199 
v 12.2035 25.6753 -122.074 
v 19.4185 65.1711 -65.86 
v 19.4185 65.1711 -65.86 
v -19.2704 67.7062 -62.6754 
v 12.2035 25.6753 -122.074 
v -26.4854 28.2104 -118.89 
v 19.4549 69.9466 -69.2199 
v -19.234 72.4817 -66.0353 
v 19.4185 65.1711 -65.86 
v -19.2704 67.7062 -62.6754 

vn -0.992126 0.0629921 0.0787402 
vn -0.992126 0.0629921 0.0787402 
vn -0.992126 0.0629921 0.0787402 
vn -0.992126 0.0629921 0.0787402 
vn 0.00787402 0.818898 -0.574803 
vn 0.00787402 0.818898 -0.574803 
vn 0.00787402 0.818898 -0.574803 
vn 0.00787402 0.818898 -0.574803 
vn -0.102362 -0.574803 -0.811024 
vn -0.102362 -0.574803 -0.811024 
vn -0.102362 -0.574803 -0.811024 
vn -0.102362 -0.574803 -0.811024 
vn 0.992126 -0.0629921 -0.0787402 
vn 0.992126 -0.0629921 -0.0787402 
vn 0.992126 -0.0629921 -0.0787402 
vn 0.992126 -0.0629921 -0.0787402 
vn -0.00787402 -0.818898 0.574803 
vn -0.00787402 -0.818898 0.574803 
vn -0.00787402 -0.818898 0.574803 
vn -0.00787402 -0.818898 0.574803 
vn 0.102362 0.574803 0.811024 
vn 0.102362 0.574803 0.811024 
vn 0.102362 0.574803 0.811024 
vn 0.102362 0.574803 0.811024 

vt 6.09593 4.19158 
vt -2.53904 4.19158 
vt 6.09593 3.46169 
vt -2.53904 3.46169 
vt 2.32377 4.19158 
vt -2.53904 4.19158 
vt 2.32377 -4.4434 
vt -2.53904 -4.4434 
vt 2.32377 4.19158 
vt -2.53904 4.19158 
vt 2.32377 3.46169 
vt -2.53904 3.46169 
vt 6.09593 4.19158 
vt -2.53904 4.19158 
vt 6.09593 3.46169 
vt -2.53904 3.46169 
vt 2.32377 4.19158 
vt -2.53904 4.19158 
vt 2.32377 -4.4434 
vt -2.53904 -4.4434 
vt 2.32377 4.19158 
vt -2.53904 4.19158 
vt 2.32377 3.46169 
vt -2.53904 3.46169 

usemtl Volcanopart1Mtl

f 4345/4345/4345 4346/4346/4346 4347/4347/4347 
f 4347/4347/4347 4346/4346/4346 4348/4348/4348 
f 4349/4349/4349 4350/4350/4350 4351/4351/4351 
f 4351/4351/4351 4350/4350/4350 4352/4352/4352 
f 4353/4353/4353 4354/4354/4354 4355/4355/4355 
f 4355/4355/4355 4354/4354/4354 4356/4356/4356 
f 4357/4357/4357 4358/4358/4358 4359/4359/4359 
f 4359/4359/4359 4358/4358/4358 4360/4360/4360 
f 4361/4361/4361 4362/4362/4362 4363/4363/4363 
f 4363/4363/4363 4362/4362/4362 4364/4364/4364 
f 4365/4365/4365 4366/4366/4366 4367/4367/4367 
f 4367/4367/4367 4366/4366/4366 4368/4368/4368 

g Volcanopart130

v 24.6149 52.206 -86.1023 
v 61.0455 22.4492 -132.85 
v 23.0211 46.4748 -83.6962 
v 59.4517 16.718 -130.444 
v 96.7321 23.8315 -105.919 
v 61.0455 22.4492 -132.85 
v 60.3015 53.5883 -59.1714 
v 24.6149 52.206 -86.1023 
v 61.0455 22.4492 -132.85 
v 96.7321 23.8315 -105.919 
v 59.4517 16.718 -130.444 
v 95.1384 18.1003 -103.513 
v 96.7321 23.8315 -105.919 
v 60.3015 53.5883 -59.1714 
v 95.1384 18.1003 -103.513 
v 58.7077 47.8571 -56.7653 
v 58.7077 47.8571 -56.7653 
v 23.0211 46.4748 -83.6962 
v 95.1384 18.1003 -103.513 
v 59.4517 16.718 -130.444 
v 60.3015 53.5883 -59.1714 
v 24.6149 52.206 -86.1023 
v 58.7077 47.8571 -56.7653 
v 23.0211 46.4748 -83.6962 

vn -0.795276 -0.0314961 -0.598425 
vn -0.795276 -0.0314961 -0.598425 
vn -0.795276 -0.0314961 -0.598425 
vn -0.795276 -0.0314961 -0.598425 
vn 0.251969 0.889764 -0.377953 
vn 0.251969 0.889764 -0.377953 
vn 0.251969 0.889764 -0.377953 
vn 0.251969 0.889764 -0.377953 
vn 0.551181 -0.448819 -0.708661 
vn 0.551181 -0.448819 -0.708661 
vn 0.551181 -0.448819 -0.708661 
vn 0.551181 -0.448819 -0.708661 
vn 0.795276 0.0314961 0.598425 
vn 0.795276 0.0314961 0.598425 
vn 0.795276 0.0314961 0.598425 
vn 0.795276 0.0314961 0.598425 
vn -0.251969 -0.889764 0.377953 
vn -0.251969 -0.889764 0.377953 
vn -0.251969 -0.889764 0.377953 
vn -0.251969 -0.889764 0.377953 
vn -0.551181 0.448819 0.708661 
vn -0.551181 0.448819 0.708661 
vn -0.551181 0.448819 0.708661 
vn -0.551181 0.448819 0.708661 

vt 5.07283 -2.44421 
vt -3.21684 -2.44421 
vt 5.07283 -3.24631 
vt -3.21684 -3.24631 
vt 2.37433 -2.44421 
vt -3.21684 -2.44421 
vt 2.37433 -10.7339 
vt -3.21684 -10.7339 
vt 2.37433 -2.44421 
vt -3.21684 -2.44421 
vt 2.37433 -3.24631 
vt -3.21684 -3.24631 
vt 5.07283 -2.44421 
vt -3.21684 -2.44421 
vt 5.07283 -3.24631 
vt -3.21684 -3.24631 
vt 2.37433 -2.44421 
vt -3.21684 -2.44421 
vt 2.37433 -10.7339 
vt -3.21684 -10.7339 
vt 2.37433 -2.44421 
vt -3.21684 -2.44421 
vt 2.37433 -3.24631 
vt -3.21684 -3.24631 

usemtl Volcanopart1Mtl

f 4369/4369/4369 4370/4370/4370 4371/4371/4371 
f 4371/4371/4371 4370/4370/4370 4372/4372/4372 
f 4373/4373/4373 4374/4374/4374 4375/4375/4375 
f 4375/4375/4375 4374/4374/4374 4376/4376/4376 
f 4377/4377/4377 4378/4378/4378 4379/4379/4379 
f 4379/4379/4379 4378/4378/4378 4380/4380/4380 
f 4381/4381/4381 4382/4382/4382 4383/4383/4383 
f 4383/4383/4383 4382/4382/4382 4384/4384/4384 
f 4385/4385/4385 4386/4386/4386 4387/4387/4387 
f 4387/4387/4387 4386/4386/4386 4388/4388/4388 
f 4389/4389/4389 4390/4390/4390 4391/4391/4391 
f 4391/4391/4391 4390/4390/4390 4392/4392/4392 

g Volcanopart131

v 15.6439 62.3227 -80.0794 
v 40.1996 32.0861 -119.841 
v 13.9967 56.6987 -76.8199 
v 38.5524 26.4622 -116.582 
v 74.9916 33.6567 -99.5487 
v 40.1996 32.0861 -119.841 
v 50.4359 63.8932 -59.787 
v 15.6439 62.3227 -80.0794 
v 40.1996 32.0861 -119.841 
v 74.9916 33.6567 -99.5487 
v 38.5524 26.4622 -116.582 
v 73.3444 28.0327 -96.2892 
v 74.9916 33.6567 -99.5487 
v 50.4359 63.8932 -59.787 
v 73.3444 28.0327 -96.2892 
v 48.7887 58.2692 -56.5276 
v 48.7887 58.2692 -56.5276 
v 13.9967 56.6987 -76.8199 
v 73.3444 28.0327 -96.2892 
v 38.5524 26.4622 -116.582 
v 50.4359 63.8932 -59.787 
v 15.6439 62.3227 -80.0794 
v 48.7887 58.2692 -56.5276 
v 13.9967 56.6987 -76.8199 

vn -0.866142 -0.0393701 -0.503937 
vn -0.866142 -0.0393701 -0.503937 
vn -0.866142 -0.0393701 -0.503937 
vn -0.866142 -0.0393701 -0.503937 
vn 0.244094 0.84252 -0.488189 
vn 0.244094 0.84252 -0.488189 
vn 0.244094 0.84252 -0.488189 
vn 0.244094 0.84252 -0.488189 
vn 0.440945 -0.543307 -0.716535 
vn 0.440945 -0.543307 -0.716535 
vn 0.440945 -0.543307 -0.716535 
vn 0.440945 -0.543307 -0.716535 
vn 0.866142 0.0393701 0.503937 
vn 0.866142 0.0393701 0.503937 
vn 0.866142 0.0393701 0.503937 
vn 0.866142 0.0393701 0.503937 
vn -0.244094 -0.84252 0.488189 
vn -0.244094 -0.84252 0.488189 
vn -0.244094 -0.84252 0.488189 
vn -0.244094 -0.84252 0.488189 
vn -0.440945 0.543307 0.716535 
vn -0.440945 0.543307 0.716535 
vn -0.440945 0.543307 0.716535 
vn -0.440945 0.543307 0.716535 

vt 11.1587 -5.02887 
vt 4.201 -5.02887 
vt 11.1587 -5.86708 
vt 4.201 -5.86708 
vt 9.23949 -5.02887 
vt 4.201 -5.02887 
vt 9.23949 -11.9866 
vt 4.201 -11.9866 
vt 9.23949 -5.02887 
vt 4.201 -5.02887 
vt 9.23949 -5.86708 
vt 4.201 -5.86708 
vt 11.1587 -5.02887 
vt 4.201 -5.02887 
vt 11.1587 -5.86708 
vt 4.201 -5.86708 
vt 9.23949 -5.02887 
vt 4.201 -5.02887 
vt 9.23949 -11.9866 
vt 4.201 -11.9866 
vt 9.23949 -5.02887 
vt 4.201 -5.02887 
vt 9.23949 -5.86708 
vt 4.201 -5.86708 

usemtl Volcanopart1Mtl

f 4393/4393/4393 4394/4394/4394 4395/4395/4395 
f 4395/4395/4395 4394/4394/4394 4396/4396/4396 
f 4397/4397/4397 4398/4398/4398 4399/4399/4399 
f 4399/4399/4399 4398/4398/4398 4400/4400/4400 
f 4401/4401/4401 4402/4402/4402 4403/4403/4403 
f 4403/4403/4403 4402/4402/4402 4404/4404/4404 
f 4405/4405/4405 4406/4406/4406 4407/4407/4407 
f 4407/4407/4407 4406/4406/4406 4408/4408/4408 
f 4409/4409/4409 4410/4410/4410 4411/4411/4411 
f 4411/4411/4411 4410/4410/4410 4412/4412/4412 
f 4413/4413/4413 4414/4414/4414 4415/4415/4415 
f 4415/4415/4415 4414/4414/4414 4416/4416/4416 

g Volcanopart132

v 59.52 17.8355 70.9115 
v 74.496 10.1926 131.07 
v 59.301 9.8609 69.9529 
v 74.2771 2.21806 130.111 
v 17.451 10.0541 145.253 
v 74.496 10.1926 131.07 
v 2.47496 17.6969 85.0949 
v 59.52 17.8355 70.9115 
v 74.496 10.1926 131.07 
v 17.451 10.0541 145.253 
v 74.2771 2.21806 130.111 
v 17.232 2.07949 144.295 
v 17.451 10.0541 145.253 
v 2.47496 17.6969 85.0949 
v 17.232 2.07949 144.295 
v 2.25598 9.72233 84.1362 
v 2.25598 9.72233 84.1362 
v 59.301 9.8609 69.9529 
v 17.232 2.07949 144.295 
v 74.2771 2.21806 130.111 
v 2.47496 17.6969 85.0949 
v 59.52 17.8355 70.9115 
v 2.25598 9.72233 84.1362 
v 59.301 9.8609 69.9529 

vn 0.968504 0 -0.244094 
vn 0.968504 0 -0.244094 
vn 0.968504 0 -0.244094 
vn 0.968504 0 -0.244094 
vn 0.023622 0.992126 0.11811 
vn 0.023622 0.992126 0.11811 
vn 0.023622 0.992126 0.11811 
vn 0.023622 0.992126 0.11811 
vn 0.23622 -0.125984 0.96063 
vn 0.23622 -0.125984 0.96063 
vn 0.23622 -0.125984 0.96063 
vn 0.23622 -0.125984 0.96063 
vn -0.968504 0 0.244094 
vn -0.968504 0 0.244094 
vn -0.968504 0 0.244094 
vn -0.968504 0 0.244094 
vn -0.023622 -0.992126 -0.11811 
vn -0.023622 -0.992126 -0.11811 
vn -0.023622 -0.992126 -0.11811 
vn -0.023622 -0.992126 -0.11811 
vn -0.23622 0.125984 -0.96063 
vn -0.23622 0.125984 -0.96063 
vn -0.23622 0.125984 -0.96063 
vn -0.23622 0.125984 -0.96063 

vt 13.0976 5.82633 
vt 5.28958 5.82633 
vt 13.0976 4.82196 
vt 5.28958 4.82196 
vt 12.6373 5.82633 
vt 5.28958 5.82633 
vt 12.6373 -1.98167 
vt 5.28958 -1.98167 
vt 12.6373 5.82633 
vt 5.28958 5.82633 
vt 12.6373 4.82196 
vt 5.28958 4.82196 
vt 13.0976 5.82633 
vt 5.28958 5.82633 
vt 13.0976 4.82196 
vt 5.28958 4.82196 
vt 12.6373 5.82633 
vt 5.28958 5.82633 
vt 12.6373 -1.98167 
vt 5.28958 -1.98167 
vt 12.6373 5.82633 
vt 5.28958 5.82633 
vt 12.6373 4.82196 
vt 5.28958 4.82196 

usemtl Volcanopart1Mtl

f 4417/4417/4417 4418/4418/4418 4419/4419/4419 
f 4419/4419/4419 4418/4418/4418 4420/4420/4420 
f 4421/4421/4421 4422/4422/4422 4423/4423/4423 
f 4423/4423/4423 4422/4422/4422 4424/4424/4424 
f 4425/4425/4425 4426/4426/4426 4427/4427/4427 
f 4427/4427/4427 4426/4426/4426 4428/4428/4428 
f 4429/4429/4429 4430/4430/4430 4431/4431/4431 
f 4431/4431/4431 4430/4430/4430 4432/4432/4432 
f 4433/4433/4433 4434/4434/4434 4435/4435/4435 
f 4435/4435/4435 4434/4434/4434 4436/4436/4436 
f 4437/4437/4437 4438/4438/4438 4439/4439/4439 
f 4439/4439/4439 4438/4438/4438 4440/4440/4440 

g Volcanopart133

v 50.1946 63.5198 -44.2756 
v 122.689 21.4939 -41.2927 
v 47.9709 59.6886 -44.2104 
v 120.465 17.6627 -41.2275 
v 121.697 22.7903 1.06372 
v 122.689 21.4939 -41.2927 
v 49.2033 64.8161 -1.91919 
v 50.1946 63.5198 -44.2756 
v 122.689 21.4939 -41.2927 
v 121.697 22.7903 1.06372 
v 120.465 17.6627 -41.2275 
v 119.474 18.9591 1.12894 
v 121.697 22.7903 1.06372 
v 49.2033 64.8161 -1.91919 
v 119.474 18.9591 1.12894 
v 46.9796 60.985 -1.85398 
v 46.9796 60.985 -1.85398 
v 47.9709 59.6886 -44.2104 
v 119.474 18.9591 1.12894 
v 120.465 17.6627 -41.2275 
v 49.2033 64.8161 -1.91919 
v 50.1946 63.5198 -44.2756 
v 46.9796 60.985 -1.85398 
v 47.9709 59.6886 -44.2104 

vn 0.023622 -0.0314961 -1 
vn 0.023622 -0.0314961 -1 
vn 0.023622 -0.0314961 -1 
vn 0.023622 -0.0314961 -1 
vn 0.503937 0.866142 -0.015748 
vn 0.503937 0.866142 -0.015748 
vn 0.503937 0.866142 -0.015748 
vn 0.503937 0.866142 -0.015748 
vn 0.866142 -0.503937 0.0393701 
vn 0.866142 -0.503937 0.0393701 
vn 0.866142 -0.503937 0.0393701 
vn 0.866142 -0.503937 0.0393701 
vn -0.023622 0.0314961 1 
vn -0.023622 0.0314961 1 
vn -0.023622 0.0314961 1 
vn -0.023622 0.0314961 1 
vn -0.503937 -0.866142 0.015748 
vn -0.503937 -0.866142 0.015748 
vn -0.503937 -0.866142 0.015748 
vn -0.503937 -0.866142 0.015748 
vn -0.866142 0.503937 -0.0393701 
vn -0.866142 0.503937 -0.0393701 
vn -0.866142 0.503937 -0.0393701 
vn -0.866142 0.503937 -0.0393701 

vt 8.44004 -2.26371 
vt -2.04094 -2.26371 
vt 8.44004 -2.81748 
vt -2.04094 -2.81748 
vt 3.25755 -2.26371 
vt -2.04094 -2.26371 
vt 3.25755 -12.7447 
vt -2.04094 -12.7447 
vt 3.25755 -2.26371 
vt -2.04094 -2.26371 
vt 3.25755 -2.81748 
vt -2.04094 -2.81748 
vt 8.44004 -2.26371 
vt -2.04094 -2.26371 
vt 8.44004 -2.81748 
vt -2.04094 -2.81748 
vt 3.25755 -2.26371 
vt -2.04094 -2.26371 
vt 3.25755 -12.7447 
vt -2.04094 -12.7447 
vt 3.25755 -2.26371 
vt -2.04094 -2.26371 
vt 3.25755 -2.81748 
vt -2.04094 -2.81748 

usemtl Volcanopart1Mtl

f 4441/4441/4441 4442/4442/4442 4443/4443/4443 
f 4443/4443/4443 4442/4442/4442 4444/4444/4444 
f 4445/4445/4445 4446/4446/4446 4447/4447/4447 
f 4447/4447/4447 4446/4446/4446 4448/4448/4448 
f 4449/4449/4449 4450/4450/4450 4451/4451/4451 
f 4451/4451/4451 4450/4450/4450 4452/4452/4452 
f 4453/4453/4453 4454/4454/4454 4455/4455/4455 
f 4455/4455/4455 4454/4454/4454 4456/4456/4456 
f 4457/4457/4457 4458/4458/4458 4459/4459/4459 
f 4459/4459/4459 4458/4458/4458 4460/4460/4460 
f 4461/4461/4461 4462/4462/4462 4463/4463/4463 
f 4463/4463/4463 4462/4462/4462 4464/4464/4464 

g Volcanopart134

v -82.1688 33.5774 -38.0612 
v -135.667 15.713 -63.5845 
v -80.3277 26.6761 -37.09 
v -133.826 8.8117 -62.6132 
v -113.225 15.1369 -110.22 
v -135.667 15.713 -63.5845 
v -59.7271 33.0013 -84.697 
v -82.1688 33.5774 -38.0612 
v -135.667 15.713 -63.5845 
v -113.225 15.1369 -110.22 
v -133.826 8.8117 -62.6132 
v -111.384 8.23557 -109.249 
v -113.225 15.1369 -110.22 
v -59.7271 33.0013 -84.697 
v -111.384 8.23557 -109.249 
v -57.8859 26.1 -83.7257 
v -57.8859 26.1 -83.7257 
v -80.3277 26.6761 -37.09 
v -111.384 8.23557 -109.249 
v -133.826 8.8117 -62.6132 
v -59.7271 33.0013 -84.697 
v -82.1688 33.5774 -38.0612 
v -57.8859 26.1 -83.7257 
v -80.3277 26.6761 -37.09 

vn -0.433071 0.00787402 0.897638 
vn -0.433071 0.00787402 0.897638 
vn -0.433071 0.00787402 0.897638 
vn -0.433071 0.00787402 0.897638 
vn -0.251969 0.96063 -0.133858 
vn -0.251969 0.96063 -0.133858 
vn -0.251969 0.96063 -0.133858 
vn -0.251969 0.96063 -0.133858 
vn -0.866142 -0.291339 -0.409449 
vn -0.866142 -0.291339 -0.409449 
vn -0.866142 -0.291339 -0.409449 
vn -0.866142 -0.291339 -0.409449 
vn 0.433071 -0.00787402 -0.897638 
vn 0.433071 -0.00787402 -0.897638 
vn 0.433071 -0.00787402 -0.897638 
vn 0.433071 -0.00787402 -0.897638 
vn 0.251969 -0.96063 0.133858 
vn 0.251969 -0.96063 0.133858 
vn 0.251969 -0.96063 0.133858 
vn 0.251969 -0.96063 0.133858 
vn 0.866142 0.291339 0.409449 
vn 0.866142 0.291339 0.409449 
vn 0.866142 0.291339 0.409449 
vn 0.866142 0.291339 0.409449 

vt 14.5051 2.63546 
vt 6.76661 2.63546 
vt 14.5051 1.73441 
vt 6.76661 1.73441 
vt 13.2363 2.63546 
vt 6.76661 2.63546 
vt 13.2363 -5.10305 
vt 6.76661 -5.10305 
vt 13.2363 2.63546 
vt 6.76661 2.63546 
vt 13.2363 1.73441 
vt 6.76661 1.73441 
vt 14.5051 2.63546 
vt 6.76661 2.63546 
vt 14.5051 1.73441 
vt 6.76661 1.73441 
vt 13.2363 2.63546 
vt 6.76661 2.63546 
vt 13.2363 -5.10305 
vt 6.76661 -5.10305 
vt 13.2363 2.63546 
vt 6.76661 2.63546 
vt 13.2363 1.73441 
vt 6.76661 1.73441 

usemtl Volcanopart1Mtl

f 4465/4465/4465 4466/4466/4466 4467/4467/4467 
f 4467/4467/4467 4466/4466/4466 4468/4468/4468 
f 4469/4469/4469 4470/4470/4470 4471/4471/4471 
f 4471/4471/4471 4470/4470/4470 4472/4472/4472 
f 4473/4473/4473 4474/4474/4474 4475/4475/4475 
f 4475/4475/4475 4474/4474/4474 4476/4476/4476 
f 4477/4477/4477 4478/4478/4478 4479/4479/4479 
f 4479/4479/4479 4478/4478/4478 4480/4480/4480 
f 4481/4481/4481 4482/4482/4482 4483/4483/4483 
f 4483/4483/4483 4482/4482/4482 4484/4484/4484 
f 4485/4485/4485 4486/4486/4486 4487/4487/4487 
f 4487/4487/4487 4486/4486/4486 4488/4488/4488 

g Volcanopart135

v 95.0399 10.8688 29.2568 
v 147.563 10.439 89.2805 
v 95.0461 5.52092 29.2132 
v 147.569 5.0911 89.2368 
v 99.7636 10.043 131.104 
v 147.563 10.439 89.2805 
v 47.2408 10.4728 71.0799 
v 95.0399 10.8688 29.2568 
v 147.563 10.439 89.2805 
v 99.7636 10.043 131.104 
v 147.569 5.0911 89.2368 
v 99.7697 4.69513 131.06 
v 99.7636 10.043 131.104 
v 47.2408 10.4728 71.0799 
v 99.7697 4.69513 131.06 
v 47.247 5.12495 71.0362 
v 47.247 5.12495 71.0362 
v 95.0461 5.52092 29.2132 
v 99.7697 4.69513 131.06 
v 147.569 5.0911 89.2368 
v 47.2408 10.4728 71.0799 
v 95.0399 10.8688 29.2568 
v 47.247 5.12495 71.0362 
v 95.0461 5.52092 29.2132 

vn 0.755906 0.00787402 -0.661417 
vn 0.755906 0.00787402 -0.661417 
vn 0.755906 0.00787402 -0.661417 
vn 0.755906 0.00787402 -0.661417 
vn 0 1 0.00787402 
vn 0 1 0.00787402 
vn 0 1 0.00787402 
vn 0 1 0.00787402 
vn 0.661417 -0.00787402 0.755906 
vn 0.661417 -0.00787402 0.755906 
vn 0.661417 -0.00787402 0.755906 
vn 0.661417 -0.00787402 0.755906 
vn -0.755906 -0.00787402 0.661417 
vn -0.755906 -0.00787402 0.661417 
vn -0.755906 -0.00787402 0.661417 
vn -0.755906 -0.00787402 0.661417 
vn 0 -1 -0.00787402 
vn 0 -1 -0.00787402 
vn 0 -1 -0.00787402 
vn 0 -1 -0.00787402 
vn -0.661417 0.00787402 -0.755906 
vn -0.661417 0.00787402 -0.755906 
vn -0.661417 0.00787402 -0.755906 
vn -0.661417 0.00787402 -0.755906 

vt 16.4189 3.50369 
vt 6.44893 3.50369 
vt 16.4189 2.83519 
vt 6.44893 2.83519 
vt 14.3882 3.50369 
vt 6.44893 3.50369 
vt 14.3882 -6.46631 
vt 6.44893 -6.46631 
vt 14.3882 3.50369 
vt 6.44893 3.50369 
vt 14.3882 2.83519 
vt 6.44893 2.83519 
vt 16.4189 3.50369 
vt 6.44893 3.50369 
vt 16.4189 2.83519 
vt 6.44893 2.83519 
vt 14.3882 3.50369 
vt 6.44893 3.50369 
vt 14.3882 -6.46631 
vt 6.44893 -6.46631 
vt 14.3882 3.50369 
vt 6.44893 3.50369 
vt 14.3882 2.83519 
vt 6.44893 2.83519 

usemtl Volcanopart1Mtl

f 4489/4489/4489 4490/4490/4490 4491/4491/4491 
f 4491/4491/4491 4490/4490/4490 4492/4492/4492 
f 4493/4493/4493 4494/4494/4494 4495/4495/4495 
f 4495/4495/4495 4494/4494/4494 4496/4496/4496 
f 4497/4497/4497 4498/4498/4498 4499/4499/4499 
f 4499/4499/4499 4498/4498/4498 4500/4500/4500 
f 4501/4501/4501 4502/4502/4502 4503/4503/4503 
f 4503/4503/4503 4502/4502/4502 4504/4504/4504 
f 4505/4505/4505 4506/4506/4506 4507/4507/4507 
f 4507/4507/4507 4506/4506/4506 4508/4508/4508 
f 4509/4509/4509 4510/4510/4510 4511/4511/4511 
f 4511/4511/4511 4510/4510/4510 4512/4512/4512 

g Volcanopart136

v -52.7437 34.1228 19.058 
v -129.984 11.4348 41.1881 
v -50.7108 26.6069 18.4482 
v -127.951 3.91888 40.5783 
v -144.5 11.6048 -9.30052 
v -129.984 11.4348 41.1881 
v -67.2591 34.2928 -31.4306 
v -52.7437 34.1228 19.058 
v -129.984 11.4348 41.1881 
v -144.5 11.6048 -9.30052 
v -127.951 3.91888 40.5783 
v -142.467 4.08888 -9.9103 
v -144.5 11.6048 -9.30052 
v -67.2591 34.2928 -31.4306 
v -142.467 4.08888 -9.9103 
v -65.2262 26.7769 -32.0404 
v -65.2262 26.7769 -32.0404 
v -50.7108 26.6069 18.4482 
v -142.467 4.08888 -9.9103 
v -127.951 3.91888 40.5783 
v -67.2591 34.2928 -31.4306 
v -52.7437 34.1228 19.058 
v -65.2262 26.7769 -32.0404 
v -50.7108 26.6069 18.4482 

vn 0.275591 0 0.96063 
vn 0.275591 0 0.96063 
vn 0.275591 0 0.96063 
vn 0.275591 0 0.96063 
vn -0.259843 0.96063 0.0787402 
vn -0.259843 0.96063 0.0787402 
vn -0.259843 0.96063 0.0787402 
vn -0.259843 0.96063 0.0787402 
vn -0.92126 -0.275591 0.267717 
vn -0.92126 -0.275591 0.267717 
vn -0.92126 -0.275591 0.267717 
vn -0.92126 -0.275591 0.267717 
vn -0.275591 0 -0.96063 
vn -0.275591 0 -0.96063 
vn -0.275591 0 -0.96063 
vn -0.275591 0 -0.96063 
vn 0.259843 -0.96063 -0.0787402 
vn 0.259843 -0.96063 -0.0787402 
vn 0.259843 -0.96063 -0.0787402 
vn 0.259843 -0.96063 -0.0787402 
vn 0.92126 0.275591 -0.267717 
vn 0.92126 0.275591 -0.267717 
vn 0.92126 0.275591 -0.267717 
vn 0.92126 0.275591 -0.267717 

vt 11.1037 -4.48501 
vt 0.667425 -4.48501 
vt 11.1037 -5.46124 
vt 0.667425 -5.46124 
vt 7.23418 -4.48501 
vt 0.667425 -4.48501 
vt 7.23418 -14.9213 
vt 0.667425 -14.9213 
vt 7.23418 -4.48501 
vt 0.667425 -4.48501 
vt 7.23418 -5.46124 
vt 0.667425 -5.46124 
vt 11.1037 -4.48501 
vt 0.667425 -4.48501 
vt 11.1037 -5.46124 
vt 0.667425 -5.46124 
vt 7.23418 -4.48501 
vt 0.667425 -4.48501 
vt 7.23418 -14.9213 
vt 0.667425 -14.9213 
vt 7.23418 -4.48501 
vt 0.667425 -4.48501 
vt 7.23418 -5.46124 
vt 0.667425 -5.46124 

usemtl Volcanopart1Mtl

f 4513/4513/4513 4514/4514/4514 4515/4515/4515 
f 4515/4515/4515 4514/4514/4514 4516/4516/4516 
f 4517/4517/4517 4518/4518/4518 4519/4519/4519 
f 4519/4519/4519 4518/4518/4518 4520/4520/4520 
f 4521/4521/4521 4522/4522/4522 4523/4523/4523 
f 4523/4523/4523 4522/4522/4522 4524/4524/4524 
f 4525/4525/4525 4526/4526/4526 4527/4527/4527 
f 4527/4527/4527 4526/4526/4526 4528/4528/4528 
f 4529/4529/4529 4530/4530/4530 4531/4531/4531 
f 4531/4531/4531 4530/4530/4530 4532/4532/4532 
f 4533/4533/4533 4534/4534/4534 4535/4535/4535 
f 4535/4535/4535 4534/4534/4534 4536/4536/4536 

g Volcanopart137

v -10.272 54.6356 -77.7722 
v -0.0570879 17.6466 -152.133 
v -10.263 47.892 -74.4165 
v -0.0481291 10.903 -148.777 
v 44.6185 20.1421 -147.237 
v -0.0570879 17.6466 -152.133 
v 34.4037 57.1311 -72.8765 
v -10.272 54.6356 -77.7722 
v -0.0570879 17.6466 -152.133 
v 44.6185 20.1421 -147.237 
v -0.0481291 10.903 -148.777 
v 44.6275 13.3985 -143.881 
v 44.6185 20.1421 -147.237 
v 34.4037 57.1311 -72.8765 
v 44.6275 13.3985 -143.881 
v 34.4126 50.3875 -69.5208 
v 34.4126 50.3875 -69.5208 
v -10.263 47.892 -74.4165 
v 44.6275 13.3985 -143.881 
v -0.0481291 10.903 -148.777 
v 34.4037 57.1311 -72.8765 
v -10.272 54.6356 -77.7722 
v 34.4126 50.3875 -69.5208 
v -10.263 47.892 -74.4165 

vn -0.992126 -0.0551181 -0.110236 
vn -0.992126 -0.0551181 -0.110236 
vn -0.992126 -0.0551181 -0.110236 
vn -0.992126 -0.0551181 -0.110236 
vn 0 0.897638 -0.448819 
vn 0 0.897638 -0.448819 
vn 0 0.897638 -0.448819 
vn 0 0.897638 -0.448819 
vn 0.125984 -0.440945 -0.889764 
vn 0.125984 -0.440945 -0.889764 
vn 0.125984 -0.440945 -0.889764 
vn 0.125984 -0.440945 -0.889764 
vn 0.992126 0.0551181 0.110236 
vn 0.992126 0.0551181 0.110236 
vn 0.992126 0.0551181 0.110236 
vn 0.992126 0.0551181 0.110236 
vn 0 -0.897638 0.448819 
vn 0 -0.897638 0.448819 
vn 0 -0.897638 0.448819 
vn 0 -0.897638 0.448819 
vn -0.125984 0.440945 0.889764 
vn -0.125984 0.440945 0.889764 
vn -0.125984 0.440945 0.889764 
vn -0.125984 0.440945 0.889764 

vt 16.0334 -2.99426 
vt 5.57361 -2.99426 
vt 16.0334 -3.9358 
vt 5.57361 -3.9358 
vt 11.2001 -2.99426 
vt 5.57361 -2.99426 
vt 11.2001 -13.454 
vt 5.57361 -13.454 
vt 11.2001 -2.99426 
vt 5.57361 -2.99426 
vt 11.2001 -3.9358 
vt 5.57361 -3.9358 
vt 16.0334 -2.99426 
vt 5.57361 -2.99426 
vt 16.0334 -3.9358 
vt 5.57361 -3.9358 
vt 11.2001 -2.99426 
vt 5.57361 -2.99426 
vt 11.2001 -13.454 
vt 5.57361 -13.454 
vt 11.2001 -2.99426 
vt 5.57361 -2.99426 
vt 11.2001 -3.9358 
vt 5.57361 -3.9358 

usemtl Volcanopart1Mtl

f 4537/4537/4537 4538/4538/4538 4539/4539/4539 
f 4539/4539/4539 4538/4538/4538 4540/4540/4540 
f 4541/4541/4541 4542/4542/4542 4543/4543/4543 
f 4543/4543/4543 4542/4542/4542 4544/4544/4544 
f 4545/4545/4545 4546/4546/4546 4547/4547/4547 
f 4547/4547/4547 4546/4546/4546 4548/4548/4548 
f 4549/4549/4549 4550/4550/4550 4551/4551/4551 
f 4551/4551/4551 4550/4550/4550 4552/4552/4552 
f 4553/4553/4553 4554/4554/4554 4555/4555/4555 
f 4555/4555/4555 4554/4554/4554 4556/4556/4556 
f 4557/4557/4557 4558/4558/4558 4559/4559/4559 
f 4559/4559/4559 4558/4558/4558 4560/4560/4560 

g Volcanopart138

v -12.326 43.5701 -92.6725 
v -5.33445 16.7015 -162.747 
v -12.7197 36.2475 -89.9042 
v -5.72818 9.37893 -159.979 
v 43.1898 16.0213 -157.645 
v -5.33445 16.7015 -162.747 
v 36.1983 42.8899 -87.5703 
v -12.326 43.5701 -92.6725 
v -5.33445 16.7015 -162.747 
v 43.1898 16.0213 -157.645 
v -5.72818 9.37893 -159.979 
v 42.7961 8.69879 -154.877 
v 43.1898 16.0213 -157.645 
v 36.1983 42.8899 -87.5703 
v 42.7961 8.69879 -154.877 
v 35.8045 35.5674 -84.802 
v 35.8045 35.5674 -84.802 
v -12.7197 36.2475 -89.9042 
v 42.7961 8.69879 -154.877 
v -5.72818 9.37893 -159.979 
v 36.1983 42.8899 -87.5703 
v -12.326 43.5701 -92.6725 
v 35.8045 35.5674 -84.802 
v -12.7197 36.2475 -89.9042 

vn -0.992126 0.015748 -0.102362 
vn -0.992126 0.015748 -0.102362 
vn -0.992126 0.015748 -0.102362 
vn -0.992126 0.015748 -0.102362 
vn 0.0472441 0.937008 -0.354331 
vn 0.0472441 0.937008 -0.354331 
vn 0.0472441 0.937008 -0.354331 
vn 0.0472441 0.937008 -0.354331 
vn 0.0944882 -0.354331 -0.929134 
vn 0.0944882 -0.354331 -0.929134 
vn 0.0944882 -0.354331 -0.929134 
vn 0.0944882 -0.354331 -0.929134 
vn 0.992126 -0.015748 0.102362 
vn 0.992126 -0.015748 0.102362 
vn 0.992126 -0.015748 0.102362 
vn 0.992126 -0.015748 0.102362 
vn -0.0472441 -0.937008 0.354331 
vn -0.0472441 -0.937008 0.354331 
vn -0.0472441 -0.937008 0.354331 
vn -0.0472441 -0.937008 0.354331 
vn -0.0944882 0.354331 0.929134 
vn -0.0944882 0.354331 0.929134 
vn -0.0944882 0.354331 0.929134 
vn -0.0944882 0.354331 0.929134 

vt 5.21886 8.44943 
vt -4.2029 8.44943 
vt 5.21886 7.46964 
vt -4.2029 7.46964 
vt 1.89667 8.44943 
vt -4.2029 8.44943 
vt 1.89667 -0.972337 
vt -4.2029 -0.972337 
vt 1.89667 8.44943 
vt -4.2029 8.44943 
vt 1.89667 7.46964 
vt -4.2029 7.46964 
vt 5.21886 8.44943 
vt -4.2029 8.44943 
vt 5.21886 7.46964 
vt -4.2029 7.46964 
vt 1.89667 8.44943 
vt -4.2029 8.44943 
vt 1.89667 -0.972337 
vt -4.2029 -0.972337 
vt 1.89667 8.44943 
vt -4.2029 8.44943 
vt 1.89667 7.46964 
vt -4.2029 7.46964 

usemtl Volcanopart1Mtl

f 4561/4561/4561 4562/4562/4562 4563/4563/4563 
f 4563/4563/4563 4562/4562/4562 4564/4564/4564 
f 4565/4565/4565 4566/4566/4566 4567/4567/4567 
f 4567/4567/4567 4566/4566/4566 4568/4568/4568 
f 4569/4569/4569 4570/4570/4570 4571/4571/4571 
f 4571/4571/4571 4570/4570/4570 4572/4572/4572 
f 4573/4573/4573 4574/4574/4574 4575/4575/4575 
f 4575/4575/4575 4574/4574/4574 4576/4576/4576 
f 4577/4577/4577 4578/4578/4578 4579/4579/4579 
f 4579/4579/4579 4578/4578/4578 4580/4580/4580 
f 4581/4581/4581 4582/4582/4582 4583/4583/4583 
f 4583/4583/4583 4582/4582/4582 4584/4584/4584 

g Volcanopart139

v -23.6538 52.6713 37.3313 
v -56.9521 27.0115 72.2683 
v -21.4244 46.862 35.1895 
v -54.7227 21.2022 70.1265 
v -88.4476 26.2087 41.6604 
v -56.9521 27.0115 72.2683 
v -55.1494 51.8685 6.72345 
v -23.6538 52.6713 37.3313 
v -56.9521 27.0115 72.2683 
v -88.4476 26.2087 41.6604 
v -54.7227 21.2022 70.1265 
v -86.2182 20.3994 39.5186 
v -88.4476 26.2087 41.6604 
v -55.1494 51.8685 6.72345 
v -86.2182 20.3994 39.5186 
v -52.9199 46.0593 4.58167 
v -52.9199 46.0593 4.58167 
v -21.4244 46.862 35.1895 
v -86.2182 20.3994 39.5186 
v -54.7227 21.2022 70.1265 
v -55.1494 51.8685 6.72345 
v -23.6538 52.6713 37.3313 
v -52.9199 46.0593 4.58167 
v -21.4244 46.862 35.1895 

vn 0.716535 0.015748 0.692913 
vn 0.716535 0.015748 0.692913 
vn 0.716535 0.015748 0.692913 
vn 0.716535 0.015748 0.692913 
vn -0.338583 0.88189 0.322835 
vn -0.338583 0.88189 0.322835 
vn -0.338583 0.88189 0.322835 
vn -0.338583 0.88189 0.322835 
vn -0.606299 -0.472441 0.637795 
vn -0.606299 -0.472441 0.637795 
vn -0.606299 -0.472441 0.637795 
vn -0.606299 -0.472441 0.637795 
vn -0.716535 -0.015748 -0.692913 
vn -0.716535 -0.015748 -0.692913 
vn -0.716535 -0.015748 -0.692913 
vn -0.716535 -0.015748 -0.692913 
vn 0.338583 -0.88189 -0.322835 
vn 0.338583 -0.88189 -0.322835 
vn 0.338583 -0.88189 -0.322835 
vn 0.338583 -0.88189 -0.322835 
vn 0.606299 0.472441 -0.637795 
vn 0.606299 0.472441 -0.637795 
vn 0.606299 0.472441 -0.637795 
vn 0.606299 0.472441 -0.637795 

vt 5.83255 2.6919 
vt -1.00003 2.6919 
vt 5.83255 1.86931 
vt -1.00003 1.86931 
vt 4.49066 2.6919 
vt -1.00003 2.6919 
vt 4.49066 -4.14069 
vt -1.00003 -4.14069 
vt 4.49066 2.6919 
vt -1.00003 2.6919 
vt 4.49066 1.86931 
vt -1.00003 1.86931 
vt 5.83255 2.6919 
vt -1.00003 2.6919 
vt 5.83255 1.86931 
vt -1.00003 1.86931 
vt 4.49066 2.6919 
vt -1.00003 2.6919 
vt 4.49066 -4.14069 
vt -1.00003 -4.14069 
vt 4.49066 2.6919 
vt -1.00003 2.6919 
vt 4.49066 1.86931 
vt -1.00003 1.86931 

usemtl Volcanopart1Mtl

f 4585/4585/4585 4586/4586/4586 4587/4587/4587 
f 4587/4587/4587 4586/4586/4586 4588/4588/4588 
f 4589/4589/4589 4590/4590/4590 4591/4591/4591 
f 4591/4591/4591 4590/4590/4590 4592/4592/4592 
f 4593/4593/4593 4594/4594/4594 4595/4595/4595 
f 4595/4595/4595 4594/4594/4594 4596/4596/4596 
f 4597/4597/4597 4598/4598/4598 4599/4599/4599 
f 4599/4599/4599 4598/4598/4598 4600/4600/4600 
f 4601/4601/4601 4602/4602/4602 4603/4603/4603 
f 4603/4603/4603 4602/4602/4602 4604/4604/4604 
f 4605/4605/4605 4606/4606/4606 4607/4607/4607 
f 4607/4607/4607 4606/4606/4606 4608/4608/4608 

g Volcanopart140

v 16.5967 23.7795 -111.581 
v 51.1126 10.4238 -181.365 
v 15.9985 16.183 -110.423 
v 50.5145 2.82725 -180.207 
v 101.916 10.2587 -156.206 
v 51.1126 10.4238 -181.365 
v 67.3998 23.6145 -86.4218 
v 16.5967 23.7795 -111.581 
v 51.1126 10.4238 -181.365 
v 101.916 10.2587 -156.206 
v 50.5145 2.82725 -180.207 
v 101.318 2.66218 -155.048 
v 101.916 10.2587 -156.206 
v 67.3998 23.6145 -86.4218 
v 101.318 2.66218 -155.048 
v 66.8017 16.0179 -85.2638 
v 66.8017 16.0179 -85.2638 
v 15.9985 16.183 -110.423 
v 101.318 2.66218 -155.048 
v 50.5145 2.82725 -180.207 
v 67.3998 23.6145 -86.4218 
v 16.5967 23.7795 -111.581 
v 66.8017 16.0179 -85.2638 
v 15.9985 16.183 -110.423 

vn -0.897638 0 -0.440945 
vn -0.897638 0 -0.440945 
vn -0.897638 0 -0.440945 
vn -0.897638 0 -0.440945 
vn 0.0787402 0.984252 -0.149606 
vn 0.0787402 0.984252 -0.149606 
vn 0.0787402 0.984252 -0.149606 
vn 0.0787402 0.984252 -0.149606 
vn 0.433071 -0.165354 -0.88189 
vn 0.433071 -0.165354 -0.88189 
vn 0.433071 -0.165354 -0.88189 
vn 0.433071 -0.165354 -0.88189 
vn 0.897638 0 0.440945 
vn 0.897638 0 0.440945 
vn 0.897638 0 0.440945 
vn 0.897638 0 0.440945 
vn -0.0787402 -0.984252 0.149606 
vn -0.0787402 -0.984252 0.149606 
vn -0.0787402 -0.984252 0.149606 
vn -0.0787402 -0.984252 0.149606 
vn -0.433071 0.165354 0.88189 
vn -0.433071 0.165354 0.88189 
vn -0.433071 0.165354 0.88189 
vn -0.433071 0.165354 0.88189 

vt 6.45308 9.00829 
vt -3.42075 9.00829 
vt 6.45308 8.04485 
vt -3.42075 8.04485 
vt 3.66575 9.00829 
vt -3.42075 9.00829 
vt 3.66575 -0.865545 
vt -3.42075 -0.865545 
vt 3.66575 9.00829 
vt -3.42075 9.00829 
vt 3.66575 8.04485 
vt -3.42075 8.04485 
vt 6.45308 9.00829 
vt -3.42075 9.00829 
vt 6.45308 8.04485 
vt -3.42075 8.04485 
vt 3.66575 9.00829 
vt -3.42075 9.00829 
vt 3.66575 -0.865545 
vt -3.42075 -0.865545 
vt 3.66575 9.00829 
vt -3.42075 9.00829 
vt 3.66575 8.04485 
vt -3.42075 8.04485 

usemtl Volcanopart1Mtl

f 4609/4609/4609 4610/4610/4610 4611/4611/4611 
f 4611/4611/4611 4610/4610/4610 4612/4612/4612 
f 4613/4613/4613 4614/4614/4614 4615/4615/4615 
f 4615/4615/4615 4614/4614/4614 4616/4616/4616 
f 4617/4617/4617 4618/4618/4618 4619/4619/4619 
f 4619/4619/4619 4618/4618/4618 4620/4620/4620 
f 4621/4621/4621 4622/4622/4622 4623/4623/4623 
f 4623/4623/4623 4622/4622/4622 4624/4624/4624 
f 4625/4625/4625 4626/4626/4626 4627/4627/4627 
f 4627/4627/4627 4626/4626/4626 4628/4628/4628 
f 4629/4629/4629 4630/4630/4630 4631/4631/4631 
f 4631/4631/4631 4630/4630/4630 4632/4632/4632 

g Volcanopart141

v -92.4271 11.9883 -74.3905 
v -146.286 10.6623 -125.406 
v -92.3699 5.47731 -74.2817 
v -146.229 4.1513 -125.297 
v -103.046 10.2798 -171.047 
v -146.286 10.6623 -125.406 
v -49.1864 11.6058 -120.031 
v -92.4271 11.9883 -74.3905 
v -146.286 10.6623 -125.406 
v -103.046 10.2798 -171.047 
v -146.229 4.1513 -125.297 
v -102.988 3.76874 -170.938 
v -103.046 10.2798 -171.047 
v -49.1864 11.6058 -120.031 
v -102.988 3.76874 -170.938 
v -49.1292 5.09475 -119.923 
v -49.1292 5.09475 -119.923 
v -92.3699 5.47731 -74.2817 
v -102.988 3.76874 -170.938 
v -146.229 4.1513 -125.297 
v -49.1864 11.6058 -120.031 
v -92.4271 11.9883 -74.3905 
v -49.1292 5.09475 -119.923 
v -92.3699 5.47731 -74.2817 

vn -0.685039 0.00787402 0.724409 
vn -0.685039 0.00787402 0.724409 
vn -0.685039 0.00787402 0.724409 
vn -0.685039 0.00787402 0.724409 
vn -0.00787402 1 -0.015748 
vn -0.00787402 1 -0.015748 
vn -0.00787402 1 -0.015748 
vn -0.00787402 1 -0.015748 
vn -0.724409 -0.015748 -0.685039 
vn -0.724409 -0.015748 -0.685039 
vn -0.724409 -0.015748 -0.685039 
vn -0.724409 -0.015748 -0.685039 
vn 0.685039 -0.00787402 -0.724409 
vn 0.685039 -0.00787402 -0.724409 
vn 0.685039 -0.00787402 -0.724409 
vn 0.685039 -0.00787402 -0.724409 
vn 0.00787402 -1 0.015748 
vn 0.00787402 -1 0.015748 
vn 0.00787402 -1 0.015748 
vn 0.00787402 -1 0.015748 
vn 0.724409 0.015748 0.685039 
vn 0.724409 0.015748 0.685039 
vn 0.724409 0.015748 0.685039 
vn 0.724409 0.015748 0.685039 

vt 3.39098 0.0842717 
vt -5.8836 0.0842717 
vt 3.39098 -0.729753 
vt -5.8836 -0.729753 
vt 1.97551 0.0842717 
vt -5.8836 0.0842717 
vt 1.97551 -9.19031 
vt -5.8836 -9.19031 
vt 1.97551 0.0842717 
vt -5.8836 0.0842717 
vt 1.97551 -0.729753 
vt -5.8836 -0.729753 
vt 3.39098 0.0842717 
vt -5.8836 0.0842717 
vt 3.39098 -0.729753 
vt -5.8836 -0.729753 
vt 1.97551 0.0842717 
vt -5.8836 0.0842717 
vt 1.97551 -9.19031 
vt -5.8836 -9.19031 
vt 1.97551 0.0842717 
vt -5.8836 0.0842717 
vt 1.97551 -0.729753 
vt -5.8836 -0.729753 

usemtl Volcanopart1Mtl

f 4633/4633/4633 4634/4634/4634 4635/4635/4635 
f 4635/4635/4635 4634/4634/4634 4636/4636/4636 
f 4637/4637/4637 4638/4638/4638 4639/4639/4639 
f 4639/4639/4639 4638/4638/4638 4640/4640/4640 
f 4641/4641/4641 4642/4642/4642 4643/4643/4643 
f 4643/4643/4643 4642/4642/4642 4644/4644/4644 
f 4645/4645/4645 4646/4646/4646 4647/4647/4647 
f 4647/4647/4647 4646/4646/4646 4648/4648/4648 
f 4649/4649/4649 4650/4650/4650 4651/4651/4651 
f 4651/4651/4651 4650/4650/4650 4652/4652/4652 
f 4653/4653/4653 4654/4654/4654 4655/4655/4655 
f 4655/4655/4655 4654/4654/4654 4656/4656/4656 

g Volcanopart142

v 64.1691 28.8666 37.52 
v 93.6898 11.371 101.012 
v 63.1951 20.9784 35.7992 
v 92.7158 3.48274 99.2913 
v 44.9995 12.3837 123.93 
v 93.6898 11.371 101.012 
v 15.4788 29.8794 60.4377 
v 64.1691 28.8666 37.52 
v 93.6898 11.371 101.012 
v 44.9995 12.3837 123.93 
v 92.7158 3.48274 99.2913 
v 44.0255 4.4955 122.209 
v 44.9995 12.3837 123.93 
v 15.4788 29.8794 60.4377 
v 44.0255 4.4955 122.209 
v 14.5048 21.9911 58.717 
v 14.5048 21.9911 58.717 
v 63.1951 20.9784 35.7992 
v 44.0255 4.4955 122.209 
v 92.7158 3.48274 99.2913 
v 15.4788 29.8794 60.4377 
v 64.1691 28.8666 37.52 
v 14.5048 21.9911 58.717 
v 63.1951 20.9784 35.7992 

vn 0.905512 -0.015748 -0.425197 
vn 0.905512 -0.015748 -0.425197 
vn 0.905512 -0.015748 -0.425197 
vn 0.905512 -0.015748 -0.425197 
vn 0.11811 0.968504 0.212598 
vn 0.11811 0.968504 0.212598 
vn 0.11811 0.968504 0.212598 
vn 0.11811 0.968504 0.212598 
vn 0.409449 -0.244094 0.88189 
vn 0.409449 -0.244094 0.88189 
vn 0.409449 -0.244094 0.88189 
vn 0.409449 -0.244094 0.88189 
vn -0.905512 0.015748 0.425197 
vn -0.905512 0.015748 0.425197 
vn -0.905512 0.015748 0.425197 
vn -0.905512 0.015748 0.425197 
vn -0.11811 -0.968504 -0.212598 
vn -0.11811 -0.968504 -0.212598 
vn -0.11811 -0.968504 -0.212598 
vn -0.11811 -0.968504 -0.212598 
vn -0.409449 0.244094 -0.88189 
vn -0.409449 0.244094 -0.88189 
vn -0.409449 0.244094 -0.88189 
vn -0.409449 0.244094 -0.88189 

vt 9.64389 5.9022 
vt 0.622388 5.9022 
vt 9.64389 4.88566 
vt 0.622388 4.88566 
vt 7.35035 5.9022 
vt 0.622388 5.9022 
vt 7.35035 -3.11931 
vt 0.622388 -3.11931 
vt 7.35035 5.9022 
vt 0.622388 5.9022 
vt 7.35035 4.88566 
vt 0.622388 4.88566 
vt 9.64389 5.9022 
vt 0.622388 5.9022 
vt 9.64389 4.88566 
vt 0.622388 4.88566 
vt 7.35035 5.9022 
vt 0.622388 5.9022 
vt 7.35035 -3.11931 
vt 0.622388 -3.11931 
vt 7.35035 5.9022 
vt 0.622388 5.9022 
vt 7.35035 4.88566 
vt 0.622388 4.88566 

usemtl Volcanopart1Mtl

f 4657/4657/4657 4658/4658/4658 4659/4659/4659 
f 4659/4659/4659 4658/4658/4658 4660/4660/4660 
f 4661/4661/4661 4662/4662/4662 4663/4663/4663 
f 4663/4663/4663 4662/4662/4662 4664/4664/4664 
f 4665/4665/4665 4666/4666/4666 4667/4667/4667 
f 4667/4667/4667 4666/4666/4666 4668/4668/4668 
f 4669/4669/4669 4670/4670/4670 4671/4671/4671 
f 4671/4671/4671 4670/4670/4670 4672/4672/4672 
f 4673/4673/4673 4674/4674/4674 4675/4675/4675 
f 4675/4675/4675 4674/4674/4674 4676/4676/4676 
f 4677/4677/4677 4678/4678/4678 4679/4679/4679 
f 4679/4679/4679 4678/4678/4678 4680/4680/4680 

g Volcanopart143

v 35.8641 91.8784 -12.9933 
v 68.3468 42.8644 26.8465 
v 33.0017 86.5604 -17.202 
v 65.4843 37.5465 22.6379 
v 42.0601 41.4394 46.5257 
v 68.3468 42.8644 26.8465 
v 9.57742 90.4533 6.68581 
v 35.8641 91.8784 -12.9933 
v 68.3468 42.8644 26.8465 
v 42.0601 41.4394 46.5257 
v 65.4843 37.5465 22.6379 
v 39.1976 36.1214 42.317 
v 42.0601 41.4394 46.5257 
v 9.57742 90.4533 6.68581 
v 39.1976 36.1214 42.317 
v 6.71497 85.1354 2.47715 
v 6.71497 85.1354 2.47715 
v 33.0017 86.5604 -17.202 
v 39.1976 36.1214 42.317 
v 65.4843 37.5465 22.6379 
v 9.57742 90.4533 6.68581 
v 35.8641 91.8784 -12.9933 
v 6.71497 85.1354 2.47715 
v 33.0017 86.5604 -17.202 

vn 0.80315 0.0472441 -0.598425 
vn 0.80315 0.0472441 -0.598425 
vn 0.80315 0.0472441 -0.598425 
vn 0.80315 0.0472441 -0.598425 
vn 0.385827 0.724409 0.574803 
vn 0.385827 0.724409 0.574803 
vn 0.385827 0.724409 0.574803 
vn 0.385827 0.724409 0.574803 
vn 0.456693 -0.692913 0.559055 
vn 0.456693 -0.692913 0.559055 
vn 0.456693 -0.692913 0.559055 
vn 0.456693 -0.692913 0.559055 
vn -0.80315 -0.0472441 0.598425 
vn -0.80315 -0.0472441 0.598425 
vn -0.80315 -0.0472441 0.598425 
vn -0.80315 -0.0472441 0.598425 
vn -0.385827 -0.724409 -0.574803 
vn -0.385827 -0.724409 -0.574803 
vn -0.385827 -0.724409 -0.574803 
vn -0.385827 -0.724409 -0.574803 
vn -0.456693 0.692913 -0.559055 
vn -0.456693 0.692913 -0.559055 
vn -0.456693 0.692913 -0.559055 
vn -0.456693 0.692913 -0.559055 

vt 5.75864 4.04682 
vt -3.11962 4.04682 
vt 5.75864 3.12667 
vt -3.11962 3.12667 
vt 0.988855 4.04682 
vt -3.11962 4.04682 
vt 0.988855 -4.83144 
vt -3.11962 -4.83144 
vt 0.988855 4.04682 
vt -3.11962 4.04682 
vt 0.988855 3.12667 
vt -3.11962 3.12667 
vt 5.75864 4.04682 
vt -3.11962 4.04682 
vt 5.75864 3.12667 
vt -3.11962 3.12667 
vt 0.988855 4.04682 
vt -3.11962 4.04682 
vt 0.988855 -4.83144 
vt -3.11962 -4.83144 
vt 0.988855 4.04682 
vt -3.11962 4.04682 
vt 0.988855 3.12667 
vt -3.11962 3.12667 

usemtl Volcanopart1Mtl

f 4681/4681/4681 4682/4682/4682 4683/4683/4683 
f 4683/4683/4683 4682/4682/4682 4684/4684/4684 
f 4685/4685/4685 4686/4686/4686 4687/4687/4687 
f 4687/4687/4687 4686/4686/4686 4688/4688/4688 
f 4689/4689/4689 4690/4690/4690 4691/4691/4691 
f 4691/4691/4691 4690/4690/4690 4692/4692/4692 
f 4693/4693/4693 4694/4694/4694 4695/4695/4695 
f 4695/4695/4695 4694/4694/4694 4696/4696/4696 
f 4697/4697/4697 4698/4698/4698 4699/4699/4699 
f 4699/4699/4699 4698/4698/4698 4700/4700/4700 
f 4701/4701/4701 4702/4702/4702 4703/4703/4703 
f 4703/4703/4703 4702/4702/4702 4704/4704/4704 

g Volcanopart144

v -1.98124 29.1834 65.9697 
v -24.3203 12.6792 122.393 
v -1.52954 21.8873 64.0144 
v -23.8686 5.38299 120.438 
v -73.751 14.705 103.415 
v -24.3203 12.6792 122.393 
v -51.4119 31.2093 46.9917 
v -1.98124 29.1834 65.9697 
v -24.3203 12.6792 122.393 
v -73.751 14.705 103.415 
v -23.8686 5.38299 120.438 
v -73.2993 7.4088 101.46 
v -73.751 14.705 103.415 
v -51.4119 31.2093 46.9917 
v -73.2993 7.4088 101.46 
v -50.9602 23.9131 45.0363 
v -50.9602 23.9131 45.0363 
v -1.52954 21.8873 64.0144 
v -73.2993 7.4088 101.46 
v -23.8686 5.38299 120.438 
v -51.4119 31.2093 46.9917 
v -1.98124 29.1834 65.9697 
v -50.9602 23.9131 45.0363 
v -1.52954 21.8873 64.0144 

vn 0.929134 -0.0393701 0.354331 
vn 0.929134 -0.0393701 0.354331 
vn 0.929134 -0.0393701 0.354331 
vn 0.929134 -0.0393701 0.354331 
vn -0.0629921 0.96063 0.259843 
vn -0.0629921 0.96063 0.259843 
vn -0.0629921 0.96063 0.259843 
vn -0.0629921 0.96063 0.259843 
vn -0.354331 -0.259843 0.897638 
vn -0.354331 -0.259843 0.897638 
vn -0.354331 -0.259843 0.897638 
vn -0.354331 -0.259843 0.897638 
vn -0.929134 0.0393701 -0.354331 
vn -0.929134 0.0393701 -0.354331 
vn -0.929134 0.0393701 -0.354331 
vn -0.929134 0.0393701 -0.354331 
vn 0.0629921 -0.96063 -0.259843 
vn 0.0629921 -0.96063 -0.259843 
vn 0.0629921 -0.96063 -0.259843 
vn 0.0629921 -0.96063 -0.259843 
vn 0.354331 0.259843 -0.897638 
vn 0.354331 0.259843 -0.897638 
vn 0.354331 0.259843 -0.897638 
vn 0.354331 0.259843 -0.897638 

vt 13.0097 2.91062 
vt 5.14862 2.91062 
vt 13.0097 1.96473 
vt 5.14862 1.96473 
vt 11.772 2.91062 
vt 5.14862 2.91062 
vt 11.772 -4.95048 
vt 5.14862 -4.95048 
vt 11.772 2.91062 
vt 5.14862 2.91062 
vt 11.772 1.96473 
vt 5.14862 1.96473 
vt 13.0097 2.91062 
vt 5.14862 2.91062 
vt 13.0097 1.96473 
vt 5.14862 1.96473 
vt 11.772 2.91062 
vt 5.14862 2.91062 
vt 11.772 -4.95048 
vt 5.14862 -4.95048 
vt 11.772 2.91062 
vt 5.14862 2.91062 
vt 11.772 1.96473 
vt 5.14862 1.96473 

usemtl Volcanopart1Mtl

f 4705/4705/4705 4706/4706/4706 4707/4707/4707 
f 4707/4707/4707 4706/4706/4706 4708/4708/4708 
f 4709/4709/4709 4710/4710/4710 4711/4711/4711 
f 4711/4711/4711 4710/4710/4710 4712/4712/4712 
f 4713/4713/4713 4714/4714/4714 4715/4715/4715 
f 4715/4715/4715 4714/4714/4714 4716/4716/4716 
f 4717/4717/4717 4718/4718/4718 4719/4719/4719 
f 4719/4719/4719 4718/4718/4718 4720/4720/4720 
f 4721/4721/4721 4722/4722/4722 4723/4723/4723 
f 4723/4723/4723 4722/4722/4722 4724/4724/4724 
f 4725/4725/4725 4726/4726/4726 4727/4727/4727 
f 4727/4727/4727 4726/4726/4726 4728/4728/4728 

g Volcanopart145

v 28.1985 55.6802 -85.0494 
v 64.6424 25.9949 -127.782 
v 25.4755 48.719 -82.5359 
v 61.9194 19.0337 -125.269 
v 97.2365 23.8256 -98.4778 
v 64.6424 25.9949 -127.782 
v 60.7926 53.5109 -55.7451 
v 28.1985 55.6802 -85.0494 
v 64.6424 25.9949 -127.782 
v 97.2365 23.8256 -98.4778 
v 61.9194 19.0337 -125.269 
v 94.5134 16.8644 -95.9643 
v 97.2365 23.8256 -98.4778 
v 60.7926 53.5109 -55.7451 
v 94.5134 16.8644 -95.9643 
v 58.0696 46.5497 -53.2317 
v 58.0696 46.5497 -53.2317 
v 25.4755 48.719 -82.5359 
v 94.5134 16.8644 -95.9643 
v 61.9194 19.0337 -125.269 
v 60.7926 53.5109 -55.7451 
v 28.1985 55.6802 -85.0494 
v 58.0696 46.5497 -53.2317 
v 25.4755 48.719 -82.5359 

vn -0.740157 0.0472441 -0.669291 
vn -0.740157 0.0472441 -0.669291 
vn -0.740157 0.0472441 -0.669291 
vn -0.740157 0.0472441 -0.669291 
vn 0.346457 0.88189 -0.314961 
vn 0.346457 0.88189 -0.314961 
vn 0.346457 0.88189 -0.314961 
vn 0.346457 0.88189 -0.314961 
vn 0.574803 -0.464567 -0.669291 
vn 0.574803 -0.464567 -0.669291 
vn 0.574803 -0.464567 -0.669291 
vn 0.574803 -0.464567 -0.669291 
vn 0.740157 -0.0472441 0.669291 
vn 0.740157 -0.0472441 0.669291 
vn 0.740157 -0.0472441 0.669291 
vn 0.740157 -0.0472441 0.669291 
vn -0.346457 -0.88189 0.314961 
vn -0.346457 -0.88189 0.314961 
vn -0.346457 -0.88189 0.314961 
vn -0.346457 -0.88189 0.314961 
vn -0.574803 0.464567 0.669291 
vn -0.574803 0.464567 0.669291 
vn -0.574803 0.464567 0.669291 
vn -0.574803 0.464567 0.669291 

vt 6.08581 -3.28857 
vt -1.85485 -3.28857 
vt 6.08581 -4.27434 
vt -1.85485 -4.27434 
vt 3.63067 -3.28857 
vt -1.85485 -3.28857 
vt 3.63067 -11.2292 
vt -1.85485 -11.2292 
vt 3.63067 -3.28857 
vt -1.85485 -3.28857 
vt 3.63067 -4.27434 
vt -1.85485 -4.27434 
vt 6.08581 -3.28857 
vt -1.85485 -3.28857 
vt 6.08581 -4.27434 
vt -1.85485 -4.27434 
vt 3.63067 -3.28857 
vt -1.85485 -3.28857 
vt 3.63067 -11.2292 
vt -1.85485 -11.2292 
vt 3.63067 -3.28857 
vt -1.85485 -3.28857 
vt 3.63067 -4.27434 
vt -1.85485 -4.27434 

usemtl Volcanopart1Mtl

f 4729/4729/4729 4730/4730/4730 4731/4731/4731 
f 4731/4731/4731 4730/4730/4730 4732/4732/4732 
f 4733/4733/4733 4734/4734/4734 4735/4735/4735 
f 4735/4735/4735 4734/4734/4734 4736/4736/4736 
f 4737/4737/4737 4738/4738/4738 4739/4739/4739 
f 4739/4739/4739 4738/4738/4738 4740/4740/4740 
f 4741/4741/4741 4742/4742/4742 4743/4743/4743 
f 4743/4743/4743 4742/4742/4742 4744/4744/4744 
f 4745/4745/4745 4746/4746/4746 4747/4747/4747 
f 4747/4747/4747 4746/4746/4746 4748/4748/4748 
f 4749/4749/4749 4750/4750/4750 4751/4751/4751 
f 4751/4751/4751 4750/4750/4750 4752/4752/4752 

g Volcanopart146

v 116.325 10.4407 16.1324 
v 171.795 10.1422 56.3321 
v 116.284 4.82677 16.1469 
v 171.754 4.52824 56.3466 
v 134.51 10.5456 107.782 
v 171.795 10.1422 56.3321 
v 79.0406 10.8442 67.5826 
v 116.325 10.4407 16.1324 
v 171.795 10.1422 56.3321 
v 134.51 10.5456 107.782 
v 171.754 4.52824 56.3466 
v 134.47 4.93167 107.797 
v 134.51 10.5456 107.782 
v 79.0406 10.8442 67.5826 
v 134.47 4.93167 107.797 
v 78.9999 5.2302 67.5971 
v 78.9999 5.2302 67.5971 
v 116.284 4.82677 16.1469 
v 134.47 4.93167 107.797 
v 171.754 4.52824 56.3466 
v 79.0406 10.8442 67.5826 
v 116.325 10.4407 16.1324 
v 78.9999 5.2302 67.5971 
v 116.284 4.82677 16.1469 

vn 0.590551 -0.00787402 -0.811024 
vn 0.590551 -0.00787402 -0.811024 
vn 0.590551 -0.00787402 -0.811024 
vn 0.590551 -0.00787402 -0.811024 
vn 0.00787402 1 0 
vn 0.00787402 1 0 
vn 0.00787402 1 0 
vn 0.00787402 1 0 
vn 0.811024 -0.00787402 0.590551 
vn 0.811024 -0.00787402 0.590551 
vn 0.811024 -0.00787402 0.590551 
vn 0.811024 -0.00787402 0.590551 
vn -0.590551 0.00787402 0.811024 
vn -0.590551 0.00787402 0.811024 
vn -0.590551 0.00787402 0.811024 
vn -0.590551 0.00787402 0.811024 
vn -0.00787402 -1 0 
vn -0.00787402 -1 0 
vn -0.00787402 -1 0 
vn -0.00787402 -1 0 
vn -0.811024 0.00787402 -0.590551 
vn -0.811024 0.00787402 -0.590551 
vn -0.811024 0.00787402 -0.590551 
vn -0.811024 0.00787402 -0.590551 

vt 13.639 3.21464 
vt 5.07581 3.21464 
vt 13.639 2.51288 
vt 5.07581 2.51288 
vt 13.0184 3.21464 
vt 5.07581 3.21464 
vt 13.0184 -5.34854 
vt 5.07581 -5.34854 
vt 13.0184 3.21464 
vt 5.07581 3.21464 
vt 13.0184 2.51288 
vt 5.07581 2.51288 
vt 13.639 3.21464 
vt 5.07581 3.21464 
vt 13.639 2.51288 
vt 5.07581 2.51288 
vt 13.0184 3.21464 
vt 5.07581 3.21464 
vt 13.0184 -5.34854 
vt 5.07581 -5.34854 
vt 13.0184 3.21464 
vt 5.07581 3.21464 
vt 13.0184 2.51288 
vt 5.07581 2.51288 

usemtl Volcanopart1Mtl

f 4753/4753/4753 4754/4754/4754 4755/4755/4755 
f 4755/4755/4755 4754/4754/4754 4756/4756/4756 
f 4757/4757/4757 4758/4758/4758 4759/4759/4759 
f 4759/4759/4759 4758/4758/4758 4760/4760/4760 
f 4761/4761/4761 4762/4762/4762 4763/4763/4763 
f 4763/4763/4763 4762/4762/4762 4764/4764/4764 
f 4765/4765/4765 4766/4766/4766 4767/4767/4767 
f 4767/4767/4767 4766/4766/4766 4768/4768/4768 
f 4769/4769/4769 4770/4770/4770 4771/4771/4771 
f 4771/4771/4771 4770/4770/4770 4772/4772/4772 
f 4773/4773/4773 4774/4774/4774 4775/4775/4775 
f 4775/4775/4775 4774/4774/4774 4776/4776/4776 

g Volcanopart147

v 76.1674 39.118 -66.8156 
v 132.13 18.3627 -79.8794 
v 74.298 33.8866 -66.5122 
v 130.261 13.1314 -79.576 
v 143.019 17.277 -31.5081 
v 132.13 18.3627 -79.8794 
v 87.0564 38.0323 -18.4443 
v 76.1674 39.118 -66.8156 
v 132.13 18.3627 -79.8794 
v 143.019 17.277 -31.5081 
v 130.261 13.1314 -79.576 
v 141.15 12.0456 -31.2047 
v 143.019 17.277 -31.5081 
v 87.0564 38.0323 -18.4443 
v 141.15 12.0456 -31.2047 
v 85.187 32.8009 -18.1409 
v 85.187 32.8009 -18.1409 
v 74.298 33.8866 -66.5122 
v 141.15 12.0456 -31.2047 
v 130.261 13.1314 -79.576 
v 87.0564 38.0323 -18.4443 
v 76.1674 39.118 -66.8156 
v 85.187 32.8009 -18.1409 
v 74.298 33.8866 -66.5122 

vn -0.220472 0.023622 -0.976378 
vn -0.220472 0.023622 -0.976378 
vn -0.220472 0.023622 -0.976378 
vn -0.220472 0.023622 -0.976378 
vn 0.338583 0.937008 -0.0551181 
vn 0.338583 0.937008 -0.0551181 
vn 0.338583 0.937008 -0.0551181 
vn 0.338583 0.937008 -0.0551181 
vn 0.913386 -0.338583 -0.212598 
vn 0.913386 -0.338583 -0.212598 
vn 0.913386 -0.338583 -0.212598 
vn 0.913386 -0.338583 -0.212598 
vn 0.220472 -0.023622 0.976378 
vn 0.220472 -0.023622 0.976378 
vn 0.220472 -0.023622 0.976378 
vn 0.220472 -0.023622 0.976378 
vn -0.338583 -0.937008 0.0551181 
vn -0.338583 -0.937008 0.0551181 
vn -0.338583 -0.937008 0.0551181 
vn -0.338583 -0.937008 0.0551181 
vn -0.913386 0.338583 0.212598 
vn -0.913386 0.338583 0.212598 
vn -0.913386 0.338583 0.212598 
vn -0.913386 0.338583 0.212598 

vt 10.6473 5.24906 
vt 3.00975 5.24906 
vt 10.6473 4.55361 
vt 3.00975 4.55361 
vt 9.20896 5.24906 
vt 3.00975 5.24906 
vt 9.20896 -2.3885 
vt 3.00975 -2.3885 
vt 9.20896 5.24906 
vt 3.00975 5.24906 
vt 9.20896 4.55361 
vt 3.00975 4.55361 
vt 10.6473 5.24906 
vt 3.00975 5.24906 
vt 10.6473 4.55361 
vt 3.00975 4.55361 
vt 9.20896 5.24906 
vt 3.00975 5.24906 
vt 9.20896 -2.3885 
vt 3.00975 -2.3885 
vt 9.20896 5.24906 
vt 3.00975 5.24906 
vt 9.20896 4.55361 
vt 3.00975 4.55361 

usemtl Volcanopart1Mtl

f 4777/4777/4777 4778/4778/4778 4779/4779/4779 
f 4779/4779/4779 4778/4778/4778 4780/4780/4780 
f 4781/4781/4781 4782/4782/4782 4783/4783/4783 
f 4783/4783/4783 4782/4782/4782 4784/4784/4784 
f 4785/4785/4785 4786/4786/4786 4787/4787/4787 
f 4787/4787/4787 4786/4786/4786 4788/4788/4788 
f 4789/4789/4789 4790/4790/4790 4791/4791/4791 
f 4791/4791/4791 4790/4790/4790 4792/4792/4792 
f 4793/4793/4793 4794/4794/4794 4795/4795/4795 
f 4795/4795/4795 4794/4794/4794 4796/4796/4796 
f 4797/4797/4797 4798/4798/4798 4799/4799/4799 
f 4799/4799/4799 4798/4798/4798 4800/4800/4800 

g Volcanopart148

v 44.7125 50.594 -81.9039 
v 88.0269 24.2503 -113.863 
v 42.8069 45.8717 -80.5941 
v 86.1212 19.5281 -112.553 
v 114.601 23.6526 -77.3544 
v 88.0269 24.2503 -113.863 
v 71.2869 49.9963 -45.395 
v 44.7125 50.594 -81.9039 
v 88.0269 24.2503 -113.863 
v 114.601 23.6526 -77.3544 
v 86.1212 19.5281 -112.553 
v 112.696 18.9304 -76.0446 
v 114.601 23.6526 -77.3544 
v 71.2869 49.9963 -45.395 
v 112.696 18.9304 -76.0446 
v 69.3813 45.274 -44.0852 
v 69.3813 45.274 -44.0852 
v 42.8069 45.8717 -80.5941 
v 112.696 18.9304 -76.0446 
v 86.1212 19.5281 -112.553 
v 71.2869 49.9963 -45.395 
v 44.7125 50.594 -81.9039 
v 69.3813 45.274 -44.0852 
v 42.8069 45.8717 -80.5941 

vn -0.590551 0.015748 -0.811024 
vn -0.590551 0.015748 -0.811024 
vn -0.590551 0.015748 -0.811024 
vn -0.590551 0.015748 -0.811024 
vn 0.362205 0.897638 -0.251969 
vn 0.362205 0.897638 -0.251969 
vn 0.362205 0.897638 -0.251969 
vn 0.362205 0.897638 -0.251969 
vn 0.724409 -0.440945 -0.535433 
vn 0.724409 -0.440945 -0.535433 
vn 0.724409 -0.440945 -0.535433 
vn 0.724409 -0.440945 -0.535433 
vn 0.590551 -0.015748 0.811024 
vn 0.590551 -0.015748 0.811024 
vn 0.590551 -0.015748 0.811024 
vn 0.590551 -0.015748 0.811024 
vn -0.362205 -0.897638 0.251969 
vn -0.362205 -0.897638 0.251969 
vn -0.362205 -0.897638 0.251969 
vn -0.362205 -0.897638 0.251969 
vn -0.724409 0.440945 0.535433 
vn -0.724409 0.440945 0.535433 
vn -0.724409 0.440945 0.535433 
vn -0.724409 0.440945 0.535433 

vt 5.99814 5.52176 
vt -1.49303 5.52176 
vt 5.99814 4.86451 
vt -1.49303 4.86451 
vt 4.15201 5.52176 
vt -1.49303 5.52176 
vt 4.15201 -1.96941 
vt -1.49303 -1.96941 
vt 4.15201 5.52176 
vt -1.49303 5.52176 
vt 4.15201 4.86451 
vt -1.49303 4.86451 
vt 5.99814 5.52176 
vt -1.49303 5.52176 
vt 5.99814 4.86451 
vt -1.49303 4.86451 
vt 4.15201 5.52176 
vt -1.49303 5.52176 
vt 4.15201 -1.96941 
vt -1.49303 -1.96941 
vt 4.15201 5.52176 
vt -1.49303 5.52176 
vt 4.15201 4.86451 
vt -1.49303 4.86451 

usemtl Volcanopart1Mtl

f 4801/4801/4801 4802/4802/4802 4803/4803/4803 
f 4803/4803/4803 4802/4802/4802 4804/4804/4804 
f 4805/4805/4805 4806/4806/4806 4807/4807/4807 
f 4807/4807/4807 4806/4806/4806 4808/4808/4808 
f 4809/4809/4809 4810/4810/4810 4811/4811/4811 
f 4811/4811/4811 4810/4810/4810 4812/4812/4812 
f 4813/4813/4813 4814/4814/4814 4815/4815/4815 
f 4815/4815/4815 4814/4814/4814 4816/4816/4816 
f 4817/4817/4817 4818/4818/4818 4819/4819/4819 
f 4819/4819/4819 4818/4818/4818 4820/4820/4820 
f 4821/4821/4821 4822/4822/4822 4823/4823/4823 
f 4823/4823/4823 4822/4822/4822 4824/4824/4824 

g Volcanopart149

v 22.0263 88.108 5.72856 
v 22.6112 45.5534 51.1204 
v 22.549 83.3755 1.28514 
v 23.1338 40.8209 46.6769 
v -10.5137 43.3946 49.5233 
v 22.6112 45.5534 51.1204 
v -11.0985 85.9492 4.13149 
v 22.0263 88.108 5.72856 
v 22.6112 45.5534 51.1204 
v -10.5137 43.3946 49.5233 
v 23.1338 40.8209 46.6769 
v -9.99105 38.6621 45.0799 
v -10.5137 43.3946 49.5233 
v -11.0985 85.9492 4.13149 
v -9.99105 38.6621 45.0799 
v -10.5759 81.2167 -0.311934 
v -10.5759 81.2167 -0.311934 
v 22.549 83.3755 1.28514 
v -9.99105 38.6621 45.0799 
v 23.1338 40.8209 46.6769 
v -11.0985 85.9492 4.13149 
v 22.0263 88.108 5.72856 
v -10.5759 81.2167 -0.311934 
v 22.549 83.3755 1.28514 

vn 1 0.0629921 0.0472441 
vn 1 0.0629921 0.0472441 
vn 1 0.0629921 0.0472441 
vn 1 0.0629921 0.0472441 
vn -0.0787402 0.724409 0.685039 
vn -0.0787402 0.724409 0.685039 
vn -0.0787402 0.724409 0.685039 
vn -0.0787402 0.724409 0.685039 
vn 0.00787402 -0.685039 0.732283 
vn 0.00787402 -0.685039 0.732283 
vn 0.00787402 -0.685039 0.732283 
vn 0.00787402 -0.685039 0.732283 
vn -1 -0.0629921 -0.0472441 
vn -1 -0.0629921 -0.0472441 
vn -1 -0.0629921 -0.0472441 
vn -1 -0.0629921 -0.0472441 
vn 0.0787402 -0.724409 -0.685039 
vn 0.0787402 -0.724409 -0.685039 
vn 0.0787402 -0.724409 -0.685039 
vn 0.0787402 -0.724409 -0.685039 
vn -0.00787402 0.685039 -0.732283 
vn -0.00787402 0.685039 -0.732283 
vn -0.00787402 0.685039 -0.732283 
vn -0.00787402 0.685039 -0.732283 

vt 4.9186 -2.75979 
vt -2.85923 -2.75979 
vt 4.9186 -3.57386 
vt -2.85923 -3.57386 
vt 1.29496 -2.75979 
vt -2.85923 -2.75979 
vt 1.29496 -10.5376 
vt -2.85923 -10.5376 
vt 1.29496 -2.75979 
vt -2.85923 -2.75979 
vt 1.29496 -3.57386 
vt -2.85923 -3.57386 
vt 4.9186 -2.75979 
vt -2.85923 -2.75979 
vt 4.9186 -3.57386 
vt -2.85923 -3.57386 
vt 1.29496 -2.75979 
vt -2.85923 -2.75979 
vt 1.29496 -10.5376 
vt -2.85923 -10.5376 
vt 1.29496 -2.75979 
vt -2.85923 -2.75979 
vt 1.29496 -3.57386 
vt -2.85923 -3.57386 

usemtl Volcanopart1Mtl

f 4825/4825/4825 4826/4826/4826 4827/4827/4827 
f 4827/4827/4827 4826/4826/4826 4828/4828/4828 
f 4829/4829/4829 4830/4830/4830 4831/4831/4831 
f 4831/4831/4831 4830/4830/4830 4832/4832/4832 
f 4833/4833/4833 4834/4834/4834 4835/4835/4835 
f 4835/4835/4835 4834/4834/4834 4836/4836/4836 
f 4837/4837/4837 4838/4838/4838 4839/4839/4839 
f 4839/4839/4839 4838/4838/4838 4840/4840/4840 
f 4841/4841/4841 4842/4842/4842 4843/4843/4843 
f 4843/4843/4843 4842/4842/4842 4844/4844/4844 
f 4845/4845/4845 4846/4846/4846 4847/4847/4847 
f 4847/4847/4847 4846/4846/4846 4848/4848/4848 

g Volcanopart150

v 77.3983 31.1486 24.3599 
v 118.008 13.4519 76.4148 
v 76.2825 23.6066 22.6664 
v 116.892 5.90988 74.7213 
v 75.9566 12.3877 108.858 
v 118.008 13.4519 76.4148 
v 35.3474 30.0844 56.803 
v 77.3983 31.1486 24.3599 
v 118.008 13.4519 76.4148 
v 75.9566 12.3877 108.858 
v 116.892 5.90988 74.7213 
v 74.8409 4.84569 107.164 
v 75.9566 12.3877 108.858 
v 35.3474 30.0844 56.803 
v 74.8409 4.84569 107.164 
v 34.2316 22.5424 55.1095 
v 34.2316 22.5424 55.1095 
v 76.2825 23.6066 22.6664 
v 74.8409 4.84569 107.164 
v 116.892 5.90988 74.7213 
v 35.3474 30.0844 56.803 
v 77.3983 31.1486 24.3599 
v 34.2316 22.5424 55.1095 
v 76.2825 23.6066 22.6664 

vn 0.795276 0.023622 -0.614173 
vn 0.795276 0.023622 -0.614173 
vn 0.795276 0.023622 -0.614173 
vn 0.795276 0.023622 -0.614173 
vn 0.141732 0.968504 0.220472 
vn 0.141732 0.968504 0.220472 
vn 0.141732 0.968504 0.220472 
vn 0.141732 0.968504 0.220472 
vn 0.590551 -0.259843 0.76378 
vn 0.590551 -0.259843 0.76378 
vn 0.590551 -0.259843 0.76378 
vn 0.590551 -0.259843 0.76378 
vn -0.795276 -0.023622 0.614173 
vn -0.795276 -0.023622 0.614173 
vn -0.795276 -0.023622 0.614173 
vn -0.795276 -0.023622 0.614173 
vn -0.141732 -0.968504 -0.220472 
vn -0.141732 -0.968504 -0.220472 
vn -0.141732 -0.968504 -0.220472 
vn -0.141732 -0.968504 -0.220472 
vn -0.590551 0.259843 -0.76378 
vn -0.590551 0.259843 -0.76378 
vn -0.590551 0.259843 -0.76378 
vn -0.590551 0.259843 -0.76378 

vt 8.97201 8.22047 
vt 0.428012 8.22047 
vt 8.97201 7.24423 
vt 0.428012 7.24423 
vt 7.06828 8.22047 
vt 0.428012 8.22047 
vt 7.06828 -0.323532 
vt 0.428012 -0.323532 
vt 7.06828 8.22047 
vt 0.428012 8.22047 
vt 7.06828 7.24423 
vt 0.428012 7.24423 
vt 8.97201 8.22047 
vt 0.428012 8.22047 
vt 8.97201 7.24423 
vt 0.428012 7.24423 
vt 7.06828 8.22047 
vt 0.428012 8.22047 
vt 7.06828 -0.323532 
vt 0.428012 -0.323532 
vt 7.06828 8.22047 
vt 0.428012 8.22047 
vt 7.06828 7.24423 
vt 0.428012 7.24423 

usemtl Volcanopart1Mtl

f 4849/4849/4849 4850/4850/4850 4851/4851/4851 
f 4851/4851/4851 4850/4850/4850 4852/4852/4852 
f 4853/4853/4853 4854/4854/4854 4855/4855/4855 
f 4855/4855/4855 4854/4854/4854 4856/4856/4856 
f 4857/4857/4857 4858/4858/4858 4859/4859/4859 
f 4859/4859/4859 4858/4858/4858 4860/4860/4860 
f 4861/4861/4861 4862/4862/4862 4863/4863/4863 
f 4863/4863/4863 4862/4862/4862 4864/4864/4864 
f 4865/4865/4865 4866/4866/4866 4867/4867/4867 
f 4867/4867/4867 4866/4866/4866 4868/4868/4868 
f 4869/4869/4869 4870/4870/4870 4871/4871/4871 
f 4871/4871/4871 4870/4870/4870 4872/4872/4872 

g Volcanopart151

v -35.01 10.5181 97.9928 
v -66.9473 10.4013 148.316 
v -34.9851 2.9706 97.991 
v -66.9225 2.85374 148.314 
v -120.698 10.2326 114.203 
v -66.9473 10.4013 148.316 
v -88.7605 10.3495 63.8798 
v -35.01 10.5181 97.9928 
v -66.9473 10.4013 148.316 
v -120.698 10.2326 114.203 
v -66.9225 2.85374 148.314 
v -120.673 2.68506 114.201 
v -120.698 10.2326 114.203 
v -88.7605 10.3495 63.8798 
v -120.673 2.68506 114.201 
v -88.7357 2.80192 63.878 
v -88.7357 2.80192 63.878 
v -34.9851 2.9706 97.991 
v -120.673 2.68506 114.201 
v -66.9225 2.85374 148.314 
v -88.7605 10.3495 63.8798 
v -35.01 10.5181 97.9928 
v -88.7357 2.80192 63.878 
v -34.9851 2.9706 97.991 

vn 0.84252 0 0.535433 
vn 0.84252 0 0.535433 
vn 0.84252 0 0.535433 
vn 0.84252 0 0.535433 
vn 0 1 0 
vn 0 1 0 
vn 0 1 0 
vn 0 1 0 
vn -0.535433 0 0.84252 
vn -0.535433 0 0.84252 
vn -0.535433 0 0.84252 
vn -0.535433 0 0.84252 
vn -0.84252 0 -0.535433 
vn -0.84252 0 -0.535433 
vn -0.84252 0 -0.535433 
vn -0.84252 0 -0.535433 
vn 0 -1 0 
vn 0 -1 0 
vn 0 -1 0 
vn 0 -1 0 
vn 0.535433 0 -0.84252 
vn 0.535433 0 -0.84252 
vn 0.535433 0 -0.84252 
vn 0.535433 0 -0.84252 

vt 12.9062 -3.98843 
vt 5.45595 -3.98843 
vt 12.9062 -4.93187 
vt 5.45595 -4.93187 
vt 13.4137 -3.98843 
vt 5.45595 -3.98843 
vt 13.4137 -11.4387 
vt 5.45595 -11.4387 
vt 13.4137 -3.98843 
vt 5.45595 -3.98843 
vt 13.4137 -4.93187 
vt 5.45595 -4.93187 
vt 12.9062 -3.98843 
vt 5.45595 -3.98843 
vt 12.9062 -4.93187 
vt 5.45595 -4.93187 
vt 13.4137 -3.98843 
vt 5.45595 -3.98843 
vt 13.4137 -11.4387 
vt 5.45595 -11.4387 
vt 13.4137 -3.98843 
vt 5.45595 -3.98843 
vt 13.4137 -4.93187 
vt 5.45595 -4.93187 

usemtl Volcanopart1Mtl

f 4873/4873/4873 4874/4874/4874 4875/4875/4875 
f 4875/4875/4875 4874/4874/4874 4876/4876/4876 
f 4877/4877/4877 4878/4878/4878 4879/4879/4879 
f 4879/4879/4879 4878/4878/4878 4880/4880/4880 
f 4881/4881/4881 4882/4882/4882 4883/4883/4883 
f 4883/4883/4883 4882/4882/4882 4884/4884/4884 
f 4885/4885/4885 4886/4886/4886 4887/4887/4887 
f 4887/4887/4887 4886/4886/4886 4888/4888/4888 
f 4889/4889/4889 4890/4890/4890 4891/4891/4891 
f 4891/4891/4891 4890/4890/4890 4892/4892/4892 
f 4893/4893/4893 4894/4894/4894 4895/4895/4895 
f 4895/4895/4895 4894/4894/4894 4896/4896/4896 

g Volcanopart152

v -54.7426 10.3298 97.5988 
v -89.0139 10.2336 139.024 
v -54.7556 2.04358 97.5688 
v -89.0269 1.94739 138.994 
v -138.065 10.4575 98.4439 
v -89.0139 10.2336 139.024 
v -103.794 10.5537 57.0187 
v -54.7426 10.3298 97.5988 
v -89.0139 10.2336 139.024 
v -138.065 10.4575 98.4439 
v -89.0269 1.94739 138.994 
v -138.078 2.17127 98.4139 
v -138.065 10.4575 98.4439 
v -103.794 10.5537 57.0187 
v -138.078 2.17127 98.4139 
v -103.807 2.26746 56.9887 
v -103.807 2.26746 56.9887 
v -54.7556 2.04358 97.5688 
v -138.078 2.17127 98.4139 
v -89.0269 1.94739 138.994 
v -103.794 10.5537 57.0187 
v -54.7426 10.3298 97.5988 
v -103.807 2.26746 56.9887 
v -54.7556 2.04358 97.5688 

vn 0.771654 0 0.637795 
vn 0.771654 0 0.637795 
vn 0.771654 0 0.637795 
vn 0.771654 0 0.637795 
vn 0 1 0 
vn 0 1 0 
vn 0 1 0 
vn 0 1 0 
vn -0.637795 0 0.771654 
vn -0.637795 0 0.771654 
vn -0.637795 0 0.771654 
vn -0.637795 0 0.771654 
vn -0.771654 0 -0.637795 
vn -0.771654 0 -0.637795 
vn -0.771654 0 -0.637795 
vn -0.771654 0 -0.637795 
vn 0 -1 0 
vn 0 -1 0 
vn 0 -1 0 
vn 0 -1 0 
vn 0.637795 0 -0.771654 
vn 0.637795 0 -0.771654 
vn 0.637795 0 -0.771654 
vn 0.637795 0 -0.771654 

vt 11.3558 8.02099 
vt 4.63527 8.02099 
vt 11.3558 6.9852 
vt 4.63527 6.9852 
vt 12.593 8.02099 
vt 4.63527 8.02099 
vt 12.593 1.30048 
vt 4.63527 1.30048 
vt 12.593 8.02099 
vt 4.63527 8.02099 
vt 12.593 6.9852 
vt 4.63527 6.9852 
vt 11.3558 8.02099 
vt 4.63527 8.02099 
vt 11.3558 6.9852 
vt 4.63527 6.9852 
vt 12.593 8.02099 
vt 4.63527 8.02099 
vt 12.593 1.30048 
vt 4.63527 1.30048 
vt 12.593 8.02099 
vt 4.63527 8.02099 
vt 12.593 6.9852 
vt 4.63527 6.9852 

usemtl Volcanopart1Mtl

f 4897/4897/4897 4898/4898/4898 4899/4899/4899 
f 4899/4899/4899 4898/4898/4898 4900/4900/4900 
f 4901/4901/4901 4902/4902/4902 4903/4903/4903 
f 4903/4903/4903 4902/4902/4902 4904/4904/4904 
f 4905/4905/4905 4906/4906/4906 4907/4907/4907 
f 4907/4907/4907 4906/4906/4906 4908/4908/4908 
f 4909/4909/4909 4910/4910/4910 4911/4911/4911 
f 4911/4911/4911 4910/4910/4910 4912/4912/4912 
f 4913/4913/4913 4914/4914/4914 4915/4915/4915 
f 4915/4915/4915 4914/4914/4914 4916/4916/4916 
f 4917/4917/4917 4918/4918/4918 4919/4919/4919 
f 4919/4919/4919 4918/4918/4918 4920/4920/4920 

g Volcanopart153

v -55.3052 10.2826 75.6506 
v -105.959 10.1721 123.216 
v -55.3288 3.51489 75.6097 
v -105.982 3.40443 123.175 
v -149.537 10.6046 76.8086 
v -105.959 10.1721 123.216 
v -98.8834 10.7151 29.2437 
v -55.3052 10.2826 75.6506 
v -105.959 10.1721 123.216 
v -149.537 10.6046 76.8086 
v -105.982 3.40443 123.175 
v -149.56 3.83695 76.7677 
v -149.537 10.6046 76.8086 
v -98.8834 10.7151 29.2437 
v -149.56 3.83695 76.7677 
v -98.907 3.9474 29.2028 
v -98.907 3.9474 29.2028 
v -55.3288 3.51489 75.6097 
v -149.56 3.83695 76.7677 
v -105.982 3.40443 123.175 
v -98.8834 10.7151 29.2437 
v -55.3052 10.2826 75.6506 
v -98.907 3.9474 29.2028 
v -55.3288 3.51489 75.6097 

vn 0.685039 -0.00787402 0.732283 
vn 0.685039 -0.00787402 0.732283 
vn 0.685039 -0.00787402 0.732283 
vn 0.685039 -0.00787402 0.732283 
vn 0 1 0.00787402 
vn 0 1 0.00787402 
vn 0 1 0.00787402 
vn 0 1 0.00787402 
vn -0.732283 0 0.685039 
vn -0.732283 0 0.685039 
vn -0.732283 0 0.685039 
vn -0.732283 0 0.685039 
vn -0.685039 0.00787402 -0.732283 
vn -0.685039 0.00787402 -0.732283 
vn -0.685039 0.00787402 -0.732283 
vn -0.685039 0.00787402 -0.732283 
vn 0 -1 -0.00787402 
vn 0 -1 -0.00787402 
vn 0 -1 -0.00787402 
vn 0 -1 -0.00787402 
vn 0.732283 0 -0.685039 
vn 0.732283 0 -0.685039 
vn 0.732283 0 -0.685039 
vn 0.732283 0 -0.685039 

vt 13.8012 8.81421 
vt 5.11554 8.81421 
vt 13.8012 7.96822 
vt 5.11554 7.96822 
vt 13.0733 8.81421 
vt 5.11554 8.81421 
vt 13.0733 0.128549 
vt 5.11554 0.128549 
vt 13.0733 8.81421 
vt 5.11554 8.81421 
vt 13.0733 7.96822 
vt 5.11554 7.96822 
vt 13.8012 8.81421 
vt 5.11554 8.81421 
vt 13.8012 7.96822 
vt 5.11554 7.96822 
vt 13.0733 8.81421 
vt 5.11554 8.81421 
vt 13.0733 0.128549 
vt 5.11554 0.128549 
vt 13.0733 8.81421 
vt 5.11554 8.81421 
vt 13.0733 7.96822 
vt 5.11554 7.96822 

usemtl Volcanopart1Mtl

f 4921/4921/4921 4922/4922/4922 4923/4923/4923 
f 4923/4923/4923 4922/4922/4922 4924/4924/4924 
f 4925/4925/4925 4926/4926/4926 4927/4927/4927 
f 4927/4927/4927 4926/4926/4926 4928/4928/4928 
f 4929/4929/4929 4930/4930/4930 4931/4931/4931 
f 4931/4931/4931 4930/4930/4930 4932/4932/4932 
f 4933/4933/4933 4934/4934/4934 4935/4935/4935 
f 4935/4935/4935 4934/4934/4934 4936/4936/4936 
f 4937/4937/4937 4938/4938/4938 4939/4939/4939 
f 4939/4939/4939 4938/4938/4938 4940/4940/4940 
f 4941/4941/4941 4942/4942/4942 4943/4943/4943 
f 4943/4943/4943 4942/4942/4942 4944/4944/4944 

g Volcanopart154

v -68.6257 10.475 68.0879 
v -123.904 10.3817 108.249 
v -68.6239 2.83469 68.0726 
v -123.903 2.74143 108.233 
v -161.323 10.4755 56.7445 
v -123.904 10.3817 108.249 
v -106.044 10.5687 16.5837 
v -68.6257 10.475 68.0879 
v -123.904 10.3817 108.249 
v -161.323 10.4755 56.7445 
v -123.903 2.74143 108.233 
v -161.321 2.83519 56.7292 
v -161.323 10.4755 56.7445 
v -106.044 10.5687 16.5837 
v -161.321 2.83519 56.7292 
v -106.043 2.92846 16.5685 
v -106.043 2.92846 16.5685 
v -68.6239 2.83469 68.0726 
v -161.321 2.83519 56.7292 
v -123.903 2.74143 108.233 
v -106.044 10.5687 16.5837 
v -68.6257 10.475 68.0879 
v -106.043 2.92846 16.5685 
v -68.6239 2.83469 68.0726 

vn 0.590551 0 0.811024 
vn 0.590551 0 0.811024 
vn 0.590551 0 0.811024 
vn 0.590551 0 0.811024 
vn 0 1 0 
vn 0 1 0 
vn 0 1 0 
vn 0 1 0 
vn -0.811024 0 0.590551 
vn -0.811024 0 0.590551 
vn -0.811024 0 0.590551 
vn -0.811024 0 0.590551 
vn -0.590551 0 -0.811024 
vn -0.590551 0 -0.811024 
vn -0.590551 0 -0.811024 
vn -0.590551 0 -0.811024 
vn 0 -1 0 
vn 0 -1 0 
vn 0 -1 0 
vn 0 -1 0 
vn 0.811024 0 -0.590551 
vn 0.811024 0 -0.590551 
vn 0.811024 0 -0.590551 
vn 0.811024 0 -0.590551 

vt 5.20988 6.10327 
vt -3.33104 6.10327 
vt 5.20988 5.14823 
vt -3.33104 5.14823 
vt 4.62671 6.10327 
vt -3.33104 6.10327 
vt 4.62671 -2.43764 
vt -3.33104 -2.43764 
vt 4.62671 6.10327 
vt -3.33104 6.10327 
vt 4.62671 5.14823 
vt -3.33104 5.14823 
vt 5.20988 6.10327 
vt -3.33104 6.10327 
vt 5.20988 5.14823 
vt -3.33104 5.14823 
vt 4.62671 6.10327 
vt -3.33104 6.10327 
vt 4.62671 -2.43764 
vt -3.33104 -2.43764 
vt 4.62671 6.10327 
vt -3.33104 6.10327 
vt 4.62671 5.14823 
vt -3.33104 5.14823 

usemtl Volcanopart1Mtl

f 4945/4945/4945 4946/4946/4946 4947/4947/4947 
f 4947/4947/4947 4946/4946/4946 4948/4948/4948 
f 4949/4949/4949 4950/4950/4950 4951/4951/4951 
f 4951/4951/4951 4950/4950/4950 4952/4952/4952 
f 4953/4953/4953 4954/4954/4954 4955/4955/4955 
f 4955/4955/4955 4954/4954/4954 4956/4956/4956 
f 4957/4957/4957 4958/4958/4958 4959/4959/4959 
f 4959/4959/4959 4958/4958/4958 4960/4960/4960 
f 4961/4961/4961 4962/4962/4962 4963/4963/4963 
f 4963/4963/4963 4962/4962/4962 4964/4964/4964 
f 4965/4965/4965 4966/4966/4966 4967/4967/4967 
f 4967/4967/4967 4966/4966/4966 4968/4968/4968 

g Volcanopart155

v -84.5308 10.1647 60.7596 
v -140.541 10.0932 91.5501 
v -84.5579 4.45905 60.697 
v -140.568 4.38754 91.4875 
v -171.208 10.8503 35.7665 
v -140.541 10.0932 91.5501 
v -115.198 10.9218 4.97604 
v -84.5308 10.1647 60.7596 
v -140.541 10.0932 91.5501 
v -171.208 10.8503 35.7665 
v -140.568 4.38754 91.4875 
v -171.235 5.14463 35.704 
v -171.208 10.8503 35.7665 
v -115.198 10.9218 4.97604 
v -171.235 5.14463 35.704 
v -115.225 5.21613 4.9135 
v -115.225 5.21613 4.9135 
v -84.5579 4.45905 60.697 
v -171.235 5.14463 35.704 
v -140.568 4.38754 91.4875 
v -115.198 10.9218 4.97604 
v -84.5308 10.1647 60.7596 
v -115.225 5.21613 4.9135 
v -84.5579 4.45905 60.697 

vn 0.480315 -0.015748 0.874016 
vn 0.480315 -0.015748 0.874016 
vn 0.480315 -0.015748 0.874016 
vn 0.480315 -0.015748 0.874016 
vn 0.00787402 1 0.00787402 
vn 0.00787402 1 0.00787402 
vn 0.00787402 1 0.00787402 
vn 0.00787402 1 0.00787402 
vn -0.874016 0 0.480315 
vn -0.874016 0 0.480315 
vn -0.874016 0 0.480315 
vn -0.874016 0 0.480315 
vn -0.480315 0.015748 -0.874016 
vn -0.480315 0.015748 -0.874016 
vn -0.480315 0.015748 -0.874016 
vn -0.480315 0.015748 -0.874016 
vn -0.00787402 -1 -0.00787402 
vn -0.00787402 -1 -0.00787402 
vn -0.00787402 -1 -0.00787402 
vn -0.00787402 -1 -0.00787402 
vn 0.874016 0 -0.480315 
vn 0.874016 0 -0.480315 
vn 0.874016 0 -0.480315 
vn 0.874016 0 -0.480315 

vt 14.9244 -5.93496 
vt 6.93496 -5.93496 
vt 14.9244 -6.64822 
vt 6.93496 -6.64822 
vt 14.8927 -5.93496 
vt 6.93496 -5.93496 
vt 14.8927 -13.9244 
vt 6.93496 -13.9244 
vt 14.8927 -5.93496 
vt 6.93496 -5.93496 
vt 14.8927 -6.64822 
vt 6.93496 -6.64822 
vt 14.9244 -5.93496 
vt 6.93496 -5.93496 
vt 14.9244 -6.64822 
vt 6.93496 -6.64822 
vt 14.8927 -5.93496 
vt 6.93496 -5.93496 
vt 14.8927 -13.9244 
vt 6.93496 -13.9244 
vt 14.8927 -5.93496 
vt 6.93496 -5.93496 
vt 14.8927 -6.64822 
vt 6.93496 -6.64822 

usemtl Volcanopart1Mtl

f 4969/4969/4969 4970/4970/4970 4971/4971/4971 
f 4971/4971/4971 4970/4970/4970 4972/4972/4972 
f 4973/4973/4973 4974/4974/4974 4975/4975/4975 
f 4975/4975/4975 4974/4974/4974 4976/4976/4976 
f 4977/4977/4977 4978/4978/4978 4979/4979/4979 
f 4979/4979/4979 4978/4978/4978 4980/4980/4980 
f 4981/4981/4981 4982/4982/4982 4983/4983/4983 
f 4983/4983/4983 4982/4982/4982 4984/4984/4984 
f 4985/4985/4985 4986/4986/4986 4987/4987/4987 
f 4987/4987/4987 4986/4986/4986 4988/4988/4988 
f 4989/4989/4989 4990/4990/4990 4991/4991/4991 
f 4991/4991/4991 4990/4990/4990 4992/4992/4992 

g Volcanopart156

v -100.108 10.369 50.9935 
v -155.111 10.3184 72.7699 
v -100.118 3.22251 50.9494 
v -155.121 3.17194 72.7258 
v -178.545 10.7192 13.5795 
v -155.111 10.3184 72.7699 
v -123.542 10.7698 -8.19695 
v -100.108 10.369 50.9935 
v -155.111 10.3184 72.7699 
v -178.545 10.7192 13.5795 
v -155.121 3.17194 72.7258 
v -178.556 3.57273 13.5354 
v -178.545 10.7192 13.5795 
v -123.542 10.7698 -8.19695 
v -178.556 3.57273 13.5354 
v -123.553 3.6233 -8.24103 
v -123.553 3.6233 -8.24103 
v -100.118 3.22251 50.9494 
v -178.556 3.57273 13.5354 
v -155.121 3.17194 72.7258 
v -123.542 10.7698 -8.19695 
v -100.108 10.369 50.9935 
v -123.553 3.6233 -8.24103 
v -100.118 3.22251 50.9494 

vn 0.370079 -0.00787402 0.929134 
vn 0.370079 -0.00787402 0.929134 
vn 0.370079 -0.00787402 0.929134 
vn 0.370079 -0.00787402 0.929134 
vn 0 1 0.00787402 
vn 0 1 0.00787402 
vn 0 1 0.00787402 
vn 0 1 0.00787402 
vn -0.929134 0 0.370079 
vn -0.929134 0 0.370079 
vn -0.929134 0 0.370079 
vn -0.929134 0 0.370079 
vn -0.370079 0.00787402 -0.929134 
vn -0.370079 0.00787402 -0.929134 
vn -0.370079 0.00787402 -0.929134 
vn -0.370079 0.00787402 -0.929134 
vn 0 -1 -0.00787402 
vn 0 -1 -0.00787402 
vn 0 -1 -0.00787402 
vn 0 -1 -0.00787402 
vn 0.929134 0 -0.370079 
vn 0.929134 0 -0.370079 
vn 0.929134 0 -0.370079 
vn 0.929134 0 -0.370079 

vt 13.034 -4.30688 
vt 5.63938 -4.30688 
vt 13.034 -5.20021 
vt 5.63938 -5.20021 
vt 13.5971 -4.30688 
vt 5.63938 -4.30688 
vt 13.5971 -11.7015 
vt 5.63938 -11.7015 
vt 13.5971 -4.30688 
vt 5.63938 -4.30688 
vt 13.5971 -5.20021 
vt 5.63938 -5.20021 
vt 13.034 -4.30688 
vt 5.63938 -4.30688 
vt 13.034 -5.20021 
vt 5.63938 -5.20021 
vt 13.5971 -4.30688 
vt 5.63938 -4.30688 
vt 13.5971 -11.7015 
vt 5.63938 -11.7015 
vt 13.5971 -4.30688 
vt 5.63938 -4.30688 
vt 13.5971 -5.20021 
vt 5.63938 -5.20021 

usemtl Volcanopart1Mtl

f 4993/4993/4993 4994/4994/4994 4995/4995/4995 
f 4995/4995/4995 4994/4994/4994 4996/4996/4996 
f 4997/4997/4997 4998/4998/4998 4999/4999/4999 
f 4999/4999/4999 4998/4998/4998 5000/5000/5000 
f 5001/5001/5001 5002/5002/5002 5003/5003/5003 
f 5003/5003/5003 5002/5002/5002 5004/5004/5004 
f 5005/5005/5005 5006/5006/5006 5007/5007/5007 
f 5007/5007/5007 5006/5006/5006 5008/5008/5008 
f 5009/5009/5009 5010/5010/5010 5011/5011/5011 
f 5011/5011/5011 5010/5010/5010 5012/5012/5012 
f 5013/5013/5013 5014/5014/5014 5015/5015/5015 
f 5015/5015/5015 5014/5014/5014 5016/5016/5016 

g Volcanopart157

v -86.7765 10.627 31.4963 
v -161.7 10.5824 50.7328 
v -86.7731 5.26603 31.4972 
v -161.697 5.22136 50.7337 
v -177.532 10.5624 -10.9293 
v -161.7 10.5824 50.7328 
v -102.608 10.6071 -30.1658 
v -86.7765 10.627 31.4963 
v -161.7 10.5824 50.7328 
v -177.532 10.5624 -10.9293 
v -161.697 5.22136 50.7337 
v -177.528 5.20141 -10.9284 
v -177.532 10.5624 -10.9293 
v -102.608 10.6071 -30.1658 
v -177.528 5.20141 -10.9284 
v -102.605 5.24608 -30.1649 
v -102.605 5.24608 -30.1649 
v -86.7731 5.26603 31.4972 
v -177.528 5.20141 -10.9284 
v -161.697 5.22136 50.7337 
v -102.608 10.6071 -30.1658 
v -86.7765 10.627 31.4963 
v -102.605 5.24608 -30.1649 
v -86.7731 5.26603 31.4972 

vn 0.251969 0 0.968504 
vn 0.251969 0 0.968504 
vn 0.251969 0 0.968504 
vn 0.251969 0 0.968504 
vn 0 1 0 
vn 0 1 0 
vn 0 1 0 
vn 0 1 0 
vn -0.968504 0 0.251969 
vn -0.968504 0 0.251969 
vn -0.968504 0 0.251969 
vn -0.968504 0 0.251969 
vn -0.251969 0 -0.968504 
vn -0.251969 0 -0.968504 
vn -0.251969 0 -0.968504 
vn -0.251969 0 -0.968504 
vn 0 -1 0 
vn 0 -1 0 
vn 0 -1 0 
vn 0 -1 0 
vn 0.968504 0 -0.251969 
vn 0.968504 0 -0.251969 
vn 0.968504 0 -0.251969 
vn 0.968504 0 -0.251969 

vt 13.1857 9.1751 
vt 3.51647 9.1751 
vt 13.1857 8.50497 
vt 3.51647 8.50497 
vt 11.4742 9.1751 
vt 3.51647 9.1751 
vt 11.4742 -0.494143 
vt 3.51647 -0.494143 
vt 11.4742 9.1751 
vt 3.51647 9.1751 
vt 11.4742 8.50497 
vt 3.51647 8.50497 
vt 13.1857 9.1751 
vt 3.51647 9.1751 
vt 13.1857 8.50497 
vt 3.51647 8.50497 
vt 11.4742 9.1751 
vt 3.51647 9.1751 
vt 11.4742 -0.494143 
vt 3.51647 -0.494143 
vt 11.4742 9.1751 
vt 3.51647 9.1751 
vt 11.4742 8.50497 
vt 3.51647 8.50497 

usemtl Volcanopart1Mtl

f 5017/5017/5017 5018/5018/5018 5019/5019/5019 
f 5019/5019/5019 5018/5018/5018 5020/5020/5020 
f 5021/5021/5021 5022/5022/5022 5023/5023/5023 
f 5023/5023/5023 5022/5022/5022 5024/5024/5024 
f 5025/5025/5025 5026/5026/5026 5027/5027/5027 
f 5027/5027/5027 5026/5026/5026 5028/5028/5028 
f 5029/5029/5029 5030/5030/5030 5031/5031/5031 
f 5031/5031/5031 5030/5030/5030 5032/5032/5032 
f 5033/5033/5033 5034/5034/5034 5035/5035/5035 
f 5035/5035/5035 5034/5034/5034 5036/5036/5036 
f 5037/5037/5037 5038/5038/5038 5039/5039/5039 
f 5039/5039/5039 5038/5038/5038 5040/5040/5040 

g Volcanopart158

v -106.389 10.3233 21.202 
v -172.525 10.3039 29.5567 
v -106.394 4.82577 21.1471 
v -172.531 4.80637 29.5018 
v -180.504 10.9415 -33.6002 
v -172.525 10.3039 29.5567 
v -114.367 10.9609 -41.9549 
v -106.389 10.3233 21.202 
v -172.525 10.3039 29.5567 
v -180.504 10.9415 -33.6002 
v -172.531 4.80637 29.5018 
v -180.509 5.44397 -33.655 
v -180.504 10.9415 -33.6002 
v -114.367 10.9609 -41.9549 
v -180.509 5.44397 -33.655 
v -114.373 5.46337 -42.0097 
v -114.373 5.46337 -42.0097 
v -106.394 4.82577 21.1471 
v -180.509 5.44397 -33.655 
v -172.531 4.80637 29.5018 
v -114.367 10.9609 -41.9549 
v -106.389 10.3233 21.202 
v -114.373 5.46337 -42.0097 
v -106.394 4.82577 21.1471 

vn 0.125984 -0.00787402 0.992126 
vn 0.125984 -0.00787402 0.992126 
vn 0.125984 -0.00787402 0.992126 
vn 0.125984 -0.00787402 0.992126 
vn 0 1 0.00787402 
vn 0 1 0.00787402 
vn 0 1 0.00787402 
vn 0 1 0.00787402 
vn -0.992126 0 0.125984 
vn -0.992126 0 0.125984 
vn -0.992126 0 0.125984 
vn -0.992126 0 0.125984 
vn -0.125984 0.00787402 -0.992126 
vn -0.125984 0.00787402 -0.992126 
vn -0.125984 0.00787402 -0.992126 
vn -0.125984 0.00787402 -0.992126 
vn 0 -1 -0.00787402 
vn 0 -1 -0.00787402 
vn 0 -1 -0.00787402 
vn 0 -1 -0.00787402 
vn 0.992126 0 -0.125984 
vn 0.992126 0 -0.125984 
vn 0.992126 0 -0.125984 
vn 0.992126 0 -0.125984 

vt 8.07586 -4.17949 
vt -0.256924 -4.17949 
vt 8.07586 -4.86671 
vt -0.256924 -4.86671 
vt 7.70082 -4.17949 
vt -0.256924 -4.17949 
vt 7.70082 -12.5123 
vt -0.256924 -12.5123 
vt 7.70082 -4.17949 
vt -0.256924 -4.17949 
vt 7.70082 -4.86671 
vt -0.256924 -4.86671 
vt 8.07586 -4.17949 
vt -0.256924 -4.17949 
vt 8.07586 -4.86671 
vt -0.256924 -4.86671 
vt 7.70082 -4.17949 
vt -0.256924 -4.17949 
vt 7.70082 -12.5123 
vt -0.256924 -12.5123 
vt 7.70082 -4.17949 
vt -0.256924 -4.17949 
vt 7.70082 -4.86671 
vt -0.256924 -4.86671 

usemtl Volcanopart1Mtl

f 5041/5041/5041 5042/5042/5042 5043/5043/5043 
f 5043/5043/5043 5042/5042/5042 5044/5044/5044 
f 5045/5045/5045 5046/5046/5046 5047/5047/5047 
f 5047/5047/5047 5046/5046/5046 5048/5048/5048 
f 5049/5049/5049 5050/5050/5050 5051/5051/5051 
f 5051/5051/5051 5050/5050/5050 5052/5052/5052 
f 5053/5053/5053 5054/5054/5054 5055/5055/5055 
f 5055/5055/5055 5054/5054/5054 5056/5056/5056 
f 5057/5057/5057 5058/5058/5058 5059/5059/5059 
f 5059/5059/5059 5058/5058/5058 5060/5060/5060 
f 5061/5061/5061 5062/5062/5062 5063/5063/5063 
f 5063/5063/5063 5062/5062/5062 5064/5064/5064 

g Volcanopart159

v -109.764 10.7012 6.80307 
v -177.656 10.7012 6.80307 
v -109.764 6.33724 6.80656 
v -177.656 6.33724 6.80657 
v -177.656 10.6502 -56.8589 
v -177.656 10.7012 6.80307 
v -109.764 10.6502 -56.8589 
v -109.764 10.7012 6.80307 
v -177.656 10.7012 6.80307 
v -177.656 10.6502 -56.8589 
v -177.656 6.33724 6.80657 
v -177.656 6.28626 -56.8554 
v -177.656 10.6502 -56.8589 
v -109.764 10.6502 -56.8589 
v -177.656 6.28626 -56.8554 
v -109.764 6.28627 -56.8554 
v -109.764 6.28627 -56.8554 
v -109.764 6.33724 6.80656 
v -177.656 6.28626 -56.8554 
v -177.656 6.33724 6.80657 
v -109.764 10.6502 -56.8589 
v -109.764 10.7012 6.80307 
v -109.764 6.28627 -56.8554 
v -109.764 6.33724 6.80656 

vn 0 0 1 
vn 0 0 1 
vn 0 0 1 
vn 0 0 1 
vn 0 1 0 
vn 0 1 0 
vn 0 1 0 
vn 0 1 0 
vn -1 0 0 
vn -1 0 0 
vn -1 0 0 
vn -1 0 0 
vn 0 0 -1 
vn 0 0 -1 
vn 0 0 -1 
vn 0 0 -1 
vn 0 -1 0 
vn 0 -1 0 
vn 0 -1 0 
vn 0 -1 0 
vn 1 0 0 
vn 1 0 0 
vn 1 0 0 
vn 1 0 0 

vt 6.23571 1.2571 
vt -2.25072 1.2571 
vt 6.23571 0.711608 
vt -2.25072 0.711608 
vt 5.70702 1.2571 
vt -2.25072 1.2571 
vt 5.70702 -7.22933 
vt -2.25072 -7.22933 
vt 5.70702 1.2571 
vt -2.25072 1.2571 
vt 5.70702 0.711608 
vt -2.25072 0.711608 
vt 6.23571 1.2571 
vt -2.25072 1.2571 
vt 6.23571 0.711608 
vt -2.25072 0.711608 
vt 5.70702 1.2571 
vt -2.25072 1.2571 
vt 5.70702 -7.22933 
vt -2.25072 -7.22933 
vt 5.70702 1.2571 
vt -2.25072 1.2571 
vt 5.70702 0.711608 
vt -2.25072 0.711608 

usemtl Volcanopart1Mtl

f 5065/5065/5065 5066/5066/5066 5067/5067/5067 
f 5067/5067/5067 5066/5066/5066 5068/5068/5068 
f 5069/5069/5069 5070/5070/5070 5071/5071/5071 
f 5071/5071/5071 5070/5070/5070 5072/5072/5072 
f 5073/5073/5073 5074/5074/5074 5075/5075/5075 
f 5075/5075/5075 5074/5074/5074 5076/5076/5076 
f 5077/5077/5077 5078/5078/5078 5079/5079/5079 
f 5079/5079/5079 5078/5078/5078 5080/5080/5080 
f 5081/5081/5081 5082/5082/5082 5083/5083/5083 
f 5083/5083/5083 5082/5082/5082 5084/5084/5084 
f 5085/5085/5085 5086/5086/5086 5087/5087/5087 
f 5087/5087/5087 5086/5086/5086 5088/5088/5088 

g Volcanopart160

v -111.98 10.6075 -7.76022 
v -180.029 10.6274 -16.3564 
v -111.98 4.70382 -7.77903 
v -180.028 4.72378 -16.3752 
v -172.05 10.8295 -79.5161 
v -180.029 10.6274 -16.3564 
v -104.002 10.8095 -70.9199 
v -111.98 10.6075 -7.76022 
v -180.029 10.6274 -16.3564 
v -172.05 10.8295 -79.5161 
v -180.028 4.72378 -16.3752 
v -172.05 4.92587 -79.5349 
v -172.05 10.8295 -79.5161 
v -104.002 10.8095 -70.9199 
v -172.05 4.92587 -79.5349 
v -104.001 4.90591 -70.9387 
v -104.001 4.90591 -70.9387 
v -111.98 4.70382 -7.77903 
v -172.05 4.92587 -79.5349 
v -180.028 4.72378 -16.3752 
v -104.002 10.8095 -70.9199 
v -111.98 10.6075 -7.76022 
v -104.001 4.90591 -70.9387 
v -111.98 4.70382 -7.77903 

vn -0.125984 0 0.992126 
vn -0.125984 0 0.992126 
vn -0.125984 0 0.992126 
vn -0.125984 0 0.992126 
vn 0 1 0 
vn 0 1 0 
vn 0 1 0 
vn 0 1 0 
vn -0.992126 0 -0.125984 
vn -0.992126 0 -0.125984 
vn -0.992126 0 -0.125984 
vn -0.992126 0 -0.125984 
vn 0.125984 0 -0.992126 
vn 0.125984 0 -0.992126 
vn 0.125984 0 -0.992126 
vn 0.125984 0 -0.992126 
vn 0 -1 0 
vn 0 -1 0 
vn 0 -1 0 
vn 0 -1 0 
vn 0.992126 0 0.125984 
vn 0.992126 0 0.125984 
vn 0.992126 0 0.125984 
vn 0.992126 0 0.125984 

vt 0.777413 0.358926 
vt -7.79626 0.358926 
vt 0.777413 -0.379033 
vt -7.79626 -0.379033 
vt 0.161485 0.358926 
vt -7.79626 0.358926 
vt 0.161485 -8.21475 
vt -7.79626 -8.21475 
vt 0.161485 0.358926 
vt -7.79626 0.358926 
vt 0.161485 -0.379033 
vt -7.79626 -0.379033 
vt 0.777413 0.358926 
vt -7.79626 0.358926 
vt 0.777413 -0.379033 
vt -7.79626 -0.379033 
vt 0.161485 0.358926 
vt -7.79626 0.358926 
vt 0.161485 -8.21475 
vt -7.79626 -8.21475 
vt 0.161485 0.358926 
vt -7.79626 0.358926 
vt 0.161485 -0.379033 
vt -7.79626 -0.379033 

usemtl Volcanopart1Mtl

f 5089/5089/5089 5090/5090/5090 5091/5091/5091 
f 5091/5091/5091 5090/5090/5090 5092/5092/5092 
f 5093/5093/5093 5094/5094/5094 5095/5095/5095 
f 5095/5095/5095 5094/5094/5094 5096/5096/5096 
f 5097/5097/5097 5098/5098/5098 5099/5099/5099 
f 5099/5099/5099 5098/5098/5098 5100/5100/5100 
f 5101/5101/5101 5102/5102/5102 5103/5103/5103 
f 5103/5103/5103 5102/5102/5102 5104/5104/5104 
f 5105/5105/5105 5106/5106/5106 5107/5107/5107 
f 5107/5107/5107 5106/5106/5106 5108/5108/5108 
f 5109/5109/5109 5110/5110/5110 5111/5111/5111 
f 5111/5111/5111 5110/5110/5110 5112/5112/5112 

g Volcanopart161

v -109.229 10.8935 -21.6017 
v -178.851 10.935 -39.477 
v -109.237 5.95331 -21.5791 
v -178.86 5.99482 -39.4544 
v -163.02 10.6249 -101.138 
v -178.851 10.935 -39.477 
v -93.3975 10.5834 -83.263 
v -109.229 10.8935 -21.6017 
v -178.851 10.935 -39.477 
v -163.02 10.6249 -101.138 
v -178.86 5.99482 -39.4544 
v -163.028 5.68473 -101.116 
v -163.02 10.6249 -101.138 
v -93.3975 10.5834 -83.263 
v -163.028 5.68473 -101.116 
v -93.4062 5.64323 -83.2404 
v -93.4062 5.64323 -83.2404 
v -109.237 5.95331 -21.5791 
v -163.028 5.68473 -101.116 
v -178.86 5.99482 -39.4544 
v -93.3975 10.5834 -83.263 
v -109.229 10.8935 -21.6017 
v -93.4062 5.64323 -83.2404 
v -109.237 5.95331 -21.5791 

vn -0.251969 0.00787402 0.968504 
vn -0.251969 0.00787402 0.968504 
vn -0.251969 0.00787402 0.968504 
vn -0.251969 0.00787402 0.968504 
vn 0 1 -0.00787402 
vn 0 1 -0.00787402 
vn 0 1 -0.00787402 
vn 0 1 -0.00787402 
vn -0.968504 0 -0.251969 
vn -0.968504 0 -0.251969 
vn -0.968504 0 -0.251969 
vn -0.968504 0 -0.251969 
vn 0.251969 -0.00787402 -0.968504 
vn 0.251969 -0.00787402 -0.968504 
vn 0.251969 -0.00787402 -0.968504 
vn 0.251969 -0.00787402 -0.968504 
vn 0 -1 0.00787402 
vn 0 -1 0.00787402 
vn 0 -1 0.00787402 
vn 0 -1 0.00787402 
vn 0.968504 0 0.251969 
vn 0.968504 0 0.251969 
vn 0.968504 0 0.251969 
vn 0.968504 0 0.251969 

vt 3.8506 -2.5089 
vt -5.13444 -2.5089 
vt 3.8506 -3.12643 
vt -5.13444 -3.12643 
vt 2.8233 -2.5089 
vt -5.13444 -2.5089 
vt 2.8233 -11.4939 
vt -5.13444 -11.4939 
vt 2.8233 -2.5089 
vt -5.13444 -2.5089 
vt 2.8233 -3.12643 
vt -5.13444 -3.12643 
vt 3.8506 -2.5089 
vt -5.13444 -2.5089 
vt 3.8506 -3.12643 
vt -5.13444 -3.12643 
vt 2.8233 -2.5089 
vt -5.13444 -2.5089 
vt 2.8233 -11.4939 
vt -5.13444 -11.4939 
vt 2.8233 -2.5089 
vt -5.13444 -2.5089 
vt 2.8233 -3.12643 
vt -5.13444 -3.12643 

usemtl Volcanopart1Mtl

f 5113/5113/5113 5114/5114/5114 5115/5115/5115 
f 5115/5115/5115 5114/5114/5114 5116/5116/5116 
f 5117/5117/5117 5118/5118/5118 5119/5119/5119 
f 5119/5119/5119 5118/5118/5118 5120/5120/5120 
f 5121/5121/5121 5122/5122/5122 5123/5123/5123 
f 5123/5123/5123 5122/5122/5122 5124/5124/5124 
f 5125/5125/5125 5126/5126/5126 5127/5127/5127 
f 5127/5127/5127 5126/5126/5126 5128/5128/5128 
f 5129/5129/5129 5130/5130/5130 5131/5131/5131 
f 5131/5131/5131 5130/5130/5130 5132/5132/5132 
f 5133/5133/5133 5134/5134/5134 5135/5135/5135 
f 5135/5135/5135 5134/5134/5134 5136/5136/5136 

g Volcanopart162

v -116.805 10.9002 -39.1837 
v -177.196 10.9558 -63.0933 
v -116.82 3.9792 -39.1607 
v -177.211 4.03472 -63.0704 
v -153.761 10.707 -122.285 
v -177.196 10.9558 -63.0933 
v -93.3704 10.6515 -98.375 
v -116.805 10.9002 -39.1837 
v -177.196 10.9558 -63.0933 
v -153.761 10.707 -122.285 
v -177.211 4.03472 -63.0704 
v -153.777 3.78596 -122.262 
v -153.761 10.707 -122.285 
v -93.3704 10.6515 -98.375 
v -153.777 3.78596 -122.262 
v -93.3858 3.73043 -98.3521 
v -93.3858 3.73043 -98.3521 
v -116.82 3.9792 -39.1607 
v -153.777 3.78596 -122.262 
v -177.211 4.03472 -63.0704 
v -93.3704 10.6515 -98.375 
v -116.805 10.9002 -39.1837 
v -93.3858 3.73043 -98.3521 
v -116.82 3.9792 -39.1607 

vn -0.370079 0 0.929134 
vn -0.370079 0 0.929134 
vn -0.370079 0 0.929134 
vn -0.370079 0 0.929134 
vn 0 1 0 
vn 0 1 0 
vn 0 1 0 
vn 0 1 0 
vn -0.929134 0 -0.370079 
vn -0.929134 0 -0.370079 
vn -0.929134 0 -0.370079 
vn -0.929134 0 -0.370079 
vn 0.370079 0 -0.929134 
vn 0.370079 0 -0.929134 
vn 0.370079 0 -0.929134 
vn 0.370079 0 -0.929134 
vn 0 -1 0 
vn 0 -1 0 
vn 0 -1 0 
vn 0 -1 0 
vn 0.929134 0 0.370079 
vn 0.929134 0 0.370079 
vn 0.929134 0 0.370079 
vn 0.929134 0 0.370079 

vt 16.5404 -4.16854 
vt 8.42146 -4.16854 
vt 16.5404 -5.03367 
vt 8.42146 -5.03367 
vt 16.3792 -4.16854 
vt 8.42146 -4.16854 
vt 16.3792 -12.2875 
vt 8.42146 -12.2875 
vt 16.3792 -4.16854 
vt 8.42146 -4.16854 
vt 16.3792 -5.03367 
vt 8.42146 -5.03367 
vt 16.5404 -4.16854 
vt 8.42146 -4.16854 
vt 16.5404 -5.03367 
vt 8.42146 -5.03367 
vt 16.3792 -4.16854 
vt 8.42146 -4.16854 
vt 16.3792 -12.2875 
vt 8.42146 -12.2875 
vt 16.3792 -4.16854 
vt 8.42146 -4.16854 
vt 16.3792 -5.03367 
vt 8.42146 -5.03367 

usemtl Volcanopart1Mtl

f 5137/5137/5137 5138/5138/5138 5139/5139/5139 
f 5139/5139/5139 5138/5138/5138 5140/5140/5140 
f 5141/5141/5141 5142/5142/5142 5143/5143/5143 
f 5143/5143/5143 5142/5142/5142 5144/5144/5144 
f 5145/5145/5145 5146/5146/5146 5147/5147/5147 
f 5147/5147/5147 5146/5146/5146 5148/5148/5148 
f 5149/5149/5149 5150/5150/5150 5151/5151/5151 
f 5151/5151/5151 5150/5150/5150 5152/5152/5152 
f 5153/5153/5153 5154/5154/5154 5155/5155/5155 
f 5155/5155/5155 5154/5154/5154 5156/5156/5156 
f 5157/5157/5157 5158/5158/5158 5159/5159/5159 
f 5159/5159/5159 5158/5158/5158 5160/5160/5160 

g Volcanopart163

v -125.942 10.6537 -60.8796 
v -173.371 10.7142 -86.9534 
v -125.933 4.96899 -60.909 
v -173.362 5.02954 -86.9827 
v -142.703 11.0506 -142.74 
v -173.371 10.7142 -86.9534 
v -95.2733 10.9901 -116.667 
v -125.942 10.6537 -60.8796 
v -173.371 10.7142 -86.9534 
v -142.703 11.0506 -142.74 
v -173.362 5.02954 -86.9827 
v -142.694 5.36591 -142.77 
v -142.703 11.0506 -142.74 
v -95.2733 10.9901 -116.667 
v -142.694 5.36591 -142.77 
v -95.2644 5.30535 -116.696 
v -95.2644 5.30535 -116.696 
v -125.933 4.96899 -60.909 
v -142.694 5.36591 -142.77 
v -173.362 5.02954 -86.9827 
v -95.2733 10.9901 -116.667 
v -125.942 10.6537 -60.8796 
v -95.2644 5.30535 -116.696 
v -125.933 4.96899 -60.909 

vn -0.480315 -0.00787402 0.874016 
vn -0.480315 -0.00787402 0.874016 
vn -0.480315 -0.00787402 0.874016 
vn -0.480315 -0.00787402 0.874016 
vn 0 1 0.00787402 
vn 0 1 0.00787402 
vn 0 1 0.00787402 
vn 0 1 0.00787402 
vn -0.874016 0 -0.480315 
vn -0.874016 0 -0.480315 
vn -0.874016 0 -0.480315 
vn -0.874016 0 -0.480315 
vn 0.480315 0.00787402 -0.874016 
vn 0.480315 0.00787402 -0.874016 
vn 0.480315 0.00787402 -0.874016 
vn 0.480315 0.00787402 -0.874016 
vn 0 -1 -0.00787402 
vn 0 -1 -0.00787402 
vn 0 -1 -0.00787402 
vn 0 -1 -0.00787402 
vn 0.874016 0 0.480315 
vn 0.874016 0 0.480315 
vn 0.874016 0 0.480315 
vn 0.874016 0 0.480315 

vt 4.72089 -1.78224 
vt -2.04461 -1.78224 
vt 4.72089 -2.49284 
vt -2.04461 -2.49284 
vt 5.91313 -1.78224 
vt -2.04461 -1.78224 
vt 5.91313 -8.54774 
vt -2.04461 -8.54774 
vt 5.91313 -1.78224 
vt -2.04461 -1.78224 
vt 5.91313 -2.49284 
vt -2.04461 -2.49284 
vt 4.72089 -1.78224 
vt -2.04461 -1.78224 
vt 4.72089 -2.49284 
vt -2.04461 -2.49284 
vt 5.91313 -1.78224 
vt -2.04461 -1.78224 
vt 5.91313 -8.54774 
vt -2.04461 -8.54774 
vt 5.91313 -1.78224 
vt -2.04461 -1.78224 
vt 5.91313 -2.49284 
vt -2.04461 -2.49284 

usemtl Volcanopart1Mtl

f 5161/5161/5161 5162/5162/5162 5163/5163/5163 
f 5163/5163/5163 5162/5162/5162 5164/5164/5164 
f 5165/5165/5165 5166/5166/5166 5167/5167/5167 
f 5167/5167/5167 5166/5166/5166 5168/5168/5168 
f 5169/5169/5169 5170/5170/5170 5171/5171/5171 
f 5171/5171/5171 5170/5170/5170 5172/5172/5172 
f 5173/5173/5173 5174/5174/5174 5175/5175/5175 
f 5175/5175/5175 5174/5174/5174 5176/5176/5176 
f 5177/5177/5177 5178/5178/5178 5179/5179/5179 
f 5179/5179/5179 5178/5178/5178 5180/5180/5180 
f 5181/5181/5181 5182/5182/5182 5183/5183/5183 
f 5183/5183/5183 5182/5182/5182 5184/5184/5184 

g Volcanopart164

v -93.845 10.9861 -57.7881 
v -158.873 11.0958 -105.032 
v -93.8676 5.81408 -57.7691 
v -158.896 5.92379 -105.013 
v -121.455 10.7433 -156.536 
v -158.873 11.0958 -105.032 
v -56.4272 10.6335 -109.292 
v -93.845 10.9861 -57.7881 
v -158.873 11.0958 -105.032 
v -121.455 10.7433 -156.536 
v -158.896 5.92379 -105.013 
v -121.478 5.57124 -156.517 
v -121.455 10.7433 -156.536 
v -56.4272 10.6335 -109.292 
v -121.478 5.57124 -156.517 
v -56.4497 5.46154 -109.273 
v -56.4497 5.46154 -109.273 
v -93.8676 5.81408 -57.7691 
v -121.478 5.57124 -156.517 
v -158.896 5.92379 -105.013 
v -56.4272 10.6335 -109.292 
v -93.845 10.9861 -57.7881 
v -56.4497 5.46154 -109.273 
v -93.8676 5.81408 -57.7691 

vn -0.590551 0.00787402 0.811024 
vn -0.590551 0.00787402 0.811024 
vn -0.590551 0.00787402 0.811024 
vn -0.590551 0.00787402 0.811024 
vn 0.00787402 1 0 
vn 0.00787402 1 0 
vn 0.00787402 1 0 
vn 0.00787402 1 0 
vn -0.811024 0 -0.590551 
vn -0.811024 0 -0.590551 
vn -0.811024 0 -0.590551 
vn -0.811024 0 -0.590551 
vn 0.590551 -0.00787402 -0.811024 
vn 0.590551 -0.00787402 -0.811024 
vn 0.590551 -0.00787402 -0.811024 
vn 0.590551 -0.00787402 -0.811024 
vn -0.00787402 -1 0 
vn -0.00787402 -1 0 
vn -0.00787402 -1 0 
vn -0.00787402 -1 0 
vn 0.811024 0 0.590551 
vn 0.811024 0 0.590551 
vn 0.811024 0 0.590551 
vn 0.811024 0 0.590551 

vt 17.5394 -5.2234 
vt 7.49217 -5.2234 
vt 17.5394 -5.86991 
vt 7.49217 -5.86991 
vt 15.4499 -5.2234 
vt 7.49217 -5.2234 
vt 15.4499 -15.2707 
vt 7.49217 -15.2707 
vt 15.4499 -5.2234 
vt 7.49217 -5.2234 
vt 15.4499 -5.86991 
vt 7.49217 -5.86991 
vt 17.5394 -5.2234 
vt 7.49217 -5.2234 
vt 17.5394 -5.86991 
vt 7.49217 -5.86991 
vt 15.4499 -5.2234 
vt 7.49217 -5.2234 
vt 15.4499 -15.2707 
vt 7.49217 -15.2707 
vt 15.4499 -5.2234 
vt 7.49217 -5.2234 
vt 15.4499 -5.86991 
vt 7.49217 -5.86991 

usemtl Volcanopart1Mtl

f 5185/5185/5185 5186/5186/5186 5187/5187/5187 
f 5187/5187/5187 5186/5186/5186 5188/5188/5188 
f 5189/5189/5189 5190/5190/5190 5191/5191/5191 
f 5191/5191/5191 5190/5190/5190 5192/5192/5192 
f 5193/5193/5193 5194/5194/5194 5195/5195/5195 
f 5195/5195/5195 5194/5194/5194 5196/5196/5196 
f 5197/5197/5197 5198/5198/5198 5199/5199/5199 
f 5199/5199/5199 5198/5198/5198 5200/5200/5200 
f 5201/5201/5201 5202/5202/5202 5203/5203/5203 
f 5203/5203/5203 5202/5202/5202 5204/5204/5204 
f 5205/5205/5205 5206/5206/5206 5207/5207/5207 
f 5207/5207/5207 5206/5206/5206 5208/5208/5208 

g Volcanopart165

v -110.585 10.7665 -90.2385 
v -151.891 10.8565 -129.026 
v -110.574 2.27148 -90.2696 
v -151.88 2.36155 -129.057 
v -108.312 11.0807 -175.434 
v -151.891 10.8565 -129.026 
v -67.0058 10.9907 -136.646 
v -110.585 10.7665 -90.2385 
v -151.891 10.8565 -129.026 
v -108.312 11.0807 -175.434 
v -151.88 2.36155 -129.057 
v -108.301 2.58576 -175.465 
v -108.312 11.0807 -175.434 
v -67.0058 10.9907 -136.646 
v -108.301 2.58576 -175.465 
v -66.9952 2.49569 -136.677 
v -66.9952 2.49569 -136.677 
v -110.574 2.27148 -90.2696 
v -108.301 2.58576 -175.465 
v -151.88 2.36155 -129.057 
v -67.0058 10.9907 -136.646 
v -110.585 10.7665 -90.2385 
v -66.9952 2.49569 -136.677 
v -110.574 2.27148 -90.2696 

vn -0.685039 0 0.732283 
vn -0.685039 0 0.732283 
vn -0.685039 0 0.732283 
vn -0.685039 0 0.732283 
vn 0 1 0 
vn 0 1 0 
vn 0 1 0 
vn 0 1 0 
vn -0.732283 0 -0.685039 
vn -0.732283 0 -0.685039 
vn -0.732283 0 -0.685039 
vn -0.732283 0 -0.685039 
vn 0.685039 0 -0.732283 
vn 0.685039 0 -0.732283 
vn 0.685039 0 -0.732283 
vn 0.685039 0 -0.732283 
vn 0 -1 0 
vn 0 -1 0 
vn 0 -1 0 
vn 0 -1 0 
vn 0.732283 0 0.685039 
vn 0.732283 0 0.685039 
vn 0.732283 0 0.685039 
vn 0.732283 0 0.685039 

vt 9.16534 0.402242 
vt 2.08246 0.402242 
vt 9.16534 -0.659639 
vt 2.08246 -0.659639 
vt 10.0402 0.402242 
vt 2.08246 0.402242 
vt 10.0402 -6.68064 
vt 2.08246 -6.68064 
vt 10.0402 0.402242 
vt 2.08246 0.402242 
vt 10.0402 -0.659639 
vt 2.08246 -0.659639 
vt 9.16534 0.402242 
vt 2.08246 0.402242 
vt 9.16534 -0.659639 
vt 2.08246 -0.659639 
vt 10.0402 0.402242 
vt 2.08246 0.402242 
vt 10.0402 -6.68064 
vt 2.08246 -6.68064 
vt 10.0402 0.402242 
vt 2.08246 0.402242 
vt 10.0402 -0.659639 
vt 2.08246 -0.659639 

usemtl Volcanopart1Mtl

f 5209/5209/5209 5210/5210/5210 5211/5211/5211 
f 5211/5211/5211 5210/5210/5210 5212/5212/5212 
f 5213/5213/5213 5214/5214/5214 5215/5215/5215 
f 5215/5215/5215 5214/5214/5214 5216/5216/5216 
f 5217/5217/5217 5218/5218/5218 5219/5219/5219 
f 5219/5219/5219 5218/5218/5218 5220/5220/5220 
f 5221/5221/5221 5222/5222/5222 5223/5223/5223 
f 5223/5223/5223 5222/5222/5222 5224/5224/5224 
f 5225/5225/5225 5226/5226/5226 5227/5227/5227 
f 5227/5227/5227 5226/5226/5226 5228/5228/5228 
f 5229/5229/5229 5230/5230/5230 5231/5231/5231 
f 5231/5231/5231 5230/5230/5230 5232/5232/5232 

g Volcanopart166

v -88.9745 10.9376 -89.1477 
v -135.101 11.0671 -144.903 
v -88.9891 5.72046 -89.1477 
v -135.115 5.84994 -144.903 
v -86.0492 10.9307 -185.484 
v -135.101 11.0671 -144.903 
v -39.923 10.8012 -129.728 
v -88.9745 10.9376 -89.1477 
v -135.101 11.0671 -144.903 
v -86.0492 10.9307 -185.484 
v -135.115 5.84994 -144.903 
v -86.0638 5.71357 -185.484 
v -86.0492 10.9307 -185.484 
v -39.923 10.8012 -129.728 
v -86.0638 5.71357 -185.484 
v -39.9376 5.58408 -129.728 
v -39.9376 5.58408 -129.728 
v -88.9891 5.72046 -89.1477 
v -86.0638 5.71357 -185.484 
v -135.115 5.84994 -144.903 
v -39.923 10.8012 -129.728 
v -88.9745 10.9376 -89.1477 
v -39.9376 5.58408 -129.728 
v -88.9891 5.72046 -89.1477 

vn -0.771654 0 0.637795 
vn -0.771654 0 0.637795 
vn -0.771654 0 0.637795 
vn -0.771654 0 0.637795 
vn 0 1 0 
vn 0 1 0 
vn 0 1 0 
vn 0 1 0 
vn -0.637795 0 -0.771654 
vn -0.637795 0 -0.771654 
vn -0.637795 0 -0.771654 
vn -0.637795 0 -0.771654 
vn 0.771654 0 -0.637795 
vn 0.771654 0 -0.637795 
vn 0.771654 0 -0.637795 
vn 0.771654 0 -0.637795 
vn 0 -1 0 
vn 0 -1 0 
vn 0 -1 0 
vn 0 -1 0 
vn 0.637795 0 0.771654 
vn 0.637795 0 0.771654 
vn 0.637795 0 0.771654 
vn 0.637795 0 0.771654 

vt 1.44431 3.69596 
vt -7.60098 3.69596 
vt 1.44431 3.04382 
vt -7.60098 3.04382 
vt 0.356766 3.69596 
vt -7.60098 3.69596 
vt 0.356766 -5.34933 
vt -7.60098 -5.34933 
vt 0.356766 3.69596 
vt -7.60098 3.69596 
vt 0.356766 3.04382 
vt -7.60098 3.04382 
vt 1.44431 3.69596 
vt -7.60098 3.69596 
vt 1.44431 3.04382 
vt -7.60098 3.04382 
vt 0.356766 3.69596 
vt -7.60098 3.69596 
vt 0.356766 -5.34933 
vt -7.60098 -5.34933 
vt 0.356766 3.69596 
vt -7.60098 3.69596 
vt 0.356766 3.04382 
vt -7.60098 3.04382 

usemtl Volcanopart1Mtl

f 5233/5233/5233 5234/5234/5234 5235/5235/5235 
f 5235/5235/5235 5234/5234/5234 5236/5236/5236 
f 5237/5237/5237 5238/5238/5238 5239/5239/5239 
f 5239/5239/5239 5238/5238/5238 5240/5240/5240 
f 5241/5241/5241 5242/5242/5242 5243/5243/5243 
f 5243/5243/5243 5242/5242/5242 5244/5244/5244 
f 5245/5245/5245 5246/5246/5246 5247/5247/5247 
f 5247/5247/5247 5246/5246/5246 5248/5248/5248 
f 5249/5249/5249 5250/5250/5250 5251/5251/5251 
f 5251/5251/5251 5250/5250/5250 5252/5252/5252 
f 5253/5253/5253 5254/5254/5254 5255/5255/5255 
f 5255/5255/5255 5254/5254/5254 5256/5256/5256 

g Volcanopart167

v -86.4332 10.8928 -110.284 
v -120.221 11.0165 -163.524 
v -86.4366 4.95119 -110.296 
v -120.225 5.07482 -163.536 
v -66.4701 11.0522 -197.637 
v -120.221 11.0165 -163.524 
v -32.682 10.9286 -144.397 
v -86.4332 10.8928 -110.284 
v -120.221 11.0165 -163.524 
v -66.4701 11.0522 -197.637 
v -120.225 5.07482 -163.536 
v -66.4735 5.11058 -197.648 
v -66.4701 11.0522 -197.637 
v -32.682 10.9286 -144.397 
v -66.4735 5.11058 -197.648 
v -32.6854 4.98694 -144.408 
v -32.6854 4.98694 -144.408 
v -86.4366 4.95119 -110.296 
v -66.4735 5.11058 -197.648 
v -120.225 5.07482 -163.536 
v -32.682 10.9286 -144.397 
v -86.4332 10.8928 -110.284 
v -32.6854 4.98694 -144.408 
v -86.4366 4.95119 -110.296 

vn -0.84252 0 0.535433 
vn -0.84252 0 0.535433 
vn -0.84252 0 0.535433 
vn -0.84252 0 0.535433 
vn 0 1 0 
vn 0 1 0 
vn 0 1 0 
vn 0 1 0 
vn -0.535433 0 -0.84252 
vn -0.535433 0 -0.84252 
vn -0.535433 0 -0.84252 
vn -0.535433 0 -0.84252 
vn 0.84252 0 -0.535433 
vn 0.84252 0 -0.535433 
vn 0.84252 0 -0.535433 
vn 0.84252 0 -0.535433 
vn 0 -1 0 
vn 0 -1 0 
vn 0 -1 0 
vn 0 -1 0 
vn 0.535433 0 0.84252 
vn 0.535433 0 0.84252 
vn 0.535433 0 0.84252 
vn 0.535433 0 0.84252 

vt 8.32129 1.74676 
vt 0.439189 1.74676 
vt 8.32129 1.00406 
vt 0.439189 1.00406 
vt 8.39694 1.74676 
vt 0.439189 1.74676 
vt 8.39694 -6.13533 
vt 0.439189 -6.13533 
vt 8.39694 1.74676 
vt 0.439189 1.74676 
vt 8.39694 1.00406 
vt 0.439189 1.00406 
vt 8.32129 1.74676 
vt 0.439189 1.74676 
vt 8.32129 1.00406 
vt 0.439189 1.00406 
vt 8.39694 1.74676 
vt 0.439189 1.74676 
vt 8.39694 -6.13533 
vt 0.439189 -6.13533 
vt 8.39694 1.74676 
vt 0.439189 1.74676 
vt 8.39694 1.00406 
vt 0.439189 1.00406 

usemtl Volcanopart1Mtl

f 5257/5257/5257 5258/5258/5258 5259/5259/5259 
f 5259/5259/5259 5258/5258/5258 5260/5260/5260 
f 5261/5261/5261 5262/5262/5262 5263/5263/5263 
f 5263/5263/5263 5262/5262/5262 5264/5264/5264 
f 5265/5265/5265 5266/5266/5266 5267/5267/5267 
f 5267/5267/5267 5266/5266/5266 5268/5268/5268 
f 5269/5269/5269 5270/5270/5270 5271/5271/5271 
f 5271/5271/5271 5270/5270/5270 5272/5272/5272 
f 5273/5273/5273 5274/5274/5274 5275/5275/5275 
f 5275/5275/5275 5274/5274/5274 5276/5276/5276 
f 5277/5277/5277 5278/5278/5278 5279/5279/5279 
f 5279/5279/5279 5278/5278/5278 5280/5280/5280 

g Volcanopart168

v -72.4305 11.0106 -115.633 
v -101.346 11.1533 -177.08 
v -72.4535 4.64516 -115.637 
v -101.369 4.78784 -177.084 
v -43.7434 10.9624 -204.187 
v -101.346 11.1533 -177.08 
v -14.8281 10.8197 -142.74 
v -72.4305 11.0106 -115.633 
v -101.346 11.1533 -177.08 
v -43.7434 10.9624 -204.187 
v -101.369 4.78784 -177.084 
v -43.7664 4.59696 -204.191 
v -43.7434 10.9624 -204.187 
v -14.8281 10.8197 -142.74 
v -43.7664 4.59696 -204.191 
v -14.8511 4.45428 -142.744 
v -14.8511 4.45428 -142.744 
v -72.4535 4.64516 -115.637 
v -43.7664 4.59696 -204.191 
v -101.369 4.78784 -177.084 
v -14.8281 10.8197 -142.74 
v -72.4305 11.0106 -115.633 
v -14.8511 4.45428 -142.744 
v -72.4535 4.64516 -115.637 

vn -0.905512 0 0.425197 
vn -0.905512 0 0.425197 
vn -0.905512 0 0.425197 
vn -0.905512 0 0.425197 
vn 0 1 0 
vn 0 1 0 
vn 0 1 0 
vn 0 1 0 
vn -0.425197 0 -0.905512 
vn -0.425197 0 -0.905512 
vn -0.425197 0 -0.905512 
vn -0.425197 0 -0.905512 
vn 0.905512 0 -0.425197 
vn 0.905512 0 -0.425197 
vn 0.905512 0 -0.425197 
vn 0.905512 0 -0.425197 
vn 0 -1 0 
vn 0 -1 0 
vn 0 -1 0 
vn 0 -1 0 
vn 0.425197 0 0.905512 
vn 0.425197 0 0.905512 
vn 0.425197 0 0.905512 
vn 0.425197 0 0.905512 

vt 5.71916 -4.04324 
vt -2.76961 -4.04324 
vt 5.71916 -4.83892 
vt -2.76961 -4.83892 
vt 5.18813 -4.04324 
vt -2.76961 -4.04324 
vt 5.18813 -12.532 
vt -2.76961 -12.532 
vt 5.18813 -4.04324 
vt -2.76961 -4.04324 
vt 5.18813 -4.83892 
vt -2.76961 -4.83892 
vt 5.71916 -4.04324 
vt -2.76961 -4.04324 
vt 5.71916 -4.83892 
vt -2.76961 -4.83892 
vt 5.18813 -4.04324 
vt -2.76961 -4.04324 
vt 5.18813 -12.532 
vt -2.76961 -12.532 
vt 5.18813 -4.04324 
vt -2.76961 -4.04324 
vt 5.18813 -4.83892 
vt -2.76961 -4.83892 

usemtl Volcanopart1Mtl

f 5281/5281/5281 5282/5282/5282 5283/5283/5283 
f 5283/5283/5283 5282/5282/5282 5284/5284/5284 
f 5285/5285/5285 5286/5286/5286 5287/5287/5287 
f 5287/5287/5287 5286/5286/5286 5288/5288/5288 
f 5289/5289/5289 5290/5290/5290 5291/5291/5291 
f 5291/5291/5291 5290/5290/5290 5292/5292/5292 
f 5293/5293/5293 5294/5294/5294 5295/5295/5295 
f 5295/5295/5295 5294/5294/5294 5296/5296/5296 
f 5297/5297/5297 5298/5298/5298 5299/5299/5299 
f 5299/5299/5299 5298/5298/5298 5300/5300/5300 
f 5301/5301/5301 5302/5302/5302 5303/5303/5303 
f 5303/5303/5303 5302/5302/5302 5304/5304/5304 

g Volcanopart169

v -65.7881 10.8155 -140.971 
v -82.5344 10.9352 -192.51 
v -65.7566 2.49249 -141.001 
v -82.5029 2.61217 -192.54 
v -21.9888 11.2341 -212.182 
v -82.5344 10.9352 -192.51 
v -5.24251 11.1144 -160.644 
v -65.7881 10.8155 -140.971 
v -82.5344 10.9352 -192.51 
v -21.9888 11.2341 -212.182 
v -82.5029 2.61217 -192.54 
v -21.9573 2.91115 -212.212 
v -21.9888 11.2341 -212.182 
v -5.24251 11.1144 -160.644 
v -21.9573 2.91115 -212.212 
v -5.21101 2.79147 -160.673 
v -5.21101 2.79147 -160.673 
v -65.7566 2.49249 -141.001 
v -21.9573 2.91115 -212.212 
v -82.5029 2.61217 -192.54 
v -5.24251 11.1144 -160.644 
v -65.7881 10.8155 -140.971 
v -5.21101 2.79147 -160.673 
v -65.7566 2.49249 -141.001 

vn -0.952756 -0.00787402 0.307087 
vn -0.952756 -0.00787402 0.307087 
vn -0.952756 -0.00787402 0.307087 
vn -0.952756 -0.00787402 0.307087 
vn 0 1 0 
vn 0 1 0 
vn 0 1 0 
vn 0 1 0 
vn -0.307087 0 -0.952756 
vn -0.307087 0 -0.952756 
vn -0.307087 0 -0.952756 
vn -0.307087 0 -0.952756 
vn 0.952756 0.00787402 -0.307087 
vn 0.952756 0.00787402 -0.307087 
vn 0.952756 0.00787402 -0.307087 
vn 0.952756 0.00787402 -0.307087 
vn 0 -1 0 
vn 0 -1 0 
vn 0 -1 0 
vn 0 -1 0 
vn 0.307087 0 0.952756 
vn 0.307087 0 0.952756 
vn 0.307087 0 0.952756 
vn 0.307087 0 0.952756 

vt -0.346386 5.25099 
vt -7.12028 5.25099 
vt -0.346386 4.2106 
vt -7.12028 4.2106 
vt 0.837464 5.25099 
vt -7.12028 5.25099 
vt 0.837464 -1.52291 
vt -7.12028 -1.52291 
vt 0.837464 5.25099 
vt -7.12028 5.25099 
vt 0.837464 4.2106 
vt -7.12028 4.2106 
vt -0.346386 5.25099 
vt -7.12028 5.25099 
vt -0.346386 4.2106 
vt -7.12028 4.2106 
vt 0.837464 5.25099 
vt -7.12028 5.25099 
vt 0.837464 -1.52291 
vt -7.12028 -1.52291 
vt 0.837464 5.25099 
vt -7.12028 5.25099 
vt 0.837464 4.2106 
vt -7.12028 4.2106 

usemtl Volcanopart1Mtl

f 5305/5305/5305 5306/5306/5306 5307/5307/5307 
f 5307/5307/5307 5306/5306/5306 5308/5308/5308 
f 5309/5309/5309 5310/5310/5310 5311/5311/5311 
f 5311/5311/5311 5310/5310/5310 5312/5312/5312 
f 5313/5313/5313 5314/5314/5314 5315/5315/5315 
f 5315/5315/5315 5314/5314/5314 5316/5316/5316 
f 5317/5317/5317 5318/5318/5318 5319/5319/5319 
f 5319/5319/5319 5318/5318/5318 5320/5320/5320 
f 5321/5321/5321 5322/5322/5322 5323/5323/5323 
f 5323/5323/5323 5322/5322/5322 5324/5324/5324 
f 5325/5325/5325 5326/5326/5326 5327/5327/5327 
f 5327/5327/5327 5326/5326/5326 5328/5328/5328 

g Volcanopart170

v -49.6571 10.8628 -143.566 
v -60.6375 10.9965 -201.126 
v -49.6362 2.90749 -143.588 
v -60.6165 3.04115 -201.148 
v 1.89665 11.1952 -213.055 
v -60.6375 10.9965 -201.126 
v 12.877 11.0615 -155.495 
v -49.6571 10.8628 -143.566 
v -60.6375 10.9965 -201.126 
v 1.89665 11.1952 -213.055 
v -60.6165 3.04115 -201.148 
v 1.91764 3.23987 -213.077 
v 1.89665 11.1952 -213.055 
v 12.877 11.0615 -155.495 
v 1.91764 3.23987 -213.077 
v 12.898 3.1062 -155.517 
v 12.898 3.1062 -155.517 
v -49.6362 2.90749 -143.588 
v 1.91764 3.23987 -213.077 
v -60.6165 3.04115 -201.148 
v 12.877 11.0615 -155.495 
v -49.6571 10.8628 -143.566 
v 12.898 3.1062 -155.517 
v -49.6362 2.90749 -143.588 

vn -0.984252 0 0.188976 
vn -0.984252 0 0.188976 
vn -0.984252 0 0.188976 
vn -0.984252 0 0.188976 
vn 0 1 0 
vn 0 1 0 
vn 0 1 0 
vn 0 1 0 
vn -0.188976 0 -0.984252 
vn -0.188976 0 -0.984252 
vn -0.188976 0 -0.984252 
vn -0.188976 0 -0.984252 
vn 0.984252 0 -0.188976 
vn 0.984252 0 -0.188976 
vn 0.984252 0 -0.188976 
vn 0.984252 0 -0.188976 
vn 0 -1 0 
vn 0 -1 0 
vn 0 -1 0 
vn 0 -1 0 
vn 0.188976 0 0.984252 
vn 0.188976 0 0.984252 
vn 0.188976 0 0.984252 
vn 0.188976 0 0.984252 

vt 12.1683 7.37487 
vt 4.84355 7.37487 
vt 12.1683 6.38044 
vt 4.84355 6.38044 
vt 12.8013 7.37487 
vt 4.84355 7.37487 
vt 12.8013 0.0500889 
vt 4.84355 0.0500889 
vt 12.8013 7.37487 
vt 4.84355 7.37487 
vt 12.8013 6.38044 
vt 4.84355 6.38044 
vt 12.1683 7.37487 
vt 4.84355 7.37487 
vt 12.1683 6.38044 
vt 4.84355 6.38044 
vt 12.8013 7.37487 
vt 4.84355 7.37487 
vt 12.8013 0.0500889 
vt 4.84355 0.0500889 
vt 12.8013 7.37487 
vt 4.84355 7.37487 
vt 12.8013 6.38044 
vt 4.84355 6.38044 

usemtl Volcanopart1Mtl

f 5329/5329/5329 5330/5330/5330 5331/5331/5331 
f 5331/5331/5331 5330/5330/5330 5332/5332/5332 
f 5333/5333/5333 5334/5334/5334 5335/5335/5335 
f 5335/5335/5335 5334/5334/5334 5336/5336/5336 
f 5337/5337/5337 5338/5338/5338 5339/5339/5339 
f 5339/5339/5339 5338/5338/5338 5340/5340/5340 
f 5341/5341/5341 5342/5342/5342 5343/5343/5343 
f 5343/5343/5343 5342/5342/5342 5344/5344/5344 
f 5345/5345/5345 5346/5346/5346 5347/5347/5347 
f 5347/5347/5347 5346/5346/5346 5348/5348/5348 
f 5349/5349/5349 5350/5350/5350 5351/5351/5351 
f 5351/5351/5351 5350/5350/5350 5352/5352/5352 

g Volcanopart171

v -33.2467 10.9383 -131.928 
v -37.8118 11.1069 -204.491 
v -33.2504 3.78253 -131.945 
v -37.8155 3.95103 -204.507 
v 25.7246 11.0829 -208.488 
v -37.8118 11.1069 -204.491 
v 30.2897 10.9144 -135.926 
v -33.2467 10.9383 -131.928 
v -37.8118 11.1069 -204.491 
v 25.7246 11.0829 -208.488 
v -37.8155 3.95103 -204.507 
v 25.7208 3.92706 -208.504 
v 25.7246 11.0829 -208.488 
v 30.2897 10.9144 -135.926 
v 25.7208 3.92706 -208.504 
v 30.2859 3.75856 -135.942 
v 30.2859 3.75856 -135.942 
v -33.2504 3.78253 -131.945 
v 25.7208 3.92706 -208.504 
v -37.8155 3.95103 -204.507 
v 30.2897 10.9144 -135.926 
v -33.2467 10.9383 -131.928 
v 30.2859 3.75856 -135.942 
v -33.2504 3.78253 -131.945 

vn -1 0 0.0629921 
vn -1 0 0.0629921 
vn -1 0 0.0629921 
vn -1 0 0.0629921 
vn 0 1 0 
vn 0 1 0 
vn 0 1 0 
vn 0 1 0 
vn -0.0629921 0 -1 
vn -0.0629921 0 -1 
vn -0.0629921 0 -1 
vn -0.0629921 0 -1 
vn 1 0 -0.0629921 
vn 1 0 -0.0629921 
vn 1 0 -0.0629921 
vn 1 0 -0.0629921 
vn 0 -1 0 
vn 0 -1 0 
vn 0 -1 0 
vn 0 -1 0 
vn 0.0629921 0 1 
vn 0.0629921 0 1 
vn 0.0629921 0 1 
vn 0.0629921 0 1 

vt 11.7605 -4.98614 
vt 2.67223 -4.98614 
vt 11.7605 -5.88062 
vt 2.67223 -5.88062 
vt 10.63 -4.98614 
vt 2.67223 -4.98614 
vt 10.63 -14.0744 
vt 2.67223 -14.0744 
vt 10.63 -4.98614 
vt 2.67223 -4.98614 
vt 10.63 -5.88062 
vt 2.67223 -5.88062 
vt 11.7605 -4.98614 
vt 2.67223 -4.98614 
vt 11.7605 -5.88062 
vt 2.67223 -5.88062 
vt 10.63 -4.98614 
vt 2.67223 -4.98614 
vt 10.63 -14.0744 
vt 2.67223 -14.0744 
vt 10.63 -4.98614 
vt 2.67223 -4.98614 
vt 10.63 -5.88062 
vt 2.67223 -5.88062 

usemtl Volcanopart1Mtl

f 5353/5353/5353 5354/5354/5354 5355/5355/5355 
f 5355/5355/5355 5354/5354/5354 5356/5356/5356 
f 5357/5357/5357 5358/5358/5358 5359/5359/5359 
f 5359/5359/5359 5358/5358/5358 5360/5360/5360 
f 5361/5361/5361 5362/5362/5362 5363/5363/5363 
f 5363/5363/5363 5362/5362/5362 5364/5364/5364 
f 5365/5365/5365 5366/5366/5366 5367/5367/5367 
f 5367/5367/5367 5366/5366/5366 5368/5368/5368 
f 5369/5369/5369 5370/5370/5370 5371/5371/5371 
f 5371/5371/5371 5370/5370/5370 5372/5372/5372 
f 5373/5373/5373 5374/5374/5374 5375/5375/5375 
f 5375/5375/5375 5374/5374/5374 5376/5376/5376 

g Volcanopart172

v -20.2493 11.0369 -124.555 
v -15.1113 11.2265 -206.213 
v -20.2722 5.49177 -124.569 
v -15.1342 5.68139 -206.227 
v 48.4245 10.9536 -202.216 
v -15.1113 11.2265 -206.213 
v 43.2865 10.764 -120.558 
v -20.2493 11.0369 -124.555 
v -15.1113 11.2265 -206.213 
v 48.4245 10.9536 -202.216 
v -15.1342 5.68139 -206.227 
v 48.4016 5.40848 -202.23 
v 48.4245 10.9536 -202.216 
v 43.2865 10.764 -120.558 
v 48.4016 5.40848 -202.23 
v 43.2636 5.21886 -120.572 
v 43.2636 5.21886 -120.572 
v -20.2722 5.49177 -124.569 
v 48.4016 5.40848 -202.23 
v -15.1342 5.68139 -206.227 
v 43.2865 10.764 -120.558 
v -20.2493 11.0369 -124.555 
v 43.2636 5.21886 -120.572 
v -20.2722 5.49177 -124.569 

vn -1 0.00787402 -0.0629921 
vn -1 0.00787402 -0.0629921 
vn -1 0.00787402 -0.0629921 
vn -1 0.00787402 -0.0629921 
vn 0.00787402 1 0 
vn 0.00787402 1 0 
vn 0.00787402 1 0 
vn 0.00787402 1 0 
vn 0.0629921 0 -1 
vn 0.0629921 0 -1 
vn 0.0629921 0 -1 
vn 0.0629921 0 -1 
vn 1 -0.00787402 0.0629921 
vn 1 -0.00787402 0.0629921 
vn 1 -0.00787402 0.0629921 
vn 1 -0.00787402 0.0629921 
vn -0.00787402 -1 0 
vn -0.00787402 -1 0 
vn -0.00787402 -1 0 
vn -0.00787402 -1 0 
vn -0.0629921 0 1 
vn -0.0629921 0 1 
vn -0.0629921 0 1 
vn -0.0629921 0 1 

vt 18.682 -5.29908 
vt 8.45457 -5.29908 
vt 18.682 -5.99223 
vt 8.45457 -5.99223 
vt 16.4123 -5.29908 
vt 8.45457 -5.29908 
vt 16.4123 -15.5265 
vt 8.45457 -15.5265 
vt 16.4123 -5.29908 
vt 8.45457 -5.29908 
vt 16.4123 -5.99223 
vt 8.45457 -5.99223 
vt 18.682 -5.29908 
vt 8.45457 -5.29908 
vt 18.682 -5.99223 
vt 8.45457 -5.99223 
vt 16.4123 -5.29908 
vt 8.45457 -5.29908 
vt 16.4123 -15.5265 
vt 8.45457 -15.5265 
vt 16.4123 -5.29908 
vt 8.45457 -5.29908 
vt 16.4123 -5.99223 
vt 8.45457 -5.99223 

usemtl Volcanopart1Mtl

f 5377/5377/5377 5378/5378/5378 5379/5379/5379 
f 5379/5379/5379 5378/5378/5378 5380/5380/5380 
f 5381/5381/5381 5382/5382/5382 5383/5383/5383 
f 5383/5383/5383 5382/5382/5382 5384/5384/5384 
f 5385/5385/5385 5386/5386/5386 5387/5387/5387 
f 5387/5387/5387 5386/5386/5386 5388/5388/5388 
f 5389/5389/5389 5390/5390/5390 5391/5391/5391 
f 5391/5391/5391 5390/5390/5390 5392/5392/5392 
f 5393/5393/5393 5394/5394/5394 5395/5395/5395 
f 5395/5395/5395 5394/5394/5394 5396/5396/5396 
f 5397/5397/5397 5398/5398/5398 5399/5399/5399 
f 5399/5399/5399 5398/5398/5398 5400/5400/5400 

g Volcanopart173

v -0.880971 11.1159 -162.048 
v 9.09957 11.2373 -214.365 
v -0.908348 3.96366 -162.07 
v 9.0722 4.08515 -214.387 
v 71.6333 10.9616 -202.436 
v 9.09957 11.2373 -214.365 
v 61.6528 10.8401 -150.119 
v -0.880971 11.1159 -162.048 
v 9.09957 11.2373 -214.365 
v 71.6333 10.9616 -202.436 
v 9.0722 4.08515 -214.387 
v 71.6059 3.80937 -202.458 
v 71.6333 10.9616 -202.436 
v 61.6528 10.8401 -150.119 
v 71.6059 3.80937 -202.458 
v 61.6254 3.68789 -150.141 
v 61.6254 3.68789 -150.141 
v -0.908348 3.96366 -162.07 
v 71.6059 3.80937 -202.458 
v 9.0722 4.08515 -214.387 
v 61.6528 10.8401 -150.119 
v -0.880971 11.1159 -162.048 
v 61.6254 3.68789 -150.141 
v -0.908348 3.96366 -162.07 

vn -0.984252 0.00787402 -0.188976 
vn -0.984252 0.00787402 -0.188976 
vn -0.984252 0.00787402 -0.188976 
vn -0.984252 0.00787402 -0.188976 
vn 0 1 0 
vn 0 1 0 
vn 0 1 0 
vn 0 1 0 
vn 0.188976 0 -0.984252 
vn 0.188976 0 -0.984252 
vn 0.188976 0 -0.984252 
vn 0.188976 0 -0.984252 
vn 0.984252 -0.00787402 0.188976 
vn 0.984252 -0.00787402 0.188976 
vn 0.984252 -0.00787402 0.188976 
vn 0.984252 -0.00787402 0.188976 
vn 0 -1 0 
vn 0 -1 0 
vn 0 -1 0 
vn 0 -1 0 
vn -0.188976 0 0.984252 
vn -0.188976 0 0.984252 
vn -0.188976 0 0.984252 
vn -0.188976 0 0.984252 

vt 13.1134 5.44325 
vt 6.45582 5.44325 
vt 13.1134 4.54922 
vt 6.45582 4.54922 
vt 14.4136 5.44325 
vt 6.45582 5.44325 
vt 14.4136 -1.2143 
vt 6.45582 -1.2143 
vt 14.4136 5.44325 
vt 6.45582 5.44325 
vt 14.4136 4.54922 
vt 6.45582 4.54922 
vt 13.1134 5.44325 
vt 6.45582 5.44325 
vt 13.1134 4.54922 
vt 6.45582 4.54922 
vt 14.4136 5.44325 
vt 6.45582 5.44325 
vt 14.4136 -1.2143 
vt 6.45582 -1.2143 
vt 14.4136 5.44325 
vt 6.45582 5.44325 
vt 14.4136 4.54922 
vt 6.45582 4.54922 

usemtl Volcanopart1Mtl

f 5401/5401/5401 5402/5402/5402 5403/5403/5403 
f 5403/5403/5403 5402/5402/5402 5404/5404/5404 
f 5405/5405/5405 5406/5406/5406 5407/5407/5407 
f 5407/5407/5407 5406/5406/5406 5408/5408/5408 
f 5409/5409/5409 5410/5410/5410 5411/5411/5411 
f 5411/5411/5411 5410/5410/5410 5412/5412/5412 
f 5413/5413/5413 5414/5414/5414 5415/5415/5415 
f 5415/5415/5415 5414/5414/5414 5416/5416/5416 
f 5417/5417/5417 5418/5418/5418 5419/5419/5419 
f 5419/5419/5419 5418/5418/5418 5420/5420/5420 
f 5421/5421/5421 5422/5422/5422 5423/5423/5423 
f 5423/5423/5423 5422/5422/5422 5424/5424/5424 

g Volcanopart174

v 11.8223 11.1186 -147.819 
v 31.9025 11.2621 -209.616 
v 11.7827 2.80014 -147.851 
v 31.8629 2.94364 -209.648 
v 92.4476 10.8978 -189.943 
v 31.9025 11.2621 -209.616 
v 72.3674 10.7543 -128.146 
v 11.8223 11.1186 -147.819 
v 31.9025 11.2621 -209.616 
v 92.4476 10.8978 -189.943 
v 31.8629 2.94364 -209.648 
v 92.408 2.57935 -189.976 
v 92.4476 10.8978 -189.943 
v 72.3674 10.7543 -128.146 
v 92.408 2.57935 -189.976 
v 72.3278 2.43584 -128.178 
v 72.3278 2.43584 -128.178 
v 11.7827 2.80014 -147.851 
v 92.408 2.57935 -189.976 
v 31.8629 2.94364 -209.648 
v 72.3674 10.7543 -128.146 
v 11.8223 11.1186 -147.819 
v 72.3278 2.43584 -128.178 
v 11.7827 2.80014 -147.851 

vn -0.952756 0.00787402 -0.307087 
vn -0.952756 0.00787402 -0.307087 
vn -0.952756 0.00787402 -0.307087 
vn -0.952756 0.00787402 -0.307087 
vn 0.00787402 1 0 
vn 0.00787402 1 0 
vn 0.00787402 1 0 
vn 0.00787402 1 0 
vn 0.307087 0 -0.952756 
vn 0.307087 0 -0.952756 
vn 0.307087 0 -0.952756 
vn 0.307087 0 -0.952756 
vn 0.952756 -0.00787402 0.307087 
vn 0.952756 -0.00787402 0.307087 
vn 0.952756 -0.00787402 0.307087 
vn 0.952756 -0.00787402 0.307087 
vn -0.00787402 -1 0 
vn -0.00787402 -1 0 
vn -0.00787402 -1 0 
vn -0.00787402 -1 0 
vn -0.307087 0 0.952756 
vn -0.307087 0 0.952756 
vn -0.307087 0 0.952756 
vn -0.307087 0 0.952756 

vt 7.86317 -5.0761 
vt -0.259074 -5.0761 
vt 7.86317 -6.11593 
vt -0.259074 -6.11593 
vt 7.69867 -5.0761 
vt -0.259074 -5.0761 
vt 7.69867 -13.1983 
vt -0.259074 -13.1983 
vt 7.69867 -5.0761 
vt -0.259074 -5.0761 
vt 7.69867 -6.11593 
vt -0.259074 -6.11593 
vt 7.86317 -5.0761 
vt -0.259074 -5.0761 
vt 7.86317 -6.11593 
vt -0.259074 -6.11593 
vt 7.69867 -5.0761 
vt -0.259074 -5.0761 
vt 7.69867 -13.1983 
vt -0.259074 -13.1983 
vt 7.69867 -5.0761 
vt -0.259074 -5.0761 
vt 7.69867 -6.11593 
vt -0.259074 -6.11593 

usemtl Volcanopart1Mtl

f 5425/5425/5425 5426/5426/5426 5427/5427/5427 
f 5427/5427/5427 5426/5426/5426 5428/5428/5428 
f 5429/5429/5429 5430/5430/5430 5431/5431/5431 
f 5431/5431/5431 5430/5430/5430 5432/5432/5432 
f 5433/5433/5433 5434/5434/5434 5435/5435/5435 
f 5435/5435/5435 5434/5434/5434 5436/5436/5436 
f 5437/5437/5437 5438/5438/5438 5439/5439/5439 
f 5439/5439/5439 5438/5438/5438 5440/5440/5440 
f 5441/5441/5441 5442/5442/5442 5443/5443/5443 
f 5443/5443/5443 5442/5442/5442 5444/5444/5444 
f 5445/5445/5445 5446/5446/5446 5447/5447/5447 
f 5447/5447/5447 5446/5446/5446 5448/5448/5448 

g Volcanopart175

v 23.3392 11.2067 -137.881 
v 54.0757 11.3584 -203.197 
v 23.2745 2.78345 -137.931 
v 54.0111 2.93512 -203.247 
v 111.676 10.7553 -176.092 
v 54.0757 11.3584 -203.197 
v 80.9397 10.6036 -110.777 
v 23.3392 11.2067 -137.881 
v 54.0757 11.3584 -203.197 
v 111.676 10.7553 -176.092 
v 54.0111 2.93512 -203.247 
v 111.612 2.33202 -176.142 
v 111.676 10.7553 -176.092 
v 80.9397 10.6036 -110.777 
v 111.612 2.33202 -176.142 
v 80.8751 2.18035 -110.827 
v 80.8751 2.18035 -110.827 
v 23.2745 2.78345 -137.931 
v 111.612 2.33202 -176.142 
v 54.0111 2.93512 -203.247 
v 80.9397 10.6036 -110.777 
v 23.3392 11.2067 -137.881 
v 80.8751 2.18035 -110.827 
v 23.2745 2.78345 -137.931 

vn -0.905512 0.00787402 -0.425197 
vn -0.905512 0.00787402 -0.425197 
vn -0.905512 0.00787402 -0.425197 
vn -0.905512 0.00787402 -0.425197 
vn 0.00787402 1 0.00787402 
vn 0.00787402 1 0.00787402 
vn 0.00787402 1 0.00787402 
vn 0.00787402 1 0.00787402 
vn 0.425197 0 -0.905512 
vn 0.425197 0 -0.905512 
vn 0.425197 0 -0.905512 
vn 0.425197 0 -0.905512 
vn 0.905512 -0.00787402 0.425197 
vn 0.905512 -0.00787402 0.425197 
vn 0.905512 -0.00787402 0.425197 
vn 0.905512 -0.00787402 0.425197 
vn -0.00787402 -1 -0.00787402 
vn -0.00787402 -1 -0.00787402 
vn -0.00787402 -1 -0.00787402 
vn -0.00787402 -1 -0.00787402 
vn -0.425197 0 0.905512 
vn -0.425197 0 0.905512 
vn -0.425197 0 0.905512 
vn -0.425197 0 0.905512 

vt 15.2835 8.06302 
vt 6.26017 8.06302 
vt 15.2835 7.01007 
vt 6.26017 7.01007 
vt 14.2179 8.06302 
vt 6.26017 8.06302 
vt 14.2179 -0.960289 
vt 6.26017 -0.960289 
vt 14.2179 8.06302 
vt 6.26017 8.06302 
vt 14.2179 7.01007 
vt 6.26017 7.01007 
vt 15.2835 8.06302 
vt 6.26017 8.06302 
vt 15.2835 7.01007 
vt 6.26017 7.01007 
vt 14.2179 8.06302 
vt 6.26017 8.06302 
vt 14.2179 -0.960289 
vt 6.26017 -0.960289 
vt 14.2179 8.06302 
vt 6.26017 8.06302 
vt 14.2179 7.01007 
vt 6.26017 7.01007 

usemtl Volcanopart1Mtl

f 5449/5449/5449 5450/5450/5450 5451/5451/5451 
f 5451/5451/5451 5450/5450/5450 5452/5452/5452 
f 5453/5453/5453 5454/5454/5454 5455/5455/5455 
f 5455/5455/5455 5454/5454/5454 5456/5456/5456 
f 5457/5457/5457 5458/5458/5458 5459/5459/5459 
f 5459/5459/5459 5458/5458/5458 5460/5460/5460 
f 5461/5461/5461 5462/5462/5462 5463/5463/5463 
f 5463/5463/5463 5462/5462/5462 5464/5464/5464 
f 5465/5465/5465 5466/5466/5466 5467/5467/5467 
f 5467/5467/5467 5466/5466/5466 5468/5468/5468 
f 5469/5469/5469 5470/5470/5470 5471/5471/5471 
f 5471/5471/5471 5470/5470/5470 5472/5472/5472 

g Volcanopart176

v 42.0112 10.7528 -142.195 
v 76.9213 10.8805 -197.202 
v 42.0383 5.48522 -142.19 
v 76.9484 5.61295 -197.197 
v 130.671 11.19 -163.089 
v 76.9213 10.8805 -197.202 
v 95.7612 11.0622 -108.082 
v 42.0112 10.7528 -142.195 
v 76.9213 10.8805 -197.202 
v 130.671 11.19 -163.089 
v 76.9484 5.61295 -197.197 
v 130.698 5.9224 -163.084 
v 130.671 11.19 -163.089 
v 95.7612 11.0622 -108.082 
v 130.698 5.9224 -163.084 
v 95.7883 5.79467 -108.077 
v 95.7883 5.79467 -108.077 
v 42.0383 5.48522 -142.19 
v 130.698 5.9224 -163.084 
v 76.9484 5.61295 -197.197 
v 95.7612 11.0622 -108.082 
v 42.0112 10.7528 -142.195 
v 95.7883 5.79467 -108.077 
v 42.0383 5.48522 -142.19 

vn -0.84252 -0.00787402 -0.535433 
vn -0.84252 -0.00787402 -0.535433 
vn -0.84252 -0.00787402 -0.535433 
vn -0.84252 -0.00787402 -0.535433 
vn -0.00787402 1 0 
vn -0.00787402 1 0 
vn -0.00787402 1 0 
vn -0.00787402 1 0 
vn 0.535433 0 -0.84252 
vn 0.535433 0 -0.84252 
vn 0.535433 0 -0.84252 
vn 0.535433 0 -0.84252 
vn 0.84252 0.00787402 0.535433 
vn 0.84252 0.00787402 0.535433 
vn 0.84252 0.00787402 0.535433 
vn 0.84252 0.00787402 0.535433 
vn 0.00787402 -1 0 
vn 0.00787402 -1 0 
vn 0.00787402 -1 0 
vn 0.00787402 -1 0 
vn -0.535433 0 0.84252 
vn -0.535433 0 0.84252 
vn -0.535433 0 0.84252 
vn -0.535433 0 0.84252 

vt 8.76591 -2.93141 
vt 0.622163 -2.93141 
vt 8.76591 -3.58987 
vt 0.622163 -3.58987 
vt 8.57991 -2.93141 
vt 0.622163 -2.93141 
vt 8.57991 -11.0752 
vt 0.622163 -11.0752 
vt 8.57991 -2.93141 
vt 0.622163 -2.93141 
vt 8.57991 -3.58987 
vt 0.622163 -3.58987 
vt 8.76591 -2.93141 
vt 0.622163 -2.93141 
vt 8.76591 -3.58987 
vt 0.622163 -3.58987 
vt 8.57991 -2.93141 
vt 0.622163 -2.93141 
vt 8.57991 -11.0752 
vt 0.622163 -11.0752 
vt 8.57991 -2.93141 
vt 0.622163 -2.93141 
vt 8.57991 -3.58987 
vt 0.622163 -3.58987 

usemtl Volcanopart1Mtl

f 5473/5473/5473 5474/5474/5474 5475/5475/5475 
f 5475/5475/5475 5474/5474/5474 5476/5476/5476 
f 5477/5477/5477 5478/5478/5478 5479/5479/5479 
f 5479/5479/5479 5478/5478/5478 5480/5480/5480 
f 5481/5481/5481 5482/5482/5482 5483/5483/5483 
f 5483/5483/5483 5482/5482/5482 5484/5484/5484 
f 5485/5485/5485 5486/5486/5486 5487/5487/5487 
f 5487/5487/5487 5486/5486/5486 5488/5488/5488 
f 5489/5489/5489 5490/5490/5490 5491/5491/5491 
f 5491/5491/5491 5490/5490/5490 5492/5492/5492 
f 5493/5493/5493 5494/5494/5494 5495/5495/5495 
f 5495/5495/5495 5494/5494/5494 5496/5496/5496 

g Volcanopart177

v 64.0966 11.0373 -145.937 
v 99.4883 11.1366 -188.716 
v 64.0859 5.55477 -145.958 
v 99.4775 5.65411 -188.738 
v 148.54 10.8803 -148.136 
v 99.4883 11.1366 -188.716 
v 113.148 10.781 -105.357 
v 64.0966 11.0373 -145.937 
v 99.4883 11.1366 -188.716 
v 148.54 10.8803 -148.136 
v 99.4775 5.65411 -188.738 
v 148.529 5.39779 -148.158 
v 148.54 10.8803 -148.136 
v 113.148 10.781 -105.357 
v 148.529 5.39779 -148.158 
v 113.137 5.29845 -105.379 
v 113.137 5.29845 -105.379 
v 64.0859 5.55477 -145.958 
v 148.529 5.39779 -148.158 
v 99.4775 5.65411 -188.738 
v 113.148 10.781 -105.357 
v 64.0966 11.0373 -145.937 
v 113.137 5.29845 -105.379 
v 64.0859 5.55477 -145.958 

vn -0.771654 0.00787402 -0.637795 
vn -0.771654 0.00787402 -0.637795 
vn -0.771654 0.00787402 -0.637795 
vn -0.771654 0.00787402 -0.637795 
vn 0 1 0.00787402 
vn 0 1 0.00787402 
vn 0 1 0.00787402 
vn 0 1 0.00787402 
vn 0.637795 0 -0.771654 
vn 0.637795 0 -0.771654 
vn 0.637795 0 -0.771654 
vn 0.637795 0 -0.771654 
vn 0.771654 -0.00787402 0.637795 
vn 0.771654 -0.00787402 0.637795 
vn 0.771654 -0.00787402 0.637795 
vn 0.771654 -0.00787402 0.637795 
vn 0 -1 -0.00787402 
vn 0 -1 -0.00787402 
vn 0 -1 -0.00787402 
vn 0 -1 -0.00787402 
vn -0.637795 0 0.771654 
vn -0.637795 0 0.771654 
vn -0.637795 0 0.771654 
vn -0.637795 0 0.771654 

vt 4.20367 -6.18585 
vt -2.73653 -6.18585 
vt 4.20367 -6.87117 
vt -2.73653 -6.87117 
vt 5.22122 -6.18585 
vt -2.73653 -6.18585 
vt 5.22122 -13.1261 
vt -2.73653 -13.1261 
vt 5.22122 -6.18585 
vt -2.73653 -6.18585 
vt 5.22122 -6.87117 
vt -2.73653 -6.87117 
vt 4.20367 -6.18585 
vt -2.73653 -6.18585 
vt 4.20367 -6.87117 
vt -2.73653 -6.87117 
vt 5.22122 -6.18585 
vt -2.73653 -6.18585 
vt 5.22122 -13.1261 
vt -2.73653 -13.1261 
vt 5.22122 -6.18585 
vt -2.73653 -6.18585 
vt 5.22122 -6.87117 
vt -2.73653 -6.87117 

usemtl Volcanopart1Mtl

f 5497/5497/5497 5498/5498/5498 5499/5499/5499 
f 5499/5499/5499 5498/5498/5498 5500/5500/5500 
f 5501/5501/5501 5502/5502/5502 5503/5503/5503 
f 5503/5503/5503 5502/5502/5502 5504/5504/5504 
f 5505/5505/5505 5506/5506/5506 5507/5507/5507 
f 5507/5507/5507 5506/5506/5506 5508/5508/5508 
f 5509/5509/5509 5510/5510/5510 5511/5511/5511 
f 5511/5511/5511 5510/5510/5510 5512/5512/5512 
f 5513/5513/5513 5514/5514/5514 5515/5515/5515 
f 5515/5515/5515 5514/5514/5514 5516/5516/5516 
f 5517/5517/5517 5518/5518/5518 5519/5519/5519 
f 5519/5519/5519 5518/5518/5518 5520/5520/5520 

g Volcanopart178

v 76.4829 10.9118 -135.471 
v 118.796 11.0041 -175.204 
v 76.4859 4.23956 -135.483 
v 118.799 4.33183 -175.217 
v 162.375 10.9376 -128.796 
v 118.796 11.0041 -175.204 
v 120.062 10.8454 -89.0626 
v 76.4829 10.9118 -135.471 
v 118.796 11.0041 -175.204 
v 162.375 10.9376 -128.796 
v 118.799 4.33183 -175.217 
v 162.378 4.26537 -128.808 
v 162.375 10.9376 -128.796 
v 120.062 10.8454 -89.0626 
v 162.378 4.26537 -128.808 
v 120.065 4.1731 -89.075 
v 120.065 4.1731 -89.075 
v 76.4859 4.23956 -135.483 
v 162.378 4.26537 -128.808 
v 118.799 4.33183 -175.217 
v 120.062 10.8454 -89.0626 
v 76.4829 10.9118 -135.471 
v 120.065 4.1731 -89.075 
v 76.4859 4.23956 -135.483 

vn -0.685039 0 -0.732283 
vn -0.685039 0 -0.732283 
vn -0.685039 0 -0.732283 
vn -0.685039 0 -0.732283 
vn 0 1 0 
vn 0 1 0 
vn 0 1 0 
vn 0 1 0 
vn 0.732283 0 -0.685039 
vn 0.732283 0 -0.685039 
vn 0.732283 0 -0.685039 
vn 0.732283 0 -0.685039 
vn 0.685039 0 0.732283 
vn 0.685039 0 0.732283 
vn 0.685039 0 0.732283 
vn 0.685039 0 0.732283 
vn 0 -1 0 
vn 0 -1 0 
vn 0 -1 0 
vn 0 -1 0 
vn -0.732283 0 0.685039 
vn -0.732283 0 0.685039 
vn -0.732283 0 0.685039 
vn -0.732283 0 0.685039 

vt 13.9353 1.72266 
vt 6.67977 1.72266 
vt 13.9353 0.888626 
vt 6.67977 0.888626 
vt 14.6375 1.72266 
vt 6.67977 1.72266 
vt 14.6375 -5.53289 
vt 6.67977 -5.53289 
vt 14.6375 1.72266 
vt 6.67977 1.72266 
vt 14.6375 0.888626 
vt 6.67977 0.888626 
vt 13.9353 1.72266 
vt 6.67977 1.72266 
vt 13.9353 0.888626 
vt 6.67977 0.888626 
vt 14.6375 1.72266 
vt 6.67977 1.72266 
vt 14.6375 -5.53289 
vt 6.67977 -5.53289 
vt 14.6375 1.72266 
vt 6.67977 1.72266 
vt 14.6375 0.888626 
vt 6.67977 0.888626 

usemtl Volcanopart1Mtl

f 5521/5521/5521 5522/5522/5522 5523/5523/5523 
f 5523/5523/5523 5522/5522/5522 5524/5524/5524 
f 5525/5525/5525 5526/5526/5526 5527/5527/5527 
f 5527/5527/5527 5526/5526/5526 5528/5528/5528 
f 5529/5529/5529 5530/5530/5530 5531/5531/5531 
f 5531/5531/5531 5530/5530/5530 5532/5532/5532 
f 5533/5533/5533 5534/5534/5534 5535/5535/5535 
f 5535/5535/5535 5534/5534/5534 5536/5536/5536 
f 5537/5537/5537 5538/5538/5538 5539/5539/5539 
f 5539/5539/5539 5538/5538/5538 5540/5540/5540 
f 5541/5541/5541 5542/5542/5542 5543/5543/5543 
f 5543/5543/5543 5542/5542/5542 5544/5544/5544 

g Volcanopart179

v 79.2057 10.7377 -118.032 
v 134.606 10.8311 -158.282 
v 79.225 3.96567 -118.021 
v 134.626 4.05913 -158.271 
v 172.024 11.0213 -106.777 
v 134.606 10.8311 -158.282 
v 116.624 10.9278 -66.5281 
v 79.2057 10.7377 -118.032 
v 134.606 10.8311 -158.282 
v 172.024 11.0213 -106.777 
v 134.626 4.05913 -158.271 
v 172.044 4.24927 -106.766 
v 172.024 11.0213 -106.777 
v 116.624 10.9278 -66.5281 
v 172.044 4.24927 -106.766 
v 116.643 4.15581 -66.5171 
v 116.643 4.15581 -66.5171 
v 79.225 3.96567 -118.021 
v 172.044 4.24927 -106.766 
v 134.626 4.05913 -158.271 
v 116.624 10.9278 -66.5281 
v 79.2057 10.7377 -118.032 
v 116.643 4.15581 -66.5171 
v 79.225 3.96567 -118.021 

vn -0.590551 0 -0.811024 
vn -0.590551 0 -0.811024 
vn -0.590551 0 -0.811024 
vn -0.590551 0 -0.811024 
vn 0 1 0 
vn 0 1 0 
vn 0 1 0 
vn 0 1 0 
vn 0.811024 0 -0.590551 
vn 0.811024 0 -0.590551 
vn 0.811024 0 -0.590551 
vn 0.811024 0 -0.590551 
vn 0.590551 0 0.811024 
vn 0.590551 0 0.811024 
vn 0.590551 0 0.811024 
vn 0.590551 0 0.811024 
vn 0 -1 0 
vn 0 -1 0 
vn 0 -1 0 
vn 0 -1 0 
vn -0.811024 0 0.590551 
vn -0.811024 0 0.590551 
vn -0.811024 0 0.590551 
vn -0.811024 0 0.590551 

vt 3.48271 -4.12196 
vt -5.07704 -4.12196 
vt 3.48271 -4.96847 
vt -5.07704 -4.96847 
vt 2.8807 -4.12196 
vt -5.07704 -4.12196 
vt 2.8807 -12.6817 
vt -5.07704 -12.6817 
vt 2.8807 -4.12196 
vt -5.07704 -4.12196 
vt 2.8807 -4.96847 
vt -5.07704 -4.96847 
vt 3.48271 -4.12196 
vt -5.07704 -4.12196 
vt 3.48271 -4.96847 
vt -5.07704 -4.96847 
vt 2.8807 -4.12196 
vt -5.07704 -4.12196 
vt 2.8807 -12.6817 
vt -5.07704 -12.6817 
vt 2.8807 -4.12196 
vt -5.07704 -4.12196 
vt 2.8807 -4.96847 
vt -5.07704 -4.96847 

usemtl Volcanopart1Mtl

f 5545/5545/5545 5546/5546/5546 5547/5547/5547 
f 5547/5547/5547 5546/5546/5546 5548/5548/5548 
f 5549/5549/5549 5550/5550/5550 5551/5551/5551 
f 5551/5551/5551 5550/5550/5550 5552/5552/5552 
f 5553/5553/5553 5554/5554/5554 5555/5555/5555 
f 5555/5555/5555 5554/5554/5554 5556/5556/5556 
f 5557/5557/5557 5558/5558/5558 5559/5559/5559 
f 5559/5559/5559 5558/5558/5558 5560/5560/5560 
f 5561/5561/5561 5562/5562/5562 5563/5563/5563 
f 5563/5563/5563 5562/5562/5562 5564/5564/5564 
f 5565/5565/5565 5566/5566/5566 5567/5567/5567 
f 5567/5567/5567 5566/5566/5566 5568/5568/5568 

g Volcanopart180

v 96.4492 10.9952 -111.399 
v 151.535 11.0655 -141.682 
v 96.4347 2.84889 -111.445 
v 151.52 2.91922 -141.727 
v 182.203 10.7009 -85.8948 
v 151.535 11.0655 -141.682 
v 127.118 10.6306 -55.6125 
v 96.4492 10.9952 -111.399 
v 151.535 11.0655 -141.682 
v 182.203 10.7009 -85.8948 
v 151.52 2.91922 -141.727 
v 182.188 2.55467 -85.9401 
v 182.203 10.7009 -85.8948 
v 127.118 10.6306 -55.6125 
v 182.188 2.55467 -85.9401 
v 127.103 2.48435 -55.6578 
v 127.103 2.48435 -55.6578 
v 96.4347 2.84889 -111.445 
v 182.188 2.55467 -85.9401 
v 151.52 2.91922 -141.727 
v 127.118 10.6306 -55.6125 
v 96.4492 10.9952 -111.399 
v 127.103 2.48435 -55.6578 
v 96.4347 2.84889 -111.445 

vn -0.480315 0.00787402 -0.874016 
vn -0.480315 0.00787402 -0.874016 
vn -0.480315 0.00787402 -0.874016 
vn -0.480315 0.00787402 -0.874016 
vn 0 1 0.00787402 
vn 0 1 0.00787402 
vn 0 1 0.00787402 
vn 0 1 0.00787402 
vn 0.874016 0 -0.480315 
vn 0.874016 0 -0.480315 
vn 0.874016 0 -0.480315 
vn 0.874016 0 -0.480315 
vn 0.480315 -0.00787402 0.874016 
vn 0.480315 -0.00787402 0.874016 
vn 0.480315 -0.00787402 0.874016 
vn 0.480315 -0.00787402 0.874016 
vn 0 -1 -0.00787402 
vn 0 -1 -0.00787402 
vn 0 -1 -0.00787402 
vn 0 -1 -0.00787402 
vn -0.874016 0 0.480315 
vn -0.874016 0 0.480315 
vn -0.874016 0 0.480315 
vn -0.874016 0 0.480315 

vt 4.16952 -2.94869 
vt -3.68802 -2.94869 
vt 4.16952 -3.96699 
vt -3.68802 -3.96699 
vt 4.26973 -2.94869 
vt -3.68802 -2.94869 
vt 4.26973 -10.8062 
vt -3.68802 -10.8062 
vt 4.26973 -2.94869 
vt -3.68802 -2.94869 
vt 4.26973 -3.96699 
vt -3.68802 -3.96699 
vt 4.16952 -2.94869 
vt -3.68802 -2.94869 
vt 4.16952 -3.96699 
vt -3.68802 -3.96699 
vt 4.26973 -2.94869 
vt -3.68802 -2.94869 
vt 4.26973 -10.8062 
vt -3.68802 -10.8062 
vt 4.26973 -2.94869 
vt -3.68802 -2.94869 
vt 4.26973 -3.96699 
vt -3.68802 -3.96699 

usemtl Volcanopart1Mtl

f 5569/5569/5569 5570/5570/5570 5571/5571/5571 
f 5571/5571/5571 5570/5570/5570 5572/5572/5572 
f 5573/5573/5573 5574/5574/5574 5575/5575/5575 
f 5575/5575/5575 5574/5574/5574 5576/5576/5576 
f 5577/5577/5577 5578/5578/5578 5579/5579/5579 
f 5579/5579/5579 5578/5578/5578 5580/5580/5580 
f 5581/5581/5581 5582/5582/5582 5583/5583/5583 
f 5583/5583/5583 5582/5582/5582 5584/5584/5584 
f 5585/5585/5585 5586/5586/5586 5587/5587/5587 
f 5587/5587/5587 5586/5586/5586 5588/5588/5588 
f 5589/5589/5589 5590/5590/5590 5591/5591/5591 
f 5591/5591/5591 5590/5590/5590 5592/5592/5592 

g Volcanopart181

v 114.934 11.0089 -102.616 
v 166.679 11.0565 -123.103 
v 114.921 3.5687 -102.666 
v 166.666 3.61628 -123.153 
v 190.114 10.6168 -63.9127 
v 166.679 11.0565 -123.103 
v 138.369 10.5692 -43.4261 
v 114.934 11.0089 -102.616 
v 166.679 11.0565 -123.103 
v 190.114 10.6168 -63.9127 
v 166.666 3.61628 -123.153 
v 190.101 3.17655 -63.9628 
v 190.114 10.6168 -63.9127 
v 138.369 10.5692 -43.4261 
v 190.101 3.17655 -63.9628 
v 138.356 3.12897 -43.4762 
v 138.356 3.12897 -43.4762 
v 114.921 3.5687 -102.666 
v 190.101 3.17655 -63.9628 
v 166.666 3.61628 -123.153 
v 138.369 10.5692 -43.4261 
v 114.934 11.0089 -102.616 
v 138.356 3.12897 -43.4762 
v 114.921 3.5687 -102.666 

vn -0.370079 0.00787402 -0.929134 
vn -0.370079 0.00787402 -0.929134 
vn -0.370079 0.00787402 -0.929134 
vn -0.370079 0.00787402 -0.929134 
vn 0 1 0.00787402 
vn 0 1 0.00787402 
vn 0 1 0.00787402 
vn 0 1 0.00787402 
vn 0.929134 0 -0.370079 
vn 0.929134 0 -0.370079 
vn 0.929134 0 -0.370079 
vn 0.929134 0 -0.370079 
vn 0.370079 -0.00787402 0.929134 
vn 0.370079 -0.00787402 0.929134 
vn 0.370079 -0.00787402 0.929134 
vn 0.370079 -0.00787402 0.929134 
vn 0 -1 -0.00787402 
vn 0 -1 -0.00787402 
vn 0 -1 -0.00787402 
vn 0 -1 -0.00787402 
vn -0.929134 0 0.370079 
vn -0.929134 0 0.370079 
vn -0.929134 0 0.370079 
vn -0.929134 0 0.370079 

vt 11.591 0.58036 
vt 4.6344 0.58036 
vt 11.591 -0.349691 
vt 4.6344 -0.349691 
vt 12.5921 0.58036 
vt 4.6344 0.58036 
vt 12.5921 -6.37627 
vt 4.6344 -6.37627 
vt 12.5921 0.58036 
vt 4.6344 0.58036 
vt 12.5921 -0.349691 
vt 4.6344 -0.349691 
vt 11.591 0.58036 
vt 4.6344 0.58036 
vt 11.591 -0.349691 
vt 4.6344 -0.349691 
vt 12.5921 0.58036 
vt 4.6344 0.58036 
vt 12.5921 -6.37627 
vt 4.6344 -6.37627 
vt 12.5921 0.58036 
vt 4.6344 0.58036 
vt 12.5921 -0.349691 
vt 4.6344 -0.349691 

usemtl Volcanopart1Mtl

f 5593/5593/5593 5594/5594/5594 5595/5595/5595 
f 5595/5595/5595 5594/5594/5594 5596/5596/5596 
f 5597/5597/5597 5598/5598/5598 5599/5599/5599 
f 5599/5599/5599 5598/5598/5598 5600/5600/5600 
f 5601/5601/5601 5602/5602/5602 5603/5603/5603 
f 5603/5603/5603 5602/5602/5602 5604/5604/5604 
f 5605/5605/5605 5606/5606/5606 5607/5607/5607 
f 5607/5607/5607 5606/5606/5606 5608/5608/5608 
f 5609/5609/5609 5610/5610/5610 5611/5611/5611 
f 5611/5611/5611 5610/5610/5610 5612/5612/5612 
f 5613/5613/5613 5614/5614/5614 5615/5615/5615 
f 5615/5615/5615 5614/5614/5614 5616/5616/5616 

g Volcanopart182

v 96.5201 10.8993 -81.2785 
v 172.243 10.9444 -100.72 
v 96.516 4.98343 -81.3086 
v 172.239 5.02857 -100.75 
v 188.075 10.6202 -39.059 
v 172.243 10.9444 -100.72 
v 112.352 10.575 -19.6173 
v 96.5201 10.8993 -81.2785 
v 172.243 10.9444 -100.72 
v 188.075 10.6202 -39.059 
v 172.239 5.02857 -100.75 
v 188.071 4.70432 -39.0891 
v 188.075 10.6202 -39.059 
v 112.352 10.575 -19.6173 
v 188.071 4.70432 -39.0891 
v 112.347 4.65918 -19.6473 
v 112.347 4.65918 -19.6473 
v 96.516 4.98343 -81.3086 
v 188.071 4.70432 -39.0891 
v 172.239 5.02857 -100.75 
v 112.352 10.575 -19.6173 
v 96.5201 10.8993 -81.2785 
v 112.347 4.65918 -19.6473 
v 96.516 4.98343 -81.3086 

vn -0.251969 0.00787402 -0.968504 
vn -0.251969 0.00787402 -0.968504 
vn -0.251969 0.00787402 -0.968504 
vn -0.251969 0.00787402 -0.968504 
vn 0 1 0.00787402 
vn 0 1 0.00787402 
vn 0 1 0.00787402 
vn 0 1 0.00787402 
vn 0.968504 0 -0.251969 
vn 0.968504 0 -0.251969 
vn 0.968504 0 -0.251969 
vn 0.968504 0 -0.251969 
vn 0.251969 -0.00787402 0.968504 
vn 0.251969 -0.00787402 0.968504 
vn 0.251969 -0.00787402 0.968504 
vn 0.251969 -0.00787402 0.968504 
vn 0 -1 -0.00787402 
vn 0 -1 -0.00787402 
vn 0 -1 -0.00787402 
vn 0 -1 -0.00787402 
vn -0.968504 0 0.251969 
vn -0.968504 0 0.251969 
vn -0.968504 0 0.251969 
vn -0.968504 0 0.251969 

vt 2.53877 9.33812 
vt -7.23364 9.33812 
vt 2.53877 8.59863 
vt -7.23364 8.59863 
vt 0.724109 9.33812 
vt -7.23364 9.33812 
vt 0.724109 -0.434287 
vt -7.23364 -0.434287 
vt 0.724109 9.33812 
vt -7.23364 9.33812 
vt 0.724109 8.59863 
vt -7.23364 8.59863 
vt 2.53877 9.33812 
vt -7.23364 9.33812 
vt 2.53877 8.59863 
vt -7.23364 8.59863 
vt 0.724109 9.33812 
vt -7.23364 9.33812 
vt 0.724109 -0.434287 
vt -7.23364 -0.434287 
vt 0.724109 9.33812 
vt -7.23364 9.33812 
vt 0.724109 8.59863 
vt -7.23364 8.59863 

usemtl Volcanopart1Mtl

f 5617/5617/5617 5618/5618/5618 5619/5619/5619 
f 5619/5619/5619 5618/5618/5618 5620/5620/5620 
f 5621/5621/5621 5622/5622/5622 5623/5623/5623 
f 5623/5623/5623 5622/5622/5622 5624/5624/5624 
f 5625/5625/5625 5626/5626/5626 5627/5627/5627 
f 5627/5627/5627 5626/5626/5626 5628/5628/5628 
f 5629/5629/5629 5630/5630/5630 5631/5631/5631 
f 5631/5631/5631 5630/5630/5630 5632/5632/5632 
f 5633/5633/5633 5634/5634/5634 5635/5635/5635 
f 5635/5635/5635 5634/5634/5634 5636/5636/5636 
f 5637/5637/5637 5638/5638/5638 5639/5639/5639 
f 5639/5639/5639 5638/5638/5638 5640/5640/5640 

g Volcanopart183

v 102.951 10.5596 -69.45 
v 180.432 10.5823 -79.2378 
v 102.956 5.19112 -69.4253 
v 180.437 5.21385 -79.2131 
v 188.411 10.8799 -16.0784 
v 180.432 10.5823 -79.2378 
v 110.93 10.8572 -6.29069 
v 102.951 10.5596 -69.45 
v 180.432 10.5823 -79.2378 
v 188.411 10.8799 -16.0784 
v 180.437 5.21385 -79.2131 
v 188.415 5.51149 -16.0537 
v 188.411 10.8799 -16.0784 
v 110.93 10.8572 -6.29069 
v 188.415 5.51149 -16.0537 
v 110.935 5.48876 -6.26598 
v 110.935 5.48876 -6.26598 
v 102.956 5.19112 -69.4253 
v 188.415 5.51149 -16.0537 
v 180.437 5.21385 -79.2131 
v 110.93 10.8572 -6.29069 
v 102.951 10.5596 -69.45 
v 110.935 5.48876 -6.26598 
v 102.956 5.19112 -69.4253 

vn -0.125984 -0.00787402 -0.992126 
vn -0.125984 -0.00787402 -0.992126 
vn -0.125984 -0.00787402 -0.992126 
vn -0.125984 -0.00787402 -0.992126 
vn 0 1 -0.00787402 
vn 0 1 -0.00787402 
vn 0 1 -0.00787402 
vn 0 1 -0.00787402 
vn 0.992126 0 -0.125984 
vn 0.992126 0 -0.125984 
vn 0.992126 0 -0.125984 
vn 0.992126 0 -0.125984 
vn 0.125984 0.00787402 0.992126 
vn 0.125984 0.00787402 0.992126 
vn 0.125984 0.00787402 0.992126 
vn 0.125984 0.00787402 0.992126 
vn 0 -1 0.00787402 
vn 0 -1 0.00787402 
vn 0 -1 0.00787402 
vn 0 -1 0.00787402 
vn -0.992126 0 0.125984 
vn -0.992126 0 0.125984 
vn -0.992126 0 0.125984 
vn -0.992126 0 0.125984 

vt 15.7818 -6.64936 
vt 6.01976 -6.64936 
vt 15.7818 -7.32042 
vt 6.01976 -7.32042 
vt 13.9775 -6.64936 
vt 6.01976 -6.64936 
vt 13.9775 -16.4114 
vt 6.01976 -16.4114 
vt 13.9775 -6.64936 
vt 6.01976 -6.64936 
vt 13.9775 -7.32042 
vt 6.01976 -7.32042 
vt 15.7818 -6.64936 
vt 6.01976 -6.64936 
vt 15.7818 -7.32042 
vt 6.01976 -7.32042 
vt 13.9775 -6.64936 
vt 6.01976 -6.64936 
vt 13.9775 -16.4114 
vt 6.01976 -16.4114 
vt 13.9775 -6.64936 
vt 6.01976 -6.64936 
vt 13.9775 -7.32042 
vt 6.01976 -7.32042 

usemtl Volcanopart1Mtl

f 5641/5641/5641 5642/5642/5642 5643/5643/5643 
f 5643/5643/5643 5642/5642/5642 5644/5644/5644 
f 5645/5645/5645 5646/5646/5646 5647/5647/5647 
f 5647/5647/5647 5646/5646/5646 5648/5648/5648 
f 5649/5649/5649 5650/5650/5650 5651/5651/5651 
f 5651/5651/5651 5650/5650/5650 5652/5652/5652 
f 5653/5653/5653 5654/5654/5654 5655/5655/5655 
f 5655/5655/5655 5654/5654/5654 5656/5656/5656 
f 5657/5657/5657 5658/5658/5658 5659/5659/5659 
f 5659/5659/5659 5658/5658/5658 5660/5660/5660 
f 5661/5661/5661 5662/5662/5662 5663/5663/5663 
f 5663/5663/5663 5662/5662/5662 5664/5664/5664 

g Volcanopart184

v 104.634 10.6791 -56.8572 
v 185.224 10.6791 -56.8572 
v 104.634 5.09634 -56.8572 
v 185.224 5.09634 -56.8572 
v 185.224 10.6791 6.80482 
v 185.224 10.6791 -56.8572 
v 104.634 10.6791 6.80482 
v 104.634 10.6791 -56.8572 
v 185.224 10.6791 -56.8572 
v 185.224 10.6791 6.80482 
v 185.224 5.09634 -56.8572 
v 185.224 5.09634 6.80482 
v 185.224 10.6791 6.80482 
v 104.634 10.6791 6.80482 
v 185.224 5.09634 6.80482 
v 104.634 5.09634 6.80482 
v 104.634 5.09634 6.80482 
v 104.634 5.09634 -56.8572 
v 185.224 5.09634 6.80482 
v 185.224 5.09634 -56.8572 
v 104.634 10.6791 6.80482 
v 104.634 10.6791 -56.8572 
v 104.634 5.09634 6.80482 
v 104.634 5.09634 -56.8572 

vn 0 0 -1 
vn 0 0 -1 
vn 0 0 -1 
vn 0 0 -1 
vn 0 1 0 
vn 0 1 0 
vn 0 1 0 
vn 0 1 0 
vn 1 0 0 
vn 1 0 0 
vn 1 0 0 
vn 1 0 0 
vn 0 0 1 
vn 0 0 1 
vn 0 0 1 
vn 0 0 1 
vn 0 -1 0 
vn 0 -1 0 
vn 0 -1 0 
vn 0 -1 0 
vn -1 0 0 
vn -1 0 0 
vn -1 0 0 
vn -1 0 0 

vt 8.64896 -8.13262 
vt -1.42478 -8.13262 
vt 8.64896 -8.83047 
vt -1.42478 -8.83047 
vt 6.53297 -8.13262 
vt -1.42478 -8.13262 
vt 6.53297 -18.2064 
vt -1.42478 -18.2064 
vt 6.53297 -8.13262 
vt -1.42478 -8.13262 
vt 6.53297 -8.83047 
vt -1.42478 -8.83047 
vt 8.64896 -8.13262 
vt -1.42478 -8.13262 
vt 8.64896 -8.83047 
vt -1.42478 -8.83047 
vt 6.53297 -8.13262 
vt -1.42478 -8.13262 
vt 6.53297 -18.2064 
vt -1.42478 -18.2064 
vt 6.53297 -8.13262 
vt -1.42478 -8.13262 
vt 6.53297 -8.83047 
vt -1.42478 -8.83047 

usemtl Volcanopart1Mtl

f 5665/5665/5665 5666/5666/5666 5667/5667/5667 
f 5667/5667/5667 5666/5666/5666 5668/5668/5668 
f 5669/5669/5669 5670/5670/5670 5671/5671/5671 
f 5671/5671/5671 5670/5670/5670 5672/5672/5672 
f 5673/5673/5673 5674/5674/5674 5675/5675/5675 
f 5675/5675/5675 5674/5674/5674 5676/5676/5676 
f 5677/5677/5677 5678/5678/5678 5679/5679/5679 
f 5679/5679/5679 5678/5678/5678 5680/5680/5680 
f 5681/5681/5681 5682/5682/5682 5683/5683/5683 
f 5683/5683/5683 5682/5682/5682 5684/5684/5684 
f 5685/5685/5685 5686/5686/5686 5687/5687/5687 
f 5687/5687/5687 5686/5686/5686 5688/5688/5688 

g Volcanopart185

v 119.187 10.5162 -42.7476 
v 190.066 10.4954 -33.7937 
v 119.181 3.38934 -42.7187 
v 190.061 3.36855 -33.7648 
v 182.088 10.7578 29.3658 
v 190.066 10.4954 -33.7937 
v 111.208 10.7786 20.4119 
v 119.187 10.5162 -42.7476 
v 190.066 10.4954 -33.7937 
v 182.088 10.7578 29.3658 
v 190.061 3.36855 -33.7648 
v 182.082 3.631 29.3946 
v 182.088 10.7578 29.3658 
v 111.208 10.7786 20.4119 
v 182.082 3.631 29.3946 
v 111.203 3.65179 20.4408 
v 111.203 3.65179 20.4408 
v 119.181 3.38934 -42.7187 
v 182.082 3.631 29.3946 
v 190.061 3.36855 -33.7648 
v 111.208 10.7786 20.4119 
v 119.187 10.5162 -42.7476 
v 111.203 3.65179 20.4408 
v 119.181 3.38934 -42.7187 

vn 0.125984 -0.00787402 -0.992126 
vn 0.125984 -0.00787402 -0.992126 
vn 0.125984 -0.00787402 -0.992126 
vn 0.125984 -0.00787402 -0.992126 
vn 0 1 -0.00787402 
vn 0 1 -0.00787402 
vn 0 1 -0.00787402 
vn 0 1 -0.00787402 
vn 0.992126 0 0.125984 
vn 0.992126 0 0.125984 
vn 0.992126 0 0.125984 
vn 0.992126 0 0.125984 
vn -0.125984 0.00787402 0.992126 
vn -0.125984 0.00787402 0.992126 
vn -0.125984 0.00787402 0.992126 
vn -0.125984 0.00787402 0.992126 
vn 0 -1 0.00787402 
vn 0 -1 0.00787402 
vn 0 -1 0.00787402 
vn 0 -1 0.00787402 
vn -0.992126 0 -0.125984 
vn -0.992126 0 -0.125984 
vn -0.992126 0 -0.125984 
vn -0.992126 0 -0.125984 

vt 10.1609 4.39312 
vt 1.23052 4.39312 
vt 10.1609 3.50225 
vt 1.23052 3.50225 
vt 9.18826 4.39312 
vt 1.23052 4.39312 
vt 9.18826 -4.53724 
vt 1.23052 -4.53724 
vt 9.18826 4.39312 
vt 1.23052 4.39312 
vt 9.18826 3.50225 
vt 1.23052 3.50225 
vt 10.1609 4.39312 
vt 1.23052 4.39312 
vt 10.1609 3.50225 
vt 1.23052 3.50225 
vt 9.18826 4.39312 
vt 1.23052 4.39312 
vt 9.18826 -4.53724 
vt 1.23052 -4.53724 
vt 9.18826 4.39312 
vt 1.23052 4.39312 
vt 9.18826 3.50225 
vt 1.23052 3.50225 

usemtl Volcanopart1Mtl

f 5689/5689/5689 5690/5690/5690 5691/5691/5691 
f 5691/5691/5691 5690/5690/5690 5692/5692/5692 
f 5693/5693/5693 5694/5694/5694 5695/5695/5695 
f 5695/5695/5695 5694/5694/5694 5696/5696/5696 
f 5697/5697/5697 5698/5698/5698 5699/5699/5699 
f 5699/5699/5699 5698/5698/5698 5700/5700/5700 
f 5701/5701/5701 5702/5702/5702 5703/5703/5703 
f 5703/5703/5703 5702/5702/5702 5704/5704/5704 
f 5705/5705/5705 5706/5706/5706 5707/5707/5707 
f 5707/5707/5707 5706/5706/5706 5708/5708/5708 
f 5709/5709/5709 5710/5710/5710 5711/5711/5711 
f 5711/5711/5711 5710/5710/5710 5712/5712/5712 

g Volcanopart186

v 124.506 10.8719 -27.2745 
v 190.501 10.8326 -10.3306 
v 124.515 5.09739 -27.3207 
v 190.509 5.05804 -10.3768 
v 174.669 10.3161 51.3293 
v 190.501 10.8326 -10.3306 
v 108.675 10.3554 34.3854 
v 124.506 10.8719 -27.2745 
v 190.501 10.8326 -10.3306 
v 174.669 10.3161 51.3293 
v 190.509 5.05804 -10.3768 
v 174.678 4.54153 51.2831 
v 174.669 10.3161 51.3293 
v 108.675 10.3554 34.3854 
v 174.678 4.54153 51.2831 
v 108.683 4.58087 34.3392 
v 108.683 4.58087 34.3392 
v 124.515 5.09739 -27.3207 
v 174.678 4.54153 51.2831 
v 190.509 5.05804 -10.3768 
v 108.675 10.3554 34.3854 
v 124.506 10.8719 -27.2745 
v 108.683 4.58087 34.3392 
v 124.515 5.09739 -27.3207 

vn 0.251969 0.00787402 -0.968504 
vn 0.251969 0.00787402 -0.968504 
vn 0.251969 0.00787402 -0.968504 
vn 0.251969 0.00787402 -0.968504 
vn 0 1 0.00787402 
vn 0 1 0.00787402 
vn 0 1 0.00787402 
vn 0 1 0.00787402 
vn 0.968504 0 0.251969 
vn 0.968504 0 0.251969 
vn 0.968504 0 0.251969 
vn 0.968504 0 0.251969 
vn -0.251969 -0.00787402 0.968504 
vn -0.251969 -0.00787402 0.968504 
vn -0.251969 -0.00787402 0.968504 
vn -0.251969 -0.00787402 0.968504 
vn 0 -1 -0.00787402 
vn 0 -1 -0.00787402 
vn 0 -1 -0.00787402 
vn 0 -1 -0.00787402 
vn -0.968504 0 -0.251969 
vn -0.968504 0 -0.251969 
vn -0.968504 0 -0.251969 
vn -0.968504 0 -0.251969 

vt 8.25663 -4.59643 
vt -0.260234 -4.59643 
vt 8.25663 -5.31827 
vt -0.260234 -5.31827 
vt 7.69751 -4.59643 
vt -0.260234 -4.59643 
vt 7.69751 -13.1133 
vt -0.260234 -13.1133 
vt 7.69751 -4.59643 
vt -0.260234 -4.59643 
vt 7.69751 -5.31827 
vt -0.260234 -5.31827 
vt 8.25663 -4.59643 
vt -0.260234 -4.59643 
vt 8.25663 -5.31827 
vt -0.260234 -5.31827 
vt 7.69751 -4.59643 
vt -0.260234 -4.59643 
vt 7.69751 -13.1133 
vt -0.260234 -13.1133 
vt 7.69751 -4.59643 
vt -0.260234 -4.59643 
vt 7.69751 -5.31827 
vt -0.260234 -5.31827 

usemtl Volcanopart1Mtl

f 5713/5713/5713 5714/5714/5714 5715/5715/5715 
f 5715/5715/5715 5714/5714/5714 5716/5716/5716 
f 5717/5717/5717 5718/5718/5718 5719/5719/5719 
f 5719/5719/5719 5718/5718/5718 5720/5720/5720 
f 5721/5721/5721 5722/5722/5722 5723/5723/5723 
f 5723/5723/5723 5722/5722/5722 5724/5724/5724 
f 5725/5725/5725 5726/5726/5726 5727/5727/5727 
f 5727/5727/5727 5726/5726/5726 5728/5728/5728 
f 5729/5729/5729 5730/5730/5730 5731/5731/5731 
f 5731/5731/5731 5730/5730/5730 5732/5732/5732 
f 5733/5733/5733 5734/5734/5734 5735/5735/5735 
f 5735/5735/5735 5734/5734/5734 5736/5736/5736 

g Volcanopart187

v 133.751 10.374 -8.45823 
v 189.195 10.323 13.4929 
v 133.727 2.59483 -8.4154 
v 189.171 2.54386 13.5357 
v 165.761 10.7215 72.6835 
v 189.195 10.323 13.4929 
v 110.317 10.7725 50.7324 
v 133.751 10.374 -8.45823 
v 189.195 10.323 13.4929 
v 165.761 10.7215 72.6835 
v 189.171 2.54386 13.5357 
v 165.737 2.94237 72.7264 
v 165.761 10.7215 72.6835 
v 110.317 10.7725 50.7324 
v 165.737 2.94237 72.7264 
v 110.292 2.99334 50.7753 
v 110.292 2.99334 50.7753 
v 133.727 2.59483 -8.4154 
v 165.737 2.94237 72.7264 
v 189.171 2.54386 13.5357 
v 110.317 10.7725 50.7324 
v 133.751 10.374 -8.45823 
v 110.292 2.99334 50.7753 
v 133.727 2.59483 -8.4154 

vn 0.370079 -0.00787402 -0.929134 
vn 0.370079 -0.00787402 -0.929134 
vn 0.370079 -0.00787402 -0.929134 
vn 0.370079 -0.00787402 -0.929134 
vn 0 1 -0.00787402 
vn 0 1 -0.00787402 
vn 0 1 -0.00787402 
vn 0 1 -0.00787402 
vn 0.929134 0 0.370079 
vn 0.929134 0 0.370079 
vn 0.929134 0 0.370079 
vn 0.929134 0 0.370079 
vn -0.370079 0.00787402 0.929134 
vn -0.370079 0.00787402 0.929134 
vn -0.370079 0.00787402 0.929134 
vn -0.370079 0.00787402 0.929134 
vn 0 -1 0.00787402 
vn 0 -1 0.00787402 
vn 0 -1 0.00787402 
vn 0 -1 0.00787402 
vn -0.929134 0 -0.370079 
vn -0.929134 0 -0.370079 
vn -0.929134 0 -0.370079 
vn -0.929134 0 -0.370079 

vt 12.786 -3.83291 
vt 5.33205 -3.83291 
vt 12.786 -4.80532 
vt 5.33205 -4.80532 
vt 13.2898 -3.83291 
vt 5.33205 -3.83291 
vt 13.2898 -11.2868 
vt 5.33205 -11.2868 
vt 13.2898 -3.83291 
vt 5.33205 -3.83291 
vt 13.2898 -4.80532 
vt 5.33205 -4.80532 
vt 12.786 -3.83291 
vt 5.33205 -3.83291 
vt 12.786 -4.80532 
vt 5.33205 -4.80532 
vt 13.2898 -3.83291 
vt 5.33205 -3.83291 
vt 13.2898 -11.2868 
vt 5.33205 -11.2868 
vt 13.2898 -3.83291 
vt 5.33205 -3.83291 
vt 13.2898 -4.80532 
vt 5.33205 -4.80532 

usemtl Volcanopart1Mtl

f 5737/5737/5737 5738/5738/5738 5739/5739/5739 
f 5739/5739/5739 5738/5738/5738 5740/5740/5740 
f 5741/5741/5741 5742/5742/5742 5743/5743/5743 
f 5743/5743/5743 5742/5742/5742 5744/5744/5744 
f 5745/5745/5745 5746/5746/5746 5747/5747/5747 
f 5747/5747/5747 5746/5746/5746 5748/5748/5748 
f 5749/5749/5749 5750/5750/5750 5751/5751/5751 
f 5751/5751/5751 5750/5750/5750 5752/5752/5752 
f 5753/5753/5753 5754/5754/5754 5755/5755/5755 
f 5755/5755/5755 5754/5754/5754 5756/5756/5756 
f 5757/5757/5757 5758/5758/5758 5759/5759/5759 
f 5759/5759/5759 5758/5758/5758 5760/5760/5760 

g Volcanopart188

v 134.7 10.5534 9.75395 
v 183.715 10.4908 36.6992 
v 134.697 5.56179 9.74881 
v 183.711 5.49922 36.6941 
v 153.046 10.4551 92.487 
v 183.715 10.4908 36.6992 
v 104.031 10.5177 65.5418 
v 134.7 10.5534 9.75395 
v 183.715 10.4908 36.6992 
v 153.046 10.4551 92.487 
v 183.711 5.49922 36.6941 
v 153.043 5.46349 92.4819 
v 153.046 10.4551 92.487 
v 104.031 10.5177 65.5418 
v 153.043 5.46349 92.4819 
v 104.028 5.52606 65.5366 
v 104.028 5.52606 65.5366 
v 134.697 5.56179 9.74881 
v 153.043 5.46349 92.4819 
v 183.711 5.49922 36.6941 
v 104.031 10.5177 65.5418 
v 134.7 10.5534 9.75395 
v 104.028 5.52606 65.5366 
v 134.697 5.56179 9.74881 

vn 0.480315 0 -0.874016 
vn 0.480315 0 -0.874016 
vn 0.480315 0 -0.874016 
vn 0.480315 0 -0.874016 
vn 0 1 0 
vn 0 1 0 
vn 0 1 0 
vn 0 1 0 
vn 0.874016 0 0.480315 
vn 0.874016 0 0.480315 
vn 0.874016 0 0.480315 
vn 0.874016 0 0.480315 
vn -0.480315 0 0.874016 
vn -0.480315 0 0.874016 
vn -0.480315 0 0.874016 
vn -0.480315 0 0.874016 
vn 0 -1 0 
vn 0 -1 0 
vn 0 -1 0 
vn 0 -1 0 
vn -0.874016 0 -0.480315 
vn -0.874016 0 -0.480315 
vn -0.874016 0 -0.480315 
vn -0.874016 0 -0.480315 

vt 5.87008 1.70131 
vt -1.12156 1.70131 
vt 5.87008 1.07736 
vt -1.12156 1.07736 
vt 6.83619 1.70131 
vt -1.12156 1.70131 
vt 6.83619 -5.29032 
vt -1.12156 -5.29032 
vt 6.83619 1.70131 
vt -1.12156 1.70131 
vt 6.83619 1.07736 
vt -1.12156 1.07736 
vt 5.87008 1.70131 
vt -1.12156 1.70131 
vt 5.87008 1.07736 
vt -1.12156 1.07736 
vt 6.83619 1.70131 
vt -1.12156 1.70131 
vt 6.83619 -5.29032 
vt -1.12156 -5.29032 
vt 6.83619 1.70131 
vt -1.12156 1.70131 
vt 6.83619 1.07736 
vt -1.12156 1.07736 

usemtl Volcanopart1Mtl

f 5761/5761/5761 5762/5762/5762 5763/5763/5763 
f 5763/5763/5763 5762/5762/5762 5764/5764/5764 
f 5765/5765/5765 5766/5766/5766 5767/5767/5767 
f 5767/5767/5767 5766/5766/5766 5768/5768/5768 
f 5769/5769/5769 5770/5770/5770 5771/5771/5771 
f 5771/5771/5771 5770/5770/5770 5772/5772/5772 
f 5773/5773/5773 5774/5774/5774 5775/5775/5775 
f 5775/5775/5775 5774/5774/5774 5776/5776/5776 
f 5777/5777/5777 5778/5778/5778 5779/5779/5779 
f 5779/5779/5779 5778/5778/5778 5780/5780/5780 
f 5781/5781/5781 5782/5782/5782 5783/5783/5783 
f 5783/5783/5783 5782/5782/5782 5784/5784/5784 

g Volcanopart189

v 104.961 10.6394 7.9991 
v 169.698 10.5302 55.0319 
v 104.965 3.59265 7.97643 
v 169.702 3.48343 55.0092 
v 132.279 10.3401 106.536 
v 169.698 10.5302 55.0319 
v 67.5419 10.4493 59.5029 
v 104.961 10.6394 7.9991 
v 169.698 10.5302 55.0319 
v 132.279 10.3401 106.536 
v 169.702 3.48343 55.0092 
v 132.284 3.2933 106.513 
v 132.279 10.3401 106.536 
v 67.5419 10.4493 59.5029 
v 132.284 3.2933 106.513 
v 67.5465 3.40251 59.4802 
v 67.5465 3.40251 59.4802 
v 104.965 3.59265 7.97643 
v 132.284 3.2933 106.513 
v 169.702 3.48343 55.0092 
v 67.5419 10.4493 59.5029 
v 104.961 10.6394 7.9991 
v 67.5465 3.40251 59.4802 
v 104.965 3.59265 7.97643 

vn 0.590551 0 -0.811024 
vn 0.590551 0 -0.811024 
vn 0.590551 0 -0.811024 
vn 0.590551 0 -0.811024 
vn 0 1 0 
vn 0 1 0 
vn 0 1 0 
vn 0 1 0 
vn 0.811024 0 0.590551 
vn 0.811024 0 0.590551 
vn 0.811024 0 0.590551 
vn 0.811024 0 0.590551 
vn -0.590551 0 0.811024 
vn -0.590551 0 0.811024 
vn -0.590551 0 0.811024 
vn -0.590551 0 0.811024 
vn 0 -1 0 
vn 0 -1 0 
vn 0 -1 0 
vn 0 -1 0 
vn -0.811024 0 -0.590551 
vn -0.811024 0 -0.590551 
vn -0.811024 0 -0.590551 
vn -0.811024 0 -0.590551 

vt 10.5013 6.17323 
vt 0.499003 6.17323 
vt 10.5013 5.29238 
vt 0.499003 5.29238 
vt 8.45675 6.17323 
vt 0.499003 6.17323 
vt 8.45675 -3.82911 
vt 0.499003 -3.82911 
vt 8.45675 6.17323 
vt 0.499003 6.17323 
vt 8.45675 5.29238 
vt 0.499003 5.29238 
vt 10.5013 6.17323 
vt 0.499003 6.17323 
vt 10.5013 5.29238 
vt 0.499003 5.29238 
vt 8.45675 6.17323 
vt 0.499003 6.17323 
vt 8.45675 -3.82911 
vt 0.499003 -3.82911 
vt 8.45675 6.17323 
vt 0.499003 6.17323 
vt 8.45675 5.29238 
vt 0.499003 5.29238 

usemtl Volcanopart1Mtl

f 5785/5785/5785 5786/5786/5786 5787/5787/5787 
f 5787/5787/5787 5786/5786/5786 5788/5788/5788 
f 5789/5789/5789 5790/5790/5790 5791/5791/5791 
f 5791/5791/5791 5790/5790/5790 5792/5792/5792 
f 5793/5793/5793 5794/5794/5794 5795/5795/5795 
f 5795/5795/5795 5794/5794/5794 5796/5796/5796 
f 5797/5797/5797 5798/5798/5798 5799/5799/5799 
f 5799/5799/5799 5798/5798/5798 5800/5800/5800 
f 5801/5801/5801 5802/5802/5802 5803/5803/5803 
f 5803/5803/5803 5802/5802/5802 5804/5804/5804 
f 5805/5805/5805 5806/5806/5806 5807/5807/5807 
f 5807/5807/5807 5806/5806/5806 5808/5808/5808 

g Volcanopart190

v 124.246 10.4506 42.9396 
v 163.217 10.3656 79.5345 
v 124.237 4.63017 42.9358 
v 163.208 4.54519 79.5307 
v 119.638 10.4042 125.943 
v 163.217 10.3656 79.5345 
v 80.667 10.4892 89.3479 
v 124.246 10.4506 42.9396 
v 163.217 10.3656 79.5345 
v 119.638 10.4042 125.943 
v 163.208 4.54519 79.5307 
v 119.629 4.58379 125.939 
v 119.638 10.4042 125.943 
v 80.667 10.4892 89.3479 
v 119.629 4.58379 125.939 
v 80.6578 4.66877 89.3441 
v 80.6578 4.66877 89.3441 
v 124.237 4.63017 42.9358 
v 119.629 4.58379 125.939 
v 163.208 4.54519 79.5307 
v 80.667 10.4892 89.3479 
v 124.246 10.4506 42.9396 
v 80.6578 4.66877 89.3441 
v 124.237 4.63017 42.9358 

vn 0.685039 0 -0.732283 
vn 0.685039 0 -0.732283 
vn 0.685039 0 -0.732283 
vn 0.685039 0 -0.732283 
vn 0 1 0 
vn 0 1 0 
vn 0 1 0 
vn 0 1 0 
vn 0.732283 0 0.685039 
vn 0.732283 0 0.685039 
vn 0.732283 0 0.685039 
vn 0.732283 0 0.685039 
vn -0.685039 0 0.732283 
vn -0.685039 0 0.732283 
vn -0.685039 0 0.732283 
vn -0.685039 0 0.732283 
vn 0 -1 0 
vn 0 -1 0 
vn 0 -1 0 
vn 0 -1 0 
vn -0.732283 0 -0.685039 
vn -0.732283 0 -0.685039 
vn -0.732283 0 -0.685039 
vn -0.732283 0 -0.685039 

vt 4.33577 3.69868 
vt -2.34667 3.69868 
vt 4.33577 2.97113 
vt -2.34667 2.97113 
vt 5.61108 3.69868 
vt -2.34667 3.69868 
vt 5.61108 -2.98376 
vt -2.34667 -2.98376 
vt 5.61108 3.69868 
vt -2.34667 3.69868 
vt 5.61108 2.97113 
vt -2.34667 2.97113 
vt 4.33577 3.69868 
vt -2.34667 3.69868 
vt 4.33577 2.97113 
vt -2.34667 2.97113 
vt 5.61108 3.69868 
vt -2.34667 3.69868 
vt 5.61108 -2.98376 
vt -2.34667 -2.98376 
vt 5.61108 3.69868 
vt -2.34667 3.69868 
vt 5.61108 2.97113 
vt -2.34667 2.97113 

usemtl Volcanopart1Mtl

f 5809/5809/5809 5810/5810/5810 5811/5811/5811 
f 5811/5811/5811 5810/5810/5810 5812/5812/5812 
f 5813/5813/5813 5814/5814/5814 5815/5815/5815 
f 5815/5815/5815 5814/5814/5814 5816/5816/5816 
f 5817/5817/5817 5818/5818/5818 5819/5819/5819 
f 5819/5819/5819 5818/5818/5818 5820/5820/5820 
f 5821/5821/5821 5822/5822/5822 5823/5823/5823 
f 5823/5823/5823 5822/5822/5822 5824/5824/5824 
f 5825/5825/5825 5826/5826/5826 5827/5827/5827 
f 5827/5827/5827 5826/5826/5826 5828/5828/5828 
f 5829/5829/5829 5830/5830/5830 5831/5831/5831 
f 5831/5831/5831 5830/5830/5830 5832/5832/5832 

g Volcanopart191

v 109.417 10.3214 50.7817 
v 147.803 10.2137 97.1813 
v 109.382 2.5117 50.7924 
v 147.768 2.40396 97.1919 
v 98.7519 10.4878 137.762 
v 147.803 10.2137 97.1813 
v 60.3657 10.5955 91.3622 
v 109.417 10.3214 50.7817 
v 147.803 10.2137 97.1813 
v 98.7519 10.4878 137.762 
v 147.768 2.40396 97.1919 
v 98.7171 2.67809 137.772 
v 98.7519 10.4878 137.762 
v 60.3657 10.5955 91.3622 
v 98.7171 2.67809 137.772 
v 60.3309 2.78584 91.3728 
v 60.3309 2.78584 91.3728 
v 109.382 2.5117 50.7924 
v 98.7171 2.67809 137.772 
v 147.768 2.40396 97.1919 
v 60.3657 10.5955 91.3622 
v 109.417 10.3214 50.7817 
v 60.3309 2.78584 91.3728 
v 109.382 2.5117 50.7924 

vn 0.771654 -0.00787402 -0.637795 
vn 0.771654 -0.00787402 -0.637795 
vn 0.771654 -0.00787402 -0.637795 
vn 0.771654 -0.00787402 -0.637795 
vn 0.00787402 1 0 
vn 0.00787402 1 0 
vn 0.00787402 1 0 
vn 0.00787402 1 0 
vn 0.637795 0 0.771654 
vn 0.637795 0 0.771654 
vn 0.637795 0 0.771654 
vn 0.637795 0 0.771654 
vn -0.771654 0.00787402 0.637795 
vn -0.771654 0.00787402 0.637795 
vn -0.771654 0.00787402 0.637795 
vn -0.771654 0.00787402 0.637795 
vn -0.00787402 -1 0 
vn -0.00787402 -1 0 
vn -0.00787402 -1 0 
vn -0.00787402 -1 0 
vn -0.637795 0 -0.771654 
vn -0.637795 0 -0.771654 
vn -0.637795 0 -0.771654 
vn -0.637795 0 -0.771654 

vt 15.7101 -4.37736 
vt 8.18266 -4.37736 
vt 15.7101 -5.35359 
vt 8.18266 -5.35359 
vt 16.1404 -4.37736 
vt 8.18266 -4.37736 
vt 16.1404 -11.9048 
vt 8.18266 -11.9048 
vt 16.1404 -4.37736 
vt 8.18266 -4.37736 
vt 16.1404 -5.35359 
vt 8.18266 -5.35359 
vt 15.7101 -4.37736 
vt 8.18266 -4.37736 
vt 15.7101 -5.35359 
vt 8.18266 -5.35359 
vt 16.1404 -4.37736 
vt 8.18266 -4.37736 
vt 16.1404 -11.9048 
vt 8.18266 -11.9048 
vt 16.1404 -4.37736 
vt 8.18266 -4.37736 
vt 16.1404 -5.35359 
vt 8.18266 -5.35359 

usemtl Volcanopart1Mtl

f 5833/5833/5833 5834/5834/5834 5835/5835/5835 
f 5835/5835/5835 5834/5834/5834 5836/5836/5836 
f 5837/5837/5837 5838/5838/5838 5839/5839/5839 
f 5839/5839/5839 5838/5838/5838 5840/5840/5840 
f 5841/5841/5841 5842/5842/5842 5843/5843/5843 
f 5843/5843/5843 5842/5842/5842 5844/5844/5844 
f 5845/5845/5845 5846/5846/5846 5847/5847/5847 
f 5847/5847/5847 5846/5846/5846 5848/5848/5848 
f 5849/5849/5849 5850/5850/5850 5851/5851/5851 
f 5851/5851/5851 5850/5850/5850 5852/5852/5852 
f 5853/5853/5853 5854/5854/5854 5855/5855/5855 
f 5855/5855/5855 5854/5854/5854 5856/5856/5856 

g Volcanopart192

v 95.6428 10.3991 57.8043 
v 130.666 10.2709 112.99 
v 95.6245 2.77265 57.7982 
v 130.648 2.6445 112.984 
v 76.9149 10.3723 147.103 
v 130.666 10.2709 112.99 
v 41.8918 10.5004 91.9169 
v 95.6428 10.3991 57.8043 
v 130.666 10.2709 112.99 
v 76.9149 10.3723 147.103 
v 130.648 2.6445 112.984 
v 76.8966 2.74586 147.097 
v 76.9149 10.3723 147.103 
v 41.8918 10.5004 91.9169 
v 76.8966 2.74586 147.097 
v 41.8736 2.87401 91.9108 
v 41.8736 2.87401 91.9108 
v 95.6245 2.77265 57.7982 
v 76.8966 2.74586 147.097 
v 130.648 2.6445 112.984 
v 41.8918 10.5004 91.9169 
v 95.6428 10.3991 57.8043 
v 41.8736 2.87401 91.9108 
v 95.6245 2.77265 57.7982 

vn 0.84252 0 -0.535433 
vn 0.84252 0 -0.535433 
vn 0.84252 0 -0.535433 
vn 0.84252 0 -0.535433 
vn 0 1 0 
vn 0 1 0 
vn 0 1 0 
vn 0 1 0 
vn 0.535433 0 0.84252 
vn 0.535433 0 0.84252 
vn 0.535433 0 0.84252 
vn 0.535433 0 0.84252 
vn -0.84252 0 0.535433 
vn -0.84252 0 0.535433 
vn -0.84252 0 0.535433 
vn -0.84252 0 0.535433 
vn 0 -1 0 
vn 0 -1 0 
vn 0 -1 0 
vn 0 -1 0 
vn -0.535433 0 -0.84252 
vn -0.535433 0 -0.84252 
vn -0.535433 0 -0.84252 
vn -0.535433 0 -0.84252 

vt 14.2326 0.36591 
vt 6.0624 0.36591 
vt 14.2326 -0.587395 
vt 6.0624 -0.587395 
vt 14.0202 0.36591 
vt 6.0624 0.36591 
vt 14.0202 -7.80427 
vt 6.0624 -7.80427 
vt 14.0202 0.36591 
vt 6.0624 0.36591 
vt 14.0202 -0.587395 
vt 6.0624 -0.587395 
vt 14.2326 0.36591 
vt 6.0624 0.36591 
vt 14.2326 -0.587395 
vt 6.0624 -0.587395 
vt 14.0202 0.36591 
vt 6.0624 0.36591 
vt 14.0202 -7.80427 
vt 6.0624 -7.80427 
vt 14.0202 0.36591 
vt 6.0624 0.36591 
vt 14.0202 -0.587395 
vt 6.0624 -0.587395 

usemtl Volcanopart1Mtl

f 5857/5857/5857 5858/5858/5858 5859/5859/5859 
f 5859/5859/5859 5858/5858/5858 5860/5860/5860 
f 5861/5861/5861 5862/5862/5862 5863/5863/5863 
f 5863/5863/5863 5862/5862/5862 5864/5864/5864 
f 5865/5865/5865 5866/5866/5866 5867/5867/5867 
f 5867/5867/5867 5866/5866/5866 5868/5868/5868 
f 5869/5869/5869 5870/5870/5870 5871/5871/5871 
f 5871/5871/5871 5870/5870/5870 5872/5872/5872 
f 5873/5873/5873 5874/5874/5874 5875/5875/5875 
f 5875/5875/5875 5874/5874/5874 5876/5876/5876 
f 5877/5877/5877 5878/5878/5878 5879/5879/5879 
f 5879/5879/5879 5878/5878/5878 5880/5880/5880 

g Volcanopart193

v 77.7168 10.7604 54.0147 
v 110.992 10.5962 124.727 
v 77.7508 6.19252 53.988 
v 111.026 6.02832 124.7 
v 53.3912 10.0082 151.831 
v 110.992 10.5962 124.727 
v 20.1159 10.1724 81.1189 
v 77.7168 10.7604 54.0147 
v 110.992 10.5962 124.727 
v 53.3912 10.0082 151.831 
v 111.026 6.02832 124.7 
v 53.4253 5.44035 151.804 
v 53.3912 10.0082 151.831 
v 20.1159 10.1724 81.1189 
v 53.4253 5.44035 151.804 
v 20.15 5.60455 81.0923 
v 20.15 5.60455 81.0923 
v 77.7508 6.19252 53.988 
v 53.4253 5.44035 151.804 
v 111.026 6.02832 124.7 
v 20.1159 10.1724 81.1189 
v 77.7168 10.7604 54.0147 
v 20.15 5.60455 81.0923 
v 77.7508 6.19252 53.988 

vn 0.905512 0.00787402 -0.425197 
vn 0.905512 0.00787402 -0.425197 
vn 0.905512 0.00787402 -0.425197 
vn 0.905512 0.00787402 -0.425197 
vn -0.00787402 1 0.00787402 
vn -0.00787402 1 0.00787402 
vn -0.00787402 1 0.00787402 
vn -0.00787402 1 0.00787402 
vn 0.425197 0 0.905512 
vn 0.425197 0 0.905512 
vn 0.425197 0 0.905512 
vn 0.425197 0 0.905512 
vn -0.905512 -0.00787402 0.425197 
vn -0.905512 -0.00787402 0.425197 
vn -0.905512 -0.00787402 0.425197 
vn -0.905512 -0.00787402 0.425197 
vn 0.00787402 -1 -0.00787402 
vn 0.00787402 -1 -0.00787402 
vn 0.00787402 -1 -0.00787402 
vn 0.00787402 -1 -0.00787402 
vn -0.425197 0 -0.905512 
vn -0.425197 0 -0.905512 
vn -0.425197 0 -0.905512 
vn -0.425197 0 -0.905512 

vt 12.4942 0.0664239 
vt 2.72542 0.0664239 
vt 12.4942 -0.504584 
vt 2.72542 -0.504584 
vt 10.6832 0.0664239 
vt 2.72542 0.0664239 
vt 10.6832 -9.70234 
vt 2.72542 -9.70234 
vt 10.6832 0.0664239 
vt 2.72542 0.0664239 
vt 10.6832 -0.504584 
vt 2.72542 -0.504584 
vt 12.4942 0.0664239 
vt 2.72542 0.0664239 
vt 12.4942 -0.504584 
vt 2.72542 -0.504584 
vt 10.6832 0.0664239 
vt 2.72542 0.0664239 
vt 10.6832 -9.70234 
vt 2.72542 -9.70234 
vt 10.6832 0.0664239 
vt 2.72542 0.0664239 
vt 10.6832 -0.504584 
vt 2.72542 -0.504584 

usemtl Volcanopart1Mtl

f 5881/5881/5881 5882/5882/5882 5883/5883/5883 
f 5883/5883/5883 5882/5882/5882 5884/5884/5884 
f 5885/5885/5885 5886/5886/5886 5887/5887/5887 
f 5887/5887/5887 5886/5886/5886 5888/5888/5888 
f 5889/5889/5889 5890/5890/5890 5891/5891/5891 
f 5891/5891/5891 5890/5890/5890 5892/5892/5892 
f 5893/5893/5893 5894/5894/5894 5895/5895/5895 
f 5895/5895/5895 5894/5894/5894 5896/5896/5896 
f 5897/5897/5897 5898/5898/5898 5899/5899/5899 
f 5899/5899/5899 5898/5898/5898 5900/5900/5900 
f 5901/5901/5901 5902/5902/5902 5903/5903/5903 
f 5903/5903/5903 5902/5902/5902 5904/5904/5904 

g Volcanopart194

v 70.7682 10.1545 73.1267 
v 92.1405 10.0018 138.902 
v 70.6944 1.89485 73.1315 
v 92.0667 1.74211 138.907 
v 31.5971 10.5541 158.576 
v 92.1405 10.0018 138.902 
v 10.2248 10.7068 92.8001 
v 70.7682 10.1545 73.1267 
v 92.1405 10.0018 138.902 
v 31.5971 10.5541 158.576 
v 92.0667 1.74211 138.907 
v 31.5233 2.29437 158.581 
v 31.5971 10.5541 158.576 
v 10.2248 10.7068 92.8001 
v 31.5233 2.29437 158.581 
v 10.151 2.44711 92.8049 
v 10.151 2.44711 92.8049 
v 70.6944 1.89485 73.1315 
v 31.5233 2.29437 158.581 
v 92.0667 1.74211 138.907 
v 10.2248 10.7068 92.8001 
v 70.7682 10.1545 73.1267 
v 10.151 2.44711 92.8049 
v 70.6944 1.89485 73.1315 

vn 0.952756 -0.00787402 -0.307087 
vn 0.952756 -0.00787402 -0.307087 
vn 0.952756 -0.00787402 -0.307087 
vn 0.952756 -0.00787402 -0.307087 
vn 0.00787402 1 0 
vn 0.00787402 1 0 
vn 0.00787402 1 0 
vn 0.00787402 1 0 
vn 0.307087 0 0.952756 
vn 0.307087 0 0.952756 
vn 0.307087 0 0.952756 
vn 0.307087 0 0.952756 
vn -0.952756 0.00787402 0.307087 
vn -0.952756 0.00787402 0.307087 
vn -0.952756 0.00787402 0.307087 
vn -0.952756 0.00787402 0.307087 
vn -0.00787402 -1 0 
vn -0.00787402 -1 0 
vn -0.00787402 -1 0 
vn -0.00787402 -1 0 
vn -0.307087 0 -0.952756 
vn -0.307087 0 -0.952756 
vn -0.307087 0 -0.952756 
vn -0.307087 0 -0.952756 

vt 13.8929 -1.62679 
vt 5.24778 -1.62679 
vt 13.8929 -2.65929 
vt 5.24778 -2.65929 
vt 13.2055 -1.62679 
vt 5.24778 -1.62679 
vt 13.2055 -10.2719 
vt 5.24778 -10.2719 
vt 13.2055 -1.62679 
vt 5.24778 -1.62679 
vt 13.2055 -2.65929 
vt 5.24778 -2.65929 
vt 13.8929 -1.62679 
vt 5.24778 -1.62679 
vt 13.8929 -2.65929 
vt 5.24778 -2.65929 
vt 13.2055 -1.62679 
vt 5.24778 -1.62679 
vt 13.2055 -10.2719 
vt 5.24778 -10.2719 
vt 13.2055 -1.62679 
vt 5.24778 -1.62679 
vt 13.2055 -2.65929 
vt 5.24778 -2.65929 

usemtl Volcanopart1Mtl

f 5905/5905/5905 5906/5906/5906 5907/5907/5907 
f 5907/5907/5907 5906/5906/5906 5908/5908/5908 
f 5909/5909/5909 5910/5910/5910 5911/5911/5911 
f 5911/5911/5911 5910/5910/5910 5912/5912/5912 
f 5913/5913/5913 5914/5914/5914 5915/5915/5915 
f 5915/5915/5915 5914/5914/5914 5916/5916/5916 
f 5917/5917/5917 5918/5918/5918 5919/5919/5919 
f 5919/5919/5919 5918/5918/5918 5920/5920/5920 
f 5921/5921/5921 5922/5922/5922 5923/5923/5923 
f 5923/5923/5923 5922/5922/5922 5924/5924/5924 
f 5925/5925/5925 5926/5926/5926 5927/5927/5927 
f 5927/5927/5927 5926/5926/5926 5928/5928/5928 

g Volcanopart195

v 59.8137 10.1586 90.3937 
v 71.2715 10.0191 150.456 
v 59.7696 4.54335 90.3891 
v 71.2273 4.40388 150.452 
v 8.73916 10.5013 162.386 
v 71.2715 10.0191 150.456 
v -2.71857 10.6408 102.324 
v 59.8137 10.1586 90.3937 
v 71.2715 10.0191 150.456 
v 8.73916 10.5013 162.386 
v 71.2273 4.40388 150.452 
v 8.69498 4.88602 162.382 
v 8.73916 10.5013 162.386 
v -2.71857 10.6408 102.324 
v 8.69498 4.88602 162.382 
v -2.76275 5.02549 102.319 
v -2.76275 5.02549 102.319 
v 59.7696 4.54335 90.3891 
v 8.69498 4.88602 162.382 
v 71.2273 4.40388 150.452 
v -2.71857 10.6408 102.324 
v 59.8137 10.1586 90.3937 
v -2.76275 5.02549 102.319 
v 59.7696 4.54335 90.3891 

vn 0.984252 -0.00787402 -0.188976 
vn 0.984252 -0.00787402 -0.188976 
vn 0.984252 -0.00787402 -0.188976 
vn 0.984252 -0.00787402 -0.188976 
vn 0.00787402 1 0 
vn 0.00787402 1 0 
vn 0.00787402 1 0 
vn 0.00787402 1 0 
vn 0.188976 0 0.984252 
vn 0.188976 0 0.984252 
vn 0.188976 0 0.984252 
vn 0.188976 0 0.984252 
vn -0.984252 0.00787402 0.188976 
vn -0.984252 0.00787402 0.188976 
vn -0.984252 0.00787402 0.188976 
vn -0.984252 0.00787402 0.188976 
vn -0.00787402 -1 0 
vn -0.00787402 -1 0 
vn -0.00787402 -1 0 
vn -0.00787402 -1 0 
vn -0.188976 0 -0.984252 
vn -0.188976 0 -0.984252 
vn -0.188976 0 -0.984252 
vn -0.188976 0 -0.984252 

vt 8.24845 8.35995 
vt 0.605197 8.35995 
vt 8.24845 7.65803 
vt 0.605197 7.65803 
vt 8.56294 8.35995 
vt 0.605197 8.35995 
vt 8.56294 0.716706 
vt 0.605197 0.716706 
vt 8.56294 8.35995 
vt 0.605197 8.35995 
vt 8.56294 7.65803 
vt 0.605197 7.65803 
vt 8.24845 8.35995 
vt 0.605197 8.35995 
vt 8.24845 7.65803 
vt 0.605197 7.65803 
vt 8.56294 8.35995 
vt 0.605197 8.35995 
vt 8.56294 0.716706 
vt 0.605197 0.716706 
vt 8.56294 8.35995 
vt 0.605197 8.35995 
vt 8.56294 7.65803 
vt 0.605197 7.65803 

usemtl Volcanopart1Mtl

f 5929/5929/5929 5930/5930/5930 5931/5931/5931 
f 5931/5931/5931 5930/5930/5930 5932/5932/5932 
f 5933/5933/5933 5934/5934/5934 5935/5935/5935 
f 5935/5935/5935 5934/5934/5934 5936/5936/5936 
f 5937/5937/5937 5938/5938/5938 5939/5939/5939 
f 5939/5939/5939 5938/5938/5938 5940/5940/5940 
f 5941/5941/5941 5942/5942/5942 5943/5943/5943 
f 5943/5943/5943 5942/5942/5942 5944/5944/5944 
f 5945/5945/5945 5946/5946/5946 5947/5947/5947 
f 5947/5947/5947 5946/5946/5946 5948/5948/5948 
f 5949/5949/5949 5950/5950/5950 5951/5951/5951 
f 5951/5951/5951 5950/5950/5950 5952/5952/5952 

g Volcanopart196

v 43.8195 10.4372 79.1552 
v 48.5221 10.2636 153.903 
v 43.8191 5.64556 79.1441 
v 48.5217 5.47199 153.892 
v -15.0143 10.2588 157.901 
v 48.5221 10.2636 153.903 
v -19.7169 10.4324 83.1524 
v 43.8195 10.4372 79.1552 
v 48.5221 10.2636 153.903 
v -15.0143 10.2588 157.901 
v 48.5217 5.47199 153.892 
v -15.0146 5.46717 157.889 
v -15.0143 10.2588 157.901 
v -19.7169 10.4324 83.1524 
v -15.0146 5.46717 157.889 
v -19.7172 5.64075 83.1413 
v -19.7172 5.64075 83.1413 
v 43.8191 5.64556 79.1441 
v -15.0146 5.46717 157.889 
v 48.5217 5.47199 153.892 
v -19.7169 10.4324 83.1524 
v 43.8195 10.4372 79.1552 
v -19.7172 5.64075 83.1413 
v 43.8191 5.64556 79.1441 

vn 1 0 -0.0629921 
vn 1 0 -0.0629921 
vn 1 0 -0.0629921 
vn 1 0 -0.0629921 
vn 0 1 0 
vn 0 1 0 
vn 0 1 0 
vn 0 1 0 
vn 0.0629921 0 1 
vn 0.0629921 0 1 
vn 0.0629921 0 1 
vn 0.0629921 0 1 
vn -1 0 0.0629921 
vn -1 0 0.0629921 
vn -1 0 0.0629921 
vn -1 0 0.0629921 
vn 0 -1 0 
vn 0 -1 0 
vn 0 -1 0 
vn 0 -1 0 
vn -0.0629921 0 -1 
vn -0.0629921 0 -1 
vn -0.0629921 0 -1 
vn -0.0629921 0 -1 

vt 6.48373 -7.41719 
vt -2.87828 -7.41719 
vt 6.48373 -8.01614 
vt -2.87828 -8.01614 
vt 5.07946 -7.41719 
vt -2.87828 -7.41719 
vt 5.07946 -16.7792 
vt -2.87828 -16.7792 
vt 5.07946 -7.41719 
vt -2.87828 -7.41719 
vt 5.07946 -8.01614 
vt -2.87828 -8.01614 
vt 6.48373 -7.41719 
vt -2.87828 -7.41719 
vt 6.48373 -8.01614 
vt -2.87828 -8.01614 
vt 5.07946 -7.41719 
vt -2.87828 -7.41719 
vt 5.07946 -16.7792 
vt -2.87828 -16.7792 
vt 5.07946 -7.41719 
vt -2.87828 -7.41719 
vt 5.07946 -8.01614 
vt -2.87828 -8.01614 

usemtl Volcanopart1Mtl

f 5953/5953/5953 5954/5954/5954 5955/5955/5955 
f 5955/5955/5955 5954/5954/5954 5956/5956/5956 
f 5957/5957/5957 5958/5958/5958 5959/5959/5959 
f 5959/5959/5959 5958/5958/5958 5960/5960/5960 
f 5961/5961/5961 5962/5962/5962 5963/5963/5963 
f 5963/5963/5963 5962/5962/5962 5964/5964/5964 
f 5965/5965/5965 5966/5966/5966 5967/5967/5967 
f 5967/5967/5967 5966/5966/5966 5968/5968/5968 
f 5969/5969/5969 5970/5970/5970 5971/5971/5971 
f 5971/5971/5971 5970/5970/5970 5972/5972/5972 
f 5973/5973/5973 5974/5974/5974 5975/5975/5975 
f 5975/5975/5975 5974/5974/5974 5976/5976/5976 

g Volcanopart197

v 29.2369 10.6685 102.251 
v 25.495 10.5304 161.72 
v 29.2775 6.0888 102.242 
v 25.5356 5.9507 161.712 
v -38.0388 9.9741 157.721 
v 25.495 10.5304 161.72 
v -34.2969 10.1122 98.2517 
v 29.2369 10.6685 102.251 
v 25.495 10.5304 161.72 
v -38.0388 9.9741 157.721 
v 25.5356 5.9507 161.712 
v -37.9982 5.39437 157.713 
v -38.0388 9.9741 157.721 
v -34.2969 10.1122 98.2517 
v -37.9982 5.39437 157.713 
v -34.2563 5.53247 98.2436 
v -34.2563 5.53247 98.2436 
v 29.2775 6.0888 102.242 
v -37.9982 5.39437 157.713 
v 25.5356 5.9507 161.712 
v -34.2969 10.1122 98.2517 
v 29.2369 10.6685 102.251 
v -34.2563 5.53247 98.2436 
v 29.2775 6.0888 102.242 

vn 1 0.00787402 0.0629921 
vn 1 0.00787402 0.0629921 
vn 1 0.00787402 0.0629921 
vn 1 0.00787402 0.0629921 
vn -0.00787402 1 0 
vn -0.00787402 1 0 
vn -0.00787402 1 0 
vn -0.00787402 1 0 
vn -0.0629921 0 1 
vn -0.0629921 0 1 
vn -0.0629921 0 1 
vn -0.0629921 0 1 
vn -1 -0.00787402 -0.0629921 
vn -1 -0.00787402 -0.0629921 
vn -1 -0.00787402 -0.0629921 
vn -1 -0.00787402 -0.0629921 
vn 0.00787402 -1 0 
vn 0.00787402 -1 0 
vn 0.00787402 -1 0 
vn 0.00787402 -1 0 
vn 0.0629921 0 -1 
vn 0.0629921 0 -1 
vn 0.0629921 0 -1 
vn 0.0629921 0 -1 

vt 12.2032 -3.75478 
vt 4.75478 -3.75478 
vt 12.2032 -4.32727 
vt 4.75478 -4.32727 
vt 12.7125 -3.75478 
vt 4.75478 -3.75478 
vt 12.7125 -11.2032 
vt 4.75478 -11.2032 
vt 12.7125 -3.75478 
vt 4.75478 -3.75478 
vt 12.7125 -4.32727 
vt 4.75478 -4.32727 
vt 12.2032 -3.75478 
vt 4.75478 -3.75478 
vt 12.2032 -4.32727 
vt 4.75478 -4.32727 
vt 12.7125 -3.75478 
vt 4.75478 -3.75478 
vt 12.7125 -11.2032 
vt 4.75478 -11.2032 
vt 12.7125 -3.75478 
vt 4.75478 -3.75478 
vt 12.7125 -4.32727 
vt 4.75478 -4.32727 

usemtl Volcanopart1Mtl

f 5977/5977/5977 5978/5978/5978 5979/5979/5979 
f 5979/5979/5979 5978/5978/5978 5980/5980/5980 
f 5981/5981/5981 5982/5982/5982 5983/5983/5983 
f 5983/5983/5983 5982/5982/5982 5984/5984/5984 
f 5985/5985/5985 5986/5986/5986 5987/5987/5987 
f 5987/5987/5987 5986/5986/5986 5988/5988/5988 
f 5989/5989/5989 5990/5990/5990 5991/5991/5991 
f 5991/5991/5991 5990/5990/5990 5992/5992/5992 
f 5993/5993/5993 5994/5994/5994 5995/5995/5995 
f 5995/5995/5995 5994/5994/5994 5996/5996/5996 
f 5997/5997/5997 5998/5998/5998 5999/5999/5999 
f 5999/5999/5999 5998/5998/5998 6000/6000/6000 

g Volcanopart198

v 14.2339 10.6245 98.2553 
v 2.1549 10.4774 161.572 
v 14.2856 3.34083 98.2482 
v 2.20656 3.1938 161.565 
v -60.3777 10.0455 149.642 
v 2.1549 10.4774 161.572 
v -48.2987 10.1925 86.3249 
v 14.2339 10.6245 98.2553 
v 2.1549 10.4774 161.572 
v -60.3777 10.0455 149.642 
v 2.20656 3.1938 161.565 
v -60.326 2.76183 149.635 
v -60.3777 10.0455 149.642 
v -48.2987 10.1925 86.3249 
v -60.326 2.76183 149.635 
v -48.247 2.90887 86.3178 
v -48.247 2.90887 86.3178 
v 14.2856 3.34083 98.2482 
v -60.326 2.76183 149.635 
v 2.20656 3.1938 161.565 
v -48.2987 10.1925 86.3249 
v 14.2339 10.6245 98.2553 
v -48.247 2.90887 86.3178 
v 14.2856 3.34083 98.2482 

vn 0.984252 0.00787402 0.188976 
vn 0.984252 0.00787402 0.188976 
vn 0.984252 0.00787402 0.188976 
vn 0.984252 0.00787402 0.188976 
vn -0.00787402 1 0 
vn -0.00787402 1 0 
vn -0.00787402 1 0 
vn -0.00787402 1 0 
vn -0.188976 0 0.984252 
vn -0.188976 0 0.984252 
vn -0.188976 0 0.984252 
vn -0.188976 0 0.984252 
vn -0.984252 -0.00787402 -0.188976 
vn -0.984252 -0.00787402 -0.188976 
vn -0.984252 -0.00787402 -0.188976 
vn -0.984252 -0.00787402 -0.188976 
vn 0.00787402 -1 0 
vn 0.00787402 -1 0 
vn 0.00787402 -1 0 
vn 0.00787402 -1 0 
vn 0.188976 0 -0.984252 
vn 0.188976 0 -0.984252 
vn 0.188976 0 -0.984252 
vn 0.188976 0 -0.984252 

vt 11.3102 3.24223 
vt 3.25288 3.24223 
vt 11.3102 2.33176 
vt 3.25288 2.33176 
vt 11.2106 3.24223 
vt 3.25288 3.24223 
vt 11.2106 -4.81512 
vt 3.25288 -4.81512 
vt 11.2106 3.24223 
vt 3.25288 3.24223 
vt 11.2106 2.33176 
vt 3.25288 2.33176 
vt 11.3102 3.24223 
vt 3.25288 3.24223 
vt 11.3102 2.33176 
vt 3.25288 2.33176 
vt 11.2106 3.24223 
vt 3.25288 3.24223 
vt 11.2106 -4.81512 
vt 3.25288 -4.81512 
vt 11.2106 3.24223 
vt 3.25288 3.24223 
vt 11.2106 2.33176 
vt 3.25288 2.33176 

usemtl Volcanopart1Mtl

f 6001/6001/6001 6002/6002/6002 6003/6003/6003 
f 6003/6003/6003 6002/6002/6002 6004/6004/6004 
f 6005/6005/6005 6006/6006/6006 6007/6007/6007 
f 6007/6007/6007 6006/6006/6006 6008/6008/6008 
f 6009/6009/6009 6010/6010/6010 6011/6011/6011 
f 6011/6011/6011 6010/6010/6010 6012/6012/6012 
f 6013/6013/6013 6014/6014/6014 6015/6015/6015 
f 6015/6015/6015 6014/6014/6014 6016/6016/6016 
f 6017/6017/6017 6018/6018/6018 6019/6019/6019 
f 6019/6019/6019 6018/6018/6018 6020/6020/6020 
f 6021/6021/6021 6022/6022/6022 6023/6023/6023 
f 6023/6023/6023 6022/6022/6022 6024/6024/6024 

g Volcanopart199

v 2.28229 10.2505 87.5524 
v -20.4588 10.088 157.539 
v 2.25013 3.86355 87.5271 
v -20.491 3.70102 157.514 
v -81.0039 10.4708 137.867 
v -20.4588 10.088 157.539 
v -58.2627 10.6333 67.8801 
v 2.28229 10.2505 87.5524 
v -20.4588 10.088 157.539 
v -81.0039 10.4708 137.867 
v -20.491 3.70102 157.514 
v -81.036 4.08379 137.841 
v -81.0039 10.4708 137.867 
v -58.2627 10.6333 67.8801 
v -81.036 4.08379 137.841 
v -58.2949 4.24632 67.8548 
v -58.2949 4.24632 67.8548 
v 2.25013 3.86355 87.5271 
v -81.036 4.08379 137.841 
v -20.491 3.70102 157.514 
v -58.2627 10.6333 67.8801 
v 2.28229 10.2505 87.5524 
v -58.2949 4.24632 67.8548 
v 2.25013 3.86355 87.5271 

vn 0.952756 -0.00787402 0.307087 
vn 0.952756 -0.00787402 0.307087 
vn 0.952756 -0.00787402 0.307087 
vn 0.952756 -0.00787402 0.307087 
vn 0.00787402 1 0.00787402 
vn 0.00787402 1 0.00787402 
vn 0.00787402 1 0.00787402 
vn 0.00787402 1 0.00787402 
vn -0.307087 0 0.952756 
vn -0.307087 0 0.952756 
vn -0.307087 0 0.952756 
vn -0.307087 0 0.952756 
vn -0.952756 0.00787402 -0.307087 
vn -0.952756 0.00787402 -0.307087 
vn -0.952756 0.00787402 -0.307087 
vn -0.952756 0.00787402 -0.307087 
vn -0.00787402 -1 -0.00787402 
vn -0.00787402 -1 -0.00787402 
vn -0.00787402 -1 -0.00787402 
vn -0.00787402 -1 -0.00787402 
vn 0.307087 0 -0.952756 
vn 0.307087 0 -0.952756 
vn 0.307087 0 -0.952756 
vn 0.307087 0 -0.952756 

vt 15.1895 -4.25165 
vt 5.9909 -4.25165 
vt 15.1895 -5.05004 
vt 5.9909 -5.05004 
vt 13.9486 -4.25165 
vt 5.9909 -4.25165 
vt 13.9486 -13.4502 
vt 5.9909 -13.4502 
vt 13.9486 -4.25165 
vt 5.9909 -4.25165 
vt 13.9486 -5.05004 
vt 5.9909 -5.05004 
vt 15.1895 -4.25165 
vt 5.9909 -4.25165 
vt 15.1895 -5.05004 
vt 5.9909 -5.05004 
vt 13.9486 -4.25165 
vt 5.9909 -4.25165 
vt 13.9486 -13.4502 
vt 5.9909 -13.4502 
vt 13.9486 -4.25165 
vt 5.9909 -4.25165 
vt 13.9486 -5.05004 
vt 5.9909 -5.05004 

usemtl Volcanopart1Mtl

f 6025/6025/6025 6026/6026/6026 6027/6027/6027 
f 6027/6027/6027 6026/6026/6026 6028/6028/6028 
f 6029/6029/6029 6030/6030/6030 6031/6031/6031 
f 6031/6031/6031 6030/6030/6030 6032/6032/6032 
f 6033/6033/6033 6034/6034/6034 6035/6035/6035 
f 6035/6035/6035 6034/6034/6034 6036/6036/6036 
f 6037/6037/6037 6038/6038/6038 6039/6039/6039 
f 6039/6039/6039 6038/6038/6038 6040/6040/6040 
f 6041/6041/6041 6042/6042/6042 6043/6043/6043 
f 6043/6043/6043 6042/6042/6042 6044/6044/6044 
f 6045/6045/6045 6046/6046/6046 6047/6047/6047 
f 6047/6047/6047 6046/6046/6046 6048/6048/6048 

g Volcanopart200

v -13.8969 10.182 90.7291 
v -43.5547 10.0357 153.752 
v -13.928 5.4133 90.7034 
v -43.5858 5.26694 153.727 
v -101.156 10.5572 126.647 
v -43.5547 10.0357 153.752 
v -71.4981 10.7036 63.6241 
v -13.8969 10.182 90.7291 
v -43.5547 10.0357 153.752 
v -101.156 10.5572 126.647 
v -43.5858 5.26694 153.727 
v -101.187 5.78851 126.621 
v -101.156 10.5572 126.647 
v -71.4981 10.7036 63.6241 
v -101.187 5.78851 126.621 
v -71.5292 5.93486 63.5984 
v -71.5292 5.93486 63.5984 
v -13.928 5.4133 90.7034 
v -101.187 5.78851 126.621 
v -43.5858 5.26694 153.727 
v -71.4981 10.7036 63.6241 
v -13.8969 10.182 90.7291 
v -71.5292 5.93486 63.5984 
v -13.928 5.4133 90.7034 

vn 0.905512 -0.00787402 0.425197 
vn 0.905512 -0.00787402 0.425197 
vn 0.905512 -0.00787402 0.425197 
vn 0.905512 -0.00787402 0.425197 
vn 0.00787402 1 0.00787402 
vn 0.00787402 1 0.00787402 
vn 0.00787402 1 0.00787402 
vn 0.00787402 1 0.00787402 
vn -0.425197 0 0.905512 
vn -0.425197 0 0.905512 
vn -0.425197 0 0.905512 
vn -0.425197 0 0.905512 
vn -0.905512 0.00787402 -0.425197 
vn -0.905512 0.00787402 -0.425197 
vn -0.905512 0.00787402 -0.425197 
vn -0.905512 0.00787402 -0.425197 
vn -0.00787402 -1 -0.00787402 
vn -0.00787402 -1 -0.00787402 
vn -0.00787402 -1 -0.00787402 
vn -0.00787402 -1 -0.00787402 
vn 0.425197 0 -0.905512 
vn 0.425197 0 -0.905512 
vn 0.425197 0 -0.905512 
vn 0.425197 0 -0.905512 

vt 4.05444 -4.04858 
vt -4.65216 -4.04858 
vt 4.05444 -4.64469 
vt -4.65216 -4.64469 
vt 3.30559 -4.04858 
vt -4.65216 -4.04858 
vt 3.30559 -12.7552 
vt -4.65216 -12.7552 
vt 3.30559 -4.04858 
vt -4.65216 -4.04858 
vt 3.30559 -4.64469 
vt -4.65216 -4.64469 
vt 4.05444 -4.04858 
vt -4.65216 -4.04858 
vt 4.05444 -4.64469 
vt -4.65216 -4.64469 
vt 3.30559 -4.04858 
vt -4.65216 -4.04858 
vt 3.30559 -12.7552 
vt -4.65216 -12.7552 
vt 3.30559 -4.04858 
vt -4.65216 -4.04858 
vt 3.30559 -4.64469 
vt -4.65216 -4.64469 

usemtl Volcanopart1Mtl

f 6049/6049/6049 6050/6050/6050 6051/6051/6051 
f 6051/6051/6051 6050/6050/6050 6052/6052/6052 
f 6053/6053/6053 6054/6054/6054 6055/6055/6055 
f 6055/6055/6055 6054/6054/6054 6056/6056/6056 
f 6057/6057/6057 6058/6058/6058 6059/6059/6059 
f 6059/6059/6059 6058/6058/6058 6060/6060/6060 
f 6061/6061/6061 6062/6062/6062 6063/6063/6063 
f 6063/6063/6063 6062/6062/6062 6064/6064/6064 
f 6065/6065/6065 6066/6066/6066 6067/6067/6067 
f 6067/6067/6067 6066/6066/6066 6068/6068/6068 
f 6069/6069/6069 6070/6070/6070 6071/6071/6071 
f 6071/6071/6071 6070/6070/6070 6072/6072/6072 

g Volcanopart201

v -10.6991 31.4609 49.9655 
v -52.0006 10.6567 114.996 
v -10.2185 27.2764 48.9321 
v -51.5199 6.47232 113.963 
v -97.0111 12.4078 86.9702 
v -52.0006 10.6567 114.996 
v -55.7096 33.2119 21.9393 
v -10.6991 31.4609 49.9655 
v -52.0006 10.6567 114.996 
v -97.0111 12.4078 86.9702 
v -51.5199 6.47232 113.963 
v -96.5304 8.22339 85.9368 
v -97.0111 12.4078 86.9702 
v -55.7096 33.2119 21.9393 
v -96.5304 8.22339 85.9368 
v -55.229 29.0275 20.9059 
v -55.229 29.0275 20.9059 
v -10.2185 27.2764 48.9321 
v -96.5304 8.22339 85.9368 
v -51.5199 6.47232 113.963 
v -55.7096 33.2119 21.9393 
v -10.6991 31.4609 49.9655 
v -55.229 29.0275 20.9059 
v -10.2185 27.2764 48.9321 

vn 0.850394 -0.0314961 0.527559 
vn 0.850394 -0.0314961 0.527559 
vn 0.850394 -0.0314961 0.527559 
vn 0.850394 -0.0314961 0.527559 
vn -0.110236 0.968504 0.23622 
vn -0.110236 0.968504 0.23622 
vn -0.110236 0.968504 0.23622 
vn -0.110236 0.968504 0.23622 
vn -0.519685 -0.259843 0.811024 
vn -0.519685 -0.259843 0.811024 
vn -0.519685 -0.259843 0.811024 
vn -0.519685 -0.259843 0.811024 
vn -0.850394 0.0314961 -0.527559 
vn -0.850394 0.0314961 -0.527559 
vn -0.850394 0.0314961 -0.527559 
vn -0.850394 0.0314961 -0.527559 
vn 0.110236 -0.968504 -0.23622 
vn 0.110236 -0.968504 -0.23622 
vn 0.110236 -0.968504 -0.23622 
vn 0.110236 -0.968504 -0.23622 
vn 0.519685 0.259843 -0.811024 
vn 0.519685 0.259843 -0.811024 
vn 0.519685 0.259843 -0.811024 
vn 0.519685 0.259843 -0.811024 

vt 7.83191 -4.10282 
vt -2.14278 -4.10282 
vt 7.83191 -4.64493 
vt -2.14278 -4.64493 
vt 4.48868 -4.10282 
vt -2.14278 -4.10282 
vt 4.48868 -14.0775 
vt -2.14278 -14.0775 
vt 4.48868 -4.10282 
vt -2.14278 -4.10282 
vt 4.48868 -4.64493 
vt -2.14278 -4.64493 
vt 7.83191 -4.10282 
vt -2.14278 -4.10282 
vt 7.83191 -4.64493 
vt -2.14278 -4.64493 
vt 4.48868 -4.10282 
vt -2.14278 -4.10282 
vt 4.48868 -14.0775 
vt -2.14278 -14.0775 
vt 4.48868 -4.10282 
vt -2.14278 -4.10282 
vt 4.48868 -4.64493 
vt -2.14278 -4.64493 

usemtl Volcanopart1Mtl

f 6073/6073/6073 6074/6074/6074 6075/6075/6075 
f 6075/6075/6075 6074/6074/6074 6076/6076/6076 
f 6077/6077/6077 6078/6078/6078 6079/6079/6079 
f 6079/6079/6079 6078/6078/6078 6080/6080/6080 
f 6081/6081/6081 6082/6082/6082 6083/6083/6083 
f 6083/6083/6083 6082/6082/6082 6084/6084/6084 
f 6085/6085/6085 6086/6086/6086 6087/6087/6087 
f 6087/6087/6087 6086/6086/6086 6088/6088/6088 
f 6089/6089/6089 6090/6090/6090 6091/6091/6091 
f 6091/6091/6091 6090/6090/6090 6092/6092/6092 
f 6093/6093/6093 6094/6094/6094 6095/6095/6095 
f 6095/6095/6095 6094/6094/6094 6096/6096/6096 

g Volcanopart202

v -30.0725 29.6805 55.4939 
v -72.7905 12.26 103.907 
v -29.1017 23.2122 54.0231 
v -71.8196 5.79169 102.436 
v -112.878 14.1335 69.2085 
v -72.7905 12.26 103.907 
v -70.1601 31.554 20.7959 
v -30.0725 29.6805 55.4939 
v -72.7905 12.26 103.907 
v -112.878 14.1335 69.2085 
v -71.8196 5.79169 102.436 
v -111.907 7.66516 67.7376 
v -112.878 14.1335 69.2085 
v -70.1601 31.554 20.7959 
v -111.907 7.66516 67.7376 
v -69.1893 25.0857 19.325 
v -69.1893 25.0857 19.325 
v -29.1017 23.2122 54.0231 
v -111.907 7.66516 67.7376 
v -71.8196 5.79169 102.436 
v -70.1601 31.554 20.7959 
v -30.0725 29.6805 55.4939 
v -69.1893 25.0857 19.325 
v -29.1017 23.2122 54.0231 

vn 0.755906 -0.0314961 0.653543 
vn 0.755906 -0.0314961 0.653543 
vn 0.755906 -0.0314961 0.653543 
vn 0.755906 -0.0314961 0.653543 
vn -0.141732 0.968504 0.220472 
vn -0.141732 0.968504 0.220472 
vn -0.141732 0.968504 0.220472 
vn -0.141732 0.968504 0.220472 
vn -0.637795 -0.259843 0.724409 
vn -0.637795 -0.259843 0.724409 
vn -0.637795 -0.259843 0.724409 
vn -0.637795 -0.259843 0.724409 
vn -0.755906 0.0314961 -0.653543 
vn -0.755906 0.0314961 -0.653543 
vn -0.755906 0.0314961 -0.653543 
vn -0.755906 0.0314961 -0.653543 
vn 0.141732 -0.968504 -0.220472 
vn 0.141732 -0.968504 -0.220472 
vn 0.141732 -0.968504 -0.220472 
vn 0.141732 -0.968504 -0.220472 
vn 0.637795 0.259843 -0.724409 
vn 0.637795 0.259843 -0.724409 
vn 0.637795 0.259843 -0.724409 
vn 0.637795 0.259843 -0.724409 

vt 8.77842 1.71281 
vt 0.419223 1.71281 
vt 8.77842 0.874794 
vt 0.419223 0.874794 
vt 7.05068 1.71281 
vt 0.419223 1.71281 
vt 7.05068 -6.64638 
vt 0.419223 -6.64638 
vt 7.05068 1.71281 
vt 0.419223 1.71281 
vt 7.05068 0.874794 
vt 0.419223 0.874794 
vt 8.77842 1.71281 
vt 0.419223 1.71281 
vt 8.77842 0.874794 
vt 0.419223 0.874794 
vt 7.05068 1.71281 
vt 0.419223 1.71281 
vt 7.05068 -6.64638 
vt 0.419223 -6.64638 
vt 7.05068 1.71281 
vt 0.419223 1.71281 
vt 7.05068 0.874794 
vt 0.419223 0.874794 

usemtl Volcanopart1Mtl

f 6097/6097/6097 6098/6098/6098 6099/6099/6099 
f 6099/6099/6099 6098/6098/6098 6100/6100/6100 
f 6101/6101/6101 6102/6102/6102 6103/6103/6103 
f 6103/6103/6103 6102/6102/6102 6104/6104/6104 
f 6105/6105/6105 6106/6106/6106 6107/6107/6107 
f 6107/6107/6107 6106/6106/6106 6108/6108/6108 
f 6109/6109/6109 6110/6110/6110 6111/6111/6111 
f 6111/6111/6111 6110/6110/6110 6112/6112/6112 
f 6113/6113/6113 6114/6114/6114 6115/6115/6115 
f 6115/6115/6115 6114/6114/6114 6116/6116/6116 
f 6117/6117/6117 6118/6118/6118 6119/6119/6119 
f 6119/6119/6119 6118/6118/6118 6120/6120/6120 

g Volcanopart203

v -42.0256 29.8477 48.8029 
v -92.1508 12.3206 90.2286 
v -40.6178 22.2903 47.3087 
v -90.743 4.76319 88.7344 
v -126.276 13.9883 49.643 
v -92.1508 12.3206 90.2286 
v -76.1504 31.5154 8.21732 
v -42.0256 29.8477 48.8029 
v -92.1508 12.3206 90.2286 
v -126.276 13.9883 49.643 
v -90.743 4.76319 88.7344 
v -124.868 6.43089 48.1489 
v -126.276 13.9883 49.643 
v -76.1504 31.5154 8.21732 
v -124.868 6.43089 48.1489 
v -74.7427 23.958 6.72315 
v -74.7427 23.958 6.72315 
v -40.6178 22.2903 47.3087 
v -124.868 6.43089 48.1489 
v -90.743 4.76319 88.7344 
v -76.1504 31.5154 8.21732 
v -42.0256 29.8477 48.8029 
v -74.7427 23.958 6.72315 
v -40.6178 22.2903 47.3087 

vn 0.645669 -0.0314961 0.76378 
vn 0.645669 -0.0314961 0.76378 
vn 0.645669 -0.0314961 0.76378 
vn 0.645669 -0.0314961 0.76378 
vn -0.181102 0.968504 0.188976 
vn -0.181102 0.968504 0.188976 
vn -0.181102 0.968504 0.188976 
vn -0.181102 0.968504 0.188976 
vn -0.748031 -0.259843 0.614173 
vn -0.748031 -0.259843 0.614173 
vn -0.748031 -0.259843 0.614173 
vn -0.748031 -0.259843 0.614173 
vn -0.645669 0.0314961 -0.76378 
vn -0.645669 0.0314961 -0.76378 
vn -0.645669 0.0314961 -0.76378 
vn -0.645669 0.0314961 -0.76378 
vn 0.181102 -0.968504 -0.188976 
vn 0.181102 -0.968504 -0.188976 
vn 0.181102 -0.968504 -0.188976 
vn 0.181102 -0.968504 -0.188976 
vn 0.748031 0.259843 -0.614173 
vn 0.748031 0.259843 -0.614173 
vn 0.748031 0.259843 -0.614173 
vn 0.748031 0.259843 -0.614173 

vt 13.1467 3.81479 
vt 4.72815 3.81479 
vt 13.1467 2.83589 
vt 4.72815 2.83589 
vt 11.3596 3.81479 
vt 4.72815 3.81479 
vt 11.3596 -4.60378 
vt 4.72815 -4.60378 
vt 11.3596 3.81479 
vt 4.72815 3.81479 
vt 11.3596 2.83589 
vt 4.72815 2.83589 
vt 13.1467 3.81479 
vt 4.72815 3.81479 
vt 13.1467 2.83589 
vt 4.72815 2.83589 
vt 11.3596 3.81479 
vt 4.72815 3.81479 
vt 11.3596 -4.60378 
vt 4.72815 -4.60378 
vt 11.3596 3.81479 
vt 4.72815 3.81479 
vt 11.3596 2.83589 
vt 4.72815 2.83589 

usemtl Volcanopart1Mtl

f 6121/6121/6121 6122/6122/6122 6123/6123/6123 
f 6123/6123/6123 6122/6122/6122 6124/6124/6124 
f 6125/6125/6125 6126/6126/6126 6127/6127/6127 
f 6127/6127/6127 6126/6126/6126 6128/6128/6128 
f 6129/6129/6129 6130/6130/6130 6131/6131/6131 
f 6131/6131/6131 6130/6130/6130 6132/6132/6132 
f 6133/6133/6133 6134/6134/6134 6135/6135/6135 
f 6135/6135/6135 6134/6134/6134 6136/6136/6136 
f 6137/6137/6137 6138/6138/6138 6139/6139/6139 
f 6139/6139/6139 6138/6138/6138 6140/6140/6140 
f 6141/6141/6141 6142/6142/6142 6143/6143/6143 
f 6143/6143/6143 6142/6142/6142 6144/6144/6144 

g Volcanopart204

v -64.791 28.7793 47.3265 
v -108.033 15.2591 72.8678 
v -63.6945 24.058 46.6837 
v -106.936 10.5377 72.225 
v -135.003 15.215 27.1832 
v -108.033 15.2591 72.8678 
v -91.7614 28.7352 1.64195 
v -64.791 28.7793 47.3265 
v -108.033 15.2591 72.8678 
v -135.003 15.215 27.1832 
v -106.936 10.5377 72.225 
v -133.907 10.4936 26.5404 
v -135.003 15.215 27.1832 
v -91.7614 28.7352 1.64195 
v -133.907 10.4936 26.5404 
v -90.6649 24.0138 0.999153 
v -90.6649 24.0138 0.999153 
v -63.6945 24.058 46.6837 
v -133.907 10.4936 26.5404 
v -106.936 10.5377 72.225 
v -91.7614 28.7352 1.64195 
v -64.791 28.7793 47.3265 
v -90.6649 24.0138 0.999153 
v -63.6945 24.058 46.6837 

vn 0.511811 0 0.858268 
vn 0.511811 0 0.858268 
vn 0.511811 0 0.858268 
vn 0.511811 0 0.858268 
vn -0.220472 0.968504 0.133858 
vn -0.220472 0.968504 0.133858 
vn -0.220472 0.968504 0.133858 
vn -0.220472 0.968504 0.133858 
vn -0.834646 -0.259843 0.488189 
vn -0.834646 -0.259843 0.488189 
vn -0.834646 -0.259843 0.488189 
vn -0.834646 -0.259843 0.488189 
vn -0.511811 0 -0.858268 
vn -0.511811 0 -0.858268 
vn -0.511811 0 -0.858268 
vn -0.511811 0 -0.858268 
vn 0.220472 -0.968504 -0.133858 
vn 0.220472 -0.968504 -0.133858 
vn 0.220472 -0.968504 -0.133858 
vn 0.220472 -0.968504 -0.133858 
vn 0.834646 0.259843 -0.488189 
vn 0.834646 0.259843 -0.488189 
vn 0.834646 0.259843 -0.488189 
vn 0.834646 0.259843 -0.488189 

vt 7.20244 0.489801 
vt 0.701238 0.489801 
vt 7.20244 -0.121382 
vt 0.701238 -0.121382 
vt 7.33269 0.489801 
vt 0.701238 0.489801 
vt 7.33269 -6.0114 
vt 0.701238 -6.0114 
vt 7.33269 0.489801 
vt 0.701238 0.489801 
vt 7.33269 -0.121382 
vt 0.701238 -0.121382 
vt 7.20244 0.489801 
vt 0.701238 0.489801 
vt 7.20244 -0.121382 
vt 0.701238 -0.121382 
vt 7.33269 0.489801 
vt 0.701238 0.489801 
vt 7.33269 -6.0114 
vt 0.701238 -6.0114 
vt 7.33269 0.489801 
vt 0.701238 0.489801 
vt 7.33269 -0.121382 
vt 0.701238 -0.121382 

usemtl Volcanopart1Mtl

f 6145/6145/6145 6146/6146/6146 6147/6147/6147 
f 6147/6147/6147 6146/6146/6146 6148/6148/6148 
f 6149/6149/6149 6150/6150/6150 6151/6151/6151 
f 6151/6151/6151 6150/6150/6150 6152/6152/6152 
f 6153/6153/6153 6154/6154/6154 6155/6155/6155 
f 6155/6155/6155 6154/6154/6154 6156/6156/6156 
f 6157/6157/6157 6158/6158/6158 6159/6159/6159 
f 6159/6159/6159 6158/6158/6158 6160/6160/6160 
f 6161/6161/6161 6162/6162/6162 6163/6163/6163 
f 6163/6163/6163 6162/6162/6162 6164/6164/6164 
f 6165/6165/6165 6166/6166/6166 6167/6167/6167 
f 6167/6167/6167 6166/6166/6166 6168/6168/6168 

g Volcanopart205

v -55.4818 32.1481 27.6135 
v -123.552 12.4691 54.5182 
v -54.1524 26.9159 27.15 
v -122.222 7.23693 54.0548 
v -142.915 11.9238 5.12959 
v -123.552 12.4691 54.5182 
v -74.8452 31.6028 -21.7752 
v -55.4818 32.1481 27.6135 
v -123.552 12.4691 54.5182 
v -142.915 11.9238 5.12959 
v -122.222 7.23693 54.0548 
v -141.585 6.69164 4.66613 
v -142.915 11.9238 5.12959 
v -74.8452 31.6028 -21.7752 
v -141.585 6.69164 4.66613 
v -73.5157 26.3706 -22.2386 
v -73.5157 26.3706 -22.2386 
v -54.1524 26.9159 27.15 
v -141.585 6.69164 4.66613 
v -122.222 7.23693 54.0548 
v -74.8452 31.6028 -21.7752 
v -55.4818 32.1481 27.6135 
v -73.5157 26.3706 -22.2386 
v -54.1524 26.9159 27.15 

vn 0.362205 0.00787402 0.929134 
vn 0.362205 0.00787402 0.929134 
vn 0.362205 0.00787402 0.929134 
vn 0.362205 0.00787402 0.929134 
vn -0.244094 0.968504 0.0866142 
vn -0.244094 0.968504 0.0866142 
vn -0.244094 0.968504 0.0866142 
vn -0.244094 0.968504 0.0866142 
vn -0.897638 -0.259843 0.354331 
vn -0.897638 -0.259843 0.354331 
vn -0.897638 -0.259843 0.354331 
vn -0.897638 -0.259843 0.354331 
vn -0.362205 -0.00787402 -0.929134 
vn -0.362205 -0.00787402 -0.929134 
vn -0.362205 -0.00787402 -0.929134 
vn -0.362205 -0.00787402 -0.929134 
vn 0.244094 -0.968504 -0.0866142 
vn 0.244094 -0.968504 -0.0866142 
vn 0.244094 -0.968504 -0.0866142 
vn 0.244094 -0.968504 -0.0866142 
vn 0.897638 0.259843 -0.354331 
vn 0.897638 0.259843 -0.354331 
vn 0.897638 0.259843 -0.354331 
vn 0.897638 0.259843 -0.354331 

vt 11.974 8.49855 
vt 2.49981 8.49855 
vt 11.974 7.82126 
vt 2.49981 7.82126 
vt 9.13127 8.49855 
vt 2.49981 8.49855 
vt 9.13127 -0.975604 
vt 2.49981 -0.975604 
vt 9.13127 8.49855 
vt 2.49981 8.49855 
vt 9.13127 7.82126 
vt 2.49981 7.82126 
vt 11.974 8.49855 
vt 2.49981 8.49855 
vt 11.974 7.82126 
vt 2.49981 7.82126 
vt 9.13127 8.49855 
vt 2.49981 8.49855 
vt 9.13127 -0.975604 
vt 2.49981 -0.975604 
vt 9.13127 8.49855 
vt 2.49981 8.49855 
vt 9.13127 7.82126 
vt 2.49981 7.82126 

usemtl Volcanopart1Mtl

f 6169/6169/6169 6170/6170/6170 6171/6171/6171 
f 6171/6171/6171 6170/6170/6170 6172/6172/6172 
f 6173/6173/6173 6174/6174/6174 6175/6175/6175 
f 6175/6175/6175 6174/6174/6174 6176/6176/6176 
f 6177/6177/6177 6178/6178/6178 6179/6179/6179 
f 6179/6179/6179 6178/6178/6178 6180/6180/6180 
f 6181/6181/6181 6182/6182/6182 6183/6183/6183 
f 6183/6183/6183 6182/6182/6182 6184/6184/6184 
f 6185/6185/6185 6186/6186/6186 6187/6187/6187 
f 6187/6187/6187 6186/6186/6186 6188/6188/6188 
f 6189/6189/6189 6190/6190/6190 6191/6191/6191 
f 6191/6191/6191 6190/6190/6190 6192/6192/6192 

g Volcanopart206

v -82.7263 29.1909 21.8699 
v -132.784 15.4212 33.0273 
v -81.6225 25.0096 21.6616 
v -131.68 11.2399 32.8189 
v -144.211 14.9861 -18.7773 
v -132.784 15.4212 33.0273 
v -94.1532 28.7557 -29.9346 
v -82.7263 29.1909 21.8699 
v -132.784 15.4212 33.0273 
v -144.211 14.9861 -18.7773 
v -131.68 11.2399 32.8189 
v -143.107 10.8048 -18.9856 
v -144.211 14.9861 -18.7773 
v -94.1532 28.7557 -29.9346 
v -143.107 10.8048 -18.9856 
v -93.0495 24.5745 -30.143 
v -93.0495 24.5745 -30.143 
v -81.6225 25.0096 21.6616 
v -143.107 10.8048 -18.9856 
v -131.68 11.2399 32.8189 
v -94.1532 28.7557 -29.9346 
v -82.7263 29.1909 21.8699 
v -93.0495 24.5745 -30.143 
v -81.6225 25.0096 21.6616 

vn 0.212598 0.00787402 0.976378 
vn 0.212598 0.00787402 0.976378 
vn 0.212598 0.00787402 0.976378 
vn 0.212598 0.00787402 0.976378 
vn -0.251969 0.968504 0.0472441 
vn -0.251969 0.968504 0.0472441 
vn -0.251969 0.968504 0.0472441 
vn -0.251969 0.968504 0.0472441 
vn -0.944882 -0.259843 0.212598 
vn -0.944882 -0.259843 0.212598 
vn -0.944882 -0.259843 0.212598 
vn -0.944882 -0.259843 0.212598 
vn -0.212598 -0.00787402 -0.976378 
vn -0.212598 -0.00787402 -0.976378 
vn -0.212598 -0.00787402 -0.976378 
vn -0.212598 -0.00787402 -0.976378 
vn 0.251969 -0.968504 -0.0472441 
vn 0.251969 -0.968504 -0.0472441 
vn 0.251969 -0.968504 -0.0472441 
vn 0.251969 -0.968504 -0.0472441 
vn 0.944882 0.259843 -0.212598 
vn 0.944882 0.259843 -0.212598 
vn 0.944882 0.259843 -0.212598 
vn 0.944882 0.259843 -0.212598 

vt 13.2963 4.09799 
vt 6.65845 4.09799 
vt 13.2963 3.5568 
vt 6.65845 3.5568 
vt 13.2899 4.09799 
vt 6.65845 4.09799 
vt 13.2899 -2.53983 
vt 6.65845 -2.53983 
vt 13.2899 4.09799 
vt 6.65845 4.09799 
vt 13.2899 3.5568 
vt 6.65845 3.5568 
vt 13.2963 4.09799 
vt 6.65845 4.09799 
vt 13.2963 3.5568 
vt 6.65845 3.5568 
vt 13.2899 4.09799 
vt 6.65845 4.09799 
vt 13.2899 -2.53983 
vt 6.65845 -2.53983 
vt 13.2899 4.09799 
vt 6.65845 4.09799 
vt 13.2899 3.5568 
vt 6.65845 3.5568 

usemtl Volcanopart1Mtl

f 6193/6193/6193 6194/6194/6194 6195/6195/6195 
f 6195/6195/6195 6194/6194/6194 6196/6196/6196 
f 6197/6197/6197 6198/6198/6198 6199/6199/6199 
f 6199/6199/6199 6198/6198/6198 6200/6200/6200 
f 6201/6201/6201 6202/6202/6202 6203/6203/6203 
f 6203/6203/6203 6202/6202/6202 6204/6204/6204 
f 6205/6205/6205 6206/6206/6206 6207/6207/6207 
f 6207/6207/6207 6206/6206/6206 6208/6208/6208 
f 6209/6209/6209 6210/6210/6210 6211/6211/6211 
f 6211/6211/6211 6210/6210/6210 6212/6212/6212 
f 6213/6213/6213 6214/6214/6214 6215/6215/6215 
f 6215/6215/6215 6214/6214/6214 6216/6216/6216 

g Volcanopart207

v -89.3764 27.8498 7.64208 
v -139.903 14.2774 10.7897 
v -88.0075 22.6834 7.33727 
v -138.534 9.11094 10.4849 
v -143.76 16.3748 -42.08 
v -139.903 14.2774 10.7897 
v -93.2333 29.9472 -45.2276 
v -89.3764 27.8498 7.64208 
v -139.903 14.2774 10.7897 
v -143.76 16.3748 -42.08 
v -138.534 9.11094 10.4849 
v -142.391 11.2083 -42.3848 
v -143.76 16.3748 -42.08 
v -93.2333 29.9472 -45.2276 
v -142.391 11.2083 -42.3848 
v -91.8645 24.7807 -45.5324 
v -91.8645 24.7807 -45.5324 
v -88.0075 22.6834 7.33727 
v -142.391 11.2083 -42.3848 
v -138.534 9.11094 10.4849 
v -93.2333 29.9472 -45.2276 
v -89.3764 27.8498 7.64208 
v -91.8645 24.7807 -45.5324 
v -88.0075 22.6834 7.33727 

vn 0.0708661 -0.0393701 1 
vn 0.0708661 -0.0393701 1 
vn 0.0708661 -0.0393701 1 
vn 0.0708661 -0.0393701 1 
vn -0.251969 0.968504 0.0551181 
vn -0.251969 0.968504 0.0551181 
vn -0.251969 0.968504 0.0551181 
vn -0.251969 0.968504 0.0551181 
vn -0.96063 -0.259843 0.0629921 
vn -0.96063 -0.259843 0.0629921 
vn -0.96063 -0.259843 0.0629921 
vn -0.96063 -0.259843 0.0629921 
vn -0.0708661 0.0393701 -1 
vn -0.0708661 0.0393701 -1 
vn -0.0708661 0.0393701 -1 
vn -0.0708661 0.0393701 -1 
vn 0.251969 -0.968504 -0.0551181 
vn 0.251969 -0.968504 -0.0551181 
vn 0.251969 -0.968504 -0.0551181 
vn 0.251969 -0.968504 -0.0551181 
vn 0.96063 0.259843 -0.0629921 
vn 0.96063 0.259843 -0.0629921 
vn 0.96063 0.259843 -0.0629921 
vn 0.96063 0.259843 -0.0629921 

vt 11.1735 -4.76155 
vt 4.62201 -4.76155 
vt 11.1735 -5.43073 
vt 4.62201 -5.43073 
vt 11.2535 -4.76155 
vt 4.62201 -4.76155 
vt 11.2535 -11.3131 
vt 4.62201 -11.3131 
vt 11.2535 -4.76155 
vt 4.62201 -4.76155 
vt 11.2535 -5.43073 
vt 4.62201 -5.43073 
vt 11.1735 -4.76155 
vt 4.62201 -4.76155 
vt 11.1735 -5.43073 
vt 4.62201 -5.43073 
vt 11.2535 -4.76155 
vt 4.62201 -4.76155 
vt 11.2535 -11.3131 
vt 4.62201 -11.3131 
vt 11.2535 -4.76155 
vt 4.62201 -4.76155 
vt 11.2535 -5.43073 
vt 4.62201 -5.43073 

usemtl Volcanopart1Mtl

f 6217/6217/6217 6218/6218/6218 6219/6219/6219 
f 6219/6219/6219 6218/6218/6218 6220/6220/6220 
f 6221/6221/6221 6222/6222/6222 6223/6223/6223 
f 6223/6223/6223 6222/6222/6222 6224/6224/6224 
f 6225/6225/6225 6226/6226/6226 6227/6227/6227 
f 6227/6227/6227 6226/6226/6226 6228/6228/6228 
f 6229/6229/6229 6230/6230/6230 6231/6231/6231 
f 6231/6231/6231 6230/6230/6230 6232/6232/6232 
f 6233/6233/6233 6234/6234/6234 6235/6235/6235 
f 6235/6235/6235 6234/6234/6234 6236/6236/6236 
f 6237/6237/6237 6238/6238/6238 6239/6239/6239 
f 6239/6239/6239 6238/6238/6238 6240/6240/6240 

g Volcanopart208

v -93.2971 29.5832 -7.76535 
v -144.483 15.8183 -12.6353 
v -91.343 22.189 -7.40458 
v -142.529 8.42419 -12.2745 
v -139.149 14.6532 -65.4053 
v -144.483 15.8183 -12.6353 
v -87.9631 28.4181 -60.5353 
v -93.2971 29.5832 -7.76535 
v -144.483 15.8183 -12.6353 
v -139.149 14.6532 -65.4053 
v -142.529 8.42419 -12.2745 
v -137.195 7.2591 -65.0445 
v -139.149 14.6532 -65.4053 
v -87.9631 28.4181 -60.5353 
v -137.195 7.2591 -65.0445 
v -86.009 21.0239 -60.1745 
v -86.009 21.0239 -60.1745 
v -91.343 22.189 -7.40458 
v -137.195 7.2591 -65.0445 
v -142.529 8.42419 -12.2745 
v -87.9631 28.4181 -60.5353 
v -93.2971 29.5832 -7.76535 
v -86.009 21.0239 -60.1745 
v -91.343 22.189 -7.40458 

vn -0.102362 0.023622 0.992126 
vn -0.102362 0.023622 0.992126 
vn -0.102362 0.023622 0.992126 
vn -0.102362 0.023622 0.992126 
vn -0.251969 0.968504 -0.0472441 
vn -0.251969 0.968504 -0.0472441 
vn -0.251969 0.968504 -0.0472441 
vn -0.251969 0.968504 -0.0472441 
vn -0.96063 -0.259843 -0.0944882 
vn -0.96063 -0.259843 -0.0944882 
vn -0.96063 -0.259843 -0.0944882 
vn -0.96063 -0.259843 -0.0944882 
vn 0.102362 -0.023622 -0.992126 
vn 0.102362 -0.023622 -0.992126 
vn 0.102362 -0.023622 -0.992126 
vn 0.102362 -0.023622 -0.992126 
vn 0.251969 -0.968504 0.0472441 
vn 0.251969 -0.968504 0.0472441 
vn 0.251969 -0.968504 0.0472441 
vn 0.251969 -0.968504 0.0472441 
vn 0.96063 0.259843 0.0944882 
vn 0.96063 0.259843 0.0944882 
vn 0.96063 0.259843 0.0944882 
vn 0.96063 0.259843 0.0944882 

vt 2.39999 -5.69006 
vt -4.25346 -5.69006 
vt 2.39999 -6.64712 
vt -4.25346 -6.64712 
vt 2.37799 -5.69006 
vt -4.25346 -5.69006 
vt 2.37799 -12.3435 
vt -4.25346 -12.3435 
vt 2.37799 -5.69006 
vt -4.25346 -5.69006 
vt 2.37799 -6.64712 
vt -4.25346 -6.64712 
vt 2.39999 -5.69006 
vt -4.25346 -5.69006 
vt 2.39999 -6.64712 
vt -4.25346 -6.64712 
vt 2.37799 -5.69006 
vt -4.25346 -5.69006 
vt 2.37799 -12.3435 
vt -4.25346 -12.3435 
vt 2.37799 -5.69006 
vt -4.25346 -5.69006 
vt 2.37799 -6.64712 
vt -4.25346 -6.64712 

usemtl Volcanopart1Mtl

f 6241/6241/6241 6242/6242/6242 6243/6243/6243 
f 6243/6243/6243 6242/6242/6242 6244/6244/6244 
f 6245/6245/6245 6246/6246/6246 6247/6247/6247 
f 6247/6247/6247 6246/6246/6246 6248/6248/6248 
f 6249/6249/6249 6250/6250/6250 6251/6251/6251 
f 6251/6251/6251 6250/6250/6250 6252/6252/6252 
f 6253/6253/6253 6254/6254/6254 6255/6255/6255 
f 6255/6255/6255 6254/6254/6254 6256/6256/6256 
f 6257/6257/6257 6258/6258/6258 6259/6259/6259 
f 6259/6259/6259 6258/6258/6258 6260/6260/6260 
f 6261/6261/6261 6262/6262/6262 6263/6263/6263 
f 6263/6263/6263 6262/6262/6262 6264/6264/6264 

g Volcanopart209

v -96.1082 29.1979 -23.712 
v -144.329 15.8869 -36.1234 
v -94.3988 22.4993 -23.1694 
v -142.62 9.18833 -35.5807 
v -130.917 15.1518 -87.4463 
v -144.329 15.8869 -36.1234 
v -82.6956 28.4627 -75.0349 
v -96.1082 29.1979 -23.712 
v -144.329 15.8869 -36.1234 
v -130.917 15.1518 -87.4463 
v -142.62 9.18833 -35.5807 
v -129.208 8.45319 -86.9036 
v -130.917 15.1518 -87.4463 
v -82.6956 28.4627 -75.0349 
v -129.208 8.45319 -86.9036 
v -80.9863 21.7641 -74.4923 
v -80.9863 21.7641 -74.4923 
v -94.3988 22.4993 -23.1694 
v -129.208 8.45319 -86.9036 
v -142.62 9.18833 -35.5807 
v -82.6956 28.4627 -75.0349 
v -96.1082 29.1979 -23.712 
v -80.9863 21.7641 -74.4923 
v -94.3988 22.4993 -23.1694 

vn -0.251969 0.015748 0.968504 
vn -0.251969 0.015748 0.968504 
vn -0.251969 0.015748 0.968504 
vn -0.251969 0.015748 0.968504 
vn -0.244094 0.968504 -0.0787402 
vn -0.244094 0.968504 -0.0787402 
vn -0.244094 0.968504 -0.0787402 
vn -0.244094 0.968504 -0.0787402 
vn -0.937008 -0.259843 -0.244094 
vn -0.937008 -0.259843 -0.244094 
vn -0.937008 -0.259843 -0.244094 
vn -0.937008 -0.259843 -0.244094 
vn 0.251969 -0.015748 -0.968504 
vn 0.251969 -0.015748 -0.968504 
vn 0.251969 -0.015748 -0.968504 
vn 0.251969 -0.015748 -0.968504 
vn 0.244094 -0.968504 0.0787402 
vn 0.244094 -0.968504 0.0787402 
vn 0.244094 -0.968504 0.0787402 
vn 0.244094 -0.968504 0.0787402 
vn 0.937008 0.259843 0.244094 
vn 0.937008 0.259843 0.244094 
vn 0.937008 0.259843 0.244094 
vn 0.937008 0.259843 0.244094 

vt 10.5203 4.99393 
vt 4.07764 4.99393 
vt 10.5203 4.12711 
vt 4.07764 4.12711 
vt 10.7091 4.99393 
vt 4.07764 4.99393 
vt 10.7091 -1.44874 
vt 4.07764 -1.44874 
vt 10.7091 4.99393 
vt 4.07764 4.99393 
vt 10.7091 4.12711 
vt 4.07764 4.12711 
vt 10.5203 4.99393 
vt 4.07764 4.99393 
vt 10.5203 4.12711 
vt 4.07764 4.12711 
vt 10.7091 4.99393 
vt 4.07764 4.99393 
vt 10.7091 -1.44874 
vt 4.07764 -1.44874 
vt 10.7091 4.99393 
vt 4.07764 4.99393 
vt 10.7091 4.12711 
vt 4.07764 4.12711 

usemtl Volcanopart1Mtl

f 6265/6265/6265 6266/6266/6266 6267/6267/6267 
f 6267/6267/6267 6266/6266/6266 6268/6268/6268 
f 6269/6269/6269 6270/6270/6270 6271/6271/6271 
f 6271/6271/6271 6270/6270/6270 6272/6272/6272 
f 6273/6273/6273 6274/6274/6274 6275/6275/6275 
f 6275/6275/6275 6274/6274/6274 6276/6276/6276 
f 6277/6277/6277 6278/6278/6278 6279/6279/6279 
f 6279/6279/6279 6278/6278/6278 6280/6280/6280 
f 6281/6281/6281 6282/6282/6282 6283/6283/6283 
f 6283/6283/6283 6282/6282/6282 6284/6284/6284 
f 6285/6285/6285 6286/6286/6286 6287/6287/6287 
f 6287/6287/6287 6286/6286/6286 6288/6288/6288 

g Volcanopart210

v -89.4898 29.473 -37.1105 
v -140.698 14.5739 -59.304 
v -88.4502 25.2934 -36.7033 
v -139.658 10.3943 -58.8968 
v -119.718 15.0447 -108.029 
v -140.698 14.5739 -59.304 
v -68.5097 29.9438 -85.8352 
v -89.4898 29.473 -37.1105 
v -140.698 14.5739 -59.304 
v -119.718 15.0447 -108.029 
v -139.658 10.3943 -58.8968 
v -118.678 10.8651 -107.621 
v -119.718 15.0447 -108.029 
v -68.5097 29.9438 -85.8352 
v -118.678 10.8651 -107.621 
v -67.4701 25.7642 -85.428 
v -67.4701 25.7642 -85.428 
v -88.4502 25.2934 -36.7033 
v -118.678 10.8651 -107.621 
v -139.658 10.3943 -58.8968 
v -68.5097 29.9438 -85.8352 
v -89.4898 29.473 -37.1105 
v -67.4701 25.7642 -85.428 
v -88.4502 25.2934 -36.7033 

vn -0.393701 -0.00787402 0.92126 
vn -0.393701 -0.00787402 0.92126 
vn -0.393701 -0.00787402 0.92126 
vn -0.393701 -0.00787402 0.92126 
vn -0.244094 0.968504 -0.0944882 
vn -0.244094 0.968504 -0.0944882 
vn -0.244094 0.968504 -0.0944882 
vn -0.244094 0.968504 -0.0944882 
vn -0.889764 -0.259843 -0.385827 
vn -0.889764 -0.259843 -0.385827 
vn -0.889764 -0.259843 -0.385827 
vn -0.889764 -0.259843 -0.385827 
vn 0.393701 0.00787402 -0.92126 
vn 0.393701 0.00787402 -0.92126 
vn 0.393701 0.00787402 -0.92126 
vn 0.393701 0.00787402 -0.92126 
vn 0.244094 -0.968504 0.0944882 
vn 0.244094 -0.968504 0.0944882 
vn 0.244094 -0.968504 0.0944882 
vn 0.244094 -0.968504 0.0944882 
vn 0.889764 0.259843 0.385827 
vn 0.889764 0.259843 0.385827 
vn 0.889764 0.259843 0.385827 
vn 0.889764 0.259843 0.385827 

vt 9.98678 2.90671 
vt 2.76612 2.90671 
vt 9.98678 2.36595 
vt 2.76612 2.36595 
vt 9.39758 2.90671 
vt 2.76612 2.90671 
vt 9.39758 -4.31394 
vt 2.76612 -4.31394 
vt 9.39758 2.90671 
vt 2.76612 2.90671 
vt 9.39758 2.36595 
vt 2.76612 2.36595 
vt 9.98678 2.90671 
vt 2.76612 2.90671 
vt 9.98678 2.36595 
vt 2.76612 2.36595 
vt 9.39758 2.90671 
vt 2.76612 2.90671 
vt 9.39758 -4.31394 
vt 2.76612 -4.31394 
vt 9.39758 2.90671 
vt 2.76612 2.90671 
vt 9.39758 2.36595 
vt 2.76612 2.36595 

usemtl Volcanopart1Mtl

f 6289/6289/6289 6290/6290/6290 6291/6291/6291 
f 6291/6291/6291 6290/6290/6290 6292/6292/6292 
f 6293/6293/6293 6294/6294/6294 6295/6295/6295 
f 6295/6295/6295 6294/6294/6294 6296/6296/6296 
f 6297/6297/6297 6298/6298/6298 6299/6299/6299 
f 6299/6299/6299 6298/6298/6298 6300/6300/6300 
f 6301/6301/6301 6302/6302/6302 6303/6303/6303 
f 6303/6303/6303 6302/6302/6302 6304/6304/6304 
f 6305/6305/6305 6306/6306/6306 6307/6307/6307 
f 6307/6307/6307 6306/6306/6306 6308/6308/6308 
f 6309/6309/6309 6310/6310/6310 6311/6311/6311 
f 6311/6311/6311 6310/6310/6310 6312/6312/6312 

g Volcanopart211

v -79.5335 30.2953 -47.3719 
v -134.206 13.0257 -82.107 
v -78.0963 24.2565 -46.6318 
v -132.769 6.9869 -81.3669 
v -106.034 14.223 -127.045 
v -134.206 13.0257 -82.107 
v -51.3616 31.4926 -92.3095 
v -79.5335 30.2953 -47.3719 
v -134.206 13.0257 -82.107 
v -106.034 14.223 -127.045 
v -132.769 6.9869 -81.3669 
v -104.597 8.18418 -126.304 
v -106.034 14.223 -127.045 
v -51.3616 31.4926 -92.3095 
v -104.597 8.18418 -126.304 
v -49.9243 25.4538 -91.5693 
v -49.9243 25.4538 -91.5693 
v -78.0963 24.2565 -46.6318 
v -104.597 8.18418 -126.304 
v -132.769 6.9869 -81.3669 
v -51.3616 31.4926 -92.3095 
v -79.5335 30.2953 -47.3719 
v -49.9243 25.4538 -91.5693 
v -78.0963 24.2565 -46.6318 

vn -0.527559 -0.023622 0.850394 
vn -0.527559 -0.023622 0.850394 
vn -0.527559 -0.023622 0.850394 
vn -0.527559 -0.023622 0.850394 
vn -0.228346 0.968504 -0.11811 
vn -0.228346 0.968504 -0.11811 
vn -0.228346 0.968504 -0.11811 
vn -0.228346 0.968504 -0.11811 
vn -0.818898 -0.259843 -0.519685 
vn -0.818898 -0.259843 -0.519685 
vn -0.818898 -0.259843 -0.519685 
vn -0.818898 -0.259843 -0.519685 
vn 0.527559 0.023622 -0.850394 
vn 0.527559 0.023622 -0.850394 
vn 0.527559 0.023622 -0.850394 
vn 0.527559 0.023622 -0.850394 
vn 0.228346 -0.968504 0.11811 
vn 0.228346 -0.968504 0.11811 
vn 0.228346 -0.968504 0.11811 
vn 0.228346 -0.968504 0.11811 
vn 0.818898 0.259843 0.519685 
vn 0.818898 0.259843 0.519685 
vn 0.818898 0.259843 0.519685 
vn 0.818898 0.259843 0.519685 

vt 3.66302 -4.49648 
vt -4.71652 -4.49648 
vt 3.66302 -5.27791 
vt -4.71652 -5.27791 
vt 1.91494 -4.49648 
vt -4.71652 -4.49648 
vt 1.91494 -12.876 
vt -4.71652 -12.876 
vt 1.91494 -4.49648 
vt -4.71652 -4.49648 
vt 1.91494 -5.27791 
vt -4.71652 -5.27791 
vt 3.66302 -4.49648 
vt -4.71652 -4.49648 
vt 3.66302 -5.27791 
vt -4.71652 -5.27791 
vt 1.91494 -4.49648 
vt -4.71652 -4.49648 
vt 1.91494 -12.876 
vt -4.71652 -12.876 
vt 1.91494 -4.49648 
vt -4.71652 -4.49648 
vt 1.91494 -5.27791 
vt -4.71652 -5.27791 

usemtl Volcanopart1Mtl

f 6313/6313/6313 6314/6314/6314 6315/6315/6315 
f 6315/6315/6315 6314/6314/6314 6316/6316/6316 
f 6317/6317/6317 6318/6318/6318 6319/6319/6319 
f 6319/6319/6319 6318/6318/6318 6320/6320/6320 
f 6321/6321/6321 6322/6322/6322 6323/6323/6323 
f 6323/6323/6323 6322/6322/6322 6324/6324/6324 
f 6325/6325/6325 6326/6326/6326 6327/6327/6327 
f 6327/6327/6327 6326/6326/6326 6328/6328/6328 
f 6329/6329/6329 6330/6330/6330 6331/6331/6331 
f 6331/6331/6331 6330/6330/6330 6332/6332/6332 
f 6333/6333/6333 6334/6334/6334 6335/6335/6335 
f 6335/6335/6335 6334/6334/6334 6336/6336/6336 

g Volcanopart212

v -72.7905 32.3063 -58.6745 
v -123.794 14.1919 -103.681 
v -71.9463 27.4712 -57.6851 
v -122.95 9.35679 -102.691 
v -88.3412 12.3153 -143.102 
v -123.794 14.1919 -103.681 
v -37.3379 30.4297 -98.0961 
v -72.7905 32.3063 -58.6745 
v -123.794 14.1919 -103.681 
v -88.3412 12.3153 -143.102 
v -122.95 9.35679 -102.691 
v -87.497 7.48019 -142.113 
v -88.3412 12.3153 -143.102 
v -37.3379 30.4297 -98.0961 
v -87.497 7.48019 -142.113 
v -36.4937 25.5946 -97.1067 
v -36.4937 25.5946 -97.1067 
v -71.9463 27.4712 -57.6851 
v -87.497 7.48019 -142.113 
v -122.95 9.35679 -102.691 
v -37.3379 30.4297 -98.0961 
v -72.7905 32.3063 -58.6745 
v -36.4937 25.5946 -97.1067 
v -71.9463 27.4712 -57.6851 

vn -0.669291 0.0314961 0.740157 
vn -0.669291 0.0314961 0.740157 
vn -0.669291 0.0314961 0.740157 
vn -0.669291 0.0314961 0.740157 
vn -0.165354 0.968504 -0.19685 
vn -0.165354 0.968504 -0.19685 
vn -0.165354 0.968504 -0.19685 
vn -0.165354 0.968504 -0.19685 
vn -0.724409 -0.259843 -0.637795 
vn -0.724409 -0.259843 -0.637795 
vn -0.724409 -0.259843 -0.637795 
vn -0.724409 -0.259843 -0.637795 
vn 0.669291 -0.0314961 -0.740157 
vn 0.669291 -0.0314961 -0.740157 
vn 0.669291 -0.0314961 -0.740157 
vn 0.669291 -0.0314961 -0.740157 
vn 0.165354 -0.968504 0.19685 
vn 0.165354 -0.968504 0.19685 
vn 0.165354 -0.968504 0.19685 
vn 0.165354 -0.968504 0.19685 
vn 0.724409 0.259843 0.637795 
vn 0.724409 0.259843 0.637795 
vn 0.724409 0.259843 0.637795 
vn 0.724409 0.259843 0.637795 

vt 14.3873 2.73797 
vt 5.58832 2.73797 
vt 14.3873 2.1121 
vt 5.58832 2.1121 
vt 12.2198 2.73797 
vt 5.58832 2.73797 
vt 12.2198 -6.06102 
vt 5.58832 -6.06102 
vt 12.2198 2.73797 
vt 5.58832 2.73797 
vt 12.2198 2.1121 
vt 5.58832 2.1121 
vt 14.3873 2.73797 
vt 5.58832 2.73797 
vt 14.3873 2.1121 
vt 5.58832 2.1121 
vt 12.2198 2.73797 
vt 5.58832 2.73797 
vt 12.2198 -6.06102 
vt 5.58832 -6.06102 
vt 12.2198 2.73797 
vt 5.58832 2.73797 
vt 12.2198 2.1121 
vt 5.58832 2.1121 

usemtl Volcanopart1Mtl

f 6337/6337/6337 6338/6338/6338 6339/6339/6339 
f 6339/6339/6339 6338/6338/6338 6340/6340/6340 
f 6341/6341/6341 6342/6342/6342 6343/6343/6343 
f 6343/6343/6343 6342/6342/6342 6344/6344/6344 
f 6345/6345/6345 6346/6346/6346 6347/6347/6347 
f 6347/6347/6347 6346/6346/6346 6348/6348/6348 
f 6349/6349/6349 6350/6350/6350 6351/6351/6351 
f 6351/6351/6351 6350/6350/6350 6352/6352/6352 
f 6353/6353/6353 6354/6354/6354 6355/6355/6355 
f 6355/6355/6355 6354/6354/6354 6356/6356/6356 
f 6357/6357/6357 6358/6358/6358 6359/6359/6359 
f 6359/6359/6359 6358/6358/6358 6360/6360/6360 

g Volcanopart213

v -62.0179 32.2087 -64.7844 
v -110.441 11.9897 -123.363 
v -60.5979 24.0971 -63.1585 
v -109.021 3.8781 -121.737 
v -69.6127 12.3478 -157.236 
v -110.441 11.9897 -123.363 
v -21.1898 32.5668 -98.6579 
v -62.0179 32.2087 -64.7844 
v -110.441 11.9897 -123.363 
v -69.6127 12.3478 -157.236 
v -109.021 3.8781 -121.737 
v -68.1926 4.2362 -155.611 
v -69.6127 12.3478 -157.236 
v -21.1898 32.5668 -98.6579 
v -68.1926 4.2362 -155.611 
v -19.7697 24.4552 -97.032 
v -19.7697 24.4552 -97.032 
v -60.5979 24.0971 -63.1585 
v -68.1926 4.2362 -155.611 
v -109.021 3.8781 -121.737 
v -21.1898 32.5668 -98.6579 
v -62.0179 32.2087 -64.7844 
v -19.7697 24.4552 -97.032 
v -60.5979 24.0971 -63.1585 

vn -0.771654 -0.00787402 0.637795 
vn -0.771654 -0.00787402 0.637795 
vn -0.771654 -0.00787402 0.637795 
vn -0.771654 -0.00787402 0.637795 
vn -0.165354 0.968504 -0.19685 
vn -0.165354 0.968504 -0.19685 
vn -0.165354 0.968504 -0.19685 
vn -0.165354 0.968504 -0.19685 
vn -0.614173 -0.259843 -0.748031 
vn -0.614173 -0.259843 -0.748031 
vn -0.614173 -0.259843 -0.748031 
vn -0.614173 -0.259843 -0.748031 
vn 0.771654 0.00787402 -0.637795 
vn 0.771654 0.00787402 -0.637795 
vn 0.771654 0.00787402 -0.637795 
vn 0.771654 0.00787402 -0.637795 
vn 0.165354 -0.968504 0.19685 
vn 0.165354 -0.968504 0.19685 
vn 0.165354 -0.968504 0.19685 
vn 0.165354 -0.968504 0.19685 
vn 0.614173 0.259843 0.748031 
vn 0.614173 0.259843 0.748031 
vn 0.614173 0.259843 0.748031 
vn 0.614173 0.259843 0.748031 

vt 14.0451 8.90548 
vt 4.21443 8.90548 
vt 14.0451 7.85624 
vt 4.21443 7.85624 
vt 10.8459 8.90548 
vt 4.21443 8.90548 
vt 10.8459 -0.925137 
vt 4.21443 -0.925137 
vt 10.8459 8.90548 
vt 4.21443 8.90548 
vt 10.8459 7.85624 
vt 4.21443 7.85624 
vt 14.0451 8.90548 
vt 4.21443 8.90548 
vt 14.0451 7.85624 
vt 4.21443 7.85624 
vt 10.8459 8.90548 
vt 4.21443 8.90548 
vt 10.8459 -0.925137 
vt 4.21443 -0.925137 
vt 10.8459 8.90548 
vt 4.21443 8.90548 
vt 10.8459 7.85624 
vt 4.21443 7.85624 

usemtl Volcanopart1Mtl

f 6361/6361/6361 6362/6362/6362 6363/6363/6363 
f 6363/6363/6363 6362/6362/6362 6364/6364/6364 
f 6365/6365/6365 6366/6366/6366 6367/6367/6367 
f 6367/6367/6367 6366/6366/6366 6368/6368/6368 
f 6369/6369/6369 6370/6370/6370 6371/6371/6371 
f 6371/6371/6371 6370/6370/6370 6372/6372/6372 
f 6373/6373/6373 6374/6374/6374 6375/6375/6375 
f 6375/6375/6375 6374/6374/6374 6376/6376/6376 
f 6377/6377/6377 6378/6378/6378 6379/6379/6379 
f 6379/6379/6379 6378/6378/6378 6380/6380/6380 
f 6381/6381/6381 6382/6382/6382 6383/6383/6383 
f 6383/6383/6383 6382/6382/6382 6384/6384/6384 

g Volcanopart214

v -66.0281 28.742 -93.5115 
v -92.5451 14.8882 -138.38 
v -65.2699 23.8432 -92.447 
v -91.7869 9.98946 -137.316 
v -47.0361 16.0123 -165.623 
v -92.5451 14.8882 -138.38 
v -20.5191 29.8661 -120.754 
v -66.0281 28.742 -93.5115 
v -92.5451 14.8882 -138.38 
v -47.0361 16.0123 -165.623 
v -91.7869 9.98946 -137.316 
v -46.2779 11.1135 -164.558 
v -47.0361 16.0123 -165.623 
v -20.5191 29.8661 -120.754 
v -46.2779 11.1135 -164.558 
v -19.7609 24.9673 -119.689 
v -19.7609 24.9673 -119.689 
v -65.2699 23.8432 -92.447 
v -46.2779 11.1135 -164.558 
v -91.7869 9.98946 -137.316 
v -20.5191 29.8661 -120.754 
v -66.0281 28.742 -93.5115 
v -19.7609 24.9673 -119.689 
v -65.2699 23.8432 -92.447 

vn -0.858268 -0.023622 0.511811 
vn -0.858268 -0.023622 0.511811 
vn -0.858268 -0.023622 0.511811 
vn -0.858268 -0.023622 0.511811 
vn -0.149606 0.968504 -0.212598 
vn -0.149606 0.968504 -0.212598 
vn -0.149606 0.968504 -0.212598 
vn -0.149606 0.968504 -0.212598 
vn -0.488189 -0.259843 -0.834646 
vn -0.488189 -0.259843 -0.834646 
vn -0.488189 -0.259843 -0.834646 
vn -0.488189 -0.259843 -0.834646 
vn 0.858268 0.023622 -0.511811 
vn 0.858268 0.023622 -0.511811 
vn 0.858268 0.023622 -0.511811 
vn 0.858268 0.023622 -0.511811 
vn 0.149606 -0.968504 0.212598 
vn 0.149606 -0.968504 0.212598 
vn 0.149606 -0.968504 0.212598 
vn 0.149606 -0.968504 0.212598 
vn 0.488189 0.259843 0.834646 
vn 0.488189 0.259843 0.834646 
vn 0.488189 0.259843 0.834646 
vn 0.488189 0.259843 0.834646 

vt 4.93843 -3.97105 
vt -1.80264 -3.97105 
vt 4.93843 -4.60482 
vt -1.80264 -4.60482 
vt 4.82882 -3.97105 
vt -1.80264 -3.97105 
vt 4.82882 -10.7121 
vt -1.80264 -10.7121 
vt 4.82882 -3.97105 
vt -1.80264 -3.97105 
vt 4.82882 -4.60482 
vt -1.80264 -4.60482 
vt 4.93843 -3.97105 
vt -1.80264 -3.97105 
vt 4.93843 -4.60482 
vt -1.80264 -4.60482 
vt 4.82882 -3.97105 
vt -1.80264 -3.97105 
vt 4.82882 -10.7121 
vt -1.80264 -10.7121 
vt 4.82882 -3.97105 
vt -1.80264 -3.97105 
vt 4.82882 -4.60482 
vt -1.80264 -4.60482 

usemtl Volcanopart1Mtl

f 6385/6385/6385 6386/6386/6386 6387/6387/6387 
f 6387/6387/6387 6386/6386/6386 6388/6388/6388 
f 6389/6389/6389 6390/6390/6390 6391/6391/6391 
f 6391/6391/6391 6390/6390/6390 6392/6392/6392 
f 6393/6393/6393 6394/6394/6394 6395/6395/6395 
f 6395/6395/6395 6394/6394/6394 6396/6396/6396 
f 6397/6397/6397 6398/6398/6398 6399/6399/6399 
f 6399/6399/6399 6398/6398/6398 6400/6400/6400 
f 6401/6401/6401 6402/6402/6402 6403/6403/6403 
f 6403/6403/6403 6402/6402/6402 6404/6404/6404 
f 6405/6405/6405 6406/6406/6406 6407/6407/6407 
f 6407/6407/6407 6406/6406/6406 6408/6408/6408 

g Volcanopart215

v -55.1756 28.7621 -105.786 
v -73.5575 15.4901 -152.244 
v -54.6448 23.8463 -104.592 
v -73.0268 10.5744 -151.049 
v -24.2831 16.0354 -171.896 
v -73.5575 15.4901 -152.244 
v -5.90117 29.3074 -125.439 
v -55.1756 28.7621 -105.786 
v -73.5575 15.4901 -152.244 
v -24.2831 16.0354 -171.896 
v -73.0268 10.5744 -151.049 
v -23.7524 11.1197 -170.702 
v -24.2831 16.0354 -171.896 
v -5.90117 29.3074 -125.439 
v -23.7524 11.1197 -170.702 
v -5.37043 24.3916 -124.244 
v -5.37043 24.3916 -124.244 
v -54.6448 23.8463 -104.592 
v -23.7524 11.1197 -170.702 
v -73.0268 10.5744 -151.049 
v -5.90117 29.3074 -125.439 
v -55.1756 28.7621 -105.786 
v -5.37043 24.3916 -124.244 
v -54.6448 23.8463 -104.592 

vn -0.929134 -0.00787402 0.370079 
vn -0.929134 -0.00787402 0.370079 
vn -0.929134 -0.00787402 0.370079 
vn -0.929134 -0.00787402 0.370079 
vn -0.102362 0.968504 -0.23622 
vn -0.102362 0.968504 -0.23622 
vn -0.102362 0.968504 -0.23622 
vn -0.102362 0.968504 -0.23622 
vn -0.354331 -0.259843 -0.897638 
vn -0.354331 -0.259843 -0.897638 
vn -0.354331 -0.259843 -0.897638 
vn -0.354331 -0.259843 -0.897638 
vn 0.929134 0.00787402 -0.370079 
vn 0.929134 0.00787402 -0.370079 
vn 0.929134 0.00787402 -0.370079 
vn 0.929134 0.00787402 -0.370079 
vn 0.102362 -0.968504 0.23622 
vn 0.102362 -0.968504 0.23622 
vn 0.102362 -0.968504 0.23622 
vn 0.102362 -0.968504 0.23622 
vn 0.354331 0.259843 0.897638 
vn 0.354331 0.259843 0.897638 
vn 0.354331 0.259843 0.897638 
vn 0.354331 0.259843 0.897638 

vt 0.551125 1.98874 
vt -5.91071 1.98874 
vt 0.551125 1.35293 
vt -5.91071 1.35293 
vt 0.720745 1.98874 
vt -5.91071 1.98874 
vt 0.720745 -4.47309 
vt -5.91071 -4.47309 
vt 0.720745 1.98874 
vt -5.91071 1.98874 
vt 0.720745 1.35293 
vt -5.91071 1.35293 
vt 0.551125 1.98874 
vt -5.91071 1.98874 
vt 0.551125 1.35293 
vt -5.91071 1.35293 
vt 0.720745 1.98874 
vt -5.91071 1.98874 
vt 0.720745 -4.47309 
vt -5.91071 -4.47309 
vt 0.720745 1.98874 
vt -5.91071 1.98874 
vt 0.720745 1.35293 
vt -5.91071 1.35293 

usemtl Volcanopart1Mtl

f 6409/6409/6409 6410/6410/6410 6411/6411/6411 
f 6411/6411/6411 6410/6410/6410 6412/6412/6412 
f 6413/6413/6413 6414/6414/6414 6415/6415/6415 
f 6415/6415/6415 6414/6414/6414 6416/6416/6416 
f 6417/6417/6417 6418/6418/6418 6419/6419/6419 
f 6419/6419/6419 6418/6418/6418 6420/6420/6420 
f 6421/6421/6421 6422/6422/6422 6423/6423/6423 
f 6423/6423/6423 6422/6422/6422 6424/6424/6424 
f 6425/6425/6425 6426/6426/6426 6427/6427/6427 
f 6427/6427/6427 6426/6426/6426 6428/6428/6428 
f 6429/6429/6429 6430/6430/6430 6431/6431/6431 
f 6431/6431/6431 6430/6430/6430 6432/6432/6432 

g Volcanopart216

v -35.9112 33.8429 -88.5561 
v -53.0341 12.9882 -165.208 
v -35.8377 29.6887 -87.4422 
v -52.9606 8.83395 -164.094 
v -1.1815 10.9492 -176.236 
v -53.0341 12.9882 -165.208 
v 15.9414 31.8039 -99.5845 
v -35.9112 33.8429 -88.5561 
v -53.0341 12.9882 -165.208 
v -1.1815 10.9492 -176.236 
v -52.9606 8.83395 -164.094 
v -1.10796 6.7949 -175.122 
v -1.1815 10.9492 -176.236 
v 15.9414 31.8039 -99.5845 
v -1.10796 6.7949 -175.122 
v 16.015 27.6496 -98.4706 
v 16.015 27.6496 -98.4706 
v -35.8377 29.6887 -87.4422 
v -1.10796 6.7949 -175.122 
v -52.9606 8.83395 -164.094 
v 15.9414 31.8039 -99.5845 
v -35.9112 33.8429 -88.5561 
v 16.015 27.6496 -98.4706 
v -35.8377 29.6887 -87.4422 

vn -0.976378 0.0393701 0.204724 
vn -0.976378 0.0393701 0.204724 
vn -0.976378 0.0393701 0.204724 
vn -0.976378 0.0393701 0.204724 
vn -0.015748 0.968504 -0.259843 
vn -0.015748 0.968504 -0.259843 
vn -0.015748 0.968504 -0.259843 
vn -0.015748 0.968504 -0.259843 
vn -0.212598 -0.259843 -0.944882 
vn -0.212598 -0.259843 -0.944882 
vn -0.212598 -0.259843 -0.944882 
vn -0.212598 -0.259843 -0.944882 
vn 0.976378 -0.0393701 -0.204724 
vn 0.976378 -0.0393701 -0.204724 
vn 0.976378 -0.0393701 -0.204724 
vn 0.976378 -0.0393701 -0.204724 
vn 0.015748 -0.968504 0.259843 
vn 0.015748 -0.968504 0.259843 
vn 0.015748 -0.968504 0.259843 
vn 0.015748 -0.968504 0.259843 
vn 0.212598 0.259843 0.944882 
vn 0.212598 0.259843 0.944882 
vn 0.212598 0.259843 0.944882 
vn 0.212598 0.259843 0.944882 

vt 6.27099 5.75754 
vt -3.88682 5.75754 
vt 6.27099 5.21983 
vt -3.88682 5.21983 
vt 2.74463 5.75754 
vt -3.88682 5.75754 
vt 2.74463 -4.40028 
vt -3.88682 -4.40028 
vt 2.74463 5.75754 
vt -3.88682 5.75754 
vt 2.74463 5.21983 
vt -3.88682 5.21983 
vt 6.27099 5.75754 
vt -3.88682 5.75754 
vt 6.27099 5.21983 
vt -3.88682 5.21983 
vt 2.74463 5.75754 
vt -3.88682 5.75754 
vt 2.74463 -4.40028 
vt -3.88682 -4.40028 
vt 2.74463 5.75754 
vt -3.88682 5.75754 
vt 2.74463 5.21983 
vt -3.88682 5.21983 

usemtl Volcanopart1Mtl

f 6433/6433/6433 6434/6434/6434 6435/6435/6435 
f 6435/6435/6435 6434/6434/6434 6436/6436/6436 
f 6437/6437/6437 6438/6438/6438 6439/6439/6439 
f 6439/6439/6439 6438/6438/6438 6440/6440/6440 
f 6441/6441/6441 6442/6442/6442 6443/6443/6443 
f 6443/6443/6443 6442/6442/6442 6444/6444/6444 
f 6445/6445/6445 6446/6446/6446 6447/6447/6447 
f 6447/6447/6447 6446/6446/6446 6448/6448/6448 
f 6449/6449/6449 6450/6450/6450 6451/6451/6451 
f 6451/6451/6451 6450/6450/6450 6452/6452/6452 
f 6453/6453/6453 6454/6454/6454 6455/6455/6455 
f 6455/6455/6455 6454/6454/6454 6456/6456/6456 

g Volcanopart217

v -26.306 31.8191 -108.658 
v -30.2851 14.9842 -171.948 
v -26.478 24.9364 -106.817 
v -30.4571 8.10156 -170.106 
v 22.6535 12.9173 -174.727 
v -30.2851 14.9842 -171.948 
v 26.6325 29.7522 -111.437 
v -26.306 31.8191 -108.658 
v -30.2851 14.9842 -171.948 
v 22.6535 12.9173 -174.727 
v -30.4571 8.10156 -170.106 
v 22.4814 6.03465 -172.885 
v 22.6535 12.9173 -174.727 
v 26.6325 29.7522 -111.437 
v 22.4814 6.03465 -172.885 
v 26.4605 22.8695 -109.595 
v 26.4605 22.8695 -109.595 
v -26.478 24.9364 -106.817 
v 22.4814 6.03465 -172.885 
v -30.4571 8.10156 -170.106 
v 26.6325 29.7522 -111.437 
v -26.306 31.8191 -108.658 
v 26.4605 22.8695 -109.595 
v -26.478 24.9364 -106.817 

vn -1 0.0393701 0.0551181 
vn -1 0.0393701 0.0551181 
vn -1 0.0393701 0.0551181 
vn -1 0.0393701 0.0551181 
vn 0.023622 0.968504 -0.259843 
vn 0.023622 0.968504 -0.259843 
vn 0.023622 0.968504 -0.259843 
vn 0.023622 0.968504 -0.259843 
vn -0.0629921 -0.259843 -0.968504 
vn -0.0629921 -0.259843 -0.968504 
vn -0.0629921 -0.259843 -0.968504 
vn -0.0629921 -0.259843 -0.968504 
vn 1 -0.0393701 -0.0551181 
vn 1 -0.0393701 -0.0551181 
vn 1 -0.0393701 -0.0551181 
vn 1 -0.0393701 -0.0551181 
vn -0.023622 -0.968504 0.259843 
vn -0.023622 -0.968504 0.259843 
vn -0.023622 -0.968504 0.259843 
vn -0.023622 -0.968504 0.259843 
vn 0.0629921 0.259843 0.968504 
vn 0.0629921 0.259843 0.968504 
vn 0.0629921 0.259843 0.968504 
vn 0.0629921 0.259843 0.968504 

vt 12.9983 -6.0418 
vt 4.79692 -6.0418 
vt 12.9983 -6.93266 
vt 4.79692 -6.93266 
vt 11.4284 -6.0418 
vt 4.79692 -6.0418 
vt 11.4284 -14.2432 
vt 4.79692 -14.2432 
vt 11.4284 -6.0418 
vt 4.79692 -6.0418 
vt 11.4284 -6.93266 
vt 4.79692 -6.93266 
vt 12.9983 -6.0418 
vt 4.79692 -6.0418 
vt 12.9983 -6.93266 
vt 4.79692 -6.93266 
vt 11.4284 -6.0418 
vt 4.79692 -6.0418 
vt 11.4284 -14.2432 
vt 4.79692 -14.2432 
vt 11.4284 -6.0418 
vt 4.79692 -6.0418 
vt 11.4284 -6.93266 
vt 4.79692 -6.93266 

usemtl Volcanopart1Mtl

f 6457/6457/6457 6458/6458/6458 6459/6459/6459 
f 6459/6459/6459 6458/6458/6458 6460/6460/6460 
f 6461/6461/6461 6462/6462/6462 6463/6463/6463 
f 6463/6463/6463 6462/6462/6462 6464/6464/6464 
f 6465/6465/6465 6466/6466/6466 6467/6467/6467 
f 6467/6467/6467 6466/6466/6466 6468/6468/6468 
f 6469/6469/6469 6470/6470/6470 6471/6471/6471 
f 6471/6471/6471 6470/6470/6470 6472/6472/6472 
f 6473/6473/6473 6474/6474/6474 6475/6475/6475 
f 6475/6475/6475 6474/6474/6474 6476/6476/6476 
f 6477/6477/6477 6478/6478/6478 6479/6479/6479 
f 6479/6479/6479 6478/6478/6478 6480/6480/6480 

g Volcanopart218

v -13.6819 31.6805 -105.392 
v -7.03437 12.9185 -175.752 
v -13.8005 26.1532 -103.93 
v -7.15295 7.3912 -174.289 
v 45.7861 13.0936 -170.808 
v -7.03437 12.9185 -175.752 
v 39.1386 31.8556 -100.449 
v -13.6819 31.6805 -105.392 
v -7.03437 12.9185 -175.752 
v 45.7861 13.0936 -170.808 
v -7.15295 7.3912 -174.289 
v 45.6675 7.56629 -169.345 
v 45.7861 13.0936 -170.808 
v 39.1386 31.8556 -100.449 
v 45.6675 7.56629 -169.345 
v 39.02 26.3283 -98.986 
v 39.02 26.3283 -98.986 
v -13.8005 26.1532 -103.93 
v 45.6675 7.56629 -169.345 
v -7.15295 7.3912 -174.289 
v 39.1386 31.8556 -100.449 
v -13.6819 31.6805 -105.392 
v 39.02 26.3283 -98.986 
v -13.8005 26.1532 -103.93 

vn -0.992126 0 -0.0944882 
vn -0.992126 0 -0.0944882 
vn -0.992126 0 -0.0944882 
vn -0.992126 0 -0.0944882 
vn 0.023622 0.968504 -0.251969 
vn 0.023622 0.968504 -0.251969 
vn 0.023622 0.968504 -0.251969 
vn 0.023622 0.968504 -0.251969 
vn 0.0944882 -0.259843 -0.96063 
vn 0.0944882 -0.259843 -0.96063 
vn 0.0944882 -0.259843 -0.96063 
vn 0.0944882 -0.259843 -0.96063 
vn 0.992126 0 0.0944882 
vn 0.992126 0 0.0944882 
vn 0.992126 0 0.0944882 
vn 0.992126 0 0.0944882 
vn -0.023622 -0.968504 0.251969 
vn -0.023622 -0.968504 0.251969 
vn -0.023622 -0.968504 0.251969 
vn -0.023622 -0.968504 0.251969 
vn -0.0944882 0.259843 0.96063 
vn -0.0944882 0.259843 0.96063 
vn -0.0944882 0.259843 0.96063 
vn -0.0944882 0.259843 0.96063 

vt 6.95605 0.158831 
vt -2.18405 0.158831 
vt 6.95605 -0.556014 
vt -2.18405 -0.556014 
vt 4.4474 0.158831 
vt -2.18405 0.158831 
vt 4.4474 -8.98127 
vt -2.18405 -8.98127 
vt 4.4474 0.158831 
vt -2.18405 0.158831 
vt 4.4474 -0.556014 
vt -2.18405 -0.556014 
vt 6.95605 0.158831 
vt -2.18405 0.158831 
vt 6.95605 -0.556014 
vt -2.18405 -0.556014 
vt 4.4474 0.158831 
vt -2.18405 0.158831 
vt 4.4474 -8.98127 
vt -2.18405 -8.98127 
vt 4.4474 0.158831 
vt -2.18405 0.158831 
vt 4.4474 -0.556014 
vt -2.18405 -0.556014 

usemtl Volcanopart1Mtl

f 6481/6481/6481 6482/6482/6482 6483/6483/6483 
f 6483/6483/6483 6482/6482/6482 6484/6484/6484 
f 6485/6485/6485 6486/6486/6486 6487/6487/6487 
f 6487/6487/6487 6486/6486/6486 6488/6488/6488 
f 6489/6489/6489 6490/6490/6490 6491/6491/6491 
f 6491/6491/6491 6490/6490/6490 6492/6492/6492 
f 6493/6493/6493 6494/6494/6494 6495/6495/6495 
f 6495/6495/6495 6494/6494/6494 6496/6496/6496 
f 6497/6497/6497 6498/6498/6498 6499/6499/6499 
f 6499/6499/6499 6498/6498/6498 6500/6500/6500 
f 6501/6501/6501 6502/6502/6502 6503/6503/6503 
f 6503/6503/6503 6502/6502/6502 6504/6504/6504 

g Volcanopart219

v 2.53917 28.7435 -121.174 
v 16.335 14.0049 -174.936 
v 2.31887 20.8231 -119.059 
v 16.1147 6.08444 -172.821 
v 67.8133 15.9572 -162.261 
v 16.335 14.0049 -174.936 
v 54.0175 30.6959 -108.499 
v 2.53917 28.7435 -121.174 
v 16.335 14.0049 -174.936 
v 67.8133 15.9572 -162.261 
v 16.1147 6.08444 -172.821 
v 67.593 8.03681 -160.146 
v 67.8133 15.9572 -162.261 
v 54.0175 30.6959 -108.499 
v 67.593 8.03681 -160.146 
v 53.7972 22.7755 -106.385 
v 53.7972 22.7755 -106.385 
v 2.31887 20.8231 -119.059 
v 67.593 8.03681 -160.146 
v 16.1147 6.08444 -172.821 
v 54.0175 30.6959 -108.499 
v 2.53917 28.7435 -121.174 
v 53.7972 22.7755 -106.385 
v 2.31887 20.8231 -119.059 

vn -0.968504 -0.0393701 -0.23622 
vn -0.968504 -0.0393701 -0.23622 
vn -0.968504 -0.0393701 -0.23622 
vn -0.968504 -0.0393701 -0.23622 
vn 0.023622 0.968504 -0.259843 
vn 0.023622 0.968504 -0.259843 
vn 0.023622 0.968504 -0.259843 
vn 0.023622 0.968504 -0.259843 
vn 0.244094 -0.259843 -0.937008 
vn 0.244094 -0.259843 -0.937008 
vn 0.244094 -0.259843 -0.937008 
vn 0.244094 -0.259843 -0.937008 
vn 0.968504 0.0393701 0.23622 
vn 0.968504 0.0393701 0.23622 
vn 0.968504 0.0393701 0.23622 
vn 0.968504 0.0393701 0.23622 
vn -0.023622 -0.968504 0.259843 
vn -0.023622 -0.968504 0.259843 
vn -0.023622 -0.968504 0.259843 
vn -0.023622 -0.968504 0.259843 
vn -0.244094 0.259843 0.937008 
vn -0.244094 0.259843 0.937008 
vn -0.244094 0.259843 0.937008 
vn -0.244094 0.259843 0.937008 

vt 7.7291 -3.85583 
vt 0.550704 -3.85583 
vt 7.7291 -4.88093 
vt 0.550704 -4.88093 
vt 7.18216 -3.85583 
vt 0.550704 -3.85583 
vt 7.18216 -11.0342 
vt 0.550704 -11.0342 
vt 7.18216 -3.85583 
vt 0.550704 -3.85583 
vt 7.18216 -4.88093 
vt 0.550704 -4.88093 
vt 7.7291 -3.85583 
vt 0.550704 -3.85583 
vt 7.7291 -4.88093 
vt 0.550704 -4.88093 
vt 7.18216 -3.85583 
vt 0.550704 -3.85583 
vt 7.18216 -11.0342 
vt 0.550704 -11.0342 
vt 7.18216 -3.85583 
vt 0.550704 -3.85583 
vt 7.18216 -4.88093 
vt 0.550704 -4.88093 

usemtl Volcanopart1Mtl

f 6505/6505/6505 6506/6506/6506 6507/6507/6507 
f 6507/6507/6507 6506/6506/6506 6508/6508/6508 
f 6509/6509/6509 6510/6510/6510 6511/6511/6511 
f 6511/6511/6511 6510/6510/6510 6512/6512/6512 
f 6513/6513/6513 6514/6514/6514 6515/6515/6515 
f 6515/6515/6515 6514/6514/6514 6516/6516/6516 
f 6517/6517/6517 6518/6518/6518 6519/6519/6519 
f 6519/6519/6519 6518/6518/6518 6520/6520/6520 
f 6521/6521/6521 6522/6522/6522 6523/6523/6523 
f 6523/6523/6523 6522/6522/6522 6524/6524/6524 
f 6525/6525/6525 6526/6526/6526 6527/6527/6527 
f 6527/6527/6527 6526/6526/6526 6528/6528/6528 

g Volcanopart220

v 8.12165 32.5042 -98.3424 
v 40.4088 10.8947 -173 
v 7.51841 25.1722 -96.481 
v 39.8055 3.56279 -171.138 
v 89.2193 12.1458 -152.252 
v 40.4088 10.8947 -173 
v 56.9322 33.7553 -77.5953 
v 8.12165 32.5042 -98.3424 
v 40.4088 10.8947 -173 
v 89.2193 12.1458 -152.252 
v 39.8055 3.56279 -171.138 
v 88.6161 4.81389 -150.391 
v 89.2193 12.1458 -152.252 
v 56.9322 33.7553 -77.5953 
v 88.6161 4.81389 -150.391 
v 56.329 26.4233 -75.734 
v 56.329 26.4233 -75.734 
v 7.51841 25.1722 -96.481 
v 88.6161 4.81389 -150.391 
v 39.8055 3.56279 -171.138 
v 56.9322 33.7553 -77.5953 
v 8.12165 32.5042 -98.3424 
v 56.329 26.4233 -75.734 
v 7.51841 25.1722 -96.481 

vn -0.92126 -0.023622 -0.393701 
vn -0.92126 -0.023622 -0.393701 
vn -0.92126 -0.023622 -0.393701 
vn -0.92126 -0.023622 -0.393701 
vn 0.0787402 0.968504 -0.244094 
vn 0.0787402 0.968504 -0.244094 
vn 0.0787402 0.968504 -0.244094 
vn 0.0787402 0.968504 -0.244094 
vn 0.385827 -0.259843 -0.889764 
vn 0.385827 -0.259843 -0.889764 
vn 0.385827 -0.259843 -0.889764 
vn 0.385827 -0.259843 -0.889764 
vn 0.92126 0.023622 0.393701 
vn 0.92126 0.023622 0.393701 
vn 0.92126 0.023622 0.393701 
vn 0.92126 0.023622 0.393701 
vn -0.0787402 -0.968504 0.244094 
vn -0.0787402 -0.968504 0.244094 
vn -0.0787402 -0.968504 0.244094 
vn -0.0787402 -0.968504 0.244094 
vn -0.385827 0.259843 0.889764 
vn -0.385827 0.259843 0.889764 
vn -0.385827 0.259843 0.889764 
vn -0.385827 0.259843 0.889764 

vt 16.9442 -6.2707 
vt 6.42404 -6.2707 
vt 16.9442 -7.21926 
vt 6.42404 -7.21926 
vt 13.0555 -6.2707 
vt 6.42404 -6.2707 
vt 13.0555 -16.7909 
vt 6.42404 -16.7909 
vt 13.0555 -6.2707 
vt 6.42404 -6.2707 
vt 13.0555 -7.21926 
vt 6.42404 -7.21926 
vt 16.9442 -6.2707 
vt 6.42404 -6.2707 
vt 16.9442 -7.21926 
vt 6.42404 -7.21926 
vt 13.0555 -6.2707 
vt 6.42404 -6.2707 
vt 13.0555 -16.7909 
vt 6.42404 -16.7909 
vt 13.0555 -6.2707 
vt 6.42404 -6.2707 
vt 13.0555 -7.21926 
vt 6.42404 -7.21926 

usemtl Volcanopart1Mtl

f 6529/6529/6529 6530/6530/6530 6531/6531/6531 
f 6531/6531/6531 6530/6530/6530 6532/6532/6532 
f 6533/6533/6533 6534/6534/6534 6535/6535/6535 
f 6535/6535/6535 6534/6534/6534 6536/6536/6536 
f 6537/6537/6537 6538/6538/6538 6539/6539/6539 
f 6539/6539/6539 6538/6538/6538 6540/6540/6540 
f 6541/6541/6541 6542/6542/6542 6543/6543/6543 
f 6543/6543/6543 6542/6542/6542 6544/6544/6544 
f 6545/6545/6545 6546/6546/6546 6547/6547/6547 
f 6547/6547/6547 6546/6546/6546 6548/6548/6548 
f 6549/6549/6549 6550/6550/6550 6551/6551/6551 
f 6551/6551/6551 6550/6550/6550 6552/6552/6552 

g Volcanopart221

v 24.7687 31.5977 -105.084 
v 62.6954 12.7713 -164.887 
v 24.0817 26.5652 -103.935 
v 62.0084 7.7388 -163.739 
v 107.545 13.1155 -136.552 
v 62.6954 12.7713 -164.887 
v 69.6184 31.9419 -76.7488 
v 24.7687 31.5977 -105.084 
v 62.6954 12.7713 -164.887 
v 107.545 13.1155 -136.552 
v 62.0084 7.7388 -163.739 
v 106.858 8.08305 -135.404 
v 107.545 13.1155 -136.552 
v 69.6184 31.9419 -76.7488 
v 106.858 8.08305 -135.404 
v 68.9314 26.9095 -75.6003 
v 68.9314 26.9095 -75.6003 
v 24.0817 26.5652 -103.935 
v 106.858 8.08305 -135.404 
v 62.0084 7.7388 -163.739 
v 69.6184 31.9419 -76.7488 
v 24.7687 31.5977 -105.084 
v 68.9314 26.9095 -75.6003 
v 24.0817 26.5652 -103.935 

vn -0.84252 -0.00787402 -0.535433 
vn -0.84252 -0.00787402 -0.535433 
vn -0.84252 -0.00787402 -0.535433 
vn -0.84252 -0.00787402 -0.535433 
vn 0.133858 0.968504 -0.220472 
vn 0.133858 0.968504 -0.220472 
vn 0.133858 0.968504 -0.220472 
vn 0.133858 0.968504 -0.220472 
vn 0.519685 -0.259843 -0.818898 
vn 0.519685 -0.259843 -0.818898 
vn 0.519685 -0.259843 -0.818898 
vn 0.519685 -0.259843 -0.818898 
vn 0.84252 0.00787402 0.535433 
vn 0.84252 0.00787402 0.535433 
vn 0.84252 0.00787402 0.535433 
vn 0.84252 0.00787402 0.535433 
vn -0.133858 -0.968504 0.220472 
vn -0.133858 -0.968504 0.220472 
vn -0.133858 -0.968504 0.220472 
vn -0.133858 -0.968504 0.220472 
vn -0.519685 0.259843 0.818898 
vn -0.519685 0.259843 0.818898 
vn -0.519685 0.259843 0.818898 
vn -0.519685 0.259843 0.818898 

vt 7.90871 -4.4861 
vt -1.25076 -4.4861 
vt 7.90871 -5.13702 
vt -1.25076 -5.13702 
vt 5.38069 -4.4861 
vt -1.25076 -4.4861 
vt 5.38069 -13.6456 
vt -1.25076 -13.6456 
vt 5.38069 -4.4861 
vt -1.25076 -4.4861 
vt 5.38069 -5.13702 
vt -1.25076 -5.13702 
vt 7.90871 -4.4861 
vt -1.25076 -4.4861 
vt 7.90871 -5.13702 
vt -1.25076 -5.13702 
vt 5.38069 -4.4861 
vt -1.25076 -4.4861 
vt 5.38069 -13.6456 
vt -1.25076 -13.6456 
vt 5.38069 -4.4861 
vt -1.25076 -4.4861 
vt 5.38069 -5.13702 
vt -1.25076 -5.13702 

usemtl Volcanopart1Mtl

f 6553/6553/6553 6554/6554/6554 6555/6555/6555 
f 6555/6555/6555 6554/6554/6554 6556/6556/6556 
f 6557/6557/6557 6558/6558/6558 6559/6559/6559 
f 6559/6559/6559 6558/6558/6558 6560/6560/6560 
f 6561/6561/6561 6562/6562/6562 6563/6563/6563 
f 6563/6563/6563 6562/6562/6562 6564/6564/6564 
f 6565/6565/6565 6566/6566/6566 6567/6567/6567 
f 6567/6567/6567 6566/6566/6566 6568/6568/6568 
f 6569/6569/6569 6570/6570/6570 6571/6571/6571 
f 6571/6571/6571 6570/6570/6570 6572/6572/6572 
f 6573/6573/6573 6574/6574/6574 6575/6575/6575 
f 6575/6575/6575 6574/6574/6574 6576/6576/6576 

g Volcanopart222

v 44.4733 29.1886 -109.541 
v 83.0633 13.6549 -153.346 
v 43.8534 24.9889 -108.598 
v 82.4434 9.45526 -152.403 
v 123.173 15.5207 -118.674 
v 83.0633 13.6549 -153.346 
v 84.5832 31.0544 -74.868 
v 44.4733 29.1886 -109.541 
v 83.0633 13.6549 -153.346 
v 123.173 15.5207 -118.674 
v 82.4434 9.45526 -152.403 
v 122.553 11.321 -117.731 
v 123.173 15.5207 -118.674 
v 84.5832 31.0544 -74.868 
v 122.553 11.321 -117.731 
v 83.9633 26.8547 -73.9249 
v 83.9633 26.8547 -73.9249 
v 43.8534 24.9889 -108.598 
v 122.553 11.321 -117.731 
v 82.4434 9.45526 -152.403 
v 84.5832 31.0544 -74.868 
v 44.4733 29.1886 -109.541 
v 83.9633 26.8547 -73.9249 
v 43.8534 24.9889 -108.598 

vn -0.755906 -0.0314961 -0.653543 
vn -0.755906 -0.0314961 -0.653543 
vn -0.755906 -0.0314961 -0.653543 
vn -0.755906 -0.0314961 -0.653543 
vn 0.141732 0.968504 -0.220472 
vn 0.141732 0.968504 -0.220472 
vn 0.141732 0.968504 -0.220472 
vn 0.141732 0.968504 -0.220472 
vn 0.637795 -0.259843 -0.724409 
vn 0.637795 -0.259843 -0.724409 
vn 0.637795 -0.259843 -0.724409 
vn 0.637795 -0.259843 -0.724409 
vn 0.755906 0.0314961 0.653543 
vn 0.755906 0.0314961 0.653543 
vn 0.755906 0.0314961 0.653543 
vn 0.755906 0.0314961 0.653543 
vn -0.141732 -0.968504 0.220472 
vn -0.141732 -0.968504 0.220472 
vn -0.141732 -0.968504 0.220472 
vn -0.141732 -0.968504 0.220472 
vn -0.637795 0.259843 0.724409 
vn -0.637795 0.259843 0.724409 
vn -0.637795 0.259843 0.724409 
vn -0.637795 0.259843 0.724409 

vt 11.8587 -1.19349 
vt 4.30737 -1.19349 
vt 11.8587 -1.73707 
vt 4.30737 -1.73707 
vt 10.9388 -1.19349 
vt 4.30737 -1.19349 
vt 10.9388 -8.7448 
vt 4.30737 -8.7448 
vt 10.9388 -1.19349 
vt 4.30737 -1.19349 
vt 10.9388 -1.73707 
vt 4.30737 -1.73707 
vt 11.8587 -1.19349 
vt 4.30737 -1.19349 
vt 11.8587 -1.73707 
vt 4.30737 -1.73707 
vt 10.9388 -1.19349 
vt 4.30737 -1.19349 
vt 10.9388 -8.7448 
vt 4.30737 -8.7448 
vt 10.9388 -1.19349 
vt 4.30737 -1.19349 
vt 10.9388 -1.73707 
vt 4.30737 -1.73707 

usemtl Volcanopart1Mtl

f 6577/6577/6577 6578/6578/6578 6579/6579/6579 
f 6579/6579/6579 6578/6578/6578 6580/6580/6580 
f 6581/6581/6581 6582/6582/6582 6583/6583/6583 
f 6583/6583/6583 6582/6582/6582 6584/6584/6584 
f 6585/6585/6585 6586/6586/6586 6587/6587/6587 
f 6587/6587/6587 6586/6586/6586 6588/6588/6588 
f 6589/6589/6589 6590/6590/6590 6591/6591/6591 
f 6591/6591/6591 6590/6590/6590 6592/6592/6592 
f 6593/6593/6593 6594/6594/6594 6595/6595/6595 
f 6595/6595/6595 6594/6594/6594 6596/6596/6596 
f 6597/6597/6597 6598/6598/6598 6599/6599/6599 
f 6599/6599/6599 6598/6598/6598 6600/6600/6600 

g Volcanopart223

v 60.3665 30.2714 -104.771 
v 102.758 15.6114 -139.873 
v 58.7442 22.9764 -103.684 
v 101.136 8.31642 -138.786 
v 136.307 14.2733 -98.7979 
v 102.758 15.6114 -139.873 
v 93.9154 28.9332 -63.6961 
v 60.3665 30.2714 -104.771 
v 102.758 15.6114 -139.873 
v 136.307 14.2733 -98.7979 
v 101.136 8.31642 -138.786 
v 134.685 6.97828 -97.7104 
v 136.307 14.2733 -98.7979 
v 93.9154 28.9332 -63.6961 
v 134.685 6.97828 -97.7104 
v 92.293 21.6383 -62.6087 
v 92.293 21.6383 -62.6087 
v 58.7442 22.9764 -103.684 
v 134.685 6.97828 -97.7104 
v 101.136 8.31642 -138.786 
v 93.9154 28.9332 -63.6961 
v 60.3665 30.2714 -104.771 
v 92.293 21.6383 -62.6087 
v 58.7442 22.9764 -103.684 

vn -0.629921 0.023622 -0.771654 
vn -0.629921 0.023622 -0.771654 
vn -0.629921 0.023622 -0.771654 
vn -0.629921 0.023622 -0.771654 
vn 0.212598 0.968504 -0.141732 
vn 0.212598 0.968504 -0.141732 
vn 0.212598 0.968504 -0.141732 
vn 0.212598 0.968504 -0.141732 
vn 0.748031 -0.259843 -0.614173 
vn 0.748031 -0.259843 -0.614173 
vn 0.748031 -0.259843 -0.614173 
vn 0.748031 -0.259843 -0.614173 
vn 0.629921 -0.023622 0.771654 
vn 0.629921 -0.023622 0.771654 
vn 0.629921 -0.023622 0.771654 
vn 0.629921 -0.023622 0.771654 
vn -0.212598 -0.968504 0.141732 
vn -0.212598 -0.968504 0.141732 
vn -0.212598 -0.968504 0.141732 
vn -0.212598 -0.968504 0.141732 
vn -0.748031 0.259843 0.614173 
vn -0.748031 0.259843 0.614173 
vn -0.748031 0.259843 0.614173 
vn -0.748031 0.259843 0.614173 

vt 10.056 2.98042 
vt 2.93637 2.98042 
vt 10.056 2.03644 
vt 2.93637 2.03644 
vt 9.56782 2.98042 
vt 2.93637 2.98042 
vt 9.56782 -4.1392 
vt 2.93637 -4.1392 
vt 9.56782 2.98042 
vt 2.93637 2.98042 
vt 9.56782 2.03644 
vt 2.93637 2.03644 
vt 10.056 2.98042 
vt 2.93637 2.98042 
vt 10.056 2.03644 
vt 2.93637 2.03644 
vt 9.56782 2.98042 
vt 2.93637 2.98042 
vt 9.56782 -4.1392 
vt 2.93637 -4.1392 
vt 9.56782 2.98042 
vt 2.93637 2.98042 
vt 9.56782 2.03644 
vt 2.93637 2.03644 

usemtl Volcanopart1Mtl

f 6601/6601/6601 6602/6602/6602 6603/6603/6603 
f 6603/6603/6603 6602/6602/6602 6604/6604/6604 
f 6605/6605/6605 6606/6606/6606 6607/6607/6607 
f 6607/6607/6607 6606/6606/6606 6608/6608/6608 
f 6609/6609/6609 6610/6610/6610 6611/6611/6611 
f 6611/6611/6611 6610/6610/6610 6612/6612/6612 
f 6613/6613/6613 6614/6614/6614 6615/6615/6615 
f 6615/6615/6615 6614/6614/6614 6616/6616/6616 
f 6617/6617/6617 6618/6618/6618 6619/6619/6619 
f 6619/6619/6619 6618/6618/6618 6620/6620/6620 
f 6621/6621/6621 6622/6622/6622 6623/6623/6623 
f 6623/6623/6623 6622/6622/6622 6624/6624/6624 

g Volcanopart224

v 74.2484 28.3454 -96.5999 
v 118.533 14.6207 -122.821 
v 73.362 24.1797 -95.9165 
v 117.647 10.455 -122.137 
v 145.921 16.2419 -77.4137 
v 118.533 14.6207 -122.821 
v 101.636 29.9666 -51.193 
v 74.2484 28.3454 -96.5999 
v 118.533 14.6207 -122.821 
v 145.921 16.2419 -77.4137 
v 117.647 10.455 -122.137 
v 145.034 12.0761 -76.7303 
v 145.921 16.2419 -77.4137 
v 101.636 29.9666 -51.193 
v 145.034 12.0761 -76.7303 
v 100.749 25.8009 -50.5096 
v 100.749 25.8009 -50.5096 
v 73.362 24.1797 -95.9165 
v 145.034 12.0761 -76.7303 
v 117.647 10.455 -122.137 
v 101.636 29.9666 -51.193 
v 74.2484 28.3454 -96.5999 
v 100.749 25.8009 -50.5096 
v 73.362 24.1797 -95.9165 

vn -0.519685 -0.0314961 -0.858268 
vn -0.519685 -0.0314961 -0.858268 
vn -0.519685 -0.0314961 -0.858268 
vn -0.519685 -0.0314961 -0.858268 
vn 0.204724 0.968504 -0.15748 
vn 0.204724 0.968504 -0.15748 
vn 0.204724 0.968504 -0.15748 
vn 0.204724 0.968504 -0.15748 
vn 0.834646 -0.259843 -0.496063 
vn 0.834646 -0.259843 -0.496063 
vn 0.834646 -0.259843 -0.496063 
vn 0.834646 -0.259843 -0.496063 
vn 0.519685 0.0314961 0.858268 
vn 0.519685 0.0314961 0.858268 
vn 0.519685 0.0314961 0.858268 
vn 0.519685 0.0314961 0.858268 
vn -0.204724 -0.968504 0.15748 
vn -0.204724 -0.968504 0.15748 
vn -0.204724 -0.968504 0.15748 
vn -0.204724 -0.968504 0.15748 
vn -0.834646 0.259843 0.496063 
vn -0.834646 0.259843 0.496063 
vn -0.834646 0.259843 0.496063 
vn -0.834646 0.259843 0.496063 

vt 4.54636 -1.49288 
vt -2.11165 -1.49288 
vt 4.54636 -2.03206 
vt -2.11165 -2.03206 
vt 4.51981 -1.49288 
vt -2.11165 -1.49288 
vt 4.51981 -8.15088 
vt -2.11165 -8.15088 
vt 4.51981 -1.49288 
vt -2.11165 -1.49288 
vt 4.51981 -2.03206 
vt -2.11165 -2.03206 
vt 4.54636 -1.49288 
vt -2.11165 -1.49288 
vt 4.54636 -2.03206 
vt -2.11165 -2.03206 
vt 4.51981 -1.49288 
vt -2.11165 -1.49288 
vt 4.51981 -8.15088 
vt -2.11165 -8.15088 
vt 4.51981 -1.49288 
vt -2.11165 -1.49288 
vt 4.51981 -2.03206 
vt -2.11165 -2.03206 

usemtl Volcanopart1Mtl

f 6625/6625/6625 6626/6626/6626 6627/6627/6627 
f 6627/6627/6627 6626/6626/6626 6628/6628/6628 
f 6629/6629/6629 6630/6630/6630 6631/6631/6631 
f 6631/6631/6631 6630/6630/6630 6632/6632/6632 
f 6633/6633/6633 6634/6634/6634 6635/6635/6635 
f 6635/6635/6635 6634/6634/6634 6636/6636/6636 
f 6637/6637/6637 6638/6638/6638 6639/6639/6639 
f 6639/6639/6639 6638/6638/6638 6640/6640/6640 
f 6641/6641/6641 6642/6642/6642 6643/6643/6643 
f 6643/6643/6643 6642/6642/6642 6644/6644/6644 
f 6645/6645/6645 6646/6646/6646 6647/6647/6647 
f 6647/6647/6647 6646/6646/6646 6648/6648/6648 

g Volcanopart225

v 59.0793 33.5938 -74.7085 
v 134.876 11.8204 -104.768 
v 57.6971 28.183 -74.2744 
v 133.494 6.40962 -104.334 
v 154.189 10.8502 -55.3657 
v 134.876 11.8204 -104.768 
v 78.3921 32.6236 -25.3065 
v 59.0793 33.5938 -74.7085 
v 134.876 11.8204 -104.768 
v 154.189 10.8502 -55.3657 
v 133.494 6.40962 -104.334 
v 152.807 5.43943 -54.9317 
v 154.189 10.8502 -55.3657 
v 78.3921 32.6236 -25.3065 
v 152.807 5.43943 -54.9317 
v 77.0099 27.2129 -24.8725 
v 77.0099 27.2129 -24.8725 
v 57.6971 28.183 -74.2744 
v 152.807 5.43943 -54.9317 
v 133.494 6.40962 -104.334 
v 78.3921 32.6236 -25.3065 
v 59.0793 33.5938 -74.7085 
v 77.0099 27.2129 -24.8725 
v 57.6971 28.183 -74.2744 

vn -0.362205 0.015748 -0.929134 
vn -0.362205 0.015748 -0.929134 
vn -0.362205 0.015748 -0.929134 
vn -0.362205 0.015748 -0.929134 
vn 0.244094 0.968504 -0.0787402 
vn 0.244094 0.968504 -0.0787402 
vn 0.244094 0.968504 -0.0787402 
vn 0.244094 0.968504 -0.0787402 
vn 0.897638 -0.259843 -0.354331 
vn 0.897638 -0.259843 -0.354331 
vn 0.897638 -0.259843 -0.354331 
vn 0.897638 -0.259843 -0.354331 
vn 0.362205 -0.015748 0.929134 
vn 0.362205 -0.015748 0.929134 
vn 0.362205 -0.015748 0.929134 
vn 0.362205 -0.015748 0.929134 
vn -0.244094 -0.968504 0.0787402 
vn -0.244094 -0.968504 0.0787402 
vn -0.244094 -0.968504 0.0787402 
vn -0.244094 -0.968504 0.0787402 
vn -0.897638 0.259843 0.354331 
vn -0.897638 0.259843 0.354331 
vn -0.897638 0.259843 0.354331 
vn -0.897638 0.259843 0.354331 

vt 17.987 -5.34276 
vt 7.43738 -5.34276 
vt 17.987 -6.04293 
vt 7.43738 -6.04293 
vt 14.0688 -5.34276 
vt 7.43738 -5.34276 
vt 14.0688 -15.8924 
vt 7.43738 -15.8924 
vt 14.0688 -5.34276 
vt 7.43738 -5.34276 
vt 14.0688 -6.04293 
vt 7.43738 -6.04293 
vt 17.987 -5.34276 
vt 7.43738 -5.34276 
vt 17.987 -6.04293 
vt 7.43738 -6.04293 
vt 14.0688 -5.34276 
vt 7.43738 -5.34276 
vt 14.0688 -15.8924 
vt 7.43738 -15.8924 
vt 14.0688 -5.34276 
vt 7.43738 -5.34276 
vt 14.0688 -6.04293 
vt 7.43738 -6.04293 

usemtl Volcanopart1Mtl

f 6649/6649/6649 6650/6650/6650 6651/6651/6651 
f 6651/6651/6651 6650/6650/6650 6652/6652/6652 
f 6653/6653/6653 6654/6654/6654 6655/6655/6655 
f 6655/6655/6655 6654/6654/6654 6656/6656/6656 
f 6657/6657/6657 6658/6658/6658 6659/6659/6659 
f 6659/6659/6659 6658/6658/6658 6660/6660/6660 
f 6661/6661/6661 6662/6662/6662 6663/6663/6663 
f 6663/6663/6663 6662/6662/6662 6664/6664/6664 
f 6665/6665/6665 6666/6666/6666 6667/6667/6667 
f 6667/6667/6667 6666/6666/6666 6668/6668/6668 
f 6669/6669/6669 6670/6670/6670 6671/6671/6671 
f 6671/6671/6671 6670/6670/6670 6672/6672/6672 

g Volcanopart226

v 91.7656 28.6403 -71.5509 
v 143.633 14.4269 -83.1768 
v 90.1898 22.4666 -71.0332 
v 142.057 8.25315 -82.6592 
v 155.568 15.7134 -31.5012 
v 143.633 14.4269 -83.1768 
v 103.701 29.9268 -19.8753 
v 91.7656 28.6403 -71.5509 
v 143.633 14.4269 -83.1768 
v 155.568 15.7134 -31.5012 
v 142.057 8.25315 -82.6592 
v 153.992 9.53969 -30.9836 
v 155.568 15.7134 -31.5012 
v 103.701 29.9268 -19.8753 
v 153.992 9.53969 -30.9836 
v 102.125 23.7531 -19.3577 
v 102.125 23.7531 -19.3577 
v 90.1898 22.4666 -71.0332 
v 153.992 9.53969 -30.9836 
v 142.057 8.25315 -82.6592 
v 103.701 29.9268 -19.8753 
v 91.7656 28.6403 -71.5509 
v 102.125 23.7531 -19.3577 
v 90.1898 22.4666 -71.0332 

vn -0.228346 -0.023622 -0.976378 
vn -0.228346 -0.023622 -0.976378 
vn -0.228346 -0.023622 -0.976378 
vn -0.228346 -0.023622 -0.976378 
vn 0.244094 0.968504 -0.0787402 
vn 0.244094 0.968504 -0.0787402 
vn 0.244094 0.968504 -0.0787402 
vn 0.244094 0.968504 -0.0787402 
vn 0.944882 -0.259843 -0.212598 
vn 0.944882 -0.259843 -0.212598 
vn 0.944882 -0.259843 -0.212598 
vn 0.944882 -0.259843 -0.212598 
vn 0.228346 0.023622 0.976378 
vn 0.228346 0.023622 0.976378 
vn 0.228346 0.023622 0.976378 
vn 0.228346 0.023622 0.976378 
vn -0.244094 -0.968504 0.0787402 
vn -0.244094 -0.968504 0.0787402 
vn -0.244094 -0.968504 0.0787402 
vn -0.244094 -0.968504 0.0787402 
vn -0.944882 0.259843 0.212598 
vn -0.944882 0.259843 0.212598 
vn -0.944882 0.259843 0.212598 
vn -0.944882 0.259843 0.212598 

vt 5.32895 -5.89845 
vt -1.54875 -5.89845 
vt 5.32895 -6.69753 
vt -1.54875 -6.69753 
vt 5.0827 -5.89845 
vt -1.54875 -5.89845 
vt 5.0827 -12.7761 
vt -1.54875 -12.7761 
vt 5.0827 -5.89845 
vt -1.54875 -5.89845 
vt 5.0827 -6.69753 
vt -1.54875 -6.69753 
vt 5.32895 -5.89845 
vt -1.54875 -5.89845 
vt 5.32895 -6.69753 
vt -1.54875 -6.69753 
vt 5.0827 -5.89845 
vt -1.54875 -5.89845 
vt 5.0827 -12.7761 
vt -1.54875 -12.7761 
vt 5.0827 -5.89845 
vt -1.54875 -5.89845 
vt 5.0827 -6.69753 
vt -1.54875 -6.69753 

usemtl Volcanopart1Mtl

f 6673/6673/6673 6674/6674/6674 6675/6675/6675 
f 6675/6675/6675 6674/6674/6674 6676/6676/6676 
f 6677/6677/6677 6678/6678/6678 6679/6679/6679 
f 6679/6679/6679 6678/6678/6678 6680/6680/6680 
f 6681/6681/6681 6682/6682/6682 6683/6683/6683 
f 6683/6683/6683 6682/6682/6682 6684/6684/6684 
f 6685/6685/6685 6686/6686/6686 6687/6687/6687 
f 6687/6687/6687 6686/6686/6686 6688/6688/6688 
f 6689/6689/6689 6690/6690/6690 6691/6691/6691 
f 6691/6691/6691 6690/6690/6690 6692/6692/6692 
f 6693/6693/6693 6694/6694/6694 6695/6695/6695 
f 6695/6695/6695 6694/6694/6694 6696/6696/6696 

g Volcanopart227

v 88.9415 30.793 -56.787 
v 152.175 13.8259 -60.8041 
v 86.8609 23.0228 -56.7189 
v 150.094 6.05572 -60.7361 
v 155.429 13.4183 -7.85398 
v 152.175 13.8259 -60.8041 
v 92.196 30.3854 -3.83684 
v 88.9415 30.793 -56.787 
v 152.175 13.8259 -60.8041 
v 155.429 13.4183 -7.85398 
v 150.094 6.05572 -60.7361 
v 153.349 5.64807 -7.78591 
v 155.429 13.4183 -7.85398 
v 92.196 30.3854 -3.83684 
v 153.349 5.64807 -7.78591 
v 90.1154 22.6152 -3.76878 
v 90.1154 22.6152 -3.76878 
v 86.8609 23.0228 -56.7189 
v 153.349 5.64807 -7.78591 
v 150.094 6.05572 -60.7361 
v 92.196 30.3854 -3.83684 
v 88.9415 30.793 -56.787 
v 90.1154 22.6152 -3.76878 
v 86.8609 23.0228 -56.7189 

vn -0.0629921 0.00787402 -1 
vn -0.0629921 0.00787402 -1 
vn -0.0629921 0.00787402 -1 
vn -0.0629921 0.00787402 -1 
vn 0.259843 0.968504 -0.00787402 
vn 0.259843 0.968504 -0.00787402 
vn 0.259843 0.968504 -0.00787402 
vn 0.259843 0.968504 -0.00787402 
vn 0.96063 -0.259843 -0.0629921 
vn 0.96063 -0.259843 -0.0629921 
vn 0.96063 -0.259843 -0.0629921 
vn 0.96063 -0.259843 -0.0629921 
vn 0.0629921 -0.00787402 1 
vn 0.0629921 -0.00787402 1 
vn 0.0629921 -0.00787402 1 
vn 0.0629921 -0.00787402 1 
vn -0.259843 -0.968504 0.00787402 
vn -0.259843 -0.968504 0.00787402 
vn -0.259843 -0.968504 0.00787402 
vn -0.259843 -0.968504 0.00787402 
vn -0.96063 0.259843 0.0629921 
vn -0.96063 0.259843 0.0629921 
vn -0.96063 0.259843 0.0629921 
vn -0.96063 0.259843 0.0629921 

vt 12.0104 5.34819 
vt 3.81126 5.34819 
vt 12.0104 4.34266 
vt 3.81126 4.34266 
vt 10.4427 5.34819 
vt 3.81126 5.34819 
vt 10.4427 -2.85096 
vt 3.81126 -2.85096 
vt 10.4427 5.34819 
vt 3.81126 5.34819 
vt 10.4427 4.34266 
vt 3.81126 4.34266 
vt 12.0104 5.34819 
vt 3.81126 5.34819 
vt 12.0104 4.34266 
vt 3.81126 4.34266 
vt 10.4427 5.34819 
vt 3.81126 5.34819 
vt 10.4427 -2.85096 
vt 3.81126 -2.85096 
vt 10.4427 5.34819 
vt 3.81126 5.34819 
vt 10.4427 4.34266 
vt 3.81126 4.34266 

usemtl Volcanopart1Mtl

f 6697/6697/6697 6698/6698/6698 6699/6699/6699 
f 6699/6699/6699 6698/6698/6698 6700/6700/6700 
f 6701/6701/6701 6702/6702/6702 6703/6703/6703 
f 6703/6703/6703 6702/6702/6702 6704/6704/6704 
f 6705/6705/6705 6706/6706/6706 6707/6707/6707 
f 6707/6707/6707 6706/6706/6706 6708/6708/6708 
f 6709/6709/6709 6710/6710/6710 6711/6711/6711 
f 6711/6711/6711 6710/6710/6710 6712/6712/6712 
f 6713/6713/6713 6714/6714/6714 6715/6715/6715 
f 6715/6715/6715 6714/6714/6714 6716/6716/6716 
f 6717/6717/6717 6718/6718/6718 6719/6719/6719 
f 6719/6719/6719 6718/6718/6718 6720/6720/6720 

g Volcanopart228

v 93.0625 31.6127 -43.18 
v 155.967 14.6688 -37.2728 
v 91.4175 25.3585 -43.602 
v 154.322 8.41469 -37.6948 
v 150.449 12.5627 15.449 
v 155.967 14.6688 -37.2728 
v 87.5443 29.5066 9.54185 
v 93.0625 31.6127 -43.18 
v 155.967 14.6688 -37.2728 
v 150.449 12.5627 15.449 
v 154.322 8.41469 -37.6948 
v 148.804 6.3086 15.027 
v 150.449 12.5627 15.449 
v 87.5443 29.5066 9.54185 
v 148.804 6.3086 15.027 
v 85.8994 23.2524 9.11984 
v 85.8994 23.2524 9.11984 
v 91.4175 25.3585 -43.602 
v 148.804 6.3086 15.027 
v 154.322 8.41469 -37.6948 
v 87.5443 29.5066 9.54185 
v 93.0625 31.6127 -43.18 
v 85.8994 23.2524 9.11984 
v 91.4175 25.3585 -43.602 

vn 0.102362 0.0393701 -0.992126 
vn 0.102362 0.0393701 -0.992126 
vn 0.102362 0.0393701 -0.992126 
vn 0.102362 0.0393701 -0.992126 
vn 0.251969 0.968504 0.0629921 
vn 0.251969 0.968504 0.0629921 
vn 0.251969 0.968504 0.0629921 
vn 0.251969 0.968504 0.0629921 
vn 0.96063 -0.259843 0.0866142 
vn 0.96063 -0.259843 0.0866142 
vn 0.96063 -0.259843 0.0866142 
vn 0.96063 -0.259843 0.0866142 
vn -0.102362 -0.0393701 0.992126 
vn -0.102362 -0.0393701 0.992126 
vn -0.102362 -0.0393701 0.992126 
vn -0.102362 -0.0393701 0.992126 
vn -0.251969 -0.968504 -0.0629921 
vn -0.251969 -0.968504 -0.0629921 
vn -0.251969 -0.968504 -0.0629921 
vn -0.251969 -0.968504 -0.0629921 
vn -0.96063 0.259843 -0.0866142 
vn -0.96063 0.259843 -0.0866142 
vn -0.96063 0.259843 -0.0866142 
vn -0.96063 0.259843 -0.0866142 

vt 8.59043 -5.49615 
vt 0.413651 -5.49615 
vt 8.59043 -6.30623 
vt 0.413651 -6.30623 
vt 7.04511 -5.49615 
vt 0.413651 -5.49615 
vt 7.04511 -13.6729 
vt 0.413651 -13.6729 
vt 7.04511 -5.49615 
vt 0.413651 -5.49615 
vt 7.04511 -6.30623 
vt 0.413651 -6.30623 
vt 8.59043 -5.49615 
vt 0.413651 -5.49615 
vt 8.59043 -6.30623 
vt 0.413651 -6.30623 
vt 7.04511 -5.49615 
vt 0.413651 -5.49615 
vt 7.04511 -13.6729 
vt 0.413651 -13.6729 
vt 7.04511 -5.49615 
vt 0.413651 -5.49615 
vt 7.04511 -6.30623 
vt 0.413651 -6.30623 

usemtl Volcanopart1Mtl

f 6721/6721/6721 6722/6722/6722 6723/6723/6723 
f 6723/6723/6723 6722/6722/6722 6724/6724/6724 
f 6725/6725/6725 6726/6726/6726 6727/6727/6727 
f 6727/6727/6727 6726/6726/6726 6728/6728/6728 
f 6729/6729/6729 6730/6730/6730 6731/6731/6731 
f 6731/6731/6731 6730/6730/6730 6732/6732/6732 
f 6733/6733/6733 6734/6734/6734 6735/6735/6735 
f 6735/6735/6735 6734/6734/6734 6736/6736/6736 
f 6737/6737/6737 6738/6738/6738 6739/6739/6739 
f 6739/6739/6739 6738/6738/6738 6740/6740/6740 
f 6741/6741/6741 6742/6742/6742 6743/6743/6743 
f 6743/6743/6743 6742/6742/6742 6744/6744/6744 

g Volcanopart229

v 98.6022 30.1095 -28.41 
v 155.399 14.3639 -13.8638 
v 97.255 24.897 -28.7922 
v 154.051 9.15135 -14.246 
v 142.148 14.0228 37.5052 
v 155.399 14.3639 -13.8638 
v 85.3515 29.7684 22.959 
v 98.6022 30.1095 -28.41 
v 155.399 14.3639 -13.8638 
v 142.148 14.0228 37.5052 
v 154.051 9.15135 -14.246 
v 140.801 8.81026 37.1231 
v 142.148 14.0228 37.5052 
v 85.3515 29.7684 22.959 
v 140.801 8.81026 37.1231 
v 84.0043 24.5559 22.5769 
v 84.0043 24.5559 22.5769 
v 97.255 24.897 -28.7922 
v 140.801 8.81026 37.1231 
v 154.051 9.15135 -14.246 
v 85.3515 29.7684 22.959 
v 98.6022 30.1095 -28.41 
v 84.0043 24.5559 22.5769 
v 97.255 24.897 -28.7922 

vn 0.251969 0.00787402 -0.968504 
vn 0.251969 0.00787402 -0.968504 
vn 0.251969 0.00787402 -0.968504 
vn 0.251969 0.00787402 -0.968504 
vn 0.251969 0.968504 0.0708661 
vn 0.251969 0.968504 0.0708661 
vn 0.251969 0.968504 0.0708661 
vn 0.251969 0.968504 0.0708661 
vn 0.937008 -0.259843 0.23622 
vn 0.937008 -0.259843 0.23622 
vn 0.937008 -0.259843 0.23622 
vn 0.937008 -0.259843 0.23622 
vn -0.251969 -0.00787402 0.968504 
vn -0.251969 -0.00787402 0.968504 
vn -0.251969 -0.00787402 0.968504 
vn -0.251969 -0.00787402 0.968504 
vn -0.251969 -0.968504 -0.0708661 
vn -0.251969 -0.968504 -0.0708661 
vn -0.251969 -0.968504 -0.0708661 
vn -0.251969 -0.968504 -0.0708661 
vn -0.937008 0.259843 -0.23622 
vn -0.937008 0.259843 -0.23622 
vn -0.937008 0.259843 -0.23622 
vn -0.937008 0.259843 -0.23622 

vt 5.74411 3.0073 
vt -1.84427 3.0073 
vt 5.74411 2.33264 
vt -1.84427 2.33264 
vt 4.78719 3.0073 
vt -1.84427 3.0073 
vt 4.78719 -4.58107 
vt -1.84427 -4.58107 
vt 4.78719 3.0073 
vt -1.84427 3.0073 
vt 4.78719 2.33264 
vt -1.84427 2.33264 
vt 5.74411 3.0073 
vt -1.84427 3.0073 
vt 5.74411 2.33264 
vt -1.84427 2.33264 
vt 4.78719 3.0073 
vt -1.84427 3.0073 
vt 4.78719 -4.58107 
vt -1.84427 -4.58107 
vt 4.78719 3.0073 
vt -1.84427 3.0073 
vt 4.78719 2.33264 
vt -1.84427 2.33264 

usemtl Volcanopart1Mtl

f 6745/6745/6745 6746/6746/6746 6747/6747/6747 
f 6747/6747/6747 6746/6746/6746 6748/6748/6748 
f 6749/6749/6749 6750/6750/6750 6751/6751/6751 
f 6751/6751/6751 6750/6750/6750 6752/6752/6752 
f 6753/6753/6753 6754/6754/6754 6755/6755/6755 
f 6755/6755/6755 6754/6754/6754 6756/6756/6756 
f 6757/6757/6757 6758/6758/6758 6759/6759/6759 
f 6759/6759/6759 6758/6758/6758 6760/6760/6760 
f 6761/6761/6761 6762/6762/6762 6763/6763/6763 
f 6763/6763/6763 6762/6762/6762 6764/6764/6764 
f 6765/6765/6765 6766/6766/6766 6767/6767/6767 
f 6767/6767/6767 6766/6766/6766 6768/6768/6768 

g Volcanopart230

v 105.701 29.2649 -10.3656 
v 151.7 15.789 9.50844 
v 103.759 21.1011 -11.4054 
v 149.758 7.62525 8.46858 
v 130.389 14.673 58.0784 
v 151.7 15.789 9.50844 
v 84.3895 28.1489 38.2044 
v 105.701 29.2649 -10.3656 
v 151.7 15.789 9.50844 
v 130.389 14.673 58.0784 
v 149.758 7.62525 8.46858 
v 128.446 6.50928 57.0386 
v 130.389 14.673 58.0784 
v 84.3895 28.1489 38.2044 
v 128.446 6.50928 57.0386 
v 82.4471 19.9851 37.1646 
v 82.4471 19.9851 37.1646 
v 103.759 21.1011 -11.4054 
v 128.446 6.50928 57.0386 
v 149.758 7.62525 8.46858 
v 84.3895 28.1489 38.2044 
v 105.701 29.2649 -10.3656 
v 82.4471 19.9851 37.1646 
v 103.759 21.1011 -11.4054 

vn 0.401575 0.023622 -0.913386 
vn 0.401575 0.023622 -0.913386 
vn 0.401575 0.023622 -0.913386 
vn 0.401575 0.023622 -0.913386 
vn 0.228346 0.968504 0.125984 
vn 0.228346 0.968504 0.125984 
vn 0.228346 0.968504 0.125984 
vn 0.228346 0.968504 0.125984 
vn 0.889764 -0.259843 0.385827 
vn 0.889764 -0.259843 0.385827 
vn 0.889764 -0.259843 0.385827 
vn 0.889764 -0.259843 0.385827 
vn -0.401575 -0.023622 0.913386 
vn -0.401575 -0.023622 0.913386 
vn -0.401575 -0.023622 0.913386 
vn -0.401575 -0.023622 0.913386 
vn -0.228346 -0.968504 -0.125984 
vn -0.228346 -0.968504 -0.125984 
vn -0.228346 -0.968504 -0.125984 
vn -0.228346 -0.968504 -0.125984 
vn -0.889764 0.259843 -0.385827 
vn -0.889764 0.259843 -0.385827 
vn -0.889764 0.259843 -0.385827 
vn -0.889764 0.259843 -0.385827 

vt 8.31928 -3.92044 
vt 1.83313 -3.92044 
vt 8.31928 -4.97742 
vt 1.83313 -4.97742 
vt 8.46458 -3.92044 
vt 1.83313 -3.92044 
vt 8.46458 -10.4066 
vt 1.83313 -10.4066 
vt 8.46458 -3.92044 
vt 1.83313 -3.92044 
vt 8.46458 -4.97742 
vt 1.83313 -4.97742 
vt 8.31928 -3.92044 
vt 1.83313 -3.92044 
vt 8.31928 -4.97742 
vt 1.83313 -4.97742 
vt 8.46458 -3.92044 
vt 1.83313 -3.92044 
vt 8.46458 -10.4066 
vt 1.83313 -10.4066 
vt 8.46458 -3.92044 
vt 1.83313 -3.92044 
vt 8.46458 -4.97742 
vt 1.83313 -4.97742 

usemtl Volcanopart1Mtl

f 6769/6769/6769 6770/6770/6770 6771/6771/6771 
f 6771/6771/6771 6770/6770/6770 6772/6772/6772 
f 6773/6773/6773 6774/6774/6774 6775/6775/6775 
f 6775/6775/6775 6774/6774/6774 6776/6776/6776 
f 6777/6777/6777 6778/6778/6778 6779/6779/6779 
f 6779/6779/6779 6778/6778/6778 6780/6780/6780 
f 6781/6781/6781 6782/6782/6782 6783/6783/6783 
f 6783/6783/6783 6782/6782/6782 6784/6784/6784 
f 6785/6785/6785 6786/6786/6786 6787/6787/6787 
f 6787/6787/6787 6786/6786/6786 6788/6788/6788 
f 6789/6789/6789 6790/6790/6790 6791/6791/6791 
f 6791/6791/6791 6790/6790/6790 6792/6792/6792 

g Volcanopart231

v 84.4607 31.3537 -6.25313 
v 145.479 11.9001 32.4241 
v 82.9069 24.7376 -7.12951 
v 143.925 5.28399 31.5478 
v 117.235 12.5855 77.3271 
v 145.479 11.9001 32.4241 
v 56.2167 32.0391 38.6499 
v 84.4607 31.3537 -6.25313 
v 145.479 11.9001 32.4241 
v 117.235 12.5855 77.3271 
v 143.925 5.28399 31.5478 
v 115.681 5.96936 76.4508 
v 117.235 12.5855 77.3271 
v 56.2167 32.0391 38.6499 
v 115.681 5.96936 76.4508 
v 54.6628 25.423 37.7735 
v 54.6628 25.423 37.7735 
v 82.9069 24.7376 -7.12951 
v 115.681 5.96936 76.4508 
v 143.925 5.28399 31.5478 
v 56.2167 32.0391 38.6499 
v 84.4607 31.3537 -6.25313 
v 54.6628 25.423 37.7735 
v 82.9069 24.7376 -7.12951 

vn 0.535433 -0.015748 -0.84252 
vn 0.535433 -0.015748 -0.84252 
vn 0.535433 -0.015748 -0.84252 
vn 0.535433 -0.015748 -0.84252 
vn 0.228346 0.968504 0.125984 
vn 0.228346 0.968504 0.125984 
vn 0.228346 0.968504 0.125984 
vn 0.228346 0.968504 0.125984 
vn 0.818898 -0.259843 0.519685 
vn 0.818898 -0.259843 0.519685 
vn 0.818898 -0.259843 0.519685 
vn 0.818898 -0.259843 0.519685 
vn -0.535433 0.015748 0.84252 
vn -0.535433 0.015748 0.84252 
vn -0.535433 0.015748 0.84252 
vn -0.535433 0.015748 0.84252 
vn -0.228346 -0.968504 -0.125984 
vn -0.228346 -0.968504 -0.125984 
vn -0.228346 -0.968504 -0.125984 
vn -0.228346 -0.968504 -0.125984 
vn -0.818898 0.259843 -0.519685 
vn -0.818898 0.259843 -0.519685 
vn -0.818898 0.259843 -0.519685 
vn -0.818898 0.259843 -0.519685 

vt 8.59374 -4.1375 
vt -0.758361 -4.1375 
vt 8.59374 -4.99404 
vt -0.758361 -4.99404 
vt 5.8731 -4.1375 
vt -0.758361 -4.1375 
vt 5.8731 -13.4896 
vt -0.758361 -13.4896 
vt 5.8731 -4.1375 
vt -0.758361 -4.1375 
vt 5.8731 -4.99404 
vt -0.758361 -4.99404 
vt 8.59374 -4.1375 
vt -0.758361 -4.1375 
vt 8.59374 -4.99404 
vt -0.758361 -4.99404 
vt 5.8731 -4.1375 
vt -0.758361 -4.1375 
vt 5.8731 -13.4896 
vt -0.758361 -13.4896 
vt 5.8731 -4.1375 
vt -0.758361 -4.1375 
vt 5.8731 -4.99404 
vt -0.758361 -4.99404 

usemtl Volcanopart1Mtl

f 6793/6793/6793 6794/6794/6794 6795/6795/6795 
f 6795/6795/6795 6794/6794/6794 6796/6796/6796 
f 6797/6797/6797 6798/6798/6798 6799/6799/6799 
f 6799/6799/6799 6798/6798/6798 6800/6800/6800 
f 6801/6801/6801 6802/6802/6802 6803/6803/6803 
f 6803/6803/6803 6802/6802/6802 6804/6804/6804 
f 6805/6805/6805 6806/6806/6806 6807/6807/6807 
f 6807/6807/6807 6806/6806/6806 6808/6808/6808 
f 6809/6809/6809 6810/6810/6810 6811/6811/6811 
f 6811/6811/6811 6810/6810/6810 6812/6812/6812 
f 6813/6813/6813 6814/6814/6814 6815/6815/6815 
f 6815/6815/6815 6814/6814/6814 6816/6816/6816 

g Volcanopart232

v 93.7936 28.9296 17.5677 
v 133.99 14.4888 52.9717 
v 92.0931 20.7272 16.1528 
v 132.29 6.28646 51.5568 
v 99.0025 14.8635 92.8488 
v 133.99 14.4888 52.9717 
v 58.8058 29.3043 57.4448 
v 93.7936 28.9296 17.5677 
v 133.99 14.4888 52.9717 
v 99.0025 14.8635 92.8488 
v 132.29 6.28646 51.5568 
v 97.302 6.6612 91.4339 
v 99.0025 14.8635 92.8488 
v 58.8058 29.3043 57.4448 
v 97.302 6.6612 91.4339 
v 57.1053 21.102 56.0299 
v 57.1053 21.102 56.0299 
v 92.0931 20.7272 16.1528 
v 97.302 6.6612 91.4339 
v 132.29 6.28646 51.5568 
v 58.8058 29.3043 57.4448 
v 93.7936 28.9296 17.5677 
v 57.1053 21.102 56.0299 
v 92.0931 20.7272 16.1528 

vn 0.661417 -0.00787402 -0.748031 
vn 0.661417 -0.00787402 -0.748031 
vn 0.661417 -0.00787402 -0.748031 
vn 0.661417 -0.00787402 -0.748031 
vn 0.19685 0.968504 0.165354 
vn 0.19685 0.968504 0.165354 
vn 0.19685 0.968504 0.165354 
vn 0.19685 0.968504 0.165354 
vn 0.724409 -0.259843 0.637795 
vn 0.724409 -0.259843 0.637795 
vn 0.724409 -0.259843 0.637795 
vn 0.724409 -0.259843 0.637795 
vn -0.661417 0.00787402 0.748031 
vn -0.661417 0.00787402 0.748031 
vn -0.661417 0.00787402 0.748031 
vn -0.661417 0.00787402 0.748031 
vn -0.19685 -0.968504 -0.165354 
vn -0.19685 -0.968504 -0.165354 
vn -0.19685 -0.968504 -0.165354 
vn -0.19685 -0.968504 -0.165354 
vn -0.724409 0.259843 -0.637795 
vn -0.724409 0.259843 -0.637795 
vn -0.724409 0.259843 -0.637795 
vn -0.724409 0.259843 -0.637795 

vt 14.206 -4.09123 
vt 7.27132 -4.09123 
vt 14.206 -5.15316 
vt 7.27132 -5.15316 
vt 13.9028 -4.09123 
vt 7.27132 -4.09123 
vt 13.9028 -11.0259 
vt 7.27132 -11.0259 
vt 13.9028 -4.09123 
vt 7.27132 -4.09123 
vt 13.9028 -5.15316 
vt 7.27132 -5.15316 
vt 14.206 -4.09123 
vt 7.27132 -4.09123 
vt 14.206 -5.15316 
vt 7.27132 -5.15316 
vt 13.9028 -4.09123 
vt 7.27132 -4.09123 
vt 13.9028 -11.0259 
vt 7.27132 -11.0259 
vt 13.9028 -4.09123 
vt 7.27132 -4.09123 
vt 13.9028 -5.15316 
vt 7.27132 -5.15316 

usemtl Volcanopart1Mtl

f 6817/6817/6817 6818/6818/6818 6819/6819/6819 
f 6819/6819/6819 6818/6818/6818 6820/6820/6820 
f 6821/6821/6821 6822/6822/6822 6823/6823/6823 
f 6823/6823/6823 6822/6822/6822 6824/6824/6824 
f 6825/6825/6825 6826/6826/6826 6827/6827/6827 
f 6827/6827/6827 6826/6826/6826 6828/6828/6828 
f 6829/6829/6829 6830/6830/6830 6831/6831/6831 
f 6831/6831/6831 6830/6830/6830 6832/6832/6832 
f 6833/6833/6833 6834/6834/6834 6835/6835/6835 
f 6835/6835/6835 6834/6834/6834 6836/6836/6836 
f 6837/6837/6837 6838/6838/6838 6839/6839/6839 
f 6839/6839/6839 6838/6838/6838 6840/6840/6840 

g Volcanopart233

v 85.3403 29.2974 30.0795 
v 120.005 14.6289 71.9464 
v 84.4389 24.0181 28.9761 
v 119.103 9.34951 70.843 
v 79.1263 14.5405 105.761 
v 120.005 14.6289 71.9464 
v 44.462 29.2091 63.8942 
v 85.3403 29.2974 30.0795 
v 120.005 14.6289 71.9464 
v 79.1263 14.5405 105.761 
v 119.103 9.34951 70.843 
v 78.2249 9.26118 104.658 
v 79.1263 14.5405 105.761 
v 44.462 29.2091 63.8942 
v 78.2249 9.26118 104.658 
v 43.5606 23.9297 62.7908 
v 43.5606 23.9297 62.7908 
v 84.4389 24.0181 28.9761 
v 78.2249 9.26118 104.658 
v 119.103 9.34951 70.843 
v 44.462 29.2091 63.8942 
v 85.3403 29.2974 30.0795 
v 43.5606 23.9297 62.7908 
v 84.4389 24.0181 28.9761 

vn 0.771654 0 -0.637795 
vn 0.771654 0 -0.637795 
vn 0.771654 0 -0.637795 
vn 0.771654 0 -0.637795 
vn 0.165354 0.968504 0.204724 
vn 0.165354 0.968504 0.204724 
vn 0.165354 0.968504 0.204724 
vn 0.165354 0.968504 0.204724 
vn 0.614173 -0.259843 0.740157 
vn 0.614173 -0.259843 0.740157 
vn 0.614173 -0.259843 0.740157 
vn 0.614173 -0.259843 0.740157 
vn -0.771654 0 0.637795 
vn -0.771654 0 0.637795 
vn -0.771654 0 0.637795 
vn -0.771654 0 0.637795 
vn -0.165354 -0.968504 -0.204724 
vn -0.165354 -0.968504 -0.204724 
vn -0.165354 -0.968504 -0.204724 
vn -0.165354 -0.968504 -0.204724 
vn -0.614173 0.259843 -0.740157 
vn -0.614173 0.259843 -0.740157 
vn -0.614173 0.259843 -0.740157 
vn -0.614173 0.259843 -0.740157 

vt 10.4916 8.14919 
vt 3.45418 8.14919 
vt 10.4916 7.46566 
vt 3.45418 7.46566 
vt 10.0856 8.14919 
vt 3.45418 8.14919 
vt 10.0856 1.11177 
vt 3.45418 1.11177 
vt 10.0856 8.14919 
vt 3.45418 8.14919 
vt 10.0856 7.46566 
vt 3.45418 7.46566 
vt 10.4916 8.14919 
vt 3.45418 8.14919 
vt 10.4916 7.46566 
vt 3.45418 7.46566 
vt 10.0856 8.14919 
vt 3.45418 8.14919 
vt 10.0856 1.11177 
vt 3.45418 1.11177 
vt 10.0856 8.14919 
vt 3.45418 8.14919 
vt 10.0856 7.46566 
vt 3.45418 7.46566 

usemtl Volcanopart1Mtl

f 6841/6841/6841 6842/6842/6842 6843/6843/6843 
f 6843/6843/6843 6842/6842/6842 6844/6844/6844 
f 6845/6845/6845 6846/6846/6846 6847/6847/6847 
f 6847/6847/6847 6846/6846/6846 6848/6848/6848 
f 6849/6849/6849 6850/6850/6850 6851/6851/6851 
f 6851/6851/6851 6850/6850/6850 6852/6852/6852 
f 6853/6853/6853 6854/6854/6854 6855/6855/6855 
f 6855/6855/6855 6854/6854/6854 6856/6856/6856 
f 6857/6857/6857 6858/6858/6858 6859/6859/6859 
f 6859/6859/6859 6858/6858/6858 6860/6860/6860 
f 6861/6861/6861 6862/6862/6862 6863/6863/6863 
f 6863/6863/6863 6862/6862/6862 6864/6864/6864 

g Volcanopart234

v 72.4625 30.8624 36.5837 
v 103.837 14.2245 89.5956 
v 71.5908 23.1903 34.6918 
v 102.965 6.55249 87.7036 
v 58.0095 12.849 116.287 
v 103.837 14.2245 89.5956 
v 26.6348 29.4868 63.2748 
v 72.4625 30.8624 36.5837 
v 103.837 14.2245 89.5956 
v 58.0095 12.849 116.287 
v 102.965 6.55249 87.7036 
v 57.1378 5.17698 114.395 
v 58.0095 12.849 116.287 
v 26.6348 29.4868 63.2748 
v 57.1378 5.17698 114.395 
v 25.7632 21.8148 61.3828 
v 25.7632 21.8148 61.3828 
v 71.5908 23.1903 34.6918 
v 57.1378 5.17698 114.395 
v 102.965 6.55249 87.7036 
v 26.6348 29.4868 63.2748 
v 72.4625 30.8624 36.5837 
v 25.7632 21.8148 61.3828 
v 71.5908 23.1903 34.6918 

vn 0.866142 0.023622 -0.503937 
vn 0.866142 0.023622 -0.503937 
vn 0.866142 0.023622 -0.503937 
vn 0.866142 0.023622 -0.503937 
vn 0.110236 0.968504 0.23622 
vn 0.110236 0.968504 0.23622 
vn 0.110236 0.968504 0.23622 
vn 0.110236 0.968504 0.23622 
vn 0.488189 -0.259843 0.834646 
vn 0.488189 -0.259843 0.834646 
vn 0.488189 -0.259843 0.834646 
vn 0.488189 -0.259843 0.834646 
vn -0.866142 -0.023622 0.503937 
vn -0.866142 -0.023622 0.503937 
vn -0.866142 -0.023622 0.503937 
vn -0.866142 -0.023622 0.503937 
vn -0.110236 -0.968504 -0.23622 
vn -0.110236 -0.968504 -0.23622 
vn -0.110236 -0.968504 -0.23622 
vn -0.110236 -0.968504 -0.23622 
vn -0.488189 0.259843 -0.834646 
vn -0.488189 0.259843 -0.834646 
vn -0.488189 0.259843 -0.834646 
vn -0.488189 0.259843 -0.834646 

vt 2.86163 2.6887 
vt -5.11436 2.6887 
vt 2.86163 1.69497 
vt -5.11436 1.69497 
vt 1.5171 2.6887 
vt -5.11436 2.6887 
vt 1.5171 -5.28728 
vt -5.11436 -5.28728 
vt 1.5171 2.6887 
vt -5.11436 2.6887 
vt 1.5171 1.69497 
vt -5.11436 1.69497 
vt 2.86163 2.6887 
vt -5.11436 2.6887 
vt 2.86163 1.69497 
vt -5.11436 1.69497 
vt 1.5171 2.6887 
vt -5.11436 2.6887 
vt 1.5171 -5.28728 
vt -5.11436 -5.28728 
vt 1.5171 2.6887 
vt -5.11436 2.6887 
vt 1.5171 1.69497 
vt -5.11436 1.69497 

usemtl Volcanopart1Mtl

f 6865/6865/6865 6866/6866/6866 6867/6867/6867 
f 6867/6867/6867 6866/6866/6866 6868/6868/6868 
f 6869/6869/6869 6870/6870/6870 6871/6871/6871 
f 6871/6871/6871 6870/6870/6870 6872/6872/6872 
f 6873/6873/6873 6874/6874/6874 6875/6875/6875 
f 6875/6875/6875 6874/6874/6874 6876/6876/6876 
f 6877/6877/6877 6878/6878/6878 6879/6879/6879 
f 6879/6879/6879 6878/6878/6878 6880/6880/6880 
f 6881/6881/6881 6882/6882/6882 6883/6883/6883 
f 6883/6883/6883 6882/6882/6882 6884/6884/6884 
f 6885/6885/6885 6886/6886/6886 6887/6887/6887 
f 6887/6887/6887 6886/6886/6886 6888/6888/6888 

g Volcanopart235

v 63.8733 29.7565 50.8074 
v 84.4254 14.6769 102.68 
v 63.4974 25.4543 49.7057 
v 84.0495 10.3747 101.578 
v 35.0434 14.03 122.057 
v 84.4254 14.6769 102.68 
v 14.4914 29.1097 70.1847 
v 63.8733 29.7565 50.8074 
v 84.4254 14.6769 102.68 
v 35.0434 14.03 122.057 
v 84.0495 10.3747 101.578 
v 34.6675 9.72785 120.956 
v 35.0434 14.03 122.057 
v 14.4914 29.1097 70.1847 
v 34.6675 9.72785 120.956 
v 14.1154 24.8075 69.083 
v 14.1154 24.8075 69.083 
v 63.4974 25.4543 49.7057 
v 34.6675 9.72785 120.956 
v 84.0495 10.3747 101.578 
v 14.4914 29.1097 70.1847 
v 63.8733 29.7565 50.8074 
v 14.1154 24.8075 69.083 
v 63.4974 25.4543 49.7057 

vn 0.929134 0.015748 -0.362205 
vn 0.929134 0.015748 -0.362205 
vn 0.929134 0.015748 -0.362205 
vn 0.929134 0.015748 -0.362205 
vn 0.0866142 0.968504 0.244094 
vn 0.0866142 0.968504 0.244094 
vn 0.0866142 0.968504 0.244094 
vn 0.0866142 0.968504 0.244094 
vn 0.354331 -0.259843 0.897638 
vn 0.354331 -0.259843 0.897638 
vn 0.354331 -0.259843 0.897638 
vn 0.354331 -0.259843 0.897638 
vn -0.929134 -0.015748 0.362205 
vn -0.929134 -0.015748 0.362205 
vn -0.929134 -0.015748 0.362205 
vn -0.929134 -0.015748 0.362205 
vn -0.0866142 -0.968504 -0.244094 
vn -0.0866142 -0.968504 -0.244094 
vn -0.0866142 -0.968504 -0.244094 
vn -0.0866142 -0.968504 -0.244094 
vn -0.354331 0.259843 -0.897638 
vn -0.354331 0.259843 -0.897638 
vn -0.354331 0.259843 -0.897638 
vn -0.354331 0.259843 -0.897638 

vt 0.0451832 0.264607 
vt -7.1795 0.264607 
vt 0.0451832 -0.292507 
vt -7.1795 -0.292507 
vt -0.548047 0.264607 
vt -7.1795 0.264607 
vt -0.548047 -6.96008 
vt -7.1795 -6.96008 
vt -0.548047 0.264607 
vt -7.1795 0.264607 
vt -0.548047 -0.292507 
vt -7.1795 -0.292507 
vt 0.0451832 0.264607 
vt -7.1795 0.264607 
vt 0.0451832 -0.292507 
vt -7.1795 -0.292507 
vt -0.548047 0.264607 
vt -7.1795 0.264607 
vt -0.548047 -6.96008 
vt -7.1795 -6.96008 
vt -0.548047 0.264607 
vt -7.1795 0.264607 
vt -0.548047 -0.292507 
vt -7.1795 -0.292507 

usemtl Volcanopart1Mtl

f 6889/6889/6889 6890/6890/6890 6891/6891/6891 
f 6891/6891/6891 6890/6890/6890 6892/6892/6892 
f 6893/6893/6893 6894/6894/6894 6895/6895/6895 
f 6895/6895/6895 6894/6894/6894 6896/6896/6896 
f 6897/6897/6897 6898/6898/6898 6899/6899/6899 
f 6899/6899/6899 6898/6898/6898 6900/6900/6900 
f 6901/6901/6901 6902/6902/6902 6903/6903/6903 
f 6903/6903/6903 6902/6902/6902 6904/6904/6904 
f 6905/6905/6905 6906/6906/6906 6907/6907/6907 
f 6907/6907/6907 6906/6906/6906 6908/6908/6908 
f 6909/6909/6909 6910/6910/6910 6911/6911/6911 
f 6911/6911/6911 6910/6910/6910 6912/6912/6912 

g Volcanopart236

v 51.4838 28.9777 59.5633 
v 63.52 14.0687 113.374 
v 51.1009 23.688 58.1834 
v 63.1371 8.77894 111.995 
v 11.7922 14.7461 125.132 
v 63.52 14.0687 113.374 
v -0.244017 29.6551 71.3212 
v 51.4838 28.9777 59.5633 
v 63.52 14.0687 113.374 
v 11.7922 14.7461 125.132 
v 63.1371 8.77894 111.995 
v 11.4092 9.45635 123.752 
v 11.7922 14.7461 125.132 
v -0.244017 29.6551 71.3212 
v 11.4092 9.45635 123.752 
v -0.626949 24.3654 69.9413 
v -0.626949 24.3654 69.9413 
v 51.1009 23.688 58.1834 
v 11.4092 9.45635 123.752 
v 63.1371 8.77894 111.995 
v -0.244017 29.6551 71.3212 
v 51.4838 28.9777 59.5633 
v -0.626949 24.3654 69.9413 
v 51.1009 23.688 58.1834 

vn 0.976378 -0.015748 -0.220472 
vn 0.976378 -0.015748 -0.220472 
vn 0.976378 -0.015748 -0.220472 
vn 0.976378 -0.015748 -0.220472 
vn 0.0708661 0.968504 0.251969 
vn 0.0708661 0.968504 0.251969 
vn 0.0708661 0.968504 0.251969 
vn 0.0708661 0.968504 0.251969 
vn 0.212598 -0.259843 0.944882 
vn 0.212598 -0.259843 0.944882 
vn 0.212598 -0.259843 0.944882 
vn 0.212598 -0.259843 0.944882 
vn -0.976378 0.015748 0.220472 
vn -0.976378 0.015748 0.220472 
vn -0.976378 0.015748 0.220472 
vn -0.976378 0.015748 0.220472 
vn -0.0708661 -0.968504 -0.251969 
vn -0.0708661 -0.968504 -0.251969 
vn -0.0708661 -0.968504 -0.251969 
vn -0.0708661 -0.968504 -0.251969 
vn -0.212598 0.259843 -0.944882 
vn -0.212598 0.259843 -0.944882 
vn -0.212598 0.259843 -0.944882 
vn -0.212598 0.259843 -0.944882 

vt 10.5312 -0.000568867 
vt 3.39111 -0.000568867 
vt 10.5312 -0.685585 
vt 3.39111 -0.685585 
vt 10.0226 -0.000568867 
vt 3.39111 -0.000568867 
vt 10.0226 -7.14067 
vt 3.39111 -7.14067 
vt 10.0226 -0.000568867 
vt 3.39111 -0.000568867 
vt 10.0226 -0.685585 
vt 3.39111 -0.685585 
vt 10.5312 -0.000568867 
vt 3.39111 -0.000568867 
vt 10.5312 -0.685585 
vt 3.39111 -0.685585 
vt 10.0226 -0.000568867 
vt 3.39111 -0.000568867 
vt 10.0226 -7.14067 
vt 3.39111 -7.14067 
vt 10.0226 -0.000568867 
vt 3.39111 -0.000568867 
vt 10.0226 -0.685585 
vt 3.39111 -0.685585 

usemtl Volcanopart1Mtl

f 6913/6913/6913 6914/6914/6914 6915/6915/6915 
f 6915/6915/6915 6914/6914/6914 6916/6916/6916 
f 6917/6917/6917 6918/6918/6918 6919/6919/6919 
f 6919/6919/6919 6918/6918/6918 6920/6920/6920 
f 6921/6921/6921 6922/6922/6922 6923/6923/6923 
f 6923/6923/6923 6922/6922/6922 6924/6924/6924 
f 6925/6925/6925 6926/6926/6926 6927/6927/6927 
f 6927/6927/6927 6926/6926/6926 6928/6928/6928 
f 6929/6929/6929 6930/6930/6930 6931/6931/6931 
f 6931/6931/6931 6930/6930/6930 6932/6932/6932 
f 6933/6933/6933 6934/6934/6934 6935/6935/6935 
f 6935/6935/6935 6934/6934/6934 6936/6936/6936 

g Volcanopart237

v 36.9694 31.3242 56.3441 
v 41.1055 13.5215 122.043 
v 37.0218 23.9121 54.3324 
v 41.1579 6.10948 120.032 
v -11.8473 12.3301 125.054 
v 41.1055 13.5215 122.043 
v -15.9833 30.1327 59.3549 
v 36.9694 31.3242 56.3441 
v 41.1055 13.5215 122.043 
v -11.8473 12.3301 125.054 
v 41.1579 6.10948 120.032 
v -11.7949 4.918 123.042 
v -11.8473 12.3301 125.054 
v -15.9833 30.1327 59.3549 
v -11.7949 4.918 123.042 
v -15.9309 22.7207 57.3431 
v -15.9309 22.7207 57.3431 
v 37.0218 23.9121 54.3324 
v -11.7949 4.918 123.042 
v 41.1579 6.10948 120.032 
v -15.9833 30.1327 59.3549 
v 36.9694 31.3242 56.3441 
v -15.9309 22.7207 57.3431 
v 37.0218 23.9121 54.3324 

vn 1 0.023622 -0.0551181 
vn 1 0.023622 -0.0551181 
vn 1 0.023622 -0.0551181 
vn 1 0.023622 -0.0551181 
vn -0.00787402 0.968504 0.259843 
vn -0.00787402 0.968504 0.259843 
vn -0.00787402 0.968504 0.259843 
vn -0.00787402 0.968504 0.259843 
vn 0.0629921 -0.259843 0.96063 
vn 0.0629921 -0.259843 0.96063 
vn 0.0629921 -0.259843 0.96063 
vn 0.0629921 -0.259843 0.96063 
vn -1 -0.023622 0.0551181 
vn -1 -0.023622 0.0551181 
vn -1 -0.023622 0.0551181 
vn -1 -0.023622 0.0551181 
vn 0.00787402 -0.968504 -0.259843 
vn 0.00787402 -0.968504 -0.259843 
vn 0.00787402 -0.968504 -0.259843 
vn 0.00787402 -0.968504 -0.259843 
vn -0.0629921 0.259843 -0.96063 
vn -0.0629921 0.259843 -0.96063 
vn -0.0629921 0.259843 -0.96063 
vn -0.0629921 0.259843 -0.96063 

vt 16.3825 4.61512 
vt 7.85823 4.61512 
vt 16.3825 3.65507 
vt 7.85823 3.65507 
vt 14.4897 4.61512 
vt 7.85823 4.61512 
vt 14.4897 -3.90915 
vt 7.85823 -3.90915 
vt 14.4897 4.61512 
vt 7.85823 4.61512 
vt 14.4897 3.65507 
vt 7.85823 3.65507 
vt 16.3825 4.61512 
vt 7.85823 4.61512 
vt 16.3825 3.65507 
vt 7.85823 3.65507 
vt 14.4897 4.61512 
vt 7.85823 4.61512 
vt 14.4897 -3.90915 
vt 7.85823 -3.90915 
vt 14.4897 4.61512 
vt 7.85823 4.61512 
vt 14.4897 3.65507 
vt 7.85823 3.65507 

usemtl Volcanopart1Mtl

f 6937/6937/6937 6938/6938/6938 6939/6939/6939 
f 6939/6939/6939 6938/6938/6938 6940/6940/6940 
f 6941/6941/6941 6942/6942/6942 6943/6943/6943 
f 6943/6943/6943 6942/6942/6942 6944/6944/6944 
f 6945/6945/6945 6946/6946/6946 6947/6947/6947 
f 6947/6947/6947 6946/6946/6946 6948/6948/6948 
f 6949/6949/6949 6950/6950/6950 6951/6951/6951 
f 6951/6951/6951 6950/6950/6950 6952/6952/6952 
f 6953/6953/6953 6954/6954/6954 6955/6955/6955 
f 6955/6955/6955 6954/6954/6954 6956/6956/6956 
f 6957/6957/6957 6958/6958/6958 6959/6959/6959 
f 6959/6959/6959 6958/6958/6958 6960/6960/6960 

g Volcanopart238

v 22.9592 29.2593 70.7263 
v 17.861 14.6189 124.623 
v 23.1132 23.9243 69.2917 
v 18.015 9.28385 123.189 
v -34.9503 14.4497 119.582 
v 17.861 14.6189 124.623 
v -29.8521 29.0901 65.6849 
v 22.9592 29.2593 70.7263 
v 17.861 14.6189 124.623 
v -34.9503 14.4497 119.582 
v 18.015 9.28385 123.189 
v -34.7963 9.11469 118.147 
v -34.9503 14.4497 119.582 
v -29.8521 29.0901 65.6849 
v -34.7963 9.11469 118.147 
v -29.6981 23.7551 64.2503 
v -29.6981 23.7551 64.2503 
v 23.1132 23.9243 69.2917 
v -34.7963 9.11469 118.147 
v 18.015 9.28385 123.189 
v -29.8521 29.0901 65.6849 
v 22.9592 29.2593 70.7263 
v -29.6981 23.7551 64.2503 
v 23.1132 23.9243 69.2917 

vn 0.992126 0 0.0944882 
vn 0.992126 0 0.0944882 
vn 0.992126 0 0.0944882 
vn 0.992126 0 0.0944882 
vn -0.0314961 0.968504 0.259843 
vn -0.0314961 0.968504 0.259843 
vn -0.0314961 0.968504 0.259843 
vn -0.0314961 0.968504 0.259843 
vn -0.0944882 -0.259843 0.96063 
vn -0.0944882 -0.259843 0.96063 
vn -0.0944882 -0.259843 0.96063 
vn -0.0944882 -0.259843 0.96063 
vn -0.992126 0 -0.0944882 
vn -0.992126 0 -0.0944882 
vn -0.992126 0 -0.0944882 
vn -0.992126 0 -0.0944882 
vn 0.0314961 -0.968504 -0.259843 
vn 0.0314961 -0.968504 -0.259843 
vn 0.0314961 -0.968504 -0.259843 
vn 0.0314961 -0.968504 -0.259843 
vn 0.0944882 0.259843 -0.96063 
vn 0.0944882 0.259843 -0.96063 
vn 0.0944882 0.259843 -0.96063 
vn 0.0944882 0.259843 -0.96063 

vt 9.96022 2.55139 
vt 2.94994 2.55139 
vt 9.96022 1.86055 
vt 2.94994 1.86055 
vt 9.5814 2.55139 
vt 2.94994 2.55139 
vt 9.5814 -4.45889 
vt 2.94994 -4.45889 
vt 9.5814 2.55139 
vt 2.94994 2.55139 
vt 9.5814 1.86055 
vt 2.94994 1.86055 
vt 9.96022 2.55139 
vt 2.94994 2.55139 
vt 9.96022 1.86055 
vt 2.94994 1.86055 
vt 9.5814 2.55139 
vt 2.94994 2.55139 
vt 9.5814 -4.45889 
vt 2.94994 -4.45889 
vt 9.5814 2.55139 
vt 2.94994 2.55139 
vt 9.5814 1.86055 
vt 2.94994 1.86055 

usemtl Volcanopart1Mtl

f 6961/6961/6961 6962/6962/6962 6963/6963/6963 
f 6963/6963/6963 6962/6962/6962 6964/6964/6964 
f 6965/6965/6965 6966/6966/6966 6967/6967/6967 
f 6967/6967/6967 6966/6966/6966 6968/6968/6968 
f 6969/6969/6969 6970/6970/6970 6971/6971/6971 
f 6971/6971/6971 6970/6970/6970 6972/6972/6972 
f 6973/6973/6973 6974/6974/6974 6975/6975/6975 
f 6975/6975/6975 6974/6974/6974 6976/6976/6976 
f 6977/6977/6977 6978/6978/6978 6979/6979/6979 
f 6979/6979/6979 6978/6978/6978 6980/6980/6980 
f 6981/6981/6981 6982/6982/6982 6983/6983/6983 
f 6983/6983/6983 6982/6982/6982 6984/6984/6984 

g Volcanopart239

v 10.5994 29.7261 61.5888 
v -5.71062 12.006 125.069 
v 10.7123 25.5505 60.4522 
v -5.59765 7.83039 123.933 
v -57.1902 14.0575 112.415 
v -5.71062 12.006 125.069 
v -40.8802 31.7776 48.9348 
v 10.5994 29.7261 61.5888 
v -5.71062 12.006 125.069 
v -57.1902 14.0575 112.415 
v -5.59765 7.83039 123.933 
v -57.0772 9.88192 111.279 
v -57.1902 14.0575 112.415 
v -40.8802 31.7776 48.9348 
v -57.0772 9.88192 111.279 
v -40.7672 27.602 47.7983 
v -40.7672 27.602 47.7983 
v 10.7123 25.5505 60.4522 
v -57.0772 9.88192 111.279 
v -5.59765 7.83039 123.933 
v -40.8802 31.7776 48.9348 
v 10.5994 29.7261 61.5888 
v -40.7672 27.602 47.7983 
v 10.7123 25.5505 60.4522 

vn 0.968504 -0.0393701 0.23622 
vn 0.968504 -0.0393701 0.23622 
vn 0.968504 -0.0393701 0.23622 
vn 0.968504 -0.0393701 0.23622 
vn -0.023622 0.96063 0.259843 
vn -0.023622 0.96063 0.259843 
vn -0.023622 0.96063 0.259843 
vn -0.023622 0.96063 0.259843 
vn -0.244094 -0.259843 0.937008 
vn -0.244094 -0.259843 0.937008 
vn -0.244094 -0.259843 0.937008 
vn -0.244094 -0.259843 0.937008 
vn -0.968504 0.0393701 -0.23622 
vn -0.968504 0.0393701 -0.23622 
vn -0.968504 0.0393701 -0.23622 
vn -0.968504 0.0393701 -0.23622 
vn 0.023622 -0.96063 -0.259843 
vn 0.023622 -0.96063 -0.259843 
vn 0.023622 -0.96063 -0.259843 
vn 0.023622 -0.96063 -0.259843 
vn 0.244094 0.259843 -0.937008 
vn 0.244094 0.259843 -0.937008 
vn 0.244094 0.259843 -0.937008 
vn 0.244094 0.259843 -0.937008 

vt 13.1061 5.57866 
vt 4.61917 5.57866 
vt 13.1061 5.03754 
vt 4.61917 5.03754 
vt 11.2506 5.57866 
vt 4.61917 5.57866 
vt 11.2506 -2.90825 
vt 4.61917 -2.90825 
vt 11.2506 5.57866 
vt 4.61917 5.57866 
vt 11.2506 5.03754 
vt 4.61917 5.03754 
vt 13.1061 5.57866 
vt 4.61917 5.57866 
vt 13.1061 5.03754 
vt 4.61917 5.03754 
vt 11.2506 5.57866 
vt 4.61917 5.57866 
vt 11.2506 -2.90825 
vt 4.61917 -2.90825 
vt 11.2506 5.57866 
vt 4.61917 5.57866 
vt 11.2506 5.03754 
vt 4.61917 5.03754 

usemtl Volcanopart1Mtl

f 6985/6985/6985 6986/6986/6986 6987/6987/6987 
f 6987/6987/6987 6986/6986/6986 6988/6988/6988 
f 6989/6989/6989 6990/6990/6990 6991/6991/6991 
f 6991/6991/6991 6990/6990/6990 6992/6992/6992 
f 6993/6993/6993 6994/6994/6994 6995/6995/6995 
f 6995/6995/6995 6994/6994/6994 6996/6996/6996 
f 6997/6997/6997 6998/6998/6998 6999/6999/6999 
f 6999/6999/6999 6998/6998/6998 7000/7000/7000 
f 7001/7001/7001 7002/7002/7002 7003/7003/7003 
f 7003/7003/7003 7002/7002/7002 7004/7004/7004 
f 7005/7005/7005 7006/7006/7006 7007/7007/7007 
f 7007/7007/7007 7006/7006/7006 7008/7008/7008 

g Volcanopart240

v -7.94831 30.161 72.2793 
v -29.1454 15.7462 121.228 
v -7.26286 25.5009 71.2039 
v -28.4599 11.0862 120.153 
v -77.5564 13.6089 99.6347 
v -29.1454 15.7462 121.228 
v -56.3593 28.0236 50.6858 
v -7.94831 30.161 72.2793 
v -29.1454 15.7462 121.228 
v -77.5564 13.6089 99.6347 
v -28.4599 11.0862 120.153 
v -76.871 8.94888 98.5592 
v -77.5564 13.6089 99.6347 
v -56.3593 28.0236 50.6858 
v -76.871 8.94888 98.5592 
v -55.6739 23.3636 49.6103 
v -55.6739 23.3636 49.6103 
v -7.26286 25.5009 71.2039 
v -76.871 8.94888 98.5592 
v -28.4599 11.0862 120.153 
v -56.3593 28.0236 50.6858 
v -7.94831 30.161 72.2793 
v -55.6739 23.3636 49.6103 
v -7.26286 25.5009 71.2039 

vn 0.913386 0.0393701 0.409449 
vn 0.913386 0.0393701 0.409449 
vn 0.913386 0.0393701 0.409449 
vn 0.913386 0.0393701 0.409449 
vn -0.141732 0.96063 0.220472 
vn -0.141732 0.96063 0.220472 
vn -0.141732 0.96063 0.220472 
vn -0.141732 0.96063 0.220472 
vn -0.385827 -0.259843 0.889764 
vn -0.385827 -0.259843 0.889764 
vn -0.385827 -0.259843 0.889764 
vn -0.385827 -0.259843 0.889764 
vn -0.913386 -0.0393701 -0.409449 
vn -0.913386 -0.0393701 -0.409449 
vn -0.913386 -0.0393701 -0.409449 
vn -0.913386 -0.0393701 -0.409449 
vn 0.141732 -0.96063 -0.220472 
vn 0.141732 -0.96063 -0.220472 
vn 0.141732 -0.96063 -0.220472 
vn 0.141732 -0.96063 -0.220472 
vn 0.385827 0.259843 -0.889764 
vn 0.385827 0.259843 -0.889764 
vn 0.385827 0.259843 -0.889764 
vn 0.385827 0.259843 -0.889764 

vt 0.588146 -5.33353 
vt -6.31871 -5.33353 
vt 0.588146 -5.93745 
vt -6.31871 -5.93745 
vt 0.312748 -5.33353 
vt -6.31871 -5.33353 
vt 0.312748 -12.2404 
vt -6.31871 -12.2404 
vt 0.312748 -5.33353 
vt -6.31871 -5.33353 
vt 0.312748 -5.93745 
vt -6.31871 -5.93745 
vt 0.588146 -5.33353 
vt -6.31871 -5.33353 
vt 0.588146 -5.93745 
vt -6.31871 -5.93745 
vt 0.312748 -5.33353 
vt -6.31871 -5.33353 
vt 0.312748 -12.2404 
vt -6.31871 -12.2404 
vt 0.312748 -5.33353 
vt -6.31871 -5.33353 
vt 0.312748 -5.93745 
vt -6.31871 -5.93745 

usemtl Volcanopart1Mtl

f 7009/7009/7009 7010/7010/7010 7011/7011/7011 
f 7011/7011/7011 7010/7010/7010 7012/7012/7012 
f 7013/7013/7013 7014/7014/7014 7015/7015/7015 
f 7015/7015/7015 7014/7014/7014 7016/7016/7016 
f 7017/7017/7017 7018/7018/7018 7019/7019/7019 
f 7019/7019/7019 7018/7018/7018 7020/7020/7020 
f 7021/7021/7021 7022/7022/7022 7023/7023/7023 
f 7023/7023/7023 7022/7022/7022 7024/7024/7024 
f 7025/7025/7025 7026/7026/7026 7027/7027/7027 
f 7027/7027/7027 7026/7026/7026 7028/7028/7028 
f 7029/7029/7029 7030/7030/7030 7031/7031/7031 
f 7031/7031/7031 7030/7030/7030 7032/7032/7032 

g Volcanopart241

v -3.38956 60.1722 28.7899 
v -37.4603 23.3371 82.391 
v -1.76305 53.9472 25.5459 
v -35.8338 17.1121 79.147 
v -73.8142 25.2097 60.57 
v -37.4603 23.3371 82.391 
v -39.7434 62.0448 6.96892 
v -3.38956 60.1722 28.7899 
v -37.4603 23.3371 82.391 
v -73.8142 25.2097 60.57 
v -35.8338 17.1121 79.147 
v -72.1877 18.9847 57.3261 
v -73.8142 25.2097 60.57 
v -39.7434 62.0448 6.96892 
v -72.1877 18.9847 57.3261 
v -38.1169 55.8198 3.72494 
v -38.1169 55.8198 3.72494 
v -1.76305 53.9472 25.5459 
v -72.1877 18.9847 57.3261 
v -35.8338 17.1121 79.147 
v -39.7434 62.0448 6.96892 
v -3.38956 60.1722 28.7899 
v -38.1169 55.8198 3.72494 
v -1.76305 53.9472 25.5459 

vn 0.858268 -0.0472441 0.511811 
vn 0.858268 -0.0472441 0.511811 
vn 0.858268 -0.0472441 0.511811 
vn 0.858268 -0.0472441 0.511811 
vn -0.228346 0.866142 0.448819 
vn -0.228346 0.866142 0.448819 
vn -0.228346 0.866142 0.448819 
vn -0.228346 0.866142 0.448819 
vn -0.464567 -0.503937 0.732283 
vn -0.464567 -0.503937 0.732283 
vn -0.464567 -0.503937 0.732283 
vn -0.464567 -0.503937 0.732283 
vn -0.858268 0.0472441 -0.511811 
vn -0.858268 0.0472441 -0.511811 
vn -0.858268 0.0472441 -0.511811 
vn -0.858268 0.0472441 -0.511811 
vn 0.228346 -0.866142 -0.448819 
vn 0.228346 -0.866142 -0.448819 
vn 0.228346 -0.866142 -0.448819 
vn 0.228346 -0.866142 -0.448819 
vn 0.464567 0.503937 -0.732283 
vn 0.464567 0.503937 -0.732283 
vn 0.464567 0.503937 -0.732283 
vn 0.464567 0.503937 -0.732283 

vt 15.3571 2.92227 
vt 6.17945 2.92227 
vt 15.3571 2.02158 
vt 6.17945 2.02158 
vt 11.4846 2.92227 
vt 6.17945 2.92227 
vt 11.4846 -6.25543 
vt 6.17945 -6.25543 
vt 11.4846 2.92227 
vt 6.17945 2.92227 
vt 11.4846 2.02158 
vt 6.17945 2.02158 
vt 15.3571 2.92227 
vt 6.17945 2.92227 
vt 15.3571 2.02158 
vt 6.17945 2.02158 
vt 11.4846 2.92227 
vt 6.17945 2.92227 
vt 11.4846 -6.25543 
vt 6.17945 -6.25543 
vt 11.4846 2.92227 
vt 6.17945 2.92227 
vt 11.4846 2.02158 
vt 6.17945 2.02158 

usemtl Volcanopart1Mtl

f 7033/7033/7033 7034/7034/7034 7035/7035/7035 
f 7035/7035/7035 7034/7034/7034 7036/7036/7036 
f 7037/7037/7037 7038/7038/7038 7039/7039/7039 
f 7039/7039/7039 7038/7038/7038 7040/7040/7040 
f 7041/7041/7041 7042/7042/7042 7043/7043/7043 
f 7043/7043/7043 7042/7042/7042 7044/7044/7044 
f 7045/7045/7045 7046/7046/7046 7047/7047/7047 
f 7047/7047/7047 7046/7046/7046 7048/7048/7048 
f 7049/7049/7049 7050/7050/7050 7051/7051/7051 
f 7051/7051/7051 7050/7050/7050 7052/7052/7052 
f 7053/7053/7053 7054/7054/7054 7055/7055/7055 
f 7055/7055/7055 7054/7054/7054 7056/7056/7056 

g Volcanopart242

v -17.6335 59.8306 28.7705 
v -57.8142 26.5795 69.7243 
v -15.0802 53.8498 26.4197 
v -55.2608 20.5987 67.3735 
v -87.7195 25.6434 39.6234 
v -57.8142 26.5795 69.7243 
v -47.5389 58.8945 -1.33034 
v -17.6335 59.8306 28.7705 
v -57.8142 26.5795 69.7243 
v -87.7195 25.6434 39.6234 
v -55.2608 20.5987 67.3735 
v -85.1662 19.6626 37.2727 
v -87.7195 25.6434 39.6234 
v -47.5389 58.8945 -1.33034 
v -85.1662 19.6626 37.2727 
v -44.9855 52.9137 -3.68112 
v -44.9855 52.9137 -3.68112 
v -15.0802 53.8498 26.4197 
v -85.1662 19.6626 37.2727 
v -55.2608 20.5987 67.3735 
v -47.5389 58.8945 -1.33034 
v -17.6335 59.8306 28.7705 
v -44.9855 52.9137 -3.68112 
v -15.0802 53.8498 26.4197 

vn 0.700787 0.023622 0.708661 
vn 0.700787 0.023622 0.708661 
vn 0.700787 0.023622 0.708661 
vn 0.700787 0.023622 0.708661 
vn -0.370079 0.866142 0.338583 
vn -0.370079 0.866142 0.338583 
vn -0.370079 0.866142 0.338583 
vn -0.370079 0.866142 0.338583 
vn -0.606299 -0.503937 0.614173 
vn -0.606299 -0.503937 0.614173 
vn -0.606299 -0.503937 0.614173 
vn -0.606299 -0.503937 0.614173 
vn -0.700787 -0.023622 -0.708661 
vn -0.700787 -0.023622 -0.708661 
vn -0.700787 -0.023622 -0.708661 
vn -0.700787 -0.023622 -0.708661 
vn 0.370079 -0.866142 -0.338583 
vn 0.370079 -0.866142 -0.338583 
vn 0.370079 -0.866142 -0.338583 
vn 0.370079 -0.866142 -0.338583 
vn 0.606299 0.503937 -0.614173 
vn 0.606299 0.503937 -0.614173 
vn 0.606299 0.503937 -0.614173 
vn 0.606299 0.503937 -0.614173 

vt 6.48236 -5.01378 
vt -1.80669 -5.01378 
vt 6.48236 -5.87815 
vt -1.80669 -5.87815 
vt 3.49848 -5.01378 
vt -1.80669 -5.01378 
vt 3.49848 -13.3028 
vt -1.80669 -13.3028 
vt 3.49848 -5.01378 
vt -1.80669 -5.01378 
vt 3.49848 -5.87815 
vt -1.80669 -5.87815 
vt 6.48236 -5.01378 
vt -1.80669 -5.01378 
vt 6.48236 -5.87815 
vt -1.80669 -5.87815 
vt 3.49848 -5.01378 
vt -1.80669 -5.01378 
vt 3.49848 -13.3028 
vt -1.80669 -13.3028 
vt 3.49848 -5.01378 
vt -1.80669 -5.01378 
vt 3.49848 -5.87815 
vt -1.80669 -5.87815 

usemtl Volcanopart1Mtl

f 7057/7057/7057 7058/7058/7058 7059/7059/7059 
f 7059/7059/7059 7058/7058/7058 7060/7060/7060 
f 7061/7061/7061 7062/7062/7062 7063/7063/7063 
f 7063/7063/7063 7062/7062/7062 7064/7064/7064 
f 7065/7065/7065 7066/7066/7066 7067/7067/7067 
f 7067/7067/7067 7066/7066/7066 7068/7068/7068 
f 7069/7069/7069 7070/7070/7070 7071/7071/7071 
f 7071/7071/7071 7070/7070/7070 7072/7072/7072 
f 7073/7073/7073 7074/7074/7074 7075/7075/7075 
f 7075/7075/7075 7074/7074/7074 7076/7076/7076 
f 7077/7077/7077 7078/7078/7078 7079/7079/7079 
f 7079/7079/7079 7078/7078/7078 7080/7080/7080 

g Volcanopart243

v -32.1069 58.7535 25.1294 
v -74.0614 29.608 52.9363 
v -29.4151 53.6721 23.8649 
v -71.3695 24.5267 51.6717 
v -96.141 26.9064 16.7913 
v -74.0614 29.608 52.9363 
v -54.1866 56.0519 -11.0155 
v -32.1069 58.7535 25.1294 
v -74.0614 29.608 52.9363 
v -96.141 26.9064 16.7913 
v -71.3695 24.5267 51.6717 
v -93.4492 21.8251 15.5268 
v -96.141 26.9064 16.7913 
v -54.1866 56.0519 -11.0155 
v -93.4492 21.8251 15.5268 
v -51.4947 50.9706 -12.2801 
v -51.4947 50.9706 -12.2801 
v -29.4151 53.6721 23.8649 
v -93.4492 21.8251 15.5268 
v -71.3695 24.5267 51.6717 
v -54.1866 56.0519 -11.0155 
v -32.1069 58.7535 25.1294 
v -51.4947 50.9706 -12.2801 
v -29.4151 53.6721 23.8649 

vn 0.519685 0.0629921 0.850394 
vn 0.519685 0.0629921 0.850394 
vn 0.519685 0.0629921 0.850394 
vn 0.519685 0.0629921 0.850394 
vn -0.456693 0.866142 0.212598 
vn -0.456693 0.866142 0.212598 
vn -0.456693 0.866142 0.212598 
vn -0.456693 0.866142 0.212598 
vn -0.724409 -0.503937 0.480315 
vn -0.724409 -0.503937 0.480315 
vn -0.724409 -0.503937 0.480315 
vn -0.724409 -0.503937 0.480315 
vn -0.519685 -0.0629921 -0.850394 
vn -0.519685 -0.0629921 -0.850394 
vn -0.519685 -0.0629921 -0.850394 
vn -0.519685 -0.0629921 -0.850394 
vn 0.456693 -0.866142 -0.212598 
vn 0.456693 -0.866142 -0.212598 
vn 0.456693 -0.866142 -0.212598 
vn 0.456693 -0.866142 -0.212598 
vn 0.724409 0.503937 -0.480315 
vn 0.724409 0.503937 -0.480315 
vn 0.724409 0.503937 -0.480315 
vn 0.724409 0.503937 -0.480315 

vt 13.8871 3.54048 
vt 6.61684 3.54048 
vt 13.8871 2.80452 
vt 6.61684 2.80452 
vt 11.922 3.54048 
vt 6.61684 3.54048 
vt 11.922 -3.72981 
vt 6.61684 -3.72981 
vt 11.922 3.54048 
vt 6.61684 3.54048 
vt 11.922 2.80452 
vt 6.61684 2.80452 
vt 13.8871 3.54048 
vt 6.61684 3.54048 
vt 13.8871 2.80452 
vt 6.61684 2.80452 
vt 11.922 3.54048 
vt 6.61684 3.54048 
vt 11.922 -3.72981 
vt 6.61684 -3.72981 
vt 11.922 3.54048 
vt 6.61684 3.54048 
vt 11.922 2.80452 
vt 6.61684 2.80452 

usemtl Volcanopart1Mtl

f 7081/7081/7081 7082/7082/7082 7083/7083/7083 
f 7083/7083/7083 7082/7082/7082 7084/7084/7084 
f 7085/7085/7085 7086/7086/7086 7087/7087/7087 
f 7087/7087/7087 7086/7086/7086 7088/7088/7088 
f 7089/7089/7089 7090/7090/7090 7091/7091/7091 
f 7091/7091/7091 7090/7090/7090 7092/7092/7092 
f 7093/7093/7093 7094/7094/7094 7095/7095/7095 
f 7095/7095/7095 7094/7094/7094 7096/7096/7096 
f 7097/7097/7097 7098/7098/7098 7099/7099/7099 
f 7099/7099/7099 7098/7098/7098 7100/7100/7100 
f 7101/7101/7101 7102/7102/7102 7103/7103/7103 
f 7103/7103/7103 7102/7102/7102 7104/7104/7104 

g Volcanopart244

v -38.9925 57.8923 15.5178 
v -88.1942 27.2955 34.9275 
v -36.8037 53.7623 14.5558 
v -86.0054 23.1655 33.9654 
v -104.146 28.0017 -4.39567 
v -88.1942 27.2955 34.9275 
v -54.9442 58.5985 -23.8053 
v -38.9925 57.8923 15.5178 
v -88.1942 27.2955 34.9275 
v -104.146 28.0017 -4.39567 
v -86.0054 23.1655 33.9654 
v -101.957 23.8717 -5.35774 
v -104.146 28.0017 -4.39567 
v -54.9442 58.5985 -23.8053 
v -101.957 23.8717 -5.35774 
v -52.7554 54.4685 -24.7674 
v -52.7554 54.4685 -24.7674 
v -36.8037 53.7623 14.5558 
v -101.957 23.8717 -5.35774 
v -86.0054 23.1655 33.9654 
v -54.9442 58.5985 -23.8053 
v -38.9925 57.8923 15.5178 
v -52.7554 54.4685 -24.7674 
v -36.8037 53.7623 14.5558 

vn 0.377953 -0.015748 0.929134 
vn 0.377953 -0.015748 0.929134 
vn 0.377953 -0.015748 0.929134 
vn 0.377953 -0.015748 0.929134 
vn -0.456693 0.866142 0.204724 
vn -0.456693 0.866142 0.204724 
vn -0.456693 0.866142 0.204724 
vn -0.456693 0.866142 0.204724 
vn -0.80315 -0.503937 0.314961 
vn -0.80315 -0.503937 0.314961 
vn -0.80315 -0.503937 0.314961 
vn -0.80315 -0.503937 0.314961 
vn -0.377953 0.015748 -0.929134 
vn -0.377953 0.015748 -0.929134 
vn -0.377953 0.015748 -0.929134 
vn -0.377953 0.015748 -0.929134 
vn 0.456693 -0.866142 -0.204724 
vn 0.456693 -0.866142 -0.204724 
vn 0.456693 -0.866142 -0.204724 
vn 0.456693 -0.866142 -0.204724 
vn 0.80315 0.503937 -0.314961 
vn 0.80315 0.503937 -0.314961 
vn 0.80315 0.503937 -0.314961 
vn 0.80315 0.503937 -0.314961 

vt 12.0699 3.17488 
vt 4.43185 3.17488 
vt 12.0699 2.57836 
vt 4.43185 2.57836 
vt 9.73702 3.17488 
vt 4.43185 3.17488 
vt 9.73702 -4.46313 
vt 4.43185 -4.46313 
vt 9.73702 3.17488 
vt 4.43185 3.17488 
vt 9.73702 2.57836 
vt 4.43185 2.57836 
vt 12.0699 3.17488 
vt 4.43185 3.17488 
vt 12.0699 2.57836 
vt 4.43185 2.57836 
vt 9.73702 3.17488 
vt 4.43185 3.17488 
vt 9.73702 -4.46313 
vt 4.43185 -4.46313 
vt 9.73702 3.17488 
vt 4.43185 3.17488 
vt 9.73702 2.57836 
vt 4.43185 2.57836 

usemtl Volcanopart1Mtl

f 7105/7105/7105 7106/7106/7106 7107/7107/7107 
f 7107/7107/7107 7106/7106/7106 7108/7108/7108 
f 7109/7109/7109 7110/7110/7110 7111/7111/7111 
f 7111/7111/7111 7110/7110/7110 7112/7112/7112 
f 7113/7113/7113 7114/7114/7114 7115/7115/7115 
f 7115/7115/7115 7114/7114/7114 7116/7116/7116 
f 7117/7117/7117 7118/7118/7118 7119/7119/7119 
f 7119/7119/7119 7118/7118/7118 7120/7120/7120 
f 7121/7121/7121 7122/7122/7122 7123/7123/7123 
f 7123/7123/7123 7122/7122/7122 7124/7124/7124 
f 7125/7125/7125 7126/7126/7126 7127/7127/7127 
f 7127/7127/7127 7126/7126/7126 7128/7128/7128 

g Volcanopart245

v -40.1291 60.7151 4.37112 
v -102.567 24.1307 14.8474 
v -37.9041 56.7693 3.85278 
v -100.342 20.185 14.3291 
v -110.243 25.2834 -26.878 
v -102.567 24.1307 14.8474 
v -47.8055 61.8678 -37.3543 
v -40.1291 60.7151 4.37112 
v -102.567 24.1307 14.8474 
v -110.243 25.2834 -26.878 
v -100.342 20.185 14.3291 
v -108.018 21.3376 -27.3963 
v -110.243 25.2834 -26.878 
v -47.8055 61.8678 -37.3543 
v -108.018 21.3376 -27.3963 
v -45.5805 57.922 -37.8726 
v -45.5805 57.922 -37.8726 
v -37.9041 56.7693 3.85278 
v -108.018 21.3376 -27.3963 
v -100.342 20.185 14.3291 
v -47.8055 61.8678 -37.3543 
v -40.1291 60.7151 4.37112 
v -45.5805 57.922 -37.8726 
v -37.9041 56.7693 3.85278 

vn 0.181102 -0.023622 0.984252 
vn 0.181102 -0.023622 0.984252 
vn 0.181102 -0.023622 0.984252 
vn 0.181102 -0.023622 0.984252 
vn -0.488189 0.866142 0.110236 
vn -0.488189 0.866142 0.110236 
vn -0.488189 0.866142 0.110236 
vn -0.488189 0.866142 0.110236 
vn -0.850394 -0.503937 0.141732 
vn -0.850394 -0.503937 0.141732 
vn -0.850394 -0.503937 0.141732 
vn -0.850394 -0.503937 0.141732 
vn -0.181102 0.023622 -0.984252 
vn -0.181102 0.023622 -0.984252 
vn -0.181102 0.023622 -0.984252 
vn -0.181102 0.023622 -0.984252 
vn 0.488189 -0.866142 -0.110236 
vn 0.488189 -0.866142 -0.110236 
vn 0.488189 -0.866142 -0.110236 
vn 0.488189 -0.866142 -0.110236 
vn 0.850394 0.503937 -0.141732 
vn 0.850394 0.503937 -0.141732 
vn 0.850394 0.503937 -0.141732 
vn 0.850394 0.503937 -0.141732 

vt 4.6557 -4.22596 
vt -4.48439 -4.22596 
vt 4.6557 -4.79589 
vt -4.48439 -4.79589 
vt 0.820775 -4.22596 
vt -4.48439 -4.22596 
vt 0.820775 -13.3661 
vt -4.48439 -13.3661 
vt 0.820775 -4.22596 
vt -4.48439 -4.22596 
vt 0.820775 -4.79589 
vt -4.48439 -4.79589 
vt 4.6557 -4.22596 
vt -4.48439 -4.22596 
vt 4.6557 -4.79589 
vt -4.48439 -4.79589 
vt 0.820775 -4.22596 
vt -4.48439 -4.22596 
vt 0.820775 -13.3661 
vt -4.48439 -13.3661 
vt 0.820775 -4.22596 
vt -4.48439 -4.22596 
vt 0.820775 -4.79589 
vt -4.48439 -4.79589 

usemtl Volcanopart1Mtl

f 7129/7129/7129 7130/7130/7130 7131/7131/7131 
f 7131/7131/7131 7130/7130/7130 7132/7132/7132 
f 7133/7133/7133 7134/7134/7134 7135/7135/7135 
f 7135/7135/7135 7134/7134/7134 7136/7136/7136 
f 7137/7137/7137 7138/7138/7138 7139/7139/7139 
f 7139/7139/7139 7138/7138/7138 7140/7140/7140 
f 7141/7141/7141 7142/7142/7142 7143/7143/7143 
f 7143/7143/7143 7142/7142/7142 7144/7144/7144 
f 7145/7145/7145 7146/7146/7146 7147/7147/7147 
f 7147/7147/7147 7146/7146/7146 7148/7148/7148 
f 7149/7149/7149 7150/7150/7150 7151/7151/7151 
f 7151/7151/7151 7150/7150/7150 7152/7152/7152 

g Volcanopart246

v -53.2442 58.3021 -6.23443 
v -105.271 28.2438 -8.48394 
v -49.4887 51.7764 -5.89402 
v -101.515 21.7181 -8.14354 
v -102.938 27.3764 -50.8522 
v -105.271 28.2438 -8.48394 
v -50.9112 57.4346 -48.6027 
v -53.2442 58.3021 -6.23443 
v -105.271 28.2438 -8.48394 
v -102.938 27.3764 -50.8522 
v -101.515 21.7181 -8.14354 
v -99.182 20.8507 -50.5118 
v -102.938 27.3764 -50.8522 
v -50.9112 57.4346 -48.6027 
v -99.182 20.8507 -50.5118 
v -47.1557 50.909 -48.2623 
v -47.1557 50.909 -48.2623 
v -49.4887 51.7764 -5.89402 
v -99.182 20.8507 -50.5118 
v -101.515 21.7181 -8.14354 
v -50.9112 57.4346 -48.6027 
v -53.2442 58.3021 -6.23443 
v -47.1557 50.909 -48.2623 
v -49.4887 51.7764 -5.89402 

vn -0.0551181 0.023622 1 
vn -0.0551181 0.023622 1 
vn -0.0551181 0.023622 1 
vn -0.0551181 0.023622 1 
vn -0.496063 0.866142 -0.0472441 
vn -0.496063 0.866142 -0.0472441 
vn -0.496063 0.866142 -0.0472441 
vn -0.496063 0.866142 -0.0472441 
vn -0.866142 -0.496063 -0.0393701 
vn -0.866142 -0.496063 -0.0393701 
vn -0.866142 -0.496063 -0.0393701 
vn -0.866142 -0.496063 -0.0393701 
vn 0.0551181 -0.023622 -1 
vn 0.0551181 -0.023622 -1 
vn 0.0551181 -0.023622 -1 
vn 0.0551181 -0.023622 -1 
vn 0.496063 -0.866142 0.0472441 
vn 0.496063 -0.866142 0.0472441 
vn 0.496063 -0.866142 0.0472441 
vn 0.496063 -0.866142 0.0472441 
vn 0.866142 0.496063 0.0393701 
vn 0.866142 0.496063 0.0393701 
vn 0.866142 0.496063 0.0393701 
vn 0.866142 0.496063 0.0393701 

vt 12.1082 -3.49594 
vt 4.59232 -3.49594 
vt 12.1082 -4.43805 
vt 4.59232 -4.43805 
vt 9.89749 -3.49594 
vt 4.59232 -3.49594 
vt 9.89749 -11.0119 
vt 4.59232 -11.0119 
vt 9.89749 -3.49594 
vt 4.59232 -3.49594 
vt 9.89749 -4.43805 
vt 4.59232 -4.43805 
vt 12.1082 -3.49594 
vt 4.59232 -3.49594 
vt 12.1082 -4.43805 
vt 4.59232 -4.43805 
vt 9.89749 -3.49594 
vt 4.59232 -3.49594 
vt 9.89749 -11.0119 
vt 4.59232 -11.0119 
vt 9.89749 -3.49594 
vt 4.59232 -3.49594 
vt 9.89749 -4.43805 
vt 4.59232 -4.43805 

usemtl Volcanopart1Mtl

f 7153/7153/7153 7154/7154/7154 7155/7155/7155 
f 7155/7155/7155 7154/7154/7154 7156/7156/7156 
f 7157/7157/7157 7158/7158/7158 7159/7159/7159 
f 7159/7159/7159 7158/7158/7158 7160/7160/7160 
f 7161/7161/7161 7162/7162/7162 7163/7163/7163 
f 7163/7163/7163 7162/7162/7162 7164/7164/7164 
f 7165/7165/7165 7166/7166/7166 7167/7167/7167 
f 7167/7167/7167 7166/7166/7166 7168/7168/7168 
f 7169/7169/7169 7170/7170/7170 7171/7171/7171 
f 7171/7171/7171 7170/7170/7170 7172/7172/7172 
f 7173/7173/7173 7174/7174/7174 7175/7175/7175 
f 7175/7175/7175 7174/7174/7174 7176/7176/7176 

g Volcanopart247

v -54.3538 60.0703 -18.5941 
v -107.096 28.664 -32.2077 
v -51.9673 55.6287 -17.5932 
v -104.709 24.2225 -31.2068 
v -95.0278 25.9977 -72.8098 
v -107.096 28.664 -32.2077 
v -42.2859 57.404 -59.1962 
v -54.3538 60.0703 -18.5941 
v -107.096 28.664 -32.2077 
v -95.0278 25.9977 -72.8098 
v -104.709 24.2225 -31.2068 
v -92.6413 21.5562 -71.8088 
v -95.0278 25.9977 -72.8098 
v -42.2859 57.404 -59.1962 
v -92.6413 21.5562 -71.8088 
v -39.8995 52.9624 -58.1952 
v -39.8995 52.9624 -58.1952 
v -51.9673 55.6287 -17.5932 
v -92.6413 21.5562 -71.8088 
v -104.709 24.2225 -31.2068 
v -42.2859 57.404 -59.1962 
v -54.3538 60.0703 -18.5941 
v -39.8995 52.9624 -58.1952 
v -51.9673 55.6287 -17.5932 

vn -0.283465 0.0629921 0.952756 
vn -0.283465 0.0629921 0.952756 
vn -0.283465 0.0629921 0.952756 
vn -0.283465 0.0629921 0.952756 
vn -0.464567 0.866142 -0.19685 
vn -0.464567 0.866142 -0.19685 
vn -0.464567 0.866142 -0.19685 
vn -0.464567 0.866142 -0.19685 
vn -0.84252 -0.496063 -0.212598 
vn -0.84252 -0.496063 -0.212598 
vn -0.84252 -0.496063 -0.212598 
vn -0.84252 -0.496063 -0.212598 
vn 0.283465 -0.0629921 -0.952756 
vn 0.283465 -0.0629921 -0.952756 
vn 0.283465 -0.0629921 -0.952756 
vn 0.283465 -0.0629921 -0.952756 
vn 0.464567 -0.866142 0.19685 
vn 0.464567 -0.866142 0.19685 
vn 0.464567 -0.866142 0.19685 
vn 0.464567 -0.866142 0.19685 
vn 0.84252 0.496063 0.212598 
vn 0.84252 0.496063 0.212598 
vn 0.84252 0.496063 0.212598 
vn 0.84252 0.496063 0.212598 

vt 11.9323 2.77702 
vt 4.0728 2.77702 
vt 11.9323 2.13446 
vt 4.0728 2.13446 
vt 9.37796 2.77702 
vt 4.0728 2.77702 
vt 9.37796 -5.08247 
vt 4.0728 -5.08247 
vt 9.37796 2.77702 
vt 4.0728 2.77702 
vt 9.37796 2.13446 
vt 4.0728 2.13446 
vt 11.9323 2.77702 
vt 4.0728 2.77702 
vt 11.9323 2.13446 
vt 4.0728 2.13446 
vt 9.37796 2.77702 
vt 4.0728 2.77702 
vt 9.37796 -5.08247 
vt 4.0728 -5.08247 
vt 9.37796 2.77702 
vt 4.0728 2.77702 
vt 9.37796 2.13446 
vt 4.0728 2.13446 

usemtl Volcanopart1Mtl

f 7177/7177/7177 7178/7178/7178 7179/7179/7179 
f 7179/7179/7179 7178/7178/7178 7180/7180/7180 
f 7181/7181/7181 7182/7182/7182 7183/7183/7183 
f 7183/7183/7183 7182/7182/7182 7184/7184/7184 
f 7185/7185/7185 7186/7186/7186 7187/7187/7187 
f 7187/7187/7187 7186/7186/7186 7188/7188/7188 
f 7189/7189/7189 7190/7190/7190 7191/7191/7191 
f 7191/7191/7191 7190/7190/7190 7192/7192/7192 
f 7193/7193/7193 7194/7194/7194 7195/7195/7195 
f 7195/7195/7195 7194/7194/7194 7196/7196/7196 
f 7197/7197/7197 7198/7198/7198 7199/7199/7199 
f 7199/7199/7199 7198/7198/7198 7200/7200/7200 

g Volcanopart248

v -46.2371 63.8712 -26.9804 
v -108.1 24.0676 -57.7804 
v -44.2882 59.9067 -25.7713 
v -106.152 20.1031 -56.5713 
v -88.3203 22.3508 -95.2912 
v -108.1 24.0676 -57.7804 
v -26.4569 62.1543 -64.4912 
v -46.2371 63.8712 -26.9804 
v -108.1 24.0676 -57.7804 
v -88.3203 22.3508 -95.2912 
v -106.152 20.1031 -56.5713 
v -86.3715 18.3863 -94.0821 
v -88.3203 22.3508 -95.2912 
v -26.4569 62.1543 -64.4912 
v -86.3715 18.3863 -94.0821 
v -24.508 58.1898 -63.2821 
v -24.508 58.1898 -63.2821 
v -44.2882 59.9067 -25.7713 
v -86.3715 18.3863 -94.0821 
v -106.152 20.1031 -56.5713 
v -26.4569 62.1543 -64.4912 
v -46.2371 63.8712 -26.9804 
v -24.508 58.1898 -63.2821 
v -44.2882 59.9067 -25.7713 

vn -0.464567 0.0393701 0.88189 
vn -0.464567 0.0393701 0.88189 
vn -0.464567 0.0393701 0.88189 
vn -0.464567 0.0393701 0.88189 
vn -0.425197 0.866142 -0.267717 
vn -0.425197 0.866142 -0.267717 
vn -0.425197 0.866142 -0.267717 
vn -0.425197 0.866142 -0.267717 
vn -0.779528 -0.496063 -0.385827 
vn -0.779528 -0.496063 -0.385827 
vn -0.779528 -0.496063 -0.385827 
vn -0.779528 -0.496063 -0.385827 
vn 0.464567 -0.0393701 -0.88189 
vn 0.464567 -0.0393701 -0.88189 
vn 0.464567 -0.0393701 -0.88189 
vn 0.464567 -0.0393701 -0.88189 
vn 0.425197 -0.866142 0.267717 
vn 0.425197 -0.866142 0.267717 
vn 0.425197 -0.866142 0.267717 
vn 0.425197 -0.866142 0.267717 
vn 0.779528 0.496063 0.385827 
vn 0.779528 0.496063 0.385827 
vn 0.779528 0.496063 0.385827 
vn 0.779528 0.496063 0.385827 

vt 5.6977 2.20547 
vt -4.27104 2.20547 
vt 5.6977 1.63296 
vt -4.27104 1.63296 
vt 1.03413 2.20547 
vt -4.27104 2.20547 
vt 1.03413 -7.76327 
vt -4.27104 -7.76327 
vt 1.03413 2.20547 
vt -4.27104 2.20547 
vt 1.03413 1.63296 
vt -4.27104 1.63296 
vt 5.6977 2.20547 
vt -4.27104 2.20547 
vt 5.6977 1.63296 
vt -4.27104 1.63296 
vt 1.03413 2.20547 
vt -4.27104 2.20547 
vt 1.03413 -7.76327 
vt -4.27104 -7.76327 
vt 1.03413 2.20547 
vt -4.27104 2.20547 
vt 1.03413 1.63296 
vt -4.27104 1.63296 

usemtl Volcanopart1Mtl

f 7201/7201/7201 7202/7202/7202 7203/7203/7203 
f 7203/7203/7203 7202/7202/7202 7204/7204/7204 
f 7205/7205/7205 7206/7206/7206 7207/7207/7207 
f 7207/7207/7207 7206/7206/7206 7208/7208/7208 
f 7209/7209/7209 7210/7210/7210 7211/7211/7211 
f 7211/7211/7211 7210/7210/7210 7212/7212/7212 
f 7213/7213/7213 7214/7214/7214 7215/7215/7215 
f 7215/7215/7215 7214/7214/7214 7216/7216/7216 
f 7217/7217/7217 7218/7218/7218 7219/7219/7219 
f 7219/7219/7219 7218/7218/7218 7220/7220/7220 
f 7221/7221/7221 7222/7222/7222 7223/7223/7223 
f 7223/7223/7223 7222/7222/7222 7224/7224/7224 

g Volcanopart249

v -48.9418 60.636 -40.9484 
v -96.0658 26.0066 -78.3773 
v -46.6063 55.3254 -38.9754 
v -93.7304 20.696 -76.4043 
v -69.4225 25.452 -111.409 
v -96.0658 26.0066 -78.3773 
v -22.2984 60.0814 -73.98 
v -48.9418 60.636 -40.9484 
v -96.0658 26.0066 -78.3773 
v -69.4225 25.452 -111.409 
v -93.7304 20.696 -76.4043 
v -67.087 20.1414 -109.436 
v -69.4225 25.452 -111.409 
v -22.2984 60.0814 -73.98 
v -67.087 20.1414 -109.436 
v -19.9629 54.7708 -72.007 
v -19.9629 54.7708 -72.007 
v -46.6063 55.3254 -38.9754 
v -67.087 20.1414 -109.436 
v -93.7304 20.696 -76.4043 
v -22.2984 60.0814 -73.98 
v -48.9418 60.636 -40.9484 
v -19.9629 54.7708 -72.007 
v -46.6063 55.3254 -38.9754 

vn -0.629921 0.015748 0.779528 
vn -0.629921 0.015748 0.779528 
vn -0.629921 0.015748 0.779528 
vn -0.629921 0.015748 0.779528 
vn -0.377953 0.866142 -0.322835 
vn -0.377953 0.866142 -0.322835 
vn -0.377953 0.866142 -0.322835 
vn -0.377953 0.866142 -0.322835 
vn -0.677165 -0.496063 -0.535433 
vn -0.677165 -0.496063 -0.535433 
vn -0.677165 -0.496063 -0.535433 
vn -0.677165 -0.496063 -0.535433 
vn 0.629921 -0.015748 -0.779528 
vn 0.629921 -0.015748 -0.779528 
vn 0.629921 -0.015748 -0.779528 
vn 0.629921 -0.015748 -0.779528 
vn 0.377953 -0.866142 0.322835 
vn 0.377953 -0.866142 0.322835 
vn 0.377953 -0.866142 0.322835 
vn 0.377953 -0.866142 0.322835 
vn 0.677165 0.496063 0.535433 
vn 0.677165 0.496063 0.535433 
vn 0.677165 0.496063 0.535433 
vn 0.677165 0.496063 0.535433 

vt 7.61672 0.609342 
vt -1.06227 0.609342 
vt 7.61672 -0.156627 
vt -1.06227 -0.156627 
vt 4.24289 0.609342 
vt -1.06227 0.609342 
vt 4.24289 -8.06965 
vt -1.06227 -8.06965 
vt 4.24289 0.609342 
vt -1.06227 0.609342 
vt 4.24289 -0.156627 
vt -1.06227 -0.156627 
vt 7.61672 0.609342 
vt -1.06227 0.609342 
vt 7.61672 -0.156627 
vt -1.06227 -0.156627 
vt 4.24289 0.609342 
vt -1.06227 0.609342 
vt 4.24289 -8.06965 
vt -1.06227 -8.06965 
vt 4.24289 0.609342 
vt -1.06227 0.609342 
vt 4.24289 -0.156627 
vt -1.06227 -0.156627 

usemtl Volcanopart1Mtl

f 7225/7225/7225 7226/7226/7226 7227/7227/7227 
f 7227/7227/7227 7226/7226/7226 7228/7228/7228 
f 7229/7229/7229 7230/7230/7230 7231/7231/7231 
f 7231/7231/7231 7230/7230/7230 7232/7232/7232 
f 7233/7233/7233 7234/7234/7234 7235/7235/7235 
f 7235/7235/7235 7234/7234/7234 7236/7236/7236 
f 7237/7237/7237 7238/7238/7238 7239/7239/7239 
f 7239/7239/7239 7238/7238/7238 7240/7240/7240 
f 7241/7241/7241 7242/7242/7242 7243/7243/7243 
f 7243/7243/7243 7242/7242/7242 7244/7244/7244 
f 7245/7245/7245 7246/7246/7246 7247/7247/7247 
f 7247/7247/7247 7246/7246/7246 7248/7248/7248 

g Volcanopart250

v -49.9378 57.4836 -58.928 
v -79.7108 30.6003 -94.9786 
v -47.773 50.5669 -55.558 
v -77.546 23.6837 -91.6086 
v -46.2413 28.4056 -120.983 
v -79.7108 30.6003 -94.9786 
v -16.4684 55.2889 -84.9327 
v -49.9378 57.4836 -58.928 
v -79.7108 30.6003 -94.9786 
v -46.2413 28.4056 -120.983 
v -77.546 23.6837 -91.6086 
v -44.0765 21.489 -117.613 
v -46.2413 28.4056 -120.983 
v -16.4684 55.2889 -84.9327 
v -44.0765 21.489 -117.613 
v -14.3035 48.3722 -81.5627 
v -14.3035 48.3722 -81.5627 
v -47.773 50.5669 -55.558 
v -44.0765 21.489 -117.613 
v -77.546 23.6837 -91.6086 
v -16.4684 55.2889 -84.9327 
v -49.9378 57.4836 -58.928 
v -14.3035 48.3722 -81.5627 
v -47.773 50.5669 -55.558 

vn -0.787402 0.0551181 0.614173 
vn -0.787402 0.0551181 0.614173 
vn -0.787402 0.0551181 0.614173 
vn -0.787402 0.0551181 0.614173 
vn -0.267717 0.866142 -0.425197 
vn -0.267717 0.866142 -0.425197 
vn -0.267717 0.866142 -0.425197 
vn -0.267717 0.866142 -0.425197 
vn -0.551181 -0.496063 -0.669291 
vn -0.551181 -0.496063 -0.669291 
vn -0.551181 -0.496063 -0.669291 
vn -0.551181 -0.496063 -0.669291 
vn 0.787402 -0.0551181 -0.614173 
vn 0.787402 -0.0551181 -0.614173 
vn 0.787402 -0.0551181 -0.614173 
vn 0.787402 -0.0551181 -0.614173 
vn 0.267717 -0.866142 0.425197 
vn 0.267717 -0.866142 0.425197 
vn 0.267717 -0.866142 0.425197 
vn 0.267717 -0.866142 0.425197 
vn 0.551181 0.496063 0.669291 
vn 0.551181 0.496063 0.669291 
vn 0.551181 0.496063 0.669291 
vn 0.551181 0.496063 0.669291 

vt 11.3718 3.09556 
vt 4.6302 3.09556 
vt 11.3718 2.09647 
vt 4.6302 2.09647 
vt 9.93536 3.09556 
vt 4.6302 3.09556 
vt 9.93536 -3.64608 
vt 4.6302 -3.64608 
vt 9.93536 3.09556 
vt 4.6302 3.09556 
vt 9.93536 2.09647 
vt 4.6302 2.09647 
vt 11.3718 3.09556 
vt 4.6302 3.09556 
vt 11.3718 2.09647 
vt 4.6302 2.09647 
vt 9.93536 3.09556 
vt 4.6302 3.09556 
vt 9.93536 -3.64608 
vt 4.6302 -3.64608 
vt 9.93536 3.09556 
vt 4.6302 3.09556 
vt 9.93536 2.09647 
vt 4.6302 2.09647 

usemtl Volcanopart1Mtl

f 7249/7249/7249 7250/7250/7250 7251/7251/7251 
f 7251/7251/7251 7250/7250/7250 7252/7252/7252 
f 7253/7253/7253 7254/7254/7254 7255/7255/7255 
f 7255/7255/7255 7254/7254/7254 7256/7256/7256 
f 7257/7257/7257 7258/7258/7258 7259/7259/7259 
f 7259/7259/7259 7258/7258/7258 7260/7260/7260 
f 7261/7261/7261 7262/7262/7262 7263/7263/7263 
f 7263/7263/7263 7262/7262/7262 7264/7264/7264 
f 7265/7265/7265 7266/7266/7266 7267/7267/7267 
f 7267/7267/7267 7266/7266/7266 7268/7268/7268 
f 7269/7269/7269 7270/7270/7270 7271/7271/7271 
f 7271/7271/7271 7270/7270/7270 7272/7272/7272 

g Volcanopart251

v -36.8215 62.6639 -60.4289 
v -66.4085 25.9246 -117.107 
v -35.6626 56.753 -57.2023 
v -65.2496 20.0137 -113.881 
v -28.2055 23.4165 -135.424 
v -66.4085 25.9246 -117.107 
v 1.38151 60.1557 -78.7456 
v -36.8215 62.6639 -60.4289 
v -66.4085 25.9246 -117.107 
v -28.2055 23.4165 -135.424 
v -65.2496 20.0137 -113.881 
v -27.0466 17.5055 -132.198 
v -28.2055 23.4165 -135.424 
v 1.38151 60.1557 -78.7456 
v -27.0466 17.5055 -132.198 
v 2.54042 54.2448 -75.519 
v 2.54042 54.2448 -75.519 
v -35.6626 56.753 -57.2023 
v -27.0466 17.5055 -132.198 
v -65.2496 20.0137 -113.881 
v 1.38151 60.1557 -78.7456 
v -36.8215 62.6639 -60.4289 
v 2.54042 54.2448 -75.519 
v -35.6626 56.753 -57.2023 

vn -0.897638 0.0629921 0.433071 
vn -0.897638 0.0629921 0.433071 
vn -0.897638 0.0629921 0.433071 
vn -0.897638 0.0629921 0.433071 
vn -0.173228 0.866142 -0.472441 
vn -0.173228 0.866142 -0.472441 
vn -0.173228 0.866142 -0.472441 
vn -0.173228 0.866142 -0.472441 
vn -0.401575 -0.496063 -0.771654 
vn -0.401575 -0.496063 -0.771654 
vn -0.401575 -0.496063 -0.771654 
vn -0.401575 -0.496063 -0.771654 
vn 0.897638 -0.0629921 -0.433071 
vn 0.897638 -0.0629921 -0.433071 
vn 0.897638 -0.0629921 -0.433071 
vn 0.897638 -0.0629921 -0.433071 
vn 0.173228 -0.866142 0.472441 
vn 0.173228 -0.866142 0.472441 
vn 0.173228 -0.866142 0.472441 
vn 0.173228 -0.866142 0.472441 
vn 0.401575 0.496063 0.771654 
vn 0.401575 0.496063 0.771654 
vn 0.401575 0.496063 0.771654 
vn 0.401575 0.496063 0.771654 

vt 4.99545 -5.88645 
vt -4.22208 -5.88645 
vt 4.99545 -6.7406 
vt -4.22208 -6.7406 
vt 1.08308 -5.88645 
vt -4.22208 -5.88645 
vt 1.08308 -15.104 
vt -4.22208 -15.104 
vt 1.08308 -5.88645 
vt -4.22208 -5.88645 
vt 1.08308 -6.7406 
vt -4.22208 -6.7406 
vt 4.99545 -5.88645 
vt -4.22208 -5.88645 
vt 4.99545 -6.7406 
vt -4.22208 -6.7406 
vt 1.08308 -5.88645 
vt -4.22208 -5.88645 
vt 1.08308 -15.104 
vt -4.22208 -15.104 
vt 1.08308 -5.88645 
vt -4.22208 -5.88645 
vt 1.08308 -6.7406 
vt -4.22208 -6.7406 

usemtl Volcanopart1Mtl

f 7273/7273/7273 7274/7274/7274 7275/7275/7275 
f 7275/7275/7275 7274/7274/7274 7276/7276/7276 
f 7277/7277/7277 7278/7278/7278 7279/7279/7279 
f 7279/7279/7279 7278/7278/7278 7280/7280/7280 
f 7281/7281/7281 7282/7282/7282 7283/7283/7283 
f 7283/7283/7283 7282/7282/7282 7284/7284/7284 
f 7285/7285/7285 7286/7286/7286 7287/7287/7287 
f 7287/7287/7287 7286/7286/7286 7288/7288/7288 
f 7289/7289/7289 7290/7290/7290 7291/7291/7291 
f 7291/7291/7291 7290/7290/7290 7292/7292/7292 
f 7293/7293/7293 7294/7294/7294 7295/7295/7295 
f 7295/7295/7295 7294/7294/7294 7296/7296/7296 

g Volcanopart252

v -27.6811 63.7548 -65.0468 
v -46.4292 23.6594 -132.287 
v -26.9089 56.7298 -61.0732 
v -45.657 16.6345 -128.314 
v -5.35326 22.1915 -142.865 
v -46.4292 23.6594 -132.287 
v 13.3948 62.2868 -75.6242 
v -27.6811 63.7548 -65.0468 
v -46.4292 23.6594 -132.287 
v -5.35326 22.1915 -142.865 
v -45.657 16.6345 -128.314 
v -4.58107 15.1665 -138.891 
v -5.35326 22.1915 -142.865 
v 13.3948 62.2868 -75.6242 
v -4.58107 15.1665 -138.891 
v 14.1669 55.2619 -71.6506 
v 14.1669 55.2619 -71.6506 
v -26.9089 56.7298 -61.0732 
v -4.58107 15.1665 -138.891 
v -45.657 16.6345 -128.314 
v 13.3948 62.2868 -75.6242 
v -27.6811 63.7548 -65.0468 
v 14.1669 55.2619 -71.6506 
v -26.9089 56.7298 -61.0732 

vn -0.968504 0.0314961 0.251969 
vn -0.968504 0.0314961 0.251969 
vn -0.968504 0.0314961 0.251969 
vn -0.968504 0.0314961 0.251969 
vn -0.0944882 0.866142 -0.488189 
vn -0.0944882 0.866142 -0.488189 
vn -0.0944882 0.866142 -0.488189 
vn -0.0944882 0.866142 -0.488189 
vn -0.23622 -0.496063 -0.834646 
vn -0.23622 -0.496063 -0.834646 
vn -0.23622 -0.496063 -0.834646 
vn -0.23622 -0.496063 -0.834646 
vn 0.968504 -0.0314961 -0.251969 
vn 0.968504 -0.0314961 -0.251969 
vn 0.968504 -0.0314961 -0.251969 
vn 0.968504 -0.0314961 -0.251969 
vn 0.0944882 -0.866142 0.488189 
vn 0.0944882 -0.866142 0.488189 
vn 0.0944882 -0.866142 0.488189 
vn 0.0944882 -0.866142 0.488189 
vn 0.23622 0.496063 0.834646 
vn 0.23622 0.496063 0.834646 
vn 0.23622 0.496063 0.834646 
vn 0.23622 0.496063 0.834646 

vt 17.7576 -5.81349 
vt 7.69498 -5.81349 
vt 17.7576 -6.82696 
vt 7.69498 -6.82696 
vt 13.0001 -5.81349 
vt 7.69498 -5.81349 
vt 13.0001 -15.8761 
vt 7.69498 -15.8761 
vt 13.0001 -5.81349 
vt 7.69498 -5.81349 
vt 13.0001 -6.82696 
vt 7.69498 -6.82696 
vt 17.7576 -5.81349 
vt 7.69498 -5.81349 
vt 17.7576 -6.82696 
vt 7.69498 -6.82696 
vt 13.0001 -5.81349 
vt 7.69498 -5.81349 
vt 13.0001 -15.8761 
vt 7.69498 -15.8761 
vt 13.0001 -5.81349 
vt 7.69498 -5.81349 
vt 13.0001 -6.82696 
vt 7.69498 -6.82696 

usemtl Volcanopart1Mtl

f 7297/7297/7297 7298/7298/7298 7299/7299/7299 
f 7299/7299/7299 7298/7298/7298 7300/7300/7300 
f 7301/7301/7301 7302/7302/7302 7303/7303/7303 
f 7303/7303/7303 7302/7302/7302 7304/7304/7304 
f 7305/7305/7305 7306/7306/7306 7307/7307/7307 
f 7307/7307/7307 7306/7306/7306 7308/7308/7308 
f 7309/7309/7309 7310/7310/7310 7311/7311/7311 
f 7311/7311/7311 7310/7310/7310 7312/7312/7312 
f 7313/7313/7313 7314/7314/7314 7315/7315/7315 
f 7315/7315/7315 7314/7314/7314 7316/7316/7316 
f 7317/7317/7317 7318/7318/7318 7319/7319/7319 
f 7319/7319/7319 7318/7318/7318 7320/7320/7320 

g Volcanopart253

v -19.376 58.2276 -81.1003 
v -22.6303 28.4201 -132.902 
v -19.2567 52.2629 -77.6756 
v -22.511 22.4555 -129.478 
v 19.7419 27.9081 -135.269 
v -22.6303 28.4201 -132.902 
v 22.9962 57.7156 -83.4675 
v -19.376 58.2276 -81.1003 
v -22.6303 28.4201 -132.902 
v 19.7419 27.9081 -135.269 
v -22.511 22.4555 -129.478 
v 19.8611 21.9434 -131.845 
v 19.7419 27.9081 -135.269 
v 22.9962 57.7156 -83.4675 
v 19.8611 21.9434 -131.845 
v 23.1154 51.7509 -80.0428 
v 23.1154 51.7509 -80.0428 
v -19.2567 52.2629 -77.6756 
v 19.8611 21.9434 -131.845 
v -22.511 22.4555 -129.478 
v 22.9962 57.7156 -83.4675 
v -19.376 58.2276 -81.1003 
v 23.1154 51.7509 -80.0428 
v -19.2567 52.2629 -77.6756 

vn -1 0.015748 0.0551181 
vn -1 0.015748 0.0551181 
vn -1 0.015748 0.0551181 
vn -1 0.015748 0.0551181 
vn -0.015748 0.866142 -0.496063 
vn -0.015748 0.866142 -0.496063 
vn -0.015748 0.866142 -0.496063 
vn -0.015748 0.866142 -0.496063 
vn -0.0551181 -0.496063 -0.866142 
vn -0.0551181 -0.496063 -0.866142 
vn -0.0551181 -0.496063 -0.866142 
vn -0.0551181 -0.496063 -0.866142 
vn 1 -0.015748 -0.0551181 
vn 1 -0.015748 -0.0551181 
vn 1 -0.015748 -0.0551181 
vn 1 -0.015748 -0.0551181 
vn 0.015748 -0.866142 0.496063 
vn 0.015748 -0.866142 0.496063 
vn 0.015748 -0.866142 0.496063 
vn 0.015748 -0.866142 0.496063 
vn 0.0551181 0.496063 0.866142 
vn 0.0551181 0.496063 0.866142 
vn 0.0551181 0.496063 0.866142 
vn 0.0551181 0.496063 0.866142 

vt 5.64261 5.07571 
vt -1.83915 5.07571 
vt 5.64261 4.21584 
vt -1.83915 4.21584 
vt 3.46601 5.07571 
vt -1.83915 5.07571 
vt 3.46601 -2.40605 
vt -1.83915 -2.40605 
vt 3.46601 5.07571 
vt -1.83915 5.07571 
vt 3.46601 4.21584 
vt -1.83915 4.21584 
vt 5.64261 5.07571 
vt -1.83915 5.07571 
vt 5.64261 4.21584 
vt -1.83915 4.21584 
vt 3.46601 5.07571 
vt -1.83915 5.07571 
vt 3.46601 -2.40605 
vt -1.83915 -2.40605 
vt 3.46601 5.07571 
vt -1.83915 5.07571 
vt 3.46601 4.21584 
vt -1.83915 4.21584 

usemtl Volcanopart1Mtl

f 7321/7321/7321 7322/7322/7322 7323/7323/7323 
f 7323/7323/7323 7322/7322/7322 7324/7324/7324 
f 7325/7325/7325 7326/7326/7326 7327/7327/7327 
f 7327/7327/7327 7326/7326/7326 7328/7328/7328 
f 7329/7329/7329 7330/7330/7330 7331/7331/7331 
f 7331/7331/7331 7330/7330/7330 7332/7332/7332 
f 7333/7333/7333 7334/7334/7334 7335/7335/7335 
f 7335/7335/7335 7334/7334/7334 7336/7336/7336 
f 7337/7337/7337 7338/7338/7338 7339/7339/7339 
f 7339/7339/7339 7338/7338/7338 7340/7340/7340 
f 7341/7341/7341 7342/7342/7342 7343/7343/7343 
f 7343/7343/7343 7342/7342/7342 7344/7344/7344 

g Volcanopart254

v -6.64722 56.1973 -88.7297 
v 0.0176449 29.9637 -133.92 
v -7.21456 49.6874 -85.0343 
v -0.549701 23.4539 -130.224 
v 41.9955 29.8554 -127.666 
v 0.0176449 29.9637 -133.92 
v 35.3306 56.089 -82.4757 
v -6.64722 56.1973 -88.7297 
v 0.0176449 29.9637 -133.92 
v 41.9955 29.8554 -127.666 
v -0.549701 23.4539 -130.224 
v 41.4282 23.3456 -123.97 
v 41.9955 29.8554 -127.666 
v 35.3306 56.089 -82.4757 
v 41.4282 23.3456 -123.97 
v 34.7633 49.5791 -78.7803 
v 34.7633 49.5791 -78.7803 
v -7.21456 49.6874 -85.0343 
v 41.4282 23.3456 -123.97 
v -0.549701 23.4539 -130.224 
v 35.3306 56.089 -82.4757 
v -6.64722 56.1973 -88.7297 
v 34.7633 49.5791 -78.7803 
v -7.21456 49.6874 -85.0343 

vn -0.992126 0 -0.149606 
vn -0.992126 0 -0.149606 
vn -0.992126 0 -0.149606 
vn -0.992126 0 -0.149606 
vn 0.0787402 0.866142 -0.496063 
vn 0.0787402 0.866142 -0.496063 
vn 0.0787402 0.866142 -0.496063 
vn 0.0787402 0.866142 -0.496063 
vn 0.125984 -0.496063 -0.858268 
vn 0.125984 -0.496063 -0.858268 
vn 0.125984 -0.496063 -0.858268 
vn 0.125984 -0.496063 -0.858268 
vn 0.992126 0 0.149606 
vn 0.992126 0 0.149606 
vn 0.992126 0 0.149606 
vn 0.992126 0 0.149606 
vn -0.0787402 -0.866142 0.496063 
vn -0.0787402 -0.866142 0.496063 
vn -0.0787402 -0.866142 0.496063 
vn -0.0787402 -0.866142 0.496063 
vn -0.125984 0.496063 0.858268 
vn -0.125984 0.496063 0.858268 
vn -0.125984 0.496063 0.858268 
vn -0.125984 0.496063 0.858268 

vt 7.06068 -4.33972 
vt 0.476202 -4.33972 
vt 7.06068 -5.2781 
vt 0.476202 -5.2781 
vt 5.78137 -4.33972 
vt 0.476202 -4.33972 
vt 5.78137 -10.9242 
vt 0.476202 -10.9242 
vt 5.78137 -4.33972 
vt 0.476202 -4.33972 
vt 5.78137 -5.2781 
vt 0.476202 -5.2781 
vt 7.06068 -4.33972 
vt 0.476202 -4.33972 
vt 7.06068 -5.2781 
vt 0.476202 -5.2781 
vt 5.78137 -4.33972 
vt 0.476202 -4.33972 
vt 5.78137 -10.9242 
vt 0.476202 -10.9242 
vt 5.78137 -4.33972 
vt 0.476202 -4.33972 
vt 5.78137 -5.2781 
vt 0.476202 -5.2781 

usemtl Volcanopart1Mtl

f 7345/7345/7345 7346/7346/7346 7347/7347/7347 
f 7347/7347/7347 7346/7346/7346 7348/7348/7348 
f 7349/7349/7349 7350/7350/7350 7351/7351/7351 
f 7351/7351/7351 7350/7350/7350 7352/7352/7352 
f 7353/7353/7353 7354/7354/7354 7355/7355/7355 
f 7355/7355/7355 7354/7354/7354 7356/7356/7356 
f 7357/7357/7357 7358/7358/7358 7359/7359/7359 
f 7359/7359/7359 7358/7358/7358 7360/7360/7360 
f 7361/7361/7361 7362/7362/7362 7363/7363/7363 
f 7363/7363/7363 7362/7362/7362 7364/7364/7364 
f 7365/7365/7365 7366/7366/7366 7367/7367/7367 
f 7367/7367/7367 7366/7366/7366 7368/7368/7368 

g Volcanopart255

v 1.41289 62.2334 -75.4013 
v 25.5895 22.342 -140.498 
v 0.818745 58.1786 -73.1372 
v 24.9954 18.2872 -138.234 
v 65.6906 24.1602 -126.719 
v 25.5895 22.342 -140.498 
v 41.5139 64.0516 -61.6221 
v 1.41289 62.2334 -75.4013 
v 25.5895 22.342 -140.498 
v 65.6906 24.1602 -126.719 
v 24.9954 18.2872 -138.234 
v 65.0965 20.1054 -124.455 
v 65.6906 24.1602 -126.719 
v 41.5139 64.0516 -61.6221 
v 65.0965 20.1054 -124.455 
v 40.9198 59.9968 -59.358 
v 40.9198 59.9968 -59.358 
v 0.818745 58.1786 -73.1372 
v 65.0965 20.1054 -124.455 
v 24.9954 18.2872 -138.234 
v 41.5139 64.0516 -61.6221 
v 1.41289 62.2334 -75.4013 
v 40.9198 59.9968 -59.358 
v 0.818745 58.1786 -73.1372 

vn -0.944882 -0.0393701 -0.322835 
vn -0.944882 -0.0393701 -0.322835 
vn -0.944882 -0.0393701 -0.322835 
vn -0.944882 -0.0393701 -0.322835 
vn 0.125984 0.866142 -0.480315 
vn 0.125984 0.866142 -0.480315 
vn 0.125984 0.866142 -0.480315 
vn 0.125984 0.866142 -0.480315 
vn 0.299213 -0.496063 -0.811024 
vn 0.299213 -0.496063 -0.811024 
vn 0.299213 -0.496063 -0.811024 
vn 0.299213 -0.496063 -0.811024 
vn 0.944882 0.0393701 0.322835 
vn 0.944882 0.0393701 0.322835 
vn 0.944882 0.0393701 0.322835 
vn 0.944882 0.0393701 0.322835 
vn -0.125984 -0.866142 0.480315 
vn -0.125984 -0.866142 0.480315 
vn -0.125984 -0.866142 0.480315 
vn -0.125984 -0.866142 0.480315 
vn -0.299213 0.496063 0.811024 
vn -0.299213 0.496063 0.811024 
vn -0.299213 0.496063 0.811024 
vn -0.299213 0.496063 0.811024 

vt 17.1316 1.71606 
vt 7.12113 1.71606 
vt 17.1316 1.13082 
vt 7.12113 1.13082 
vt 12.4263 1.71606 
vt 7.12113 1.71606 
vt 12.4263 -8.29441 
vt 7.12113 -8.29441 
vt 12.4263 1.71606 
vt 7.12113 1.71606 
vt 12.4263 1.13082 
vt 7.12113 1.13082 
vt 17.1316 1.71606 
vt 7.12113 1.71606 
vt 17.1316 1.13082 
vt 7.12113 1.13082 
vt 12.4263 1.71606 
vt 7.12113 1.71606 
vt 12.4263 -8.29441 
vt 7.12113 -8.29441 
vt 12.4263 1.71606 
vt 7.12113 1.71606 
vt 12.4263 1.13082 
vt 7.12113 1.13082 

usemtl Volcanopart1Mtl

f 7369/7369/7369 7370/7370/7370 7371/7371/7371 
f 7371/7371/7371 7370/7370/7370 7372/7372/7372 
f 7373/7373/7373 7374/7374/7374 7375/7375/7375 
f 7375/7375/7375 7374/7374/7374 7376/7376/7376 
f 7377/7377/7377 7378/7378/7378 7379/7379/7379 
f 7379/7379/7379 7378/7378/7378 7380/7380/7380 
f 7381/7381/7381 7382/7382/7382 7383/7383/7383 
f 7383/7383/7383 7382/7382/7382 7384/7384/7384 
f 7385/7385/7385 7386/7386/7386 7387/7387/7387 
f 7387/7387/7387 7386/7386/7386 7388/7388/7388 
f 7389/7389/7389 7390/7390/7390 7391/7391/7391 
f 7391/7391/7391 7390/7390/7390 7392/7392/7392 

g Volcanopart256

v 11.7591 64.9739 -74.3083 
v 50.5626 23.3071 -135.546 
v 10.3702 61.0932 -72.5479 
v 49.1737 19.4264 -133.785 
v 85.7815 21.4107 -111.938 
v 50.5626 23.3071 -135.546 
v 46.978 63.0775 -50.7011 
v 11.7591 64.9739 -74.3083 
v 50.5626 23.3071 -135.546 
v 85.7815 21.4107 -111.938 
v 49.1737 19.4264 -133.785 
v 84.3926 17.53 -110.178 
v 85.7815 21.4107 -111.938 
v 46.978 63.0775 -50.7011 
v 84.3926 17.53 -110.178 
v 45.5891 59.1968 -48.9408 
v 45.5891 59.1968 -48.9408 
v 10.3702 61.0932 -72.5479 
v 84.3926 17.53 -110.178 
v 49.1737 19.4264 -133.785 
v 46.978 63.0775 -50.7011 
v 11.7591 64.9739 -74.3083 
v 45.5891 59.1968 -48.9408 
v 10.3702 61.0932 -72.5479 

vn -0.826772 0.0472441 -0.559055 
vn -0.826772 0.0472441 -0.559055 
vn -0.826772 0.0472441 -0.559055 
vn -0.826772 0.0472441 -0.559055 
vn 0.307087 0.866142 -0.393701 
vn 0.307087 0.866142 -0.393701 
vn 0.307087 0.866142 -0.393701 
vn 0.307087 0.866142 -0.393701 
vn 0.464567 -0.496063 -0.732283 
vn 0.464567 -0.496063 -0.732283 
vn 0.464567 -0.496063 -0.732283 
vn 0.464567 -0.496063 -0.732283 
vn 0.826772 -0.0472441 0.559055 
vn 0.826772 -0.0472441 0.559055 
vn 0.826772 -0.0472441 0.559055 
vn 0.826772 -0.0472441 0.559055 
vn -0.307087 -0.866142 0.393701 
vn -0.307087 -0.866142 0.393701 
vn -0.307087 -0.866142 0.393701 
vn -0.307087 -0.866142 0.393701 
vn -0.464567 0.496063 0.732283 
vn -0.464567 0.496063 0.732283 
vn -0.464567 0.496063 0.732283 
vn -0.464567 0.496063 0.732283 

vt 15.2654 5.39802 
vt 4.81329 5.39802 
vt 15.2654 4.83778 
vt 4.81329 4.83778 
vt 10.1185 5.39802 
vt 4.81329 5.39802 
vt 10.1185 -5.05413 
vt 4.81329 -5.05413 
vt 10.1185 5.39802 
vt 4.81329 5.39802 
vt 10.1185 4.83778 
vt 4.81329 4.83778 
vt 15.2654 5.39802 
vt 4.81329 5.39802 
vt 15.2654 4.83778 
vt 4.81329 4.83778 
vt 10.1185 5.39802 
vt 4.81329 5.39802 
vt 10.1185 -5.05413 
vt 4.81329 -5.05413 
vt 10.1185 5.39802 
vt 4.81329 5.39802 
vt 10.1185 4.83778 
vt 4.81329 4.83778 

usemtl Volcanopart1Mtl

f 7393/7393/7393 7394/7394/7394 7395/7395/7395 
f 7395/7395/7395 7394/7394/7394 7396/7396/7396 
f 7397/7397/7397 7398/7398/7398 7399/7399/7399 
f 7399/7399/7399 7398/7398/7398 7400/7400/7400 
f 7401/7401/7401 7402/7402/7402 7403/7403/7403 
f 7403/7403/7403 7402/7402/7402 7404/7404/7404 
f 7405/7405/7405 7406/7406/7406 7407/7407/7407 
f 7407/7407/7407 7406/7406/7406 7408/7408/7408 
f 7409/7409/7409 7410/7410/7410 7411/7411/7411 
f 7411/7411/7411 7410/7410/7410 7412/7412/7412 
f 7413/7413/7413 7414/7414/7414 7415/7415/7415 
f 7415/7415/7415 7414/7414/7414 7416/7416/7416 

g Volcanopart257

v 27.5264 60.4363 -77.7683 
v 68.6641 26.5889 -119.853 
v 25.4353 55.4697 -75.8179 
v 66.573 21.6224 -117.902 
v 98.6656 25.7423 -89.845 
v 68.6641 26.5889 -119.853 
v 57.5279 59.5896 -47.7607 
v 27.5264 60.4363 -77.7683 
v 68.6641 26.5889 -119.853 
v 98.6656 25.7423 -89.845 
v 66.573 21.6224 -117.902 
v 96.5745 20.7757 -87.8945 
v 98.6656 25.7423 -89.845 
v 57.5279 59.5896 -47.7607 
v 96.5745 20.7757 -87.8945 
v 55.4368 54.623 -45.8102 
v 55.4368 54.623 -45.8102 
v 25.4353 55.4697 -75.8179 
v 96.5745 20.7757 -87.8945 
v 66.573 21.6224 -117.902 
v 57.5279 59.5896 -47.7607 
v 27.5264 60.4363 -77.7683 
v 55.4368 54.623 -45.8102 
v 25.4353 55.4697 -75.8179 

vn -0.708661 0.023622 -0.708661 
vn -0.708661 0.023622 -0.708661 
vn -0.708661 0.023622 -0.708661 
vn -0.708661 0.023622 -0.708661 
vn 0.362205 0.866142 -0.338583 
vn 0.362205 0.866142 -0.338583 
vn 0.362205 0.866142 -0.338583 
vn 0.362205 0.866142 -0.338583 
vn 0.606299 -0.496063 -0.622047 
vn 0.606299 -0.496063 -0.622047 
vn 0.606299 -0.496063 -0.622047 
vn 0.606299 -0.496063 -0.622047 
vn 0.708661 -0.023622 0.708661 
vn 0.708661 -0.023622 0.708661 
vn 0.708661 -0.023622 0.708661 
vn 0.708661 -0.023622 0.708661 
vn -0.362205 -0.866142 0.338583 
vn -0.362205 -0.866142 0.338583 
vn -0.362205 -0.866142 0.338583 
vn -0.362205 -0.866142 0.338583 
vn -0.606299 0.496063 0.622047 
vn -0.606299 0.496063 0.622047 
vn -0.606299 0.496063 0.622047 
vn -0.606299 0.496063 0.622047 

vt 6.6734 5.15632 
vt -1.81283 5.15632 
vt 6.6734 4.43995 
vt -1.81283 4.43995 
vt 3.49233 5.15632 
vt -1.81283 5.15632 
vt 3.49233 -3.32992 
vt -1.81283 -3.32992 
vt 3.49233 5.15632 
vt -1.81283 5.15632 
vt 3.49233 4.43995 
vt -1.81283 4.43995 
vt 6.6734 5.15632 
vt -1.81283 5.15632 
vt 6.6734 4.43995 
vt -1.81283 4.43995 
vt 3.49233 5.15632 
vt -1.81283 5.15632 
vt 3.49233 -3.32992 
vt -1.81283 -3.32992 
vt 3.49233 5.15632 
vt -1.81283 5.15632 
vt 3.49233 4.43995 
vt -1.81283 4.43995 

usemtl Volcanopart1Mtl

f 7417/7417/7417 7418/7418/7418 7419/7419/7419 
f 7419/7419/7419 7418/7418/7418 7420/7420/7420 
f 7421/7421/7421 7422/7422/7422 7423/7423/7423 
f 7423/7423/7423 7422/7422/7422 7424/7424/7424 
f 7425/7425/7425 7426/7426/7426 7427/7427/7427 
f 7427/7427/7427 7426/7426/7426 7428/7428/7428 
f 7429/7429/7429 7430/7430/7430 7431/7431/7431 
f 7431/7431/7431 7430/7430/7430 7432/7432/7432 
f 7433/7433/7433 7434/7434/7434 7435/7435/7435 
f 7435/7435/7435 7434/7434/7434 7436/7436/7436 
f 7437/7437/7437 7438/7438/7438 7439/7439/7439 
f 7439/7439/7439 7438/7438/7438 7440/7440/7440 

g Volcanopart258

v 32.8648 61.3237 -68.8065 
v 88.9468 22.5376 -106.155 
v 30.8009 56.6253 -67.0263 
v 86.8829 17.8392 -104.375 
v 113.522 24.8241 -71.6278 
v 88.9468 22.5376 -106.155 
v 57.4397 63.6103 -34.2795 
v 32.8648 61.3237 -68.8065 
v 88.9468 22.5376 -106.155 
v 113.522 24.8241 -71.6278 
v 86.8829 17.8392 -104.375 
v 111.458 20.1257 -69.8477 
v 113.522 24.8241 -71.6278 
v 57.4397 63.6103 -34.2795 
v 111.458 20.1257 -69.8477 
v 55.3758 58.9118 -32.4994 
v 55.3758 58.9118 -32.4994 
v 30.8009 56.6253 -67.0263 
v 111.458 20.1257 -69.8477 
v 86.8829 17.8392 -104.375 
v 57.4397 63.6103 -34.2795 
v 32.8648 61.3237 -68.8065 
v 55.3758 58.9118 -32.4994 
v 30.8009 56.6253 -67.0263 

vn -0.582677 -0.0551181 -0.811024 
vn -0.582677 -0.0551181 -0.811024 
vn -0.582677 -0.0551181 -0.811024 
vn -0.582677 -0.0551181 -0.811024 
vn 0.377953 0.866142 -0.330709 
vn 0.377953 0.866142 -0.330709 
vn 0.377953 0.866142 -0.330709 
vn 0.377953 0.866142 -0.330709 
vn 0.724409 -0.496063 -0.480315 
vn 0.724409 -0.496063 -0.480315 
vn 0.724409 -0.496063 -0.480315 
vn 0.724409 -0.496063 -0.480315 
vn 0.582677 0.0551181 0.811024 
vn 0.582677 0.0551181 0.811024 
vn 0.582677 0.0551181 0.811024 
vn 0.582677 0.0551181 0.811024 
vn -0.377953 -0.866142 0.330709 
vn -0.377953 -0.866142 0.330709 
vn -0.377953 -0.866142 0.330709 
vn -0.377953 -0.866142 0.330709 
vn -0.724409 0.496063 0.480315 
vn -0.724409 0.496063 0.480315 
vn -0.724409 0.496063 0.480315 
vn -0.724409 0.496063 0.480315 

vt 8.5874 5.68963 
vt -1.13085 5.68963 
vt 8.5874 5.01066 
vt -1.13085 5.01066 
vt 4.17431 5.68963 
vt -1.13085 5.68963 
vt 4.17431 -4.02863 
vt -1.13085 -4.02863 
vt 4.17431 5.68963 
vt -1.13085 5.68963 
vt 4.17431 5.01066 
vt -1.13085 5.01066 
vt 8.5874 5.68963 
vt -1.13085 5.68963 
vt 8.5874 5.01066 
vt -1.13085 5.01066 
vt 4.17431 5.68963 
vt -1.13085 5.68963 
vt 4.17431 -4.02863 
vt -1.13085 -4.02863 
vt 4.17431 5.68963 
vt -1.13085 5.68963 
vt 4.17431 5.01066 
vt -1.13085 5.01066 

usemtl Volcanopart1Mtl

f 7441/7441/7441 7442/7442/7442 7443/7443/7443 
f 7443/7443/7443 7442/7442/7442 7444/7444/7444 
f 7445/7445/7445 7446/7446/7446 7447/7447/7447 
f 7447/7447/7447 7446/7446/7446 7448/7448/7448 
f 7449/7449/7449 7450/7450/7450 7451/7451/7451 
f 7451/7451/7451 7450/7450/7450 7452/7452/7452 
f 7453/7453/7453 7454/7454/7454 7455/7455/7455 
f 7455/7455/7455 7454/7454/7454 7456/7456/7456 
f 7457/7457/7457 7458/7458/7458 7459/7459/7459 
f 7459/7459/7459 7458/7458/7458 7460/7460/7460 
f 7461/7461/7461 7462/7462/7462 7463/7463/7463 
f 7463/7463/7463 7462/7462/7462 7464/7464/7464 

g Volcanopart259

v 53.0175 56.1749 -66.7006 
v 97.2465 28.7522 -84.2744 
v 49.9517 50.3246 -65.2877 
v 94.1806 22.9019 -82.8615 
v 113.44 29.7374 -45.0563 
v 97.2465 28.7522 -84.2744 
v 69.2112 57.1601 -27.4825 
v 53.0175 56.1749 -66.7006 
v 97.2465 28.7522 -84.2744 
v 113.44 29.7374 -45.0563 
v 94.1806 22.9019 -82.8615 
v 110.374 23.8872 -43.6434 
v 113.44 29.7374 -45.0563 
v 69.2112 57.1601 -27.4825 
v 110.374 23.8872 -43.6434 
v 66.1453 51.3099 -26.0696 
v 66.1453 51.3099 -26.0696 
v 49.9517 50.3246 -65.2877 
v 110.374 23.8872 -43.6434 
v 94.1806 22.9019 -82.8615 
v 69.2112 57.1601 -27.4825 
v 53.0175 56.1749 -66.7006 
v 66.1453 51.3099 -26.0696 
v 49.9517 50.3246 -65.2877 

vn -0.377953 -0.023622 -0.92126 
vn -0.377953 -0.023622 -0.92126 
vn -0.377953 -0.023622 -0.92126 
vn -0.377953 -0.023622 -0.92126 
vn 0.456693 0.866142 -0.212598 
vn 0.456693 0.866142 -0.212598 
vn 0.456693 0.866142 -0.212598 
vn 0.456693 0.866142 -0.212598 
vn 0.80315 -0.496063 -0.322835 
vn 0.80315 -0.496063 -0.322835 
vn 0.80315 -0.496063 -0.322835 
vn 0.80315 -0.496063 -0.322835 
vn 0.377953 0.023622 0.92126 
vn 0.377953 0.023622 0.92126 
vn 0.377953 0.023622 0.92126 
vn 0.377953 0.023622 0.92126 
vn -0.456693 -0.866142 0.212598 
vn -0.456693 -0.866142 0.212598 
vn -0.456693 -0.866142 0.212598 
vn -0.456693 -0.866142 0.212598 
vn -0.80315 0.496063 0.322835 
vn -0.80315 0.496063 0.322835 
vn -0.80315 0.496063 0.322835 
vn -0.80315 0.496063 0.322835 

vt 9.5448 2.75406 
vt 2.67884 2.75406 
vt 9.5448 1.90976 
vt 2.67884 1.90976 
vt 7.98401 2.75406 
vt 2.67884 2.75406 
vt 7.98401 -4.11189 
vt 2.67884 -4.11189 
vt 7.98401 2.75406 
vt 2.67884 2.75406 
vt 7.98401 1.90976 
vt 2.67884 1.90976 
vt 9.5448 2.75406 
vt 2.67884 2.75406 
vt 9.5448 1.90976 
vt 2.67884 1.90976 
vt 7.98401 2.75406 
vt 2.67884 2.75406 
vt 7.98401 -4.11189 
vt 2.67884 -4.11189 
vt 7.98401 2.75406 
vt 2.67884 2.75406 
vt 7.98401 1.90976 
vt 2.67884 1.90976 

usemtl Volcanopart1Mtl

f 7465/7465/7465 7466/7466/7466 7467/7467/7467 
f 7467/7467/7467 7466/7466/7466 7468/7468/7468 
f 7469/7469/7469 7470/7470/7470 7471/7471/7471 
f 7471/7471/7471 7470/7470/7470 7472/7472/7472 
f 7473/7473/7473 7474/7474/7474 7475/7475/7475 
f 7475/7475/7475 7474/7474/7474 7476/7476/7476 
f 7477/7477/7477 7478/7478/7478 7479/7479/7479 
f 7479/7479/7479 7478/7478/7478 7480/7480/7480 
f 7481/7481/7481 7482/7482/7482 7483/7483/7483 
f 7483/7483/7483 7482/7482/7482 7484/7484/7484 
f 7485/7485/7485 7486/7486/7486 7487/7487/7487 
f 7487/7487/7487 7486/7486/7486 7488/7488/7488 

g Volcanopart260

v 61.1665 55.9314 -55.9254 
v 106.493 29.409 -63.6524 
v 58.8638 51.8527 -55.4328 
v 104.19 25.3303 -63.1599 
v 114.061 30.1785 -21.8984 
v 106.493 29.409 -63.6524 
v 68.7347 56.7009 -14.1714 
v 61.1665 55.9314 -55.9254 
v 106.493 29.409 -63.6524 
v 114.061 30.1785 -21.8984 
v 104.19 25.3303 -63.1599 
v 111.759 26.0998 -21.4059 
v 114.061 30.1785 -21.8984 
v 68.7347 56.7009 -14.1714 
v 111.759 26.0998 -21.4059 
v 66.4321 52.6222 -13.6788 
v 66.4321 52.6222 -13.6788 
v 58.8638 51.8527 -55.4328 
v 111.759 26.0998 -21.4059 
v 104.19 25.3303 -63.1599 
v 68.7347 56.7009 -14.1714 
v 61.1665 55.9314 -55.9254 
v 66.4321 52.6222 -13.6788 
v 58.8638 51.8527 -55.4328 

vn -0.181102 -0.015748 -0.984252 
vn -0.181102 -0.015748 -0.984252 
vn -0.181102 -0.015748 -0.984252 
vn -0.181102 -0.015748 -0.984252 
vn 0.488189 0.866142 -0.102362 
vn 0.488189 0.866142 -0.102362 
vn 0.488189 0.866142 -0.102362 
vn 0.488189 0.866142 -0.102362 
vn 0.850394 -0.496063 -0.141732 
vn 0.850394 -0.496063 -0.141732 
vn 0.850394 -0.496063 -0.141732 
vn 0.850394 -0.496063 -0.141732 
vn 0.181102 0.015748 0.984252 
vn 0.181102 0.015748 0.984252 
vn 0.181102 0.015748 0.984252 
vn 0.181102 0.015748 0.984252 
vn -0.488189 -0.866142 0.102362 
vn -0.488189 -0.866142 0.102362 
vn -0.488189 -0.866142 0.102362 
vn -0.488189 -0.866142 0.102362 
vn -0.850394 0.496063 0.141732 
vn -0.850394 0.496063 0.141732 
vn -0.850394 0.496063 0.141732 
vn -0.850394 0.496063 0.141732 

vt 2.8933 2.68852 
vt -3.74189 2.68852 
vt 2.8933 2.09981 
vt -3.74189 2.09981 
vt 1.56327 2.68852 
vt -3.74189 2.68852 
vt 1.56327 -3.94668 
vt -3.74189 -3.94668 
vt 1.56327 2.68852 
vt -3.74189 2.68852 
vt 1.56327 2.09981 
vt -3.74189 2.09981 
vt 2.8933 2.68852 
vt -3.74189 2.68852 
vt 2.8933 2.09981 
vt -3.74189 2.09981 
vt 1.56327 2.68852 
vt -3.74189 2.68852 
vt 1.56327 -3.94668 
vt -3.74189 -3.94668 
vt 1.56327 2.68852 
vt -3.74189 2.68852 
vt 1.56327 2.09981 
vt -3.74189 2.09981 

usemtl Volcanopart1Mtl

f 7489/7489/7489 7490/7490/7490 7491/7491/7491 
f 7491/7491/7491 7490/7490/7490 7492/7492/7492 
f 7493/7493/7493 7494/7494/7494 7495/7495/7495 
f 7495/7495/7495 7494/7494/7494 7496/7496/7496 
f 7497/7497/7497 7498/7498/7498 7499/7499/7499 
f 7499/7499/7499 7498/7498/7498 7500/7500/7500 
f 7501/7501/7501 7502/7502/7502 7503/7503/7503 
f 7503/7503/7503 7502/7502/7502 7504/7504/7504 
f 7505/7505/7505 7506/7506/7506 7507/7507/7507 
f 7507/7507/7507 7506/7506/7506 7508/7508/7508 
f 7509/7509/7509 7510/7510/7510 7511/7511/7511 
f 7511/7511/7511 7510/7510/7510 7512/7512/7512 

g Volcanopart261

v 51.6337 63.7167 -44.2051 
v 123.88 21.9631 -41.2731 
v 47.876 57.2037 -44.3628 
v 120.122 15.45 -41.4308 
v 122.144 21.9377 1.13274 
v 123.88 21.9631 -41.2731 
v 49.8981 63.6913 -1.79927 
v 51.6337 63.7167 -44.2051 
v 123.88 21.9631 -41.2731 
v 122.144 21.9377 1.13274 
v 120.122 15.45 -41.4308 
v 118.386 15.4247 0.975046 
v 122.144 21.9377 1.13274 
v 49.8981 63.6913 -1.79927 
v 118.386 15.4247 0.975046 
v 46.1403 57.1783 -1.95696 
v 46.1403 57.1783 -1.95696 
v 47.876 57.2037 -44.3628 
v 118.386 15.4247 0.975046 
v 120.122 15.45 -41.4308 
v 49.8981 63.6913 -1.79927 
v 51.6337 63.7167 -44.2051 
v 46.1403 57.1783 -1.95696 
v 47.876 57.2037 -44.3628 

vn 0.0393701 0 -1 
vn 0.0393701 0 -1 
vn 0.0393701 0 -1 
vn 0.0393701 0 -1 
vn 0.496063 0.866142 0.023622 
vn 0.496063 0.866142 0.023622 
vn 0.496063 0.866142 0.023622 
vn 0.496063 0.866142 0.023622 
vn 0.866142 -0.503937 0.0314961 
vn 0.866142 -0.503937 0.0314961 
vn 0.866142 -0.503937 0.0314961 
vn 0.866142 -0.503937 0.0314961 
vn -0.0393701 0 1 
vn -0.0393701 0 1 
vn -0.0393701 0 1 
vn -0.0393701 0 1 
vn -0.496063 -0.866142 -0.023622 
vn -0.496063 -0.866142 -0.023622 
vn -0.496063 -0.866142 -0.023622 
vn -0.496063 -0.866142 -0.023622 
vn -0.866142 0.503937 -0.0314961 
vn -0.866142 0.503937 -0.0314961 
vn -0.866142 0.503937 -0.0314961 
vn -0.866142 0.503937 -0.0314961 

vt 8.28987 4.74218 
vt -2.14703 4.74218 
vt 8.28987 3.80206 
vt -2.14703 3.80206 
vt 3.15813 4.74218 
vt -2.14703 4.74218 
vt 3.15813 -5.69472 
vt -2.14703 -5.69472 
vt 3.15813 4.74218 
vt -2.14703 4.74218 
vt 3.15813 3.80206 
vt -2.14703 3.80206 
vt 8.28987 4.74218 
vt -2.14703 4.74218 
vt 8.28987 3.80206 
vt -2.14703 3.80206 
vt 3.15813 4.74218 
vt -2.14703 4.74218 
vt 3.15813 -5.69472 
vt -2.14703 -5.69472 
vt 3.15813 4.74218 
vt -2.14703 4.74218 
vt 3.15813 3.80206 
vt -2.14703 3.80206 

usemtl Volcanopart1Mtl

f 7513/7513/7513 7514/7514/7514 7515/7515/7515 
f 7515/7515/7515 7514/7514/7514 7516/7516/7516 
f 7517/7517/7517 7518/7518/7518 7519/7519/7519 
f 7519/7519/7519 7518/7518/7518 7520/7520/7520 
f 7521/7521/7521 7522/7522/7522 7523/7523/7523 
f 7523/7523/7523 7522/7522/7522 7524/7524/7524 
f 7525/7525/7525 7526/7526/7526 7527/7527/7527 
f 7527/7527/7527 7526/7526/7526 7528/7528/7528 
f 7529/7529/7529 7530/7530/7530 7531/7531/7531 
f 7531/7531/7531 7530/7530/7530 7532/7532/7532 
f 7533/7533/7533 7534/7534/7534 7535/7535/7535 
f 7535/7535/7535 7534/7534/7534 7536/7536/7536 

g Volcanopart262

v 61.3402 59.2124 -32.6151 
v 119.377 24.5846 -17.7939 
v 57.5853 52.6692 -33.1989 
v 115.622 18.0415 -18.3777 
v 109.876 26.3494 23.5327 
v 119.377 24.5846 -17.7939 
v 51.8393 60.9771 8.71151 
v 61.3402 59.2124 -32.6151 
v 119.377 24.5846 -17.7939 
v 109.876 26.3494 23.5327 
v 115.622 18.0415 -18.3777 
v 106.121 19.8062 22.9488 
v 109.876 26.3494 23.5327 
v 51.8393 60.9771 8.71151 
v 106.121 19.8062 22.9488 
v 48.0844 54.434 8.12768 
v 48.0844 54.434 8.12768 
v 57.5853 52.6692 -33.1989 
v 106.121 19.8062 22.9488 
v 115.622 18.0415 -18.3777 
v 51.8393 60.9771 8.71151 
v 61.3402 59.2124 -32.6151 
v 48.0844 54.434 8.12768 
v 57.5853 52.6692 -33.1989 

vn 0.220472 -0.0393701 -0.976378 
vn 0.220472 -0.0393701 -0.976378 
vn 0.220472 -0.0393701 -0.976378 
vn 0.220472 -0.0393701 -0.976378 
vn 0.496063 0.866142 0.0787402 
vn 0.496063 0.866142 0.0787402 
vn 0.496063 0.866142 0.0787402 
vn 0.496063 0.866142 0.0787402 
vn 0.84252 -0.503937 0.212598 
vn 0.84252 -0.503937 0.212598 
vn 0.84252 -0.503937 0.212598 
vn 0.84252 -0.503937 0.212598 
vn -0.220472 0.0393701 0.976378 
vn -0.220472 0.0393701 0.976378 
vn -0.220472 0.0393701 0.976378 
vn -0.220472 0.0393701 0.976378 
vn -0.496063 -0.866142 -0.0787402 
vn -0.496063 -0.866142 -0.0787402 
vn -0.496063 -0.866142 -0.0787402 
vn -0.496063 -0.866142 -0.0787402 
vn -0.84252 0.503937 -0.212598 
vn -0.84252 0.503937 -0.212598 
vn -0.84252 0.503937 -0.212598 
vn -0.84252 0.503937 -0.212598 

vt 12.1435 -5.99893 
vt 3.495 -5.99893 
vt 12.1435 -6.94475 
vt 3.495 -6.94475 
vt 8.80017 -5.99893 
vt 3.495 -5.99893 
vt 8.80017 -14.6474 
vt 3.495 -14.6474 
vt 8.80017 -5.99893 
vt 3.495 -5.99893 
vt 8.80017 -6.94475 
vt 3.495 -6.94475 
vt 12.1435 -5.99893 
vt 3.495 -5.99893 
vt 12.1435 -6.94475 
vt 3.495 -6.94475 
vt 8.80017 -5.99893 
vt 3.495 -5.99893 
vt 8.80017 -14.6474 
vt 3.495 -14.6474 
vt 8.80017 -5.99893 
vt 3.495 -5.99893 
vt 8.80017 -6.94475 
vt 3.495 -6.94475 

usemtl Volcanopart1Mtl

f 7537/7537/7537 7538/7538/7538 7539/7539/7539 
f 7539/7539/7539 7538/7538/7538 7540/7540/7540 
f 7541/7541/7541 7542/7542/7542 7543/7543/7543 
f 7543/7543/7543 7542/7542/7542 7544/7544/7544 
f 7545/7545/7545 7546/7546/7546 7547/7547/7547 
f 7547/7547/7547 7546/7546/7546 7548/7548/7548 
f 7549/7549/7549 7550/7550/7550 7551/7551/7551 
f 7551/7551/7551 7550/7550/7550 7552/7552/7552 
f 7553/7553/7553 7554/7554/7554 7555/7555/7555 
f 7555/7555/7555 7554/7554/7554 7556/7556/7556 
f 7557/7557/7557 7558/7558/7558 7559/7559/7559 
f 7559/7559/7559 7558/7558/7558 7560/7560/7560 

g Volcanopart263

v 66.6201 59.2929 -17.8067 
v 113.89 28.7701 5.58751 
v 63.1794 52.1411 -20.1854 
v 110.45 21.6184 3.20884 
v 93.7227 26.0845 42.8342 
v 113.89 28.7701 5.58751 
v 46.4524 56.6072 19.44 
v 66.6201 59.2929 -17.8067 
v 113.89 28.7701 5.58751 
v 93.7227 26.0845 42.8342 
v 110.45 21.6184 3.20884 
v 90.282 18.9328 40.4556 
v 93.7227 26.0845 42.8342 
v 46.4524 56.6072 19.44 
v 90.282 18.9328 40.4556 
v 43.0117 49.4555 17.0613 
v 43.0117 49.4555 17.0613 
v 63.1794 52.1411 -20.1854 
v 90.282 18.9328 40.4556 
v 110.45 21.6184 3.20884 
v 46.4524 56.6072 19.44 
v 66.6201 59.2929 -17.8067 
v 43.0117 49.4555 17.0613 
v 63.1794 52.1411 -20.1854 

vn 0.472441 0.0629921 -0.874016 
vn 0.472441 0.0629921 -0.874016 
vn 0.472441 0.0629921 -0.874016 
vn 0.472441 0.0629921 -0.874016 
vn 0.417323 0.866142 0.283465 
vn 0.417323 0.866142 0.283465 
vn 0.417323 0.866142 0.283465 
vn 0.417323 0.866142 0.283465 
vn 0.779528 -0.503937 0.385827 
vn 0.779528 -0.503937 0.385827 
vn 0.779528 -0.503937 0.385827 
vn 0.779528 -0.503937 0.385827 
vn -0.472441 -0.0629921 0.874016 
vn -0.472441 -0.0629921 0.874016 
vn -0.472441 -0.0629921 0.874016 
vn -0.472441 -0.0629921 0.874016 
vn -0.417323 -0.866142 -0.283465 
vn -0.417323 -0.866142 -0.283465 
vn -0.417323 -0.866142 -0.283465 
vn -0.417323 -0.866142 -0.283465 
vn -0.779528 0.503937 -0.385827 
vn -0.779528 0.503937 -0.385827 
vn -0.779528 0.503937 -0.385827 
vn -0.779528 0.503937 -0.385827 

vt 10.1334 3.24208 
vt 2.5162 3.24208 
vt 10.1334 2.20643 
vt 2.5162 2.20643 
vt 7.82136 3.24208 
vt 2.5162 3.24208 
vt 7.82136 -4.37514 
vt 2.5162 -4.37514 
vt 7.82136 3.24208 
vt 2.5162 3.24208 
vt 7.82136 2.20643 
vt 2.5162 2.20643 
vt 10.1334 3.24208 
vt 2.5162 3.24208 
vt 10.1334 2.20643 
vt 2.5162 2.20643 
vt 7.82136 3.24208 
vt 2.5162 3.24208 
vt 7.82136 -4.37514 
vt 2.5162 -4.37514 
vt 7.82136 3.24208 
vt 2.5162 3.24208 
vt 7.82136 2.20643 
vt 2.5162 2.20643 

usemtl Volcanopart1Mtl

f 7561/7561/7561 7562/7562/7562 7563/7563/7563 
f 7563/7563/7563 7562/7562/7562 7564/7564/7564 
f 7565/7565/7565 7566/7566/7566 7567/7567/7567 
f 7567/7567/7567 7566/7566/7566 7568/7568/7568 
f 7569/7569/7569 7570/7570/7570 7571/7571/7571 
f 7571/7571/7571 7570/7570/7570 7572/7572/7572 
f 7573/7573/7573 7574/7574/7574 7575/7575/7575 
f 7575/7575/7575 7574/7574/7574 7576/7576/7576 
f 7577/7577/7577 7578/7578/7578 7579/7579/7579 
f 7579/7579/7579 7578/7578/7578 7580/7580/7580 
f 7581/7581/7581 7582/7582/7582 7583/7583/7583 
f 7583/7583/7583 7582/7582/7582 7584/7584/7584 

g Volcanopart264

v 61.0369 58.5359 -7.96666 
v 105.086 26.0049 26.87 
v 58.8007 53.8502 -9.51468 
v 102.849 21.3191 25.322 
v 79.3048 27.1774 60.5633 
v 105.086 26.0049 26.87 
v 35.256 59.7085 25.7266 
v 61.0369 58.5359 -7.96666 
v 105.086 26.0049 26.87 
v 79.3048 27.1774 60.5633 
v 102.849 21.3191 25.322 
v 77.0685 22.4917 59.0153 
v 79.3048 27.1774 60.5633 
v 35.256 59.7085 25.7266 
v 77.0685 22.4917 59.0153 
v 33.0198 55.0228 24.1786 
v 33.0198 55.0228 24.1786 
v 58.8007 53.8502 -9.51468 
v 77.0685 22.4917 59.0153 
v 102.849 21.3191 25.322 
v 35.256 59.7085 25.7266 
v 61.0369 58.5359 -7.96666 
v 33.0198 55.0228 24.1786 
v 58.8007 53.8502 -9.51468 

vn 0.606299 -0.0314961 -0.795276 
vn 0.606299 -0.0314961 -0.795276 
vn 0.606299 -0.0314961 -0.795276 
vn 0.606299 -0.0314961 -0.795276 
vn 0.409449 0.866142 0.283465 
vn 0.409449 0.866142 0.283465 
vn 0.409449 0.866142 0.283465 
vn 0.409449 0.866142 0.283465 
vn 0.677165 -0.503937 0.535433 
vn 0.677165 -0.503937 0.535433 
vn 0.677165 -0.503937 0.535433 
vn 0.677165 -0.503937 0.535433 
vn -0.606299 0.0314961 0.795276 
vn -0.606299 0.0314961 0.795276 
vn -0.606299 0.0314961 0.795276 
vn -0.606299 0.0314961 0.795276 
vn -0.409449 -0.866142 -0.283465 
vn -0.409449 -0.866142 -0.283465 
vn -0.409449 -0.866142 -0.283465 
vn -0.409449 -0.866142 -0.283465 
vn -0.677165 0.503937 -0.535433 
vn -0.677165 0.503937 -0.535433 
vn -0.677165 0.503937 -0.535433 
vn -0.677165 0.503937 -0.535433 

vt 7.0404 2.0151 
vt -1.07224 2.0151 
vt 7.0404 1.33787 
vt -1.07224 1.33787 
vt 4.23293 2.0151 
vt -1.07224 2.0151 
vt 4.23293 -6.09754 
vt -1.07224 -6.09754 
vt 4.23293 2.0151 
vt -1.07224 2.0151 
vt 4.23293 1.33787 
vt -1.07224 1.33787 
vt 7.0404 2.0151 
vt -1.07224 2.0151 
vt 7.0404 1.33787 
vt -1.07224 1.33787 
vt 4.23293 2.0151 
vt -1.07224 2.0151 
vt 4.23293 -6.09754 
vt -1.07224 -6.09754 
vt 4.23293 2.0151 
vt -1.07224 2.0151 
vt 4.23293 1.33787 
vt -1.07224 1.33787 

usemtl Volcanopart1Mtl

f 7585/7585/7585 7586/7586/7586 7587/7587/7587 
f 7587/7587/7587 7586/7586/7586 7588/7588/7588 
f 7589/7589/7589 7590/7590/7590 7591/7591/7591 
f 7591/7591/7591 7590/7590/7590 7592/7592/7592 
f 7593/7593/7593 7594/7594/7594 7595/7595/7595 
f 7595/7595/7595 7594/7594/7594 7596/7596/7596 
f 7597/7597/7597 7598/7598/7598 7599/7599/7599 
f 7599/7599/7599 7598/7598/7598 7600/7600/7600 
f 7601/7601/7601 7602/7602/7602 7603/7603/7603 
f 7603/7603/7603 7602/7602/7602 7604/7604/7604 
f 7605/7605/7605 7606/7606/7606 7607/7607/7607 
f 7607/7607/7607 7606/7606/7606 7608/7608/7608 

g Volcanopart265

v 57.3217 57.3261 4.4458 
v 91.1275 26.6124 45.2379 
v 55.5753 53.1 2.71111 
v 89.381 22.3862 43.5032 
v 59.1484 28.3978 73.0843 
v 91.1275 26.6124 45.2379 
v 25.3427 59.1115 32.2921 
v 57.3217 57.3261 4.4458 
v 91.1275 26.6124 45.2379 
v 59.1484 28.3978 73.0843 
v 89.381 22.3862 43.5032 
v 57.402 24.1716 71.3496 
v 59.1484 28.3978 73.0843 
v 25.3427 59.1115 32.2921 
v 57.402 24.1716 71.3496 
v 23.5962 54.8853 30.5574 
v 23.5962 54.8853 30.5574 
v 55.5753 53.1 2.71111 
v 57.402 24.1716 71.3496 
v 89.381 22.3862 43.5032 
v 25.3427 59.1115 32.2921 
v 57.3217 57.3261 4.4458 
v 23.5962 54.8853 30.5574 
v 55.5753 53.1 2.71111 

vn 0.755906 -0.0393701 -0.653543 
vn 0.755906 -0.0393701 -0.653543 
vn 0.755906 -0.0393701 -0.653543 
vn 0.755906 -0.0393701 -0.653543 
vn 0.354331 0.866142 0.354331 
vn 0.354331 0.866142 0.354331 
vn 0.354331 0.866142 0.354331 
vn 0.354331 0.866142 0.354331 
vn 0.551181 -0.503937 0.669291 
vn 0.551181 -0.503937 0.669291 
vn 0.551181 -0.503937 0.669291 
vn 0.551181 -0.503937 0.669291 
vn -0.755906 0.0393701 0.653543 
vn -0.755906 0.0393701 0.653543 
vn -0.755906 0.0393701 0.653543 
vn -0.755906 0.0393701 0.653543 
vn -0.354331 -0.866142 -0.354331 
vn -0.354331 -0.866142 -0.354331 
vn -0.354331 -0.866142 -0.354331 
vn -0.354331 -0.866142 -0.354331 
vn -0.551181 0.503937 -0.669291 
vn -0.551181 0.503937 -0.669291 
vn -0.551181 0.503937 -0.669291 
vn -0.551181 0.503937 -0.669291 

vt 10.4656 3.59009 
vt 2.81074 3.59009 
vt 10.4656 2.97874 
vt 2.81074 2.97874 
vt 8.11591 3.59009 
vt 2.81074 3.59009 
vt 8.11591 -4.06473 
vt 2.81074 -4.06473 
vt 8.11591 3.59009 
vt 2.81074 3.59009 
vt 8.11591 2.97874 
vt 2.81074 2.97874 
vt 10.4656 3.59009 
vt 2.81074 3.59009 
vt 10.4656 2.97874 
vt 2.81074 2.97874 
vt 8.11591 3.59009 
vt 2.81074 3.59009 
vt 8.11591 -4.06473 
vt 2.81074 -4.06473 
vt 8.11591 3.59009 
vt 2.81074 3.59009 
vt 8.11591 2.97874 
vt 2.81074 2.97874 

usemtl Volcanopart1Mtl

f 7609/7609/7609 7610/7610/7610 7611/7611/7611 
f 7611/7611/7611 7610/7610/7610 7612/7612/7612 
f 7613/7613/7613 7614/7614/7614 7615/7615/7615 
f 7615/7615/7615 7614/7614/7614 7616/7616/7616 
f 7617/7617/7617 7618/7618/7618 7619/7619/7619 
f 7619/7619/7619 7618/7618/7618 7620/7620/7620 
f 7621/7621/7621 7622/7622/7622 7623/7623/7623 
f 7623/7623/7623 7622/7622/7622 7624/7624/7624 
f 7625/7625/7625 7626/7626/7626 7627/7627/7627 
f 7627/7627/7627 7626/7626/7626 7628/7628/7628 
f 7629/7629/7629 7630/7630/7630 7631/7631/7631 
f 7631/7631/7631 7630/7630/7630 7632/7632/7632 

g Volcanopart266

v 52.2083 57.3188 19.2497 
v 73.7128 30.4255 60.3209 
v 51.2957 52.9897 16.8928 
v 72.8003 26.0964 57.9639 
v 35.613 28.3394 78.9036 
v 73.7128 30.4255 60.3209 
v 14.1085 55.2327 37.8325 
v 52.2083 57.3188 19.2497 
v 73.7128 30.4255 60.3209 
v 35.613 28.3394 78.9036 
v 72.8003 26.0964 57.9639 
v 34.7005 24.0103 76.5467 
v 35.613 28.3394 78.9036 
v 14.1085 55.2327 37.8325 
v 34.7005 24.0103 76.5467 
v 13.1959 50.9035 35.4756 
v 13.1959 50.9035 35.4756 
v 51.2957 52.9897 16.8928 
v 34.7005 24.0103 76.5467 
v 72.8003 26.0964 57.9639 
v 14.1085 55.2327 37.8325 
v 52.2083 57.3188 19.2497 
v 13.1959 50.9035 35.4756 
v 51.2957 52.9897 16.8928 

vn 0.897638 0.0472441 -0.440945 
vn 0.897638 0.0472441 -0.440945 
vn 0.897638 0.0472441 -0.440945 
vn 0.897638 0.0472441 -0.440945 
vn 0.181102 0.866142 0.472441 
vn 0.181102 0.866142 0.472441 
vn 0.181102 0.866142 0.472441 
vn 0.181102 0.866142 0.472441 
vn 0.401575 -0.503937 0.76378 
vn 0.401575 -0.503937 0.76378 
vn 0.401575 -0.503937 0.76378 
vn 0.401575 -0.503937 0.76378 
vn -0.897638 -0.0472441 0.440945 
vn -0.897638 -0.0472441 0.440945 
vn -0.897638 -0.0472441 0.440945 
vn -0.897638 -0.0472441 0.440945 
vn -0.181102 -0.866142 -0.472441 
vn -0.181102 -0.866142 -0.472441 
vn -0.181102 -0.866142 -0.472441 
vn -0.181102 -0.866142 -0.472441 
vn -0.401575 0.503937 -0.76378 
vn -0.401575 0.503937 -0.76378 
vn -0.401575 0.503937 -0.76378 
vn -0.401575 0.503937 -0.76378 

vt 6.50835 -4.07388 
vt -0.191149 -4.07388 
vt 6.50835 -4.7005 
vt -0.191149 -4.7005 
vt 5.11402 -4.07388 
vt -0.191149 -4.07388 
vt 5.11402 -10.7734 
vt -0.191149 -10.7734 
vt 5.11402 -4.07388 
vt -0.191149 -4.07388 
vt 5.11402 -4.7005 
vt -0.191149 -4.7005 
vt 6.50835 -4.07388 
vt -0.191149 -4.07388 
vt 6.50835 -4.7005 
vt -0.191149 -4.7005 
vt 5.11402 -4.07388 
vt -0.191149 -4.07388 
vt 5.11402 -10.7734 
vt -0.191149 -10.7734 
vt 5.11402 -4.07388 
vt -0.191149 -4.07388 
vt 5.11402 -4.7005 
vt -0.191149 -4.7005 

usemtl Volcanopart1Mtl

f 7633/7633/7633 7634/7634/7634 7635/7635/7635 
f 7635/7635/7635 7634/7634/7634 7636/7636/7636 
f 7637/7637/7637 7638/7638/7638 7639/7639/7639 
f 7639/7639/7639 7638/7638/7638 7640/7640/7640 
f 7641/7641/7641 7642/7642/7642 7643/7643/7643 
f 7643/7643/7643 7642/7642/7642 7644/7644/7644 
f 7645/7645/7645 7646/7646/7646 7647/7647/7647 
f 7647/7647/7647 7646/7646/7646 7648/7648/7648 
f 7649/7649/7649 7650/7650/7650 7651/7651/7651 
f 7651/7651/7651 7650/7650/7650 7652/7652/7652 
f 7653/7653/7653 7654/7654/7654 7655/7655/7655 
f 7655/7655/7655 7654/7654/7654 7656/7656/7656 

g Volcanopart267

v 39.0759 60.6342 16.0652 
v 56.9118 22.1949 79.8552 
v 37.4341 53.4221 12.1783 
v 55.2699 14.9829 75.9683 
v 16.4888 24.5434 92.5727 
v 56.9118 22.1949 79.8552 
v -1.34703 62.9826 28.7827 
v 39.0759 60.6342 16.0652 
v 56.9118 22.1949 79.8552 
v 16.4888 24.5434 92.5727 
v 55.2699 14.9829 75.9683 
v 14.847 17.3313 88.6858 
v 16.4888 24.5434 92.5727 
v -1.34703 62.9826 28.7827 
v 14.847 17.3313 88.6858 
v -2.98886 55.7706 24.8958 
v -2.98886 55.7706 24.8958 
v 37.4341 53.4221 12.1783 
v 14.847 17.3313 88.6858 
v 55.2699 14.9829 75.9683 
v -1.34703 62.9826 28.7827 
v 39.0759 60.6342 16.0652 
v -2.98886 55.7706 24.8958 
v 37.4341 53.4221 12.1783 

vn 0.952756 -0.0551181 -0.299213 
vn 0.952756 -0.0551181 -0.299213 
vn 0.952756 -0.0551181 -0.299213 
vn 0.952756 -0.0551181 -0.299213 
vn 0.19685 0.866142 0.464567 
vn 0.19685 0.866142 0.464567 
vn 0.19685 0.866142 0.464567 
vn 0.19685 0.866142 0.464567 
vn 0.23622 -0.503937 0.834646 
vn 0.23622 -0.503937 0.834646 
vn 0.23622 -0.503937 0.834646 
vn 0.23622 -0.503937 0.834646 
vn -0.952756 0.0551181 0.299213 
vn -0.952756 0.0551181 0.299213 
vn -0.952756 0.0551181 0.299213 
vn -0.952756 0.0551181 0.299213 
vn -0.19685 -0.866142 -0.464567 
vn -0.19685 -0.866142 -0.464567 
vn -0.19685 -0.866142 -0.464567 
vn -0.19685 -0.866142 -0.464567 
vn -0.23622 0.503937 -0.834646 
vn -0.23622 0.503937 -0.834646 
vn -0.23622 0.503937 -0.834646 
vn -0.23622 0.503937 -0.834646 

vt 7.42696 -6.91471 
vt -2.14583 -6.91471 
vt 7.42696 -7.95917 
vt -2.14583 -7.95917 
vt 3.15933 -6.91471 
vt -2.14583 -6.91471 
vt 3.15933 -16.4875 
vt -2.14583 -16.4875 
vt 3.15933 -6.91471 
vt -2.14583 -6.91471 
vt 3.15933 -7.95917 
vt -2.14583 -7.95917 
vt 7.42696 -6.91471 
vt -2.14583 -6.91471 
vt 7.42696 -7.95917 
vt -2.14583 -7.95917 
vt 3.15933 -6.91471 
vt -2.14583 -6.91471 
vt 3.15933 -16.4875 
vt -2.14583 -16.4875 
vt 3.15933 -6.91471 
vt -2.14583 -6.91471 
vt 3.15933 -7.95917 
vt -2.14583 -7.95917 

usemtl Volcanopart1Mtl

f 7657/7657/7657 7658/7658/7658 7659/7659/7659 
f 7659/7659/7659 7658/7658/7658 7660/7660/7660 
f 7661/7661/7661 7662/7662/7662 7663/7663/7663 
f 7663/7663/7663 7662/7662/7662 7664/7664/7664 
f 7665/7665/7665 7666/7666/7666 7667/7667/7667 
f 7667/7667/7667 7666/7666/7666 7668/7668/7668 
f 7669/7669/7669 7670/7670/7670 7671/7671/7671 
f 7671/7671/7671 7670/7670/7670 7672/7672/7672 
f 7673/7673/7673 7674/7674/7674 7675/7675/7675 
f 7675/7675/7675 7674/7674/7674 7676/7676/7676 
f 7677/7677/7677 7678/7678/7678 7679/7679/7679 
f 7679/7679/7679 7678/7678/7678 7680/7680/7680 

g Volcanopart268

v 30.0611 58.3918 28.9371 
v 33.505 26.6004 83.5996 
v 29.793 53.3011 25.9933 
v 33.2369 21.5097 80.6558 
v -8.82935 27.115 86.5661 
v 33.505 26.6004 83.5996 
v -12.2733 58.9064 31.9036 
v 30.0611 58.3918 28.9371 
v 33.505 26.6004 83.5996 
v -8.82935 27.115 86.5661 
v 33.2369 21.5097 80.6558 
v -9.09751 22.0244 83.6223 
v -8.82935 27.115 86.5661 
v -12.2733 58.9064 31.9036 
v -9.09751 22.0244 83.6223 
v -12.5414 53.8158 28.9598 
v -12.5414 53.8158 28.9598 
v 29.793 53.3011 25.9933 
v -9.09751 22.0244 83.6223 
v 33.2369 21.5097 80.6558 
v -12.2733 58.9064 31.9036 
v 30.0611 58.3918 28.9371 
v -12.5414 53.8158 28.9598 
v 29.793 53.3011 25.9933 

vn 1 -0.015748 -0.0708661 
vn 1 -0.015748 -0.0708661 
vn 1 -0.015748 -0.0708661 
vn 1 -0.015748 -0.0708661 
vn 0.0472441 0.866142 0.503937 
vn 0.0472441 0.866142 0.503937 
vn 0.0472441 0.866142 0.503937 
vn 0.0472441 0.866142 0.503937 
vn 0.0551181 -0.503937 0.866142 
vn 0.0551181 -0.503937 0.866142 
vn 0.0551181 -0.503937 0.866142 
vn 0.0551181 -0.503937 0.866142 
vn -1 0.015748 0.0708661 
vn -1 0.015748 0.0708661 
vn -1 0.015748 0.0708661 
vn -1 0.015748 0.0708661 
vn -0.0472441 -0.866142 -0.503937 
vn -0.0472441 -0.866142 -0.503937 
vn -0.0472441 -0.866142 -0.503937 
vn -0.0472441 -0.866142 -0.503937 
vn -0.0551181 0.503937 -0.866142 
vn -0.0551181 0.503937 -0.866142 
vn -0.0551181 0.503937 -0.866142 
vn -0.0551181 0.503937 -0.866142 

vt 5.42535 -3.15323 
vt -2.49076 -3.15323 
vt 5.42535 -3.88906 
vt -2.49076 -3.88906 
vt 2.81441 -3.15323 
vt -2.49076 -3.15323 
vt 2.81441 -11.0693 
vt -2.49076 -11.0693 
vt 2.81441 -3.15323 
vt -2.49076 -3.15323 
vt 2.81441 -3.88906 
vt -2.49076 -3.88906 
vt 5.42535 -3.15323 
vt -2.49076 -3.15323 
vt 5.42535 -3.88906 
vt -2.49076 -3.88906 
vt 2.81441 -3.15323 
vt -2.49076 -3.15323 
vt 2.81441 -11.0693 
vt -2.49076 -11.0693 
vt 2.81441 -3.15323 
vt -2.49076 -3.15323 
vt 2.81441 -3.88906 
vt -2.49076 -3.88906 

usemtl Volcanopart1Mtl

f 7681/7681/7681 7682/7682/7682 7683/7683/7683 
f 7683/7683/7683 7682/7682/7682 7684/7684/7684 
f 7685/7685/7685 7686/7686/7686 7687/7687/7687 
f 7687/7687/7687 7686/7686/7686 7688/7688/7688 
f 7689/7689/7689 7690/7690/7690 7691/7691/7691 
f 7691/7691/7691 7690/7690/7690 7692/7692/7692 
f 7693/7693/7693 7694/7694/7694 7695/7695/7695 
f 7695/7695/7695 7694/7694/7694 7696/7696/7696 
f 7697/7697/7697 7698/7698/7698 7699/7699/7699 
f 7699/7699/7699 7698/7698/7698 7700/7700/7700 
f 7701/7701/7701 7702/7702/7702 7703/7703/7703 
f 7703/7703/7703 7702/7702/7702 7704/7704/7704 

g Volcanopart269

v 17.7174 55.7431 37.4775 
v 10.8144 28.3525 84.1613 
v 18.0019 49.5866 33.9074 
v 11.0989 22.196 80.5911 
v -31.2518 29.5934 78.6691 
v 10.8144 28.3525 84.1613 
v -24.3487 56.9839 31.9853 
v 17.7174 55.7431 37.4775 
v 10.8144 28.3525 84.1613 
v -31.2518 29.5934 78.6691 
v 11.0989 22.196 80.5911 
v -30.9672 23.4368 75.0989 
v -31.2518 29.5934 78.6691 
v -24.3487 56.9839 31.9853 
v -30.9672 23.4368 75.0989 
v -24.0642 50.8274 28.4152 
v -24.0642 50.8274 28.4152 
v 18.0019 49.5866 33.9074 
v -30.9672 23.4368 75.0989 
v 11.0989 22.196 80.5911 
v -24.3487 56.9839 31.9853 
v 17.7174 55.7431 37.4775 
v -24.0642 50.8274 28.4152 
v 18.0019 49.5866 33.9074 

vn 0.992126 -0.0314961 0.125984 
vn 0.992126 -0.0314961 0.125984 
vn 0.992126 -0.0314961 0.125984 
vn 0.992126 -0.0314961 0.125984 
vn -0.0393701 0.866142 0.503937 
vn -0.0393701 0.866142 0.503937 
vn -0.0393701 0.866142 0.503937 
vn -0.0393701 0.866142 0.503937 
vn -0.125984 -0.503937 0.858268 
vn -0.125984 -0.503937 0.858268 
vn -0.125984 -0.503937 0.858268 
vn -0.125984 -0.503937 0.858268 
vn -0.992126 0.0314961 -0.125984 
vn -0.992126 0.0314961 -0.125984 
vn -0.992126 0.0314961 -0.125984 
vn -0.992126 0.0314961 -0.125984 
vn 0.0393701 -0.866142 -0.503937 
vn 0.0393701 -0.866142 -0.503937 
vn 0.0393701 -0.866142 -0.503937 
vn 0.0393701 -0.866142 -0.503937 
vn 0.125984 0.503937 -0.858268 
vn 0.125984 0.503937 -0.858268 
vn 0.125984 0.503937 -0.858268 
vn 0.125984 0.503937 -0.858268 

vt 9.95309 -4.41378 
vt 3.13255 -4.41378 
vt 9.95309 -5.30408 
vt 3.13255 -5.30408 
vt 8.43772 -4.41378 
vt 3.13255 -4.41378 
vt 8.43772 -11.2343 
vt 3.13255 -11.2343 
vt 8.43772 -4.41378 
vt 3.13255 -4.41378 
vt 8.43772 -5.30408 
vt 3.13255 -5.30408 
vt 9.95309 -4.41378 
vt 3.13255 -4.41378 
vt 9.95309 -5.30408 
vt 3.13255 -5.30408 
vt 8.43772 -4.41378 
vt 3.13255 -4.41378 
vt 8.43772 -11.2343 
vt 3.13255 -11.2343 
vt 8.43772 -4.41378 
vt 3.13255 -4.41378 
vt 8.43772 -5.30408 
vt 3.13255 -5.30408 

usemtl Volcanopart1Mtl

f 7705/7705/7705 7706/7706/7706 7707/7707/7707 
f 7707/7707/7707 7706/7706/7706 7708/7708/7708 
f 7709/7709/7709 7710/7710/7710 7711/7711/7711 
f 7711/7711/7711 7710/7710/7710 7712/7712/7712 
f 7713/7713/7713 7714/7714/7714 7715/7715/7715 
f 7715/7715/7715 7714/7714/7714 7716/7716/7716 
f 7717/7717/7717 7718/7718/7718 7719/7719/7719 
f 7719/7719/7719 7718/7718/7718 7720/7720/7720 
f 7721/7721/7721 7722/7722/7722 7723/7723/7723 
f 7723/7723/7723 7722/7722/7722 7724/7724/7724 
f 7725/7725/7725 7726/7726/7726 7727/7727/7727 
f 7727/7727/7727 7726/7726/7726 7728/7728/7728 

g Volcanopart270

v 6.88837 59.727 31.9372 
v -13.5742 25.707 86.8801 
v 7.6621 55.7492 29.7623 
v -12.8005 21.7292 84.7053 
v -53.4006 25.9781 72.2153 
v -13.5742 25.707 86.8801 
v -32.938 59.9982 17.2724 
v 6.88837 59.727 31.9372 
v -13.5742 25.707 86.8801 
v -53.4006 25.9781 72.2153 
v -12.8005 21.7292 84.7053 
v -52.6268 22.0004 70.0405 
v -53.4006 25.9781 72.2153 
v -32.938 59.9982 17.2724 
v -52.6268 22.0004 70.0405 
v -32.1642 56.0204 15.0976 
v -32.1642 56.0204 15.0976 
v 7.6621 55.7492 29.7623 
v -52.6268 22.0004 70.0405 
v -12.8005 21.7292 84.7053 
v -32.938 59.9982 17.2724 
v 6.88837 59.727 31.9372 
v -32.1642 56.0204 15.0976 
v 7.6621 55.7492 29.7623 

vn 0.937008 -0.00787402 0.346457 
vn 0.937008 -0.00787402 0.346457 
vn 0.937008 -0.00787402 0.346457 
vn 0.937008 -0.00787402 0.346457 
vn -0.165354 0.866142 0.472441 
vn -0.165354 0.866142 0.472441 
vn -0.165354 0.866142 0.472441 
vn -0.165354 0.866142 0.472441 
vn -0.299213 -0.503937 0.811024 
vn -0.299213 -0.503937 0.811024 
vn -0.299213 -0.503937 0.811024 
vn -0.299213 -0.503937 0.811024 
vn -0.937008 0.00787402 -0.346457 
vn -0.937008 0.00787402 -0.346457 
vn -0.937008 0.00787402 -0.346457 
vn -0.937008 0.00787402 -0.346457 
vn 0.165354 -0.866142 -0.472441 
vn 0.165354 -0.866142 -0.472441 
vn 0.165354 -0.866142 -0.472441 
vn 0.165354 -0.866142 -0.472441 
vn 0.299213 0.503937 -0.811024 
vn 0.299213 0.503937 -0.811024 
vn 0.299213 0.503937 -0.811024 
vn 0.299213 0.503937 -0.811024 

vt 4.81732 7.17939 
vt -3.65581 7.17939 
vt 4.81732 6.6045 
vt -3.65581 6.6045 
vt 1.64935 7.17939 
vt -3.65581 7.17939 
vt 1.64935 -1.29374 
vt -3.65581 -1.29374 
vt 1.64935 7.17939 
vt -3.65581 7.17939 
vt 1.64935 6.6045 
vt -3.65581 6.6045 
vt 4.81732 7.17939 
vt -3.65581 7.17939 
vt 4.81732 6.6045 
vt -3.65581 6.6045 
vt 1.64935 7.17939 
vt -3.65581 7.17939 
vt 1.64935 -1.29374 
vt -3.65581 -1.29374 
vt 1.64935 7.17939 
vt -3.65581 7.17939 
vt 1.64935 6.6045 
vt -3.65581 6.6045 

usemtl Volcanopart1Mtl

f 7729/7729/7729 7730/7730/7730 7731/7731/7731 
f 7731/7731/7731 7730/7730/7730 7732/7732/7732 
f 7733/7733/7733 7734/7734/7734 7735/7735/7735 
f 7735/7735/7735 7734/7734/7734 7736/7736/7736 
f 7737/7737/7737 7738/7738/7738 7739/7739/7739 
f 7739/7739/7739 7738/7738/7738 7740/7740/7740 
f 7741/7741/7741 7742/7742/7742 7743/7743/7743 
f 7743/7743/7743 7742/7742/7742 7744/7744/7744 
f 7745/7745/7745 7746/7746/7746 7747/7747/7747 
f 7747/7747/7747 7746/7746/7746 7748/7748/7748 
f 7749/7749/7749 7750/7750/7750 7751/7751/7751 
f 7751/7751/7751 7750/7750/7750 7752/7752/7752 

g Volcanopart271

v 4.52228 93.5162 5.71076 
v -20.0755 47.5203 44.3645 
v 7.17396 89.2838 2.36182 
v -17.4239 43.2879 41.0156 
v -45.9742 45.8797 25.9314 
v -20.0755 47.5203 44.3645 
v -21.3764 91.8757 -12.7224 
v 4.52228 93.5162 5.71076 
v -20.0755 47.5203 44.3645 
v -45.9742 45.8797 25.9314 
v -17.4239 43.2879 41.0156 
v -43.3225 41.6473 22.5825 
v -45.9742 45.8797 25.9314 
v -21.3764 91.8757 -12.7224 
v -43.3225 41.6473 22.5825 
v -18.7247 87.6432 -16.0713 
v -18.7247 87.6432 -16.0713 
v 7.17396 89.2838 2.36182 
v -43.3225 41.6473 22.5825 
v -17.4239 43.2879 41.0156 
v -21.3764 91.8757 -12.7224 
v 4.52228 93.5162 5.71076 
v -18.7247 87.6432 -16.0713 
v 7.17396 89.2838 2.36182 

vn 0.811024 0.0551181 0.582677 
vn 0.811024 0.0551181 0.582677 
vn 0.811024 0.0551181 0.582677 
vn 0.811024 0.0551181 0.582677 
vn -0.440945 0.700787 0.559055 
vn -0.440945 0.700787 0.559055 
vn -0.440945 0.700787 0.559055 
vn -0.440945 0.700787 0.559055 
vn -0.377953 -0.708661 0.598425 
vn -0.377953 -0.708661 0.598425 
vn -0.377953 -0.708661 0.598425 
vn -0.377953 -0.708661 0.598425 
vn -0.811024 -0.0551181 -0.582677 
vn -0.811024 -0.0551181 -0.582677 
vn -0.811024 -0.0551181 -0.582677 
vn -0.811024 -0.0551181 -0.582677 
vn 0.440945 -0.700787 -0.559055 
vn 0.440945 -0.700787 -0.559055 
vn 0.440945 -0.700787 -0.559055 
vn 0.440945 -0.700787 -0.559055 
vn 0.377953 0.708661 -0.598425 
vn 0.377953 0.708661 -0.598425 
vn 0.377953 0.708661 -0.598425 
vn 0.377953 0.708661 -0.598425 

vt 2.31598 2.39045 
vt -5.7992 2.39045 
vt 2.31598 1.63878 
vt -5.7992 1.63878 
vt -1.82033 2.39045 
vt -5.7992 2.39045 
vt -1.82033 -5.72473 
vt -5.7992 -5.72473 
vt -1.82033 2.39045 
vt -5.7992 2.39045 
vt -1.82033 1.63878 
vt -5.7992 1.63878 
vt 2.31598 2.39045 
vt -5.7992 2.39045 
vt 2.31598 1.63878 
vt -5.7992 1.63878 
vt -1.82033 2.39045 
vt -5.7992 2.39045 
vt -1.82033 -5.72473 
vt -5.7992 -5.72473 
vt -1.82033 2.39045 
vt -5.7992 2.39045 
vt -1.82033 1.63878 
vt -5.7992 1.63878 

usemtl Volcanopart1Mtl

f 7753/7753/7753 7754/7754/7754 7755/7755/7755 
f 7755/7755/7755 7754/7754/7754 7756/7756/7756 
f 7757/7757/7757 7758/7758/7758 7759/7759/7759 
f 7759/7759/7759 7758/7758/7758 7760/7760/7760 
f 7761/7761/7761 7762/7762/7762 7763/7763/7763 
f 7763/7763/7763 7762/7762/7762 7764/7764/7764 
f 7765/7765/7765 7766/7766/7766 7767/7767/7767 
f 7767/7767/7767 7766/7766/7766 7768/7768/7768 
f 7769/7769/7769 7770/7770/7770 7771/7771/7771 
f 7771/7771/7771 7770/7770/7770 7772/7772/7772 
f 7773/7773/7773 7774/7774/7774 7775/7775/7775 
f 7775/7775/7775 7774/7774/7774 7776/7776/7776 

g Volcanopart272

v -5.07028 95.4369 3.97965 
v -43.7672 45.1409 35.8764 
v -0.25983 89.7413 0.834549 
v -38.9567 39.4453 32.7313 
v -62.591 43.3834 10.2681 
v -43.7672 45.1409 35.8764 
v -23.8941 93.6793 -21.6287 
v -5.07028 95.4369 3.97965 
v -43.7672 45.1409 35.8764 
v -62.591 43.3834 10.2681 
v -38.9567 39.4453 32.7313 
v -57.7805 37.6877 7.123 
v -62.591 43.3834 10.2681 
v -23.8941 93.6793 -21.6287 
v -57.7805 37.6877 7.123 
v -19.0837 87.9837 -24.7738 
v -19.0837 87.9837 -24.7738 
v -0.25983 89.7413 0.834549 
v -57.7805 37.6877 7.123 
v -38.9567 39.4453 32.7313 
v -23.8941 93.6793 -21.6287 
v -5.07028 95.4369 3.97965 
v -19.0837 87.9837 -24.7738 
v -0.25983 89.7413 0.834549 

vn 0.590551 0.0551181 0.80315 
vn 0.590551 0.0551181 0.80315 
vn 0.590551 0.0551181 0.80315 
vn 0.590551 0.0551181 0.80315 
vn -0.598425 0.700787 0.385827 
vn -0.598425 0.700787 0.385827 
vn -0.598425 0.700787 0.385827 
vn -0.598425 0.700787 0.385827 
vn -0.543307 -0.708661 0.448819 
vn -0.543307 -0.708661 0.448819 
vn -0.543307 -0.708661 0.448819 
vn -0.543307 -0.708661 0.448819 
vn -0.590551 -0.0551181 -0.80315 
vn -0.590551 -0.0551181 -0.80315 
vn -0.590551 -0.0551181 -0.80315 
vn -0.590551 -0.0551181 -0.80315 
vn 0.598425 -0.700787 -0.385827 
vn 0.598425 -0.700787 -0.385827 
vn 0.598425 -0.700787 -0.385827 
vn 0.598425 -0.700787 -0.385827 
vn 0.543307 0.708661 -0.448819 
vn 0.543307 0.708661 -0.448819 
vn 0.543307 0.708661 -0.448819 
vn 0.543307 0.708661 -0.448819 

vt 5.1402 2.83723 
vt -3.73791 2.83723 
vt 5.1402 1.8258 
vt -3.73791 1.8258 
vt 0.240959 2.83723 
vt -3.73791 2.83723 
vt 0.240959 -6.04088 
vt -3.73791 -6.04088 
vt 0.240959 2.83723 
vt -3.73791 2.83723 
vt 0.240959 1.8258 
vt -3.73791 1.8258 
vt 5.1402 2.83723 
vt -3.73791 2.83723 
vt 5.1402 1.8258 
vt -3.73791 1.8258 
vt 0.240959 2.83723 
vt -3.73791 2.83723 
vt 0.240959 -6.04088 
vt -3.73791 -6.04088 
vt 0.240959 2.83723 
vt -3.73791 2.83723 
vt 0.240959 1.8258 
vt -3.73791 1.8258 

usemtl Volcanopart1Mtl

f 7777/7777/7777 7778/7778/7778 7779/7779/7779 
f 7779/7779/7779 7778/7778/7778 7780/7780/7780 
f 7781/7781/7781 7782/7782/7782 7783/7783/7783 
f 7783/7783/7783 7782/7782/7782 7784/7784/7784 
f 7785/7785/7785 7786/7786/7786 7787/7787/7787 
f 7787/7787/7787 7786/7786/7786 7788/7788/7788 
f 7789/7789/7789 7790/7790/7790 7791/7791/7791 
f 7791/7791/7791 7790/7790/7790 7792/7792/7792 
f 7793/7793/7793 7794/7794/7794 7795/7795/7795 
f 7795/7795/7795 7794/7794/7794 7796/7796/7796 
f 7797/7797/7797 7798/7798/7798 7799/7799/7799 
f 7799/7799/7799 7798/7798/7798 7800/7800/7800 

g Volcanopart273

v -12.332 97.7669 -1.05098 
v -62.5709 43.6881 18.7155 
v -8.21106 93.5507 -2.11229 
v -58.4499 39.4719 17.6541 
v -72.3571 41.7315 -11.5106 
v -62.5709 43.6881 18.7155 
v -22.1183 95.8103 -31.277 
v -12.332 97.7669 -1.05098 
v -62.5709 43.6881 18.7155 
v -72.3571 41.7315 -11.5106 
v -58.4499 39.4719 17.6541 
v -68.2362 37.5153 -12.5719 
v -72.3571 41.7315 -11.5106 
v -22.1183 95.8103 -31.277 
v -68.2362 37.5153 -12.5719 
v -17.9973 91.5941 -32.3383 
v -17.9973 91.5941 -32.3383 
v -8.21106 93.5507 -2.11229 
v -68.2362 37.5153 -12.5719 
v -58.4499 39.4719 17.6541 
v -22.1183 95.8103 -31.277 
v -12.332 97.7669 -1.05098 
v -17.9973 91.5941 -32.3383 
v -8.21106 93.5507 -2.11229 

vn 0.307087 0.0629921 0.952756 
vn 0.307087 0.0629921 0.952756 
vn 0.307087 0.0629921 0.952756 
vn 0.307087 0.0629921 0.952756 
vn -0.685039 0.700787 0.181102 
vn -0.685039 0.700787 0.181102 
vn -0.685039 0.700787 0.181102 
vn -0.685039 0.700787 0.181102 
vn -0.653543 -0.708661 0.259843 
vn -0.653543 -0.708661 0.259843 
vn -0.653543 -0.708661 0.259843 
vn -0.653543 -0.708661 0.259843 
vn -0.307087 -0.0629921 -0.952756 
vn -0.307087 -0.0629921 -0.952756 
vn -0.307087 -0.0629921 -0.952756 
vn -0.307087 -0.0629921 -0.952756 
vn 0.685039 -0.700787 -0.181102 
vn 0.685039 -0.700787 -0.181102 
vn 0.685039 -0.700787 -0.181102 
vn 0.685039 -0.700787 -0.181102 
vn 0.653543 0.708661 -0.259843 
vn 0.653543 0.708661 -0.259843 
vn 0.653543 0.708661 -0.259843 
vn 0.653543 0.708661 -0.259843 

vt 16.2595 3.29371 
vt 6.70769 3.29371 
vt 16.2595 2.54491 
vt 6.70769 2.54491 
vt 10.6866 3.29371 
vt 6.70769 3.29371 
vt 10.6866 -6.2581 
vt 6.70769 -6.2581 
vt 10.6866 3.29371 
vt 6.70769 3.29371 
vt 10.6866 2.54491 
vt 6.70769 2.54491 
vt 16.2595 3.29371 
vt 6.70769 3.29371 
vt 16.2595 2.54491 
vt 6.70769 2.54491 
vt 10.6866 3.29371 
vt 6.70769 3.29371 
vt 10.6866 -6.2581 
vt 6.70769 -6.2581 
vt 10.6866 3.29371 
vt 6.70769 3.29371 
vt 10.6866 2.54491 
vt 6.70769 2.54491 

usemtl Volcanopart1Mtl

f 7801/7801/7801 7802/7802/7802 7803/7803/7803 
f 7803/7803/7803 7802/7802/7802 7804/7804/7804 
f 7805/7805/7805 7806/7806/7806 7807/7807/7807 
f 7807/7807/7807 7806/7806/7806 7808/7808/7808 
f 7809/7809/7809 7810/7810/7810 7811/7811/7811 
f 7811/7811/7811 7810/7810/7810 7812/7812/7812 
f 7813/7813/7813 7814/7814/7814 7815/7815/7815 
f 7815/7815/7815 7814/7814/7814 7816/7816/7816 
f 7817/7817/7817 7818/7818/7818 7819/7819/7819 
f 7819/7819/7819 7818/7818/7818 7820/7820/7820 
f 7821/7821/7821 7822/7822/7822 7823/7823/7823 
f 7823/7823/7823 7822/7822/7822 7824/7824/7824 

g Volcanopart274

v -19.3012 96.4074 -7.53146 
v -72.156 43.441 -4.3278 
v -13.3899 90.5084 -7.53327 
v -66.2447 37.542 -4.32961 
v -73.1227 42.4821 -36.1297 
v -72.156 43.441 -4.3278 
v -20.2679 95.4485 -39.3333 
v -19.3012 96.4074 -7.53146 
v -72.156 43.441 -4.3278 
v -73.1227 42.4821 -36.1297 
v -66.2447 37.542 -4.32961 
v -67.2113 36.5831 -36.1315 
v -73.1227 42.4821 -36.1297 
v -20.2679 95.4485 -39.3333 
v -67.2113 36.5831 -36.1315 
v -14.3565 89.5495 -39.3351 
v -14.3565 89.5495 -39.3351 
v -13.3899 90.5084 -7.53327 
v -67.2113 36.5831 -36.1315 
v -66.2447 37.542 -4.32961 
v -20.2679 95.4485 -39.3333 
v -19.3012 96.4074 -7.53146 
v -14.3565 89.5495 -39.3351 
v -13.3899 90.5084 -7.53327 

vn 0.0314961 0.0314961 1 
vn 0.0314961 0.0314961 1 
vn 0.0314961 0.0314961 1 
vn 0.0314961 0.0314961 1 
vn -0.708661 0.708661 0 
vn -0.708661 0.708661 0 
vn -0.708661 0.708661 0 
vn -0.708661 0.708661 0 
vn -0.708661 -0.708661 0.0393701 
vn -0.708661 -0.708661 0.0393701 
vn -0.708661 -0.708661 0.0393701 
vn -0.708661 -0.708661 0.0393701 
vn -0.0314961 -0.0314961 -1 
vn -0.0314961 -0.0314961 -1 
vn -0.0314961 -0.0314961 -1 
vn -0.0314961 -0.0314961 -1 
vn 0.708661 -0.708661 0 
vn 0.708661 -0.708661 0 
vn 0.708661 -0.708661 0 
vn 0.708661 -0.708661 0 
vn 0.708661 0.708661 -0.0393701 
vn 0.708661 0.708661 -0.0393701 
vn 0.708661 0.708661 -0.0393701 
vn 0.708661 0.708661 -0.0393701 

vt 16.5123 -4.77822 
vt 7.15035 -4.77822 
vt 16.5123 -5.82212 
vt 7.15035 -5.82212 
vt 11.1292 -4.77822 
vt 7.15035 -4.77822 
vt 11.1292 -14.1402 
vt 7.15035 -14.1402 
vt 11.1292 -4.77822 
vt 7.15035 -4.77822 
vt 11.1292 -5.82212 
vt 7.15035 -5.82212 
vt 16.5123 -4.77822 
vt 7.15035 -4.77822 
vt 16.5123 -5.82212 
vt 7.15035 -5.82212 
vt 11.1292 -4.77822 
vt 7.15035 -4.77822 
vt 11.1292 -14.1402 
vt 7.15035 -14.1402 
vt 11.1292 -4.77822 
vt 7.15035 -4.77822 
vt 11.1292 -5.82212 
vt 7.15035 -5.82212 

usemtl Volcanopart1Mtl

f 7825/7825/7825 7826/7826/7826 7827/7827/7827 
f 7827/7827/7827 7826/7826/7826 7828/7828/7828 
f 7829/7829/7829 7830/7830/7830 7831/7831/7831 
f 7831/7831/7831 7830/7830/7830 7832/7832/7832 
f 7833/7833/7833 7834/7834/7834 7835/7835/7835 
f 7835/7835/7835 7834/7834/7834 7836/7836/7836 
f 7837/7837/7837 7838/7838/7838 7839/7839/7839 
f 7839/7839/7839 7838/7838/7838 7840/7840/7840 
f 7841/7841/7841 7842/7842/7842 7843/7843/7843 
f 7843/7843/7843 7842/7842/7842 7844/7844/7844 
f 7845/7845/7845 7846/7846/7846 7847/7847/7847 
f 7847/7847/7847 7846/7846/7846 7848/7848/7848 

g Volcanopart275

v -22.4588 95.882 -15.5425 
v -73.1352 43.5926 -28.6738 
v -18.0172 91.2913 -14.4031 
v -68.6936 39.0019 -27.5345 
v -65.1882 43.6313 -59.4968 
v -73.1352 43.5926 -28.6738 
v -14.5118 95.9207 -46.3655 
v -22.4588 95.882 -15.5425 
v -73.1352 43.5926 -28.6738 
v -65.1882 43.6313 -59.4968 
v -68.6936 39.0019 -27.5345 
v -60.7467 39.0406 -58.3574 
v -65.1882 43.6313 -59.4968 
v -14.5118 95.9207 -46.3655 
v -60.7467 39.0406 -58.3574 
v -10.0703 91.33 -45.2261 
v -10.0703 91.33 -45.2261 
v -18.0172 91.2913 -14.4031 
v -60.7467 39.0406 -58.3574 
v -68.6936 39.0019 -27.5345 
v -14.5118 95.9207 -46.3655 
v -22.4588 95.882 -15.5425 
v -10.0703 91.33 -45.2261 
v -18.0172 91.2913 -14.4031 

vn -0.251969 0 0.968504 
vn -0.251969 0 0.968504 
vn -0.251969 0 0.968504 
vn -0.251969 0 0.968504 
vn -0.685039 0.708661 -0.173228 
vn -0.685039 0.708661 -0.173228 
vn -0.685039 0.708661 -0.173228 
vn -0.685039 0.708661 -0.173228 
vn -0.685039 -0.708661 -0.181102 
vn -0.685039 -0.708661 -0.181102 
vn -0.685039 -0.708661 -0.181102 
vn -0.685039 -0.708661 -0.181102 
vn 0.251969 0 -0.968504 
vn 0.251969 0 -0.968504 
vn 0.251969 0 -0.968504 
vn 0.251969 0 -0.968504 
vn 0.685039 -0.708661 0.173228 
vn 0.685039 -0.708661 0.173228 
vn 0.685039 -0.708661 0.173228 
vn 0.685039 -0.708661 0.173228 
vn 0.685039 0.708661 0.181102 
vn 0.685039 0.708661 0.181102 
vn 0.685039 0.708661 0.181102 
vn 0.685039 0.708661 0.181102 

vt 13.39 4.07573 
vt 4.14112 4.07573 
vt 13.39 3.26467 
vt 4.14112 3.26467 
vt 8.12 4.07573 
vt 4.14112 4.07573 
vt 8.12 -5.17318 
vt 4.14112 -5.17318 
vt 8.12 4.07573 
vt 4.14112 4.07573 
vt 8.12 3.26467 
vt 4.14112 3.26467 
vt 13.39 4.07573 
vt 4.14112 4.07573 
vt 13.39 3.26467 
vt 4.14112 3.26467 
vt 8.12 4.07573 
vt 4.14112 4.07573 
vt 8.12 -5.17318 
vt 4.14112 -5.17318 
vt 8.12 4.07573 
vt 4.14112 4.07573 
vt 8.12 3.26467 
vt 4.14112 3.26467 

usemtl Volcanopart1Mtl

f 7849/7849/7849 7850/7850/7850 7851/7851/7851 
f 7851/7851/7851 7850/7850/7850 7852/7852/7852 
f 7853/7853/7853 7854/7854/7854 7855/7855/7855 
f 7855/7855/7855 7854/7854/7854 7856/7856/7856 
f 7857/7857/7857 7858/7858/7858 7859/7859/7859 
f 7859/7859/7859 7858/7858/7858 7860/7860/7860 
f 7861/7861/7861 7862/7862/7862 7863/7863/7863 
f 7863/7863/7863 7862/7862/7862 7864/7864/7864 
f 7865/7865/7865 7866/7866/7866 7867/7867/7867 
f 7867/7867/7867 7866/7866/7866 7868/7868/7868 
f 7869/7869/7869 7870/7870/7870 7871/7871/7871 
f 7871/7871/7871 7870/7870/7870 7872/7872/7872 

g Volcanopart276

v -23.115 97.6172 -23.9001 
v -71.0543 40.9101 -54.4531 
v -19.0038 92.9196 -21.632 
v -66.9431 36.2125 -52.185 
v -54.8112 41.9175 -81.8092 
v -71.0543 40.9101 -54.4531 
v -6.87182 98.6246 -51.2562 
v -23.115 97.6172 -23.9001 
v -71.0543 40.9101 -54.4531 
v -54.8112 41.9175 -81.8092 
v -66.9431 36.2125 -52.185 
v -50.7 37.2199 -79.5411 
v -54.8112 41.9175 -81.8092 
v -6.87182 98.6246 -51.2562 
v -50.7 37.2199 -79.5411 
v -2.76063 93.927 -48.9881 
v -2.76063 93.927 -48.9881 
v -19.0038 92.9196 -21.632 
v -50.7 37.2199 -79.5411 
v -66.9431 36.2125 -52.185 
v -6.87182 98.6246 -51.2562 
v -23.115 97.6172 -23.9001 
v -2.76063 93.927 -48.9881 
v -19.0038 92.9196 -21.632 

vn -0.511811 -0.0314961 0.858268 
vn -0.511811 -0.0314961 0.858268 
vn -0.511811 -0.0314961 0.858268 
vn -0.511811 -0.0314961 0.858268 
vn -0.622047 0.708661 -0.338583 
vn -0.622047 0.708661 -0.338583 
vn -0.622047 0.708661 -0.338583 
vn -0.622047 0.708661 -0.338583 
vn -0.598425 -0.708661 -0.377953 
vn -0.598425 -0.708661 -0.377953 
vn -0.598425 -0.708661 -0.377953 
vn -0.598425 -0.708661 -0.377953 
vn 0.511811 0.0314961 -0.858268 
vn 0.511811 0.0314961 -0.858268 
vn 0.511811 0.0314961 -0.858268 
vn 0.511811 0.0314961 -0.858268 
vn 0.622047 -0.708661 0.338583 
vn 0.622047 -0.708661 0.338583 
vn 0.622047 -0.708661 0.338583 
vn 0.622047 -0.708661 0.338583 
vn 0.598425 0.708661 0.377953 
vn 0.598425 0.708661 0.377953 
vn 0.598425 0.708661 0.377953 
vn 0.598425 0.708661 0.377953 

vt 16.0005 3.38472 
vt 5.96353 3.38472 
vt 16.0005 2.5545 
vt 5.96353 2.5545 
vt 9.9424 3.38472 
vt 5.96353 3.38472 
vt 9.9424 -6.65222 
vt 5.96353 -6.65222 
vt 9.9424 3.38472 
vt 5.96353 3.38472 
vt 9.9424 2.5545 
vt 5.96353 2.5545 
vt 16.0005 3.38472 
vt 5.96353 3.38472 
vt 16.0005 2.5545 
vt 5.96353 2.5545 
vt 9.9424 3.38472 
vt 5.96353 3.38472 
vt 9.9424 -6.65222 
vt 5.96353 -6.65222 
vt 9.9424 3.38472 
vt 5.96353 3.38472 
vt 9.9424 2.5545 
vt 5.96353 2.5545 

usemtl Volcanopart1Mtl

f 7873/7873/7873 7874/7874/7874 7875/7875/7875 
f 7875/7875/7875 7874/7874/7874 7876/7876/7876 
f 7877/7877/7877 7878/7878/7878 7879/7879/7879 
f 7879/7879/7879 7878/7878/7878 7880/7880/7880 
f 7881/7881/7881 7882/7882/7882 7883/7883/7883 
f 7883/7883/7883 7882/7882/7882 7884/7884/7884 
f 7885/7885/7885 7886/7886/7886 7887/7887/7887 
f 7887/7887/7887 7886/7886/7886 7888/7888/7888 
f 7889/7889/7889 7890/7890/7890 7891/7891/7891 
f 7891/7891/7891 7890/7890/7890 7892/7892/7892 
f 7893/7893/7893 7894/7894/7894 7895/7895/7895 
f 7895/7895/7895 7894/7894/7894 7896/7896/7896 

g Volcanopart277

v -23.0769 91.5357 -33.7236 
v -52.6618 45.2055 -69.5918 
v -18.7091 85.6893 -29.7745 
v -48.294 39.359 -65.6427 
v -29.7132 47.5333 -91.5271 
v -52.6618 45.2055 -69.5918 
v -0.128307 93.8635 -55.6589 
v -23.0769 91.5357 -33.7236 
v -52.6618 45.2055 -69.5918 
v -29.7132 47.5333 -91.5271 
v -48.294 39.359 -65.6427 
v -25.3454 41.6869 -87.578 
v -29.7132 47.5333 -91.5271 
v -0.128307 93.8635 -55.6589 
v -25.3454 41.6869 -87.578 
v 4.23945 88.0171 -51.7098 
v 4.23945 88.0171 -51.7098 
v -18.7091 85.6893 -29.7745 
v -25.3454 41.6869 -87.578 
v -48.294 39.359 -65.6427 
v -0.128307 93.8635 -55.6589 
v -23.0769 91.5357 -33.7236 
v 4.23945 88.0171 -51.7098 
v -18.7091 85.6893 -29.7745 

vn -0.724409 -0.0708661 0.692913 
vn -0.724409 -0.0708661 0.692913 
vn -0.724409 -0.0708661 0.692913 
vn -0.724409 -0.0708661 0.692913 
vn -0.527559 0.700787 -0.472441 
vn -0.527559 0.700787 -0.472441 
vn -0.527559 0.700787 -0.472441 
vn -0.527559 0.700787 -0.472441 
vn -0.448819 -0.708661 -0.543307 
vn -0.448819 -0.708661 -0.543307 
vn -0.448819 -0.708661 -0.543307 
vn -0.448819 -0.708661 -0.543307 
vn 0.724409 0.0708661 -0.692913 
vn 0.724409 0.0708661 -0.692913 
vn 0.724409 0.0708661 -0.692913 
vn 0.724409 0.0708661 -0.692913 
vn 0.527559 -0.700787 0.472441 
vn 0.527559 -0.700787 0.472441 
vn 0.527559 -0.700787 0.472441 
vn 0.527559 -0.700787 0.472441 
vn 0.448819 0.708661 0.543307 
vn 0.448819 0.708661 0.543307 
vn 0.448819 0.708661 0.543307 
vn 0.448819 0.708661 0.543307 

vt 12.897 -2.10123 
vt 4.69227 -2.10123 
vt 12.897 -3.13845 
vt 4.69227 -3.13845 
vt 8.67114 -2.10123 
vt 4.69227 -2.10123 
vt 8.67114 -10.3059 
vt 4.69227 -10.3059 
vt 8.67114 -2.10123 
vt 4.69227 -2.10123 
vt 8.67114 -3.13845 
vt 4.69227 -3.13845 
vt 12.897 -2.10123 
vt 4.69227 -2.10123 
vt 12.897 -3.13845 
vt 4.69227 -3.13845 
vt 8.67114 -2.10123 
vt 4.69227 -2.10123 
vt 8.67114 -10.3059 
vt 4.69227 -10.3059 
vt 8.67114 -2.10123 
vt 4.69227 -2.10123 
vt 8.67114 -3.13845 
vt 4.69227 -3.13845 

usemtl Volcanopart1Mtl

f 7897/7897/7897 7898/7898/7898 7899/7899/7899 
f 7899/7899/7899 7898/7898/7898 7900/7900/7900 
f 7901/7901/7901 7902/7902/7902 7903/7903/7903 
f 7903/7903/7903 7902/7902/7902 7904/7904/7904 
f 7905/7905/7905 7906/7906/7906 7907/7907/7907 
f 7907/7907/7907 7906/7906/7906 7908/7908/7908 
f 7909/7909/7909 7910/7910/7910 7911/7911/7911 
f 7911/7911/7911 7910/7910/7910 7912/7912/7912 
f 7913/7913/7913 7914/7914/7914 7915/7915/7915 
f 7915/7915/7915 7914/7914/7914 7916/7916/7916 
f 7917/7917/7917 7918/7918/7918 7919/7919/7919 
f 7919/7919/7919 7918/7918/7918 7920/7920/7920 

g Volcanopart278

v -18.1451 95.867 -40.8245 
v -37.3882 43.7056 -89.5473 
v -16.8898 92.7891 -38.0251 
v -36.1328 40.6276 -86.748 
v -8.06227 44.4286 -101.904 
v -37.3882 43.7056 -89.5473 
v 11.1808 96.59 -53.1808 
v -18.1451 95.867 -40.8245 
v -37.3882 43.7056 -89.5473 
v -8.06227 44.4286 -101.904 
v -36.1328 40.6276 -86.748 
v -6.8069 41.3507 -99.1043 
v -8.06227 44.4286 -101.904 
v 11.1808 96.59 -53.1808 
v -6.8069 41.3507 -99.1043 
v 12.4362 93.5121 -50.3815 
v 12.4362 93.5121 -50.3815 
v -16.8898 92.7891 -38.0251 
v -6.8069 41.3507 -99.1043 
v -36.1328 40.6276 -86.748 
v 11.1808 96.59 -53.1808 
v -18.1451 95.867 -40.8245 
v 12.4362 93.5121 -50.3815 
v -16.8898 92.7891 -38.0251 

vn -0.92126 -0.023622 0.385827 
vn -0.92126 -0.023622 0.385827 
vn -0.92126 -0.023622 0.385827 
vn -0.92126 -0.023622 0.385827 
vn -0.291339 0.708661 -0.645669 
vn -0.291339 0.708661 -0.645669 
vn -0.291339 0.708661 -0.645669 
vn -0.291339 0.708661 -0.645669 
vn -0.259843 -0.708661 -0.661417 
vn -0.259843 -0.708661 -0.661417 
vn -0.259843 -0.708661 -0.661417 
vn -0.259843 -0.708661 -0.661417 
vn 0.92126 0.023622 -0.385827 
vn 0.92126 0.023622 -0.385827 
vn 0.92126 0.023622 -0.385827 
vn 0.92126 0.023622 -0.385827 
vn 0.291339 -0.708661 0.645669 
vn 0.291339 -0.708661 0.645669 
vn 0.291339 -0.708661 0.645669 
vn 0.291339 -0.708661 0.645669 
vn 0.259843 0.708661 0.661417 
vn 0.259843 0.708661 0.661417 
vn 0.259843 0.708661 0.661417 
vn 0.259843 0.708661 0.661417 

vt 8.24956 2.85479 
vt -0.991171 2.85479 
vt 8.24956 2.31157 
vt -0.991171 2.31157 
vt 2.9877 2.85479 
vt -0.991171 2.85479 
vt 2.9877 -6.38594 
vt -0.991171 -6.38594 
vt 2.9877 2.85479 
vt -0.991171 2.85479 
vt 2.9877 2.31157 
vt -0.991171 2.31157 
vt 8.24956 2.85479 
vt -0.991171 2.85479 
vt 8.24956 2.31157 
vt -0.991171 2.31157 
vt 2.9877 2.85479 
vt -0.991171 2.85479 
vt 2.9877 -6.38594 
vt -0.991171 -6.38594 
vt 2.9877 2.85479 
vt -0.991171 2.85479 
vt 2.9877 2.31157 
vt -0.991171 2.31157 

usemtl Volcanopart1Mtl

f 7921/7921/7921 7922/7922/7922 7923/7923/7923 
f 7923/7923/7923 7922/7922/7922 7924/7924/7924 
f 7925/7925/7925 7926/7926/7926 7927/7927/7927 
f 7927/7927/7927 7926/7926/7926 7928/7928/7928 
f 7929/7929/7929 7930/7930/7930 7931/7931/7931 
f 7931/7931/7931 7930/7930/7930 7932/7932/7932 
f 7933/7933/7933 7934/7934/7934 7935/7935/7935 
f 7935/7935/7935 7934/7934/7934 7936/7936/7936 
f 7937/7937/7937 7938/7938/7938 7939/7939/7939 
f 7939/7939/7939 7938/7938/7938 7940/7940/7940 
f 7941/7941/7941 7942/7942/7942 7943/7943/7943 
f 7943/7943/7943 7942/7942/7942 7944/7944/7944 

g Volcanopart279

v -11.9877 99.1765 -47.6668 
v -15.674 40.5915 -106.406 
v -11.736 94.3461 -42.8649 
v -15.4223 35.761 -101.604 
v 16.1038 40.4274 -108.237 
v -15.674 40.5915 -106.406 
v 19.7901 99.0125 -49.4975 
v -11.9877 99.1765 -47.6668 
v -15.674 40.5915 -106.406 
v 16.1038 40.4274 -108.237 
v -15.4223 35.761 -101.604 
v 16.3555 35.597 -103.435 
v 16.1038 40.4274 -108.237 
v 19.7901 99.0125 -49.4975 
v 16.3555 35.597 -103.435 
v 20.0418 94.182 -44.6955 
v 20.0418 94.182 -44.6955 
v -11.736 94.3461 -42.8649 
v 16.3555 35.597 -103.435 
v -15.4223 35.761 -101.604 
v 19.7901 99.0125 -49.4975 
v -11.9877 99.1765 -47.6668 
v 20.0418 94.182 -44.6955 
v -11.736 94.3461 -42.8649 

vn -1 0.00787402 0.0551181 
vn -1 0.00787402 0.0551181 
vn -1 0.00787402 0.0551181 
vn -1 0.00787402 0.0551181 
vn -0.0393701 0.708661 -0.700787 
vn -0.0393701 0.708661 -0.700787 
vn -0.0393701 0.708661 -0.700787 
vn -0.0393701 0.708661 -0.700787 
vn -0.0472441 -0.708661 -0.708661 
vn -0.0472441 -0.708661 -0.708661 
vn -0.0472441 -0.708661 -0.708661 
vn -0.0472441 -0.708661 -0.708661 
vn 1 -0.00787402 -0.0551181 
vn 1 -0.00787402 -0.0551181 
vn 1 -0.00787402 -0.0551181 
vn 1 -0.00787402 -0.0551181 
vn 0.0393701 -0.708661 0.700787 
vn 0.0393701 -0.708661 0.700787 
vn 0.0393701 -0.708661 0.700787 
vn 0.0393701 -0.708661 0.700787 
vn 0.0472441 0.708661 0.708661 
vn 0.0472441 0.708661 0.708661 
vn 0.0472441 0.708661 0.708661 
vn 0.0472441 0.708661 0.708661 

vt 16.7072 6.95747 
vt 6.32683 6.95747 
vt 16.7072 6.10549 
vt 6.32683 6.10549 
vt 10.3057 6.95747 
vt 6.32683 6.95747 
vt 10.3057 -3.42289 
vt 6.32683 -3.42289 
vt 10.3057 6.95747 
vt 6.32683 6.95747 
vt 10.3057 6.10549 
vt 6.32683 6.10549 
vt 16.7072 6.95747 
vt 6.32683 6.95747 
vt 16.7072 6.10549 
vt 6.32683 6.10549 
vt 10.3057 6.95747 
vt 6.32683 6.95747 
vt 10.3057 -3.42289 
vt 6.32683 -3.42289 
vt 10.3057 6.95747 
vt 6.32683 6.95747 
vt 10.3057 6.10549 
vt 6.32683 6.10549 

usemtl Volcanopart1Mtl

f 7945/7945/7945 7946/7946/7946 7947/7947/7947 
f 7947/7947/7947 7946/7946/7946 7948/7948/7948 
f 7949/7949/7949 7950/7950/7950 7951/7951/7951 
f 7951/7951/7951 7950/7950/7950 7952/7952/7952 
f 7953/7953/7953 7954/7954/7954 7955/7955/7955 
f 7955/7955/7955 7954/7954/7954 7956/7956/7956 
f 7957/7957/7957 7958/7958/7958 7959/7959/7959 
f 7959/7959/7959 7958/7958/7958 7960/7960/7960 
f 7961/7961/7961 7962/7962/7962 7963/7963/7963 
f 7963/7963/7963 7962/7962/7962 7964/7964/7964 
f 7965/7965/7965 7966/7966/7966 7967/7967/7967 
f 7967/7967/7967 7966/7966/7966 7968/7968/7968 

g Volcanopart280

v -4.16828 99.3222 -51.4153 
v 10.2373 41.5316 -107.649 
v -5.06865 96.1346 -48.3701 
v 9.33694 38.344 -104.604 
v 40.9179 40.9476 -99.1889 
v 10.2373 41.5316 -107.649 
v 26.5124 98.7382 -42.9555 
v -4.16828 99.3222 -51.4153 
v 10.2373 41.5316 -107.649 
v 40.9179 40.9476 -99.1889 
v 9.33694 38.344 -104.604 
v 40.0176 37.76 -96.1437 
v 40.9179 40.9476 -99.1889 
v 26.5124 98.7382 -42.9555 
v 40.0176 37.76 -96.1437 
v 25.612 95.5506 -39.9102 
v 25.612 95.5506 -39.9102 
v -5.06865 96.1346 -48.3701 
v 40.0176 37.76 -96.1437 
v 9.33694 38.344 -104.604 
v 26.5124 98.7382 -42.9555 
v -4.16828 99.3222 -51.4153 
v 25.612 95.5506 -39.9102 
v -5.06865 96.1346 -48.3701 

vn -0.96063 0.015748 -0.267717 
vn -0.96063 0.015748 -0.267717 
vn -0.96063 0.015748 -0.267717 
vn -0.96063 0.015748 -0.267717 
vn 0.19685 0.708661 -0.677165 
vn 0.19685 0.708661 -0.677165 
vn 0.19685 0.708661 -0.677165 
vn 0.19685 0.708661 -0.677165 
vn 0.173228 -0.708661 -0.685039 
vn 0.173228 -0.708661 -0.685039 
vn 0.173228 -0.708661 -0.685039 
vn 0.173228 -0.708661 -0.685039 
vn 0.96063 -0.015748 0.267717 
vn 0.96063 -0.015748 0.267717 
vn 0.96063 -0.015748 0.267717 
vn 0.96063 -0.015748 0.267717 
vn -0.19685 -0.708661 0.677165 
vn -0.19685 -0.708661 0.677165 
vn -0.19685 -0.708661 0.677165 
vn -0.19685 -0.708661 0.677165 
vn -0.173228 0.708661 0.685039 
vn -0.173228 0.708661 0.685039 
vn -0.173228 0.708661 0.685039 
vn -0.173228 0.708661 0.685039 

vt 17.4459 5.84524 
vt 7.207 5.84524 
vt 17.4459 5.28281 
vt 7.207 5.28281 
vt 11.1859 5.84524 
vt 7.207 5.84524 
vt 11.1859 -4.39368 
vt 7.207 -4.39368 
vt 11.1859 5.84524 
vt 7.207 5.84524 
vt 11.1859 5.28281 
vt 7.207 5.28281 
vt 17.4459 5.84524 
vt 7.207 5.84524 
vt 17.4459 5.28281 
vt 7.207 5.28281 
vt 11.1859 5.84524 
vt 7.207 5.84524 
vt 11.1859 -4.39368 
vt 7.207 -4.39368 
vt 11.1859 5.84524 
vt 7.207 5.84524 
vt 11.1859 5.28281 
vt 7.207 5.28281 

usemtl Volcanopart1Mtl

f 7969/7969/7969 7970/7970/7970 7971/7971/7971 
f 7971/7971/7971 7970/7970/7970 7972/7972/7972 
f 7973/7973/7973 7974/7974/7974 7975/7975/7975 
f 7975/7975/7975 7974/7974/7974 7976/7976/7976 
f 7977/7977/7977 7978/7978/7978 7979/7979/7979 
f 7979/7979/7979 7978/7978/7978 7980/7980/7980 
f 7981/7981/7981 7982/7982/7982 7983/7983/7983 
f 7983/7983/7983 7982/7982/7982 7984/7984/7984 
f 7985/7985/7985 7986/7986/7986 7987/7987/7987 
f 7987/7987/7987 7986/7986/7986 7988/7988/7988 
f 7989/7989/7989 7990/7990/7990 7991/7991/7991 
f 7991/7991/7991 7990/7990/7990 7992/7992/7992 

g Volcanopart281

v 6.69647 90.1894 -56.2756 
v 28.1084 50.3092 -90.105 
v 3.64644 85.0293 -52.123 
v 25.0584 45.1491 -85.9524 
v 54.3854 49.2072 -72.1741 
v 28.1084 50.3092 -90.105 
v 32.9735 89.0874 -38.3447 
v 6.69647 90.1894 -56.2756 
v 28.1084 50.3092 -90.105 
v 54.3854 49.2072 -72.1741 
v 25.0584 45.1491 -85.9524 
v 51.3354 44.0471 -68.0215 
v 54.3854 49.2072 -72.1741 
v 32.9735 89.0874 -38.3447 
v 51.3354 44.0471 -68.0215 
v 29.9235 83.9272 -34.1921 
v 29.9235 83.9272 -34.1921 
v 3.64644 85.0293 -52.123 
v 51.3354 44.0471 -68.0215 
v 25.0584 45.1491 -85.9524 
v 32.9735 89.0874 -38.3447 
v 6.69647 90.1894 -56.2756 
v 29.9235 83.9272 -34.1921 
v 3.64644 85.0293 -52.123 

vn -0.826772 0.0314961 -0.566929 
vn -0.826772 0.0314961 -0.566929 
vn -0.826772 0.0314961 -0.566929 
vn -0.826772 0.0314961 -0.566929 
vn 0.417323 0.708661 -0.566929 
vn 0.417323 0.708661 -0.566929 
vn 0.417323 0.708661 -0.566929 
vn 0.417323 0.708661 -0.566929 
vn 0.377953 -0.708661 -0.598425 
vn 0.377953 -0.708661 -0.598425 
vn 0.377953 -0.708661 -0.598425 
vn 0.377953 -0.708661 -0.598425 
vn 0.826772 -0.0314961 0.566929 
vn 0.826772 -0.0314961 0.566929 
vn 0.826772 -0.0314961 0.566929 
vn 0.826772 -0.0314961 0.566929 
vn -0.417323 -0.708661 0.566929 
vn -0.417323 -0.708661 0.566929 
vn -0.417323 -0.708661 0.566929 
vn -0.417323 -0.708661 0.566929 
vn -0.377953 0.708661 0.598425 
vn -0.377953 0.708661 0.598425 
vn -0.377953 0.708661 0.598425 
vn -0.377953 0.708661 0.598425 

vt 5.58351 4.49524 
vt -1.48018 4.49524 
vt 5.58351 3.58374 
vt -1.48018 3.58374 
vt 2.4987 4.49524 
vt -1.48018 4.49524 
vt 2.4987 -2.56845 
vt -1.48018 -2.56845 
vt 2.4987 4.49524 
vt -1.48018 4.49524 
vt 2.4987 3.58374 
vt -1.48018 3.58374 
vt 5.58351 4.49524 
vt -1.48018 4.49524 
vt 5.58351 3.58374 
vt -1.48018 3.58374 
vt 2.4987 4.49524 
vt -1.48018 4.49524 
vt 2.4987 -2.56845 
vt -1.48018 -2.56845 
vt 2.4987 4.49524 
vt -1.48018 4.49524 
vt 2.4987 3.58374 
vt -1.48018 3.58374 

usemtl Volcanopart1Mtl

f 7993/7993/7993 7994/7994/7994 7995/7995/7995 
f 7995/7995/7995 7994/7994/7994 7996/7996/7996 
f 7997/7997/7997 7998/7998/7998 7999/7999/7999 
f 7999/7999/7999 7998/7998/7998 8000/8000/8000 
f 8001/8001/8001 8002/8002/8002 8003/8003/8003 
f 8003/8003/8003 8002/8002/8002 8004/8004/8004 
f 8005/8005/8005 8006/8006/8006 8007/8007/8007 
f 8007/8007/8007 8006/8006/8006 8008/8008/8008 
f 8009/8009/8009 8010/8010/8010 8011/8011/8011 
f 8011/8011/8011 8010/8010/8010 8012/8012/8012 
f 8013/8013/8013 8014/8014/8014 8015/8015/8015 
f 8015/8015/8015 8014/8014/8014 8016/8016/8016 

g Volcanopart282

v 14.4931 98.5531 -52.7275 
v 57.8889 42.3181 -88.755 
v 10.5246 93.7254 -49.9721 
v 53.9204 37.4904 -85.9997 
v 77.1332 40.9485 -63.4372 
v 57.8889 42.3181 -88.755 
v 33.7373 97.1835 -27.4096 
v 14.4931 98.5531 -52.7275 
v 57.8889 42.3181 -88.755 
v 77.1332 40.9485 -63.4372 
v 53.9204 37.4904 -85.9997 
v 73.1647 36.1208 -60.6818 
v 77.1332 40.9485 -63.4372 
v 33.7373 97.1835 -27.4096 
v 73.1647 36.1208 -60.6818 
v 29.7688 92.3559 -24.6543 
v 29.7688 92.3559 -24.6543 
v 10.5246 93.7254 -49.9721 
v 73.1647 36.1208 -60.6818 
v 53.9204 37.4904 -85.9997 
v 33.7373 97.1835 -27.4096 
v 14.4931 98.5531 -52.7275 
v 29.7688 92.3559 -24.6543 
v 10.5246 93.7254 -49.9721 

vn -0.606299 0.0393701 -0.795276 
vn -0.606299 0.0393701 -0.795276 
vn -0.606299 0.0393701 -0.795276 
vn -0.606299 0.0393701 -0.795276 
vn 0.582677 0.708661 -0.401575 
vn 0.582677 0.708661 -0.401575 
vn 0.582677 0.708661 -0.401575 
vn 0.582677 0.708661 -0.401575 
vn 0.543307 -0.708661 -0.448819 
vn 0.543307 -0.708661 -0.448819 
vn 0.543307 -0.708661 -0.448819 
vn 0.543307 -0.708661 -0.448819 
vn 0.606299 -0.0393701 0.795276 
vn 0.606299 -0.0393701 0.795276 
vn 0.606299 -0.0393701 0.795276 
vn 0.606299 -0.0393701 0.795276 
vn -0.582677 -0.708661 0.401575 
vn -0.582677 -0.708661 0.401575 
vn -0.582677 -0.708661 0.401575 
vn -0.582677 -0.708661 0.401575 
vn -0.543307 0.708661 0.448819 
vn -0.543307 0.708661 0.448819 
vn -0.543307 0.708661 0.448819 
vn -0.543307 0.708661 0.448819 

vt 8.83083 0.245465 
vt -1.12498 0.245465 
vt 8.83083 -0.608269 
vt -1.12498 -0.608269 
vt 2.85389 0.245465 
vt -1.12498 0.245465 
vt 2.85389 -9.71035 
vt -1.12498 -9.71035 
vt 2.85389 0.245465 
vt -1.12498 0.245465 
vt 2.85389 -0.608269 
vt -1.12498 -0.608269 
vt 8.83083 0.245465 
vt -1.12498 0.245465 
vt 8.83083 -0.608269 
vt -1.12498 -0.608269 
vt 2.85389 0.245465 
vt -1.12498 0.245465 
vt 2.85389 -9.71035 
vt -1.12498 -9.71035 
vt 2.85389 0.245465 
vt -1.12498 0.245465 
vt 2.85389 -0.608269 
vt -1.12498 -0.608269 

usemtl Volcanopart1Mtl

f 8017/8017/8017 8018/8018/8018 8019/8019/8019 
f 8019/8019/8019 8018/8018/8018 8020/8020/8020 
f 8021/8021/8021 8022/8022/8022 8023/8023/8023 
f 8023/8023/8023 8022/8022/8022 8024/8024/8024 
f 8025/8025/8025 8026/8026/8026 8027/8027/8027 
f 8027/8027/8027 8026/8026/8026 8028/8028/8028 
f 8029/8029/8029 8030/8030/8030 8031/8031/8031 
f 8031/8031/8031 8030/8030/8030 8032/8032/8032 
f 8033/8033/8033 8034/8034/8034 8035/8035/8035 
f 8035/8035/8035 8034/8034/8034 8036/8036/8036 
f 8037/8037/8037 8038/8038/8038 8039/8039/8039 
f 8039/8039/8039 8038/8038/8038 8040/8040/8040 

g Volcanopart283

v 22.2891 98.5142 -48.4076 
v 73.8754 43.0812 -68.9585 
v 18.8853 94.9875 -47.4391 
v 70.4716 39.5545 -67.9899 
v 84.12 41.4581 -38.8648 
v 73.8754 43.0812 -68.9585 
v 32.5337 96.8911 -18.314 
v 22.2891 98.5142 -48.4076 
v 73.8754 43.0812 -68.9585 
v 84.12 41.4581 -38.8648 
v 70.4716 39.5545 -67.9899 
v 80.7161 37.9314 -37.8963 
v 84.12 41.4581 -38.8648 
v 32.5337 96.8911 -18.314 
v 80.7161 37.9314 -37.8963 
v 29.1298 93.3644 -17.3454 
v 29.1298 93.3644 -17.3454 
v 18.8853 94.9875 -47.4391 
v 80.7161 37.9314 -37.8963 
v 70.4716 39.5545 -67.9899 
v 32.5337 96.8911 -18.314 
v 22.2891 98.5142 -48.4076 
v 29.1298 93.3644 -17.3454 
v 18.8853 94.9875 -47.4391 

vn -0.322835 0.0472441 -0.944882 
vn -0.322835 0.0472441 -0.944882 
vn -0.322835 0.0472441 -0.944882 
vn -0.322835 0.0472441 -0.944882 
vn 0.685039 0.708661 -0.19685 
vn 0.685039 0.708661 -0.19685 
vn 0.685039 0.708661 -0.19685 
vn 0.685039 0.708661 -0.19685 
vn 0.653543 -0.708661 -0.259843 
vn 0.653543 -0.708661 -0.259843 
vn 0.653543 -0.708661 -0.259843 
vn 0.653543 -0.708661 -0.259843 
vn 0.322835 -0.0472441 0.944882 
vn 0.322835 -0.0472441 0.944882 
vn 0.322835 -0.0472441 0.944882 
vn 0.322835 -0.0472441 0.944882 
vn -0.685039 -0.708661 0.19685 
vn -0.685039 -0.708661 0.19685 
vn -0.685039 -0.708661 0.19685 
vn -0.685039 -0.708661 0.19685 
vn -0.653543 0.708661 0.259843 
vn -0.653543 0.708661 0.259843 
vn -0.653543 0.708661 0.259843 
vn -0.653543 0.708661 0.259843 

vt 13.2761 2.90913 
vt 3.46832 2.90913 
vt 13.2761 2.28461 
vt 3.46832 2.28461 
vt 7.44719 2.90913 
vt 3.46832 2.90913 
vt 7.44719 -6.89863 
vt 3.46832 -6.89863 
vt 7.44719 2.90913 
vt 3.46832 2.90913 
vt 7.44719 2.28461 
vt 3.46832 2.28461 
vt 13.2761 2.90913 
vt 3.46832 2.90913 
vt 13.2761 2.28461 
vt 3.46832 2.28461 
vt 7.44719 2.90913 
vt 3.46832 2.90913 
vt 7.44719 -6.89863 
vt 3.46832 -6.89863 
vt 7.44719 2.90913 
vt 3.46832 2.90913 
vt 7.44719 2.28461 
vt 3.46832 2.28461 

usemtl Volcanopart1Mtl

f 8041/8041/8041 8042/8042/8042 8043/8043/8043 
f 8043/8043/8043 8042/8042/8042 8044/8044/8044 
f 8045/8045/8045 8046/8046/8046 8047/8047/8047 
f 8047/8047/8047 8046/8046/8046 8048/8048/8048 
f 8049/8049/8049 8050/8050/8050 8051/8051/8051 
f 8051/8051/8051 8050/8050/8050 8052/8052/8052 
f 8053/8053/8053 8054/8054/8054 8055/8055/8055 
f 8055/8055/8055 8054/8054/8054 8056/8056/8056 
f 8057/8057/8057 8058/8058/8058 8059/8059/8059 
f 8059/8059/8059 8058/8058/8058 8060/8060/8060 
f 8061/8061/8061 8062/8062/8062 8063/8063/8063 
f 8063/8063/8063 8062/8062/8062 8064/8064/8064 

g Volcanopart284

v 31.7397 92.1895 -42.0569 
v 75.1792 48.672 -44.8897 
v 25.9819 86.4621 -42.3652 
v 69.4214 42.9446 -45.198 
v 75.3578 46.7819 -13.1154 
v 75.1792 48.672 -44.8897 
v 31.9183 90.2994 -10.2826 
v 31.7397 92.1895 -42.0569 
v 75.1792 48.672 -44.8897 
v 75.3578 46.7819 -13.1154 
v 69.4214 42.9446 -45.198 
v 69.6 41.0545 -13.4237 
v 75.3578 46.7819 -13.1154 
v 31.9183 90.2994 -10.2826 
v 69.6 41.0545 -13.4237 
v 26.1605 84.572 -10.5909 
v 26.1605 84.572 -10.5909 
v 25.9819 86.4621 -42.3652 
v 69.6 41.0545 -13.4237 
v 69.4214 42.9446 -45.198 
v 31.9183 90.2994 -10.2826 
v 31.7397 92.1895 -42.0569 
v 26.1605 84.572 -10.5909 
v 25.9819 86.4621 -42.3652 

vn -0.00787402 0.0629921 -1 
vn -0.00787402 0.0629921 -1 
vn -0.00787402 0.0629921 -1 
vn -0.00787402 0.0629921 -1 
vn 0.708661 0.708661 0.0393701 
vn 0.708661 0.708661 0.0393701 
vn 0.708661 0.708661 0.0393701 
vn 0.708661 0.708661 0.0393701 
vn 0.708661 -0.708661 -0.0472441 
vn 0.708661 -0.708661 -0.0472441 
vn 0.708661 -0.708661 -0.0472441 
vn 0.708661 -0.708661 -0.0472441 
vn 0.00787402 -0.0629921 1 
vn 0.00787402 -0.0629921 1 
vn 0.00787402 -0.0629921 1 
vn 0.00787402 -0.0629921 1 
vn -0.708661 -0.708661 -0.0393701 
vn -0.708661 -0.708661 -0.0393701 
vn -0.708661 -0.708661 -0.0393701 
vn -0.708661 -0.708661 -0.0393701 
vn -0.708661 0.708661 0.0472441 
vn -0.708661 0.708661 0.0472441 
vn -0.708661 0.708661 0.0472441 
vn -0.708661 0.708661 0.0472441 

vt 14.0015 -2.71143 
vt 6.3074 -2.71143 
vt 14.0015 -3.72732 
vt 6.3074 -3.72732 
vt 10.2863 -2.71143 
vt 6.3074 -2.71143 
vt 10.2863 -10.4056 
vt 6.3074 -10.4056 
vt 10.2863 -2.71143 
vt 6.3074 -2.71143 
vt 10.2863 -3.72732 
vt 6.3074 -3.72732 
vt 14.0015 -2.71143 
vt 6.3074 -2.71143 
vt 14.0015 -3.72732 
vt 6.3074 -3.72732 
vt 10.2863 -2.71143 
vt 6.3074 -2.71143 
vt 10.2863 -10.4056 
vt 6.3074 -10.4056 
vt 10.2863 -2.71143 
vt 6.3074 -2.71143 
vt 10.2863 -3.72732 
vt 6.3074 -3.72732 

usemtl Volcanopart1Mtl

f 8065/8065/8065 8066/8066/8066 8067/8067/8067 
f 8067/8067/8067 8066/8066/8066 8068/8068/8068 
f 8069/8069/8069 8070/8070/8070 8071/8071/8071 
f 8071/8071/8071 8070/8070/8070 8072/8072/8072 
f 8073/8073/8073 8074/8074/8074 8075/8075/8075 
f 8075/8075/8075 8074/8074/8074 8076/8076/8076 
f 8077/8077/8077 8078/8078/8078 8079/8079/8079 
f 8079/8079/8079 8078/8078/8078 8080/8080/8080 
f 8081/8081/8081 8082/8082/8082 8083/8083/8083 
f 8083/8083/8083 8082/8082/8082 8084/8084/8084 
f 8085/8085/8085 8086/8086/8086 8087/8087/8087 
f 8087/8087/8087 8086/8086/8086 8088/8088/8088 

g Volcanopart285

v 33.3259 92.8583 -34.0994 
v 77.6542 47.0674 -22.8235 
v 30.3074 89.7516 -34.8491 
v 74.6356 43.9607 -23.5732 
v 69.8945 47.1574 8.04709 
v 77.6542 47.0674 -22.8235 
v 25.5663 92.9484 -3.22885 
v 33.3259 92.8583 -34.0994 
v 77.6542 47.0674 -22.8235 
v 69.8945 47.1574 8.04709 
v 74.6356 43.9607 -23.5732 
v 66.876 44.0507 7.2974 
v 69.8945 47.1574 8.04709 
v 25.5663 92.9484 -3.22885 
v 66.876 44.0507 7.2974 
v 22.5477 89.8416 -3.97854 
v 22.5477 89.8416 -3.97854 
v 30.3074 89.7516 -34.8491 
v 66.876 44.0507 7.2974 
v 74.6356 43.9607 -23.5732 
v 25.5663 92.9484 -3.22885 
v 33.3259 92.8583 -34.0994 
v 22.5477 89.8416 -3.97854 
v 30.3074 89.7516 -34.8491 

vn 0.244094 0 -0.968504 
vn 0.244094 0 -0.968504 
vn 0.244094 0 -0.968504 
vn 0.244094 0 -0.968504 
vn 0.685039 0.708661 0.173228 
vn 0.685039 0.708661 0.173228 
vn 0.685039 0.708661 0.173228 
vn 0.685039 0.708661 0.173228 
vn 0.685039 -0.708661 0.173228 
vn 0.685039 -0.708661 0.173228 
vn 0.685039 -0.708661 0.173228 
vn 0.685039 -0.708661 0.173228 
vn -0.244094 0 0.968504 
vn -0.244094 0 0.968504 
vn -0.244094 0 0.968504 
vn -0.244094 0 0.968504 
vn -0.685039 -0.708661 -0.173228 
vn -0.685039 -0.708661 -0.173228 
vn -0.685039 -0.708661 -0.173228 
vn -0.685039 -0.708661 -0.173228 
vn -0.685039 0.708661 -0.173228 
vn -0.685039 0.708661 -0.173228 
vn -0.685039 0.708661 -0.173228 
vn -0.685039 0.708661 -0.173228 

vt 4.32161 -4.25256 
vt -3.76865 -4.25256 
vt 4.32161 -4.80207 
vt -3.76865 -4.80207 
vt 0.210227 -4.25256 
vt -3.76865 -4.25256 
vt 0.210227 -12.3428 
vt -3.76865 -12.3428 
vt 0.210227 -4.25256 
vt -3.76865 -4.25256 
vt 0.210227 -4.80207 
vt -3.76865 -4.80207 
vt 4.32161 -4.25256 
vt -3.76865 -4.25256 
vt 4.32161 -4.80207 
vt -3.76865 -4.80207 
vt 0.210227 -4.25256 
vt -3.76865 -4.25256 
vt 0.210227 -12.3428 
vt -3.76865 -12.3428 
vt 0.210227 -4.25256 
vt -3.76865 -4.25256 
vt 0.210227 -4.80207 
vt -3.76865 -4.80207 

usemtl Volcanopart1Mtl

f 8089/8089/8089 8090/8090/8090 8091/8091/8091 
f 8091/8091/8091 8090/8090/8090 8092/8092/8092 
f 8093/8093/8093 8094/8094/8094 8095/8095/8095 
f 8095/8095/8095 8094/8094/8094 8096/8096/8096 
f 8097/8097/8097 8098/8098/8098 8099/8099/8099 
f 8099/8099/8099 8098/8098/8098 8100/8100/8100 
f 8101/8101/8101 8102/8102/8102 8103/8103/8103 
f 8103/8103/8103 8102/8102/8102 8104/8104/8104 
f 8105/8105/8105 8106/8106/8106 8107/8107/8107 
f 8107/8107/8107 8106/8106/8106 8108/8108/8108 
f 8109/8109/8109 8110/8110/8110 8111/8111/8111 
f 8111/8111/8111 8110/8110/8110 8112/8112/8112 

g Volcanopart286

v 36.3649 90.9503 -23.7466 
v 70.6456 50.3 -2.08566 
v 33.3215 87.1129 -26.1317 
v 67.6022 46.4626 -4.47073 
v 52.3203 48.6881 23.8912 
v 70.6456 50.3 -2.08566 
v 18.0396 89.3384 2.23021 
v 36.3649 90.9503 -23.7466 
v 70.6456 50.3 -2.08566 
v 52.3203 48.6881 23.8912 
v 67.6022 46.4626 -4.47073 
v 49.2769 44.8507 21.5061 
v 52.3203 48.6881 23.8912 
v 18.0396 89.3384 2.23021 
v 49.2769 44.8507 21.5061 
v 14.9962 85.501 -0.15486 
v 14.9962 85.501 -0.15486 
v 33.3215 87.1129 -26.1317 
v 49.2769 44.8507 21.5061 
v 67.6022 46.4626 -4.47073 
v 18.0396 89.3384 2.23021 
v 36.3649 90.9503 -23.7466 
v 14.9962 85.501 -0.15486 
v 33.3215 87.1129 -26.1317 

vn 0.574803 0.0472441 -0.818898 
vn 0.574803 0.0472441 -0.818898 
vn 0.574803 0.0472441 -0.818898 
vn 0.574803 0.0472441 -0.818898 
vn 0.559055 0.700787 0.440945 
vn 0.559055 0.700787 0.440945 
vn 0.559055 0.700787 0.440945 
vn 0.559055 0.700787 0.440945 
vn 0.598425 -0.708661 0.377953 
vn 0.598425 -0.708661 0.377953 
vn 0.598425 -0.708661 0.377953 
vn 0.598425 -0.708661 0.377953 
vn -0.574803 -0.0472441 0.818898 
vn -0.574803 -0.0472441 0.818898 
vn -0.574803 -0.0472441 0.818898 
vn -0.574803 -0.0472441 0.818898 
vn -0.559055 -0.700787 -0.440945 
vn -0.559055 -0.700787 -0.440945 
vn -0.559055 -0.700787 -0.440945 
vn -0.559055 -0.700787 -0.440945 
vn -0.598425 0.708661 -0.377953 
vn -0.598425 0.708661 -0.377953 
vn -0.598425 0.708661 -0.377953 
vn -0.598425 0.708661 -0.377953 

vt 5.89597 -3.10901 
vt -1.28127 -3.10901 
vt 5.89597 -3.78996 
vt -1.28127 -3.78996 
vt 2.69761 -3.10901 
vt -1.28127 -3.10901 
vt 2.69761 -10.2862 
vt -1.28127 -10.2862 
vt 2.69761 -3.10901 
vt -1.28127 -3.10901 
vt 2.69761 -3.78996 
vt -1.28127 -3.78996 
vt 5.89597 -3.10901 
vt -1.28127 -3.10901 
vt 5.89597 -3.78996 
vt -1.28127 -3.78996 
vt 2.69761 -3.10901 
vt -1.28127 -3.10901 
vt 2.69761 -10.2862 
vt -1.28127 -10.2862 
vt 2.69761 -3.10901 
vt -1.28127 -3.10901 
vt 2.69761 -3.78996 
vt -1.28127 -3.78996 

usemtl Volcanopart1Mtl

f 8113/8113/8113 8114/8114/8114 8115/8115/8115 
f 8115/8115/8115 8114/8114/8114 8116/8116/8116 
f 8117/8117/8117 8118/8118/8118 8119/8119/8119 
f 8119/8119/8119 8118/8118/8118 8120/8120/8120 
f 8121/8121/8121 8122/8122/8122 8123/8123/8123 
f 8123/8123/8123 8122/8122/8122 8124/8124/8124 
f 8125/8125/8125 8126/8126/8126 8127/8127/8127 
f 8127/8127/8127 8126/8126/8126 8128/8128/8128 
f 8129/8129/8129 8130/8130/8130 8131/8131/8131 
f 8131/8131/8131 8130/8130/8130 8132/8132/8132 
f 8133/8133/8133 8134/8134/8134 8135/8135/8135 
f 8135/8135/8135 8134/8134/8134 8136/8136/8136 

g Volcanopart287

v 34.1879 92.5709 -14.8808 
v 63.2731 46.8617 20.1707 
v 31.008 87.4674 -18.8975 
v 60.0932 41.7582 16.154 
v 38.5458 46.4956 40.2116 
v 63.2731 46.8617 20.1707 
v 9.46058 92.2048 5.16013 
v 34.1879 92.5709 -14.8808 
v 63.2731 46.8617 20.1707 
v 38.5458 46.4956 40.2116 
v 60.0932 41.7582 16.154 
v 35.3659 41.3921 36.1949 
v 38.5458 46.4956 40.2116 
v 9.46058 92.2048 5.16013 
v 35.3659 41.3921 36.1949 
v 6.28071 87.1013 1.14346 
v 6.28071 87.1013 1.14346 
v 31.008 87.4674 -18.8975 
v 35.3659 41.3921 36.1949 
v 60.0932 41.7582 16.154 
v 9.46058 92.2048 5.16013 
v 34.1879 92.5709 -14.8808 
v 6.28071 87.1013 1.14346 
v 31.008 87.4674 -18.8975 

vn 0.779528 0.00787402 -0.629921 
vn 0.779528 0.00787402 -0.629921 
vn 0.779528 0.00787402 -0.629921 
vn 0.779528 0.00787402 -0.629921 
vn 0.440945 0.708661 0.559055 
vn 0.440945 0.708661 0.559055 
vn 0.440945 0.708661 0.559055 
vn 0.440945 0.708661 0.559055 
vn 0.448819 -0.708661 0.543307 
vn 0.448819 -0.708661 0.543307 
vn 0.448819 -0.708661 0.543307 
vn 0.448819 -0.708661 0.543307 
vn -0.779528 -0.00787402 0.629921 
vn -0.779528 -0.00787402 0.629921 
vn -0.779528 -0.00787402 0.629921 
vn -0.779528 -0.00787402 0.629921 
vn -0.440945 -0.708661 -0.559055 
vn -0.440945 -0.708661 -0.559055 
vn -0.440945 -0.708661 -0.559055 
vn -0.440945 -0.708661 -0.559055 
vn -0.448819 0.708661 -0.543307 
vn -0.448819 0.708661 -0.543307 
vn -0.448819 0.708661 -0.543307 
vn -0.448819 0.708661 -0.543307 

vt 12.3045 -3.59315 
vt 4.23844 -3.59315 
vt 12.3045 -4.49706 
vt 4.23844 -4.49706 
vt 8.21732 -3.59315 
vt 4.23844 -3.59315 
vt 8.21732 -11.6592 
vt 4.23844 -11.6592 
vt 8.21732 -3.59315 
vt 4.23844 -3.59315 
vt 8.21732 -4.49706 
vt 4.23844 -4.49706 
vt 12.3045 -3.59315 
vt 4.23844 -3.59315 
vt 12.3045 -4.49706 
vt 4.23844 -4.49706 
vt 8.21732 -3.59315 
vt 4.23844 -3.59315 
vt 8.21732 -11.6592 
vt 4.23844 -11.6592 
vt 8.21732 -3.59315 
vt 4.23844 -3.59315 
vt 8.21732 -4.49706 
vt 4.23844 -4.49706 

usemtl Volcanopart1Mtl

f 8137/8137/8137 8138/8138/8138 8139/8139/8139 
f 8139/8139/8139 8138/8138/8138 8140/8140/8140 
f 8141/8141/8141 8142/8142/8142 8143/8143/8143 
f 8143/8143/8143 8142/8142/8142 8144/8144/8144 
f 8145/8145/8145 8146/8146/8146 8147/8147/8147 
f 8147/8147/8147 8146/8146/8146 8148/8148/8148 
f 8149/8149/8149 8150/8150/8150 8151/8151/8151 
f 8151/8151/8151 8150/8150/8150 8152/8152/8152 
f 8153/8153/8153 8154/8154/8154 8155/8155/8155 
f 8155/8155/8155 8154/8154/8154 8156/8156/8156 
f 8157/8157/8157 8158/8158/8158 8159/8159/8159 
f 8159/8159/8159 8158/8158/8158 8160/8160/8160 

g Volcanopart288

v 29.3797 94.1984 -7.53543 
v 47.5366 44.7713 38.2079 
v 27.6121 89.6289 -11.7713 
v 45.7691 40.2019 33.9721 
v 18.0563 45.0492 50.2098 
v 47.5366 44.7713 38.2079 
v -0.100657 94.4763 4.46647 
v 29.3797 94.1984 -7.53543 
v 47.5366 44.7713 38.2079 
v 18.0563 45.0492 50.2098 
v 45.7691 40.2019 33.9721 
v 16.2887 40.4797 45.974 
v 18.0563 45.0492 50.2098 
v -0.100657 94.4763 4.46647 
v 16.2887 40.4797 45.974 
v -1.8682 89.9068 0.230635 
v -1.8682 89.9068 0.230635 
v 27.6121 89.6289 -11.7713 
v 16.2887 40.4797 45.974 
v 45.7691 40.2019 33.9721 
v -0.100657 94.4763 4.46647 
v 29.3797 94.1984 -7.53543 
v -1.8682 89.9068 0.230635 
v 27.6121 89.6289 -11.7713 

vn 0.929134 -0.00787402 -0.377953 
vn 0.929134 -0.00787402 -0.377953 
vn 0.929134 -0.00787402 -0.377953 
vn 0.929134 -0.00787402 -0.377953 
vn 0.275591 0.708661 0.653543 
vn 0.275591 0.708661 0.653543 
vn 0.275591 0.708661 0.653543 
vn 0.275591 0.708661 0.653543 
vn 0.259843 -0.708661 0.653543 
vn 0.259843 -0.708661 0.653543 
vn 0.259843 -0.708661 0.653543 
vn 0.259843 -0.708661 0.653543 
vn -0.929134 0.00787402 0.377953 
vn -0.929134 0.00787402 0.377953 
vn -0.929134 0.00787402 0.377953 
vn -0.929134 0.00787402 0.377953 
vn -0.275591 -0.708661 -0.653543 
vn -0.275591 -0.708661 -0.653543 
vn -0.275591 -0.708661 -0.653543 
vn -0.275591 -0.708661 -0.653543 
vn -0.259843 0.708661 -0.653543 
vn -0.259843 0.708661 -0.653543 
vn -0.259843 0.708661 -0.653543 
vn -0.259843 0.708661 -0.653543 

vt 11.8873 0.310831 
vt 3.16843 0.310831 
vt 11.8873 -0.498743 
vt 3.16843 -0.498743 
vt 7.1473 0.310831 
vt 3.16843 0.310831 
vt 7.1473 -8.40801 
vt 3.16843 -8.40801 
vt 7.1473 0.310831 
vt 3.16843 0.310831 
vt 7.1473 -0.498743 
vt 3.16843 -0.498743 
vt 11.8873 0.310831 
vt 3.16843 0.310831 
vt 11.8873 -0.498743 
vt 3.16843 -0.498743 
vt 7.1473 0.310831 
vt 3.16843 0.310831 
vt 7.1473 -8.40801 
vt 3.16843 -8.40801 
vt 7.1473 0.310831 
vt 3.16843 0.310831 
vt 7.1473 -0.498743 
vt 3.16843 -0.498743 

usemtl Volcanopart1Mtl

f 8161/8161/8161 8162/8162/8162 8163/8163/8163 
f 8163/8163/8163 8162/8162/8162 8164/8164/8164 
f 8165/8165/8165 8166/8166/8166 8167/8167/8167 
f 8167/8167/8167 8166/8166/8166 8168/8168/8168 
f 8169/8169/8169 8170/8170/8170 8171/8171/8171 
f 8171/8171/8171 8170/8170/8170 8172/8172/8172 
f 8173/8173/8173 8174/8174/8174 8175/8175/8175 
f 8175/8175/8175 8174/8174/8174 8176/8176/8176 
f 8177/8177/8177 8178/8178/8178 8179/8179/8179 
f 8179/8179/8179 8178/8178/8178 8180/8180/8180 
f 8181/8181/8181 8182/8182/8182 8183/8183/8183 
f 8183/8183/8183 8182/8182/8182 8184/8184/8184 

g Volcanopart289

v 22.8489 93.3993 -0.910583 
v 25.8278 45.8546 46.3211 
v 22.5418 89.3704 -4.94674 
v 25.5206 41.8257 42.2849 
v -5.92568 46.061 48.5315 
v 25.8278 45.8546 46.3211 
v -8.90456 93.6057 1.29985 
v 22.8489 93.3993 -0.910583 
v 25.8278 45.8546 46.3211 
v -5.92568 46.061 48.5315 
v 25.5206 41.8257 42.2849 
v -6.23283 42.0321 44.4954 
v -5.92568 46.061 48.5315 
v -8.90456 93.6057 1.29985 
v -6.23283 42.0321 44.4954 
v -9.21171 89.5768 -2.7363 
v -9.21171 89.5768 -2.7363 
v 22.5418 89.3704 -4.94674 
v -6.23283 42.0321 44.4954 
v 25.5206 41.8257 42.2849 
v -8.90456 93.6057 1.29985 
v 22.8489 93.3993 -0.910583 
v -9.21171 89.5768 -2.7363 
v 22.5418 89.3704 -4.94674 

vn 1 -0.00787402 -0.0708661 
vn 1 -0.00787402 -0.0708661 
vn 1 -0.00787402 -0.0708661 
vn 1 -0.00787402 -0.0708661 
vn 0.0551181 0.708661 0.708661 
vn 0.0551181 0.708661 0.708661 
vn 0.0551181 0.708661 0.708661 
vn 0.0551181 0.708661 0.708661 
vn 0.0472441 -0.708661 0.700787 
vn 0.0472441 -0.708661 0.700787 
vn 0.0472441 -0.708661 0.700787 
vn 0.0472441 -0.708661 0.700787 
vn -1 0.00787402 0.0708661 
vn -1 0.00787402 0.0708661 
vn -1 0.00787402 0.0708661 
vn -1 0.00787402 0.0708661 
vn -0.0551181 -0.708661 -0.708661 
vn -0.0551181 -0.708661 -0.708661 
vn -0.0551181 -0.708661 -0.708661 
vn -0.0551181 -0.708661 -0.708661 
vn -0.0472441 0.708661 -0.700787 
vn -0.0472441 0.708661 -0.700787 
vn -0.0472441 0.708661 -0.700787 
vn -0.0472441 0.708661 -0.700787 

vt 4.63868 -2.8253 
vt -3.74676 -2.8253 
vt 4.63868 -3.53918 
vt -3.74676 -3.53918 
vt 0.232113 -2.8253 
vt -3.74676 -2.8253 
vt 0.232113 -11.2107 
vt -3.74676 -11.2107 
vt 0.232113 -2.8253 
vt -3.74676 -2.8253 
vt 0.232113 -3.53918 
vt -3.74676 -3.53918 
vt 4.63868 -2.8253 
vt -3.74676 -2.8253 
vt 4.63868 -3.53918 
vt -3.74676 -3.53918 
vt 0.232113 -2.8253 
vt -3.74676 -2.8253 
vt 0.232113 -11.2107 
vt -3.74676 -11.2107 
vt 0.232113 -2.8253 
vt -3.74676 -2.8253 
vt 0.232113 -3.53918 
vt -3.74676 -3.53918 

usemtl Volcanopart1Mtl

f 8185/8185/8185 8186/8186/8186 8187/8187/8187 
f 8187/8187/8187 8186/8186/8186 8188/8188/8188 
f 8189/8189/8189 8190/8190/8190 8191/8191/8191 
f 8191/8191/8191 8190/8190/8190 8192/8192/8192 
f 8193/8193/8193 8194/8194/8194 8195/8195/8195 
f 8195/8195/8195 8194/8194/8194 8196/8196/8196 
f 8197/8197/8197 8198/8198/8198 8199/8199/8199 
f 8199/8199/8199 8198/8198/8198 8200/8200/8200 
f 8201/8201/8201 8202/8202/8202 8203/8203/8203 
f 8203/8203/8203 8202/8202/8202 8204/8204/8204 
f 8205/8205/8205 8206/8206/8206 8207/8207/8207 
f 8207/8207/8207 8206/8206/8206 8208/8208/8208 

g Volcanopart290

v 13.7991 89.6394 5.38127 
v 4.33048 51.4794 42.1715 
v 15.1471 85.762 1.70651 
v 5.67848 47.6021 38.4968 
v -26.0213 49.8916 32.7131 
v 4.33048 51.4794 42.1715 
v -16.5526 88.0516 -4.07721 
v 13.7991 89.6394 5.38127 
v 4.33048 51.4794 42.1715 
v -26.0213 49.8916 32.7131 
v 5.67848 47.6021 38.4968 
v -24.6733 46.0143 29.0383 
v -26.0213 49.8916 32.7131 
v -16.5526 88.0516 -4.07721 
v -24.6733 46.0143 29.0383 
v -15.2046 84.1742 -7.75197 
v -15.2046 84.1742 -7.75197 
v 15.1471 85.762 1.70651 
v -24.6733 46.0143 29.0383 
v 5.67848 47.6021 38.4968 
v -16.5526 88.0516 -4.07721 
v 13.7991 89.6394 5.38127 
v -15.2046 84.1742 -7.75197 
v 15.1471 85.762 1.70651 

vn 0.952756 0.0472441 0.299213 
vn 0.952756 0.0472441 0.299213 
vn 0.952756 0.0472441 0.299213 
vn 0.952756 0.0472441 0.299213 
vn -0.244094 0.700787 0.669291 
vn -0.244094 0.700787 0.669291 
vn -0.244094 0.700787 0.669291 
vn -0.244094 0.700787 0.669291 
vn -0.173228 -0.708661 0.685039 
vn -0.173228 -0.708661 0.685039 
vn -0.173228 -0.708661 0.685039 
vn -0.173228 -0.708661 0.685039 
vn -0.952756 -0.0472441 -0.299213 
vn -0.952756 -0.0472441 -0.299213 
vn -0.952756 -0.0472441 -0.299213 
vn -0.952756 -0.0472441 -0.299213 
vn 0.244094 -0.700787 -0.669291 
vn 0.244094 -0.700787 -0.669291 
vn 0.244094 -0.700787 -0.669291 
vn 0.244094 -0.700787 -0.669291 
vn 0.173228 0.708661 -0.685039 
vn 0.173228 0.708661 -0.685039 
vn 0.173228 0.708661 -0.685039 
vn 0.173228 0.708661 -0.685039 

vt 5.22072 6.14575 
vt -1.51 6.14575 
vt 5.22072 5.45706 
vt -1.51 5.45706 
vt 2.46888 6.14575 
vt -1.51 6.14575 
vt 2.46888 -0.584964 
vt -1.51 -0.584964 
vt 2.46888 6.14575 
vt -1.51 6.14575 
vt 2.46888 5.45706 
vt -1.51 5.45706 
vt 5.22072 6.14575 
vt -1.51 6.14575 
vt 5.22072 5.45706 
vt -1.51 5.45706 
vt 2.46888 6.14575 
vt -1.51 6.14575 
vt 2.46888 -0.584964 
vt -1.51 -0.584964 
vt 2.46888 6.14575 
vt -1.51 6.14575 
vt 2.46888 5.45706 
vt -1.51 5.45706 

usemtl Volcanopart1Mtl

f 8209/8209/8209 8210/8210/8210 8211/8211/8211 
f 8211/8211/8211 8210/8210/8210 8212/8212/8212 
f 8213/8213/8213 8214/8214/8214 8215/8215/8215 
f 8215/8215/8215 8214/8214/8214 8216/8216/8216 
f 8217/8217/8217 8218/8218/8218 8219/8219/8219 
f 8219/8219/8219 8218/8218/8218 8220/8220/8220 
f 8221/8221/8221 8222/8222/8222 8223/8223/8223 
f 8223/8223/8223 8222/8222/8222 8224/8224/8224 
f 8225/8225/8225 8226/8226/8226 8227/8227/8227 
f 8227/8227/8227 8226/8226/8226 8228/8228/8228 
f 8229/8229/8229 8230/8230/8230 8231/8231/8231 
f 8231/8231/8231 8230/8230/8230 8232/8232/8232 

